leak_rate,spectral_radius,input_scaling,start,origin,success,first_step_m,detour_m,hold_error_m
0.5,0.75,0.07,0,"demo_00 -15,-15 deg",True,0.04035476519879536,0.0,0.0053387241506943775
0.5,0.75,0.07,1,"demo_00 -15,-10 deg",True,0.029540976088065548,0.0,0.005419966466462251
0.5,0.75,0.07,2,"demo_00 -15,-5 deg",True,0.019930349608147015,0.0,0.005430340960995217
0.5,0.75,0.07,3,"demo_00 -15,+0 deg",False,0.011512592287294812,0.6595432677485953,nan
0.5,0.75,0.07,4,"demo_00 -15,+5 deg",False,0.004578370612547543,0.6771585150006671,nan
0.5,0.75,0.07,5,"demo_00 -15,+10 deg",False,0.003806592661256369,0.665760742480554,nan
0.5,0.75,0.07,6,"demo_00 -15,+15 deg",False,0.008534139004130631,0.6294449238850552,nan
0.5,0.75,0.07,7,"demo_00 -10,-15 deg",True,0.0348260671570318,0.0,0.005335313591631796
0.5,0.75,0.07,8,"demo_00 -10,-10 deg",True,0.024568513328965872,0.0,0.0054193461874169025
0.5,0.75,0.07,9,"demo_00 -10,-5 deg",True,0.015422501262603831,0.0,0.005430289467639409
0.5,0.75,0.07,10,"demo_00 -10,+0 deg",False,0.007382793355426001,0.7391684780154184,nan
0.5,0.75,0.07,11,"demo_00 -10,+5 deg",False,0.0016016214099653363,0.7470473809664782,nan
0.5,0.75,0.07,12,"demo_00 -10,+10 deg",False,0.0062475280832084545,0.7166535720554249,nan
0.5,0.75,0.07,13,"demo_00 -10,+15 deg",False,0.011276726401677612,0.6627295472859588,nan
0.5,0.75,0.07,14,"demo_00 -5,-15 deg",True,0.02940674702510563,0.0,0.005337362794360173
0.5,0.75,0.07,15,"demo_00 -5,-10 deg",True,0.019685880577178676,0.0,0.005419460245753086
0.5,0.75,0.07,16,"demo_00 -5,-5 deg",True,0.010986215081322201,0.0,0.005431251883730483
0.5,0.75,0.07,17,"demo_00 -5,+0 deg",True,0.003292104540081398,0.0,0.00543089779004193
0.5,0.75,0.07,18,"demo_00 -5,+5 deg",False,0.0035858753135936264,0.80359869614905,nan
0.5,0.75,0.07,19,"demo_00 -5,+10 deg",False,0.009386117458647507,0.7434431764803663,nan
0.5,0.75,0.07,20,"demo_00 -5,+15 deg",False,0.014241859674895024,0.6756227101257724,nan
0.5,0.75,0.07,21,"demo_00 +0,-15 deg",True,0.024046489540808805,0.0,0.005347873390930335
0.5,0.75,0.07,22,"demo_00 +0,-10 deg",True,0.014849520079599023,0.0,0.005419573042267411
0.5,0.75,0.07,23,"demo_00 +0,-5 deg",True,0.006597193020814058,0.0,0.005428167871330266
0.5,0.75,0.07,24,demo_00,True,0.0008279861116611438,0.0071344825966651,0.00542798553114364
0.5,0.75,0.07,25,"demo_00 +0,+5 deg",False,0.007215545770642681,0.8024167531369978,nan
0.5,0.75,0.07,26,"demo_00 +0,+10 deg",False,0.012755949572578544,0.73433548310875,nan
0.5,0.75,0.07,27,"demo_00 +0,+15 deg",False,0.01736088731206747,0.666109240829631,nan
0.5,0.75,0.07,28,"demo_00 +5,-15 deg",True,0.018695580774019588,0.0,0.0053629385342844746
0.5,0.75,0.07,29,"demo_00 +5,-10 deg",True,0.010026591153528126,0.0,0.0054233191434458535
0.5,0.75,0.07,30,"demo_00 +5,-5 deg",True,0.0024018336883238752,0.0,0.005427295698698774
0.5,0.75,0.07,31,"demo_00 +5,+0 deg",True,0.004962828096210456,0.0,0.005428078659380434
0.5,0.75,0.07,32,"demo_00 +5,+5 deg",False,0.011028823741490851,0.7538033357692706,nan
0.5,0.75,0.07,33,"demo_00 +5,+10 deg",False,0.016277348032367613,0.6979161694917528,nan
0.5,0.75,0.07,34,"demo_00 +5,+15 deg",False,0.020623900433985272,0.6369192980910832,nan
0.5,0.75,0.07,35,"demo_00 +10,-15 deg",True,0.01330826480210295,0.0,0.005384058803315087
0.5,0.75,0.07,36,"demo_00 +10,-10 deg",True,0.005250313272893408,0.0,0.005425144029135934
0.5,0.75,0.07,37,"demo_00 +10,-5 deg",True,0.002929515291887303,0.0,0.005431120427674714
0.5,0.75,0.07,38,"demo_00 +10,+0 deg",True,0.009205340638084659,0.0,0.005430183578319755
0.5,0.75,0.07,39,"demo_00 +10,+5 deg",False,0.014977072250348281,0.7025429350369433,nan
0.5,0.75,0.07,40,"demo_00 +10,+10 deg",False,0.019949971185383986,0.6438228738106837,nan
0.5,0.75,0.07,41,"demo_00 +10,+15 deg",False,0.02404360311599485,0.5947507137322848,nan
0.5,0.75,0.07,42,"demo_00 +15,-15 deg",True,0.007859960734290445,0.0,0.00540928465800606
0.5,0.75,0.07,43,"demo_00 +15,-10 deg",True,0.0018991125212421943,0.0,0.00543314748079544
0.5,0.75,0.07,44,"demo_00 +15,-5 deg",True,0.007409760266362511,0.0,0.005433338266490739
0.5,0.75,0.07,45,"demo_00 +15,+0 deg",True,0.013588684675064109,0.0,0.0054285893442491085
0.5,0.75,0.07,46,"demo_00 +15,+5 deg",False,0.019084355747167468,0.6521242902973944,nan
0.5,0.75,0.07,47,"demo_00 +15,+10 deg",False,0.02379591583870265,0.5920098387066164,nan
0.5,0.75,0.07,48,"demo_00 +15,+15 deg",False,0.02764259654178575,0.5430943776117996,nan
0.5,0.75,0.1,0,"demo_00 -15,-15 deg",True,0.02962685192162072,0.0,0.005256146342655732
0.5,0.75,0.1,1,"demo_00 -15,-10 deg",True,0.02124077571370918,0.0,0.005718474893040296
0.5,0.75,0.1,2,"demo_00 -15,-5 deg",True,0.014202319923512402,0.0,0.005861012862123761
0.5,0.75,0.1,3,"demo_00 -15,+0 deg",True,0.008307039587181129,0.0,0.005883494073927579
0.5,0.75,0.1,4,"demo_00 -15,+5 deg",False,0.0034681179530828424,0.3120953499405488,nan
0.5,0.75,0.1,5,"demo_00 -15,+10 deg",False,0.0017600839663624497,0.30069757583151946,nan
0.5,0.75,0.1,6,"demo_00 -15,+15 deg",False,0.004804621699745339,0.2643817418680723,nan
0.5,0.75,0.1,7,"demo_00 -10,-15 deg",True,0.025148449757202315,0.0,0.005310694165861633
0.5,0.75,0.1,8,"demo_00 -10,-10 deg",True,0.0173655571596775,0.0,0.0057455620637734935
0.5,0.75,0.1,9,"demo_00 -10,-5 deg",True,0.0107918444928925,0.0,0.005866618490635661
0.5,0.75,0.1,10,"demo_00 -10,+0 deg",True,0.005238652370331396,0.0,0.005881973085708655
0.5,0.75,0.1,11,"demo_00 -10,+5 deg",False,0.000991423149780795,0.38198421475847255,nan
0.5,0.75,0.1,12,"demo_00 -10,+10 deg",False,0.003794506291201977,0.35159040155940424,nan
0.5,0.75,0.1,13,"demo_00 -10,+15 deg",False,0.007177399594551306,0.29766635297898625,nan
0.5,0.75,0.1,14,"demo_00 -5,-15 deg",True,0.020971593522541136,0.0,0.005381167275613161
0.5,0.75,0.1,15,"demo_00 -5,-10 deg",True,0.013739974733489615,0.0,0.005778199667105267
0.5,0.75,0.1,16,"demo_00 -5,-5 deg",True,0.007578702645556147,0.0,0.0058699225526795355
0.5,0.75,0.1,17,"demo_00 -5,+0 deg",True,0.0023070838119843475,0.0,0.005882528640651886
0.5,0.75,0.1,18,"demo_00 -5,+5 deg",False,0.0023105313545265533,0.43853552916511573,nan
0.5,0.75,0.1,19,"demo_00 -5,+10 deg",False,0.0062374216655018385,0.3783800030302872,nan
0.5,0.75,0.1,20,"demo_00 -5,+15 deg",False,0.009598002791123553,0.310622042555704,nan
0.5,0.75,0.1,21,"demo_00 +0,-15 deg",True,0.017015187969389455,0.0,0.005471949086982694
0.5,0.75,0.1,22,"demo_00 +0,-10 deg",True,0.010289865061982786,0.0,0.005813554042387607
0.5,0.75,0.1,23,"demo_00 +0,-5 deg",True,0.004505184474771526,0.0,0.005878155492785934
0.5,0.75,0.1,24,demo_00,True,0.0005784141869032937,0.007208398511666286,0.0058834338949539065
0.5,0.75,0.1,25,"demo_00 +0,+5 deg",False,0.004928848568835604,0.43735358566689,nan
0.5,0.75,0.1,26,"demo_00 +0,+10 deg",False,0.00876997239163002,0.3692723071705861,nan
0.5,0.75,0.1,27,"demo_00 +0,+15 deg",False,0.012081158213478682,0.30180178048672407,nan
0.5,0.75,0.1,28,"demo_00 +5,-15 deg",True,0.013196772040515066,0.0,0.005580035150918018
0.5,0.75,0.1,29,"demo_00 +5,-10 deg",True,0.006948193663298627,0.0,0.005844635084832849
0.5,0.75,0.1,30,"demo_00 +5,-5 deg",True,0.0016422579613127916,3.3335170107525944e-05,0.005881304869667259
0.5,0.75,0.1,31,"demo_00 +5,+0 deg",True,0.0034396952521851434,0.0,0.0058837483283818845
0.5,0.75,0.1,32,"demo_00 +5,+5 deg",False,0.007646600505974606,0.38874016828558483,nan
0.5,0.75,0.1,33,"demo_00 +5,+10 deg",False,0.011400059822643442,0.332852991988564,nan
0.5,0.75,0.1,34,"demo_00 +5,+15 deg",False,0.014669154262402957,0.274003452624928,nan
0.5,0.75,0.1,35,"demo_00 +10,-15 deg",True,0.009435443007555581,0.0,0.005694550344169535
0.5,0.75,0.1,36,"demo_00 +10,-10 deg",True,0.0036992742982327256,0.0,0.005871038034945491
0.5,0.75,0.1,37,"demo_00 +10,-5 deg",True,0.002054418966942939,0.0,0.005886771609202593
0.5,0.75,0.1,38,"demo_00 +10,+0 deg",True,0.006390069083754302,0.0,0.005882874897635688
0.5,0.75,0.1,39,"demo_00 +10,+5 deg",False,0.01048653351372733,0.3374797675949569,nan
0.5,0.75,0.1,40,"demo_00 +10,+10 deg",False,0.014175007061867712,0.2787596955666739,nan
0.5,0.75,0.1,41,"demo_00 +10,+15 deg",False,0.017413089222262285,0.23356130684419096,nan
0.5,0.75,0.1,42,"demo_00 +15,-15 deg",True,0.0056664834904944904,0.0,0.0058018044221099085
0.5,0.75,0.1,43,"demo_00 +15,-10 deg",True,0.001447516539826951,0.0,0.005890261997194972
0.5,0.75,0.1,44,"demo_00 +15,-5 deg",True,0.005141631320278802,0.0,0.00588878564187911
0.5,0.75,0.1,45,"demo_00 +15,+0 deg",True,0.009493360047904329,0.0,0.005880834841019285
0.5,0.75,0.1,46,"demo_00 +15,+5 deg",False,0.01350877217461536,0.28706112307409937,nan
0.5,0.75,0.1,47,"demo_00 +15,+10 deg",False,0.017151862252568865,0.2269466605249662,nan
0.5,0.75,0.1,48,"demo_00 +15,+15 deg",False,0.02036790509133517,0.18363068631124163,nan
0.5,0.75,0.15,0,"demo_00 -15,-15 deg",True,0.024320485225772917,0.0,0.005386390386167648
0.5,0.75,0.15,1,"demo_00 -15,-10 deg",True,0.01665049868127074,0.0,0.0058146359407378004
0.5,0.75,0.15,2,"demo_00 -15,-5 deg",True,0.010804825854397628,0.0,0.006009736458469447
0.5,0.75,0.15,3,"demo_00 -15,+0 deg",True,0.006322388991922578,0.0,0.0060447869145141865
0.5,0.75,0.15,4,"demo_00 -15,+5 deg",False,0.002819658003754988,0.0930575045505817,nan
0.5,0.75,0.15,5,"demo_00 -15,+10 deg",False,0.00046250280177055115,0.0816597375478949,nan
0.5,0.75,0.15,6,"demo_00 -15,+15 deg",False,0.0025267412895149835,0.060659950798668455,nan
0.5,0.75,0.15,7,"demo_00 -10,-15 deg",True,0.02015379878135482,0.0,0.005447516188632135
0.5,0.75,0.15,8,"demo_00 -10,-10 deg",True,0.013271109444723423,0.0,0.005869958431138988
0.5,0.75,0.15,9,"demo_00 -10,-5 deg",True,0.008012197940691645,0.0,0.00602335391782951
0.5,0.75,0.15,10,"demo_00 -10,+0 deg",True,0.003925761590599139,0.0,0.006045854356084156
0.5,0.75,0.15,11,"demo_00 -10,+5 deg",False,0.0007297768798386272,0.1629463729467823,nan
0.5,0.75,0.15,12,"demo_00 -10,+10 deg",False,0.002227916342528774,0.13255256378585223,nan
0.5,0.75,0.15,13,"demo_00 -10,+15 deg",False,0.004632684369553835,0.1034759680236306,nan
0.5,0.75,0.15,14,"demo_00 -5,-15 deg",True,0.016487475613921915,0.0,0.0055393618328222404
0.5,0.75,0.15,15,"demo_00 -5,-10 deg",True,0.010289190826636697,0.0,0.005928710193249858
0.5,0.75,0.15,16,"demo_00 -5,-5 deg",True,0.005511601819152677,0.0,0.006035458101983446
0.5,0.75,0.15,17,"demo_00 -5,+0 deg",True,0.0017162739457316036,0.0,0.006047855557716521
0.5,0.75,0.15,18,"demo_00 -5,+5 deg",False,0.0014777462475647593,0.21949768933172714,nan
0.5,0.75,0.15,19,"demo_00 -5,+10 deg",False,0.004251685219590984,0.16353096166158124,nan
0.5,0.75,0.15,20,"demo_00 -5,+15 deg",False,0.006762046017247837,0.12517890605337556,nan
0.5,0.75,0.15,21,"demo_00 +0,-15 deg",True,0.013199067504045547,0.0,0.005650284654009713
0.5,0.75,0.15,22,"demo_00 +0,-10 deg",True,0.00758964570827021,0.0,0.005978765595979584
0.5,0.75,0.15,23,"demo_00 +0,-5 deg",True,0.0032029632393840842,0.0,0.006042170983389144
0.5,0.75,0.15,24,demo_00,True,0.00042711091164660784,0.006423316429289729,0.006048724442019044
0.5,0.75,0.15,25,"demo_00 +0,+5 deg",False,0.003508089230655279,0.21831574699973394,nan
0.5,0.75,0.15,26,"demo_00 +0,+10 deg",False,0.006341106606278212,0.16250278267715051,nan
0.5,0.75,0.15,27,"demo_00 +0,+15 deg",False,0.008986698574498362,0.12357530571670788,nan
0.5,0.75,0.15,28,"demo_00 +5,-15 deg",True,0.01016356714965051,0.0,0.005773820004432083
0.5,0.75,0.15,29,"demo_00 +5,-10 deg",True,0.005062767677017429,0.0,0.006013855231836911
0.5,0.75,0.15,30,"demo_00 +5,-5 deg",True,0.0010897803541349204,0.00012001228771152221,0.006048877682797562
0.5,0.75,0.15,31,"demo_00 +5,+0 deg",True,0.0025651767806122673,0.0,0.006045736328076552
0.5,0.75,0.15,32,"demo_00 +5,+5 deg",False,0.005643698989064881,0.1697023303431947,nan
0.5,0.75,0.15,33,"demo_00 +5,+10 deg",False,0.008569717494951357,0.13400255690217613,nan
0.5,0.75,0.15,34,"demo_00 +5,+15 deg",False,0.01138314534886154,0.1011381851094755,nan
0.5,0.75,0.15,35,"demo_00 +10,-15 deg",True,0.007255188061301974,0.0,0.005893832561136499
0.5,0.75,0.15,36,"demo_00 +10,-10 deg",True,0.0026419899277253236,0.0,0.006037730693144685
0.5,0.75,0.15,37,"demo_00 +10,-5 deg",True,0.0016300854000928673,0.0,0.006051733350803425
0.5,0.75,0.15,38,"demo_00 +10,+0 deg",False,0.004838158780740986,0.1811351886317258,nan
0.5,0.75,0.15,39,"demo_00 +10,+5 deg",False,0.007965212482712467,0.11909270576238448,nan
0.5,0.75,0.15,40,"demo_00 +10,+10 deg",False,0.011024294247701108,0.08663358396997278,nan
0.5,0.75,0.15,41,"demo_00 +10,+15 deg",False,0.014034720770372381,0.06441172574503878,nan
0.5,0.75,0.15,42,"demo_00 +15,-15 deg",True,0.004359996889144523,0.0,0.005986796136363678
0.5,0.75,0.15,43,"demo_00 +15,-10 deg",True,0.0011190005860702884,0.0,0.006054219805748679
0.5,0.75,0.15,44,"demo_00 +15,-5 deg",True,0.004043584632868886,0.0,0.006050526285886097
0.5,0.75,0.15,45,"demo_00 +15,+0 deg",False,0.00734555060446861,0.1308347400187042,nan
0.5,0.75,0.15,46,"demo_00 +15,+5 deg",False,0.010570713118458454,0.0714935465142583,nan
0.5,0.75,0.15,47,"demo_00 +15,+10 deg",False,0.013798773012463994,0.039951354777972625,nan
0.5,0.75,0.15,48,"demo_00 +15,+15 deg",False,0.017031720699232658,0.016785779197658057,nan
0.5,0.75,0.2,0,"demo_00 -15,-15 deg",True,0.02292209015965106,0.0,0.005624172348915312
0.5,0.75,0.2,1,"demo_00 -15,-10 deg",True,0.014979449890858344,0.0,0.0059253256532396945
0.5,0.75,0.2,2,"demo_00 -15,-5 deg",True,0.009254921502606005,0.0,0.006026128001224566
0.5,0.75,0.2,3,"demo_00 -15,+0 deg",True,0.005147081626899397,0.0,0.00603662094341524
0.5,0.75,0.2,4,"demo_00 -15,+5 deg",False,0.002169050330578036,0.012504892008345037,nan
0.5,0.75,0.2,5,"demo_00 -15,+10 deg",False,7.637462037702349e-05,0.002066222060437467,nan
0.5,0.75,0.2,6,"demo_00 -15,+15 deg",False,0.00205665632580782,0.005508094482399889,nan
0.5,0.75,0.2,7,"demo_00 -10,-15 deg",True,0.018755754238672546,0.0,0.0056554418082570635
0.5,0.75,0.2,8,"demo_00 -10,-10 deg",True,0.011807922236005968,0.0,0.005953418502160874
0.5,0.75,0.2,9,"demo_00 -10,-5 deg",True,0.006828597832041853,0.0,0.006028936475007858
0.5,0.75,0.2,10,"demo_00 -10,+0 deg",True,0.0031998866874554735,0.0,0.006036652155034095
0.5,0.75,0.2,11,"demo_00 -10,+5 deg",False,0.0004906252324949458,0.0823937883423064,nan
0.5,0.75,0.2,12,"demo_00 -10,+10 deg",False,0.0017900791325285526,0.06227813793342818,nan
0.5,0.75,0.2,13,"demo_00 -10,+15 deg",False,0.0037609104009776236,0.03733148333860531,nan
0.5,0.75,0.2,14,"demo_00 -5,-15 deg",True,0.015208076772191144,0.0,0.005720663995620974
0.5,0.75,0.2,15,"demo_00 -5,-10 deg",True,0.009097375255230898,0.0,0.005986339030066661
0.5,0.75,0.2,16,"demo_00 -5,-5 deg",True,0.004708815534461882,0.0,0.006033534835228672
0.5,0.75,0.2,17,"demo_00 -5,+0 deg",True,0.0014181966630254842,0.0,0.006038824042424671
0.5,0.75,0.2,18,"demo_00 -5,+5 deg",False,0.001245938821927602,0.13894511904746992,nan
0.5,0.75,0.2,19,"demo_00 -5,+10 deg",False,0.0035409218570637956,0.09789486070964737,nan
0.5,0.75,0.2,20,"demo_00 -5,+15 deg",False,0.005708453898925014,0.053756039903999575,nan
0.5,0.75,0.2,21,"demo_00 +0,-15 deg",True,0.01211259553894855,0.0,0.005807912979782889
0.5,0.75,0.2,22,"demo_00 +0,-10 deg",True,0.006687728757218369,0.0,0.00601224715024343
0.5,0.75,0.2,23,"demo_00 +0,-5 deg",True,0.002748600487024285,0.0,0.006037391181995265
0.5,0.75,0.2,24,demo_00,True,0.0003583885596844501,0.005848161418096445,0.006037780633204708
0.5,0.75,0.2,25,"demo_00 +0,+5 deg",False,0.002975833329053138,0.13875768857010068,nan
0.5,0.75,0.2,26,"demo_00 +0,+10 deg",False,0.005439050198555561,0.09644740001301855,nan
0.5,0.75,0.2,27,"demo_00 +0,+15 deg",False,0.007897339081126338,0.04835567389060852,nan
0.5,0.75,0.2,28,"demo_00 +5,-15 deg",True,0.009307734524995974,0.0,0.005900888262962608
0.5,0.75,0.2,29,"demo_00 +5,-10 deg",True,0.00443538645271625,0.0,0.006028001614093876
0.5,0.75,0.2,30,"demo_00 +5,-5 deg",True,0.0009034272828707735,6.104941991160948e-05,0.006038963085000675
0.5,0.75,0.2,31,"demo_00 +5,+0 deg",False,0.0022171857182705264,0.14832012111281187,nan
0.5,0.75,0.2,32,"demo_00 +5,+5 deg",False,0.004902841931964747,0.09707227381504355,nan
0.5,0.75,0.2,33,"demo_00 +5,+10 deg",False,0.0075903189304642685,0.0662003398156692,nan
0.5,0.75,0.2,34,"demo_00 +5,+15 deg",False,0.010406260789822087,0.02283381419016875,nan
0.5,0.75,0.2,35,"demo_00 +10,-15 deg",True,0.006636791768436612,0.0,0.005973923322944656
0.5,0.75,0.2,36,"demo_00 +10,-10 deg",True,0.002246879529183565,0.0,0.0060362112041989074
0.5,0.75,0.2,37,"demo_00 +10,-5 deg",True,0.0015014242925398356,0.0,0.006039604337500222
0.5,0.75,0.2,38,"demo_00 +10,+0 deg",False,0.004310695995405928,0.10058263160100264,nan
0.5,0.75,0.2,39,"demo_00 +10,+5 deg",False,0.007133706440551818,0.05276363261773384,nan
0.5,0.75,0.2,40,"demo_00 +10,+10 deg",False,0.010105951395799704,0.016656521896531357,nan
0.5,0.75,0.2,41,"demo_00 +10,+15 deg",False,0.013338207268886767,0.0,nan
0.5,0.75,0.2,42,"demo_00 +15,-15 deg",True,0.003958322290131685,0.0,0.006020142325011093
0.5,0.75,0.2,43,"demo_00 +15,-10 deg",True,0.001019752595107774,0.0,0.006041794647519137
0.5,0.75,0.2,44,"demo_00 +15,-5 deg",True,0.0037994500298172535,0.0,0.006039230001732849
0.5,0.75,0.2,45,"demo_00 +15,+0 deg",False,0.006751228658972378,0.050282180241545044,nan
0.5,0.75,0.2,46,"demo_00 +15,+5 deg",False,0.00978712506673412,0.007128053812795493,nan
0.5,0.75,0.2,47,"demo_00 +15,+10 deg",False,0.013107925562274978,0.0,nan
0.5,0.75,0.2,48,"demo_00 +15,+15 deg",False,0.016812117170159274,0.0,nan
0.5,0.75,0.3,0,"demo_00 -15,-15 deg",True,0.023486872609196654,0.0,0.006011712724104693
0.5,0.75,0.3,1,"demo_00 -15,-10 deg",True,0.014238873464894284,0.0,0.006046555326901442
0.5,0.75,0.3,2,"demo_00 -15,-5 deg",True,0.007994070636606466,0.0,0.00604891169747801
0.5,0.75,0.3,3,"demo_00 -15,+0 deg",True,0.00423226010664806,0.0,0.006049432945842581
0.5,0.75,0.3,4,"demo_00 -15,+5 deg",False,0.002509062963824495,0.0,nan
0.5,0.75,0.3,5,"demo_00 -15,+10 deg",False,0.002881721383013019,0.0,nan
0.5,0.75,0.3,6,"demo_00 -15,+15 deg",False,0.006069368952936019,0.0,nan
0.5,0.75,0.3,7,"demo_00 -10,-15 deg",True,0.018958794558983968,0.0,0.005979003812781349
0.5,0.75,0.3,8,"demo_00 -10,-10 deg",True,0.011108734550366732,0.0,0.00604604570094184
0.5,0.75,0.3,9,"demo_00 -10,-5 deg",True,0.005823243748962842,0.0,0.006051292501746393
0.5,0.75,0.3,10,"demo_00 -10,+0 deg",True,0.0025490497992943797,0.0,0.006048821465898376
0.5,0.75,0.3,11,"demo_00 -10,+5 deg",False,0.0009405851204427959,0.0,nan
0.5,0.75,0.3,12,"demo_00 -10,+10 deg",False,0.0013384031812485558,0.0,nan
0.5,0.75,0.3,13,"demo_00 -10,+15 deg",False,0.004391648380657874,0.0,nan
0.5,0.75,0.3,14,"demo_00 -5,-15 deg",True,0.015398869313026491,0.0,0.0059712495162097265
0.5,0.75,0.3,15,"demo_00 -5,-10 deg",True,0.008695658980831035,0.0,0.006045556374767359
0.5,0.75,0.3,16,"demo_00 -5,-5 deg",True,0.004150628718159139,0.0,0.006049583024155393
0.5,0.75,0.3,17,"demo_00 -5,+0 deg",True,0.0011594425827700532,0.0,0.006051095882202636
0.5,0.75,0.3,18,"demo_00 -5,+5 deg",False,0.0005458339171615568,0.01984027078038189,nan
0.5,0.75,0.3,19,"demo_00 -5,+10 deg",False,0.001578233121352944,0.0,nan
0.5,0.75,0.3,20,"demo_00 -5,+15 deg",False,0.004048220283220593,0.0,nan
0.5,0.75,0.3,21,"demo_00 +0,-15 deg",True,0.012415381839725556,0.0,0.005992933715635559
0.5,0.75,0.3,22,"demo_00 +0,-10 deg",True,0.006582027511253292,0.0,0.006048072248536935
0.5,0.75,0.3,23,"demo_00 +0,-5 deg",True,0.002563971860461126,0.0,0.00604945715950395
0.5,0.75,0.3,24,demo_00,True,0.0003123275910085133,0.0048267847636248445,0.006049995853142392
0.5,0.75,0.3,25,"demo_00 +0,+5 deg",False,0.0022210272542471927,0.026257483142223773,nan
0.5,0.75,0.3,26,"demo_00 +0,+10 deg",False,0.003596150540620951,0.0,nan
0.5,0.75,0.3,27,"demo_00 +0,+15 deg",False,0.005774997869543058,0.0,nan
0.5,0.75,0.3,28,"demo_00 +5,-15 deg",True,0.009668691493156318,0.0,0.006023779585702695
0.5,0.75,0.3,29,"demo_00 +5,-10 deg",True,0.004448118257489597,0.0,0.006050024561772775
0.5,0.75,0.3,30,"demo_00 +5,-5 deg",True,0.0008431085479479498,0.0,0.006049517830738408
0.5,0.75,0.3,31,"demo_00 +5,+0 deg",False,0.002077516394795912,0.026443006171266166,nan
0.5,0.75,0.3,32,"demo_00 +5,+5 deg",False,0.004287125969555322,0.0,nan
0.5,0.75,0.3,33,"demo_00 +5,+10 deg",False,0.006291364167498292,0.0,nan
0.5,0.75,0.3,34,"demo_00 +5,+15 deg",False,0.00901226028816755,0.0,nan
0.5,0.75,0.3,35,"demo_00 +10,-15 deg",True,0.006903672532587844,0.0,0.006043973488380964
0.5,0.75,0.3,36,"demo_00 +10,-10 deg",True,0.0021291580608952003,0.0,0.0060496384882898135
0.5,0.75,0.3,37,"demo_00 +10,-5 deg",True,0.0015935854138130554,0.0,0.00604895274146608
0.5,0.75,0.3,38,"demo_00 +10,+0 deg",False,0.00432456955657233,0.0,nan
0.5,0.75,0.3,39,"demo_00 +10,+5 deg",False,0.006905404797066324,0.0,nan
0.5,0.75,0.3,40,"demo_00 +10,+10 deg",False,0.009686999696484143,0.0,nan
0.5,0.75,0.3,41,"demo_00 +10,+15 deg",False,0.013341382984196418,0.0,nan
0.5,0.75,0.3,42,"demo_00 +15,-15 deg",True,0.003967409522851715,0.0,0.006049083809077373
0.5,0.75,0.3,43,"demo_00 +15,-10 deg",True,0.0011652477983283705,0.0,0.006051294495474881
0.5,0.75,0.3,44,"demo_00 +15,-5 deg",True,0.00425676458641895,0.0,0.006050832149491108
0.5,0.75,0.3,45,"demo_00 +15,+0 deg",False,0.007163592826276661,0.0,nan
0.5,0.75,0.3,46,"demo_00 +15,+5 deg",False,0.010234898517243135,0.0,nan
0.5,0.75,0.3,47,"demo_00 +15,+10 deg",False,0.013934140032023536,0.0,nan
0.5,0.75,0.3,48,"demo_00 +15,+15 deg",False,0.018723583857596367,0.0,nan
0.5,0.9,0.07,0,"demo_00 -15,-15 deg",True,0.03869951076838382,0.0,0.00549396576382019
0.5,0.9,0.07,1,"demo_00 -15,-10 deg",True,0.028418447803906437,0.0,0.005655125752669328
0.5,0.9,0.07,2,"demo_00 -15,-5 deg",True,0.01930259160919949,0.0,0.00568180947836846
0.5,0.9,0.07,3,"demo_00 -15,+0 deg",False,0.011313867876377153,0.47156820095141305,nan
0.5,0.9,0.07,4,"demo_00 -15,+5 deg",False,0.004623294580626688,0.48918017613575887,nan
0.5,0.9,0.07,5,"demo_00 -15,+10 deg",False,0.003122838154575065,0.47778570083540695,nan
0.5,0.9,0.07,6,"demo_00 -15,+15 deg",False,0.007579570605499597,0.44151843923197187,nan
0.5,0.9,0.07,7,"demo_00 -10,-15 deg",True,0.03337132415819587,0.0,0.005492420304628202
0.5,0.9,0.07,8,"demo_00 -10,-10 deg",True,0.02359834645504721,0.0,0.005655660360976422
0.5,0.9,0.07,9,"demo_00 -10,-5 deg",True,0.014897932321810041,0.0,0.005680873845775518
0.5,0.9,0.07,10,"demo_00 -10,+0 deg",False,0.007243000458248171,0.5511934762741555,nan
0.5,0.9,0.07,11,"demo_00 -10,+5 deg",False,0.0014635074342484373,0.5590715084076302,nan
0.5,0.9,0.07,12,"demo_00 -10,+10 deg",False,0.005699783228629928,0.5286892102217395,nan
0.5,0.9,0.07,13,"demo_00 -10,+15 deg",False,0.01052598037060701,0.47486215220997086,nan
0.5,0.9,0.07,14,"demo_00 -5,-15 deg",True,0.028157871451253792,0.0,0.0055034630100552215
0.5,0.9,0.07,15,"demo_00 -5,-10 deg",True,0.018875270085805085,0.0,0.005658236754694429
0.5,0.9,0.07,16,"demo_00 -5,-5 deg",True,0.010572982315783136,0.0,0.005684315575288668
0.5,0.9,0.07,17,"demo_00 -5,+0 deg",True,0.0032211661852050485,0.0,0.005687233094880302
0.5,0.9,0.07,18,"demo_00 -5,+5 deg",False,0.0033528779308088837,0.615624818518036,nan
0.5,0.9,0.07,19,"demo_00 -5,+10 deg",False,0.008929797067148705,0.5554910070469089,nan
0.5,0.9,0.07,20,"demo_00 -5,+15 deg",False,0.013626455012165323,0.48784447689286303,nan
0.5,0.9,0.07,21,"demo_00 +0,-15 deg",True,0.023010802589885093,0.0,0.005526941031915939
0.5,0.9,0.07,22,"demo_00 +0,-10 deg",True,0.01420687033438408,0.0,0.005662411041383118
0.5,0.9,0.07,23,"demo_00 +0,-5 deg",True,0.006302911189920343,0.0,0.005685852782835868
0.5,0.9,0.07,24,demo_00,True,0.000815568817878613,0.007120030130104837,0.005687065890158775
0.5,0.9,0.07,25,"demo_00 +0,+5 deg",False,0.0069735166266621336,0.6144445169948606,nan
0.5,0.9,0.07,26,"demo_00 +0,+10 deg",False,0.012339224419171024,0.5463971113215427,nan
0.5,0.9,0.07,27,"demo_00 +0,+15 deg",False,0.016834226652268018,0.47846199424447217,nan
0.5,0.9,0.07,28,"demo_00 +5,-15 deg",True,0.017880392651424038,0.0,0.0055607127750631966
0.5,0.9,0.07,29,"demo_00 +5,-10 deg",True,0.009558997989191607,0.0,0.005671382069548668
0.5,0.9,0.07,30,"demo_00 +5,-5 deg",True,0.0022259425967343723,0.0,0.005683986168008505
0.5,0.9,0.07,31,"demo_00 +5,+0 deg",True,0.004862200562141857,0.0,0.005684091102473787
0.5,0.9,0.07,32,"demo_00 +5,+5 deg",False,0.0107469743094732,0.5658324718774366,nan
0.5,0.9,0.07,33,"demo_00 +5,+10 deg",False,0.015870320086333725,0.509993332224821,nan
0.5,0.9,0.07,34,"demo_00 +5,+15 deg",False,0.020153770952040274,0.44945146075660947,nan
0.5,0.9,0.07,35,"demo_00 +10,-15 deg",True,0.0127187074428966,0.0,0.005601541485052897
0.5,0.9,0.07,36,"demo_00 +10,-10 deg",True,0.004959358635592419,0.0,0.005679663698769863
0.5,0.9,0.07,37,"demo_00 +10,-5 deg",True,0.002890773139069217,0.0,0.005686450359651938
0.5,0.9,0.07,38,"demo_00 +10,+0 deg",True,0.009007335055828604,0.0,0.005685602868699489
0.5,0.9,0.07,39,"demo_00 +10,+5 deg",False,0.014641999163698993,0.5145731799865128,nan
0.5,0.9,0.07,40,"demo_00 +10,+10 deg",False,0.01953476072505757,0.4559175105645281,nan
0.5,0.9,0.07,41,"demo_00 +10,+15 deg",False,0.02360785612620829,0.4075219984035091,nan
0.5,0.9,0.07,42,"demo_00 +15,-15 deg",True,0.0074961470279793704,0.0,0.005644520802397934
0.5,0.9,0.07,43,"demo_00 +15,-10 deg",True,0.001802337163168259,0.0,0.005689977854374709
0.5,0.9,0.07,44,"demo_00 +15,-5 deg",True,0.007257374240346484,0.0,0.005687524336691635
0.5,0.9,0.07,45,"demo_00 +15,+0 deg",True,0.013290466732266366,0.0,0.00568605490182472
0.5,0.9,0.07,46,"demo_00 +15,+5 deg",False,0.018690683452769672,0.46415541283411366,nan
0.5,0.9,0.07,47,"demo_00 +15,+10 deg",False,0.02336322754101002,0.4041241885903974,nan
0.5,0.9,0.07,48,"demo_00 +15,+15 deg",False,0.027227436231617125,0.35616492381048753,nan
0.5,0.9,0.1,0,"demo_00 -15,-15 deg",True,0.029008043468380672,0.0,0.005580957129686777
0.5,0.9,0.1,1,"demo_00 -15,-10 deg",True,0.02093637632603797,0.0,0.005880883344426834
0.5,0.9,0.1,2,"demo_00 -15,-5 deg",True,0.014186512326552719,0.0,0.005986282748684305
0.5,0.9,0.1,3,"demo_00 -15,+0 deg",True,0.008516119648123315,0.0,0.006007372827495723
0.5,0.9,0.1,4,"demo_00 -15,+5 deg",False,0.003733409859051078,0.09896784944181047,nan
0.5,0.9,0.1,5,"demo_00 -15,+10 deg",False,0.0006943575984796374,0.08757034878450021,nan
0.5,0.9,0.1,6,"demo_00 -15,+15 deg",False,0.003918672193656116,0.07915428181101022,nan
0.5,0.9,0.1,7,"demo_00 -10,-15 deg",True,0.02474709645399968,0.0,0.0056085376337141665
0.5,0.9,0.1,8,"demo_00 -10,-10 deg",True,0.017180852424799983,0.0,0.005902232809937466
0.5,0.9,0.1,9,"demo_00 -10,-5 deg",True,0.010802985889632218,0.0,0.005993172237800275
0.5,0.9,0.1,10,"demo_00 -10,+0 deg",True,0.005395121987951089,0.0,0.006005237454289304
0.5,0.9,0.1,11,"demo_00 -10,+5 deg",False,0.0009055145649652133,0.16885687413398007,nan
0.5,0.9,0.1,12,"demo_00 -10,+10 deg",False,0.0032988602045419856,0.1409112604039368,nan
0.5,0.9,0.1,13,"demo_00 -10,+15 deg",False,0.006672415205947987,0.1276013657086392,nan
0.5,0.9,0.1,14,"demo_00 -5,-15 deg",True,0.02073002583398316,0.0,0.0056538899015280315
0.5,0.9,0.1,15,"demo_00 -5,-10 deg",True,0.013628935289171293,0.0,0.005927326790085414
0.5,0.9,0.1,16,"demo_00 -5,-5 deg",True,0.007579849540128218,0.0,0.005994885364560677
0.5,0.9,0.1,17,"demo_00 -5,+0 deg",True,0.0023841277453131144,0.0,0.00600830190737989
0.5,0.9,0.1,18,"demo_00 -5,+5 deg",False,0.0021513844231054852,0.22540981259809872,nan
0.5,0.9,0.1,19,"demo_00 -5,+10 deg",False,0.006060269625782092,0.1785816620700569,nan
0.5,0.9,0.1,20,"demo_00 -5,+15 deg",False,0.009419319762205683,0.15509553859200914,nan
0.5,0.9,0.1,21,"demo_00 +0,-15 deg",True,0.01688858628357301,0.0,0.005711798526185767
0.5,0.9,0.1,22,"demo_00 +0,-10 deg",True,0.01021849010090468,0.0,0.005951736265067843
0.5,0.9,0.1,23,"demo_00 +0,-5 deg",True,0.004468720831139044,0.0,0.0059998935419122625
0.5,0.9,0.1,24,demo_00,True,0.0005931055780296201,0.0065265653191416305,0.006005550013371709
0.5,0.9,0.1,25,"demo_00 +0,+5 deg",False,0.004970543183851861,0.224253926534484,nan
0.5,0.9,0.1,26,"demo_00 +0,+10 deg",False,0.008846588286557556,0.18246663502220145,nan
0.5,0.9,0.1,27,"demo_00 +0,+15 deg",False,0.012198866335754385,0.15939353622084002,nan
0.5,0.9,0.1,28,"demo_00 +5,-15 deg",True,0.01314848591379412,0.0,0.0057835459925147355
0.5,0.9,0.1,29,"demo_00 +5,-10 deg",True,0.006888521112530892,0.0,0.005976419466798606
0.5,0.9,0.1,30,"demo_00 +5,-5 deg",True,0.001531772256645078,0.0,0.006004077507084621
0.5,0.9,0.1,31,"demo_00 +5,+0 deg",True,0.0035575174215017537,0.0,0.006005007798854913
0.5,0.9,0.1,32,"demo_00 +5,+5 deg",False,0.007854985641990879,0.17651619368082505,nan
0.5,0.9,0.1,33,"demo_00 +5,+10 deg",False,0.01170114740933367,0.1589864169217324,nan
0.5,0.9,0.1,34,"demo_00 +5,+15 deg",False,0.015056443496840622,0.14341322023646927,nan
0.5,0.9,0.1,35,"demo_00 +10,-15 deg",True,0.009431468356618403,0.0,0.005862679496013648
0.5,0.9,0.1,36,"demo_00 +10,-10 deg",True,0.0036203815866999067,0.0,0.005995351764630521
0.5,0.9,0.1,37,"demo_00 +10,-5 deg",True,0.0021150615370399365,0.0,0.00600728659061109
0.5,0.9,0.1,38,"demo_00 +10,+0 deg",False,0.006616421383254395,0.18704604351208506,nan
0.5,0.9,0.1,39,"demo_00 +10,+5 deg",False,0.010851990862181447,0.129730591031921,nan
0.5,0.9,0.1,40,"demo_00 +10,+10 deg",False,0.01468021458282913,0.11723734432587557,nan
0.5,0.9,0.1,41,"demo_00 +10,+15 deg",False,0.01804308431011009,0.1134931210984601,nan
0.5,0.9,0.1,42,"demo_00 +15,-15 deg",True,0.0056690708914395645,0.0,0.005942492918499767
0.5,0.9,0.1,43,"demo_00 +15,-10 deg",True,0.00136807439242088,0.0,0.006014799243035577
0.5,0.9,0.1,44,"demo_00 +15,-5 deg",True,0.005318435618545902,0.0,0.006013718484439412
0.5,0.9,0.1,45,"demo_00 +15,+0 deg",False,0.009838302682009328,0.136745571886918,nan
0.5,0.9,0.1,46,"demo_00 +15,+5 deg",False,0.014029387302935126,0.08662147477170909,nan
0.5,0.9,0.1,47,"demo_00 +15,+10 deg",False,0.017846668790378356,0.07679995269578616,nan
0.5,0.9,0.1,48,"demo_00 +15,+15 deg",False,0.021215149237338266,0.07296760849673445,nan
0.5,0.9,0.15,0,"demo_00 -15,-15 deg",True,0.02315745570331575,0.0,0.005847465339855217
0.5,0.9,0.15,1,"demo_00 -15,-10 deg",True,0.016012443702165008,0.0,0.00596755944348243
0.5,0.9,0.15,2,"demo_00 -15,-5 deg",True,0.010532476787916106,0.0,0.006002391134866155
0.5,0.9,0.15,3,"demo_00 -15,+0 deg",True,0.006208205526234956,0.0,0.006010748656535892
0.5,0.9,0.15,4,"demo_00 -15,+5 deg",True,0.00268122186167645,0.0,0.006012156133893544
0.5,0.9,0.15,5,"demo_00 -15,+10 deg",False,0.0010622865034284764,0.0,nan
0.5,0.9,0.15,6,"demo_00 -15,+15 deg",False,0.0036507263037928697,0.0,nan
0.5,0.9,0.15,7,"demo_00 -10,-15 deg",True,0.01965823373285673,0.0,0.005855924613715059
0.5,0.9,0.15,8,"demo_00 -10,-10 deg",True,0.013101892765643584,0.0,0.005974871220764583
0.5,0.9,0.15,9,"demo_00 -10,-5 deg",True,0.008038526552125856,0.0,0.006006017912847492
0.5,0.9,0.15,10,"demo_00 -10,+0 deg",True,0.0039769058354383715,0.0,0.006012109761997083
0.5,0.9,0.15,11,"demo_00 -10,+5 deg",False,0.0005836911414315558,0.0,nan
0.5,0.9,0.15,12,"demo_00 -10,+10 deg",False,0.0024888346552512956,0.025605996341732162,nan
0.5,0.9,0.15,13,"demo_00 -10,+15 deg",False,0.005256209986981695,0.027223551108479932,nan
0.5,0.9,0.15,14,"demo_00 -5,-15 deg",True,0.01644495475864712,0.0,0.005875094318413908
0.5,0.9,0.15,15,"demo_00 -5,-10 deg",True,0.010397995945439695,0.0,0.005986393879251683
0.5,0.9,0.15,16,"demo_00 -5,-5 deg",True,0.00566622419700114,0.0,0.006008375145057704
0.5,0.9,0.15,17,"demo_00 -5,+0 deg",True,0.0017858040888062475,0.0,0.006012604562479517
0.5,0.9,0.15,18,"demo_00 -5,+5 deg",False,0.0015658368052991695,0.050611490120616345,nan
0.5,0.9,0.15,19,"demo_00 -5,+10 deg",False,0.0045653172920623215,0.07101905818436155,nan
0.5,0.9,0.15,20,"demo_00 -5,+15 deg",False,0.007306191145070183,0.05298349280585363,nan
0.5,0.9,0.15,21,"demo_00 +0,-15 deg",True,0.01343436433912666,0.0,0.00590147329324985
0.5,0.9,0.15,22,"demo_00 +0,-10 deg",True,0.007828304045777494,0.0,0.005995642352692763
0.5,0.9,0.15,23,"demo_00 +0,-5 deg",True,0.003357291578264675,0.0,0.0060129529814618495
0.5,0.9,0.15,24,demo_00,True,0.0004405448820126704,0.005508984818354833,0.00601210187211626
0.5,0.9,0.15,25,"demo_00 +0,+5 deg",False,0.0037703270378207647,0.08334943479699682,nan
0.5,0.9,0.15,26,"demo_00 +0,+10 deg",False,0.006827933085080615,0.08317467136437545,nan
0.5,0.9,0.15,27,"demo_00 +0,+15 deg",False,0.009634540119541781,0.059469225145729054,nan
0.5,0.9,0.15,28,"demo_00 +5,-15 deg",True,0.010536820924226723,0.0,0.005935057761533575
0.5,0.9,0.15,29,"demo_00 +5,-10 deg",True,0.005318195737431894,0.0,0.006004805554780862
0.5,0.9,0.15,30,"demo_00 +5,-5 deg",True,0.0011259654256744669,0.0,0.006013171400533357
0.5,0.9,0.15,31,"demo_00 +5,+0 deg",True,0.00273184128881043,0.0,0.006962148199624881
0.5,0.9,0.15,32,"demo_00 +5,+5 deg",False,0.0061094515058250825,0.06254090837000029,nan
0.5,0.9,0.15,33,"demo_00 +5,+10 deg",False,0.009273554722487058,0.06612185348963423,nan
0.5,0.9,0.15,34,"demo_00 +5,+15 deg",False,0.012207488111923489,0.04564178449289494,nan
0.5,0.9,0.15,35,"demo_00 +10,-15 deg",True,0.007650687232859398,0.0,0.0059642780154229086
0.5,0.9,0.15,36,"demo_00 +10,-10 deg",True,0.0028210421366585783,0.0,0.006011505994077723
0.5,0.9,0.15,37,"demo_00 +10,-5 deg",True,0.001664557079440392,0.0,0.006011832068553341
0.5,0.9,0.15,38,"demo_00 +10,+0 deg",False,0.005202034673436075,0.0,nan
0.5,0.9,0.15,39,"demo_00 +10,+5 deg",False,0.008652107631846501,0.03354763428929716,nan
0.5,0.9,0.15,40,"demo_00 +10,+10 deg",False,0.011948724084931805,0.028570796952906208,nan
0.5,0.9,0.15,41,"demo_00 +10,+15 deg",False,0.015043022364247928,0.017172836008967463,nan
0.5,0.9,0.15,42,"demo_00 +15,-15 deg",True,0.004671956413049711,0.0,0.005995549022047668
0.5,0.9,0.15,43,"demo_00 +15,-10 deg",True,0.001144749446793071,0.0,0.006013257218365974
0.5,0.9,0.15,44,"demo_00 +15,-5 deg",True,0.00430298335911031,0.0,0.006015387902515915
0.5,0.9,0.15,45,"demo_00 +15,+0 deg",False,0.007941414582735168,0.0,nan
0.5,0.9,0.15,46,"demo_00 +15,+5 deg",False,0.01148409894645994,0.0005040723366648847,nan
0.5,0.9,0.15,47,"demo_00 +15,+10 deg",False,0.014923663831523132,0.0,nan
0.5,0.9,0.15,48,"demo_00 +15,+15 deg",False,0.01819163441733256,0.0,nan
0.5,0.9,0.2,0,"demo_00 -15,-15 deg",True,0.0208729018079342,0.0,0.005943198898081376
0.5,0.9,0.2,1,"demo_00 -15,-10 deg",True,0.013799471271586003,0.0,0.005952108186801544
0.5,0.9,0.2,2,"demo_00 -15,-5 deg",True,0.008628078495746525,0.0,0.005957929775468602
0.5,0.9,0.2,3,"demo_00 -15,+0 deg",True,0.00471437566439847,0.0,0.005959991176162274
0.5,0.9,0.2,4,"demo_00 -15,+5 deg",True,0.0017196502384420843,0.0,0.0059604036964401455
0.5,0.9,0.2,5,"demo_00 -15,+10 deg",True,0.00137882529401722,0.0,0.0059565936628327215
0.5,0.9,0.2,6,"demo_00 -15,+15 deg",True,0.0038413297484054185,0.0,0.005958940331200179
0.5,0.9,0.2,7,"demo_00 -10,-15 deg",True,0.017703037319190013,0.0,0.005940839733755544
0.5,0.9,0.2,8,"demo_00 -10,-10 deg",True,0.011369537753201328,0.0,0.005953840534671938
0.5,0.9,0.2,9,"demo_00 -10,-5 deg",True,0.0067179584318851245,0.0,0.005960137250648095
0.5,0.9,0.2,10,"demo_00 -10,+0 deg",True,0.00309657856561054,0.0,0.005958063223831743
0.5,0.9,0.2,11,"demo_00 -10,+5 deg",True,0.000313636283423622,0.0,0.005956933242121495
0.5,0.9,0.2,12,"demo_00 -10,+10 deg",True,0.0024126615010910913,0.014584239480641803,0.005956689737353663
0.5,0.9,0.2,13,"demo_00 -10,+15 deg",True,0.0047842961795119005,0.0,0.0059595947016945995
0.5,0.9,0.2,14,"demo_00 -5,-15 deg",True,0.01485099357752141,0.0,0.005939609095860266
0.5,0.9,0.2,15,"demo_00 -5,-10 deg",True,0.00912320717470999,0.0,0.005953367939892266
0.5,0.9,0.2,16,"demo_00 -5,-5 deg",True,0.00486813512815263,0.0,0.005957774383382625
0.5,0.9,0.2,17,"demo_00 -5,+0 deg",True,0.0014441425655746744,0.0,0.005958133190895352
0.5,0.9,0.2,18,"demo_00 -5,+5 deg",True,0.001476250883932372,0.04382645858239362,0.005959528566782379
0.5,0.9,0.2,19,"demo_00 -5,+10 deg",True,0.003988052689783593,0.0490816744587797,0.005957446009914873
0.5,0.9,0.2,20,"demo_00 -5,+15 deg",True,0.006296763151384195,0.009537941839023123,0.005960838826639755
0.5,0.9,0.2,21,"demo_00 +0,-15 deg",True,0.012187836490118183,0.0,0.005942649733811797
0.5,0.9,0.2,22,"demo_00 +0,-10 deg",True,0.006945942627745282,0.0,0.005955282793042062
0.5,0.9,0.2,23,"demo_00 +0,-5 deg",True,0.0029745171490883123,0.0,0.0059597149643551665
0.5,0.9,0.2,24,demo_00,True,0.0003653604517291208,0.005886589969899399,0.005957801913421527
0.5,0.9,0.2,25,"demo_00 +0,+5 deg",True,0.0032922313833744646,0.07418349947815088,0.005957746438138837
0.5,0.9,0.2,26,"demo_00 +0,+10 deg",True,0.005907625728590168,0.0536321871125956,0.005959911996613277
0.5,0.9,0.2,27,"demo_00 +0,+15 deg",True,0.00830796714980324,0.008703574400970582,0.0059601174068908734
0.5,0.9,0.2,28,"demo_00 +5,-15 deg",True,0.009610957852934686,0.0,0.005947195460850605
0.5,0.9,0.2,29,"demo_00 +5,-10 deg",True,0.004754966724571444,0.0,0.00595934886208189
0.5,0.9,0.2,30,"demo_00 +5,-5 deg",True,0.0010242513456894663,0.0,0.00595650477732523
0.5,0.9,0.2,31,"demo_00 +5,+0 deg",True,0.0023738626714875292,0.0,0.005958474752724672
0.5,0.9,0.2,32,"demo_00 +5,+5 deg",True,0.005392267447599061,0.049977809178844285,0.005958371856136532
0.5,0.9,0.2,33,"demo_00 +5,+10 deg",True,0.008180485873450953,0.029602340170172742,0.005959247220565371
0.5,0.9,0.2,34,"demo_00 +5,+15 deg",True,0.010793208482313923,0.0,0.005958072754926295
0.5,0.9,0.2,35,"demo_00 +10,-15 deg",True,0.007015880773717841,0.0,0.005948954936775511
0.5,0.9,0.2,36,"demo_00 +10,-10 deg",True,0.002507003836705785,0.0,0.0059605429194959005
0.5,0.9,0.2,37,"demo_00 +10,-5 deg",True,0.0015037126149755112,0.0,0.005956582251837311
0.5,0.9,0.2,38,"demo_00 +10,+0 deg",True,0.004687898729212804,0.0022055767203287835,0.005960321610744517
0.5,0.9,0.2,39,"demo_00 +10,+5 deg",True,0.007835997833459507,0.015406221198834086,0.005959049115343174
0.5,0.9,0.2,40,"demo_00 +10,+10 deg",True,0.0108467736325084,0.0,0.005959221176393867
0.5,0.9,0.2,41,"demo_00 +10,+15 deg",True,0.013758382036188902,0.0,0.0059601877386475785
0.5,0.9,0.2,42,"demo_00 +15,-15 deg",True,0.004289974555740233,0.0,0.005956482490635724
0.5,0.9,0.2,43,"demo_00 +15,-10 deg",True,0.0011012105375305926,0.0,0.005958325239811389
0.5,0.9,0.2,44,"demo_00 +15,-5 deg",True,0.004054555013620638,0.0,0.005958719810198989
0.5,0.9,0.2,45,"demo_00 +15,+0 deg",True,0.007391426400344177,0.0,0.005958308205526691
0.5,0.9,0.2,46,"demo_00 +15,+5 deg",True,0.01070351730264423,0.0,0.0059589604822258
0.5,0.9,0.2,47,"demo_00 +15,+10 deg",True,0.013974385754926193,0.0,0.005957852153548593
0.5,0.9,0.2,48,"demo_00 +15,+15 deg",True,0.017250739723915342,0.0,0.005959011825238989
0.5,0.9,0.3,0,"demo_00 -15,-15 deg",True,0.02140203711583649,0.0,0.005992852612740466
0.5,0.9,0.3,1,"demo_00 -15,-10 deg",True,0.01290303053444706,0.0,0.005994636634195337
0.5,0.9,0.3,2,"demo_00 -15,-5 deg",True,0.007236318713724016,0.0,0.005993398789790077
0.5,0.9,0.3,3,"demo_00 -15,+0 deg",True,0.003909706781215073,0.0,0.005992883985877801
0.5,0.9,0.3,4,"demo_00 -15,+5 deg",True,0.002569210986097901,0.0,0.005994373382643044
0.5,0.9,0.3,5,"demo_00 -15,+10 deg",True,0.003883187569063346,0.0,0.005995241891521641
0.5,0.9,0.3,6,"demo_00 -15,+15 deg",True,0.008604234546215178,0.0,0.005994664480731188
0.5,0.9,0.3,7,"demo_00 -10,-15 deg",True,0.01812615776000292,0.0,0.005993243490898618
0.5,0.9,0.3,8,"demo_00 -10,-10 deg",True,0.010683858399800739,0.0,0.005993698940639352
0.5,0.9,0.3,9,"demo_00 -10,-5 deg",True,0.005588764026263107,0.0,0.005992367322454903
0.5,0.9,0.3,10,"demo_00 -10,+0 deg",True,0.002400545736362413,0.0,0.005994211717187188
0.5,0.9,0.3,11,"demo_00 -10,+5 deg",True,0.001085659928311981,0.0,0.005994169369251011
0.5,0.9,0.3,12,"demo_00 -10,+10 deg",True,0.0025429641747787054,0.0,0.005993452176420024
0.5,0.9,0.3,13,"demo_00 -10,+15 deg",True,0.006925673207727666,0.0,0.006032444413363517
0.5,0.9,0.3,14,"demo_00 -5,-15 deg",True,0.015582668288821924,0.0,0.0059935034432950654
0.5,0.9,0.3,15,"demo_00 -5,-10 deg",True,0.008995421925746337,0.0,0.005994552420631861
0.5,0.9,0.3,16,"demo_00 -5,-5 deg",True,0.004319594313412144,0.0,0.005993023395674686
0.5,0.9,0.3,17,"demo_00 -5,+0 deg",True,0.0011558264062674507,0.0,0.005992866115813975
0.5,0.9,0.3,18,"demo_00 -5,+5 deg",True,0.0004106521817662378,0.0,0.005993422662585682
0.5,0.9,0.3,19,"demo_00 -5,+10 deg",True,0.001723940646250438,0.0,0.0059941444538082105
0.5,0.9,0.3,20,"demo_00 -5,+15 deg",True,0.005473881312742563,0.0,0.006148574345129285
0.5,0.9,0.3,21,"demo_00 +0,-15 deg",True,0.013192975367003505,0.0,0.00599437509484407
0.5,0.9,0.3,22,"demo_00 +0,-10 deg",True,0.007257098588868284,0.0,0.00599285265416651
0.5,0.9,0.3,23,"demo_00 +0,-5 deg",True,0.0028745810635726382,0.0,0.00599454831794958
0.5,0.9,0.3,24,demo_00,True,0.0003247423367743041,0.0047555122368353785,0.005995245302509399
0.5,0.9,0.3,25,"demo_00 +0,+5 deg",True,0.002026679048179644,0.0049350805249362,0.005993496019677273
0.5,0.9,0.3,26,"demo_00 +0,+10 deg",True,0.0026320578369816152,0.0,0.006079375309650413
0.5,0.9,0.3,27,"demo_00 +0,+15 deg",True,0.005027473909779822,0.0,0.006280327189151332
0.5,0.9,0.3,28,"demo_00 +5,-15 deg",True,0.010595762363599657,0.0,0.00599316257861793
0.5,0.9,0.3,29,"demo_00 +5,-10 deg",True,0.00514218660170881,0.0,0.00599465133417724
0.5,0.9,0.3,30,"demo_00 +5,-5 deg",True,0.001009489398814056,0.0,0.00599520810959441
0.5,0.9,0.3,31,"demo_00 +5,+0 deg",True,0.0023042410617827615,0.0,0.005992667579369577
0.5,0.9,0.3,32,"demo_00 +5,+5 deg",True,0.004251256842103553,0.0,0.006011744510260036
0.5,0.9,0.3,33,"demo_00 +5,+10 deg",True,0.005105146457281205,0.0,0.006212637816850076
0.5,0.9,0.3,34,"demo_00 +5,+15 deg",True,0.006847544526636596,0.0,0.006403094972949111
0.5,0.9,0.3,35,"demo_00 +10,-15 deg",True,0.007655288550458465,0.0,0.005994848319492183
0.5,0.9,0.3,36,"demo_00 +10,-10 deg",True,0.0025950032729879923,0.0,0.00599515510855515
0.5,0.9,0.3,37,"demo_00 +10,-5 deg",True,0.0017354244588914864,0.0,0.005993719379119883
0.5,0.9,0.3,38,"demo_00 +10,+0 deg",True,0.0049047973728666245,0.0,0.005993570284809969
0.5,0.9,0.3,39,"demo_00 +10,+5 deg",True,0.007131129316672415,0.0,0.006128942820891743
0.5,0.9,0.3,40,"demo_00 +10,+10 deg",True,0.008548671841834159,0.0,0.0063340281617240415
0.5,0.9,0.3,41,"demo_00 +10,+15 deg",True,0.010728142581282598,0.0,0.006499859374696015
0.5,0.9,0.3,42,"demo_00 +15,-15 deg",True,0.004386817942606287,0.0,0.005994100546381876
0.5,0.9,0.3,43,"demo_00 +15,-10 deg",True,0.0013207251452582846,0.0,0.005993252873012085
0.5,0.9,0.3,44,"demo_00 +15,-5 deg",True,0.004813519530387852,0.0,0.005994340744569929
0.5,0.9,0.3,45,"demo_00 +15,+0 deg",True,0.008108990038020224,0.0,0.005996107879580051
0.5,0.9,0.3,46,"demo_00 +15,+5 deg",True,0.010677972755387583,0.0,0.006229388947907921
0.5,0.9,0.3,47,"demo_00 +15,+10 deg",True,0.012874154777511363,0.0,0.006422736667984476
0.5,0.9,0.3,48,"demo_00 +15,+15 deg",True,0.01605812522010217,0.0,0.006564444061124601
0.5,1.05,0.07,0,"demo_00 -15,-15 deg",True,0.03978879588440758,0.0,0.005655462879942044
0.5,1.05,0.07,1,"demo_00 -15,-10 deg",True,0.029513443491858856,0.0,0.005803009063538062
0.5,1.05,0.07,2,"demo_00 -15,-5 deg",True,0.020297218035904355,0.0,0.005837122941959633
0.5,1.05,0.07,3,"demo_00 -15,+0 deg",False,0.012107916621921438,0.2732330891006999,nan
0.5,1.05,0.07,4,"demo_00 -15,+5 deg",False,0.005051451351052003,0.2906834402635979,nan
0.5,1.05,0.07,5,"demo_00 -15,+10 deg",False,0.0025897573662595117,0.2794194312395119,nan
0.5,1.05,0.07,6,"demo_00 -15,+15 deg",False,0.007321420178741433,0.24718243362173362,nan
0.5,1.05,0.07,7,"demo_00 -10,-15 deg",True,0.03402107345445458,0.0,0.005660808738458588
0.5,1.05,0.07,8,"demo_00 -10,-10 deg",True,0.024281822713864656,0.0,0.0058054192166522535
0.5,1.05,0.07,9,"demo_00 -10,-5 deg",True,0.01550355630985375,0.0,0.005838392577192098
0.5,1.05,0.07,10,"demo_00 -10,+0 deg",True,0.007669766065043475,0.0,0.005843566964892561
0.5,1.05,0.07,11,"demo_00 -10,+5 deg",False,0.0014084581190081202,0.36068177270676527,nan
0.5,1.05,0.07,12,"demo_00 -10,+10 deg",False,0.0056887169193269825,0.33113710397126667,nan
0.5,1.05,0.07,13,"demo_00 -10,+15 deg",False,0.010785918415590645,0.2851676489303665,nan
0.5,1.05,0.07,14,"demo_00 -5,-15 deg",True,0.02847576174163147,0.0,0.00567174680930734
0.5,1.05,0.07,15,"demo_00 -5,-10 deg",True,0.019250185049356217,0.0,0.005808491415687715
0.5,1.05,0.07,16,"demo_00 -5,-5 deg",True,0.010887341580218535,0.0,0.005839199840797967
0.5,1.05,0.07,17,"demo_00 -5,+0 deg",True,0.0033739933948613338,0.0,0.0058434877486737875
0.5,1.05,0.07,18,"demo_00 -5,+5 deg",False,0.0034164851130569812,0.4173653066898039,nan
0.5,1.05,0.07,19,"demo_00 -5,+10 deg",False,0.009265415452068453,0.35912415839262646,nan
0.5,1.05,0.07,20,"demo_00 -5,+15 deg",False,0.014240598713043642,0.3034642389602219,nan
0.5,1.05,0.07,21,"demo_00 +0,-15 deg",True,0.023103469421478916,0.0,0.005691039071494117
0.5,1.05,0.07,22,"demo_00 +0,-10 deg",True,0.01437513694139818,0.0,0.0058171015597681406
0.5,1.05,0.07,23,"demo_00 +0,-5 deg",True,0.006422198119816491,0.0,0.00584068860571287
0.5,1.05,0.07,24,demo_00,True,0.0008397243634872554,0.006919046838151439,0.005844669112376796
0.5,1.05,0.07,25,"demo_00 +0,+5 deg",False,0.007235957460466482,0.41631739739810664,nan
0.5,1.05,0.07,26,"demo_00 +0,+10 deg",False,0.012883055499911785,0.35161823544820453,nan
0.5,1.05,0.07,27,"demo_00 +0,+15 deg",False,0.017678148656303246,0.2997139800838519,nan
0.5,1.05,0.07,28,"demo_00 +5,-15 deg",True,0.017849097874370928,0.0,0.0057182183997799745
0.5,1.05,0.07,29,"demo_00 +5,-10 deg",True,0.009617571055195171,0.0,0.0058238287989384055
0.5,1.05,0.07,30,"demo_00 +5,-5 deg",True,0.002233677116650458,0.0,0.005843722464715901
0.5,1.05,0.07,31,"demo_00 +5,+0 deg",True,0.004976658488946064,0.0,0.0058450559779481765
0.5,1.05,0.07,32,"demo_00 +5,+5 deg",False,0.011098609069014657,0.3678391842755533,nan
0.5,1.05,0.07,33,"demo_00 +5,+10 deg",False,0.0165146138643506,0.31715632959082196,nan
0.5,1.05,0.07,34,"demo_00 +5,+15 deg",False,0.021120635362050628,0.27648130797634685,nan
0.5,1.05,0.07,35,"demo_00 +10,-15 deg",True,0.012656048329801182,0.0,0.0057533683635920835
0.5,1.05,0.07,36,"demo_00 +10,-10 deg",True,0.004994307979711849,0.0,0.00583712672973603
0.5,1.05,0.07,37,"demo_00 +10,-5 deg",True,0.002858161115688352,0.0,0.0058442984924726975
0.5,1.05,0.07,38,"demo_00 +10,+0 deg",True,0.009122381356572687,0.0,0.005842344441759656
0.5,1.05,0.07,39,"demo_00 +10,+5 deg",False,0.01499089906695018,0.316716573872293,nan
0.5,1.05,0.07,40,"demo_00 +10,+10 deg",False,0.020184096580832932,0.265370969353866,nan
0.5,1.05,0.07,41,"demo_00 +10,+15 deg",False,0.02460055013633237,0.240311376316239,nan
0.5,1.05,0.07,42,"demo_00 +15,-15 deg",True,0.007482898967054924,0.0,0.005799515765853269
0.5,1.05,0.07,43,"demo_00 +15,-10 deg",True,0.0017660335051605533,0.0,0.005848164701069365
0.5,1.05,0.07,44,"demo_00 +15,-5 deg",True,0.007157415436780538,0.0,0.005847176546622042
0.5,1.05,0.07,45,"demo_00 +15,+0 deg",True,0.013322724351674954,0.0,0.005844151460540272
0.5,1.05,0.07,46,"demo_00 +15,+5 deg",False,0.01895164569956455,0.26644368087796666,nan
0.5,1.05,0.07,47,"demo_00 +15,+10 deg",False,0.023929472984684126,0.21615209300094312,nan
0.5,1.05,0.07,48,"demo_00 +15,+15 deg",False,0.02815588829897359,0.19467348406296464,nan
0.5,1.05,0.1,0,"demo_00 -15,-15 deg",True,0.031568115520903516,0.0,0.005873342494500039
0.5,1.05,0.1,1,"demo_00 -15,-10 deg",True,0.023292949356675148,0.0,0.005954202307113262
0.5,1.05,0.1,2,"demo_00 -15,-5 deg",True,0.01612780538867645,0.0,0.005988501653822747
0.5,1.05,0.1,3,"demo_00 -15,+0 deg",True,0.009829504009510662,0.0,0.005996284190172576
0.5,1.05,0.1,4,"demo_00 -15,+5 deg",False,0.004265269992079102,0.0,nan
0.5,1.05,0.1,5,"demo_00 -15,+10 deg",False,0.001314236730685123,0.0,nan
0.5,1.05,0.1,6,"demo_00 -15,+15 deg",False,0.0055182643743253035,0.0063661785932139225,nan
0.5,1.05,0.1,7,"demo_00 -10,-15 deg",True,0.026623876471664382,0.0,0.0058858962038996305
0.5,1.05,0.1,8,"demo_00 -10,-10 deg",True,0.01888956243212152,0.0,0.005962479800073837
0.5,1.05,0.1,9,"demo_00 -10,-5 deg",True,0.012138741384741088,0.0,0.005992199516117896
0.5,1.05,0.1,10,"demo_00 -10,+0 deg",True,0.006146714108230071,0.0,0.005994573381008739
0.5,1.05,0.1,11,"demo_00 -10,+5 deg",False,0.0007837971855107727,0.0,nan
0.5,1.05,0.1,12,"demo_00 -10,+10 deg",False,0.004017041921045238,0.0417187848716285,nan
0.5,1.05,0.1,13,"demo_00 -10,+15 deg",False,0.008266389455588023,0.04938528957563068,nan
0.5,1.05,0.1,14,"demo_00 -5,-15 deg",True,0.022014395263683265,0.0,0.005901459894306877
0.5,1.05,0.1,15,"demo_00 -5,-10 deg",True,0.014783423766110873,0.0,0.005969516737953277
0.5,1.05,0.1,16,"demo_00 -5,-5 deg",True,0.00840551926773209,0.0,0.005991620408945462
0.5,1.05,0.1,17,"demo_00 -5,+0 deg",True,0.0026760253509614806,0.0,0.005999057800332884
0.5,1.05,0.1,18,"demo_00 -5,+5 deg",False,0.0025158166151335254,0.07189626855802163,nan
0.5,1.05,0.1,19,"demo_00 -5,+10 deg",False,0.007178928380848935,0.09373871207526396,nan
0.5,1.05,0.1,20,"demo_00 -5,+15 deg",False,0.011287567514099294,0.0837286983950773,nan
0.5,1.05,0.1,21,"demo_00 +0,-15 deg",True,0.017701514995324085,0.0,0.005915701449518862
0.5,1.05,0.1,22,"demo_00 +0,-10 deg",True,0.010938793155175146,0.0,0.0059762279201988735
0.5,1.05,0.1,23,"demo_00 +0,-5 deg",True,0.0049008731653109264,0.0,0.005995427223045448
0.5,1.05,0.1,24,demo_00,True,0.0006365954413505553,0.005664758712608231,0.00599512594274465
0.5,1.05,0.1,25,"demo_00 +0,+5 deg",False,0.005668831307375852,0.10127011749144003,nan
0.5,1.05,0.1,26,"demo_00 +0,+10 deg",False,0.010266521722449178,0.109233186290005,nan
0.5,1.05,0.1,27,"demo_00 +0,+15 deg",False,0.014333822220867215,0.09615490278669303,nan
0.5,1.05,0.1,28,"demo_00 +5,-15 deg",True,0.013623064033294167,0.0,0.0059325862476601095
0.5,1.05,0.1,29,"demo_00 +5,-10 deg",True,0.007305826919221723,0.0,0.005983799565383553
0.5,1.05,0.1,30,"demo_00 +5,-5 deg",True,0.0016794647636405753,0.0,0.005994786073692029
0.5,1.05,0.1,31,"demo_00 +5,+0 deg",True,0.0038119263875710367,0.0,0.005997763066423641
0.5,1.05,0.1,32,"demo_00 +5,+5 deg",False,0.008727955878268131,0.0774144440522904,nan
0.5,1.05,0.1,33,"demo_00 +5,+10 deg",False,0.013285335942950165,0.0946507325863287,nan
0.5,1.05,0.1,34,"demo_00 +5,+15 deg",False,0.017362217100253447,0.08739143006911135,nan
0.5,1.05,0.1,35,"demo_00 +10,-15 deg",True,0.009698643399197841,0.0,0.005949903564665854
0.5,1.05,0.1,36,"demo_00 +10,-10 deg",True,0.0038658882676723145,0.0,0.0059936889954146835
0.5,1.05,0.1,37,"demo_00 +10,-5 deg",True,0.0020798432112038735,0.0,0.006000405376629136
0.5,1.05,0.1,38,"demo_00 +10,+0 deg",False,0.00695233613117,0.005694620537171485,nan
0.5,1.05,0.1,39,"demo_00 +10,+5 deg",False,0.011759939868981063,0.0464734181266204,nan
0.5,1.05,0.1,40,"demo_00 +10,+10 deg",False,0.01628618156101902,0.0595893688259872,nan
0.5,1.05,0.1,41,"demo_00 +10,+15 deg",False,0.02039334248228351,0.06341728846037897,nan
0.5,1.05,0.1,42,"demo_00 +15,-15 deg",True,0.005849006182967321,0.0,0.005972623991734525
0.5,1.05,0.1,43,"demo_00 +15,-10 deg",True,0.0014540763919790103,0.0,0.006002795800824231
0.5,1.05,0.1,44,"demo_00 +15,-5 deg",True,0.005298281565488089,0.0,0.006000523778585568
0.5,1.05,0.1,45,"demo_00 +15,+0 deg",False,0.010133988098756154,0.0,nan
0.5,1.05,0.1,46,"demo_00 +15,+5 deg",False,0.014842597132066494,0.01308479595583123,nan
0.5,1.05,0.1,47,"demo_00 +15,+10 deg",False,0.01933760764302603,0.024251588877383212,nan
0.5,1.05,0.1,48,"demo_00 +15,+15 deg",False,0.023476964595781087,0.027761586638224922,nan
0.5,1.05,0.15,0,"demo_00 -15,-15 deg",True,0.025715834041854346,0.0,0.005907244284438978
0.5,1.05,0.15,1,"demo_00 -15,-10 deg",True,0.018320892070997796,0.0,0.005908868949481785
0.5,1.05,0.15,2,"demo_00 -15,-5 deg",True,0.01221083909922656,0.0,0.005907737025445717
0.5,1.05,0.15,3,"demo_00 -15,+0 deg",True,0.0069114049640487,0.0,0.0059096270979084285
0.5,1.05,0.15,4,"demo_00 -15,+5 deg",True,0.003086931261963828,0.0,0.005911162137094809
0.5,1.05,0.15,5,"demo_00 -15,+10 deg",True,0.0048722686865997865,0.0,0.00591146999457698
0.5,1.05,0.15,6,"demo_00 -15,+15 deg",True,0.009295633598613582,0.0,0.005913224686591602
0.5,1.05,0.15,7,"demo_00 -10,-15 deg",True,0.021734915190877564,0.0,0.005906374908351411
0.5,1.05,0.15,8,"demo_00 -10,-10 deg",True,0.014999776034066128,0.0,0.00590866327545457
0.5,1.05,0.15,9,"demo_00 -10,-5 deg",True,0.009423389380369109,0.0,0.005911046703835496
0.5,1.05,0.15,10,"demo_00 -10,+0 deg",True,0.00447557881851496,0.0,0.005910367621687262
0.5,1.05,0.15,11,"demo_00 -10,+5 deg",True,0.0013681463908437788,0.0,0.005913303434329726
0.5,1.05,0.15,12,"demo_00 -10,+10 deg",True,0.005071964254483661,0.0,0.005912328185626335
0.5,1.05,0.15,13,"demo_00 -10,+15 deg",True,0.009346487632629682,0.0,0.005909640405432967
0.5,1.05,0.15,14,"demo_00 -5,-15 deg",True,0.01791268968363596,0.0,0.005905663827363622
0.5,1.05,0.15,15,"demo_00 -5,-10 deg",True,0.011760245165700926,0.0,0.005906673232493172
0.5,1.05,0.15,16,"demo_00 -5,-5 deg",True,0.006642644417082192,0.0,0.005909710421422633
0.5,1.05,0.15,17,"demo_00 -5,+0 deg",True,0.002004344168650143,0.0,0.005910606994126221
0.5,1.05,0.15,18,"demo_00 -5,+5 deg",True,0.0024294371128315297,0.02340205698044956,0.0059094239511621295
0.5,1.05,0.15,19,"demo_00 -5,+10 deg",True,0.00652697897102934,0.037576212223476096,0.005908958190813721
0.5,1.05,0.15,20,"demo_00 -5,+15 deg",True,0.010441850886989892,0.011214786337673671,0.005908998582072925
0.5,1.05,0.15,21,"demo_00 +0,-15 deg",True,0.014330487219315983,0.0,0.005903874863548288
0.5,1.05,0.15,22,"demo_00 +0,-10 deg",True,0.00868589075317149,0.0,0.005910798745434883
0.5,1.05,0.15,23,"demo_00 +0,-5 deg",True,0.003944734154662068,0.0,0.00591042629229823
0.5,1.05,0.15,24,demo_00,True,0.00046480273089255167,0.00727203956057935,0.0059126861026493095
0.5,1.05,0.15,25,"demo_00 +0,+5 deg",True,0.004674321689873743,0.06019031505225976,0.005910608818825586
0.5,1.05,0.15,26,"demo_00 +0,+10 deg",True,0.008642362210330809,0.05898484582293606,0.005910870298737063
0.5,1.05,0.15,27,"demo_00 +0,+15 deg",True,0.01235212875693683,0.02696546294225602,0.00590876829045774
0.5,1.05,0.15,28,"demo_00 +5,-15 deg",True,0.011002091593622105,0.0,0.005904780573814915
0.5,1.05,0.15,29,"demo_00 +5,-10 deg",True,0.005802923415375062,0.0,0.005908865051290708
0.5,1.05,0.15,30,"demo_00 +5,-5 deg",True,0.0014173245098000526,0.0,0.005913372429046438
0.5,1.05,0.15,31,"demo_00 +5,+0 deg",True,0.002903065210588491,0.0,0.005908801415948097
0.5,1.05,0.15,32,"demo_00 +5,+5 deg",True,0.007053180342824555,0.04559371444201046,0.005911307910305814
0.5,1.05,0.15,33,"demo_00 +5,+10 deg",True,0.01104973369223071,0.04748344775263211,0.005912404825331479
0.5,1.05,0.15,34,"demo_00 +5,+15 deg",True,0.014780016619329588,0.019119015323595584,0.005911975129387166
0.5,1.05,0.15,35,"demo_00 +10,-15 deg",True,0.007866941692872675,0.0,0.005907010325415147
0.5,1.05,0.15,36,"demo_00 +10,-10 deg",True,0.0031226944959134224,0.0,0.005910350933936148
0.5,1.05,0.15,37,"demo_00 +10,-5 deg",True,0.001568275668034927,0.0,0.00591171144103728
0.5,1.05,0.15,38,"demo_00 +10,+0 deg",True,0.00539505164869495,0.0,0.005909906306106283
0.5,1.05,0.15,39,"demo_00 +10,+5 deg",True,0.009524206284983218,0.018131449469775962,0.0059095721612902954
0.5,1.05,0.15,40,"demo_00 +10,+10 deg",True,0.01364155907570419,0.01186213844203407,0.005909091131492996
0.5,1.05,0.15,41,"demo_00 +10,+15 deg",True,0.017547101232290727,0.0,0.005908255045756098
0.5,1.05,0.15,42,"demo_00 +15,-15 deg",True,0.004816398376169904,0.0,0.005909135679124024
0.5,1.05,0.15,43,"demo_00 +15,-10 deg",True,0.0014124158908075464,0.0,0.005910332645488836
0.5,1.05,0.15,44,"demo_00 +15,-5 deg",True,0.004192951378542143,0.0,0.005912320730351343
0.5,1.05,0.15,45,"demo_00 +15,+0 deg",True,0.008037679987970127,0.0,0.005912164771465416
0.5,1.05,0.15,46,"demo_00 +15,+5 deg",True,0.012169871858963437,0.0,0.005910631904073495
0.5,1.05,0.15,47,"demo_00 +15,+10 deg",True,0.01644449311005943,0.0,0.005912378337637839
0.5,1.05,0.15,48,"demo_00 +15,+15 deg",True,0.020601667662511546,0.0,0.005912938232986692
0.5,1.05,0.2,0,"demo_00 -15,-15 deg",True,0.02282216038545902,0.0,0.005935055201604564
0.5,1.05,0.2,1,"demo_00 -15,-10 deg",True,0.015168007694802909,0.0,0.005934664568671621
0.5,1.05,0.2,2,"demo_00 -15,-5 deg",True,0.009183405626586589,0.0,0.005934758149101382
0.5,1.05,0.2,3,"demo_00 -15,+0 deg",True,0.004429621664121113,0.0,0.005933855882225549
0.5,1.05,0.2,4,"demo_00 -15,+5 deg",True,0.001989669667838667,0.0,0.005934282694500674
0.5,1.05,0.2,5,"demo_00 -15,+10 deg",True,0.0041328555124220704,0.0,0.005934819862792196
0.5,1.05,0.2,6,"demo_00 -15,+15 deg",True,0.007918579835718234,0.0,0.005936857793906627
0.5,1.05,0.2,7,"demo_00 -10,-15 deg",True,0.019902038626148526,0.0,0.005936055471428383
0.5,1.05,0.2,8,"demo_00 -10,-10 deg",True,0.01307550518376778,0.0,0.005936411487568318
0.5,1.05,0.2,9,"demo_00 -10,-5 deg",True,0.007679220527674441,0.0,0.005933713258275688
0.5,1.05,0.2,10,"demo_00 -10,+0 deg",True,0.003187184901715769,0.0,0.005936651931362245
0.5,1.05,0.2,11,"demo_00 -10,+5 deg",True,0.0013574612411877255,0.0,0.005936287793416794
0.5,1.05,0.2,12,"demo_00 -10,+10 deg",True,0.004032604207374604,0.0,0.005937127596724967
0.5,1.05,0.2,13,"demo_00 -10,+15 deg",True,0.007315263001147494,0.0,0.005934633390910274
0.5,1.05,0.2,14,"demo_00 -5,-15 deg",True,0.016693538626009714,0.0,0.00593673111510547
0.5,1.05,0.2,15,"demo_00 -5,-10 deg",True,0.010602189878961782,0.0,0.00593596475624148
0.5,1.05,0.2,16,"demo_00 -5,-5 deg",True,0.005766582384617533,0.0,0.00593657999602884
0.5,1.05,0.2,17,"demo_00 -5,+0 deg",True,0.0015581281966223874,0.0,0.005934057902135164
0.5,1.05,0.2,18,"demo_00 -5,+5 deg",True,0.002035326577917648,0.022017404749230307,0.005933834353900982
0.5,1.05,0.2,19,"demo_00 -5,+10 deg",True,0.004763631801661493,0.012281284937360804,0.005934371503919602
0.5,1.05,0.2,20,"demo_00 -5,+15 deg",True,0.007469127529140296,0.0,0.005936137106039758
0.5,1.05,0.2,21,"demo_00 +0,-15 deg",True,0.013409607361698767,0.0,0.0059339052573657266
0.5,1.05,0.2,22,"demo_00 +0,-10 deg",True,0.007946531368900238,0.0,0.005935291057040835
0.5,1.05,0.2,23,"demo_00 +0,-5 deg",True,0.0035924487594352337,0.0,0.005936313990512841
0.5,1.05,0.2,24,demo_00,True,0.00037863093892953007,0.008097772671985897,0.0059352737494334055
0.5,1.05,0.2,25,"demo_00 +0,+5 deg",True,0.0037860291156466054,0.05906664426341969,0.005935491808358488
0.5,1.05,0.2,26,"demo_00 +0,+10 deg",True,0.006426222147994852,0.026130748151481253,0.00593432968253877
0.5,1.05,0.2,27,"demo_00 +0,+15 deg",True,0.00878979385698571,0.0,0.005934366666717153
0.5,1.05,0.2,28,"demo_00 +5,-15 deg",True,0.010231389959194665,0.0,0.005936015791870483
0.5,1.05,0.2,29,"demo_00 +5,-10 deg",True,0.005298996065848967,0.0,0.005933748644932871
0.5,1.05,0.2,30,"demo_00 +5,-5 deg",True,0.0013729981481969914,0.0,0.005935279208913351
0.5,1.05,0.2,31,"demo_00 +5,+0 deg",True,0.00250077100701602,0.0006797743346200341,0.005936443013913634
0.5,1.05,0.2,32,"demo_00 +5,+5 deg",True,0.005941989686360054,0.036075578704626104,0.0059357784973917355
0.5,1.05,0.2,33,"demo_00 +5,+10 deg",True,0.008744498775389338,0.004670594941136946,0.005936252164473386
0.5,1.05,0.2,34,"demo_00 +5,+15 deg",True,0.011176265320948092,0.0,0.005934611452861978
0.5,1.05,0.2,35,"demo_00 +10,-15 deg",True,0.007227436786734368,0.0,0.005933394406690829
0.5,1.05,0.2,36,"demo_00 +10,-10 deg",True,0.0028082398130540942,0.0,0.00593497385227192
0.5,1.05,0.2,37,"demo_00 +10,-5 deg",True,0.0014440986494117238,0.0,0.00593709164483669
0.5,1.05,0.2,38,"demo_00 +10,+0 deg",True,0.004817584870110071,0.0,0.005936452746658289
0.5,1.05,0.2,39,"demo_00 +10,+5 deg",True,0.008384014923408397,0.0,0.005934306815498182
0.5,1.05,0.2,40,"demo_00 +10,+10 deg",True,0.011542554604809328,0.0,0.005936509720536916
0.5,1.05,0.2,41,"demo_00 +10,+15 deg",True,0.014346098751156212,0.0,0.0059362189188371835
0.5,1.05,0.2,42,"demo_00 +15,-15 deg",True,0.004353871305616171,0.0,0.005934060280477082
0.5,1.05,0.2,43,"demo_00 +15,-10 deg",True,0.0014274620904564683,0.0,0.005936458399193919
0.5,1.05,0.2,44,"demo_00 +15,-5 deg",True,0.003920381940100734,0.0,0.005934448492103768
0.5,1.05,0.2,45,"demo_00 +15,+0 deg",True,0.0073910918094586,0.0,0.005936760717894777
0.5,1.05,0.2,46,"demo_00 +15,+5 deg",True,0.011165662927334317,0.0,0.005937110137278851
0.5,1.05,0.2,47,"demo_00 +15,+10 deg",True,0.014798890876030764,0.0,0.005937020091683757
0.5,1.05,0.2,48,"demo_00 +15,+15 deg",True,0.018131463574474895,0.0,0.005934788509021836
0.5,1.05,0.3,0,"demo_00 -15,-15 deg",True,0.02370996011311804,0.0,0.006000208566237896
0.5,1.05,0.3,1,"demo_00 -15,-10 deg",True,0.013809122201558947,0.0,0.005999529080926016
0.5,1.05,0.3,2,"demo_00 -15,-5 deg",True,0.0070765276549749085,0.0,0.006000006158548638
0.5,1.05,0.3,3,"demo_00 -15,+0 deg",True,0.0034167741476480106,0.0,0.00600029332758224
0.5,1.05,0.3,4,"demo_00 -15,+5 deg",True,0.0021241579179493595,0.0,0.005999621407326517
0.5,1.05,0.3,5,"demo_00 -15,+10 deg",True,0.0061092256615887155,0.0,0.006000165669599727
0.5,1.05,0.3,6,"demo_00 -15,+15 deg",True,0.014554671776409414,0.0,0.0059998567556761645
0.5,1.05,0.3,7,"demo_00 -10,-15 deg",True,0.022363827049553597,0.0,0.005999606561745001
0.5,1.05,0.3,8,"demo_00 -10,-10 deg",True,0.012971054063083607,0.0,0.005999589060001387
0.5,1.05,0.3,9,"demo_00 -10,-5 deg",True,0.00606704874403723,0.0,0.0060001676046673134
0.5,1.05,0.3,10,"demo_00 -10,+0 deg",True,0.0019136396732311748,0.0,0.006000325634052487
0.5,1.05,0.3,11,"demo_00 -10,+5 deg",True,0.001168799737944814,0.0,0.006000176039543533
0.5,1.05,0.3,12,"demo_00 -10,+10 deg",True,0.00541164559285664,0.0,0.005998912926484446
0.5,1.05,0.3,13,"demo_00 -10,+15 deg",True,0.013213169242463211,0.0,0.005999728153317732
0.5,1.05,0.3,14,"demo_00 -5,-15 deg",True,0.02070362134645831,0.0,0.005999708260335142
0.5,1.05,0.3,15,"demo_00 -5,-10 deg",True,0.012057228229440848,0.0,0.006000253584753645
0.5,1.05,0.3,16,"demo_00 -5,-5 deg",True,0.005367099620742525,0.0,0.005999159605561152
0.5,1.05,0.3,17,"demo_00 -5,+0 deg",True,0.0010395781816655944,0.0,0.0060003721620637
0.5,1.05,0.3,18,"demo_00 -5,+5 deg",True,0.0007643296240845278,0.0,0.005999025856693934
0.5,1.05,0.3,19,"demo_00 -5,+10 deg",True,0.004337955087134439,0.0,0.006000450210663734
0.5,1.05,0.3,20,"demo_00 -5,+15 deg",True,0.011374579000980992,0.0,0.005999383559259671
0.5,1.05,0.3,21,"demo_00 +0,-15 deg",True,0.017845564316156547,0.0,0.0060005691290545265
0.5,1.05,0.3,22,"demo_00 +0,-10 deg",True,0.010030349340090866,0.0,0.006000443466465892
0.5,1.05,0.3,23,"demo_00 +0,-5 deg",True,0.003853127555995402,0.0,0.00599930906121694
0.5,1.05,0.3,24,demo_00,True,0.00032685912078770377,0.006175044050562445,0.005999881389696799
0.5,1.05,0.3,25,"demo_00 +0,+5 deg",True,0.001447655838828077,0.0,0.0059997903138305905
0.5,1.05,0.3,26,"demo_00 +0,+10 deg",True,0.0029442156836828755,0.0,0.006000164234913428
0.5,1.05,0.3,27,"demo_00 +0,+15 deg",True,0.009182587988519158,0.0,0.0059998697852172095
0.5,1.05,0.3,28,"demo_00 +5,-15 deg",True,0.013962021881988187,0.0,0.005999016462823851
0.5,1.05,0.3,29,"demo_00 +5,-10 deg",True,0.006956703799185191,0.0,0.0059991877248421034
0.5,1.05,0.3,30,"demo_00 +5,-5 deg",True,0.0014403934399988794,0.0,0.005999596681134713
0.5,1.05,0.3,31,"demo_00 +5,+0 deg",True,0.0025691874605550773,0.0,0.005999880784897028
0.5,1.05,0.3,32,"demo_00 +5,+5 deg",True,0.003718533296853095,0.0,0.005999687639512643
0.5,1.05,0.3,33,"demo_00 +5,+10 deg",True,0.0034597027428409336,0.0,0.005999390170280449
0.5,1.05,0.3,34,"demo_00 +5,+15 deg",True,0.007946831672707407,0.0,0.005999027601504809
0.5,1.05,0.3,35,"demo_00 +10,-15 deg",True,0.009531856139848829,0.0,0.005999687798788098
0.5,1.05,0.3,36,"demo_00 +10,-10 deg",True,0.0033988220697290746,0.0,0.0059994248904153315
0.5,1.05,0.3,37,"demo_00 +10,-5 deg",True,0.0021146962721593746,0.0,0.006000195012420228
0.5,1.05,0.3,38,"demo_00 +10,+0 deg",True,0.0056067724960245455,0.0,0.006000501214396627
0.5,1.05,0.3,39,"demo_00 +10,+5 deg",True,0.007076159303317569,0.0,0.005999178004813706
0.5,1.05,0.3,40,"demo_00 +10,+10 deg",True,0.007157305175721564,0.0,0.005999406312510461
0.5,1.05,0.3,41,"demo_00 +10,+15 deg",True,0.01003951465113152,0.0,0.005999581256402716
0.5,1.05,0.3,42,"demo_00 +15,-15 deg",True,0.005041397666276326,0.0,0.005999819077273636
0.5,1.05,0.3,43,"demo_00 +15,-10 deg",True,0.0017348151540259006,0.0,0.005998924521242832
0.5,1.05,0.3,44,"demo_00 +15,-5 deg",True,0.005570036691672032,0.0,0.005999566039665867
0.5,1.05,0.3,45,"demo_00 +15,+0 deg",True,0.009224791600865747,0.0,0.006000431092961459
0.5,1.05,0.3,46,"demo_00 +15,+5 deg",True,0.011372515013520369,0.0,0.005999297113705197
0.5,1.05,0.3,47,"demo_00 +15,+10 deg",True,0.012432917876783646,0.0,0.005998935261152573
0.5,1.05,0.3,48,"demo_00 +15,+15 deg",True,0.015394161501115005,0.0,0.005999934233794287
0.5,1.2,0.07,0,"demo_00 -15,-15 deg",True,0.04220777847160177,0.0,0.005565420211202709
0.5,1.2,0.07,1,"demo_00 -15,-10 deg",True,0.03169030961921162,0.0,0.0058225263415380675
0.5,1.2,0.07,2,"demo_00 -15,-5 deg",True,0.022136583996241372,0.0,0.005892532388172797
0.5,1.2,0.07,3,"demo_00 -15,+0 deg",True,0.013408070707953164,0.0,0.005905289709298284
0.5,1.2,0.07,4,"demo_00 -15,+5 deg",False,0.005497808297439204,0.17257692147688836,nan
0.5,1.2,0.07,5,"demo_00 -15,+10 deg",False,0.0024015004373213462,0.1618759947263716,nan
0.5,1.2,0.07,6,"demo_00 -15,+15 deg",False,0.008524944260642884,0.15560388130593852,nan
0.5,1.2,0.07,7,"demo_00 -10,-15 deg",True,0.035543002939268,0.0,0.005625562414438408
0.5,1.2,0.07,8,"demo_00 -10,-10 deg",True,0.025666558099080253,0.0,0.005844317886922677
0.5,1.2,0.07,9,"demo_00 -10,-5 deg",True,0.016632551268706997,0.0,0.0058988454216341015
0.5,1.2,0.07,10,"demo_00 -10,+0 deg",True,0.008329108428805217,0.0,0.005903566358588455
0.5,1.2,0.07,11,"demo_00 -10,+5 deg",False,0.0012000308996646981,0.24293173917864994,nan
0.5,1.2,0.07,12,"demo_00 -10,+10 deg",False,0.0065028492044296796,0.22251331119766882,nan
0.5,1.2,0.07,13,"demo_00 -10,+15 deg",False,0.01270219931773726,0.20641147752526592,nan
0.5,1.2,0.07,14,"demo_00 -5,-15 deg",True,0.02940488637494848,0.0,0.005680710187502808
0.5,1.2,0.07,15,"demo_00 -5,-10 deg",True,0.020113046590023453,0.0,0.005860419277025711
0.5,1.2,0.07,16,"demo_00 -5,-5 deg",True,0.011544957091467833,0.0,0.005898674727007066
0.5,1.2,0.07,17,"demo_00 -5,+0 deg",True,0.0036067019806357964,0.0,0.005905285583803203
0.5,1.2,0.07,18,"demo_00 -5,+5 deg",False,0.0038216498800105717,0.3008027283678596,nan
0.5,1.2,0.07,19,"demo_00 -5,+10 deg",False,0.010569713414399991,0.2608865941242948,nan
0.5,1.2,0.07,20,"demo_00 -5,+15 deg",False,0.016628059434256937,0.2335291275290864,nan
0.5,1.2,0.07,21,"demo_00 +0,-15 deg",True,0.023679387404780115,0.0,0.005731018788087847
0.5,1.2,0.07,22,"demo_00 +0,-10 deg",True,0.014925060505701975,0.0,0.005875664631146237
0.5,1.2,0.07,23,"demo_00 +0,-5 deg",True,0.006789980156839187,0.0,0.005903707320238505
0.5,1.2,0.07,24,demo_00,True,0.0008698209474568908,0.006221777343108272,0.005903561430502512
0.5,1.2,0.07,25,"demo_00 +0,+5 deg",False,0.007923558557493217,0.30171721711249333,nan
0.5,1.2,0.07,26,"demo_00 +0,+10 deg",False,0.014465245303461953,0.2621962356898477,nan
0.5,1.2,0.07,27,"demo_00 +0,+15 deg",False,0.02036309272964858,0.2352696606515169,nan
0.5,1.2,0.07,28,"demo_00 +5,-15 deg",True,0.018243708953050816,0.0,0.00577730136156602
0.5,1.2,0.07,29,"demo_00 +5,-10 deg",True,0.010001776227538721,0.0,0.005888625775341512
0.5,1.2,0.07,30,"demo_00 +5,-5 deg",True,0.002421665821858836,0.0,0.005903430328210853
0.5,1.2,0.07,31,"demo_00 +5,+0 deg",True,0.005155243136258038,0.0,0.005905208017869009
0.5,1.2,0.07,32,"demo_00 +5,+5 deg",False,0.01192687887229832,0.25542773187538903,nan
0.5,1.2,0.07,33,"demo_00 +5,+10 deg",False,0.01824045417304183,0.2341891627148193,nan
0.5,1.2,0.07,34,"demo_00 +5,+15 deg",False,0.023971913949968678,0.21437625227872745,nan
0.5,1.2,0.07,35,"demo_00 +10,-15 deg",True,0.012977190186927837,0.0,0.0058218568249405935
0.5,1.2,0.07,36,"demo_00 +10,-10 deg",True,0.005302637210275328,0.0,0.005900807697625382
0.5,1.2,0.07,37,"demo_00 +10,-5 deg",True,0.0027583831840840263,0.0,0.005907498453670232
0.5,1.2,0.07,38,"demo_00 +10,+0 deg",True,0.009375442958081195,0.0,0.005905320315288934
0.5,1.2,0.07,39,"demo_00 +10,+5 deg",False,0.015877269111002543,0.20589671743720608,nan
0.5,1.2,0.07,40,"demo_00 +10,+10 deg",False,0.02196079527639176,0.18600610796700923,nan
0.5,1.2,0.07,41,"demo_00 +10,+15 deg",False,0.02751820100657937,0.17893201439959483,nan
0.5,1.2,0.07,42,"demo_00 +15,-15 deg",True,0.007784568895121713,0.0,0.005864105063578169
0.5,1.2,0.07,43,"demo_00 +15,-10 deg",True,0.0018625901637373725,0.0,0.005909792277075131
0.5,1.2,0.07,44,"demo_00 +15,-5 deg",True,0.0070814426055716495,0.0,0.005910479318144109
0.5,1.2,0.07,45,"demo_00 +15,+0 deg",True,0.013605734893867863,0.0,0.005905844316858943
0.5,1.2,0.07,46,"demo_00 +15,+5 deg",False,0.019841824789834327,0.15605519368949725,nan
0.5,1.2,0.07,47,"demo_00 +15,+10 deg",False,0.02568953196346622,0.1381446396397341,nan
0.5,1.2,0.07,48,"demo_00 +15,+15 deg",False,0.03106178737575318,0.13119174845249165,nan
0.5,1.2,0.1,0,"demo_00 -15,-15 deg",True,0.035336582426975405,0.0,0.0058729741421073255
0.5,1.2,0.1,1,"demo_00 -15,-10 deg",True,0.026729628250619693,0.0,0.005873446858056697
0.5,1.2,0.1,2,"demo_00 -15,-5 deg",True,0.019069073495997704,0.0,0.005874637012650778
0.5,1.2,0.1,3,"demo_00 -15,+0 deg",True,0.011707711786112142,0.0,0.005874708118737559
0.5,1.2,0.1,4,"demo_00 -15,+5 deg",True,0.00446499996926366,0.0,0.005875930723181447
0.5,1.2,0.1,5,"demo_00 -15,+10 deg",True,0.004030692206026969,0.0012321826735643693,0.00587461685308363
0.5,1.2,0.1,6,"demo_00 -15,+15 deg",True,0.011317377254899732,0.02023881479106801,0.0058754715319996615
0.5,1.2,0.1,7,"demo_00 -10,-15 deg",True,0.028837341918180187,0.0,0.00587036629455615
0.5,1.2,0.1,8,"demo_00 -10,-10 deg",True,0.020931344379763843,0.0,0.00587248822874069
0.5,1.2,0.1,9,"demo_00 -10,-5 deg",True,0.0138761350840092,0.0,0.005875133286278471
0.5,1.2,0.1,10,"demo_00 -10,+0 deg",True,0.007051459690247933,0.0,0.005874883907217482
0.5,1.2,0.1,11,"demo_00 -10,+5 deg",True,0.0004736203418644241,0.0,0.005875869159275766
0.5,1.2,0.1,12,"demo_00 -10,+10 deg",True,0.007045382522019283,0.06297892624921558,0.005873564360911041
0.5,1.2,0.1,13,"demo_00 -10,+15 deg",True,0.014181132709042105,0.075407207650901,0.00587575462053081
0.5,1.2,0.1,14,"demo_00 -5,-15 deg",True,0.023192888083166455,0.0,0.00587411662139526
0.5,1.2,0.1,15,"demo_00 -5,-10 deg",True,0.015902351000403332,0.0,0.005872613887883693
0.5,1.2,0.1,16,"demo_00 -5,-5 deg",True,0.009351344192818781,0.0,0.005874611801909361
0.5,1.2,0.1,17,"demo_00 -5,+0 deg",True,0.0029664828077866985,0.0,0.0058764178418013015
0.5,1.2,0.1,18,"demo_00 -5,+5 deg",True,0.0035949039628225586,0.08253606820191499,0.005874317420184171
0.5,1.2,0.1,19,"demo_00 -5,+10 deg",True,0.010391823383884412,0.12456897663436053,0.005875855799667486
0.5,1.2,0.1,20,"demo_00 -5,+15 deg",True,0.017307916387723537,0.11380820526806967,0.005874267374428147
0.5,1.2,0.1,21,"demo_00 +0,-15 deg",True,0.01828795863737116,0.0,0.00587247304133701
0.5,1.2,0.1,22,"demo_00 +0,-10 deg",True,0.011531485486304262,0.0,0.005873547386780227
0.5,1.2,0.1,23,"demo_00 +0,-5 deg",True,0.005400112632856396,0.0,0.005875520175565214
0.5,1.2,0.1,24,demo_00,True,0.0006593900193591635,0.0058602813841017575,0.005874807001291242
0.5,1.2,0.1,25,"demo_00 +0,+5 deg",True,0.006903357893023994,0.12633359964427882,0.005873848231472941
0.5,1.2,0.1,26,"demo_00 +0,+10 deg",True,0.013506255293618255,0.14171828534178266,0.0058771225512553775
0.5,1.2,0.1,27,"demo_00 +0,+15 deg",True,0.02035573705629902,0.12316146123183569,0.005873852880599592
0.5,1.2,0.1,28,"demo_00 +5,-15 deg",True,0.013945621585179464,0.0,0.005875290004270977
0.5,1.2,0.1,29,"demo_00 +5,-10 deg",True,0.007661291859317574,0.0,0.005874061938294776
0.5,1.2,0.1,30,"demo_00 +5,-5 deg",True,0.0019778718619054823,0.0,0.005875228874678574
0.5,1.2,0.1,31,"demo_00 +5,+0 deg",False,0.0039420205501478865,0.0,nan
0.5,1.2,0.1,32,"demo_00 +5,+5 deg",True,0.00992955744210678,0.10447504254441844,0.005875709935264896
0.5,1.2,0.1,33,"demo_00 +5,+10 deg",True,0.016393721753178256,0.12114121702334243,0.005874633992561376
0.5,1.2,0.1,34,"demo_00 +5,+15 deg",True,0.02326594808072613,0.10473031174971012,0.005875450067715001
0.5,1.2,0.1,35,"demo_00 +10,-15 deg",True,0.009955957715728707,0.0,0.005873951035359571
0.5,1.2,0.1,36,"demo_00 +10,-10 deg",True,0.00417109148988289,0.0,0.005873469037704876
0.5,1.2,0.1,37,"demo_00 +10,-5 deg",True,0.0019947129332423736,0.0,0.005874269185982689
0.5,1.2,0.1,38,"demo_00 +10,+0 deg",False,0.007083892191085218,0.0,nan
0.5,1.2,0.1,39,"demo_00 +10,+5 deg",True,0.012827131898965052,0.06572839768594707,0.005876789067023517
0.5,1.2,0.1,40,"demo_00 +10,+10 deg",True,0.019167850989558942,0.0747757563490703,0.005874430922035215
0.5,1.2,0.1,41,"demo_00 +10,+15 deg",True,0.026097995143474474,0.06800747434583532,0.005873536980053625
0.5,1.2,0.1,42,"demo_00 +15,-15 deg",True,0.006127448239002309,0.0,0.0058726551636472685
0.5,1.2,0.1,43,"demo_00 +15,-10 deg",True,0.0017999995175480314,0.00020909923891196044,0.00587731826903734
0.5,1.2,0.1,44,"demo_00 +15,-5 deg",True,0.005215059630564428,0.0,0.005873112218892105
0.5,1.2,0.1,45,"demo_00 +15,+0 deg",True,0.010243433143155291,0.0,0.005873635088976172
0.5,1.2,0.1,46,"demo_00 +15,+5 deg",True,0.01575158327720558,0.013240226935854915,0.005873875039983408
0.5,1.2,0.1,47,"demo_00 +15,+10 deg",True,0.02196648519986991,0.023050133369774573,0.005873887516304894
0.5,1.2,0.1,48,"demo_00 +15,+15 deg",True,0.028958059308766215,0.015232572947973533,0.005873622012167644
0.5,1.2,0.15,0,"demo_00 -15,-15 deg",True,0.031101844864914466,0.0,0.005904982831291846
0.5,1.2,0.15,1,"demo_00 -15,-10 deg",True,0.022897391820249503,0.0,0.005904215745433272
0.5,1.2,0.15,2,"demo_00 -15,-5 deg",True,0.015764310129187786,0.0,0.0059028174511187035
0.5,1.2,0.15,3,"demo_00 -15,+0 deg",True,0.00869670815235532,0.0,0.005902061807255957
0.5,1.2,0.15,4,"demo_00 -15,+5 deg",True,0.00439090051950478,0.0,0.005901949855151799
0.5,1.2,0.15,5,"demo_00 -15,+10 deg",True,0.009255327365644592,0.0,0.005904278114050249
0.5,1.2,0.15,6,"demo_00 -15,+15 deg",True,0.01714500553856743,0.0,0.00590183959948971
0.5,1.2,0.15,7,"demo_00 -10,-15 deg",True,0.025118724892246667,0.0,0.005904461099435959
0.5,1.2,0.15,8,"demo_00 -10,-10 deg",True,0.01779681034392853,0.0,0.005903329319189884
0.5,1.2,0.15,9,"demo_00 -10,-5 deg",True,0.011641717166080345,0.0,0.005903243674032686
0.5,1.2,0.15,10,"demo_00 -10,+0 deg",True,0.00532772341590713,0.0,0.005901753543168393
0.5,1.2,0.15,11,"demo_00 -10,+5 deg",True,0.002567049216033314,0.0,0.005902248863961248
0.5,1.2,0.15,12,"demo_00 -10,+10 deg",True,0.009072925567172117,0.013681820605861067,0.005904277471172075
0.5,1.2,0.15,13,"demo_00 -10,+15 deg",True,0.016786047753265313,0.0,0.005903948965796133
0.5,1.2,0.15,14,"demo_00 -5,-15 deg",True,0.019782926323245728,0.0,0.005904154143676976
0.5,1.2,0.15,15,"demo_00 -5,-10 deg",True,0.013193648347147459,0.0,0.0059031900555868095
0.5,1.2,0.15,16,"demo_00 -5,-5 deg",True,0.007821032378118273,0.0,0.005902626052561236
0.5,1.2,0.15,17,"demo_00 -5,+0 deg",True,0.0022359639658587893,0.0,0.005901610057775826
0.5,1.2,0.15,18,"demo_00 -5,+5 deg",True,0.00398229348366134,0.06278030448076456,0.005901745569960184
0.5,1.2,0.15,19,"demo_00 -5,+10 deg",True,0.010549941545733134,0.07692029812374118,0.005901767374538766
0.5,1.2,0.15,20,"demo_00 -5,+15 deg",True,0.017949150501232674,0.025312550440584336,0.005904391177239194
0.5,1.2,0.15,21,"demo_00 +0,-15 deg",True,0.015244176710506836,0.0,0.005904485073767437
0.5,1.2,0.15,22,"demo_00 +0,-10 deg",True,0.009283145144859728,0.0,0.00590233904099076
0.5,1.2,0.15,23,"demo_00 +0,-5 deg",True,0.004520064445655043,0.0,0.005902759635619052
0.5,1.2,0.15,24,demo_00,True,0.0004588582316002208,0.008198313246276465,0.005903921721233071
0.5,1.2,0.15,25,"demo_00 +0,+5 deg",True,0.006201003356467714,0.10188943467917423,0.00590392799251323
0.5,1.2,0.15,26,"demo_00 +0,+10 deg",True,0.012733145788702957,0.09332564414719494,0.00590351560118912
0.5,1.2,0.15,27,"demo_00 +0,+15 deg",True,0.020144089164781356,0.04409370935141149,0.005903622237727288
0.5,1.2,0.15,28,"demo_00 +5,-15 deg",True,0.01144472167696485,0.0,0.005903989770183064
0.5,1.2,0.15,29,"demo_00 +5,-10 deg",True,0.006030162508899665,0.0,0.005901690628440704
0.5,1.2,0.15,30,"demo_00 +5,-5 deg",True,0.0018032298678530357,0.0,0.005901683655969356
0.5,1.2,0.15,31,"demo_00 +5,+0 deg",True,0.0028172303412289613,0.012744723320645364,0.005903539809210837
0.5,1.2,0.15,32,"demo_00 +5,+5 deg",True,0.008318163126319335,0.07026806164280708,0.0059036492872515025
0.5,1.2,0.15,33,"demo_00 +5,+10 deg",True,0.015120529200128257,0.06563153975138988,0.005903627629530309
0.5,1.2,0.15,34,"demo_00 +5,+15 deg",True,0.022918159132888367,0.02891542436130154,0.005903304046228471
0.5,1.2,0.15,35,"demo_00 +10,-15 deg",True,0.00815889851056332,0.0,0.005902333341567227
0.5,1.2,0.15,36,"demo_00 +10,-10 deg",True,0.0033014459613525692,0.0,0.005902432267750534
0.5,1.2,0.15,37,"demo_00 +10,-5 deg",True,0.001544096617959372,0.0,0.005903829739762451
0.5,1.2,0.15,38,"demo_00 +10,+0 deg",True,0.005131674794325885,0.0,0.005902683283199585
0.5,1.2,0.15,39,"demo_00 +10,+5 deg",True,0.010467842874798584,0.018081205819991453,0.005901528434091664
0.5,1.2,0.15,40,"demo_00 +10,+10 deg",True,0.01766290358655601,0.008727087622242946,0.005902065657345544
0.5,1.2,0.15,41,"demo_00 +10,+15 deg",True,0.02604703407925918,0.0,0.005903510587558962
0.5,1.2,0.15,42,"demo_00 +15,-15 deg",True,0.005095865178872,0.0,0.0059041891551212065
0.5,1.2,0.15,43,"demo_00 +15,-10 deg",True,0.0017995552585882261,0.0,0.005901947155195782
0.5,1.2,0.15,44,"demo_00 +15,-5 deg",True,0.0040885876314972055,0.0,0.005903445594726074
0.5,1.2,0.15,45,"demo_00 +15,+0 deg",True,0.007692174613418266,0.0,0.005903048053417449
0.5,1.2,0.15,46,"demo_00 +15,+5 deg",True,0.012935165572122213,0.0,0.005904357776429167
0.5,1.2,0.15,47,"demo_00 +15,+10 deg",True,0.020506352283784977,0.0,0.005904102112752745
0.5,1.2,0.15,48,"demo_00 +15,+15 deg",True,0.029497622555333686,0.0,0.005904004755766859
0.5,1.2,0.2,0,"demo_00 -15,-15 deg",True,0.029579927796543476,0.0,0.005952978986049429
0.5,1.2,0.2,1,"demo_00 -15,-10 deg",True,0.019755849525672987,0.0,0.0059517034737426935
0.5,1.2,0.2,2,"demo_00 -15,-5 deg",True,0.011689070119060464,0.0,0.0059516379735019805
0.5,1.2,0.2,3,"demo_00 -15,+0 deg",True,0.005715997105575026,0.0,0.005950954685599999
0.5,1.2,0.2,4,"demo_00 -15,+5 deg",True,0.0043503212688830745,0.0,0.005949190989653161
0.5,1.2,0.2,5,"demo_00 -15,+10 deg",True,0.007986685013937858,0.0,0.0059501886260432705
0.5,1.2,0.2,6,"demo_00 -15,+15 deg",True,0.014978644392476922,0.0,0.005949877597631074
0.5,1.2,0.2,7,"demo_00 -10,-15 deg",True,0.025296854331924228,0.0,0.005951851465891338
0.5,1.2,0.2,8,"demo_00 -10,-10 deg",True,0.01678219665866841,0.0,0.005951197202158758
0.5,1.2,0.2,9,"demo_00 -10,-5 deg",True,0.009800927562083712,0.0,0.005949506969256793
0.5,1.2,0.2,10,"demo_00 -10,+0 deg",True,0.003935838138852648,0.0,0.005948980479313204
0.5,1.2,0.2,11,"demo_00 -10,+5 deg",True,0.002428406800779261,0.0,0.005950261094891061
0.5,1.2,0.2,12,"demo_00 -10,+10 deg",True,0.006363907066688534,0.0,0.005949980479964654
0.5,1.2,0.2,13,"demo_00 -10,+15 deg",True,0.012937708114595995,0.0,0.005948754576413112
0.5,1.2,0.2,14,"demo_00 -5,-15 deg",True,0.02056050097315464,0.0,0.005951859248415004
0.5,1.2,0.2,15,"demo_00 -5,-10 deg",True,0.013041802423680322,0.0,0.005950382234005911
0.5,1.2,0.2,16,"demo_00 -5,-5 deg",True,0.007115913889311092,0.0,0.0059490425379015955
0.5,1.2,0.2,17,"demo_00 -5,+0 deg",True,0.0018002010962433887,0.0,0.005950012782497138
0.5,1.2,0.2,18,"demo_00 -5,+5 deg",True,0.0024751614468420382,0.019288175922148182,0.005949319138138401
0.5,1.2,0.2,19,"demo_00 -5,+10 deg",True,0.006604819123840949,0.0,0.005948792778594544
0.5,1.2,0.2,20,"demo_00 -5,+15 deg",True,0.012560252976889142,0.0,0.005949069648652712
0.5,1.2,0.2,21,"demo_00 +0,-15 deg",True,0.0160276236400601,0.0,0.005950026747442562
0.5,1.2,0.2,22,"demo_00 +0,-10 deg",True,0.009344686347709253,0.0,0.0059504910493691655
0.5,1.2,0.2,23,"demo_00 +0,-5 deg",True,0.004296036360339872,0.0,0.0059487850213857845
0.5,1.2,0.2,24,demo_00,True,0.0003868253757974002,0.007855870236171,0.005949819970612378
0.5,1.2,0.2,25,"demo_00 +0,+5 deg",True,0.004408914347968311,0.0523621815208551,0.005949429723626898
0.5,1.2,0.2,26,"demo_00 +0,+10 deg",True,0.00866143311140442,0.004229538279320766,0.005949303528180534
0.5,1.2,0.2,27,"demo_00 +0,+15 deg",True,0.014186391854521165,0.0,0.005949993509898357
0.5,1.2,0.2,28,"demo_00 +5,-15 deg",True,0.011961251827112074,0.0,0.005950596542437835
0.5,1.2,0.2,29,"demo_00 +5,-10 deg",True,0.006066912066963794,0.0,0.005950390008597549
0.5,1.2,0.2,30,"demo_00 +5,-5 deg",True,0.0018050686404783058,0.0,0.0059487537710640375
0.5,1.2,0.2,31,"demo_00 +5,+0 deg",True,0.0024712117942226174,0.0026078947625548174,0.005949334214938452
0.5,1.2,0.2,32,"demo_00 +5,+5 deg",True,0.006808184159923831,0.010223008506412556,0.005949563889744417
0.5,1.2,0.2,33,"demo_00 +5,+10 deg",True,0.01176969943879153,0.0,0.005949804297274731
0.5,1.2,0.2,34,"demo_00 +5,+15 deg",True,0.017386966207157815,0.0,0.005949169726986308
0.5,1.2,0.2,35,"demo_00 +10,-15 deg",True,0.008351746463182144,0.0,0.005950597520539355
0.5,1.2,0.2,36,"demo_00 +10,-10 deg",True,0.0032714864194592842,0.0,0.005950438591459337
0.5,1.2,0.2,37,"demo_00 +10,-5 deg",True,0.0014671021071161975,0.0,0.005948570418113204
0.5,1.2,0.2,38,"demo_00 +10,+0 deg",True,0.004669913453917185,0.0,0.005949032024261496
0.5,1.2,0.2,39,"demo_00 +10,+5 deg",True,0.009521829700466333,0.0,0.00595012485218034
0.5,1.2,0.2,40,"demo_00 +10,+10 deg",True,0.015453349637426415,0.0,0.005949098662004242
0.5,1.2,0.2,41,"demo_00 +10,+15 deg",True,0.021500854701400764,0.0,0.005950447876666976
0.5,1.2,0.2,42,"demo_00 +15,-15 deg",True,0.005039081417629177,0.0,0.005949592020085419
0.5,1.2,0.2,43,"demo_00 +15,-10 deg",True,0.0017325457007004335,0.0,0.005950048753495964
0.5,1.2,0.2,44,"demo_00 +15,-5 deg",True,0.0038684052156248623,0.0,0.005948712311874015
0.5,1.2,0.2,45,"demo_00 +15,+0 deg",True,0.007273831998822871,0.0,0.005950263293763055
0.5,1.2,0.2,46,"demo_00 +15,+5 deg",True,0.012689173280121657,0.0,0.005949384969369171
0.5,1.2,0.2,47,"demo_00 +15,+10 deg",True,0.019562561490239657,0.0,0.005949086794786424
0.5,1.2,0.2,48,"demo_00 +15,+15 deg",True,0.026136996142410357,0.0,0.0059502188854453145
0.5,1.2,0.3,0,"demo_00 -15,-15 deg",True,0.037302595004569394,0.0,0.0059568131533848144
0.5,1.2,0.3,1,"demo_00 -15,-10 deg",True,0.022189984622678873,0.0,0.0059570619314973546
0.5,1.2,0.3,2,"demo_00 -15,-5 deg",True,0.011396740464397991,0.0,0.0059569420784602286
0.5,1.2,0.3,3,"demo_00 -15,+0 deg",True,0.006291774867812222,0.0,0.005956688511444278
0.5,1.2,0.3,4,"demo_00 -15,+5 deg",True,0.006507935922623726,0.0,0.005956875964784566
0.5,1.2,0.3,5,"demo_00 -15,+10 deg",True,0.013946568570629743,0.0,0.005956762575430548
0.5,1.2,0.3,6,"demo_00 -15,+15 deg",True,0.02643630010827926,0.0,0.005957067494007763
0.5,1.2,0.3,7,"demo_00 -10,-15 deg",True,0.03823292899690317,0.0,0.005956579399010388
0.5,1.2,0.3,8,"demo_00 -10,-10 deg",True,0.021800389364413773,0.0,0.005956688659145336
0.5,1.2,0.3,9,"demo_00 -10,-5 deg",True,0.009117741147877627,0.0,0.005956617927435456
0.5,1.2,0.3,10,"demo_00 -10,+0 deg",True,0.0027600594230708557,0.0,0.005956547551053933
0.5,1.2,0.3,11,"demo_00 -10,+5 deg",True,0.0036014958752204978,0.0,0.005956730676457561
0.5,1.2,0.3,12,"demo_00 -10,+10 deg",True,0.012420891125849045,0.0,0.005956796800626863
0.5,1.2,0.3,13,"demo_00 -10,+15 deg",True,0.02509934119847098,0.0,0.005956802270543803
0.5,1.2,0.3,14,"demo_00 -5,-15 deg",True,0.03516720265429205,0.0,0.005956586459426619
0.5,1.2,0.3,15,"demo_00 -5,-10 deg",True,0.02034955905541138,0.0,0.005956641030025403
0.5,1.2,0.3,16,"demo_00 -5,-5 deg",True,0.008130295048602174,0.0,0.005957000822814153
0.5,1.2,0.3,17,"demo_00 -5,+0 deg",True,0.0010337494092110757,0.0,0.005956634597313651
0.5,1.2,0.3,18,"demo_00 -5,+5 deg",False,0.0019855777335520907,0.0,nan
0.5,1.2,0.3,19,"demo_00 -5,+10 deg",True,0.010821849525254707,0.0,0.005956679484703631
0.5,1.2,0.3,20,"demo_00 -5,+15 deg",True,0.022796331342065126,0.0,0.005957015604104113
0.5,1.2,0.3,21,"demo_00 +0,-15 deg",True,0.029090764287669813,0.0,0.005956695693017364
0.5,1.2,0.3,22,"demo_00 +0,-10 deg",True,0.016068392526913056,0.0,0.0059570086846492684
0.5,1.2,0.3,23,"demo_00 +0,-5 deg",True,0.005810878015935464,0.0,0.005956940502568896
0.5,1.2,0.3,24,demo_00,True,0.0003261777586112189,0.005951418065863475,0.005956944459651605
0.5,1.2,0.3,25,"demo_00 +0,+5 deg",False,0.0014873660806699975,0.0,nan
0.5,1.2,0.3,26,"demo_00 +0,+10 deg",False,0.00821806590669149,0.0,nan
0.5,1.2,0.3,27,"demo_00 +0,+15 deg",True,0.018669074992178052,0.0,0.005956505497371387
0.5,1.2,0.3,28,"demo_00 +5,-15 deg",True,0.022026406021484365,0.0,0.005956838495275409
0.5,1.2,0.3,29,"demo_00 +5,-10 deg",True,0.010583535208432058,0.0,0.005957074698733579
0.5,1.2,0.3,30,"demo_00 +5,-5 deg",True,0.0021054988464889695,0.0,0.005956573148262911
0.5,1.2,0.3,31,"demo_00 +5,+0 deg",False,0.002959283251307589,0.0,nan
0.5,1.2,0.3,32,"demo_00 +5,+5 deg",False,0.0038528608594759297,0.0,nan
0.5,1.2,0.3,33,"demo_00 +5,+10 deg",False,0.005731969409540228,0.0,nan
0.5,1.2,0.3,34,"demo_00 +5,+15 deg",False,0.013843458298981967,0.0,nan
0.5,1.2,0.3,35,"demo_00 +10,-15 deg",True,0.014663725406062113,0.0,0.005957054581415038
0.5,1.2,0.3,36,"demo_00 +10,-10 deg",True,0.004984483074670376,0.0,0.005956572661708538
0.5,1.2,0.3,37,"demo_00 +10,-5 deg",True,0.0029466424727370008,0.0,0.005956913651433967
0.5,1.2,0.3,38,"demo_00 +10,+0 deg",False,0.006928712411127404,0.0,nan
0.5,1.2,0.3,39,"demo_00 +10,+5 deg",False,0.008559374585668857,0.0,nan
0.5,1.2,0.3,40,"demo_00 +10,+10 deg",False,0.008565324688691969,0.0,nan
0.5,1.2,0.3,41,"demo_00 +10,+15 deg",False,0.012310368674112103,0.0,nan
0.5,1.2,0.3,42,"demo_00 +15,-15 deg",True,0.0075165478611310035,0.0,0.005956998831875067
0.5,1.2,0.3,43,"demo_00 +15,-10 deg",True,0.002131662504090268,0.0,0.005956645232092002
0.5,1.2,0.3,44,"demo_00 +15,-5 deg",True,0.0075413548533763315,0.0,0.00595694376257407
0.5,1.2,0.3,45,"demo_00 +15,+0 deg",False,0.011567240061272452,0.0,nan
0.5,1.2,0.3,46,"demo_00 +15,+5 deg",False,0.014196683649622802,0.0,nan
0.5,1.2,0.3,47,"demo_00 +15,+10 deg",False,0.014679873910980804,0.0,nan
0.5,1.2,0.3,48,"demo_00 +15,+15 deg",False,0.01646913106164955,0.0,nan
0.7,0.75,0.07,0,"demo_00 -15,-15 deg",True,0.03720813047331992,0.0,0.005579957911647935
0.7,0.75,0.07,1,"demo_00 -15,-10 deg",True,0.027260807738790586,0.0,0.005583317637138079
0.7,0.75,0.07,2,"demo_00 -15,-5 deg",True,0.01848948647602224,0.0,0.005581191259411508
0.7,0.75,0.07,3,"demo_00 -15,+0 deg",False,0.010857097105689278,0.40920714673726133,nan
0.7,0.75,0.07,4,"demo_00 -15,+5 deg",False,0.004498538154057362,0.4268223954525798,nan
0.7,0.75,0.07,5,"demo_00 -15,+10 deg",False,0.0027426600479230233,0.41542462134319313,nan
0.7,0.75,0.07,6,"demo_00 -15,+15 deg",False,0.006779902563760522,0.37910878737967835,nan
0.7,0.75,0.07,7,"demo_00 -10,-15 deg",True,0.031982523047163494,0.0,0.005578733538565538
0.7,0.75,0.07,8,"demo_00 -10,-10 deg",True,0.022558660742434757,0.0,0.005584032390085806
0.7,0.75,0.07,9,"demo_00 -10,-5 deg",True,0.014217918751830042,0.0,0.0055845355962195085
0.7,0.75,0.07,10,"demo_00 -10,+0 deg",False,0.006934422467938804,0.48883235695608973,nan
0.7,0.75,0.07,11,"demo_00 -10,+5 deg",False,0.0014064340520470952,0.49671126027046164,nan
0.7,0.75,0.07,12,"demo_00 -10,+10 deg",False,0.00519154610500149,0.4663174470710604,nan
0.7,0.75,0.07,13,"demo_00 -10,+15 deg",False,0.009609467145498934,0.4123933984905833,nan
0.7,0.75,0.07,14,"demo_00 -5,-15 deg",True,0.026911568386851645,0.0,0.005578933650853623
0.7,0.75,0.07,15,"demo_00 -5,-10 deg",True,0.017987287228923152,0.0,0.005584395967724076
0.7,0.75,0.07,16,"demo_00 -5,-5 deg",True,0.010052879017486556,0.0,0.005583171418407053
0.7,0.75,0.07,17,"demo_00 -5,+0 deg",False,0.0030805367954539233,0.5686882249841285,nan
0.7,0.75,0.07,18,"demo_00 -5,+5 deg",False,0.0030983277546238895,0.553262574677068,nan
0.7,0.75,0.07,19,"demo_00 -5,+10 deg",False,0.008273185748234447,0.493107048541927,nan
0.7,0.75,0.07,20,"demo_00 -5,+15 deg",False,0.012567961404337984,0.42528654906691177,nan
0.7,0.75,0.07,21,"demo_00 +0,-15 deg",True,0.02194044463190824,0.0,0.005579956573209994
0.7,0.75,0.07,22,"demo_00 +0,-10 deg",True,0.013499114069062543,0.0,0.005581574663227102
0.7,0.75,0.07,23,"demo_00 +0,-5 deg",True,0.0059654179637160945,0.0,0.00558409377284913
0.7,0.75,0.07,24,demo_00,True,0.0007728627677215917,0.0071762841449027415,0.00558385370087609
0.7,0.75,0.07,25,"demo_00 +0,+5 deg",False,0.006543100969074426,0.5520806311788112,nan
0.7,0.75,0.07,26,"demo_00 +0,+10 deg",False,0.011516151874155405,0.48399935268221084,nan
0.7,0.75,0.07,27,"demo_00 +0,+15 deg",False,0.015622548474182743,0.41577306761463,nan
0.7,0.75,0.07,28,"demo_00 +5,-15 deg",True,0.017014654652173486,0.0,0.005577490060402054
0.7,0.75,0.07,29,"demo_00 +5,-10 deg",True,0.009057463235336571,0.0,0.0055820187125565955
0.7,0.75,0.07,30,"demo_00 +5,-5 deg",True,0.002100997109259817,0.0,0.005583640418668047
0.7,0.75,0.07,31,"demo_00 +5,+0 deg",True,0.004624062200984557,0.0,0.005581286859342822
0.7,0.75,0.07,32,"demo_00 +5,+5 deg",False,0.010128671602459598,0.5034672137974789,nan
0.7,0.75,0.07,33,"demo_00 +5,+10 deg",False,0.014872597968160805,0.4475800375001773,nan
0.7,0.75,0.07,34,"demo_00 +5,+15 deg",False,0.018785204121961795,0.3865831145320031,nan
0.7,0.75,0.07,35,"demo_00 +10,-15 deg",True,0.012083649945391397,0.0,0.005579449910942587
0.7,0.75,0.07,36,"demo_00 +10,-10 deg",True,0.004695696561777266,0.0,0.005584614159535801
0.7,0.75,0.07,37,"demo_00 +10,-5 deg",True,0.002820407375405687,0.0,0.005584109541093594
0.7,0.75,0.07,38,"demo_00 +10,+0 deg",True,0.008562583806113543,0.0,0.0055818745129656185
0.7,0.75,0.07,39,"demo_00 +10,+5 deg",False,0.013828138459960556,0.45220681310683286,nan
0.7,0.75,0.07,40,"demo_00 +10,+10 deg",False,0.01835812704909274,0.39348674107827974,nan
0.7,0.75,0.07,41,"demo_00 +10,+15 deg",False,0.022082216271456442,0.344414522567678,nan
0.7,0.75,0.07,42,"demo_00 +15,-15 deg",True,0.007119637131263529,0.0,0.005581881181829104
0.7,0.75,0.07,43,"demo_00 +15,-10 deg",True,0.0018377778218652675,0.0,0.005584486440866383
0.7,0.75,0.07,44,"demo_00 +15,-5 deg",True,0.006958120852776845,0.0,0.0055821254024501785
0.7,0.75,0.07,45,"demo_00 +15,+0 deg",True,0.012627766969381754,0.0,0.005583137994396622
0.7,0.75,0.07,46,"demo_00 +15,+5 deg",False,0.017673995170333075,0.4017881685859548,nan
0.7,0.75,0.07,47,"demo_00 +15,+10 deg",False,0.022004163388907903,0.34167370603656505,nan
0.7,0.75,0.07,48,"demo_00 +15,+15 deg",False,0.025545454558555742,0.29275818140489224,nan
0.7,0.75,0.1,0,"demo_00 -15,-15 deg",True,0.026960369482432352,0.0,0.005956359890346073
0.7,0.75,0.1,1,"demo_00 -15,-10 deg",True,0.01925088211538416,0.0,0.005989069075168683
0.7,0.75,0.1,2,"demo_00 -15,-5 deg",True,0.012877911894361408,0.0,0.005996439370006625
0.7,0.75,0.1,3,"demo_00 -15,+0 deg",False,0.00760583757002331,0.16763668701095744,nan
0.7,0.75,0.1,4,"demo_00 -15,+5 deg",False,0.003274950551530119,0.18525193598038225,nan
0.7,0.75,0.1,5,"demo_00 -15,+10 deg",False,0.0011803041068924704,0.17385416187603786,nan
0.7,0.75,0.1,6,"demo_00 -15,+15 deg",False,0.0038619551716005864,0.13753832791374884,nan
0.7,0.75,0.1,7,"demo_00 -10,-15 deg",True,0.022652477296859354,0.0,0.005953832957282534
0.7,0.75,0.1,8,"demo_00 -10,-10 deg",True,0.015569753612835831,0.0,0.005988382319868674
0.7,0.75,0.1,9,"demo_00 -10,-5 deg",True,0.009674841644274585,0.0,0.005996262378629685
0.7,0.75,0.1,10,"demo_00 -10,+0 deg",False,0.004750679679806587,0.24726189485715236,nan
0.7,0.75,0.1,11,"demo_00 -10,+5 deg",False,0.0008985011433846811,0.25514080079774504,nan
0.7,0.75,0.1,12,"demo_00 -10,+10 deg",False,0.0031682117076259515,0.22474698760402495,nan
0.7,0.75,0.1,13,"demo_00 -10,+15 deg",False,0.0061706172612102,0.170835652666927,nan
0.7,0.75,0.1,14,"demo_00 -5,-15 deg",True,0.018727361130972096,0.0,0.005950768404999341
0.7,0.75,0.1,15,"demo_00 -5,-10 deg",True,0.012207683519671046,0.0,0.005989893388585412
0.7,0.75,0.1,16,"demo_00 -5,-5 deg",True,0.006725541040652249,0.0,0.005995652184519888
0.7,0.75,0.1,17,"demo_00 -5,+0 deg",True,0.0020759170336357422,0.0,0.005997555103009555
0.7,0.75,0.1,18,"demo_00 -5,+5 deg",False,0.0019851961488133365,0.31169211520357537,nan
0.7,0.75,0.1,19,"demo_00 -5,+10 deg",False,0.005453519180690316,0.2515365890749879,nan
0.7,0.75,0.1,20,"demo_00 -5,+15 deg",False,0.008462244291370397,0.18430756428095973,nan
0.7,0.75,0.1,21,"demo_00 +0,-15 deg",True,0.015094405296166732,0.0,0.005950679174472457
0.7,0.75,0.1,22,"demo_00 +0,-10 deg",True,0.00908134259489782,0.0,0.005990122550029584
0.7,0.75,0.1,23,"demo_00 +0,-5 deg",True,0.003963433240096685,0.0,0.005996425516597364
0.7,0.75,0.1,24,demo_00,True,0.0005185074812074537,0.007217153411351048,0.005997536705233028
0.7,0.75,0.1,25,"demo_00 +0,+5 deg",False,0.004356603288152329,0.3105101717041231,nan
0.7,0.75,0.1,26,"demo_00 +0,+10 deg",False,0.00778244606682873,0.24242889321533795,nan
0.7,0.75,0.1,27,"demo_00 +0,+15 deg",False,0.01079041611503832,0.17578391429332113,nan
0.7,0.75,0.1,28,"demo_00 +5,-15 deg",True,0.011660826694241849,0.0,0.005956787771492388
0.7,0.75,0.1,29,"demo_00 +5,-10 deg",True,0.006115050766676478,0.0,0.005992369448803542
0.7,0.75,0.1,30,"demo_00 +5,-5 deg",True,0.0014594601162472424,5.135371543094763e-07,0.005997277475906697
0.7,0.75,0.1,31,"demo_00 +5,+0 deg",True,0.0030679921467864062,0.0,0.00599658989737508
0.7,0.75,0.1,32,"demo_00 +5,+5 deg",False,0.006804023781241441,0.26189675432088444,nan
0.7,0.75,0.1,33,"demo_00 +5,+10 deg",False,0.010194405634604203,0.20600957803332867,nan
0.7,0.75,0.1,34,"demo_00 +5,+15 deg",False,0.013217444700376632,0.14754820727790682,nan
0.7,0.75,0.1,35,"demo_00 +10,-15 deg",True,0.008335017015200423,0.0,0.005966743804142234
0.7,0.75,0.1,36,"demo_00 +10,-10 deg",True,0.003290327887151926,0.0,0.005996299746217107
0.7,0.75,0.1,37,"demo_00 +10,-5 deg",True,0.001895395066941545,0.0,0.0059971096897931475
0.7,0.75,0.1,38,"demo_00 +10,+0 deg",True,0.005694724006033541,0.0,0.005997790105183609
0.7,0.75,0.1,39,"demo_00 +10,+5 deg",False,0.009370069034946433,0.21063635362700536,nan
0.7,0.75,0.1,40,"demo_00 +10,+10 deg",False,0.012753657663558049,0.15191628161139709,nan
0.7,0.75,0.1,41,"demo_00 +10,+15 deg",False,0.015808636201613057,0.10606575434857646,nan
0.7,0.75,0.1,42,"demo_00 +15,-15 deg",True,0.005043571896607541,0.0,0.0059803738708505685
0.7,0.75,0.1,43,"demo_00 +15,-10 deg",True,0.0014549517743659075,0.0,0.006001368906073811
0.7,0.75,0.1,44,"demo_00 +15,-5 deg",True,0.004604900996916054,0.0,0.005998548824984609
0.7,0.75,0.1,45,"demo_00 +15,+0 deg",True,0.008474469971778567,0.0,0.00599748591828222
0.7,0.75,0.1,46,"demo_00 +15,+5 deg",False,0.012127548011071344,0.16021770910012625,nan
0.7,0.75,0.1,47,"demo_00 +15,+10 deg",False,0.015530001682461585,0.10010324656956932,nan
0.7,0.75,0.1,48,"demo_00 +15,+15 deg",False,0.01863049253319934,0.05471451021781348,nan
0.7,0.75,0.15,0,"demo_00 -15,-15 deg",True,0.0225895524983368,0.0,0.005942018872895174
0.7,0.75,0.15,1,"demo_00 -15,-10 deg",True,0.015280237169030124,0.0,0.005988079156643658
0.7,0.75,0.15,2,"demo_00 -15,-5 deg",True,0.009824273267217328,0.0,0.006009403509793191
0.7,0.75,0.15,3,"demo_00 -15,+0 deg",True,0.005694015956933517,0.0,0.006013706894839409
0.7,0.75,0.15,4,"demo_00 -15,+5 deg",False,0.002476114719400733,0.12748817938776497,nan
0.7,0.75,0.15,5,"demo_00 -15,+10 deg",False,0.0008428281905927394,0.11609040527846559,nan
0.7,0.75,0.15,6,"demo_00 -15,+15 deg",False,0.0029393405956973932,0.08351667603227655,nan
0.7,0.75,0.15,7,"demo_00 -10,-15 deg",True,0.018132268219691897,0.0,0.005941223467374963
0.7,0.75,0.15,8,"demo_00 -10,-10 deg",True,0.01178834685662711,0.0,0.00599209580375772
0.7,0.75,0.15,9,"demo_00 -10,-5 deg",True,0.007061901269153173,0.0,0.006007536444712209
0.7,0.75,0.15,10,"demo_00 -10,+0 deg",True,0.00342810796525296,0.0,0.006012992478823669
0.7,0.75,0.15,11,"demo_00 -10,+5 deg",False,0.0006877838122306479,0.19737704420566435,nan
0.7,0.75,0.15,12,"demo_00 -10,+10 deg",False,0.0023746914682749127,0.16698323100633505,nan
0.7,0.75,0.15,13,"demo_00 -10,+15 deg",False,0.004827126668316528,0.12049023162221065,nan
0.7,0.75,0.15,14,"demo_00 -5,-15 deg",True,0.014385864029542103,0.0,0.005943580293493626
0.7,0.75,0.15,15,"demo_00 -5,-10 deg",True,0.008872786729397506,0.0,0.005992088306755625
0.7,0.75,0.15,16,"demo_00 -5,-5 deg",True,0.004736874272171258,0.0,0.006010302366195655
0.7,0.75,0.15,17,"demo_00 -5,+0 deg",True,0.001457741818712126,0.0,0.006012835444984389
0.7,0.75,0.15,18,"demo_00 -5,+5 deg",False,0.0014371815626498246,0.253928358612289,nan
0.7,0.75,0.15,19,"demo_00 -5,+10 deg",False,0.004097749226448635,0.19378524359677876,nan
0.7,0.75,0.15,20,"demo_00 -5,+15 deg",False,0.006711327356535656,0.13691356925753767,nan
0.7,0.75,0.15,21,"demo_00 +0,-15 deg",True,0.011209700420611157,0.0,0.005949310491504516
0.7,0.75,0.15,22,"demo_00 +0,-10 deg",True,0.006396357404338559,0.0,0.005997946801939561
0.7,0.75,0.15,23,"demo_00 +0,-5 deg",True,0.0027260841213906867,0.0,0.006011587235924726
0.7,0.75,0.15,24,demo_00,True,0.00036705729992083785,0.007208243748902587,0.006012493463345753
0.7,0.75,0.15,25,"demo_00 +0,+5 deg",False,0.0031239627554330543,0.2527464151140477,nan
0.7,0.75,0.15,26,"demo_00 +0,+10 deg",False,0.005883878402829884,0.18525969908052964,nan
0.7,0.75,0.15,27,"demo_00 +0,+15 deg",False,0.008692925611910396,0.13053952289162085,nan
0.7,0.75,0.15,28,"demo_00 +5,-15 deg",True,0.008456502930378109,0.0,0.005958121047553174
0.7,0.75,0.15,29,"demo_00 +5,-10 deg",True,0.004225586976218727,0.0,0.006004838082958221
0.7,0.75,0.15,30,"demo_00 +5,-5 deg",True,0.0010254789282883525,0.00026584961332696243,0.0060126300538295725
0.7,0.75,0.15,31,"demo_00 +5,+0 deg",True,0.0021399606045987046,0.0,0.006012974886454999
0.7,0.75,0.15,32,"demo_00 +5,+5 deg",False,0.004919152427175189,0.20413299773273058,nan
0.7,0.75,0.15,33,"demo_00 +5,+10 deg",False,0.007825789945645065,0.15022783992618513,nan
0.7,0.75,0.15,34,"demo_00 +5,+15 deg",False,0.01087670026970145,0.10399510212108551,nan
0.7,0.75,0.15,35,"demo_00 +10,-15 deg",True,0.005974047256690434,0.0,0.005975392338462803
0.7,0.75,0.15,36,"demo_00 +10,-10 deg",True,0.002275189941575689,0.0,0.006010892325905611
0.7,0.75,0.15,37,"demo_00 +10,-5 deg",True,0.0013955627836924583,0.0,0.006014332464704568
0.7,0.75,0.15,38,"demo_00 +10,+0 deg",True,0.0040317969222963546,0.0,0.006012881615933588
0.7,0.75,0.15,39,"demo_00 +10,+5 deg",False,0.006920309050972054,0.1528725970420907,nan
0.7,0.75,0.15,40,"demo_00 +10,+10 deg",False,0.010036002435045979,0.09766873232637402,nan
0.7,0.75,0.15,41,"demo_00 +10,+15 deg",False,0.01337183645029675,0.06380463849443024,nan
0.7,0.75,0.15,42,"demo_00 +15,-15 deg",True,0.003620311095532779,0.0,0.00599415860189951
0.7,0.75,0.15,43,"demo_00 +15,-10 deg",True,0.0011527067382612979,0.0,0.00601790404561034
0.7,0.75,0.15,44,"demo_00 +15,-5 deg",True,0.003330456777980618,0.0,0.006017616217512461
0.7,0.75,0.15,45,"demo_00 +15,+0 deg",True,0.0061748204665908815,0.0,0.006014036553905626
0.7,0.75,0.15,46,"demo_00 +15,+5 deg",False,0.009252465423904099,0.10245395252122788,nan
0.7,0.75,0.15,47,"demo_00 +15,+10 deg",False,0.012633413584380294,0.04702048365323791,nan
0.7,0.75,0.15,48,"demo_00 +15,+15 deg",False,0.016290516222056947,0.01338450822599202,nan
0.7,0.75,0.2,0,"demo_00 -15,-15 deg",True,0.02256612432697118,0.0,0.005952432896026684
0.7,0.75,0.2,1,"demo_00 -15,-10 deg",True,0.014516034059045493,0.0,0.005989573224079877
0.7,0.75,0.2,2,"demo_00 -15,-5 deg",True,0.008874223682964786,0.0,0.006005222844029877
0.7,0.75,0.2,3,"demo_00 -15,+0 deg",True,0.004914812484963218,0.0,0.006011411783920313
0.7,0.75,0.2,4,"demo_00 -15,+5 deg",False,0.002053326792420335,0.057907874462513664,nan
0.7,0.75,0.2,5,"demo_00 -15,+10 deg",False,0.0005617388062676558,0.046510100353134354,nan
0.7,0.75,0.2,6,"demo_00 -15,+15 deg",False,0.0026991179250468425,0.021996225226287996,nan
0.7,0.75,0.2,7,"demo_00 -10,-15 deg",True,0.01747036779655629,0.0,0.005947240699139446
0.7,0.75,0.2,8,"demo_00 -10,-10 deg",True,0.010765161703714894,0.0,0.005989021908584497
0.7,0.75,0.2,9,"demo_00 -10,-5 deg",True,0.006152249715278686,0.0,0.006005861280350095
0.7,0.75,0.2,10,"demo_00 -10,+0 deg",True,0.0028632318803315797,0.0,0.006012045301333549
0.7,0.75,0.2,11,"demo_00 -10,+5 deg",False,0.0005458920002653319,0.12779673928039784,nan
0.7,0.75,0.2,12,"demo_00 -10,+10 deg",False,0.0021234805549749367,0.09757594578491435,nan
0.7,0.75,0.2,13,"demo_00 -10,+15 deg",False,0.004470754240008826,0.05439372692698449,nan
0.7,0.75,0.2,14,"demo_00 -5,-15 deg",True,0.013371638131297329,0.0,0.005950966142401277
0.7,0.75,0.2,15,"demo_00 -5,-10 deg",True,0.007813216306649242,0.0,0.005991864625737859
0.7,0.75,0.2,16,"demo_00 -5,-5 deg",True,0.004022374812917711,0.0,0.006006450505503407
0.7,0.75,0.2,17,"demo_00 -5,+0 deg",True,0.0011960777652819537,0.0,0.006012210111341976
0.7,0.75,0.2,18,"demo_00 -5,+5 deg",False,0.001303526196344178,0.18434805368700607,nan
0.7,0.75,0.2,19,"demo_00 -5,+10 deg",False,0.003714618001533183,0.12562259151289715,nan
0.7,0.75,0.2,20,"demo_00 -5,+15 deg",False,0.006360692181355659,0.06816212114462472,nan
0.7,0.75,0.2,21,"demo_00 +0,-15 deg",True,0.010080232533488626,0.0,0.005956243558048023
0.7,0.75,0.2,22,"demo_00 +0,-10 deg",True,0.0054614319075179454,0.0,0.005999054279841105
0.7,0.75,0.2,23,"demo_00 +0,-5 deg",True,0.002288896251643639,0.0,0.006009539617321231
0.7,0.75,0.2,24,demo_00,True,0.0003054896646571607,0.006926737968228117,0.006009274901751173
0.7,0.75,0.2,25,"demo_00 +0,+5 deg",False,0.002742022037011408,0.18316611018874546,nan
0.7,0.75,0.2,26,"demo_00 +0,+10 deg",False,0.005414204967380367,0.11832892944493084,nan
0.7,0.75,0.2,27,"demo_00 +0,+15 deg",False,0.008465640995972676,0.059840979436180275,nan
0.7,0.75,0.2,28,"demo_00 +5,-15 deg",True,0.007400212873606312,0.0,0.005968920673244056
0.7,0.75,0.2,29,"demo_00 +5,-10 deg",True,0.0035182939492336574,0.0,0.0060039794597382895
0.7,0.75,0.2,30,"demo_00 +5,-5 deg",True,0.0008689303247590773,0.00032707683025802285,0.006009848041670407
0.7,0.75,0.2,31,"demo_00 +5,+0 deg",True,0.0017926253844010992,0.0,0.006011967454017028
0.7,0.75,0.2,32,"demo_00 +5,+5 deg",False,0.004360646161699537,0.13455314355830256,nan
0.7,0.75,0.2,33,"demo_00 +5,+10 deg",False,0.007372922726113699,0.08373284013929647,nan
0.7,0.75,0.2,34,"demo_00 +5,+15 deg",False,0.01091722966619765,0.031780620385506025,nan
0.7,0.75,0.2,35,"demo_00 +10,-15 deg",True,0.0051279760599604145,0.0,0.005981680172442943
0.7,0.75,0.2,36,"demo_00 +10,-10 deg",True,0.001841590813967979,0.0,0.0060088576380124045
0.7,0.75,0.2,37,"demo_00 +10,-5 deg",True,0.0012024150115133346,0.0,0.006010830765069239
0.7,0.75,0.2,38,"demo_00 +10,+0 deg",False,0.0034798109731645995,0.14598561397915058,nan
0.7,0.75,0.2,39,"demo_00 +10,+5 deg",False,0.006304194687604408,0.08337768200824278,nan
0.7,0.75,0.2,40,"demo_00 +10,+10 deg",False,0.009747525488601753,0.031141565490512946,nan
0.7,0.75,0.2,41,"demo_00 +10,+15 deg",False,0.013858831688914521,0.0,nan
0.7,0.75,0.2,42,"demo_00 +15,-15 deg",True,0.0030638356510711315,0.0,0.005996752357222059
0.7,0.75,0.2,43,"demo_00 +15,-10 deg",True,0.0010025456550209388,0.0,0.0060121757134874495
0.7,0.75,0.2,44,"demo_00 +15,-5 deg",True,0.002942871113428121,0.0,0.006013597974747527
0.7,0.75,0.2,45,"demo_00 +15,+0 deg",False,0.0055412679843396895,0.09568512635258641,nan
0.7,0.75,0.2,46,"demo_00 +15,+5 deg",False,0.008740528403061517,0.03325485208231074,nan
0.7,0.75,0.2,47,"demo_00 +15,+10 deg",False,0.012700572970132284,0.0,nan
0.7,0.75,0.2,48,"demo_00 +15,+15 deg",False,0.017439912912456005,0.0,nan
0.7,0.75,0.3,0,"demo_00 -15,-15 deg",True,0.02618654299065556,0.0,0.006034089327439288
0.7,0.75,0.3,1,"demo_00 -15,-10 deg",True,0.01565167320750749,0.0,0.006054529266686907
0.7,0.75,0.3,2,"demo_00 -15,-5 deg",True,0.008804888475940003,0.0,0.006056865850348991
0.7,0.75,0.3,3,"demo_00 -15,+0 deg",False,0.004868262727968181,0.0,nan
0.7,0.75,0.3,4,"demo_00 -15,+5 deg",False,0.0028629027547156113,0.0,nan
0.7,0.75,0.3,5,"demo_00 -15,+10 deg",False,0.0024874915317999436,0.0,nan
0.7,0.75,0.3,6,"demo_00 -15,+15 deg",False,0.006090808656793953,0.0,nan
0.7,0.75,0.3,7,"demo_00 -10,-15 deg",True,0.019455259203699733,0.0,0.006019245414566427
0.7,0.75,0.3,8,"demo_00 -10,-10 deg",True,0.010939518831809847,0.0,0.006048318765121564
0.7,0.75,0.3,9,"demo_00 -10,-5 deg",True,0.005603436669579406,0.0,0.0060581754518058304
0.7,0.75,0.3,10,"demo_00 -10,+0 deg",True,0.002560881509139208,0.0,0.0060586980142692416
0.7,0.75,0.3,11,"demo_00 -10,+5 deg",False,0.0009451260921897272,0.0,nan
0.7,0.75,0.3,12,"demo_00 -10,+10 deg",False,0.0012795199283617187,0.0,nan
0.7,0.75,0.3,13,"demo_00 -10,+15 deg",False,0.005316058259023805,0.0,nan
0.7,0.75,0.3,14,"demo_00 -5,-15 deg",True,0.014346881154232312,0.0,0.006010020109561619
0.7,0.75,0.3,15,"demo_00 -5,-10 deg",True,0.007613886470928121,0.0,0.00604886366996859
0.7,0.75,0.3,16,"demo_00 -5,-5 deg",True,0.003522539431475605,0.0,0.0060571969254988554
0.7,0.75,0.3,17,"demo_00 -5,+0 deg",True,0.001018850138859158,0.0,0.006058273959984714
0.7,0.75,0.3,18,"demo_00 -5,+5 deg",False,0.0006352728416351828,0.03757644900737346,nan
0.7,0.75,0.3,19,"demo_00 -5,+10 deg",False,0.0023332822131757725,0.0,nan
0.7,0.75,0.3,20,"demo_00 -5,+15 deg",False,0.00605271997131565,0.0,nan
0.7,0.75,0.3,21,"demo_00 +0,-15 deg",True,0.01048472372896712,0.0,0.006011975715275775
0.7,0.75,0.3,22,"demo_00 +0,-10 deg",True,0.005222651542473351,0.0,0.0060511363427673305
0.7,0.75,0.3,23,"demo_00 +0,-5 deg",True,0.002046871083047067,0.0,0.006059262183252863
0.7,0.75,0.3,24,demo_00,True,0.00027200522591014955,0.0056673345325227225,0.006060248225502192
0.7,0.75,0.3,25,"demo_00 +0,+5 deg",False,0.0022185352272447874,0.03657164439105422,nan
0.7,0.75,0.3,26,"demo_00 +0,+10 deg",False,0.0044704042530054194,0.0,nan
0.7,0.75,0.3,27,"demo_00 +0,+15 deg",False,0.008335781330924068,0.0,nan
0.7,0.75,0.3,28,"demo_00 +5,-15 deg",True,0.00749772902430622,0.0,0.006024315215038936
0.7,0.75,0.3,29,"demo_00 +5,-10 deg",True,0.0033355316938975233,0.0,0.00605680592321007
0.7,0.75,0.3,30,"demo_00 +5,-5 deg",True,0.0007865665446441672,0.0003143516231313148,0.006057608341932035
0.7,0.75,0.3,31,"demo_00 +5,+0 deg",False,0.0016964932358135472,0.04695193566335667,nan
0.7,0.75,0.3,32,"demo_00 +5,+5 deg",False,0.004172002046039684,0.0,nan
0.7,0.75,0.3,33,"demo_00 +5,+10 deg",False,0.007282576804062749,0.0,nan
0.7,0.75,0.3,34,"demo_00 +5,+15 deg",False,0.011896646418896506,0.0,nan
0.7,0.75,0.3,35,"demo_00 +10,-15 deg",True,0.0050507926217168864,0.0,0.006041873497459329
0.7,0.75,0.3,36,"demo_00 +10,-10 deg",True,0.0016491813383003031,0.0,0.0060584272247579864
0.7,0.75,0.3,37,"demo_00 +10,-5 deg",True,0.0011627306344573274,0.0,0.0060574608326178
0.7,0.75,0.3,38,"demo_00 +10,+0 deg",False,0.0035641020718521588,0.0,nan
0.7,0.75,0.3,39,"demo_00 +10,+5 deg",False,0.006720067511696566,0.0,nan
0.7,0.75,0.3,40,"demo_00 +10,+10 deg",False,0.01088537676989775,0.0,nan
0.7,0.75,0.3,41,"demo_00 +10,+15 deg",False,0.016611213418249355,0.0,nan
0.7,0.75,0.3,42,"demo_00 +15,-15 deg",True,0.0028626362314697756,0.0,0.006051219371174477
0.7,0.75,0.3,43,"demo_00 +15,-10 deg",True,0.0009803031305872236,0.0,0.006058181119799543
0.7,0.75,0.3,44,"demo_00 +15,-5 deg",True,0.003147694271700678,0.0,0.006059671536372642
0.7,0.75,0.3,45,"demo_00 +15,+0 deg",False,0.006072484903026922,0.0,nan
0.7,0.75,0.3,46,"demo_00 +15,+5 deg",False,0.010070609237854342,0.0,nan
0.7,0.75,0.3,47,"demo_00 +15,+10 deg",False,0.015451485004003012,0.0,nan
0.7,0.75,0.3,48,"demo_00 +15,+15 deg",False,0.022502840813245002,0.0,nan
0.7,0.9,0.07,0,"demo_00 -15,-15 deg",True,0.03502674376807855,0.0,0.005762654634477326
0.7,0.9,0.07,1,"demo_00 -15,-10 deg",True,0.025644708137488866,0.0,0.005770291894147026
0.7,0.9,0.07,2,"demo_00 -15,-5 deg",True,0.017433651727408163,0.0,0.005773186554667484
0.7,0.9,0.07,3,"demo_00 -15,+0 deg",False,0.0103276236287173,0.3196711812584043,nan
0.7,0.9,0.07,4,"demo_00 -15,+5 deg",False,0.004404097393404165,0.33728642995601493,nan
0.7,0.9,0.07,5,"demo_00 -15,+10 deg",False,0.0023688549362752835,0.3258886558641786,nan
0.7,0.9,0.07,6,"demo_00 -15,+15 deg",False,0.006027561176128506,0.2895728226722599,nan
0.7,0.9,0.07,7,"demo_00 -10,-15 deg",True,0.030063502906686662,0.0,0.005761710120621601
0.7,0.9,0.07,8,"demo_00 -10,-10 deg",True,0.021180306394897385,0.0,0.005771718735526235
0.7,0.9,0.07,9,"demo_00 -10,-5 deg",True,0.013370051370934605,0.0,0.00577421956168289
0.7,0.9,0.07,10,"demo_00 -10,+0 deg",False,0.00658194315369461,0.39929639147830076,nan
0.7,0.9,0.07,11,"demo_00 -10,+5 deg",False,0.0013746803157972023,0.4071752947884949,nan
0.7,0.9,0.07,12,"demo_00 -10,+10 deg",False,0.004709160044693941,0.3767814816632913,nan
0.7,0.9,0.07,13,"demo_00 -10,+15 deg",False,0.008828676629984359,0.3228574355115146,nan
0.7,0.9,0.07,14,"demo_00 -5,-15 deg",True,0.025264492321422565,0.0,0.005758114257487803
0.7,0.9,0.07,15,"demo_00 -5,-10 deg",True,0.016856847120440895,0.0,0.005770255021768889
0.7,0.9,0.07,16,"demo_00 -5,-5 deg",True,0.009423439682157976,0.0,0.005775232373951496
0.7,0.9,0.07,17,"demo_00 -5,+0 deg",False,0.002915527625655471,0.4791522595058918,nan
0.7,0.9,0.07,18,"demo_00 -5,+5 deg",False,0.002853783388517179,0.4637266092040191,nan
0.7,0.9,0.07,19,"demo_00 -5,+10 deg",False,0.007688081392629489,0.4035710831985875,nan
0.7,0.9,0.07,20,"demo_00 -5,+15 deg",False,0.011723248311912696,0.335750590728602,nan
0.7,0.9,0.07,21,"demo_00 +0,-15 deg",True,0.02057719275214966,0.0,0.005755973147143036
0.7,0.9,0.07,22,"demo_00 +0,-10 deg",True,0.012628441931098524,0.0,0.005772840460481744
0.7,0.9,0.07,23,"demo_00 +0,-5 deg",True,0.005566003805492442,0.0,0.005772216136511559
0.7,0.9,0.07,24,demo_00,True,0.000736675636506222,0.007238740924902846,0.005773475050919338
0.7,0.9,0.07,25,"demo_00 +0,+5 deg",False,0.006136105650394914,0.4625446657089537,nan
0.7,0.9,0.07,26,"demo_00 +0,+10 deg",False,0.010806204148385777,0.3944633873887148,nan
0.7,0.9,0.07,27,"demo_00 +0,+15 deg",False,0.014689942173789494,0.32623712063781624,nan
0.7,0.9,0.07,28,"demo_00 +5,-15 deg",True,0.015947581549080842,0.0,0.005759488412705037
0.7,0.9,0.07,29,"demo_00 +5,-10 deg",True,0.008458242508927752,0.0,0.005770445309312392
0.7,0.9,0.07,30,"demo_00 +5,-5 deg",True,0.0019453570317817942,0.0,0.005771645248784826
0.7,0.9,0.07,31,"demo_00 +5,+0 deg",True,0.004380121856404662,0.0,0.00577210383969558
0.7,0.9,0.07,32,"demo_00 +5,+5 deg",False,0.009546739943104501,0.4139312483270707,nan
0.7,0.9,0.07,33,"demo_00 +5,+10 deg",False,0.014023273477491521,0.35804407223875323,nan
0.7,0.9,0.07,34,"demo_00 +5,+15 deg",False,0.0177484060485486,0.2970471910448206,nan
0.7,0.9,0.07,35,"demo_00 +10,-15 deg",True,0.01132362244358288,0.0,0.005761485061248328
0.7,0.9,0.07,36,"demo_00 +10,-10 deg",True,0.004377926023410085,0.0,0.005770809990295483
0.7,0.9,0.07,37,"demo_00 +10,-5 deg",True,0.002712765821872125,0.0,0.005774252120812345
0.7,0.9,0.07,38,"demo_00 +10,+0 deg",True,0.008102439758478422,0.0,0.005774495348326095
0.7,0.9,0.07,39,"demo_00 +10,+5 deg",False,0.013064105218668175,0.36267084763395396,nan
0.7,0.9,0.07,40,"demo_00 +10,+10 deg",False,0.017361310818236438,0.3039507758289355,nan
0.7,0.9,0.07,41,"demo_00 +10,+15 deg",False,0.020931508045635254,0.25487863679217404,nan
0.7,0.9,0.07,42,"demo_00 +15,-15 deg",True,0.006673841312036757,0.0,0.0057663101545797745
0.7,0.9,0.07,43,"demo_00 +15,-10 deg",True,0.0017771380760365919,0.0,0.005773535853814719
0.7,0.9,0.07,44,"demo_00 +15,-5 deg",True,0.006606457278174896,0.0,0.005773731567030386
0.7,0.9,0.07,45,"demo_00 +15,+0 deg",True,0.011949064281000243,0.0,0.00577371332732388
0.7,0.9,0.07,46,"demo_00 +15,+5 deg",False,0.01672651138211672,0.3122522031111561,nan
0.7,0.9,0.07,47,"demo_00 +15,+10 deg",False,0.02085826963124929,0.2521377407840872,nan
0.7,0.9,0.07,48,"demo_00 +15,+15 deg",False,0.02427792476742372,0.2032223407150197,nan
0.7,0.9,0.1,0,"demo_00 -15,-15 deg",True,0.025621997770591782,0.0,0.005951831744526741
0.7,0.9,0.1,1,"demo_00 -15,-10 deg",True,0.018294030628379702,0.0,0.005988851957752393
0.7,0.9,0.1,2,"demo_00 -15,-5 deg",True,0.012308392180318506,0.0,0.006002248314397428
0.7,0.9,0.1,3,"demo_00 -15,+0 deg",True,0.007375569701144385,0.0,0.006005697492676565
0.7,0.9,0.1,4,"demo_00 -15,+5 deg",False,0.003259210221443086,0.09445762361979826,nan
0.7,0.9,0.1,5,"demo_00 -15,+10 deg",False,0.000678653346817632,0.08305985407079863,nan
0.7,0.9,0.1,6,"demo_00 -15,+15 deg",False,0.0034870536421069027,0.06442175518428303,nan
0.7,0.9,0.1,7,"demo_00 -10,-15 deg",True,0.02158270734414118,0.0,0.00594643732011541
0.7,0.9,0.1,8,"demo_00 -10,-10 deg",True,0.01482389022024321,0.0,0.0059895610307710645
0.7,0.9,0.1,9,"demo_00 -10,-5 deg",True,0.009260108375776085,0.0,0.006001558756735841
0.7,0.9,0.1,10,"demo_00 -10,+0 deg",True,0.004626382529857174,0.0,0.006004838899111153
0.7,0.9,0.1,11,"demo_00 -10,+5 deg",False,0.0008507781581560404,0.1643464916307333,nan
0.7,0.9,0.1,12,"demo_00 -10,+10 deg",False,0.002857678501264472,0.1340255361307146,nan
0.7,0.9,0.1,13,"demo_00 -10,+15 deg",False,0.0058383951942887514,0.1050224487814981,nan
0.7,0.9,0.1,14,"demo_00 -5,-15 deg",True,0.017880304244940106,0.0,0.005945467822916804
0.7,0.9,0.1,15,"demo_00 -5,-10 deg",True,0.011632947211578874,0.0,0.005987950030543877
0.7,0.9,0.1,16,"demo_00 -5,-5 deg",True,0.006430221326433666,0.0,0.006003803543768776
0.7,0.9,0.1,17,"demo_00 -5,+0 deg",True,0.002026633696639333,0.0,0.006002419043307311
0.7,0.9,0.1,18,"demo_00 -5,+5 deg",False,0.0018334902226160822,0.22089781301348754,nan
0.7,0.9,0.1,19,"demo_00 -5,+10 deg",False,0.005195841938153258,0.1631057596462734,nan
0.7,0.9,0.1,20,"demo_00 -5,+15 deg",False,0.008183036580469136,0.12532884564609315,nan
0.7,0.9,0.1,21,"demo_00 +0,-15 deg",True,0.014437894903824145,0.0,0.0059471497356488375
0.7,0.9,0.1,22,"demo_00 +0,-10 deg",True,0.008650628160937562,0.0,0.0059926257710498
0.7,0.9,0.1,23,"demo_00 +0,-5 deg",True,0.003763120358946554,0.0,0.006001076687678357
0.7,0.9,0.1,24,demo_00,True,0.0005097585918218543,0.007077347965201157,0.006003189679675478
0.7,0.9,0.1,25,"demo_00 +0,+5 deg",False,0.0042091295226637385,0.21971588653058616,nan
0.7,0.9,0.1,26,"demo_00 +0,+10 deg",False,0.007563166997314132,0.1587116014722188,nan
0.7,0.9,0.1,27,"demo_00 +0,+15 deg",False,0.010573350838776613,0.12311260577504762,nan
0.7,0.9,0.1,28,"demo_00 +5,-15 deg",True,0.011171721895500858,0.0,0.005952790297102866
0.7,0.9,0.1,29,"demo_00 +5,-10 deg",True,0.005808283728107411,0.0,0.005996291270262232
0.7,0.9,0.1,30,"demo_00 +5,-5 deg",True,0.0013332445608986222,8.426213160718683e-05,0.006001850813389536
0.7,0.9,0.1,31,"demo_00 +5,+0 deg",True,0.0030179551797708364,0.0,0.0060043537446075575
0.7,0.9,0.1,32,"demo_00 +5,+5 deg",False,0.006657580976633428,0.17110252354483946,nan
0.7,0.9,0.1,33,"demo_00 +5,+10 deg",False,0.01001436899345337,0.12783964697718078,nan
0.7,0.9,0.1,34,"demo_00 +5,+15 deg",False,0.013068217764403589,0.10095427136341198,nan
0.7,0.9,0.1,35,"demo_00 +10,-15 deg",True,0.007993385831086735,0.0,0.005963440558748956
0.7,0.9,0.1,36,"demo_00 +10,-10 deg",True,0.0030871484621755483,0.0,0.00599894824930655
0.7,0.9,0.1,37,"demo_00 +10,-5 deg",True,0.0018901748167052517,0.0,0.006005949027615952
0.7,0.9,0.1,38,"demo_00 +10,+0 deg",True,0.005614747617948138,0.0,0.006003191867943161
0.7,0.9,0.1,39,"demo_00 +10,+5 deg",False,0.00923259351221958,0.1198424242043222,nan
0.7,0.9,0.1,40,"demo_00 +10,+10 deg",False,0.01261807393140973,0.07943830600335916,nan
0.7,0.9,0.1,41,"demo_00 +10,+15 deg",False,0.015731692964428022,0.06540673202704356,nan
0.7,0.9,0.1,42,"demo_00 +15,-15 deg",True,0.004825697363442802,0.0,0.005979704972130189
0.7,0.9,0.1,43,"demo_00 +15,-10 deg",True,0.0013726863472208722,0.0,0.006008527893619337
0.7,0.9,0.1,44,"demo_00 +15,-5 deg",True,0.004572364586768149,0.0,0.006008633073232067
0.7,0.9,0.1,45,"demo_00 +15,+0 deg",True,0.008381657460001591,0.0,0.0060055070207681365
0.7,0.9,0.1,46,"demo_00 +15,+5 deg",False,0.012013342015059896,0.06942745335168624,nan
0.7,0.9,0.1,47,"demo_00 +15,+10 deg",False,0.015449254206683674,0.03309965072604876,nan
0.7,0.9,0.1,48,"demo_00 +15,+15 deg",False,0.018632249027596175,0.019830098088686243,nan
0.7,0.9,0.15,0,"demo_00 -15,-15 deg",True,0.020765136013991225,0.0,0.005934937966280239
0.7,0.9,0.15,1,"demo_00 -15,-10 deg",True,0.014075833623324837,0.0,0.005961016815869868
0.7,0.9,0.15,2,"demo_00 -15,-5 deg",True,0.009119056397630006,0.0,0.005968499361479257
0.7,0.9,0.15,3,"demo_00 -15,+0 deg",True,0.005272807259701075,0.0,0.005974410599289577
0.7,0.9,0.15,4,"demo_00 -15,+5 deg",False,0.002040384092645179,0.0,nan
0.7,0.9,0.15,5,"demo_00 -15,+10 deg",False,0.0009791701017561637,0.004268365708702593,nan
0.7,0.9,0.15,6,"demo_00 -15,+15 deg",False,0.003964416865965313,0.01631989013718141,nan
0.7,0.9,0.15,7,"demo_00 -10,-15 deg",True,0.01698208996228861,0.0,0.005932928306733364
0.7,0.9,0.15,8,"demo_00 -10,-10 deg",True,0.011094485725544459,0.0,0.005958182410495964
0.7,0.9,0.15,9,"demo_00 -10,-5 deg",True,0.006730972920607439,0.0,0.005969421114150213
0.7,0.9,0.15,10,"demo_00 -10,+0 deg",True,0.0032813015657148833,0.0,0.005974427171281998
0.7,0.9,0.15,11,"demo_00 -10,+5 deg",False,0.00029372405340358714,0.03766599301332557,nan
0.7,0.9,0.15,12,"demo_00 -10,+10 deg",False,0.00258962094693408,0.05578625945082,nan
0.7,0.9,0.15,13,"demo_00 -10,+15 deg",False,0.00548727944296374,0.048426849745760864,nan
0.7,0.9,0.15,14,"demo_00 -5,-15 deg",True,0.01371521500661526,0.0,0.005930948950219499
0.7,0.9,0.15,15,"demo_00 -5,-10 deg",True,0.00851071307113756,0.0,0.005962069855098391
0.7,0.9,0.15,16,"demo_00 -5,-5 deg",True,0.004615016457454233,0.0,0.005971799840964763
0.7,0.9,0.15,17,"demo_00 -5,+0 deg",True,0.00143746160908333,0.0,0.0059754152791142694
0.7,0.9,0.15,18,"demo_00 -5,+5 deg",False,0.0014653221853363973,0.09835035517090095,nan
0.7,0.9,0.15,19,"demo_00 -5,+10 deg",False,0.004318653429027042,0.09463562833525158,nan
0.7,0.9,0.15,20,"demo_00 -5,+15 deg",False,0.007242197248827816,0.06745463421303549,nan
0.7,0.9,0.15,21,"demo_00 +0,-15 deg",True,0.010866451493776885,0.0,0.005933629717273453
0.7,0.9,0.15,22,"demo_00 +0,-10 deg",True,0.006233364691916612,0.0,0.005964274841598449
0.7,0.9,0.15,23,"demo_00 +0,-5 deg",True,0.0026913786196745716,0.0,0.005970707766379309
0.7,0.9,0.15,24,demo_00,True,0.0003650673543939152,0.006443677374773694,0.005974276709378571
0.7,0.9,0.15,25,"demo_00 +0,+5 deg",False,0.0032293215642139566,0.11353001850194007,nan
0.7,0.9,0.15,26,"demo_00 +0,+10 deg",False,0.006178411622721468,0.09850443484012572,nan
0.7,0.9,0.15,27,"demo_00 +0,+15 deg",False,0.009232488819146137,0.0662840906888062,nan
0.7,0.9,0.15,28,"demo_00 +5,-15 deg",True,0.008326795503387758,0.0,0.005938443703784717
0.7,0.9,0.15,29,"demo_00 +5,-10 deg",True,0.004166154800242819,0.0,0.005964985701918852
0.7,0.9,0.15,30,"demo_00 +5,-5 deg",True,0.00097227101219545,8.061959059290323e-05,0.005974783232039712
0.7,0.9,0.15,31,"demo_00 +5,+0 deg",True,0.0021902607713739637,0.0,0.005975177622021751
0.7,0.9,0.15,32,"demo_00 +5,+5 deg",False,0.0051312245029836705,0.0819586306221971,nan
0.7,0.9,0.15,33,"demo_00 +5,+10 deg",False,0.00824597890842427,0.07431159691869474,nan
0.7,0.9,0.15,34,"demo_00 +5,+15 deg",False,0.011505526017185743,0.04566269002027909,nan
0.7,0.9,0.15,35,"demo_00 +10,-15 deg",True,0.005968862234859131,0.0,0.005946737239960989
0.7,0.9,0.15,36,"demo_00 +10,-10 deg",True,0.0022429832857435716,0.0,0.005973077773775184
0.7,0.9,0.15,37,"demo_00 +10,-5 deg",True,0.0013967820318436111,0.0,0.005973876566644125
0.7,0.9,0.15,38,"demo_00 +10,+0 deg",False,0.004186235815241262,0.05587684839635357,nan
0.7,0.9,0.15,39,"demo_00 +10,+5 deg",False,0.0072748856064424475,0.04592668279459547,nan
0.7,0.9,0.15,40,"demo_00 +10,+10 deg",False,0.01061125392495857,0.031000905722850247,nan
0.7,0.9,0.15,41,"demo_00 +10,+15 deg",False,0.014126909358822595,0.011481129351450847,nan
0.7,0.9,0.15,42,"demo_00 +15,-15 deg",True,0.0036570551321920006,0.0,0.005959466425293366
0.7,0.9,0.15,43,"demo_00 +15,-10 deg",True,0.001120469416763354,0.0,0.005974197995904476
0.7,0.9,0.15,44,"demo_00 +15,-5 deg",True,0.003458098129086663,0.0,0.005975321395650601
0.7,0.9,0.15,45,"demo_00 +15,+0 deg",False,0.0064787841400278535,0.005741266000879847,nan
0.7,0.9,0.15,46,"demo_00 +15,+5 deg",False,0.009777596779578335,0.008390870117084837,nan
0.7,0.9,0.15,47,"demo_00 +15,+10 deg",False,0.013375062304769652,0.0,nan
0.7,0.9,0.15,48,"demo_00 +15,+15 deg",False,0.017176493526405337,0.0,nan
0.7,0.9,0.2,0,"demo_00 -15,-15 deg",True,0.019474879506235186,0.0,0.005952444190140071
0.7,0.9,0.2,1,"demo_00 -15,-10 deg",True,0.012548072321550346,0.0,0.005963174339823709
0.7,0.9,0.2,2,"demo_00 -15,-5 deg",True,0.007760334647834247,0.0,0.005969828278787643
0.7,0.9,0.2,3,"demo_00 -15,+0 deg",True,0.004287763215575414,0.0,0.005970995976204237
0.7,0.9,0.2,4,"demo_00 -15,+5 deg",False,0.0015206011245035612,0.0,nan
0.7,0.9,0.2,5,"demo_00 -15,+10 deg",False,0.001170625551232085,0.0,nan
0.7,0.9,0.2,6,"demo_00 -15,+15 deg",False,0.00428048306223268,0.0,nan
0.7,0.9,0.2,7,"demo_00 -10,-15 deg",True,0.015548317939711408,0.0,0.005949774906563381
0.7,0.9,0.2,8,"demo_00 -10,-10 deg",True,0.009679276197381232,0.0,0.005964045974322258
0.7,0.9,0.2,9,"demo_00 -10,-5 deg",True,0.0056621045382236395,0.0,0.005970255215997054
0.7,0.9,0.2,10,"demo_00 -10,+0 deg",True,0.0026422454735795862,0.0,0.005969794824084452
0.7,0.9,0.2,11,"demo_00 -10,+5 deg",False,5.933332096700239e-05,0.015826015652470132,nan
0.7,0.9,0.2,12,"demo_00 -10,+10 deg",False,0.0024841133430812306,0.031583693620319875,nan
0.7,0.9,0.2,13,"demo_00 -10,+15 deg",False,0.005407722460756206,0.002881005348464749,nan
0.7,0.9,0.2,14,"demo_00 -5,-15 deg",True,0.012298083394640127,0.0,0.005949223599743206
0.7,0.9,0.2,15,"demo_00 -5,-10 deg",True,0.007312158813359344,0.0,0.0059632846827251266
0.7,0.9,0.2,16,"demo_00 -5,-5 deg",True,0.003892553291553881,0.0,0.005968846026116835
0.7,0.9,0.2,17,"demo_00 -5,+0 deg",True,0.0011708377321159773,0.0,0.005972001188501664
0.7,0.9,0.2,18,"demo_00 -5,+5 deg",False,0.0013807053644566336,0.0796881405635294,nan
0.7,0.9,0.2,19,"demo_00 -5,+10 deg",False,0.003993580505164898,0.061715124288740125,nan
0.7,0.9,0.2,20,"demo_00 -5,+15 deg",False,0.006928272577175806,0.01496603859040646,nan
0.7,0.9,0.2,21,"demo_00 +0,-15 deg",True,0.00957359232905076,0.0,0.005949688615010581
0.7,0.9,0.2,22,"demo_00 +0,-10 deg",True,0.005301891629329789,0.0,0.005965373824552203
0.7,0.9,0.2,23,"demo_00 +0,-5 deg",True,0.0023069423137727155,0.0,0.005970663523129259
0.7,0.9,0.2,24,demo_00,True,0.00030489140169362027,0.006076648345920369,0.005970695511469556
0.7,0.9,0.2,25,"demo_00 +0,+5 deg",False,0.0029178722590391,0.09440330515670346,nan
0.7,0.9,0.2,26,"demo_00 +0,+10 deg",False,0.005746897352111563,0.0596176962052703,nan
0.7,0.9,0.2,27,"demo_00 +0,+15 deg",False,0.008884787730966773,0.008830836694663335,nan
0.7,0.9,0.2,28,"demo_00 +5,-15 deg",True,0.007245211697133477,0.0,0.005951229145303722
0.7,0.9,0.2,29,"demo_00 +5,-10 deg",True,0.0035260950894490874,0.0,0.005968138577306584
0.7,0.9,0.2,30,"demo_00 +5,-5 deg",True,0.0008577934347121107,0.0,0.005972151621418317
0.7,0.9,0.2,31,"demo_00 +5,+0 deg",False,0.001892408094495896,0.08174702643734033,nan
0.7,0.9,0.2,32,"demo_00 +5,+5 deg",False,0.004711375370449324,0.060320126416159775,nan
0.7,0.9,0.2,33,"demo_00 +5,+10 deg",False,0.00786365622293113,0.03028814479984998,nan
0.7,0.9,0.2,34,"demo_00 +5,+15 deg",False,0.011351227722599593,0.0,nan
0.7,0.9,0.2,35,"demo_00 +10,-15 deg",True,0.005169055256346612,0.0,0.005954588537744164
0.7,0.9,0.2,36,"demo_00 +10,-10 deg",True,0.001891942355720417,0.0,0.005969592841512138
0.7,0.9,0.2,37,"demo_00 +10,-5 deg",True,0.0011992592453975376,0.0,0.0059714967013035835
0.7,0.9,0.2,38,"demo_00 +10,+0 deg",False,0.0037643389987152614,0.03514372643664104,nan
0.7,0.9,0.2,39,"demo_00 +10,+5 deg",False,0.00688726319544618,0.020478108448531873,nan
0.7,0.9,0.2,40,"demo_00 +10,+10 deg",False,0.010447205811617009,0.0,nan
0.7,0.9,0.2,41,"demo_00 +10,+15 deg",False,0.014390117974600262,0.0,nan
0.7,0.9,0.2,42,"demo_00 +15,-15 deg",True,0.0031743927158152723,0.0,0.005963918174169794
0.7,0.9,0.2,43,"demo_00 +15,-10 deg",True,0.0010139940921515128,0.0,0.005971173655021272
0.7,0.9,0.2,44,"demo_00 +15,-5 deg",True,0.0031327293811050957,0.0,0.005971244146353424
0.7,0.9,0.2,45,"demo_00 +15,+0 deg",False,0.006065605866681599,0.0014216034170341785,nan
0.7,0.9,0.2,46,"demo_00 +15,+5 deg",False,0.00957035928785432,0.0,nan
0.7,0.9,0.2,47,"demo_00 +15,+10 deg",False,0.013596576283542237,0.0,nan
0.7,0.9,0.2,48,"demo_00 +15,+15 deg",False,0.018067408650909295,0.0,nan
0.7,0.9,0.3,0,"demo_00 -15,-15 deg",True,0.022084500453155034,0.0,0.006021805584587066
0.7,0.9,0.3,1,"demo_00 -15,-10 deg",True,0.012918259551819423,0.0,0.006020181835173531
0.7,0.9,0.3,2,"demo_00 -15,-5 deg",False,0.007268199411060395,0.0,nan
0.7,0.9,0.3,3,"demo_00 -15,+0 deg",False,0.004330152377305962,0.0,nan
0.7,0.9,0.3,4,"demo_00 -15,+5 deg",False,0.002957969437964689,0.0,nan
0.7,0.9,0.3,5,"demo_00 -15,+10 deg",False,0.003395158955189776,0.0,nan
0.7,0.9,0.3,6,"demo_00 -15,+15 deg",False,0.007889282983183797,0.0,nan
0.7,0.9,0.3,7,"demo_00 -10,-15 deg",True,0.017188095710950965,0.0,0.0060201087043291555
0.7,0.9,0.3,8,"demo_00 -10,-10 deg",True,0.009577944274923866,0.0,0.006020312981497852
0.7,0.9,0.3,9,"demo_00 -10,-5 deg",True,0.0048880396936330905,0.0,0.006022579899029148
0.7,0.9,0.3,10,"demo_00 -10,+0 deg",False,0.002324060911552499,0.0,nan
0.7,0.9,0.3,11,"demo_00 -10,+5 deg",False,0.0011098807627887982,0.0,nan
0.7,0.9,0.3,12,"demo_00 -10,+10 deg",False,0.0021477627483950205,0.0,nan
0.7,0.9,0.3,13,"demo_00 -10,+15 deg",False,0.006593764972368894,0.0,nan
0.7,0.9,0.3,14,"demo_00 -5,-15 deg",True,0.01358316895927544,0.0,0.006019014105256005
0.7,0.9,0.3,15,"demo_00 -5,-10 deg",True,0.007313702773765593,0.0,0.006020639204951354
0.7,0.9,0.3,16,"demo_00 -5,-5 deg",True,0.0034040247472338497,0.0,0.006020286259591411
0.7,0.9,0.3,17,"demo_00 -5,+0 deg",True,0.0009848369636879391,0.0,0.006021763791600874
0.7,0.9,0.3,18,"demo_00 -5,+5 deg",False,0.0003968835795001898,0.002430203305948078,nan
0.7,0.9,0.3,19,"demo_00 -5,+10 deg",False,0.0019904483446841906,0.0,nan
0.7,0.9,0.3,20,"demo_00 -5,+15 deg",False,0.005842830635992536,0.0,nan
0.7,0.9,0.3,21,"demo_00 +0,-15 deg",True,0.010670514607252317,0.0,0.006018905413013607
0.7,0.9,0.3,22,"demo_00 +0,-10 deg",True,0.005507855782807096,0.0,0.006019153035954532
0.7,0.9,0.3,23,"demo_00 +0,-5 deg",True,0.0021752807127286707,0.0,0.00602117708710072
0.7,0.9,0.3,24,demo_00,True,0.0002823855738282012,0.004856320554581978,0.006021932275445055
0.7,0.9,0.3,25,"demo_00 +0,+5 deg",False,0.0020175137159998734,0.006399579121148302,nan
0.7,0.9,0.3,26,"demo_00 +0,+10 deg",False,0.0035033939331837152,0.0,nan
0.7,0.9,0.3,27,"demo_00 +0,+15 deg",False,0.006565347435050274,0.0,nan
0.7,0.9,0.3,28,"demo_00 +5,-15 deg",True,0.008066362952481204,0.0,0.006017854772288826
0.7,0.9,0.3,29,"demo_00 +5,-10 deg",True,0.003766338981268462,0.0,0.0060220349242990565
0.7,0.9,0.3,30,"demo_00 +5,-5 deg",True,0.000818629990926911,0.0,0.006022496322288107
0.7,0.9,0.3,31,"demo_00 +5,+0 deg",False,0.0019422272166076092,0.005474398428219583,nan
0.7,0.9,0.3,32,"demo_00 +5,+5 deg",False,0.004240602006734015,0.0,nan
0.7,0.9,0.3,33,"demo_00 +5,+10 deg",False,0.006322487565574408,0.0,nan
0.7,0.9,0.3,34,"demo_00 +5,+15 deg",False,0.009434410615923058,0.0,nan
0.7,0.9,0.3,35,"demo_00 +10,-15 deg",True,0.005598480247139949,0.0,0.006018846382453061
0.7,0.9,0.3,36,"demo_00 +10,-10 deg",True,0.0019507540465448002,0.0,0.006020238110441381
0.7,0.9,0.3,37,"demo_00 +10,-5 deg",True,0.0013539423293752553,0.0,0.006019817384099842
0.7,0.9,0.3,38,"demo_00 +10,+0 deg",False,0.004235310766335245,0.0,nan
0.7,0.9,0.3,39,"demo_00 +10,+5 deg",False,0.007203709864621211,0.0,nan
0.7,0.9,0.3,40,"demo_00 +10,+10 deg",False,0.010143960607790088,0.0,nan
0.7,0.9,0.3,41,"demo_00 +10,+15 deg",False,0.014035257117517462,0.0,nan
0.7,0.9,0.3,42,"demo_00 +15,-15 deg",True,0.003186523112045739,0.0,0.006020454603478317
0.7,0.9,0.3,43,"demo_00 +15,-10 deg",True,0.0011530511737116262,0.0,0.00602155890654046
0.7,0.9,0.3,44,"demo_00 +15,-5 deg",True,0.003764965735177002,0.0,0.006021760420160285
0.7,0.9,0.3,45,"demo_00 +15,+0 deg",False,0.007194557038729642,0.0,nan
0.7,0.9,0.3,46,"demo_00 +15,+5 deg",False,0.010888593807248154,0.0,nan
0.7,0.9,0.3,47,"demo_00 +15,+10 deg",False,0.014855408877771021,0.0,nan
0.7,0.9,0.3,48,"demo_00 +15,+15 deg",False,0.019953088626501594,0.0,nan
0.7,1.05,0.07,0,"demo_00 -15,-15 deg",True,0.034671386395437535,0.0,0.005821401820593876
0.7,1.05,0.07,1,"demo_00 -15,-10 deg",True,0.025482911054873686,0.0,0.005834390386090454
0.7,1.05,0.07,2,"demo_00 -15,-5 deg",True,0.017441822128927698,0.0,0.005839225267166112
0.7,1.05,0.07,3,"demo_00 -15,+0 deg",False,0.010479364791396158,0.2284725710776512,nan
0.7,1.05,0.07,4,"demo_00 -15,+5 deg",False,0.004638610121794554,0.24608498910978,nan
0.7,1.05,0.07,5,"demo_00 -15,+10 deg",False,0.0020883286974156807,0.2346895610289137,nan
0.7,1.05,0.07,6,"demo_00 -15,+15 deg",False,0.005563709288365729,0.19857992654934123,nan
0.7,1.05,0.07,7,"demo_00 -10,-15 deg",True,0.029522296144089855,0.0,0.005818597521079494
0.7,1.05,0.07,8,"demo_00 -10,-10 deg",True,0.020863973736411863,0.0,0.005835461472850656
0.7,1.05,0.07,9,"demo_00 -10,-5 deg",True,0.013245209849561785,0.0,0.005839822556778209
0.7,1.05,0.07,10,"demo_00 -10,+0 deg",False,0.006616397010895422,0.308097966713451,nan
0.7,1.05,0.07,11,"demo_00 -10,+5 deg",False,0.0014422346834353564,0.31597611496731703,nan
0.7,1.05,0.07,12,"demo_00 -10,+10 deg",False,0.0044620918253184426,0.2855967239363754,nan
0.7,1.05,0.07,13,"demo_00 -10,+15 deg",False,0.008529925316596422,0.23236834089563405,nan
0.7,1.05,0.07,14,"demo_00 -5,-15 deg",True,0.02462502688945794,0.0,0.005818048385891631
0.7,1.05,0.07,15,"demo_00 -5,-10 deg",True,0.016466735447948987,0.0,0.0058332936091009405
0.7,1.05,0.07,16,"demo_00 -5,-5 deg",True,0.009239859696249637,0.0,0.005841108377435115
0.7,1.05,0.07,17,"demo_00 -5,+0 deg",False,0.002900444611255411,0.3879538871639832,nan
0.7,1.05,0.07,18,"demo_00 -5,+5 deg",False,0.0027490446431993284,0.3725291623428013,nan
0.7,1.05,0.07,19,"demo_00 -5,+10 deg",False,0.007499122461012991,0.312406731195604,nan
0.7,1.05,0.07,20,"demo_00 -5,+15 deg",False,0.011505838034929739,0.2460609677824564,nan
0.7,1.05,0.07,21,"demo_00 +0,-15 deg",True,0.019924646167463457,0.0,0.00581615858843071
0.7,1.05,0.07,22,"demo_00 +0,-10 deg",True,0.012243337749441814,0.0,0.005836954112504874
0.7,1.05,0.07,23,"demo_00 +0,-5 deg",True,0.0053971744438037,0.0,0.005841068659706693
0.7,1.05,0.07,24,demo_00,True,0.000730630244034694,0.007084596204692807,0.00584000117132389
0.7,1.05,0.07,25,"demo_00 +0,+5 deg",False,0.006009484728637777,0.3713481495942283,nan
0.7,1.05,0.07,26,"demo_00 +0,+10 deg",False,0.01060845581576577,0.30332408073968464,nan
0.7,1.05,0.07,27,"demo_00 +0,+15 deg",False,0.014483138574807458,0.23753780610811032,nan
0.7,1.05,0.07,28,"demo_00 +5,-15 deg",True,0.015361167436341321,0.0,0.005813795839429294
0.7,1.05,0.07,29,"demo_00 +5,-10 deg",True,0.008152349271850105,0.0,0.005837589041869178
0.7,1.05,0.07,30,"demo_00 +5,-5 deg",True,0.0018678260665046984,0.0,0.005840781199025957
0.7,1.05,0.07,31,"demo_00 +5,+0 deg",True,0.0042916465757874955,0.0,0.005837483881219731
0.7,1.05,0.07,32,"demo_00 +5,+5 deg",False,0.009337305674778255,0.3227349274706913,nan
0.7,1.05,0.07,33,"demo_00 +5,+10 deg",False,0.013752133201588655,0.2669319503024482,nan
0.7,1.05,0.07,34,"demo_00 +5,+15 deg",False,0.017487087728295228,0.20942567721002522,nan
0.7,1.05,0.07,35,"demo_00 +10,-15 deg",True,0.010874117104940358,0.0,0.005820345816598877
0.7,1.05,0.07,36,"demo_00 +10,-10 deg",True,0.0042185861963845855,0.0,0.005840100120860224
0.7,1.05,0.07,37,"demo_00 +10,-5 deg",True,0.0026486047800128735,0.0,0.005838207788783471
0.7,1.05,0.07,38,"demo_00 +10,+0 deg",True,0.007866238089087032,0.0,0.0058402261546403
0.7,1.05,0.07,39,"demo_00 +10,+5 deg",False,0.012709764617340906,0.2714743384238274,nan
0.7,1.05,0.07,40,"demo_00 +10,+10 deg",False,0.01695443941688962,0.21286515478386542,nan
0.7,1.05,0.07,41,"demo_00 +10,+15 deg",False,0.020553387419170916,0.16838957507223618,nan
0.7,1.05,0.07,42,"demo_00 +15,-15 deg",True,0.006421298157141424,0.0,0.005824513263141208
0.7,1.05,0.07,43,"demo_00 +15,-10 deg",True,0.0017352058343790763,0.0,0.005840258790766545
0.7,1.05,0.07,44,"demo_00 +15,-5 deg",True,0.006335171730846945,0.0,0.005841333107823697
0.7,1.05,0.07,45,"demo_00 +15,+0 deg",True,0.011504195885131099,0.0,0.00584071013483914
0.7,1.05,0.07,46,"demo_00 +15,+5 deg",False,0.016166709061412314,0.22105523864903284,nan
0.7,1.05,0.07,47,"demo_00 +15,+10 deg",False,0.02025512274909528,0.1610754244566297,nan
0.7,1.05,0.07,48,"demo_00 +15,+15 deg",False,0.023722938368356282,0.11787564224170466,nan
0.7,1.05,0.1,0,"demo_00 -15,-15 deg",True,0.02680421924856113,0.0,0.005921051371358975
0.7,1.05,0.1,1,"demo_00 -15,-10 deg",True,0.01941347904046539,0.0,0.005941066928083752
0.7,1.05,0.1,2,"demo_00 -15,-5 deg",True,0.013259313955863064,0.0,0.005947099059836295
0.7,1.05,0.1,3,"demo_00 -15,+0 deg",True,0.008028631985502094,0.0,0.0059503097538024
0.7,1.05,0.1,4,"demo_00 -15,+5 deg",False,0.003468954318566488,0.0,nan
0.7,1.05,0.1,5,"demo_00 -15,+10 deg",False,0.0009208958398540436,0.0,nan
0.7,1.05,0.1,6,"demo_00 -15,+15 deg",False,0.004674068133120786,0.005378274629851687,nan
0.7,1.05,0.1,7,"demo_00 -10,-15 deg",True,0.022328733902581412,0.0,0.00592338428408816
0.7,1.05,0.1,8,"demo_00 -10,-10 deg",True,0.015546132961910606,0.0,0.005937781673080293
0.7,1.05,0.1,9,"demo_00 -10,-5 deg",True,0.009859631647812405,0.0,0.005947208829444171
0.7,1.05,0.1,10,"demo_00 -10,+0 deg",True,0.004980308302347171,0.0,0.005946891226833411
0.7,1.05,0.1,11,"demo_00 -10,+5 deg",False,0.0006850333451490946,0.023827777184224713,nan
0.7,1.05,0.1,12,"demo_00 -10,+10 deg",False,0.003222521237161957,0.04021472640101151,nan
0.7,1.05,0.1,13,"demo_00 -10,+15 deg",False,0.006839677282247148,0.037540550924939964,nan
0.7,1.05,0.1,14,"demo_00 -5,-15 deg",True,0.018264004343161746,0.0,0.005921487633849822
0.7,1.05,0.1,15,"demo_00 -5,-10 deg",True,0.012030443028527397,0.0,0.005938524852913332
0.7,1.05,0.1,16,"demo_00 -5,-5 deg",True,0.00674776750034772,0.0,0.005945946064879544
0.7,1.05,0.1,17,"demo_00 -5,+0 deg",True,0.002150863904313419,0.0,0.005947678382331853
0.7,1.05,0.1,18,"demo_00 -5,+5 deg",False,0.0019803039796371545,0.0836871686381344,nan
0.7,1.05,0.1,19,"demo_00 -5,+10 deg",False,0.005744345384598362,0.08039630792410651,nan
0.7,1.05,0.1,20,"demo_00 -5,+15 deg",False,0.009231851979927866,0.060878316581138014,nan
0.7,1.05,0.1,21,"demo_00 +0,-15 deg",True,0.01455768877256996,0.0,0.005920538887368487
0.7,1.05,0.1,22,"demo_00 +0,-10 deg",True,0.008817027152999783,0.0,0.005940405646080763
0.7,1.05,0.1,23,"demo_00 +0,-5 deg",True,0.0038852430129130188,0.0,0.005946511428247624
0.7,1.05,0.1,24,demo_00,True,0.0005272329681240224,0.006589394691829521,0.005947928413364621
0.7,1.05,0.1,25,"demo_00 +0,+5 deg",False,0.004496715560341673,0.0949161270635585,nan
0.7,1.05,0.1,26,"demo_00 +0,+10 deg",False,0.008216480566966635,0.08541349210947244,nan
0.7,1.05,0.1,27,"demo_00 +0,+15 deg",False,0.011688168957601533,0.0639810648013987,nan
0.7,1.05,0.1,28,"demo_00 +5,-15 deg",True,0.011133951224782291,0.0,0.005921671526917511
0.7,1.05,0.1,29,"demo_00 +5,-10 deg",True,0.005845334724308677,0.0,0.005940887744568796
0.7,1.05,0.1,30,"demo_00 +5,-5 deg",True,0.0013465344860115753,0.0,0.005948314863475875
0.7,1.05,0.1,31,"demo_00 +5,+0 deg",True,0.003089756830503665,0.0,0.005947479880292757
0.7,1.05,0.1,32,"demo_00 +5,+5 deg",False,0.0069660025269785795,0.05860840836557868,nan
0.7,1.05,0.1,33,"demo_00 +5,+10 deg",False,0.010677359197070762,0.062332150204681414,nan
0.7,1.05,0.1,34,"demo_00 +5,+15 deg",False,0.01419682405889852,0.04792825301242362,nan
0.7,1.05,0.1,35,"demo_00 +10,-15 deg",True,0.007899840528491091,0.0,0.0059264208640419916
0.7,1.05,0.1,36,"demo_00 +10,-10 deg",True,0.0030967791751493933,0.0,0.005947022228432164
0.7,1.05,0.1,37,"demo_00 +10,-5 deg",True,0.0018588694394622292,0.0,0.005950840718557369
0.7,1.05,0.1,38,"demo_00 +10,+0 deg",True,0.005645366851438615,0.0,0.005950205663751696
0.7,1.05,0.1,39,"demo_00 +10,+5 deg",False,0.009461096698279813,0.018516559942051092,nan
0.7,1.05,0.1,40,"demo_00 +10,+10 deg",False,0.013191384548348057,0.02081107300143195,nan
0.7,1.05,0.1,41,"demo_00 +10,+15 deg",False,0.016793868835189484,0.01867361213012042,nan
0.7,1.05,0.1,42,"demo_00 +15,-15 deg",True,0.0047664459456147265,0.0,0.005936929285587324
0.7,1.05,0.1,43,"demo_00 +15,-10 deg",True,0.0013972931568430446,0.0,0.005951706390680007
0.7,1.05,0.1,44,"demo_00 +15,-5 deg",True,0.004455652753114321,0.0,0.005952896390239421
0.7,1.05,0.1,45,"demo_00 +15,+0 deg",True,0.008278171947854853,0.0,0.005948678070085261
0.7,1.05,0.1,46,"demo_00 +15,+5 deg",False,0.012065488922528999,0.0,nan
0.7,1.05,0.1,47,"demo_00 +15,+10 deg",False,0.015834444001536732,0.0,nan
0.7,1.05,0.1,48,"demo_00 +15,+15 deg",False,0.019537224387171027,0.0,nan
0.7,1.05,0.15,0,"demo_00 -15,-15 deg",True,0.022396943746114378,0.0,0.005902517614736134
0.7,1.05,0.15,1,"demo_00 -15,-10 deg",True,0.015568941473762534,0.0,0.005902499170269039
0.7,1.05,0.15,2,"demo_00 -15,-5 deg",True,0.010210727189421034,0.0,0.005905926220563092
0.7,1.05,0.15,3,"demo_00 -15,+0 deg",True,0.005698225058214711,0.0,0.005908089370890182
0.7,1.05,0.15,4,"demo_00 -15,+5 deg",True,0.0022065304108943823,0.0,0.005904966462344068
0.7,1.05,0.15,5,"demo_00 -15,+10 deg",True,0.0039456428435327455,0.0,0.005907506872541684
0.7,1.05,0.15,6,"demo_00 -15,+15 deg",True,0.008301627488099542,0.0,0.0059082533079334865
0.7,1.05,0.15,7,"demo_00 -10,-15 deg",True,0.018367627465970166,0.0,0.0059010440896375424
0.7,1.05,0.15,8,"demo_00 -10,-10 deg",True,0.012336771954374375,0.0,0.005902006092708301
0.7,1.05,0.15,9,"demo_00 -10,-5 deg",True,0.007631900383222522,0.0,0.0059065026202351776
0.7,1.05,0.15,10,"demo_00 -10,+0 deg",True,0.003603542745076154,0.0,0.005907004595694882
0.7,1.05,0.15,11,"demo_00 -10,+5 deg",True,0.0009132076015730487,0.0,0.005906813365890853
0.7,1.05,0.15,12,"demo_00 -10,+10 deg",True,0.00434724618669593,0.0025450055346424305,0.005905857045654577
0.7,1.05,0.15,13,"demo_00 -10,+15 deg",True,0.00846334178762542,0.0,0.005908142172209853
0.7,1.05,0.15,14,"demo_00 -5,-15 deg",True,0.01469447738139088,0.0,0.005899964799954372
0.7,1.05,0.15,15,"demo_00 -5,-10 deg",True,0.009366839863163116,0.0,0.005905813254947593
0.7,1.05,0.15,16,"demo_00 -5,-5 deg",True,0.005212839734972875,0.0,0.005905360395255681
0.7,1.05,0.15,17,"demo_00 -5,+0 deg",True,0.0015780812696275556,0.0,0.00590731586307261
0.7,1.05,0.15,18,"demo_00 -5,+5 deg",True,0.0019661414353292143,0.023985874143377203,0.005904516753577781
0.7,1.05,0.15,19,"demo_00 -5,+10 deg",True,0.005559924057386823,0.03230415372504408,0.005904500005727773
0.7,1.05,0.15,20,"demo_00 -5,+15 deg",True,0.009378392955750698,0.00799060062648796,0.00590776674640323
0.7,1.05,0.15,21,"demo_00 +0,-15 deg",True,0.011437100723913737,0.0,0.005903030272558123
0.7,1.05,0.15,22,"demo_00 +0,-10 deg",True,0.006714279578254969,0.0,0.005902882788127704
0.7,1.05,0.15,23,"demo_00 +0,-5 deg",True,0.002998374449135298,0.0,0.00590716476889829
0.7,1.05,0.15,24,demo_00,True,0.00037900724345679894,0.006753170154600873,0.0059040537529727495
0.7,1.05,0.15,25,"demo_00 +0,+5 deg",True,0.003742102019626661,0.04995426297065585,0.005906935563821412
0.7,1.05,0.15,26,"demo_00 +0,+10 deg",True,0.0072629260790508555,0.044233108484139416,0.0059044049938880485
0.7,1.05,0.15,27,"demo_00 +0,+15 deg",True,0.01098348726627603,0.015943961215869107,0.005906729882277945
0.7,1.05,0.15,28,"demo_00 +5,-15 deg",True,0.008584123930325323,0.0,0.005900676499856973
0.7,1.05,0.15,29,"demo_00 +5,-10 deg",True,0.004376067006647453,0.0,0.00590464773271446
0.7,1.05,0.15,30,"demo_00 +5,-5 deg",True,0.0010664247854185469,0.0,0.005906689191270021
0.7,1.05,0.15,31,"demo_00 +5,+0 deg",True,0.0022741345386024206,0.0,0.005908652563131208
0.7,1.05,0.15,32,"demo_00 +5,+5 deg",True,0.005632039957681352,0.029575750248142074,0.005904627035119796
0.7,1.05,0.15,33,"demo_00 +5,+10 deg",True,0.009273869780634679,0.029607827244845536,0.005905153457027352
0.7,1.05,0.15,34,"demo_00 +5,+15 deg",True,0.013132982370940424,0.0053812584692729815,0.005905267274006264
0.7,1.05,0.15,35,"demo_00 +10,-15 deg",True,0.0060480905036150254,0.0,0.0058997936612961354
0.7,1.05,0.15,36,"demo_00 +10,-10 deg",True,0.002342571754690783,0.0,0.005905329833895907
0.7,1.05,0.15,37,"demo_00 +10,-5 deg",True,0.0013587126597258122,0.0,0.005905213413107477
0.7,1.05,0.15,38,"demo_00 +10,+0 deg",True,0.004217766982568757,0.0,0.005906679831676003
0.7,1.05,0.15,39,"demo_00 +10,+5 deg",True,0.007658727738628077,0.0022344252751666516,0.005904473371740612
0.7,1.05,0.15,40,"demo_00 +10,+10 deg",True,0.011548319752356132,0.0,0.0059060913015601645
0.7,1.05,0.15,41,"demo_00 +10,+15 deg",True,0.015710984037699282,0.0,0.005907900470225437
0.7,1.05,0.15,42,"demo_00 +15,-15 deg",True,0.0036938451365353692,0.0,0.005903929119436079
0.7,1.05,0.15,43,"demo_00 +15,-10 deg",True,0.0012793192330662658,0.0,0.005905808294367403
0.7,1.05,0.15,44,"demo_00 +15,-5 deg",True,0.003344443645558632,0.0,0.005907649859045903
0.7,1.05,0.15,45,"demo_00 +15,+0 deg",True,0.006327949428561483,0.0,0.005905302687465906
0.7,1.05,0.15,46,"demo_00 +15,+5 deg",True,0.009919310878715117,0.0,0.005908100473898881
0.7,1.05,0.15,47,"demo_00 +15,+10 deg",True,0.014120710153821645,0.0,0.005908633384073337
0.7,1.05,0.15,48,"demo_00 +15,+15 deg",True,0.01866862434462488,0.0,0.0059050010663361996
0.7,1.05,0.2,0,"demo_00 -15,-15 deg",True,0.020649893411142605,0.0,0.005943237014211626
0.7,1.05,0.2,1,"demo_00 -15,-10 deg",True,0.013395459490165207,0.0,0.005944860885881634
0.7,1.05,0.2,2,"demo_00 -15,-5 deg",True,0.00805611748326582,0.0,0.005945311544294984
0.7,1.05,0.2,3,"demo_00 -15,+0 deg",True,0.003964634472797282,0.0,0.005946061682803102
0.7,1.05,0.2,4,"demo_00 -15,+5 deg",True,0.0015310096128456072,0.0,0.005945845590320985
0.7,1.05,0.2,5,"demo_00 -15,+10 deg",True,0.0037608154127108852,0.0,0.005946844412356063
0.7,1.05,0.2,6,"demo_00 -15,+15 deg",True,0.00806077221128862,0.0,0.005946073881181287
0.7,1.05,0.2,7,"demo_00 -10,-15 deg",True,0.017338484179691787,0.0,0.005944612670290062
0.7,1.05,0.2,8,"demo_00 -10,-10 deg",True,0.011019101870335793,0.0,0.005945022116936741
0.7,1.05,0.2,9,"demo_00 -10,-5 deg",True,0.006374054474105999,0.0,0.0059460894754918055
0.7,1.05,0.2,10,"demo_00 -10,+0 deg",True,0.0026953442517231516,0.0,0.00594675466770301
0.7,1.05,0.2,11,"demo_00 -10,+5 deg",True,0.0010316766877364995,0.0,0.005947489762845888
0.7,1.05,0.2,12,"demo_00 -10,+10 deg",True,0.003747698000361473,0.0,0.005947056557164816
0.7,1.05,0.2,13,"demo_00 -10,+15 deg",True,0.007406880159414406,0.0,0.005946946357943643
0.7,1.05,0.2,14,"demo_00 -5,-15 deg",True,0.013988490862318716,0.0,0.005945499448783706
0.7,1.05,0.2,15,"demo_00 -5,-10 deg",True,0.008527919152008704,0.0,0.005945008127996416
0.7,1.05,0.2,16,"demo_00 -5,-5 deg",True,0.0045439931952536,0.0,0.005947567817159267
0.7,1.05,0.2,17,"demo_00 -5,+0 deg",True,0.0012626161967020982,0.0,0.005945153153360581
0.7,1.05,0.2,18,"demo_00 -5,+5 deg",True,0.0016709098732931853,0.013163290600279154,0.005946039360710442
0.7,1.05,0.2,19,"demo_00 -5,+10 deg",True,0.004351258082034374,0.0,0.005946516103131871
0.7,1.05,0.2,20,"demo_00 -5,+15 deg",True,0.007434354207980647,0.0,0.005944912615880349
0.7,1.05,0.2,21,"demo_00 +0,-15 deg",True,0.010800999625389308,0.0,0.005944142530063588
0.7,1.05,0.2,22,"demo_00 +0,-10 deg",True,0.006104288022703657,0.0,0.005945178681839772
0.7,1.05,0.2,23,"demo_00 +0,-5 deg",True,0.0026877002544366266,0.0,0.005945207709628679
0.7,1.05,0.2,24,demo_00,True,0.00031630647180683126,0.007593732141392027,0.005946802364074112
0.7,1.05,0.2,25,"demo_00 +0,+5 deg",True,0.003127161056623544,0.03773515171623139,0.005944469238677673
0.7,1.05,0.2,26,"demo_00 +0,+10 deg",True,0.005813812665933946,0.009350289142637885,0.005945445933934988
0.7,1.05,0.2,27,"demo_00 +0,+15 deg",True,0.008680500638705112,0.0,0.005947188994573025
0.7,1.05,0.2,28,"demo_00 +5,-15 deg",True,0.007942706081214303,0.0,0.0059455770111864785
0.7,1.05,0.2,29,"demo_00 +5,-10 deg",True,0.003908807284763126,0.0,0.005946580445644801
0.7,1.05,0.2,30,"demo_00 +5,-5 deg",True,0.0009948005369497237,0.0,0.005947912554022726
0.7,1.05,0.2,31,"demo_00 +5,+0 deg",True,0.0019824044988720983,0.0,0.005946514347125008
0.7,1.05,0.2,32,"demo_00 +5,+5 deg",True,0.004972784346289472,0.014707205521833272,0.005946333535968184
0.7,1.05,0.2,33,"demo_00 +5,+10 deg",True,0.008013160652927969,0.0,0.005945454615371827
0.7,1.05,0.2,34,"demo_00 +5,+15 deg",True,0.011123907337200409,0.0,0.005946921277162652
0.7,1.05,0.2,35,"demo_00 +10,-15 deg",True,0.005456659895643919,0.0,0.005943403798221601
0.7,1.05,0.2,36,"demo_00 +10,-10 deg",True,0.0020551464539429664,0.0,0.005947568663154105
0.7,1.05,0.2,37,"demo_00 +10,-5 deg",True,0.0012246505580189968,0.0,0.005946015425644467
0.7,1.05,0.2,38,"demo_00 +10,+0 deg",True,0.0037979888488323117,0.0,0.0059458236868384145
0.7,1.05,0.2,39,"demo_00 +10,+5 deg",True,0.007143665512803078,0.0,0.005945969199075083
0.7,1.05,0.2,40,"demo_00 +10,+10 deg",True,0.010765260156927785,0.0,0.005945218124312566
0.7,1.05,0.2,41,"demo_00 +10,+15 deg",True,0.014409612747327074,0.0,0.0059473516801636485
0.7,1.05,0.2,42,"demo_00 +15,-15 deg",True,0.0032610653461546753,0.0,0.00594280947193033
0.7,1.05,0.2,43,"demo_00 +15,-10 deg",True,0.0012865901385546179,0.0,0.00594697205472693
0.7,1.05,0.2,44,"demo_00 +15,-5 deg",True,0.003029204036348547,0.0,0.005948020502352129
0.7,1.05,0.2,45,"demo_00 +15,+0 deg",True,0.005871646228355381,0.0,0.005946667625840435
0.7,1.05,0.2,46,"demo_00 +15,+5 deg",True,0.009681056867911132,0.0,0.005945626013528316
0.7,1.05,0.2,47,"demo_00 +15,+10 deg",True,0.013977003994046,0.0,0.005947410991587266
0.7,1.05,0.2,48,"demo_00 +15,+15 deg",True,0.01827616324312323,0.0,0.005944444406015231
0.7,1.05,0.3,0,"demo_00 -15,-15 deg",True,0.022608731103779603,0.0,0.006012829924675168
0.7,1.05,0.3,1,"demo_00 -15,-10 deg",True,0.012888192580442059,0.0,0.006013007471733636
0.7,1.05,0.3,2,"demo_00 -15,-5 deg",True,0.006689300202630379,0.0,0.006012604784349569
0.7,1.05,0.3,3,"demo_00 -15,+0 deg",True,0.003490198039213128,0.0,0.00601297527249886
0.7,1.05,0.3,4,"demo_00 -15,+5 deg",True,0.002264484906468992,0.0,0.0060120855203825525
0.7,1.05,0.3,5,"demo_00 -15,+10 deg",True,0.006246089399653022,0.0,0.006013220049171543
0.7,1.05,0.3,6,"demo_00 -15,+15 deg",True,0.01418369268727483,0.0,0.006012171487857422
0.7,1.05,0.3,7,"demo_00 -10,-15 deg",True,0.02063227740808899,0.0,0.006013260197347164
0.7,1.05,0.3,8,"demo_00 -10,-10 deg",True,0.011577042264054045,0.0,0.006013520094623389
0.7,1.05,0.3,9,"demo_00 -10,-5 deg",True,0.005315969309929268,0.0,0.006012956673088833
0.7,1.05,0.3,10,"demo_00 -10,+0 deg",True,0.0018457744084474734,0.0,0.006011729275135445
0.7,1.05,0.3,11,"demo_00 -10,+5 deg",True,0.0013378630686427893,0.0,0.0060123951106651015
0.7,1.05,0.3,12,"demo_00 -10,+10 deg",True,0.005206345162319731,0.0,0.00601276611331183
0.7,1.05,0.3,13,"demo_00 -10,+15 deg",True,0.011988674336922038,0.0,0.006012243377693956
0.7,1.05,0.3,14,"demo_00 -5,-15 deg",True,0.018543818679268926,0.0,0.006012665700963651
0.7,1.05,0.3,15,"demo_00 -5,-10 deg",True,0.010340894688315791,0.0,0.00601367473292531
0.7,1.05,0.3,16,"demo_00 -5,-5 deg",True,0.004400714896510644,0.0,0.006013661385630644
0.7,1.05,0.3,17,"demo_00 -5,+0 deg",True,0.0008839287152487622,0.0,0.006011924858852904
0.7,1.05,0.3,18,"demo_00 -5,+5 deg",True,0.0007555053024277259,0.0,0.006013517244202726
0.7,1.05,0.3,19,"demo_00 -5,+10 deg",True,0.003523443194112738,0.0,0.006011971257711604
0.7,1.05,0.3,20,"demo_00 -5,+15 deg",True,0.0090288048000356,0.0,0.006013349387854498
0.7,1.05,0.3,21,"demo_00 +0,-15 deg",True,0.015441520468561294,0.0,0.006012115290815124
0.7,1.05,0.3,22,"demo_00 +0,-10 deg",True,0.008231880079080284,0.0,0.006012637767809392
0.7,1.05,0.3,23,"demo_00 +0,-5 deg",True,0.002987946384368249,0.0,0.0060117725256929235
0.7,1.05,0.3,24,demo_00,True,0.0002856509748332706,0.005862938485876765,0.006013408571174801
0.7,1.05,0.3,25,"demo_00 +0,+5 deg",True,0.0012672473853188536,0.0,0.006013241420719269
0.7,1.05,0.3,26,"demo_00 +0,+10 deg",True,0.0015204934439187797,0.0,0.006012438174956666
0.7,1.05,0.3,27,"demo_00 +0,+15 deg",True,0.005865110802165072,0.0,0.006012718806854765
0.7,1.05,0.3,28,"demo_00 +5,-15 deg",True,0.01160620933460308,0.0,0.006013807901858455
0.7,1.05,0.3,29,"demo_00 +5,-10 deg",True,0.0054301970257154344,0.0,0.0060138900395565985
0.7,1.05,0.3,30,"demo_00 +5,-5 deg",True,0.0010346068673870617,0.0,0.006012454842435506
0.7,1.05,0.3,31,"demo_00 +5,+0 deg",True,0.0021675987176148137,0.0,0.006011929350136052
0.7,1.05,0.3,32,"demo_00 +5,+5 deg",True,0.003683430084634414,0.0,0.006013358489324215
0.7,1.05,0.3,33,"demo_00 +5,+10 deg",True,0.003713335966354918,0.0,0.006013887179520423
0.7,1.05,0.3,34,"demo_00 +5,+15 deg",True,0.005543569853483247,0.0,0.006012546428251824
0.7,1.05,0.3,35,"demo_00 +10,-15 deg",True,0.007616225179852759,0.0,0.006012310716399293
0.7,1.05,0.3,36,"demo_00 +10,-10 deg",True,0.002554769314413846,0.0,0.006012138227454809
0.7,1.05,0.3,37,"demo_00 +10,-5 deg",True,0.0018662963519536866,0.0,0.0060140755130539975
0.7,1.05,0.3,38,"demo_00 +10,+0 deg",True,0.004793629140683974,0.0,0.006012378258265798
0.7,1.05,0.3,39,"demo_00 +10,+5 deg",True,0.007071925277723861,0.0,0.006011929908436303
0.7,1.05,0.3,40,"demo_00 +10,+10 deg",True,0.008126643562653656,0.0,0.006011944327600318
0.7,1.05,0.3,41,"demo_00 +10,+15 deg",True,0.009911426762881015,0.0,0.006012415923775169
0.7,1.05,0.3,42,"demo_00 +15,-15 deg",True,0.003908946376196813,0.0,0.006012241332017187
0.7,1.05,0.3,43,"demo_00 +15,-10 deg",True,0.0017159903698895037,0.0,0.00601256391670383
0.7,1.05,0.3,44,"demo_00 +15,-5 deg",True,0.004587858668229534,0.0,0.006013576188494402
0.7,1.05,0.3,45,"demo_00 +15,+0 deg",True,0.008014559049015319,0.0,0.006013737662144831
0.7,1.05,0.3,46,"demo_00 +15,+5 deg",True,0.01117577675914963,0.0,0.006014011359939919
0.7,1.05,0.3,47,"demo_00 +15,+10 deg",True,0.013350664276684007,0.0,0.006011826938033679
0.7,1.05,0.3,48,"demo_00 +15,+15 deg",True,0.01626648944043059,0.0,0.006011839362153412
0.7,1.2,0.07,0,"demo_00 -15,-15 deg",True,0.034980133677700344,0.0,0.005857835919664124
0.7,1.2,0.07,1,"demo_00 -15,-10 deg",True,0.025821643670852396,0.0,0.005897984994196112
0.7,1.2,0.07,2,"demo_00 -15,-5 deg",True,0.017840199939128387,0.0,0.0059055077737189925
0.7,1.2,0.07,3,"demo_00 -15,+0 deg",False,0.010871125092053492,0.14745864202359446,nan
0.7,1.2,0.07,4,"demo_00 -15,+5 deg",False,0.004838311165512864,0.16505598342940897,nan
0.7,1.2,0.07,5,"demo_00 -15,+10 deg",False,0.0016166645737567592,0.15367398172890806,nan
0.7,1.2,0.07,6,"demo_00 -15,+15 deg",False,0.005740860634520625,0.12141277077866028,nan
0.7,1.2,0.07,7,"demo_00 -10,-15 deg",True,0.02932812325859642,0.0,0.005858121869583241
0.7,1.2,0.07,8,"demo_00 -10,-10 deg",True,0.020811655405261458,0.0,0.005897664023550512
0.7,1.2,0.07,9,"demo_00 -10,-5 deg",True,0.013327866858807973,0.0,0.005907786111422822
0.7,1.2,0.07,10,"demo_00 -10,+0 deg",False,0.006739785689393357,0.2270841865691812,nan
0.7,1.2,0.07,11,"demo_00 -10,+5 deg",False,0.001313377330395464,0.23495752245595938,nan
0.7,1.2,0.07,12,"demo_00 -10,+10 deg",False,0.004570280490272713,0.204771023284821,nan
0.7,1.2,0.07,13,"demo_00 -10,+15 deg",False,0.00915180538872568,0.15831953490628362,nan
0.7,1.2,0.07,14,"demo_00 -5,-15 deg",True,0.02419178755906645,0.0,0.0058600438752652645
0.7,1.2,0.07,15,"demo_00 -5,-10 deg",True,0.016244618271609893,0.0,0.005898170893985402
0.7,1.2,0.07,16,"demo_00 -5,-5 deg",True,0.009189980670767274,0.0,0.005908094143093738
0.7,1.2,0.07,17,"demo_00 -5,+0 deg",True,0.0029089312287155734,0.0,0.0059086827614814085
0.7,1.2,0.07,18,"demo_00 -5,+5 deg",False,0.0028107043336249673,0.29152237102661627,nan
0.7,1.2,0.07,19,"demo_00 -5,+10 deg",False,0.007858219102991377,0.23196762133051443,nan
0.7,1.2,0.07,20,"demo_00 -5,+15 deg",False,0.012404443288598405,0.17405359757058475,nan
0.7,1.2,0.07,21,"demo_00 +0,-15 deg",True,0.019450815804344355,0.0,0.005861475732234431
0.7,1.2,0.07,22,"demo_00 +0,-10 deg",True,0.01201151318090415,0.0,0.005897072137102868
0.7,1.2,0.07,23,"demo_00 +0,-5 deg",True,0.005342082272953771,0.0,0.005905949183269491
0.7,1.2,0.07,24,demo_00,True,0.000729675097564858,0.007136339341942645,0.005909480158876398
0.7,1.2,0.07,25,"demo_00 +0,+5 deg",False,0.006135916264481568,0.2903490928418897,nan
0.7,1.2,0.07,26,"demo_00 +0,+10 deg",False,0.011071560338637852,0.22330132596589963,nan
0.7,1.2,0.07,27,"demo_00 +0,+15 deg",False,0.015545988209805368,0.16647060586463447,nan
0.7,1.2,0.07,28,"demo_00 +5,-15 deg",True,0.014977788783079472,0.0,0.005866973488665165
0.7,1.2,0.07,29,"demo_00 +5,-10 deg",True,0.008010747974938516,0.0,0.005899929349417545
0.7,1.2,0.07,30,"demo_00 +5,-5 deg",True,0.0018686535535957305,0.0,0.005908619493082974
0.7,1.2,0.07,31,"demo_00 +5,+0 deg",True,0.00423509781350725,0.0,0.0059087775505582574
0.7,1.2,0.07,32,"demo_00 +5,+5 deg",False,0.009438834992519986,0.2417364397277123,nan
0.7,1.2,0.07,33,"demo_00 +5,+10 deg",False,0.014234404236976715,0.18714093973193344,nan
0.7,1.2,0.07,34,"demo_00 +5,+15 deg",False,0.018628967053940293,0.1383871103534531,nan
0.7,1.2,0.07,35,"demo_00 +10,-15 deg",True,0.010649586104991747,0.0,0.005874807812210023
0.7,1.2,0.07,36,"demo_00 +10,-10 deg",True,0.0042114572493178095,0.0,0.005904438374363623
0.7,1.2,0.07,37,"demo_00 +10,-5 deg",True,0.002516489452709314,0.0,0.005910302146858185
0.7,1.2,0.07,38,"demo_00 +10,+0 deg",True,0.007720841824414645,0.0,0.005905875321271771
0.7,1.2,0.07,39,"demo_00 +10,+5 deg",False,0.012742133654098438,0.19047075565816987,nan
0.7,1.2,0.07,40,"demo_00 +10,+10 deg",False,0.017397338093236285,0.13302742168086318,nan
0.7,1.2,0.07,41,"demo_00 +10,+15 deg",False,0.021703875590602426,0.09651338845676388,nan
0.7,1.2,0.07,42,"demo_00 +15,-15 deg",True,0.006372048605339409,0.0,0.005886608944929399
0.7,1.2,0.07,43,"demo_00 +15,-10 deg",True,0.0017192371854308063,0.0,0.0059121639456179795
0.7,1.2,0.07,44,"demo_00 +15,-5 deg",True,0.00608321312979319,0.0,0.00591270814325418
0.7,1.2,0.07,45,"demo_00 +15,+0 deg",True,0.011255687436135545,0.0,0.005906995831745816
0.7,1.2,0.07,46,"demo_00 +15,+5 deg",False,0.016100528129976983,0.14004521657625005,nan
0.7,1.2,0.07,47,"demo_00 +15,+10 deg",False,0.020610123351839895,0.08095507791328282,nan
0.7,1.2,0.07,48,"demo_00 +15,+15 deg",False,0.024817056036835785,0.04442520609977885,nan
0.7,1.2,0.1,0,"demo_00 -15,-15 deg",True,0.029477382437532687,0.0,0.005890632701674216
0.7,1.2,0.1,1,"demo_00 -15,-10 deg",True,0.02158552876740061,0.0,0.0058976107719974575
0.7,1.2,0.1,2,"demo_00 -15,-5 deg",True,0.015042082598123091,0.0,0.005897606113000922
0.7,1.2,0.1,3,"demo_00 -15,+0 deg",True,0.009215333130998454,0.0,0.005901477821071501
0.7,1.2,0.1,4,"demo_00 -15,+5 deg",False,0.003690166468667636,0.0,nan
0.7,1.2,0.1,5,"demo_00 -15,+10 deg",False,0.0025031869930307532,7.386234095749233e-05,nan
0.7,1.2,0.1,6,"demo_00 -15,+15 deg",False,0.008291911002033065,0.007783507554191632,nan
0.7,1.2,0.1,7,"demo_00 -10,-15 deg",True,0.023747341104931517,0.0,0.005891525163139056
0.7,1.2,0.1,8,"demo_00 -10,-10 deg",True,0.01665900521925795,0.0,0.005895849642015178
0.7,1.2,0.1,9,"demo_00 -10,-5 deg",True,0.010776055505623697,0.0,0.0059015677640369205
0.7,1.2,0.1,10,"demo_00 -10,+0 deg",True,0.005498775614903794,0.0,0.0058985429523943445
0.7,1.2,0.1,11,"demo_00 -10,+5 deg",False,0.0003890397268468593,0.0,nan
0.7,1.2,0.1,12,"demo_00 -10,+10 deg",False,0.004963204091754753,0.04234343869544202,nan
0.7,1.2,0.1,13,"demo_00 -10,+15 deg",False,0.01061190601221723,0.041791561977292196,nan
0.7,1.2,0.1,14,"demo_00 -5,-15 deg",True,0.018897206467229442,0.0,0.005891486398177029
0.7,1.2,0.1,15,"demo_00 -5,-10 deg",True,0.012498971696861733,0.0,0.005899633308516632
0.7,1.2,0.1,16,"demo_00 -5,-5 deg",True,0.007147982460290624,0.0,0.005901574424242727
0.7,1.2,0.1,17,"demo_00 -5,+0 deg",True,0.0022911123385221193,0.0,0.005899450231004721
0.7,1.2,0.1,18,"demo_00 -5,+5 deg",False,0.0025303072410269387,0.06959192351275913,nan
0.7,1.2,0.1,19,"demo_00 -5,+10 deg",False,0.007612944801507128,0.08638420457205753,nan
0.7,1.2,0.1,20,"demo_00 -5,+15 deg",False,0.013122565173176748,0.06517280137212139,nan
0.7,1.2,0.1,21,"demo_00 +0,-15 deg",True,0.014790002586053235,0.0,0.005893376360855295
0.7,1.2,0.1,22,"demo_00 +0,-10 deg",True,0.008970161409890475,0.0,0.005896552422415218
0.7,1.2,0.1,23,"demo_00 +0,-5 deg",True,0.004041398673405541,0.0,0.005901324176760963
0.7,1.2,0.1,24,demo_00,True,0.000535331959183136,0.0060767445812570904,0.005900106589380673
0.7,1.2,0.1,25,"demo_00 +0,+5 deg",False,0.005111015976851122,0.0938721063590391,nan
0.7,1.2,0.1,26,"demo_00 +0,+10 deg",False,0.01008286881253735,0.09248169153995911,nan
0.7,1.2,0.1,27,"demo_00 +0,+15 deg",False,0.015594101347308636,0.06502826535633077,nan
0.7,1.2,0.1,28,"demo_00 +5,-15 deg",True,0.011230677161300556,0.0,0.00589607208957928
0.7,1.2,0.1,29,"demo_00 +5,-10 deg",True,0.005900344106820618,0.0,0.00589910163993265
0.7,1.2,0.1,30,"demo_00 +5,-5 deg",True,0.0014258995475252801,0.0,0.005899813358812121
0.7,1.2,0.1,31,"demo_00 +5,+0 deg",True,0.003100598453462172,0.0,0.00590183120166907
0.7,1.2,0.1,32,"demo_00 +5,+5 deg",False,0.007495855909861968,0.06007106804096787,nan
0.7,1.2,0.1,33,"demo_00 +5,+10 deg",False,0.01240481831073712,0.06610794633527498,nan
0.7,1.2,0.1,34,"demo_00 +5,+15 deg",False,0.017992468600537798,0.04210094251381605,nan
0.7,1.2,0.1,35,"demo_00 +10,-15 deg",True,0.007998700998231405,0.0,0.005894468555207399
0.7,1.2,0.1,36,"demo_00 +10,-10 deg",True,0.0031698586651990493,0.0,0.005898857876844136
0.7,1.2,0.1,37,"demo_00 +10,-5 deg",True,0.001805160527308251,0.0,0.005901043843884247
0.7,1.2,0.1,38,"demo_00 +10,+0 deg",True,0.005583391858119728,0.0,0.005898124272948069
0.7,1.2,0.1,39,"demo_00 +10,+5 deg",False,0.009813020571426792,0.014044023818264889,nan
0.7,1.2,0.1,40,"demo_00 +10,+10 deg",False,0.014668298689579017,0.017359282849180313,nan
0.7,1.2,0.1,41,"demo_00 +10,+15 deg",False,0.020359603270571878,0.003370820871181124,nan
0.7,1.2,0.1,42,"demo_00 +15,-15 deg",True,0.004900453869153678,0.0,0.005897388700696794
0.7,1.2,0.1,43,"demo_00 +15,-10 deg",True,0.0015372758378451184,0.0,0.005902908976713106
0.7,1.2,0.1,44,"demo_00 +15,-5 deg",True,0.004366832191358061,0.0,0.005901580484856514
0.7,1.2,0.1,45,"demo_00 +15,+0 deg",True,0.008108374207166555,0.0,0.005900181295996567
0.7,1.2,0.1,46,"demo_00 +15,+5 deg",False,0.012174922739679444,0.0,nan
0.7,1.2,0.1,47,"demo_00 +15,+10 deg",False,0.016968286944430814,0.0,nan
0.7,1.2,0.1,48,"demo_00 +15,+15 deg",False,0.022766059306194755,0.0,nan
0.7,1.2,0.15,0,"demo_00 -15,-15 deg",True,0.027244469847821317,0.0,0.005923597499842972
0.7,1.2,0.15,1,"demo_00 -15,-10 deg",True,0.019116585772399622,0.0,0.005922221958690278
0.7,1.2,0.15,2,"demo_00 -15,-5 deg",True,0.012699952344101838,0.0,0.005924211352177821
0.7,1.2,0.15,3,"demo_00 -15,+0 deg",True,0.006944899504382651,0.0,0.005921957262775884
0.7,1.2,0.15,4,"demo_00 -15,+5 deg",True,0.003300490323911572,0.0,0.005924545772919939
0.7,1.2,0.15,5,"demo_00 -15,+10 deg",True,0.0072372436530953,0.0,0.005924567402353553
0.7,1.2,0.15,6,"demo_00 -15,+15 deg",True,0.014110308362730646,0.0,0.005922415018445721
0.7,1.2,0.15,7,"demo_00 -10,-15 deg",True,0.021465078325599195,0.0,0.005923279901798385
0.7,1.2,0.15,8,"demo_00 -10,-10 deg",True,0.014399169201364805,0.0,0.005922529301190355
0.7,1.2,0.15,9,"demo_00 -10,-5 deg",True,0.00907381821224707,0.0,0.0059222961069875235
0.7,1.2,0.15,10,"demo_00 -10,+0 deg",True,0.004198287024843697,0.0,0.005920897443604587
0.7,1.2,0.15,11,"demo_00 -10,+5 deg",True,0.0018276707086611011,0.0,0.005923396457551327
0.7,1.2,0.15,12,"demo_00 -10,+10 deg",True,0.007095860849769572,0.0,0.005923043571422189
0.7,1.2,0.15,13,"demo_00 -10,+15 deg",True,0.013780007146424904,0.0,0.005922932025956739
0.7,1.2,0.15,14,"demo_00 -5,-15 deg",True,0.01649080410070005,0.0,0.005923500725894153
0.7,1.2,0.15,15,"demo_00 -5,-10 deg",True,0.010340293109663898,0.0,0.005923360164642799
0.7,1.2,0.15,16,"demo_00 -5,-5 deg",True,0.005875256995237749,0.0,0.005922092599874351
0.7,1.2,0.15,17,"demo_00 -5,+0 deg",True,0.001728617137506388,0.0,0.005922234181590932
0.7,1.2,0.15,18,"demo_00 -5,+5 deg",True,0.002923076266795611,0.03742009714576526,0.00592147478217392
0.7,1.2,0.15,19,"demo_00 -5,+10 deg",True,0.008278812344913965,0.03782987777352381,0.005922472136943573
0.7,1.2,0.15,20,"demo_00 -5,+15 deg",True,0.014750196679151839,0.0,0.005922564487955688
0.7,1.2,0.15,21,"demo_00 +0,-15 deg",True,0.012444452314532417,0.0,0.00592402132072251
0.7,1.2,0.15,22,"demo_00 +0,-10 deg",True,0.007072105113930052,0.0,0.005924702675094075
0.7,1.2,0.15,23,"demo_00 +0,-5 deg",True,0.00325067881541681,0.0,0.005922630370122663
0.7,1.2,0.15,24,demo_00,True,0.00037357762621547584,0.00772244903132691,0.0059237696702205194
0.7,1.2,0.15,25,"demo_00 +0,+5 deg",True,0.004687173179926936,0.06642217609801966,0.0059237259810429165
0.7,1.2,0.15,26,"demo_00 +0,+10 deg",True,0.010072635384658767,0.04695193179860829,0.005923533649247883
0.7,1.2,0.15,27,"demo_00 +0,+15 deg",True,0.016642722693816777,0.0024872910537973303,0.005923419377183543
0.7,1.2,0.15,28,"demo_00 +5,-15 deg",True,0.00921093623768221,0.0,0.005921160613264015
0.7,1.2,0.15,29,"demo_00 +5,-10 deg",True,0.004480360405261204,0.0,0.005922475422845247
0.7,1.2,0.15,30,"demo_00 +5,-5 deg",True,0.0012185761596309522,0.0,0.005922865630501913
0.7,1.2,0.15,31,"demo_00 +5,+0 deg",True,0.002178769315445077,0.0,0.005922980156966315
0.7,1.2,0.15,32,"demo_00 +5,+5 deg",True,0.006346627549539209,0.03510704440799539,0.005924015733553702
0.7,1.2,0.15,33,"demo_00 +5,+10 deg",True,0.012018441531998362,0.020424729546375447,0.005922087406761138
0.7,1.2,0.15,34,"demo_00 +5,+15 deg",True,0.01902593898637869,0.0,0.005920914506647499
0.7,1.2,0.15,35,"demo_00 +10,-15 deg",True,0.006504941856891826,0.0,0.005922006091935737
0.7,1.2,0.15,36,"demo_00 +10,-10 deg",True,0.002395324624564221,0.0,0.005922904093190419
0.7,1.2,0.15,37,"demo_00 +10,-5 deg",True,0.0014341421141630811,0.0,0.005922958662522233
0.7,1.2,0.15,38,"demo_00 +10,+0 deg",True,0.003918870033269089,0.0,0.005923013362329663
0.7,1.2,0.15,39,"demo_00 +10,+5 deg",True,0.007949993588091231,0.0,0.005923533904405396
0.7,1.2,0.15,40,"demo_00 +10,+10 deg",True,0.01399899444246191,0.0,0.005922456295422088
0.7,1.2,0.15,41,"demo_00 +10,+15 deg",True,0.021645029942598468,0.0,0.005921969144719391
0.7,1.2,0.15,42,"demo_00 +15,-15 deg",True,0.004010561917612216,0.0,0.005924198230591441
0.7,1.2,0.15,43,"demo_00 +15,-10 deg",True,0.0015786992247165798,0.0,0.005924176123443493
0.7,1.2,0.15,44,"demo_00 +15,-5 deg",True,0.003403417771662318,0.0,0.005920978915829421
0.7,1.2,0.15,45,"demo_00 +15,+0 deg",True,0.005767249262217174,0.0,0.005923439523244671
0.7,1.2,0.15,46,"demo_00 +15,+5 deg",True,0.009645160224231477,0.0,0.005924070412213679
0.7,1.2,0.15,47,"demo_00 +15,+10 deg",True,0.016065375129668127,0.0,0.0059238912722881405
0.7,1.2,0.15,48,"demo_00 +15,+15 deg",True,0.024423008736892807,0.0,0.005923105181578957
0.7,1.2,0.2,0,"demo_00 -15,-15 deg",True,0.02693593944890797,0.0,0.005969174914277477
0.7,1.2,0.2,1,"demo_00 -15,-10 deg",True,0.016866421265251758,0.0,0.005965980184071409
0.7,1.2,0.2,2,"demo_00 -15,-5 deg",True,0.009309592630294518,0.0,0.0059664215336417735
0.7,1.2,0.2,3,"demo_00 -15,+0 deg",True,0.004468748615501635,0.0,0.005968257462955567
0.7,1.2,0.2,4,"demo_00 -15,+5 deg",True,0.004246111553430537,0.0,0.00596713144892297
0.7,1.2,0.2,5,"demo_00 -15,+10 deg",True,0.00825034553402783,0.0,0.005967611494225161
0.7,1.2,0.2,6,"demo_00 -15,+15 deg",True,0.01495934101305105,0.0,0.005968502770332843
0.7,1.2,0.2,7,"demo_00 -10,-15 deg",True,0.02246816940504939,0.0,0.005967060661132389
0.7,1.2,0.2,8,"demo_00 -10,-10 deg",True,0.013845583110370159,0.0,0.005966854262306696
0.7,1.2,0.2,9,"demo_00 -10,-5 deg",True,0.0075778800248164,0.0,0.005967373296868365
0.7,1.2,0.2,10,"demo_00 -10,+0 deg",True,0.00312076230455308,0.0,0.0059674916389173965
0.7,1.2,0.2,11,"demo_00 -10,+5 deg",True,0.002532884403737265,0.0,0.005967129498857083
0.7,1.2,0.2,12,"demo_00 -10,+10 deg",True,0.006141494437957678,0.0,0.005968308072842191
0.7,1.2,0.2,13,"demo_00 -10,+15 deg",True,0.01191706626648676,0.0,0.0059659887420607524
0.7,1.2,0.2,14,"demo_00 -5,-15 deg",True,0.01769869307252832,0.0,0.005966264279846967
0.7,1.2,0.2,15,"demo_00 -5,-10 deg",True,0.010314541312893279,0.0,0.005965914249122442
0.7,1.2,0.2,16,"demo_00 -5,-5 deg",True,0.005278786319193113,0.0,0.005966467837313939
0.7,1.2,0.2,17,"demo_00 -5,+0 deg",True,0.001423311269962634,0.0,0.005967342685380449
0.7,1.2,0.2,18,"demo_00 -5,+5 deg",True,0.0019884096431849116,0.0,0.005969196919488385
0.7,1.2,0.2,19,"demo_00 -5,+10 deg",True,0.005594371342840233,0.0,0.005968257136511172
0.7,1.2,0.2,20,"demo_00 -5,+15 deg",True,0.010628701413871887,0.0,0.0059694840006894335
0.7,1.2,0.2,21,"demo_00 +0,-15 deg",True,0.013374378025063301,0.0,0.005968272325358386
0.7,1.2,0.2,22,"demo_00 +0,-10 deg",True,0.007086317806640751,0.0,0.005966615100983329
0.7,1.2,0.2,23,"demo_00 +0,-5 deg",True,0.0030236041758355376,0.0,0.005966821910636062
0.7,1.2,0.2,24,demo_00,True,0.00032568366352362266,0.007659221136708344,0.005966412289938394
0.7,1.2,0.2,25,"demo_00 +0,+5 deg",True,0.003488786848880002,0.013176430534773048,0.005968413198643919
0.7,1.2,0.2,26,"demo_00 +0,+10 deg",True,0.007211394932516826,0.0,0.005966638046492879
0.7,1.2,0.2,27,"demo_00 +0,+15 deg",True,0.011985131662852132,0.0,0.005967875178069825
0.7,1.2,0.2,28,"demo_00 +5,-15 deg",True,0.009752326616117324,0.0,0.005968865991395264
0.7,1.2,0.2,29,"demo_00 +5,-10 deg",True,0.004438681469943971,0.0,0.0059694345192422855
0.7,1.2,0.2,30,"demo_00 +5,-5 deg",True,0.0012090388686277476,0.0,0.00596728068066941
0.7,1.2,0.2,31,"demo_00 +5,+0 deg",True,0.001964689773882614,0.0,0.0059667012111114
0.7,1.2,0.2,32,"demo_00 +5,+5 deg",True,0.005514087928124946,0.0,0.005969452207342612
0.7,1.2,0.2,33,"demo_00 +5,+10 deg",True,0.010004160011366645,0.0,0.005966706467080493
0.7,1.2,0.2,34,"demo_00 +5,+15 deg",True,0.015235298019482445,0.0,0.005967123133239603
0.7,1.2,0.2,35,"demo_00 +10,-15 deg",True,0.006710500999319651,0.0,0.005969316803020229
0.7,1.2,0.2,36,"demo_00 +10,-10 deg",True,0.0023256310829933478,0.0,0.005969182905011684
0.7,1.2,0.2,37,"demo_00 +10,-5 deg",True,0.0014940019576802758,0.0,0.0059692530415295895
0.7,1.2,0.2,38,"demo_00 +10,+0 deg",True,0.0036127982626672473,0.0,0.0059678019417926
0.7,1.2,0.2,39,"demo_00 +10,+5 deg",True,0.007596231665911143,0.0,0.005966933921825883
0.7,1.2,0.2,40,"demo_00 +10,+10 deg",True,0.01316137247798249,0.0,0.005968926307540924
0.7,1.2,0.2,41,"demo_00 +10,+15 deg",True,0.01922640654149738,0.0,0.005967904119136225
0.7,1.2,0.2,42,"demo_00 +15,-15 deg",True,0.003963724476518305,0.0,0.005966451909588013
0.7,1.2,0.2,43,"demo_00 +15,-10 deg",True,0.0017271641042272334,0.0,0.005966883253746161
0.7,1.2,0.2,44,"demo_00 +15,-5 deg",True,0.0033975684681092338,0.0,0.005966490763941224
0.7,1.2,0.2,45,"demo_00 +15,+0 deg",True,0.005381729283661451,0.0,0.005968661883963411
0.7,1.2,0.2,46,"demo_00 +15,+5 deg",True,0.009735884187399183,0.0,0.005969333606643748
0.7,1.2,0.2,47,"demo_00 +15,+10 deg",True,0.01641982992754666,0.0,0.005968897294230262
0.7,1.2,0.2,48,"demo_00 +15,+15 deg",True,0.02340086743018036,0.0,0.005969286625759324
0.7,1.2,0.3,0,"demo_00 -15,-15 deg",True,0.033744628427902545,0.0,0.005926037990194855
0.7,1.2,0.3,1,"demo_00 -15,-10 deg",True,0.019227317726796707,0.0,0.005926190045521534
0.7,1.2,0.3,2,"demo_00 -15,-5 deg",True,0.009195855840918081,0.0,0.005926424175624939
0.7,1.2,0.3,3,"demo_00 -15,+0 deg",True,0.004607898506606337,0.0,0.005926091030551665
0.7,1.2,0.3,4,"demo_00 -15,+5 deg",True,0.00741304142439083,0.0,0.005926905683907948
0.7,1.2,0.3,5,"demo_00 -15,+10 deg",True,0.016606240310140675,0.0,0.005925968504829316
0.7,1.2,0.3,6,"demo_00 -15,+15 deg",True,0.029074602220544716,0.0,0.005927103067800105
0.7,1.2,0.3,7,"demo_00 -10,-15 deg",True,0.03420755134749587,0.0,0.005926201098858809
0.7,1.2,0.3,8,"demo_00 -10,-10 deg",True,0.01843864579621234,0.0,0.005926185039291942
0.7,1.2,0.3,9,"demo_00 -10,-5 deg",True,0.007186620712779471,0.0,0.005926916635816482
0.7,1.2,0.3,10,"demo_00 -10,+0 deg",True,0.0022306185349338908,0.0,0.00592619266874675
0.7,1.2,0.3,11,"demo_00 -10,+5 deg",True,0.004778139967290505,0.0,0.00592596104396946
0.7,1.2,0.3,12,"demo_00 -10,+10 deg",True,0.013011616012782319,0.0,0.005926267961333442
0.7,1.2,0.3,13,"demo_00 -10,+15 deg",True,0.02396361043968387,0.0,0.00592600840588012
0.7,1.2,0.3,14,"demo_00 -5,-15 deg",True,0.030893824264953816,0.0,0.005926953034110513
0.7,1.2,0.3,15,"demo_00 -5,-10 deg",True,0.016624485312302848,0.0,0.005926285696541507
0.7,1.2,0.3,16,"demo_00 -5,-5 deg",True,0.006042844658111961,0.0,0.005926047657442093
0.7,1.2,0.3,17,"demo_00 -5,+0 deg",True,0.0009224316581370068,0.0,0.00592715379588062
0.7,1.2,0.3,18,"demo_00 -5,+5 deg",True,0.002251903048342993,0.0,0.00592635502175557
0.7,1.2,0.3,19,"demo_00 -5,+10 deg",True,0.008931374546054022,0.0,0.005925951548257694
0.7,1.2,0.3,20,"demo_00 -5,+15 deg",False,0.01819332082419768,0.0008727329367167747,nan
0.7,1.2,0.3,21,"demo_00 +0,-15 deg",True,0.02483130929352715,0.0,0.005927068851309604
0.7,1.2,0.3,22,"demo_00 +0,-10 deg",True,0.012547721512529827,0.0,0.0059265291692291895
0.7,1.2,0.3,23,"demo_00 +0,-5 deg",True,0.004065181311926987,0.0,0.005926889613558682
0.7,1.2,0.3,24,demo_00,True,0.0002910211668505211,0.005951086979753241,0.005926095577922317
0.7,1.2,0.3,25,"demo_00 +0,+5 deg",True,0.00033361791268205463,0.0,0.005926131493196221
0.7,1.2,0.3,26,"demo_00 +0,+10 deg",True,0.0040584626132987665,0.0035359342227738455,0.019779353156103057
0.7,1.2,0.3,27,"demo_00 +0,+15 deg",False,0.011534218372632746,0.0021976765225961425,nan
0.7,1.2,0.3,28,"demo_00 +5,-15 deg",True,0.018268885564635674,0.0,0.005926904569170862
0.7,1.2,0.3,29,"demo_00 +5,-10 deg",True,0.007896569513959955,0.0,0.005927033738194572
0.7,1.2,0.3,30,"demo_00 +5,-5 deg",True,0.0013421944341975541,0.0,0.005927079508389615
0.7,1.2,0.3,31,"demo_00 +5,+0 deg",True,0.002444730804743803,0.0,0.005925985374696098
0.7,1.2,0.3,32,"demo_00 +5,+5 deg",True,0.0037017251603741544,0.0,0.005926641372593198
0.7,1.2,0.3,33,"demo_00 +5,+10 deg",False,0.002240825823937847,0.0,nan
0.7,1.2,0.3,34,"demo_00 +5,+15 deg",False,0.005715410479194534,0.0,nan
0.7,1.2,0.3,35,"demo_00 +10,-15 deg",True,0.011956442302898452,0.0,0.005925953150504114
0.7,1.2,0.3,36,"demo_00 +10,-10 deg",True,0.0035254349660433864,0.0,0.0059270515175356
0.7,1.2,0.3,37,"demo_00 +10,-5 deg",True,0.002811657318655419,0.0,0.005926781729847197
0.7,1.2,0.3,38,"demo_00 +10,+0 deg",True,0.005698723072636018,0.0,0.00592674054604481
0.7,1.2,0.3,39,"demo_00 +10,+5 deg",True,0.0082116190672302,0.0,0.009153835953008574
0.7,1.2,0.3,40,"demo_00 +10,+10 deg",False,0.008762403948927494,0.0,nan
0.7,1.2,0.3,41,"demo_00 +10,+15 deg",False,0.008589258781257254,0.0,nan
0.7,1.2,0.3,42,"demo_00 +15,-15 deg",True,0.006029459037640337,0.0,0.005926737916099799
0.7,1.2,0.3,43,"demo_00 +15,-10 deg",True,0.0025020741868739846,0.0,0.0059259871722415714
0.7,1.2,0.3,44,"demo_00 +15,-5 deg",True,0.006576361680378196,0.0,0.005926233578631488
0.7,1.2,0.3,45,"demo_00 +15,+0 deg",True,0.009547347176293233,0.0,0.005926492440928941
0.7,1.2,0.3,46,"demo_00 +15,+5 deg",False,0.013291500147114534,0.0,nan
0.7,1.2,0.3,47,"demo_00 +15,+10 deg",False,0.015241855551349713,0.0,nan
0.7,1.2,0.3,48,"demo_00 +15,+15 deg",False,0.015859398622909786,0.0,nan
1.0,0.75,0.07,0,"demo_00 -15,-15 deg",True,0.035376272757115,0.0,0.005854561200233188
1.0,0.75,0.07,1,"demo_00 -15,-10 deg",True,0.02599596728785949,0.0,0.005856178308587894
1.0,0.75,0.07,2,"demo_00 -15,-5 deg",True,0.017785836512716105,0.0,0.0058541829580574
1.0,0.75,0.07,3,"demo_00 -15,+0 deg",False,0.010676526312216121,0.17540973129709056,nan
1.0,0.75,0.07,4,"demo_00 -15,+5 deg",False,0.0046469896571207855,0.19302498002059554,nan
1.0,0.75,0.07,5,"demo_00 -15,+10 deg",False,0.0014129361257978314,0.18162720591265108,nan
1.0,0.75,0.07,6,"demo_00 -15,+15 deg",False,0.005135493431816388,0.1453113719496393,nan
1.0,0.75,0.07,7,"demo_00 -10,-15 deg",True,0.03026603651241354,0.0,0.0058556005647207535
1.0,0.75,0.07,8,"demo_00 -10,-10 deg",True,0.021379012798639907,0.0,0.005854712551100395
1.0,0.75,0.07,9,"demo_00 -10,-5 deg",True,0.0135722104217541,0.0,0.005853604915026809
1.0,0.75,0.07,10,"demo_00 -10,+0 deg",False,0.00679300130516365,0.2550349414955354,nan
1.0,0.75,0.07,11,"demo_00 -10,+5 deg",False,0.0012624103057419934,0.26291384483724467,nan
1.0,0.75,0.07,12,"demo_00 -10,+10 deg",False,0.004186387956444965,0.23252003164023427,nan
1.0,0.75,0.07,13,"demo_00 -10,+15 deg",False,0.008232106693458809,0.17859598306044508,nan
1.0,0.75,0.07,14,"demo_00 -5,-15 deg",True,0.025351688860897104,0.0,0.005852883198556372
1.0,0.75,0.07,15,"demo_00 -5,-10 deg",True,0.016929587343267095,0.0,0.005853477791920051
1.0,0.75,0.07,16,"demo_00 -5,-5 deg",True,0.009495668258946481,0.0,0.0058544294810148915
1.0,0.75,0.07,17,"demo_00 -5,+0 deg",False,0.0030058627948722863,0.33489080896744045,nan
1.0,0.75,0.07,18,"demo_00 -5,+5 deg",False,0.0026622548267265294,0.31946515924130525,nan
1.0,0.75,0.07,19,"demo_00 -5,+10 deg",False,0.007406703035453221,0.2593096331106668,nan
1.0,0.75,0.07,20,"demo_00 -5,+15 deg",False,0.011329861595841,0.1914891336366395,nan
1.0,0.75,0.07,21,"demo_00 +0,-15 deg",True,0.02057472438224172,0.0,0.005853237458193325
1.0,0.75,0.07,22,"demo_00 +0,-10 deg",True,0.012596499281497153,0.0,0.005854870025799413
1.0,0.75,0.07,23,"demo_00 +0,-5 deg",True,0.005520978418165595,0.0,0.00585470209074155
1.0,0.75,0.07,24,demo_00,True,0.0007527798600919528,0.006741357391057538,0.005854538570088323
1.0,0.75,0.07,25,"demo_00 +0,+5 deg",False,0.00610668319866967,0.31828321573626783,nan
1.0,0.75,0.07,26,"demo_00 +0,+10 deg",False,0.010686567648031749,0.2502019372502447,nan
1.0,0.75,0.07,27,"demo_00 +0,+15 deg",False,0.014459307890234597,0.18197565218416945,nan
1.0,0.75,0.07,28,"demo_00 +5,-15 deg",True,0.015876675368189066,0.0,0.005854665924903959
1.0,0.75,0.07,29,"demo_00 +5,-10 deg",True,0.008339027686257931,0.0,0.005853448402300926
1.0,0.75,0.07,30,"demo_00 +5,-5 deg",True,0.001783367200050735,0.0,0.0058549148963925384
1.0,0.75,0.07,31,"demo_00 +5,+0 deg",True,0.004493270447078898,0.0,0.005853646964045184
1.0,0.75,0.07,32,"demo_00 +5,+5 deg",False,0.009631630800386095,0.26966979832310634,nan
1.0,0.75,0.07,33,"demo_00 +5,+10 deg",False,0.014033809424018917,0.2137826220669418,nan
1.0,0.75,0.07,34,"demo_00 +5,+15 deg",False,0.017658953420168166,0.15278569910127257,nan
1.0,0.75,0.07,35,"demo_00 +10,-15 deg",True,0.011202833408726645,0.0,0.005855719579973289
1.0,0.75,0.07,36,"demo_00 +10,-10 deg",True,0.004188857119571815,0.0,0.005855879344893764
1.0,0.75,0.07,37,"demo_00 +10,-5 deg",True,0.002842087772974523,0.0,0.005854139582621848
1.0,0.75,0.07,38,"demo_00 +10,+0 deg",True,0.008301258676300192,0.0,0.005854112712803117
1.0,0.75,0.07,39,"demo_00 +10,+5 deg",False,0.01324586615096631,0.2184093779698256,nan
1.0,0.75,0.07,40,"demo_00 +10,+10 deg",False,0.01748436248605277,0.15968932564241733,nan
1.0,0.75,0.07,41,"demo_00 +10,+15 deg",False,0.020969131973528753,0.11061710713653311,nan
1.0,0.75,0.07,42,"demo_00 +15,-15 deg",True,0.0065223459381694,0.0,0.005855208132206533
1.0,0.75,0.07,43,"demo_00 +15,-10 deg",True,0.001763188705875876,0.0,0.005853559311308908
1.0,0.75,0.07,44,"demo_00 +15,-5 deg",True,0.0068424799848424535,0.0,0.005855524239220539
1.0,0.75,0.07,45,"demo_00 +15,+0 deg",True,0.012221350742072205,0.0,0.005853969062736625
1.0,0.75,0.07,46,"demo_00 +15,+5 deg",True,0.016991842251148394,0.0,0.005853211439116609
1.0,0.75,0.07,47,"demo_00 +15,+10 deg",False,0.021079894395862966,0.10787629059368453,nan
1.0,0.75,0.07,48,"demo_00 +15,+15 deg",False,0.02443061004214022,0.058960765973076146,nan
1.0,0.75,0.1,0,"demo_00 -15,-15 deg",True,0.025725753391376602,0.0,0.006250973002732451
1.0,0.75,0.1,1,"demo_00 -15,-10 deg",True,0.018355156910253464,0.0,0.006250433842268764
1.0,0.75,0.1,2,"demo_00 -15,-5 deg",True,0.012347072091909122,0.0,0.006250793696385799
1.0,0.75,0.1,3,"demo_00 -15,+0 deg",False,0.007434974248590808,0.015390245852826084,nan
1.0,0.75,0.1,4,"demo_00 -15,+5 deg",False,0.0033771107195704514,0.03300558492316974,nan
1.0,0.75,0.1,5,"demo_00 -15,+10 deg",False,0.00017745474600052853,0.021607821298879504,nan
1.0,0.75,0.1,6,"demo_00 -15,+15 deg",False,0.003038208420126426,0.016237592495384562,nan
1.0,0.75,0.1,7,"demo_00 -10,-15 deg",True,0.021410128425788048,0.0,0.006250170327867658
1.0,0.75,0.1,8,"demo_00 -10,-10 deg",True,0.014681645303067203,0.0,0.00624946220362963
1.0,0.75,0.1,9,"demo_00 -10,-5 deg",True,0.009161743018792044,0.0,0.0062502872055923645
1.0,0.75,0.1,10,"demo_00 -10,+0 deg",False,0.0046050340789840485,0.0950152339844759,nan
1.0,0.75,0.1,11,"demo_00 -10,+5 deg",False,0.000858930744788764,0.10289444588719876,nan
1.0,0.75,0.1,12,"demo_00 -10,+10 deg",False,0.0025254582046834013,0.07250064664142639,nan
1.0,0.75,0.1,13,"demo_00 -10,+15 deg",False,0.005356376334641687,0.042032023259838985,nan
1.0,0.75,0.1,14,"demo_00 -5,-15 deg",True,0.017549608319535358,0.0,0.006248883332291898
1.0,0.75,0.1,15,"demo_00 -5,-10 deg",True,0.011390195610640537,0.0,0.006251400721114565
1.0,0.75,0.1,16,"demo_00 -5,-5 deg",True,0.006282062765606933,0.0,0.00625072539518874
1.0,0.75,0.1,17,"demo_00 -5,+0 deg",True,0.0019987748500961263,0.0,0.006251380203601966
1.0,0.75,0.1,18,"demo_00 -5,+5 deg",False,0.0016858497061967134,0.15944575379444476,nan
1.0,0.75,0.1,19,"demo_00 -5,+10 deg",False,0.0048571754550079645,0.09929024750702362,nan
1.0,0.75,0.1,20,"demo_00 -5,+15 deg",False,0.007659169108015417,0.05077270166656489,nan
1.0,0.75,0.1,21,"demo_00 +0,-15 deg",True,0.014044128684842406,0.0,0.006248751147894811
1.0,0.75,0.1,22,"demo_00 +0,-10 deg",True,0.008388426501324485,0.0,0.006250936232586057
1.0,0.75,0.1,23,"demo_00 +0,-5 deg",True,0.0036310720385197316,0.0,0.0062508934350843405
1.0,0.75,0.1,24,demo_00,True,0.0004946150174545747,0.007104115338231367,0.006251205692621338
1.0,0.75,0.1,25,"demo_00 +0,+5 deg",False,0.004015408159356507,0.15826379803809199,nan
1.0,0.75,0.1,26,"demo_00 +0,+10 deg",False,0.0071685189317774,0.09018255071060283,nan
1.0,0.75,0.1,27,"demo_00 +0,+15 deg",False,0.009988592993905676,0.03795243498004586,nan
1.0,0.75,0.1,28,"demo_00 +5,-15 deg",True,0.010790941121217274,0.0,0.006246604262443963
1.0,0.75,0.1,29,"demo_00 +5,-10 deg",True,0.0055924445730536195,0.0,0.0062489135745371766
1.0,0.75,0.1,30,"demo_00 +5,-5 deg",True,0.0012787607902932335,0.0,0.0062516811471342755
1.0,0.75,0.1,31,"demo_00 +5,+0 deg",True,0.002921584011184811,0.0,0.0062495977494569244
1.0,0.75,0.1,32,"demo_00 +5,+5 deg",False,0.0063796960998856456,0.10965035258678013,nan
1.0,0.75,0.1,33,"demo_00 +5,+10 deg",False,0.009540589204540387,0.053763234069651056,nan
1.0,0.75,0.1,34,"demo_00 +5,+15 deg",False,0.012413133564914644,0.005517847840948581,nan
1.0,0.75,0.1,35,"demo_00 +10,-15 deg",True,0.007688266631525568,0.0,0.006247033759715699
1.0,0.75,0.1,36,"demo_00 +10,-10 deg",True,0.002983521480292943,0.0,0.006249281128444913
1.0,0.75,0.1,37,"demo_00 +10,-5 deg",True,0.001875146797724409,0.0,0.006250665578506418
1.0,0.75,0.1,38,"demo_00 +10,+0 deg",True,0.0054149205202336315,0.0,0.006251050167094049
1.0,0.75,0.1,39,"demo_00 +10,+5 deg",False,0.00885358681926119,0.05838985457410975,nan
1.0,0.75,0.1,40,"demo_00 +10,+10 deg",False,0.01205608923099387,0.0,nan
1.0,0.75,0.1,41,"demo_00 +10,+15 deg",False,0.015006912858425708,0.0,nan
1.0,0.75,0.1,42,"demo_00 +15,-15 deg",True,0.004655271233191644,0.0,0.006247220634037403
1.0,0.75,0.1,43,"demo_00 +15,-10 deg",True,0.0014623125877080048,0.0,0.006251202339236485
1.0,0.75,0.1,44,"demo_00 +15,-5 deg",True,0.004433936689381866,0.0,0.006250043389212808
1.0,0.75,0.1,45,"demo_00 +15,+0 deg",True,0.008061327811216578,0.0,0.006251361153604728
1.0,0.75,0.1,46,"demo_00 +15,+5 deg",False,0.01152433362043836,0.007968990640488421,nan
1.0,0.75,0.1,47,"demo_00 +15,+10 deg",False,0.014797850471810587,0.0,nan
1.0,0.75,0.1,48,"demo_00 +15,+15 deg",False,0.017845405671609093,0.0,nan
1.0,0.75,0.15,0,"demo_00 -15,-15 deg",True,0.022543392787335064,0.0,0.00605482577567145
1.0,0.75,0.15,1,"demo_00 -15,-10 deg",True,0.015138147550288628,0.0,0.006055231747535488
1.0,0.75,0.15,2,"demo_00 -15,-5 deg",True,0.009694206763278163,0.0,0.006057284425113687
1.0,0.75,0.15,3,"demo_00 -15,+0 deg",False,0.005623729591268824,0.09453845648403311,nan
1.0,0.75,0.15,4,"demo_00 -15,+5 deg",False,0.0024610707316242973,0.1121537051993648,nan
1.0,0.75,0.15,5,"demo_00 -15,+10 deg",False,0.0009509360890634625,0.10075593108997744,nan
1.0,0.75,0.15,6,"demo_00 -15,+15 deg",False,0.0031949380848501443,0.0676545155543943,nan
1.0,0.75,0.15,7,"demo_00 -10,-15 deg",True,0.017601567133001133,0.0,0.006054049104258654
1.0,0.75,0.15,8,"demo_00 -10,-10 deg",True,0.011328818292375448,0.0,0.00605679074736758
1.0,0.75,0.15,9,"demo_00 -10,-5 deg",True,0.006752928423902649,0.0,0.006056261028990851
1.0,0.75,0.15,10,"demo_00 -10,+0 deg",False,0.003283603102514672,0.17416366670281477,nan
1.0,0.75,0.15,11,"demo_00 -10,+5 deg",False,0.0007444016027550861,0.1820425700172342,nan
1.0,0.75,0.15,12,"demo_00 -10,+10 deg",False,0.0024698749891625908,0.15164875681784495,nan
1.0,0.75,0.15,13,"demo_00 -10,+15 deg",False,0.005054415154981828,0.10196471150001482,nan
1.0,0.75,0.15,14,"demo_00 -5,-15 deg",True,0.013575505293021055,0.0,0.006052187214581711
1.0,0.75,0.15,15,"demo_00 -5,-10 deg",True,0.008276421988115117,0.0,0.006055498747328221
1.0,0.75,0.15,16,"demo_00 -5,-5 deg",True,0.004401504895012121,0.0,0.0060581688458011245
1.0,0.75,0.15,17,"demo_00 -5,+0 deg",True,0.0013560630724089196,0.0,0.006058113112104091
1.0,0.75,0.15,18,"demo_00 -5,+5 deg",False,0.0014322167541984006,0.23859388442385315,nan
1.0,0.75,0.15,19,"demo_00 -5,+10 deg",False,0.004091722786939971,0.1784383582887116,nan
1.0,0.75,0.15,20,"demo_00 -5,+15 deg",False,0.0068652910951432266,0.1157667682827988,nan
1.0,0.75,0.15,21,"demo_00 +0,-15 deg",True,0.010301576045080611,0.0,0.006051701883793921
1.0,0.75,0.15,22,"demo_00 +0,-10 deg",True,0.005818925861523648,0.0,0.006056168349110956
1.0,0.75,0.15,23,"demo_00 +0,-5 deg",True,0.0024929673714339986,0.0,0.006056678590651662
1.0,0.75,0.15,24,demo_00,True,0.00034143829687690355,0.007488936857077345,0.006057516487022642
1.0,0.75,0.15,25,"demo_00 +0,+5 deg",False,0.0029584131275678825,0.2374119409255957,nan
1.0,0.75,0.15,26,"demo_00 +0,+10 deg",False,0.005749568413176685,0.1693306624289958,nan
1.0,0.75,0.15,27,"demo_00 +0,+15 deg",False,0.008761238664089456,0.1069449781879927,nan
1.0,0.75,0.15,28,"demo_00 +5,-15 deg",True,0.007607010031497628,0.0,0.006052253747452633
1.0,0.75,0.15,29,"demo_00 +5,-10 deg",True,0.0037973518742196043,0.0,0.0060547749314908104
1.0,0.75,0.15,30,"demo_00 +5,-5 deg",True,0.0010206561300596096,0.00027028390673842356,0.006056386598603959
1.0,0.75,0.15,31,"demo_00 +5,+0 deg",True,0.001936800612168752,0.0,0.006057505299403777
1.0,0.75,0.15,32,"demo_00 +5,+5 deg",False,0.00458931443840118,0.18879852354426413,nan
1.0,0.75,0.15,33,"demo_00 +5,+10 deg",False,0.007569059480297852,0.13291134724696171,nan
1.0,0.75,0.15,34,"demo_00 +5,+15 deg",False,0.010878110513104843,0.07815505983779278,nan
1.0,0.75,0.15,35,"demo_00 +10,-15 deg",True,0.005311152568556999,0.0,0.0060506723789725495
1.0,0.75,0.15,36,"demo_00 +10,-10 deg",True,0.002108131580583109,0.0,0.006057033719379964
1.0,0.75,0.15,37,"demo_00 +10,-5 deg",True,0.0013364687631815778,0.0,0.006057300850199235
1.0,0.75,0.15,38,"demo_00 +10,+0 deg",True,0.0036371421241757317,0.0,0.006057412111854583
1.0,0.75,0.15,39,"demo_00 +10,+5 deg",False,0.006445138904555006,0.13753812285361286,nan
1.0,0.75,0.15,40,"demo_00 +10,+10 deg",False,0.009693063637732341,0.07881805082506432,nan
1.0,0.75,0.15,41,"demo_00 +10,+15 deg",False,0.013352654467086956,0.036047121130826976,nan
1.0,0.75,0.15,42,"demo_00 +15,-15 deg",True,0.0032433781909279513,0.0,0.006053045509307945
1.0,0.75,0.15,43,"demo_00 +15,-10 deg",True,0.0012486514754518985,0.0,0.006059293034535577
1.0,0.75,0.15,44,"demo_00 +15,-5 deg",True,0.0030036881702974936,0.0,0.0060570047020668365
1.0,0.75,0.15,45,"demo_00 +15,+0 deg",True,0.0056105710473999424,0.0,0.006057940115860054
1.0,0.75,0.15,46,"demo_00 +15,+5 deg",False,0.008680027027157672,0.08711947833274522,nan
1.0,0.75,0.15,47,"demo_00 +15,+10 deg",False,0.012267225124162343,0.02700501578334963,nan
1.0,0.75,0.15,48,"demo_00 +15,+15 deg",False,0.016319874543387795,0.0,nan
1.0,0.75,0.2,0,"demo_00 -15,-15 deg",True,0.0244846681803851,0.0,0.006006233589554341
1.0,0.75,0.2,1,"demo_00 -15,-10 deg",True,0.015638965926133064,0.0,0.006009085029766452
1.0,0.75,0.2,2,"demo_00 -15,-5 deg",True,0.009531121996130728,0.0,0.0060097455538947525
1.0,0.75,0.2,3,"demo_00 -15,+0 deg",False,0.00530390516882335,0.041008831818069885,nan
1.0,0.75,0.2,4,"demo_00 -15,+5 deg",False,0.0022326724157875045,0.05862408053338608,nan
1.0,0.75,0.2,5,"demo_00 -15,+10 deg",False,0.0008419285058087697,0.04722630642401354,nan
1.0,0.75,0.2,6,"demo_00 -15,+15 deg",False,0.003568305279120773,0.022114769258533423,nan
1.0,0.75,0.2,7,"demo_00 -10,-15 deg",True,0.018099409753515375,0.0,0.00600661811508428
1.0,0.75,0.2,8,"demo_00 -10,-10 deg",True,0.01097061205307331,0.0,0.006007734386540087
1.0,0.75,0.2,9,"demo_00 -10,-5 deg",True,0.00621029418027929,0.0,0.006010248574464217
1.0,0.75,0.2,10,"demo_00 -10,+0 deg",False,0.0028947924971501966,0.12063404203689818,nan
1.0,0.75,0.2,11,"demo_00 -10,+5 deg",False,0.0007163184155758206,0.12851294535126798,nan
1.0,0.75,0.2,12,"demo_00 -10,+10 deg",False,0.002548808095000549,0.0981533442232368,nan
1.0,0.75,0.2,13,"demo_00 -10,+15 deg",False,0.005418632480584161,0.05296689438615551,nan
1.0,0.75,0.2,14,"demo_00 -5,-15 deg",True,0.013123247765626306,0.0,0.006005579620206506
1.0,0.75,0.2,15,"demo_00 -5,-10 deg",True,0.0074806217557948414,0.0,0.00600715708577592
1.0,0.75,0.2,16,"demo_00 -5,-5 deg",True,0.0038138109988053153,0.0,0.006008087943691557
1.0,0.75,0.2,17,"demo_00 -5,+0 deg",True,0.0011258879657630918,0.0,0.006008569807869382
1.0,0.75,0.2,18,"demo_00 -5,+5 deg",False,0.0014555460412529803,0.18506425975787666,nan
1.0,0.75,0.2,19,"demo_00 -5,+10 deg",False,0.004129899674504859,0.12526100722411923,nan
1.0,0.75,0.2,20,"demo_00 -5,+15 deg",False,0.007326761488162414,0.06554145504142411,nan
1.0,0.75,0.2,21,"demo_00 +0,-15 deg",True,0.009331774801141147,0.0,0.006004445919938442
1.0,0.75,0.2,22,"demo_00 +0,-10 deg",True,0.004928889482230565,0.0,0.006008125314003971
1.0,0.75,0.2,23,"demo_00 +0,-5 deg",True,0.0021019025013427383,0.0,0.006010224829487748
1.0,0.75,0.2,24,demo_00,True,0.00028245964589005107,0.0075536517118768845,0.006010524546372684
1.0,0.75,0.2,25,"demo_00 +0,+5 deg",False,0.0027430120002954806,0.18388231625962104,nan
1.0,0.75,0.2,26,"demo_00 +0,+10 deg",False,0.00574609944388533,0.11669966085192629,nan
1.0,0.75,0.2,27,"demo_00 +0,+15 deg",False,0.00941719508177637,0.05621188507808367,nan
1.0,0.75,0.2,28,"demo_00 +5,-15 deg",True,0.006485940244334842,0.0,0.006005076163295872
1.0,0.75,0.2,29,"demo_00 +5,-10 deg",True,0.0030709321437244873,0.0,0.006007507421948443
1.0,0.75,0.2,30,"demo_00 +5,-5 deg",True,0.0009439120258502681,0.0004746849433321966,0.006010435659336881
1.0,0.75,0.2,31,"demo_00 +5,+0 deg",True,0.0015579571966834688,0.0,0.006011016871390526
1.0,0.75,0.2,32,"demo_00 +5,+5 deg",False,0.004182563556382302,0.1352688988783075,nan
1.0,0.75,0.2,33,"demo_00 +5,+10 deg",False,0.007610963402000384,0.08089063988856857,nan
1.0,0.75,0.2,34,"demo_00 +5,+15 deg",False,0.01186849390811181,0.027285483294920282,nan
1.0,0.75,0.2,35,"demo_00 +10,-15 deg",True,0.0043290874591587584,0.0,0.006005273453524591
1.0,0.75,0.2,36,"demo_00 +10,-10 deg",True,0.0017034644279001418,0.0,0.006009923999446299
1.0,0.75,0.2,37,"demo_00 +10,-5 deg",True,0.001093699078664169,0.0,0.006010578161494431
1.0,0.75,0.2,38,"demo_00 +10,+0 deg",True,0.0029988259305097236,0.0,0.00600932404379218
1.0,0.75,0.2,39,"demo_00 +10,+5 deg",False,0.005971893028011549,0.08400849818943243,nan
1.0,0.75,0.2,40,"demo_00 +10,+10 deg",False,0.009940428520944122,0.027329769851493935,nan
1.0,0.75,0.2,41,"demo_00 +10,+15 deg",False,0.014871643834938953,0.0,nan
1.0,0.75,0.2,42,"demo_00 +15,-15 deg",True,0.002598268834694978,0.0,0.006005726150866176
1.0,0.75,0.2,43,"demo_00 +15,-10 deg",True,0.0011019314960005928,0.0,0.006009975119470638
1.0,0.75,0.2,44,"demo_00 +15,-5 deg",True,0.0024350409599383886,0.0,0.006011695058946054
1.0,0.75,0.2,45,"demo_00 +15,+0 deg",True,0.004858517128671874,0.0,0.006008876517181713
1.0,0.75,0.2,46,"demo_00 +15,+5 deg",False,0.00833806032859623,0.03358985383293747,nan
1.0,0.75,0.2,47,"demo_00 +15,+10 deg",False,0.012948376065150301,0.0,nan
1.0,0.75,0.2,48,"demo_00 +15,+15 deg",False,0.01861676589794841,0.0,nan
1.0,0.75,0.3,0,"demo_00 -15,-15 deg",True,0.033256718149611814,0.0,0.006058694566943602
1.0,0.75,0.3,1,"demo_00 -15,-10 deg",True,0.01996253707560564,0.0,0.006060992045090043
1.0,0.75,0.3,2,"demo_00 -15,-5 deg",True,0.01133530031786335,0.0,0.006062415728466655
1.0,0.75,0.3,3,"demo_00 -15,+0 deg",False,0.00628707932842131,0.0,nan
1.0,0.75,0.3,4,"demo_00 -15,+5 deg",False,0.0033478910507363496,0.0,nan
1.0,0.75,0.3,5,"demo_00 -15,+10 deg",False,0.002255023088151729,0.0,nan
1.0,0.75,0.3,6,"demo_00 -15,+15 deg",False,0.007291233488903232,0.0,nan
1.0,0.75,0.3,7,"demo_00 -10,-15 deg",True,0.023372366948720864,0.0,0.006059116091406759
1.0,0.75,0.3,8,"demo_00 -10,-10 deg",True,0.012876296294072347,0.0,0.006060356930078726
1.0,0.75,0.3,9,"demo_00 -10,-5 deg",True,0.006516063404415304,0.0,0.006060374486264452
1.0,0.75,0.3,10,"demo_00 -10,+0 deg",False,0.003013478733738304,0.0,nan
1.0,0.75,0.3,11,"demo_00 -10,+5 deg",False,0.000902071832578053,0.0,nan
1.0,0.75,0.3,12,"demo_00 -10,+10 deg",False,0.0018516632528111246,0.0,nan
1.0,0.75,0.3,13,"demo_00 -10,+15 deg",False,0.0072764622127990085,0.0,nan
1.0,0.75,0.3,14,"demo_00 -5,-15 deg",True,0.01589200586884459,0.0,0.006057668524897953
1.0,0.75,0.3,15,"demo_00 -5,-10 deg",True,0.007947493849039554,0.0,0.006060403427288212
1.0,0.75,0.3,16,"demo_00 -5,-5 deg",True,0.003517791446979067,0.0,0.006061886896157787
1.0,0.75,0.3,17,"demo_00 -5,+0 deg",True,0.0010337260983661468,0.0,0.006061850702433246
1.0,0.75,0.3,18,"demo_00 -5,+5 deg",False,0.000918731546160919,0.053584866815849605,nan
1.0,0.75,0.3,19,"demo_00 -5,+10 deg",False,0.003455964909468339,0.0,nan
1.0,0.75,0.3,20,"demo_00 -5,+15 deg",False,0.008594090190756326,0.0,nan
1.0,0.75,0.3,21,"demo_00 +0,-15 deg",True,0.010442296415345132,0.0,0.006056295637510485
1.0,0.75,0.3,22,"demo_00 +0,-10 deg",True,0.004735602796853287,0.0,0.006060025251960052
1.0,0.75,0.3,23,"demo_00 +0,-5 deg",True,0.0018356627105223725,0.0,0.006061061413273668
1.0,0.75,0.3,24,demo_00,True,0.0002525795586347405,0.007055061283563505,0.006061961471009899
1.0,0.75,0.3,25,"demo_00 +0,+5 deg",False,0.0024837408669008652,0.052402923317610026,nan
1.0,0.75,0.3,26,"demo_00 +0,+10 deg",False,0.005699839141953749,0.0,nan
1.0,0.75,0.3,27,"demo_00 +0,+15 deg",False,0.011170057542531824,0.0,nan
1.0,0.75,0.3,28,"demo_00 +5,-15 deg",True,0.006621394848205147,0.0,0.0060556128943192
1.0,0.75,0.3,29,"demo_00 +5,-10 deg",True,0.0027496342652291728,0.0,0.006060740699116604
1.0,0.75,0.3,30,"demo_00 +5,-5 deg",True,0.0008930860596953744,0.000597457914645173,0.006062258110913485
1.0,0.75,0.3,31,"demo_00 +5,+0 deg",False,0.0014392311690311014,0.06296035989506238,nan
1.0,0.75,0.3,32,"demo_00 +5,+5 deg",False,0.004386016294993103,0.0037935773346969293,nan
1.0,0.75,0.3,33,"demo_00 +5,+10 deg",False,0.008636437472819563,0.0,nan
1.0,0.75,0.3,34,"demo_00 +5,+15 deg",False,0.014981861890660463,0.0,nan
1.0,0.75,0.3,35,"demo_00 +10,-15 deg",True,0.004023118697619801,0.0,0.006056317532584163
1.0,0.75,0.3,36,"demo_00 +10,-10 deg",True,0.001494083510854052,0.0,0.006060965345254434
1.0,0.75,0.3,37,"demo_00 +10,-5 deg",True,0.0008656937037058084,0.0,0.006062307048653449
1.0,0.75,0.3,38,"demo_00 +10,+0 deg",False,0.003063316765784761,0.01522242710865647,nan
1.0,0.75,0.3,39,"demo_00 +10,+5 deg",False,0.006965124422451213,0.0,nan
1.0,0.75,0.3,40,"demo_00 +10,+10 deg",False,0.012487285802915252,0.0,nan
1.0,0.75,0.3,41,"demo_00 +10,+15 deg",False,0.020068978769525122,0.0,nan
1.0,0.75,0.3,42,"demo_00 +15,-15 deg",True,0.002232220633450099,0.0,0.006058810023021517
1.0,0.75,0.3,43,"demo_00 +15,-10 deg",True,0.000969184247542805,0.0,0.00606163133136279
1.0,0.75,0.3,44,"demo_00 +15,-5 deg",True,0.0022885009278150736,0.0,0.006062917237202934
1.0,0.75,0.3,45,"demo_00 +15,+0 deg",False,0.005455320700343313,0.0,nan
1.0,0.75,0.3,46,"demo_00 +15,+5 deg",False,0.010505641699120102,0.0,nan
1.0,0.75,0.3,47,"demo_00 +15,+10 deg",False,0.017478516450023417,0.0,nan
1.0,0.75,0.3,48,"demo_00 +15,+15 deg",False,0.0265197816301971,0.0,nan
1.0,0.9,0.07,0,"demo_00 -15,-15 deg",True,0.032986720249730206,0.0,0.005986403827532392
1.0,0.9,0.07,1,"demo_00 -15,-10 deg",True,0.02411122243400901,0.0,0.005985115947571803
1.0,0.9,0.07,2,"demo_00 -15,-5 deg",True,0.016443383181460172,0.0,0.005984170489396042
1.0,0.9,0.07,3,"demo_00 -15,+0 deg",False,0.00988841525798663,0.15804441527282928,nan
1.0,0.9,0.07,4,"demo_00 -15,+5 deg",False,0.004406243433295953,0.1756596639887324,nan
1.0,0.9,0.07,5,"demo_00 -15,+10 deg",False,0.0013656994924268705,0.1642618898794157,nan
1.0,0.9,0.07,6,"demo_00 -15,+15 deg",False,0.004496167616069853,0.12794605591592914,nan
1.0,0.9,0.07,7,"demo_00 -10,-15 deg",True,0.028176645195651495,0.0,0.005984696892771486
1.0,0.9,0.07,8,"demo_00 -10,-10 deg",True,0.019793567489640278,0.0,0.005986673522582216
1.0,0.9,0.07,9,"demo_00 -10,-5 deg",True,0.012517964526941873,0.0,0.005986397017423644
1.0,0.9,0.07,10,"demo_00 -10,+0 deg",False,0.006275045437604463,0.2376696254901671,nan
1.0,0.9,0.07,11,"demo_00 -10,+5 deg",False,0.0012884766326914064,0.24554852880656722,nan
1.0,0.9,0.07,12,"demo_00 -10,+10 deg",False,0.003769526854556034,0.21515471560727661,nan
1.0,0.9,0.07,13,"demo_00 -10,+15 deg",False,0.007387868588733811,0.161230667026833,nan
1.0,0.9,0.07,14,"demo_00 -5,-15 deg",True,0.023572679422664184,0.0,0.005982935660094302
1.0,0.9,0.07,15,"demo_00 -5,-10 deg",True,0.015654839361080326,0.0,0.005984939887064218
1.0,0.9,0.07,16,"demo_00 -5,-5 deg",True,0.00874215295915748,0.0,0.005986402098093835
1.0,0.9,0.07,17,"demo_00 -5,+0 deg",False,0.002769729166626046,0.317525493459076,nan
1.0,0.9,0.07,18,"demo_00 -5,+5 deg",False,0.002428361447388444,0.3020998432130905,nan
1.0,0.9,0.07,19,"demo_00 -5,+10 deg",False,0.0067292410014229975,0.24194431707813127,nan
1.0,0.9,0.07,20,"demo_00 -5,+15 deg",False,0.010268830253688,0.17412381760315904,nan
1.0,0.9,0.07,21,"demo_00 +0,-15 deg",True,0.01911870692755339,0.0,0.0059826890617660925
1.0,0.9,0.07,22,"demo_00 +0,-10 deg",True,0.011645902932073,0.0,0.0059844733763692185
1.0,0.9,0.07,23,"demo_00 +0,-5 deg",True,0.005083801906668161,0.0,0.005986306174881408
1.0,0.9,0.07,24,demo_00,True,0.0006940396895153259,0.00694866927134898,0.005985153053038992
1.0,0.9,0.07,25,"demo_00 +0,+5 deg",False,0.005582335510671823,0.3009178997146535,nan
1.0,0.9,0.07,26,"demo_00 +0,+10 deg",False,0.009749541975014141,0.23283662121840265,nan
1.0,0.9,0.07,27,"demo_00 +0,+15 deg",False,0.013169723576985124,0.16461033615087345,nan
1.0,0.9,0.07,28,"demo_00 +5,-15 deg",True,0.014757180312224755,0.0,0.005982686652959235
1.0,0.9,0.07,29,"demo_00 +5,-10 deg",True,0.0077272912584587655,0.0,0.005985419221427195
1.0,0.9,0.07,30,"demo_00 +5,-5 deg",True,0.0016933660831705787,0.0,0.005986202650295038
1.0,0.9,0.07,31,"demo_00 +5,+0 deg",True,0.004130403372080891,0.0,0.005985540669003892
1.0,0.9,0.07,32,"demo_00 +5,+5 deg",False,0.008819377615635485,0.25230448233283215,nan
1.0,0.9,0.07,33,"demo_00 +5,+10 deg",False,0.012831907094173903,0.19641730603634835,nan
1.0,0.9,0.07,34,"demo_00 +5,+15 deg",False,0.01613224464531481,0.13542038306824158,nan
1.0,0.9,0.07,35,"demo_00 +10,-15 deg",True,0.010432809332964563,0.0,0.0059854819996610535
1.0,0.9,0.07,36,"demo_00 +10,-10 deg",True,0.003933925137606121,0.0,0.005985754286517633
1.0,0.9,0.07,37,"demo_00 +10,-5 deg",True,0.00265979354635509,0.0,0.0059840839605519395
1.0,0.9,0.07,38,"demo_00 +10,+0 deg",True,0.007626329155362113,0.0,0.0059846276300879655
1.0,0.9,0.07,39,"demo_00 +10,+5 deg",False,0.012142427116065179,0.20104408163981566,nan
1.0,0.9,0.07,40,"demo_00 +10,+10 deg",False,0.01601485830475447,0.142324009614415,nan
1.0,0.9,0.07,41,"demo_00 +10,+15 deg",False,0.019201771703938067,0.09325179110391024,nan
1.0,0.9,0.07,42,"demo_00 +15,-15 deg",True,0.0061129727927437,0.0,0.0059835262079583635
1.0,0.9,0.07,43,"demo_00 +15,-10 deg",True,0.0017465407087608766,0.0,0.005984174371375444
1.0,0.9,0.07,44,"demo_00 +15,-5 deg",True,0.00631123122808297,0.0,0.005985693804936903
1.0,0.9,0.07,45,"demo_00 +15,+0 deg",True,0.011231997044178151,0.0,0.0059869053016760225
1.0,0.9,0.07,46,"demo_00 +15,+5 deg",False,0.01559812263761485,0.1506254366235988,nan
1.0,0.9,0.07,47,"demo_00 +15,+10 deg",False,0.01934559685264305,0.09051097457264085,nan
1.0,0.9,0.07,48,"demo_00 +15,+15 deg",False,0.022425719946271256,0.041595449941117746,nan
1.0,0.9,0.1,0,"demo_00 -15,-15 deg",True,0.02410434849757804,0.0,0.006098813036629051
1.0,0.9,0.1,1,"demo_00 -15,-10 deg",True,0.017028642098586774,0.0,0.0060986188184985095
1.0,0.9,0.1,2,"demo_00 -15,-5 deg",True,0.011375686106417444,0.0,0.006098961027930786
1.0,0.9,0.1,3,"demo_00 -15,+0 deg",False,0.00681808769711049,0.03369210291948013,nan
1.0,0.9,0.1,4,"demo_00 -15,+5 deg",False,0.003065177660845718,0.05130735188843638,nan
1.0,0.9,0.1,5,"demo_00 -15,+10 deg",False,0.0003868336195352277,0.039909577792541784,nan
1.0,0.9,0.1,6,"demo_00 -15,+15 deg",False,0.0030850143534905446,0.027554308669520605,nan
1.0,0.9,0.1,7,"demo_00 -10,-15 deg",True,0.020079247140955086,0.0,0.00609560785736222
1.0,0.9,0.1,8,"demo_00 -10,-10 deg",True,0.013634433839165327,0.0,0.006098077854981296
1.0,0.9,0.1,9,"demo_00 -10,-5 deg",True,0.008453147970911876,0.0,0.006098922835304992
1.0,0.9,0.1,10,"demo_00 -10,+0 deg",False,0.004234288181407154,0.11331731220290292,nan
1.0,0.9,0.1,11,"demo_00 -10,+5 deg",False,0.0008276482126564677,0.12119621670441008,nan
1.0,0.9,0.1,12,"demo_00 -10,+10 deg",False,0.0024658851511902362,0.09080240352106653,nan
1.0,0.9,0.1,13,"demo_00 -10,+15 deg",False,0.005194176729398602,0.05974092074162665,nan
1.0,0.9,0.1,14,"demo_00 -5,-15 deg",True,0.016467875105773955,0.0,0.006093585514372838
1.0,0.9,0.1,15,"demo_00 -5,-10 deg",True,0.010584949403096823,0.0,0.006097470928605317
1.0,0.9,0.1,16,"demo_00 -5,-5 deg",True,0.005802401027468651,0.0,0.006098945516516185
1.0,0.9,0.1,17,"demo_00 -5,+0 deg",True,0.0018400817650764314,0.0,0.006098537879718701
1.0,0.9,0.1,18,"demo_00 -5,+5 deg",False,0.001600181408375351,0.1777475311082216,nan
1.0,0.9,0.1,19,"demo_00 -5,+10 deg",False,0.00459386964091773,0.11760084887827207,nan
1.0,0.9,0.1,20,"demo_00 -5,+15 deg",False,0.00731321315875444,0.0738542653813189,nan
1.0,0.9,0.1,21,"demo_00 +0,-15 deg",True,0.01318416102537353,0.0,0.006095487004924888
1.0,0.9,0.1,22,"demo_00 +0,-10 deg",True,0.007800949701087558,0.0,0.006098400217232235
1.0,0.9,0.1,23,"demo_00 +0,-5 deg",True,0.003360367074187304,0.0,0.0061004659110802
1.0,0.9,0.1,24,demo_00,True,0.00046226828254840297,0.00726108361426282,0.00610000497454914
1.0,0.9,0.1,25,"demo_00 +0,+5 deg",False,0.0037364395451614215,0.17656558760594293,nan
1.0,0.9,0.1,26,"demo_00 +0,+10 deg",False,0.0067328150324939395,0.10895258944181938,nan
1.0,0.9,0.1,27,"demo_00 +0,+15 deg",False,0.009485553990148138,0.0662381848549718,nan
1.0,0.9,0.1,28,"demo_00 +5,-15 deg",True,0.010135562661011675,0.0,0.006094086819078989
1.0,0.9,0.1,29,"demo_00 +5,-10 deg",True,0.00520714935878397,0.0,0.006099698140310242
1.0,0.9,0.1,30,"demo_00 +5,-5 deg",True,0.0012168310195610906,9.830729904992952e-05,0.006100569847050257
1.0,0.9,0.1,31,"demo_00 +5,+0 deg",True,0.00271914263337112,0.0,0.006099455317739892
1.0,0.9,0.1,32,"demo_00 +5,+5 deg",False,0.005940396709728136,0.1279521702188546,nan
1.0,0.9,0.1,33,"demo_00 +5,+10 deg",False,0.008958767351315917,0.07334602414285382,nan
1.0,0.9,0.1,34,"demo_00 +5,+15 deg",False,0.011779512765068252,0.03913688241551441,nan
1.0,0.9,0.1,35,"demo_00 +10,-15 deg",True,0.0072252891084801825,0.0,0.0060927997890146595
1.0,0.9,0.1,36,"demo_00 +10,-10 deg",True,0.002788228267297592,0.0,0.006100638787192429
1.0,0.9,0.1,37,"demo_00 +10,-5 deg",True,0.0018044139927586998,0.0,0.006099037047801852
1.0,0.9,0.1,38,"demo_00 +10,+0 deg",True,0.0050590484816316365,0.0,0.006099382954105361
1.0,0.9,0.1,39,"demo_00 +10,+5 deg",False,0.008279107137474546,0.0766917695199302,nan
1.0,0.9,0.1,40,"demo_00 +10,+10 deg",False,0.011355904886693271,0.020141486188100216,nan
1.0,0.9,0.1,41,"demo_00 +10,+15 deg",False,0.01427188222824581,0.0,nan
1.0,0.9,0.1,42,"demo_00 +15,-15 deg",True,0.004370505509756778,0.0,0.0060952527938792946
1.0,0.9,0.1,43,"demo_00 +15,-10 deg",True,0.0014162328172554355,0.0,0.00610074227220522
1.0,0.9,0.1,44,"demo_00 +15,-5 deg",True,0.00420092475082793,0.0,0.006100499758145995
1.0,0.9,0.1,45,"demo_00 +15,+0 deg",True,0.007575496943576439,0.0,0.006099973030832922
1.0,0.9,0.1,46,"demo_00 +15,+5 deg",False,0.010844494509459884,0.02627312498692483,nan
1.0,0.9,0.1,47,"demo_00 +15,+10 deg",False,0.014013076601887078,0.0,nan
1.0,0.9,0.1,48,"demo_00 +15,+15 deg",False,0.017044138276998872,0.0,nan
1.0,0.9,0.15,0,"demo_00 -15,-15 deg",True,0.02072563957721587,0.0,0.005945873865828898
1.0,0.9,0.15,1,"demo_00 -15,-10 deg",True,0.013745075768392194,0.0,0.005950557122545621
1.0,0.9,0.15,2,"demo_00 -15,-5 deg",True,0.008712846063134973,0.0,0.005950050558270524
1.0,0.9,0.15,3,"demo_00 -15,+0 deg",False,0.004907436724275265,0.02521148377057353,nan
1.0,0.9,0.15,4,"demo_00 -15,+5 deg",False,0.0017285623348168343,0.042807521453012615,nan
1.0,0.9,0.15,5,"demo_00 -15,+10 deg",False,0.001348058959315062,0.0373635053457404,nan
1.0,0.9,0.15,6,"demo_00 -15,+15 deg",False,0.004546557209963355,0.036488837670026114,nan
1.0,0.9,0.15,7,"demo_00 -10,-15 deg",True,0.016369197493034,0.0,0.005945867569921663
1.0,0.9,0.15,8,"demo_00 -10,-10 deg",True,0.010428773582671021,0.0,0.005949171864925991
1.0,0.9,0.15,9,"demo_00 -10,-5 deg",True,0.006189407689018571,0.0,0.00595259504012771
1.0,0.9,0.15,10,"demo_00 -10,+0 deg",True,0.002933792802572922,0.0,0.005950014759106397
1.0,0.9,0.15,11,"demo_00 -10,+5 deg",False,0.0003951365281271569,0.11271000942710005,nan
1.0,0.9,0.15,12,"demo_00 -10,+10 deg",False,0.0028681426994528313,0.09169752502702166,nan
1.0,0.9,0.15,13,"demo_00 -10,+15 deg",False,0.005957818729276725,0.06770964406898453,nan
1.0,0.9,0.15,14,"demo_00 -5,-15 deg",True,0.01275822803542268,0.0,0.005946511692975183
1.0,0.9,0.15,15,"demo_00 -5,-10 deg",True,0.007709441054211751,0.0,0.005950410562323257
1.0,0.9,0.15,16,"demo_00 -5,-5 deg",True,0.0041076758622428855,0.0,0.005950735971297594
1.0,0.9,0.15,17,"demo_00 -5,+0 deg",True,0.0012396078774785893,0.0,0.005951032875552701
1.0,0.9,0.15,18,"demo_00 -5,+5 deg",False,0.001501479998049321,0.1693043230409647,nan
1.0,0.9,0.15,19,"demo_00 -5,+10 deg",False,0.004350525187916925,0.12314140492998457,nan
1.0,0.9,0.15,20,"demo_00 -5,+15 deg",False,0.007498051428449712,0.08238458480121785,nan
1.0,0.9,0.15,21,"demo_00 +0,-15 deg",True,0.009768988937036297,0.0,0.0059434144738452314
1.0,0.9,0.15,22,"demo_00 +0,-10 deg",True,0.005469620707171499,0.0,0.00594951621559357
1.0,0.9,0.15,23,"demo_00 +0,-5 deg",True,0.002362713485731257,0.0,0.005950582168157816
1.0,0.9,0.15,24,demo_00,True,0.0003196888985702759,0.0073293955438590045,0.005951485553510545
1.0,0.9,0.15,25,"demo_00 +0,+5 deg",False,0.002955164606410264,0.16834921322139285,nan
1.0,0.9,0.15,26,"demo_00 +0,+10 deg",False,0.005922608884556962,0.11934888806632687,nan
1.0,0.9,0.15,27,"demo_00 +0,+15 deg",False,0.009244485878155262,0.07613445087003706,nan
1.0,0.9,0.15,28,"demo_00 +5,-15 deg",True,0.0072690296079264876,0.0,0.005944128671622479
1.0,0.9,0.15,29,"demo_00 +5,-10 deg",True,0.003589457391381012,0.0,0.005950542717344586
1.0,0.9,0.15,30,"demo_00 +5,-5 deg",True,0.000967817157484204,0.0002984738188062854,0.005949819566646162
1.0,0.9,0.15,31,"demo_00 +5,+0 deg",True,0.001848718358748302,0.0,0.005950339927210536
1.0,0.9,0.15,32,"demo_00 +5,+5 deg",False,0.0045522275603650615,0.1208654943039432,nan
1.0,0.9,0.15,33,"demo_00 +5,+10 deg",False,0.007719927460874018,0.0885280485690195,nan
1.0,0.9,0.15,34,"demo_00 +5,+15 deg",False,0.011305695674247081,0.05081846938734949,nan
1.0,0.9,0.15,35,"demo_00 +10,-15 deg",True,0.005108060971703684,0.0,0.00594605907609261
1.0,0.9,0.15,36,"demo_00 +10,-10 deg",True,0.001988503236391769,0.0,0.00595078092337793
1.0,0.9,0.15,37,"demo_00 +10,-5 deg",True,0.0012798001340868642,0.0,0.005951170051584818
1.0,0.9,0.15,38,"demo_00 +10,+0 deg",True,0.0035415380035260474,0.0,0.005951789681241768
1.0,0.9,0.15,39,"demo_00 +10,+5 deg",False,0.006432251274602264,0.07250662925361412,nan
1.0,0.9,0.15,40,"demo_00 +10,+10 deg",False,0.009882522776977572,0.03996493307457283,nan
1.0,0.9,0.15,41,"demo_00 +10,+15 deg",False,0.01379951591151486,0.01249440470003177,nan
1.0,0.9,0.15,42,"demo_00 +15,-15 deg",True,0.003127373149608742,0.0,0.005947419727252042
1.0,0.9,0.15,43,"demo_00 +15,-10 deg",True,0.001191338586866216,0.0,0.005951495408078893
1.0,0.9,0.15,44,"demo_00 +15,-5 deg",True,0.0029604245645154406,0.0,0.0059534801866451
1.0,0.9,0.15,45,"demo_00 +15,+0 deg",True,0.0055681399867975245,0.0,0.00595311733004141
1.0,0.9,0.15,46,"demo_00 +15,+5 deg",False,0.00875300212579768,0.026375184106203597,nan
1.0,0.9,0.15,47,"demo_00 +15,+10 deg",False,0.012553582087780447,0.0,nan
1.0,0.9,0.15,48,"demo_00 +15,+15 deg",False,0.016847707174322827,0.0,nan
1.0,0.9,0.2,0,"demo_00 -15,-15 deg",True,0.02138483015183992,0.0,0.0059882792679043974
1.0,0.9,0.2,1,"demo_00 -15,-10 deg",True,0.013442013065819183,0.0,0.0059893066799377205
1.0,0.9,0.2,2,"demo_00 -15,-5 deg",True,0.00814573778212557,0.0,0.005992374236497012
1.0,0.9,0.2,3,"demo_00 -15,+0 deg",False,0.004480887723327393,0.0,nan
1.0,0.9,0.2,4,"demo_00 -15,+5 deg",False,0.0015714761048604069,0.009756921392259005,nan
1.0,0.9,0.2,5,"demo_00 -15,+10 deg",False,0.0013747747382927512,0.00867274094705861,nan
1.0,0.9,0.2,6,"demo_00 -15,+15 deg",False,0.00523644941625675,0.0,nan
1.0,0.9,0.2,7,"demo_00 -10,-15 deg",True,0.016142835852165353,0.0,0.005987888520622346
1.0,0.9,0.2,8,"demo_00 -10,-10 deg",True,0.00967454282886698,0.0,0.005989018559859901
1.0,0.9,0.2,9,"demo_00 -10,-5 deg",True,0.005494157185899377,0.0,0.005992454732232289
1.0,0.9,0.2,10,"demo_00 -10,+0 deg",True,0.002535244017806546,0.0,0.005993447135086019
1.0,0.9,0.2,11,"demo_00 -10,+5 deg",False,0.00035726350281048067,0.0796457862101761,nan
1.0,0.9,0.2,12,"demo_00 -10,+10 deg",False,0.0028713799519505903,0.05509909355901166,nan
1.0,0.9,0.2,13,"demo_00 -10,+15 deg",False,0.006423226691312712,0.017461504668945832,nan
1.0,0.9,0.2,14,"demo_00 -5,-15 deg",True,0.01200018570359149,0.0,0.00598629555158831
1.0,0.9,0.2,15,"demo_00 -5,-10 deg",True,0.006791330579028475,0.0,0.005990126565799772
1.0,0.9,0.2,16,"demo_00 -5,-5 deg",True,0.003509316330120158,0.0,0.00599121999149229
1.0,0.9,0.2,17,"demo_00 -5,+0 deg",True,0.0010307379040030054,0.0,0.005992904618100682
1.0,0.9,0.2,18,"demo_00 -5,+5 deg",False,0.001482309354979124,0.13619710061751178,nan
1.0,0.9,0.2,19,"demo_00 -5,+10 deg",False,0.004350233511172061,0.08316180844482082,nan
1.0,0.9,0.2,20,"demo_00 -5,+15 deg",False,0.007938839980660278,0.028994201106857298,nan
1.0,0.9,0.2,21,"demo_00 +0,-15 deg",True,0.008752888653099465,0.0,0.005986416670966622
1.0,0.9,0.2,22,"demo_00 +0,-10 deg",True,0.004598951231986052,0.0,0.005989067445225783
1.0,0.9,0.2,23,"demo_00 +0,-5 deg",True,0.0020029565472232578,0.0,0.005990758438445685
1.0,0.9,0.2,24,demo_00,True,0.0002678386665326914,0.007376487289866578,0.005991721983018583
1.0,0.9,0.2,25,"demo_00 +0,+5 deg",False,0.002809946623633548,0.13501984527215732,nan
1.0,0.9,0.2,26,"demo_00 +0,+10 deg",False,0.005981746893216416,0.07685844078692164,nan
1.0,0.9,0.2,27,"demo_00 +0,+15 deg",False,0.009861294403448986,0.020577335521507534,nan
1.0,0.9,0.2,28,"demo_00 +5,-15 deg",True,0.006225358884038623,0.0,0.005985056254010844
1.0,0.9,0.2,29,"demo_00 +5,-10 deg",True,0.0029267220488955158,0.0,0.0059910475140566855
1.0,0.9,0.2,30,"demo_00 +5,-5 deg",True,0.0008807968915957774,0.00031487343869015735,0.005993125467843859
1.0,0.9,0.2,31,"demo_00 +5,+0 deg",True,0.0015576207025693994,0.0,0.005993884518092725
1.0,0.9,0.2,32,"demo_00 +5,+5 deg",False,0.004364848531707555,0.08741287239189638,nan
1.0,0.9,0.2,33,"demo_00 +5,+10 deg",False,0.007980652331067336,0.04385266814817093,nan
1.0,0.9,0.2,34,"demo_00 +5,+15 deg",False,0.012335881515039112,0.0,nan
1.0,0.9,0.2,35,"demo_00 +10,-15 deg",True,0.0042364774394586845,0.0,0.005986805090413467
1.0,0.9,0.2,36,"demo_00 +10,-10 deg",True,0.0016329555670463148,0.0,0.005992763590981829
1.0,0.9,0.2,37,"demo_00 +10,-5 deg",True,0.0010338100366186216,0.0,0.00599314220923719
1.0,0.9,0.2,38,"demo_00 +10,+0 deg",False,0.0031193364366192554,0.09783466091068682,nan
1.0,0.9,0.2,39,"demo_00 +10,+5 deg",False,0.006360544322952858,0.039450454293687265,nan
1.0,0.9,0.2,40,"demo_00 +10,+10 deg",False,0.010539111954392142,0.0,nan
1.0,0.9,0.2,41,"demo_00 +10,+15 deg",False,0.015499206175076186,0.0,nan
1.0,0.9,0.2,42,"demo_00 +15,-15 deg",True,0.0025768398952612723,0.0,0.005988127646401226
1.0,0.9,0.2,43,"demo_00 +15,-10 deg",True,0.0010539358184006203,0.0,0.005994179293408468
1.0,0.9,0.2,44,"demo_00 +15,-5 deg",True,0.0025102541592590434,0.0,0.005994400287480202
1.0,0.9,0.2,45,"demo_00 +15,+0 deg",False,0.0051919548155217,0.04753417328348758,nan
1.0,0.9,0.2,46,"demo_00 +15,+5 deg",False,0.008999532590864131,0.0,nan
1.0,0.9,0.2,47,"demo_00 +15,+10 deg",False,0.013825895890746192,0.0,nan
1.0,0.9,0.2,48,"demo_00 +15,+15 deg",False,0.019474998680307425,0.0,nan
1.0,0.9,0.3,0,"demo_00 -15,-15 deg",True,0.028779004100862586,0.0,0.006028187157330284
1.0,0.9,0.3,1,"demo_00 -15,-10 deg",True,0.01664426075859435,0.0,0.0060286867305244215
1.0,0.9,0.3,2,"demo_00 -15,-5 deg",False,0.00926535524619308,0.0,nan
1.0,0.9,0.3,3,"demo_00 -15,+0 deg",False,0.005457745270910982,0.0,nan
1.0,0.9,0.3,4,"demo_00 -15,+5 deg",False,0.0033070165153774203,0.0,nan
1.0,0.9,0.3,5,"demo_00 -15,+10 deg",False,0.0025826413750140247,0.0,nan
1.0,0.9,0.3,6,"demo_00 -15,+15 deg",False,0.00798081129631017,0.0,nan
1.0,0.9,0.3,7,"demo_00 -10,-15 deg",True,0.0210141527743759,0.0,0.006027732029821577
1.0,0.9,0.3,8,"demo_00 -10,-10 deg",True,0.011218479155461283,0.0,0.006030568259951196
1.0,0.9,0.3,9,"demo_00 -10,-5 deg",True,0.005504913025024849,0.0,0.006029020097207873
1.0,0.9,0.3,10,"demo_00 -10,+0 deg",False,0.0026497179114522,0.0,nan
1.0,0.9,0.3,11,"demo_00 -10,+5 deg",False,0.001033023518569856,0.0,nan
1.0,0.9,0.3,12,"demo_00 -10,+10 deg",False,0.001845301752969129,0.0,nan
1.0,0.9,0.3,13,"demo_00 -10,+15 deg",False,0.007262288593452437,0.0,nan
1.0,0.9,0.3,14,"demo_00 -5,-15 deg",True,0.015304348062950664,0.0,0.006027942832925656
1.0,0.9,0.3,15,"demo_00 -5,-10 deg",True,0.007563984543449947,0.0,0.0060295478795553215
1.0,0.9,0.3,16,"demo_00 -5,-5 deg",True,0.0032375682740413917,0.0,0.006029575186638195
1.0,0.9,0.3,17,"demo_00 -5,+0 deg",True,0.000945035113661091,0.0,0.006030665177191315
1.0,0.9,0.3,18,"demo_00 -5,+5 deg",False,0.0006293666779937145,0.03502256258058112,nan
1.0,0.9,0.3,19,"demo_00 -5,+10 deg",False,0.0026924453340829045,0.0,nan
1.0,0.9,0.3,20,"demo_00 -5,+15 deg",False,0.007314069340597729,0.0,nan
1.0,0.9,0.3,21,"demo_00 +0,-15 deg",True,0.010966727107187029,0.0,0.006029088799564612
1.0,0.9,0.3,22,"demo_00 +0,-10 deg",True,0.005022989732366118,0.0,0.0060281942355782
1.0,0.9,0.3,23,"demo_00 +0,-5 deg",True,0.0018556023138528728,0.0,0.006030398631453077
1.0,0.9,0.3,24,demo_00,True,0.0002549944214477825,0.006083148897444584,0.006030394996917228
1.0,0.9,0.3,25,"demo_00 +0,+5 deg",False,0.0022529936099449036,0.03384061908232312,nan
1.0,0.9,0.3,26,"demo_00 +0,+10 deg",False,0.004746801753658381,0.0,nan
1.0,0.9,0.3,27,"demo_00 +0,+15 deg",False,0.009009394382485481,0.0,nan
1.0,0.9,0.3,28,"demo_00 +5,-15 deg",True,0.007525984158650941,0.0,0.006026229200241414
1.0,0.9,0.3,29,"demo_00 +5,-10 deg",True,0.0031280241186312247,0.0,0.006028028876364739
1.0,0.9,0.3,30,"demo_00 +5,-5 deg",True,0.0008303935624998397,0.00026570594340655056,0.006031023567395362
1.0,0.9,0.3,31,"demo_00 +5,+0 deg",False,0.001656967544347103,0.04439805571280891,nan
1.0,0.9,0.3,32,"demo_00 +5,+5 deg",False,0.004520592026601729,0.0,nan
1.0,0.9,0.3,33,"demo_00 +5,+10 deg",False,0.007990416060700846,0.0,nan
1.0,0.9,0.3,34,"demo_00 +5,+15 deg",False,0.012746917845524976,0.0,nan
1.0,0.9,0.3,35,"demo_00 +10,-15 deg",True,0.0047535805032865065,0.0,0.006027180764003364
1.0,0.9,0.3,36,"demo_00 +10,-10 deg",True,0.0016554401361482606,0.0,0.006030773358107272
1.0,0.9,0.3,37,"demo_00 +10,-5 deg",True,0.0010782406742272847,0.0,0.006029034620435343
1.0,0.9,0.3,38,"demo_00 +10,+0 deg",False,0.003747977707082324,0.0,nan
1.0,0.9,0.3,39,"demo_00 +10,+5 deg",False,0.007668291801479444,0.0,nan
1.0,0.9,0.3,40,"demo_00 +10,+10 deg",False,0.012333030176972142,0.0,nan
1.0,0.9,0.3,41,"demo_00 +10,+15 deg",False,0.018179590598193945,0.0,nan
1.0,0.9,0.3,42,"demo_00 +15,-15 deg",True,0.0025517480719745816,0.0,0.006026613405897064
1.0,0.9,0.3,43,"demo_00 +15,-10 deg",True,0.001157779338537682,0.0,0.0060312361732706285
1.0,0.9,0.3,44,"demo_00 +15,-5 deg",True,0.002982608050019311,0.0,0.006030735018255058
1.0,0.9,0.3,45,"demo_00 +15,+0 deg",False,0.006681933403421461,0.0,nan
1.0,0.9,0.3,46,"demo_00 +15,+5 deg",False,0.011725536617627718,0.0,nan
1.0,0.9,0.3,47,"demo_00 +15,+10 deg",False,0.017725918763736238,0.0,nan
1.0,0.9,0.3,48,"demo_00 +15,+15 deg",False,0.025038652074478723,0.0,nan
1.0,1.05,0.07,0,"demo_00 -15,-15 deg",True,0.031853172209524515,0.0,0.005941240356816275
1.0,1.05,0.07,1,"demo_00 -15,-10 deg",True,0.023186502913640127,0.0,0.005939863029892399
1.0,1.05,0.07,2,"demo_00 -15,-5 deg",True,0.015779790594480723,0.0,0.005940532860125747
1.0,1.05,0.07,3,"demo_00 -15,+0 deg",False,0.009536251887352375,0.16254948648192039,nan
1.0,1.05,0.07,4,"demo_00 -15,+5 deg",False,0.004425682770692825,0.18016473519723908,nan
1.0,1.05,0.07,5,"demo_00 -15,+10 deg",False,0.0016251711073045376,0.16876696108785177,nan
1.0,1.05,0.07,6,"demo_00 -15,+15 deg",False,0.004131558983979377,0.13245112712433707,nan
1.0,1.05,0.07,7,"demo_00 -10,-15 deg",True,0.027038460437026214,0.0,0.005940856630005508
1.0,1.05,0.07,8,"demo_00 -10,-10 deg",True,0.018910442849635903,0.0,0.0059417744537832275
1.0,1.05,0.07,9,"demo_00 -10,-5 deg",True,0.011925809772171685,0.0,0.005941771195270793
1.0,1.05,0.07,10,"demo_00 -10,+0 deg",False,0.006010569450361743,0.24217469670074834,nan
1.0,1.05,0.07,11,"demo_00 -10,+5 deg",False,0.0014537651562679945,0.250053600015121,nan
1.0,1.05,0.07,12,"demo_00 -10,+10 deg",False,0.003536162975795911,0.21965978681571913,nan
1.0,1.05,0.07,13,"demo_00 -10,+15 deg",False,0.006865181294731041,0.1657357382352421,nan
1.0,1.05,0.07,14,"demo_00 -5,-15 deg",True,0.02249142156108354,0.0,0.005940398520249382
1.0,1.05,0.07,15,"demo_00 -5,-10 deg",True,0.01486702856725559,0.0,0.0059404252755801525
1.0,1.05,0.07,16,"demo_00 -5,-5 deg",True,0.00826897014949486,0.0,0.005939749773283091
1.0,1.05,0.07,17,"demo_00 -5,+0 deg",False,0.002632609775000639,0.3220305647288703,nan
1.0,1.05,0.07,18,"demo_00 -5,+5 deg",False,0.002279776967945458,0.30660491442172727,nan
1.0,1.05,0.07,19,"demo_00 -5,+10 deg",False,0.006279689341779083,0.2464493882865856,nan
1.0,1.05,0.07,20,"demo_00 -5,+15 deg",False,0.009587159730912127,0.1786288888115709,nan
1.0,1.05,0.07,21,"demo_00 +0,-15 deg",True,0.018153668963522,0.0,0.005938679679956681
1.0,1.05,0.07,22,"demo_00 +0,-10 deg",True,0.011005652999275629,0.0,0.00594029648521083
1.0,1.05,0.07,23,"demo_00 +0,-5 deg",True,0.0047791021167094975,0.0,0.005942188058338205
1.0,1.05,0.07,24,demo_00,True,0.0006617781969306186,0.007116913039362322,0.005941920892509713
1.0,1.05,0.07,25,"demo_00 +0,+5 deg",False,0.005219777759267742,0.3054229709234691,nan
1.0,1.05,0.07,26,"demo_00 +0,+10 deg",False,0.009100741402272851,0.2373416924268696,nan
1.0,1.05,0.07,27,"demo_00 +0,+15 deg",False,0.01230781157352702,0.16911542658571388,nan
1.0,1.05,0.07,28,"demo_00 +5,-15 deg",True,0.013962924034480084,0.0,0.005938987021701855
1.0,1.05,0.07,29,"demo_00 +5,-10 deg",True,0.007284628409131107,0.0,0.005938952071727766
1.0,1.05,0.07,30,"demo_00 +5,-5 deg",True,0.0016308234780927297,5.284894302595017e-06,0.005939195465528721
1.0,1.05,0.07,31,"demo_00 +5,+0 deg",True,0.0038926631413948904,0.0,0.005941078215605537
1.0,1.05,0.07,32,"demo_00 +5,+5 deg",False,0.008239410799535682,0.25680955354213786,nan
1.0,1.05,0.07,33,"demo_00 +5,+10 deg",False,0.011963999223239305,0.2009223772448359,nan
1.0,1.05,0.07,34,"demo_00 +5,+15 deg",False,0.015062400669339953,0.13992553582094627,nan
1.0,1.05,0.07,35,"demo_00 +10,-15 deg",True,0.009857784018392556,0.0,0.0059363641901910135
1.0,1.05,0.07,36,"demo_00 +10,-10 deg",True,0.003739147249901439,0.0,0.005939076061944865
1.0,1.05,0.07,37,"demo_00 +10,-5 deg",True,0.0025592556184086137,0.0,0.005939459326142552
1.0,1.05,0.07,38,"demo_00 +10,+0 deg",True,0.007142384774301553,0.0,0.005939741839657523
1.0,1.05,0.07,39,"demo_00 +10,+5 deg",False,0.011313591647155842,0.2055491528514913,nan
1.0,1.05,0.07,40,"demo_00 +10,+10 deg",False,0.014897980029778535,0.14682908082293844,nan
1.0,1.05,0.07,41,"demo_00 +10,+15 deg",False,0.017892780536443074,0.09775689873928162,nan
1.0,1.05,0.07,42,"demo_00 +15,-15 deg",True,0.005798476447077713,0.0,0.005938543896921895
1.0,1.05,0.07,43,"demo_00 +15,-10 deg",True,0.0017328538928907747,0.0,0.005939693427893308
1.0,1.05,0.07,44,"demo_00 +15,-5 deg",True,0.005911672791341929,0.0,0.0059386070307789725
1.0,1.05,0.07,45,"demo_00 +15,+0 deg",True,0.010462081255273196,0.0,0.005940414423348979
1.0,1.05,0.07,46,"demo_00 +15,+5 deg",False,0.014483483948827017,0.1551305083306231,nan
1.0,1.05,0.07,47,"demo_00 +15,+10 deg",False,0.01794526285459294,0.09501604578122336,nan
1.0,1.05,0.07,48,"demo_00 +15,+15 deg",False,0.020844214154864302,0.04610052179954155,nan
1.0,1.05,0.1,0,"demo_00 -15,-15 deg",True,0.024443275113086825,0.0,0.0059308437054674
1.0,1.05,0.1,1,"demo_00 -15,-10 deg",True,0.01725454254119214,0.0,0.005930629451057849
1.0,1.05,0.1,2,"demo_00 -15,-5 deg",True,0.01149845234799785,0.0,0.005931978377071391
1.0,1.05,0.1,3,"demo_00 -15,+0 deg",False,0.006812569962692906,0.0,nan
1.0,1.05,0.1,4,"demo_00 -15,+5 deg",False,0.002852956016108979,0.0,nan
1.0,1.05,0.1,5,"demo_00 -15,+10 deg",False,0.0007318560588942498,0.0012113485568841231,nan
1.0,1.05,0.1,6,"demo_00 -15,+15 deg",False,0.004181953023976094,0.006816730264739196,nan
1.0,1.05,0.1,7,"demo_00 -10,-15 deg",True,0.02018953618958847,0.0,0.005930679588179964
1.0,1.05,0.1,8,"demo_00 -10,-10 deg",True,0.013700174640003539,0.0,0.005933540894257066
1.0,1.05,0.1,9,"demo_00 -10,-5 deg",True,0.008482868217990063,0.0,0.0059328174173124484
1.0,1.05,0.1,10,"demo_00 -10,+0 deg",False,0.004203477026205864,0.05353437993654431,nan
1.0,1.05,0.1,11,"demo_00 -10,+5 deg",False,0.000628363812832413,0.06140560908983431,nan
1.0,1.05,0.1,12,"demo_00 -10,+10 deg",False,0.0027861042575491506,0.04907961319910914,nan
1.0,1.05,0.1,13,"demo_00 -10,+15 deg",False,0.005936548870172239,0.03381794562768253,nan
1.0,1.05,0.1,14,"demo_00 -5,-15 deg",True,0.01638994731241578,0.0,0.005927105081398406
1.0,1.05,0.1,15,"demo_00 -5,-10 deg",True,0.010524939416262152,0.0,0.005930310087324121
1.0,1.05,0.1,16,"demo_00 -5,-5 deg",True,0.005768019360007094,0.0,0.005931865444364575
1.0,1.05,0.1,17,"demo_00 -5,+0 deg",True,0.0018090129694376756,0.0,0.005935579758474607
1.0,1.05,0.1,18,"demo_00 -5,+5 deg",False,0.0016843792473927612,0.11800119181101011,nan
1.0,1.05,0.1,19,"demo_00 -5,+10 deg",False,0.004845026505767819,0.08133852544959597,nan
1.0,1.05,0.1,20,"demo_00 -5,+15 deg",False,0.007882903771423035,0.04895554121375059,nan
1.0,1.05,0.1,21,"demo_00 +0,-15 deg",True,0.012980074757189295,0.0,0.005929551808385636
1.0,1.05,0.1,22,"demo_00 +0,-10 deg",True,0.00766803088433552,0.0,0.005931624815288938
1.0,1.05,0.1,23,"demo_00 +0,-5 deg",True,0.0033075287511733463,0.0,0.005932821005257443
1.0,1.05,0.1,24,demo_00,True,0.00045323527005033346,0.007182861550663778,0.005933825756294568
1.0,1.05,0.1,25,"demo_00 +0,+5 deg",False,0.0037435854088414488,0.1170595142688851,nan
1.0,1.05,0.1,26,"demo_00 +0,+10 deg",False,0.006874094269819593,0.07804908633427077,nan
1.0,1.05,0.1,27,"demo_00 +0,+15 deg",False,0.00991772579161396,0.04412815082836685,nan
1.0,1.05,0.1,28,"demo_00 +5,-15 deg",True,0.00987576135949351,0.0,0.005929252957246293
1.0,1.05,0.1,29,"demo_00 +5,-10 deg",True,0.005064054972750564,0.0,0.005934198663642715
1.0,1.05,0.1,30,"demo_00 +5,-5 deg",True,0.0012110751264883426,0.00015760613416276534,0.005933200342849476
1.0,1.05,0.1,31,"demo_00 +5,+0 deg",True,0.0026283294533825103,0.0,0.005934822276293081
1.0,1.05,0.1,32,"demo_00 +5,+5 deg",False,0.0058130348776703885,0.06905698578640718,nan
1.0,1.05,0.1,33,"demo_00 +5,+10 deg",False,0.008942163739719584,0.04727725020281881,nan
1.0,1.05,0.1,34,"demo_00 +5,+15 deg",False,0.012057470953082282,0.02048733842253528,nan
1.0,1.05,0.1,35,"demo_00 +10,-15 deg",True,0.006979496368409252,0.0,0.0059264961693806795
1.0,1.05,0.1,36,"demo_00 +10,-10 deg",True,0.0027059223511896368,0.0,0.005934600738240488
1.0,1.05,0.1,37,"demo_00 +10,-5 deg",True,0.0017655324812341985,0.0,0.005934165075625345
1.0,1.05,0.1,38,"demo_00 +10,+0 deg",True,0.004830957704336756,0.0,0.005933423727180208
1.0,1.05,0.1,39,"demo_00 +10,+5 deg",False,0.007964183637243655,0.01864673540833589,nan
1.0,1.05,0.1,40,"demo_00 +10,+10 deg",False,0.011128927122477457,0.0,nan
1.0,1.05,0.1,41,"demo_00 +10,+15 deg",False,0.014356774268224532,0.0,nan
1.0,1.05,0.1,42,"demo_00 +15,-15 deg",True,0.004203076633992251,0.0,0.00593059340004615
1.0,1.05,0.1,43,"demo_00 +15,-10 deg",True,0.0014324882221788619,0.0,0.005934030087204346
1.0,1.05,0.1,44,"demo_00 +15,-5 deg",True,0.004002584560459687,0.0,0.005936396185619584
1.0,1.05,0.1,45,"demo_00 +15,+0 deg",True,0.007149143238613511,0.0,0.005934220077907797
1.0,1.05,0.1,46,"demo_00 +15,+5 deg",False,0.01028446433901357,0.0,nan
1.0,1.05,0.1,47,"demo_00 +15,+10 deg",False,0.013520274993627767,0.0,nan
1.0,1.05,0.1,48,"demo_00 +15,+15 deg",False,0.016887296173832313,0.0,nan
1.0,1.05,0.15,0,"demo_00 -15,-15 deg",True,0.02185923832139783,0.0,0.0058990614252729355
1.0,1.05,0.15,1,"demo_00 -15,-10 deg",True,0.014608513822297801,0.0,0.0058997546651357825
1.0,1.05,0.15,2,"demo_00 -15,-5 deg",True,0.009215208468386258,0.0,0.005900071111681778
1.0,1.05,0.15,3,"demo_00 -15,+0 deg",True,0.004929560855351192,0.0,0.005900695038500676
1.0,1.05,0.15,4,"demo_00 -15,+5 deg",False,0.0014005005466290888,0.0,nan
1.0,1.05,0.15,5,"demo_00 -15,+10 deg",False,0.0032678799219798133,0.0,nan
1.0,1.05,0.15,6,"demo_00 -15,+15 deg",False,0.007652655341475178,0.0,nan
1.0,1.05,0.15,7,"demo_00 -10,-15 deg",True,0.01747989902113899,0.0,0.0058997093614634065
1.0,1.05,0.15,8,"demo_00 -10,-10 deg",True,0.011242992774266752,0.0,0.005903281628191851
1.0,1.05,0.15,9,"demo_00 -10,-5 deg",True,0.006669916528091764,0.0,0.005903496576608235
1.0,1.05,0.15,10,"demo_00 -10,+0 deg",True,0.0030076492832531118,0.0,0.005904009414229769
1.0,1.05,0.15,11,"demo_00 -10,+5 deg",False,0.0005039382128570102,0.0,nan
1.0,1.05,0.15,12,"demo_00 -10,+10 deg",False,0.003959032011766391,0.020040755209476846,nan
1.0,1.05,0.15,13,"demo_00 -10,+15 deg",False,0.007999514732441529,0.007216580793716676,nan
1.0,1.05,0.15,14,"demo_00 -5,-15 deg",True,0.013637611012416477,0.0,0.005901690313076167
1.0,1.05,0.15,15,"demo_00 -5,-10 deg",True,0.008302572168796218,0.0,0.005903314406106968
1.0,1.05,0.15,16,"demo_00 -5,-5 deg",True,0.004432187651068605,0.0,0.0059003465569757415
1.0,1.05,0.15,17,"demo_00 -5,+0 deg",True,0.0012791428883135933,0.0,0.005900507292877305
1.0,1.05,0.15,18,"demo_00 -5,+5 deg",False,0.0017598776910014338,0.04609819552585859,nan
1.0,1.05,0.15,19,"demo_00 -5,+10 deg",False,0.005068773674038522,0.04899216091345093,nan
1.0,1.05,0.15,20,"demo_00 -5,+15 deg",False,0.008880652942943957,0.02084784754992766,nan
1.0,1.05,0.15,21,"demo_00 +0,-15 deg",True,0.010349414928972225,0.0,0.005899376239842106
1.0,1.05,0.15,22,"demo_00 +0,-10 deg",True,0.005795431302467472,0.0,0.005899859163309756
1.0,1.05,0.15,23,"demo_00 +0,-5 deg",True,0.002501567465011516,0.0,0.005901324904509109
1.0,1.05,0.15,24,demo_00,True,0.00031807379802248326,0.007136387966234519,0.005901902201740517
1.0,1.05,0.15,25,"demo_00 +0,+5 deg",False,0.003177810278083501,0.06425121348008099,nan
1.0,1.05,0.15,26,"demo_00 +0,+10 deg",False,0.00648031121243362,0.05179095765437314,nan
1.0,1.05,0.15,27,"demo_00 +0,+15 deg",False,0.010317786827903,0.019749686468687938,nan
1.0,1.05,0.15,28,"demo_00 +5,-15 deg",True,0.007573719777738788,0.0,0.0058975163286921605
1.0,1.05,0.15,29,"demo_00 +5,-10 deg",True,0.003689788416613764,0.0,0.005900236827716357
1.0,1.05,0.15,30,"demo_00 +5,-5 deg",True,0.0009660825148554586,0.0,0.005901149543046083
1.0,1.05,0.15,31,"demo_00 +5,+0 deg",True,0.0018361445746073242,0.0,0.0059015562187714555
1.0,1.05,0.15,32,"demo_00 +5,+5 deg",False,0.0046916562741361285,0.035864691735485205,nan
1.0,1.05,0.15,33,"demo_00 +5,+10 deg",False,0.008194723827087186,0.02946640733832326,nan
1.0,1.05,0.15,34,"demo_00 +5,+15 deg",False,0.012296343271477106,0.001865417942917752,nan
1.0,1.05,0.15,35,"demo_00 +10,-15 deg",True,0.005210662091292747,0.0,0.005899016063184896
1.0,1.05,0.15,36,"demo_00 +10,-10 deg",True,0.0019789349326629277,0.0,0.005902172108429473
1.0,1.05,0.15,37,"demo_00 +10,-5 deg",True,0.0012820300308501037,0.0,0.005901735925479646
1.0,1.05,0.15,38,"demo_00 +10,+0 deg",True,0.0034249982760866547,0.0,0.005902969528101262
1.0,1.05,0.15,39,"demo_00 +10,+5 deg",False,0.006414864166343988,0.00369391383508072,nan
1.0,1.05,0.15,40,"demo_00 +10,+10 deg",False,0.010265727299527972,0.0,nan
1.0,1.05,0.15,41,"demo_00 +10,+15 deg",False,0.014792088394377548,0.0,nan
1.0,1.05,0.15,42,"demo_00 +15,-15 deg",True,0.003130055559534689,0.0,0.005900591376102703
1.0,1.05,0.15,43,"demo_00 +15,-10 deg",True,0.0012795380386448469,0.0,0.005901119220006251
1.0,1.05,0.15,44,"demo_00 +15,-5 deg",True,0.002873270251927645,0.0,0.005905105778348752
1.0,1.05,0.15,45,"demo_00 +15,+0 deg",False,0.005234581761646272,0.0,nan
1.0,1.05,0.15,46,"demo_00 +15,+5 deg",False,0.008486581525498298,0.0,nan
1.0,1.05,0.15,47,"demo_00 +15,+10 deg",False,0.012773122475384759,0.0,nan
1.0,1.05,0.15,48,"demo_00 +15,+15 deg",False,0.01780183200228734,0.0,nan
1.0,1.05,0.2,0,"demo_00 -15,-15 deg",True,0.022350562999194204,0.0,0.005971094310539085
1.0,1.05,0.2,1,"demo_00 -15,-10 deg",True,0.013931615702394536,0.0,0.005971434333389512
1.0,1.05,0.2,2,"demo_00 -15,-5 deg",True,0.00814777690885689,0.0,0.005972354064524865
1.0,1.05,0.2,3,"demo_00 -15,+0 deg",True,0.004104918321307097,0.0,0.005970932148360302
1.0,1.05,0.2,4,"demo_00 -15,+5 deg",True,0.0012886666170259786,0.0,0.005971160269331996
1.0,1.05,0.2,5,"demo_00 -15,+10 deg",True,0.003063166014656359,0.0,0.005972405459114087
1.0,1.05,0.2,6,"demo_00 -15,+15 deg",True,0.007731111821642618,0.0,0.00597199877837033
1.0,1.05,0.2,7,"demo_00 -10,-15 deg",True,0.018137619487403615,0.0,0.00597053932224518
1.0,1.05,0.2,8,"demo_00 -10,-10 deg",True,0.010914443709590611,0.0,0.005969589750068995
1.0,1.05,0.2,9,"demo_00 -10,-5 deg",True,0.00600117615775179,0.0,0.005970618221608179
1.0,1.05,0.2,10,"demo_00 -10,+0 deg",True,0.0025151917555234792,0.0,0.0059717783852782196
1.0,1.05,0.2,11,"demo_00 -10,+5 deg",True,0.0005542442490563945,0.0,0.00596963110631958
1.0,1.05,0.2,12,"demo_00 -10,+10 deg",True,0.003320494293430009,0.0,0.0059719086641979195
1.0,1.05,0.2,13,"demo_00 -10,+15 deg",True,0.007201147755810606,0.0,0.005971647399663733
1.0,1.05,0.2,14,"demo_00 -5,-15 deg",True,0.01418667882591835,0.0,0.005970741586429677
1.0,1.05,0.2,15,"demo_00 -5,-10 deg",True,0.008091708645216585,0.0,0.005972100560800722
1.0,1.05,0.2,16,"demo_00 -5,-5 deg",True,0.004024397711470935,0.0,0.00597154818085039
1.0,1.05,0.2,17,"demo_00 -5,+0 deg",True,0.0010814320581567151,0.0,0.005969514222542635
1.0,1.05,0.2,18,"demo_00 -5,+5 deg",True,0.0014615959940435731,0.027495302955906853,0.005971975152841439
1.0,1.05,0.2,19,"demo_00 -5,+10 deg",True,0.00412329074471905,0.01279407750969247,0.005970625473986845
1.0,1.05,0.2,20,"demo_00 -5,+15 deg",True,0.007478140034121389,0.0,0.0059719665331698394
1.0,1.05,0.2,21,"demo_00 +0,-15 deg",True,0.010611657483048292,0.0,0.0059690043859123776
1.0,1.05,0.2,22,"demo_00 +0,-10 deg",True,0.005553792973419936,0.0,0.005971967516301536
1.0,1.05,0.2,23,"demo_00 +0,-5 deg",True,0.002262429520743123,0.0,0.005970678589811992
1.0,1.05,0.2,24,demo_00,True,0.00027275384896223643,0.006695306033977922,0.005971351917365167
1.0,1.05,0.2,25,"demo_00 +0,+5 deg",True,0.0027557489440857524,0.04514079510940641,0.005971759076962603
1.0,1.05,0.2,26,"demo_00 +0,+10 deg",True,0.005617125612411431,0.01674782319624149,0.005970681268645814
1.0,1.05,0.2,27,"demo_00 +0,+15 deg",True,0.009034208306498847,0.0,0.005972391730237112
1.0,1.05,0.2,28,"demo_00 +5,-15 deg",True,0.007516209956394221,0.0,0.005968528966866181
1.0,1.05,0.2,29,"demo_00 +5,-10 deg",True,0.003397084072025784,0.0,0.005971034626086187
1.0,1.05,0.2,30,"demo_00 +5,-5 deg",True,0.0008852932366613857,0.0,0.005971035384556664
1.0,1.05,0.2,31,"demo_00 +5,+0 deg",True,0.0015956270645166844,0.0,0.0059694698997988845
1.0,1.05,0.2,32,"demo_00 +5,+5 deg",True,0.004353607920375112,0.016856387386082694,0.005971655595935121
1.0,1.05,0.2,33,"demo_00 +5,+10 deg",True,0.007822152497910195,0.0,0.005970797843481308
1.0,1.05,0.2,34,"demo_00 +5,+15 deg",True,0.011788747575950735,0.0,0.005970510910085588
1.0,1.05,0.2,35,"demo_00 +10,-15 deg",True,0.004923879053628202,0.0,0.005968098671210525
1.0,1.05,0.2,36,"demo_00 +10,-10 deg",True,0.0017386225453961692,0.0,0.005969018284826415
1.0,1.05,0.2,37,"demo_00 +10,-5 deg",True,0.0011650934734190848,0.0,0.005972735538152611
1.0,1.05,0.2,38,"demo_00 +10,+0 deg",True,0.003061672545894966,0.0,0.005972209986390248
1.0,1.05,0.2,39,"demo_00 +10,+5 deg",True,0.006366712500538759,0.0,0.0059712534778681966
1.0,1.05,0.2,40,"demo_00 +10,+10 deg",True,0.010657973143768514,0.0,0.005970678613829788
1.0,1.05,0.2,41,"demo_00 +10,+15 deg",True,0.015387389175021462,0.0,0.005970576366025254
1.0,1.05,0.2,42,"demo_00 +15,-15 deg",True,0.00279516213362158,0.0,0.005967842220507662
1.0,1.05,0.2,43,"demo_00 +15,-10 deg",True,0.0012846076183452462,0.0,0.005972977819506446
1.0,1.05,0.2,44,"demo_00 +15,-5 deg",True,0.0025421776846639896,0.0,0.005972212963697573
1.0,1.05,0.2,45,"demo_00 +15,+0 deg",True,0.004881207625850092,0.0,0.0059720295370161046
1.0,1.05,0.2,46,"demo_00 +15,+5 deg",True,0.008900871782082962,0.0,0.005971072194672431
1.0,1.05,0.2,47,"demo_00 +15,+10 deg",True,0.014057656434559591,0.0,0.005971607654134298
1.0,1.05,0.2,48,"demo_00 +15,+15 deg",True,0.01960537217436557,0.0,0.005969878531683739
1.0,1.05,0.3,0,"demo_00 -15,-15 deg",True,0.0287301762384559,0.0,0.006017468575740441
1.0,1.05,0.3,1,"demo_00 -15,-10 deg",True,0.016173724235045612,0.0,0.006017297423522634
1.0,1.05,0.3,2,"demo_00 -15,-5 deg",True,0.008585414064938207,0.0,0.006015640970405979
1.0,1.05,0.3,3,"demo_00 -15,+0 deg",True,0.004791026671972689,0.0,0.006015865427311298
1.0,1.05,0.3,4,"demo_00 -15,+5 deg",True,0.002604695411034362,0.0,0.006015549340850707
1.0,1.05,0.3,5,"demo_00 -15,+10 deg",True,0.005575159036748332,0.0,0.0060162599470067355
1.0,1.05,0.3,6,"demo_00 -15,+15 deg",True,0.013522870147641345,0.0,0.0060150915668300605
1.0,1.05,0.3,7,"demo_00 -10,-15 deg",True,0.024960807124551992,0.0,0.006017490990330629
1.0,1.05,0.3,8,"demo_00 -10,-10 deg",True,0.013389704979769325,0.0,0.006015217846327479
1.0,1.05,0.3,9,"demo_00 -10,-5 deg",True,0.005993384422036555,0.0,0.006017102442224433
1.0,1.05,0.3,10,"demo_00 -10,+0 deg",True,0.002297069960879025,0.0,0.0060164555842585005
1.0,1.05,0.3,11,"demo_00 -10,+5 deg",True,0.001169702558628033,0.0,0.006017386794299186
1.0,1.05,0.3,12,"demo_00 -10,+10 deg",True,0.004396177028153538,0.0,0.0060157821788513555
1.0,1.05,0.3,13,"demo_00 -10,+15 deg",True,0.010593622223946267,0.0,0.006014552114286994
1.0,1.05,0.3,14,"demo_00 -5,-15 deg",True,0.021665677115983387,0.0,0.006017168775834703
1.0,1.05,0.3,15,"demo_00 -5,-10 deg",True,0.011265044591232308,0.0,0.006015432152801987
1.0,1.05,0.3,16,"demo_00 -5,-5 deg",True,0.004359910886917779,0.0,0.006016033796368673
1.0,1.05,0.3,17,"demo_00 -5,+0 deg",True,0.000856995954125821,0.0,0.006015810147540322
1.0,1.05,0.3,18,"demo_00 -5,+5 deg",True,0.0004380243464510231,0.0,0.006017070765793416
1.0,1.05,0.3,19,"demo_00 -5,+10 deg",True,0.002189318245040508,0.0,0.0060160986866191314
1.0,1.05,0.3,20,"demo_00 -5,+15 deg",True,0.006518918389523996,0.0,0.006015750588781994
1.0,1.05,0.3,21,"demo_00 +0,-15 deg",True,0.017590016330399652,0.0,0.006014590115271733
1.0,1.05,0.3,22,"demo_00 +0,-10 deg",True,0.008601448032141011,0.0,0.006016570002309695
1.0,1.05,0.3,23,"demo_00 +0,-5 deg",True,0.0027101437804632074,0.0,0.0060147698461324485
1.0,1.05,0.3,24,demo_00,True,0.0002559694211714586,0.004973663994976013,0.006014634578253438
1.0,1.05,0.3,25,"demo_00 +0,+5 deg",True,0.0014310833844164094,0.009242292890290146,0.006016570164283311
1.0,1.05,0.3,26,"demo_00 +0,+10 deg",True,0.0017997801791733855,0.0,0.006016393654028566
1.0,1.05,0.3,27,"demo_00 +0,+15 deg",True,0.0035690707043790223,0.0,0.0060145610231743816
1.0,1.05,0.3,28,"demo_00 +5,-15 deg",True,0.01287173812115038,0.0,0.006015190836472703
1.0,1.05,0.3,29,"demo_00 +5,-10 deg",True,0.005410273086609408,0.0,0.006016427078079687
1.0,1.05,0.3,30,"demo_00 +5,-5 deg",True,0.0009157513860159247,0.0,0.006017272201582098
1.0,1.05,0.3,31,"demo_00 +5,+0 deg",True,0.0018168622251277344,0.0,0.0060155736959258965
1.0,1.05,0.3,32,"demo_00 +5,+5 deg",True,0.004158167846027794,0.00030183006392292544,0.006016153868818252
1.0,1.05,0.3,33,"demo_00 +5,+10 deg",True,0.006116372991999721,0.0,0.0060167694762050085
1.0,1.05,0.3,34,"demo_00 +5,+15 deg",True,0.007384415946174997,0.0,0.006015232140523833
1.0,1.05,0.3,35,"demo_00 +10,-15 deg",True,0.008098853336353897,0.0,0.00601665357371871
1.0,1.05,0.3,36,"demo_00 +10,-10 deg",True,0.0023194613947285082,0.0,0.0060149618637127455
1.0,1.05,0.3,37,"demo_00 +10,-5 deg",True,0.0018415155300990605,0.0,0.0060174423417505675
1.0,1.05,0.3,38,"demo_00 +10,+0 deg",True,0.0040995680029527574,0.0,0.0060158860757446265
1.0,1.05,0.3,39,"demo_00 +10,+5 deg",True,0.007701842773032363,0.0,0.006016160041272335
1.0,1.05,0.3,40,"demo_00 +10,+10 deg",True,0.01092771848287988,0.0,0.006017341975064265
1.0,1.05,0.3,41,"demo_00 +10,+15 deg",True,0.013526324472947089,0.0,0.0060174237161153095
1.0,1.05,0.3,42,"demo_00 +15,-15 deg",True,0.0038396636489150342,0.0,0.006016664501276387
1.0,1.05,0.3,43,"demo_00 +15,-10 deg",True,0.0018915065058733031,0.0,0.00601606903777997
1.0,1.05,0.3,44,"demo_00 +15,-5 deg",True,0.004112389659120446,0.0,0.006015515709649487
1.0,1.05,0.3,45,"demo_00 +15,+0 deg",True,0.007077429149323101,0.0,0.006017005737555587
1.0,1.05,0.3,46,"demo_00 +15,+5 deg",True,0.011766604252136537,0.0,0.006014614418286406
1.0,1.05,0.3,47,"demo_00 +15,+10 deg",True,0.016133892651996794,0.0,0.0060155056526840014
1.0,1.05,0.3,48,"demo_00 +15,+15 deg",True,0.020498963814388524,0.0,0.006016360277223701
1.0,1.2,0.07,0,"demo_00 -15,-15 deg",True,0.030704624975850425,0.0,0.005926901268923624
1.0,1.2,0.07,1,"demo_00 -15,-10 deg",True,0.02225080017097024,0.0,0.00592865707336814
1.0,1.2,0.07,2,"demo_00 -15,-5 deg",True,0.015140515927366002,0.0,0.005932477141074595
1.0,1.2,0.07,3,"demo_00 -15,+0 deg",False,0.009206666451309072,0.15098244396922325,nan
1.0,1.2,0.07,4,"demo_00 -15,+5 deg",False,0.00435637744199278,0.16859769268454022,nan
1.0,1.2,0.07,5,"demo_00 -15,+10 deg",False,0.0015730902671368496,0.15719991857515286,nan
1.0,1.2,0.07,6,"demo_00 -15,+15 deg",False,0.004079594671956609,0.1208840846116365,nan
1.0,1.2,0.07,7,"demo_00 -10,-15 deg",True,0.025660862739627407,0.0,0.005926021663292195
1.0,1.2,0.07,8,"demo_00 -10,-10 deg",True,0.017885866112347958,0.0,0.005931219840746583
1.0,1.2,0.07,9,"demo_00 -10,-5 deg",True,0.011284293377009374,0.0,0.005933135752559844
1.0,1.2,0.07,10,"demo_00 -10,+0 deg",False,0.0057157125995279095,0.2306076541880481,nan
1.0,1.2,0.07,11,"demo_00 -10,+5 deg",False,0.001410855769410422,0.238486557502422,nan
1.0,1.2,0.07,12,"demo_00 -10,+10 deg",False,0.003467981945040491,0.20809274430302177,nan
1.0,1.2,0.07,13,"demo_00 -10,+15 deg",False,0.006944216649856568,0.1541686957225418,nan
1.0,1.2,0.07,14,"demo_00 -5,-15 deg",True,0.021119344591715297,0.0,0.005923545271001384
1.0,1.2,0.07,15,"demo_00 -5,-10 deg",True,0.013934885785505582,0.0,0.005931204407756677
1.0,1.2,0.07,16,"demo_00 -5,-5 deg",True,0.007760560513237261,0.0,0.0059300780293690585
1.0,1.2,0.07,17,"demo_00 -5,+0 deg",False,0.0024709678928486953,0.31046352221617335,nan
1.0,1.2,0.07,18,"demo_00 -5,+5 deg",False,0.0022242814419665647,0.2950378719090298,nan
1.0,1.2,0.07,19,"demo_00 -5,+10 deg",False,0.0061947052893517145,0.2348823457738848,nan
1.0,1.2,0.07,20,"demo_00 -5,+15 deg",False,0.009751308854088968,0.16706184629887,nan
1.0,1.2,0.07,21,"demo_00 +0,-15 deg",True,0.01695826954479562,0.0,0.005923864039521316
1.0,1.2,0.07,22,"demo_00 +0,-10 deg",True,0.010288398285976845,0.0,0.005929036579734429
1.0,1.2,0.07,23,"demo_00 +0,-5 deg",True,0.0044876598834294144,0.0,0.00593152488076207
1.0,1.2,0.07,24,demo_00,True,0.0006344587203834918,0.007426057029147419,0.0059298510183015555
1.0,1.2,0.07,25,"demo_00 +0,+5 deg",False,0.005030054752280247,0.29385592841076896,nan
1.0,1.2,0.07,26,"demo_00 +0,+10 deg",False,0.008962532440457905,0.2257746499141723,nan
1.0,1.2,0.07,27,"demo_00 +0,+15 deg",False,0.012523455159024146,0.1575483648465898,nan
1.0,1.2,0.07,28,"demo_00 +5,-15 deg",True,0.013050189148927116,0.0,0.005923230257649993
1.0,1.2,0.07,29,"demo_00 +5,-10 deg",True,0.0068481032391590375,0.0,0.0059291971194771415
1.0,1.2,0.07,30,"demo_00 +5,-5 deg",True,0.0015897018879245457,5.212436264425899e-05,0.005931225735288436
1.0,1.2,0.07,31,"demo_00 +5,+0 deg",True,0.0036598080385723047,0.0,0.005931095258600983
1.0,1.2,0.07,32,"demo_00 +5,+5 deg",False,0.00790040206227027,0.2452425110294394,nan
1.0,1.2,0.07,33,"demo_00 +5,+10 deg",False,0.011753480665648323,0.1893553347321372,nan
1.0,1.2,0.07,34,"demo_00 +5,+15 deg",False,0.015303118690244295,0.12835841176396098,nan
1.0,1.2,0.07,35,"demo_00 +10,-15 deg",True,0.00927371160326957,0.0,0.005925929112291456
1.0,1.2,0.07,36,"demo_00 +10,-10 deg",True,0.003599356744724643,0.0,0.005931902863117014
1.0,1.2,0.07,37,"demo_00 +10,-5 deg",True,0.0023787548875226993,0.0,0.005929797491635983
1.0,1.2,0.07,38,"demo_00 +10,+0 deg",True,0.00671097876772514,0.0,0.005932494928991077
1.0,1.2,0.07,39,"demo_00 +10,+5 deg",False,0.010827598574567113,0.19398211033879456,nan
1.0,1.2,0.07,40,"demo_00 +10,+10 deg",False,0.014603967897521962,0.13526203831023764,nan
1.0,1.2,0.07,41,"demo_00 +10,+15 deg",False,0.018132666983794985,0.08618981979963614,nan
1.0,1.2,0.07,42,"demo_00 +15,-15 deg",True,0.005540312485824028,0.0,0.005928080257632246
1.0,1.2,0.07,43,"demo_00 +15,-10 deg",True,0.0017014521245878498,0.0,0.005933107354198793
1.0,1.2,0.07,44,"demo_00 +15,-5 deg",True,0.00549629202655695,0.0,0.00593333986453655
1.0,1.2,0.07,45,"demo_00 +15,+0 deg",True,0.009851344092110708,0.0,0.005931714480408663
1.0,1.2,0.07,46,"demo_00 +15,+5 deg",True,0.013856164093556524,0.0,0.005931459595063831
1.0,1.2,0.07,47,"demo_00 +15,+10 deg",False,0.017554220209395947,0.083449003268523,nan
1.0,1.2,0.07,48,"demo_00 +15,+15 deg",False,0.02105112576940868,0.03453347863685052,nan
1.0,1.2,0.1,0,"demo_00 -15,-15 deg",True,0.0263309921034812,0.0,0.005888107225290806
1.0,1.2,0.1,1,"demo_00 -15,-10 deg",True,0.018502633125639684,0.0,0.005893589962520066
1.0,1.2,0.1,2,"demo_00 -15,-5 deg",True,0.012385205251844417,0.0,0.005893300260707757
1.0,1.2,0.1,3,"demo_00 -15,+0 deg",True,0.0074094301258944804,0.0,0.005893595479737508
1.0,1.2,0.1,4,"demo_00 -15,+5 deg",False,0.0030471147545121746,0.0,nan
1.0,1.2,0.1,5,"demo_00 -15,+10 deg",False,0.0012321505803682311,0.00336994961296877,nan
1.0,1.2,0.1,6,"demo_00 -15,+15 deg",False,0.005838118804086217,0.011301466683936529,nan
1.0,1.2,0.1,7,"demo_00 -10,-15 deg",True,0.02100336733631817,0.0,0.005889589853085727
1.0,1.2,0.1,8,"demo_00 -10,-10 deg",True,0.014139966781199408,0.0,0.005894398228500835
1.0,1.2,0.1,9,"demo_00 -10,-5 deg",True,0.008782570942543005,0.0,0.005891901881258042
1.0,1.2,0.1,10,"demo_00 -10,+0 deg",True,0.004393028006621611,0.0,0.005894981168413057
1.0,1.2,0.1,11,"demo_00 -10,+5 deg",False,0.0005243206981561895,0.05340600866515685,nan
1.0,1.2,0.1,12,"demo_00 -10,+10 deg",False,0.0035245336272973285,0.05460852581204603,nan
1.0,1.2,0.1,13,"demo_00 -10,+15 deg",False,0.007915810971305797,0.039739330366445474,nan
1.0,1.2,0.1,14,"demo_00 -5,-15 deg",True,0.016569176386054336,0.0,0.005889106170770828
1.0,1.2,0.1,15,"demo_00 -5,-10 deg",True,0.01052839087066467,0.0,0.005893794601211803
1.0,1.2,0.1,16,"demo_00 -5,-5 deg",True,0.005779432896345511,0.0,0.005894812862904329
1.0,1.2,0.1,17,"demo_00 -5,+0 deg",True,0.0018228117287757447,0.0,0.005896412601112682
1.0,1.2,0.1,18,"demo_00 -5,+5 deg",False,0.0018774600288386958,0.11169832585634838,nan
1.0,1.2,0.1,19,"demo_00 -5,+10 deg",False,0.005705029427896909,0.08855321008492956,nan
1.0,1.2,0.1,20,"demo_00 -5,+15 deg",False,0.010078945457858686,0.05389661121067846,nan
1.0,1.2,0.1,21,"demo_00 +0,-15 deg",True,0.012880081339010925,0.0,0.005891220502439924
1.0,1.2,0.1,22,"demo_00 +0,-10 deg",True,0.007517562788241725,0.0,0.005892240673190974
1.0,1.2,0.1,23,"demo_00 +0,-5 deg",True,0.0032456638197254483,0.0,0.005893353025487556
1.0,1.2,0.1,24,demo_00,True,0.00044781184037957886,0.007247308048613922,0.0058956512153391216
1.0,1.2,0.1,25,"demo_00 +0,+5 deg",False,0.003922138998735664,0.114326119829698,nan
1.0,1.2,0.1,26,"demo_00 +0,+10 deg",False,0.007735929242219525,0.08475392043806199,nan
1.0,1.2,0.1,27,"demo_00 +0,+15 deg",False,0.01221431770706458,0.0463559887512357,nan
1.0,1.2,0.1,28,"demo_00 +5,-15 deg",True,0.009734254259537365,0.0,0.005887516492904065
1.0,1.2,0.1,29,"demo_00 +5,-10 deg",True,0.004930749656755193,0.0,0.00589267782329409
1.0,1.2,0.1,30,"demo_00 +5,-5 deg",True,0.0011912573139877842,5.053609956633988e-05,0.0058961121988913194
1.0,1.2,0.1,31,"demo_00 +5,+0 deg",True,0.002541625488355243,0.0,0.0058923292815223904
1.0,1.2,0.1,32,"demo_00 +5,+5 deg",False,0.005878046180796194,0.0674259186841292,nan
1.0,1.2,0.1,33,"demo_00 +5,+10 deg",False,0.009699121972770045,0.0514579551276553,nan
1.0,1.2,0.1,34,"demo_00 +5,+15 deg",False,0.014333442865230788,0.018702456875270418,nan
1.0,1.2,0.1,35,"demo_00 +10,-15 deg",True,0.006909754870956664,0.0,0.005889072696667262
1.0,1.2,0.1,36,"demo_00 +10,-10 deg",True,0.0026609887061688903,0.0,0.005894657390727536
1.0,1.2,0.1,37,"demo_00 +10,-5 deg",True,0.0017077584338450317,0.0,0.005895301627710185
1.0,1.2,0.1,38,"demo_00 +10,+0 deg",True,0.00462375736013034,0.0,0.005896793930415227
1.0,1.2,0.1,39,"demo_00 +10,+5 deg",False,0.007850217701321443,0.014269723659262795,nan
1.0,1.2,0.1,40,"demo_00 +10,+10 deg",False,0.0116819568292583,0.0,nan
1.0,1.2,0.1,41,"demo_00 +10,+15 deg",False,0.01648717727615985,0.0,nan
1.0,1.2,0.1,42,"demo_00 +15,-15 deg",True,0.004216609199589692,0.0,0.0058926911984471045
1.0,1.2,0.1,43,"demo_00 +15,-10 deg",True,0.001472244689149284,0.0,0.00589736702876351
1.0,1.2,0.1,44,"demo_00 +15,-5 deg",True,0.0038660606533985472,0.0,0.005894909628896386
1.0,1.2,0.1,45,"demo_00 +15,+0 deg",True,0.0067980052335924615,0.0,0.005894820127922422
1.0,1.2,0.1,46,"demo_00 +15,+5 deg",False,0.00992551661456331,0.0,nan
1.0,1.2,0.1,47,"demo_00 +15,+10 deg",False,0.013761753409866847,0.0,nan
1.0,1.2,0.1,48,"demo_00 +15,+15 deg",False,0.018739255313006825,0.0,nan
1.0,1.2,0.15,0,"demo_00 -15,-15 deg",True,0.027128517352602126,0.0,0.0059319018511786725
1.0,1.2,0.15,1,"demo_00 -15,-10 deg",True,0.017989011985124512,0.0,0.005931494320393918
1.0,1.2,0.15,2,"demo_00 -15,-5 deg",True,0.011217667586481192,0.0,0.0059312026545017245
1.0,1.2,0.15,3,"demo_00 -15,+0 deg",True,0.0059003636091994995,0.0,0.005931349863428646
1.0,1.2,0.15,4,"demo_00 -15,+5 deg",True,0.002385314666120028,0.0,0.005930120541613355
1.0,1.2,0.15,5,"demo_00 -15,+10 deg",True,0.005447865182318836,0.0,0.005931203096391468
1.0,1.2,0.15,6,"demo_00 -15,+15 deg",True,0.011704354722905203,0.0,0.005930902866753929
1.0,1.2,0.15,7,"demo_00 -10,-15 deg",True,0.021034563733222267,0.0,0.005930552052180109
1.0,1.2,0.15,8,"demo_00 -10,-10 deg",True,0.013257917762659482,0.0,0.0059302402500685065
1.0,1.2,0.15,9,"demo_00 -10,-5 deg",True,0.007756486158767397,0.0,0.0059346826766272865
1.0,1.2,0.15,10,"demo_00 -10,+0 deg",True,0.0034602315440727975,0.0,0.005930799214306034
1.0,1.2,0.15,11,"demo_00 -10,+5 deg",True,0.0010976517188524887,0.0,0.00593259401724539
1.0,1.2,0.15,12,"demo_00 -10,+10 deg",True,0.005450638538872951,0.002918685242012109,0.005933922529583384
1.0,1.2,0.15,13,"demo_00 -10,+15 deg",True,0.011443880223877151,0.0,0.005931077991694817
1.0,1.2,0.15,14,"demo_00 -5,-15 deg",True,0.015879892042243604,0.0,0.005933451033561968
1.0,1.2,0.15,15,"demo_00 -5,-10 deg",True,0.009321205397095895,0.0,0.005931200281707206
1.0,1.2,0.15,16,"demo_00 -5,-5 deg",True,0.004860173846421582,0.0,0.005931864894789329
1.0,1.2,0.15,17,"demo_00 -5,+0 deg",True,0.0013840408914102234,0.0,0.00593285302596548
1.0,1.2,0.15,18,"demo_00 -5,+5 deg",True,0.0021708344307253572,0.03747398501582677,0.005930285723127023
1.0,1.2,0.15,19,"demo_00 -5,+10 deg",True,0.006548357421838324,0.03071772096636166,0.005931715488517784
1.0,1.2,0.15,20,"demo_00 -5,+15 deg",True,0.012375027843803666,0.0,0.005934656864439233
1.0,1.2,0.15,21,"demo_00 +0,-15 deg",True,0.011754959577183163,0.0,0.005934337572496679
1.0,1.2,0.15,22,"demo_00 +0,-10 deg",True,0.006241277744540458,0.0,0.005932150756010286
1.0,1.2,0.15,23,"demo_00 +0,-5 deg",True,0.0025930272039058964,0.0,0.005933639332957196
1.0,1.2,0.15,24,demo_00,True,0.0003147669204610107,0.006907389929791062,0.005932599453334315
1.0,1.2,0.15,25,"demo_00 +0,+5 deg",True,0.003617013207767609,0.05853787820736635,0.005933752219165159
1.0,1.2,0.15,26,"demo_00 +0,+10 deg",True,0.00812652752474657,0.03361588080293171,0.00593426447577108
1.0,1.2,0.15,27,"demo_00 +0,+15 deg",True,0.014173540481344222,0.0,0.005931019982215182
1.0,1.2,0.15,28,"demo_00 +5,-15 deg",True,0.008507482634931169,0.0,0.005934388968388156
1.0,1.2,0.15,29,"demo_00 +5,-10 deg",True,0.003847405928203959,0.0,0.00593317633136247
1.0,1.2,0.15,30,"demo_00 +5,-5 deg",True,0.0009700641123647183,0.0,0.00593230409394105
1.0,1.2,0.15,31,"demo_00 +5,+0 deg",True,0.001748941965484835,0.0,0.00593279620476006
1.0,1.2,0.15,32,"demo_00 +5,+5 deg",True,0.004931282470685715,0.026264600095639606,0.005934393531550415
1.0,1.2,0.15,33,"demo_00 +5,+10 deg",True,0.009813989666336868,0.008224826301981153,0.005933011311709845
1.0,1.2,0.15,34,"demo_00 +5,+15 deg",True,0.016427504656025913,0.0,0.005933284770499857
1.0,1.2,0.15,35,"demo_00 +10,-15 deg",True,0.005843534030429835,0.0,0.005930744487359714
1.0,1.2,0.15,36,"demo_00 +10,-10 deg",True,0.0019887036325745627,0.0,0.005933290106700737
1.0,1.2,0.15,37,"demo_00 +10,-5 deg",True,0.0014530908766750767,0.0,0.005930716182545986
1.0,1.2,0.15,38,"demo_00 +10,+0 deg",True,0.0031301061126310483,0.0,0.005930857619703025
1.0,1.2,0.15,39,"demo_00 +10,+5 deg",True,0.006189216697126421,0.0,0.005930629363497833
1.0,1.2,0.15,40,"demo_00 +10,+10 deg",True,0.01152315613251803,0.0,0.0059316066168230205
1.0,1.2,0.15,41,"demo_00 +10,+15 deg",True,0.018899285612764043,0.0,0.005934675035944799
1.0,1.2,0.15,42,"demo_00 +15,-15 deg",True,0.0034760447066310997,0.0,0.005932105933637759
1.0,1.2,0.15,43,"demo_00 +15,-10 deg",True,0.001537903632251418,0.0,0.005934873795461919
1.0,1.2,0.15,44,"demo_00 +15,-5 deg",True,0.0030915666676383743,0.0,0.005932146255435474
1.0,1.2,0.15,45,"demo_00 +15,+0 deg",True,0.0045691995068840195,0.0,0.005934650991859131
1.0,1.2,0.15,46,"demo_00 +15,+5 deg",True,0.007502641682158074,0.0,0.005933393730661224
1.0,1.2,0.15,47,"demo_00 +15,+10 deg",True,0.013305268354449687,0.0,0.005930576201013244
1.0,1.2,0.15,48,"demo_00 +15,+15 deg",True,0.02153157315966757,0.0,0.005934208981898912
1.0,1.2,0.2,0,"demo_00 -15,-15 deg",True,0.03046052672368565,0.0,0.005988517836584928
1.0,1.2,0.2,1,"demo_00 -15,-10 deg",True,0.018092062730540943,0.0,0.005988911755513479
1.0,1.2,0.2,2,"demo_00 -15,-5 deg",True,0.009232928998284786,0.0,0.0059881669914122965
1.0,1.2,0.2,3,"demo_00 -15,+0 deg",True,0.0041222568971544075,0.0,0.005987638699912816
1.0,1.2,0.2,4,"demo_00 -15,+5 deg",True,0.003781865742872652,0.0,0.005986728501763777
1.0,1.2,0.2,5,"demo_00 -15,+10 deg",True,0.007920205425044171,0.0,0.005987703857667382
1.0,1.2,0.2,6,"demo_00 -15,+15 deg",True,0.014736424837188485,0.0,0.0059909178137758055
1.0,1.2,0.2,7,"demo_00 -10,-15 deg",True,0.025262638329512203,0.0,0.0059885266110119555
1.0,1.2,0.2,8,"demo_00 -10,-10 deg",True,0.014597737526134578,0.0,0.005988285680030437
1.0,1.2,0.2,9,"demo_00 -10,-5 deg",True,0.0071402389949259916,0.0,0.005987080356052759
1.0,1.2,0.2,10,"demo_00 -10,+0 deg",True,0.0027130378201108696,0.0,0.005990907832328173
1.0,1.2,0.2,11,"demo_00 -10,+5 deg",True,0.002350916282707321,0.0,0.0059887418458698955
1.0,1.2,0.2,12,"demo_00 -10,+10 deg",True,0.005804784415008398,0.0,0.0059909195729872956
1.0,1.2,0.2,13,"demo_00 -10,+15 deg",True,0.011406014502098626,0.0,0.005990928084344913
1.0,1.2,0.2,14,"demo_00 -5,-15 deg",True,0.01979835776841462,0.0,0.005989632081932706
1.0,1.2,0.2,15,"demo_00 -5,-10 deg",True,0.0107582650809277,0.0,0.005987330391564294
1.0,1.2,0.2,16,"demo_00 -5,-5 deg",True,0.004760925079424827,0.0,0.005987049480370831
1.0,1.2,0.2,17,"demo_00 -5,+0 deg",True,0.0011815534622831192,0.0,0.005987261014521571
1.0,1.2,0.2,18,"demo_00 -5,+5 deg",True,0.0015821289325660512,0.0,0.005991222001341704
1.0,1.2,0.2,19,"demo_00 -5,+10 deg",True,0.004777588549510831,0.0,0.0059868495990938915
1.0,1.2,0.2,20,"demo_00 -5,+15 deg",True,0.009672725796192957,0.0,0.005987146878300288
1.0,1.2,0.2,21,"demo_00 +0,-15 deg",True,0.014843312637308613,0.0,0.005991211045005752
1.0,1.2,0.2,22,"demo_00 +0,-10 deg",True,0.007304733914908515,0.0,0.005988873506132399
1.0,1.2,0.2,23,"demo_00 +0,-5 deg",True,0.0025721334766268126,0.0,0.005987271366247046
1.0,1.2,0.2,24,demo_00,True,0.00028008916716531915,0.00651709751340157,0.005991210975620565
1.0,1.2,0.2,25,"demo_00 +0,+5 deg",True,0.002771404023490722,0.002450311420315765,0.005986800157830769
1.0,1.2,0.2,26,"demo_00 +0,+10 deg",True,0.00621099775449101,0.0,0.00598819317065055
1.0,1.2,0.2,27,"demo_00 +0,+15 deg",True,0.011087185058750932,0.0,0.005987142029968061
1.0,1.2,0.2,28,"demo_00 +5,-15 deg",True,0.010612978589267588,0.0,0.0059894530479042305
1.0,1.2,0.2,29,"demo_00 +5,-10 deg",True,0.004392221116864128,0.0,0.005990887559221843
1.0,1.2,0.2,30,"demo_00 +5,-5 deg",True,0.0009374309913417386,0.0,0.005989924123771464
1.0,1.2,0.2,31,"demo_00 +5,+0 deg",True,0.0015869952066602366,0.0,0.0059867981119427595
1.0,1.2,0.2,32,"demo_00 +5,+5 deg",True,0.004519177761111025,0.0,0.005989297320657808
1.0,1.2,0.2,33,"demo_00 +5,+10 deg",True,0.00901817584148002,0.0,0.005987311847824807
1.0,1.2,0.2,34,"demo_00 +5,+15 deg",True,0.014652292180881139,0.0,0.005988203873596646
1.0,1.2,0.2,35,"demo_00 +10,-15 deg",True,0.00697353834289295,0.0,0.0059902741963115645
1.0,1.2,0.2,36,"demo_00 +10,-10 deg",True,0.0020111275919255343,0.0,0.005991329522539414
1.0,1.2,0.2,37,"demo_00 +10,-5 deg",True,0.00174019196752786,0.0,0.005987528038292152
1.0,1.2,0.2,38,"demo_00 +10,+0 deg",True,0.002844502284138994,0.0,0.005990157094491781
1.0,1.2,0.2,39,"demo_00 +10,+5 deg",True,0.006253653144024102,0.0,0.005988824304539679
1.0,1.2,0.2,40,"demo_00 +10,+10 deg",True,0.012105913796658768,0.0,0.005986854866755149
1.0,1.2,0.2,41,"demo_00 +10,+15 deg",True,0.018859980116897625,0.0,0.005990105044993423
1.0,1.2,0.2,42,"demo_00 +15,-15 deg",True,0.0037491942607058813,0.0,0.005989121144568232
1.0,1.2,0.2,43,"demo_00 +15,-10 deg",True,0.0018909720304744822,0.0,0.005986650003146595
1.0,1.2,0.2,44,"demo_00 +15,-5 deg",True,0.0034898002249007455,0.0,0.005990445141132653
1.0,1.2,0.2,45,"demo_00 +15,+0 deg",True,0.004081675324231107,0.0,0.00599039746961336
1.0,1.2,0.2,46,"demo_00 +15,+5 deg",True,0.008003655247607152,0.0,0.0059888962774564845
1.0,1.2,0.2,47,"demo_00 +15,+10 deg",True,0.015233130858641043,0.0,0.005988210223991425
1.0,1.2,0.2,48,"demo_00 +15,+15 deg",True,0.023166768883672664,0.0,0.00598761709951445
1.0,1.2,0.3,0,"demo_00 -15,-15 deg",True,0.041145600762087724,0.0,0.00592012299048032
1.0,1.2,0.3,1,"demo_00 -15,-10 deg",True,0.024433013376801975,0.0,0.005920344798774593
1.0,1.2,0.3,2,"demo_00 -15,-5 deg",True,0.013260079474926412,0.0,0.005919808597747799
1.0,1.2,0.3,3,"demo_00 -15,+0 deg",True,0.006647246443002261,0.0,0.005920299777966523
1.0,1.2,0.3,4,"demo_00 -15,+5 deg",True,0.00654951419250832,0.0,0.00591821934726366
1.0,1.2,0.3,5,"demo_00 -15,+10 deg",True,0.015647866658367232,0.0,0.005918704319186447
1.0,1.2,0.3,6,"demo_00 -15,+15 deg",False,0.027883392886760883,0.0,nan
1.0,1.2,0.3,7,"demo_00 -10,-15 deg",True,0.04077485211822753,0.0,0.005919911845170546
1.0,1.2,0.3,8,"demo_00 -10,-10 deg",True,0.021399826085492287,0.0,0.005919955194853342
1.0,1.2,0.3,9,"demo_00 -10,-5 deg",True,0.00867758118017488,0.0,0.00591838528461067
1.0,1.2,0.3,10,"demo_00 -10,+0 deg",True,0.0030029556436156502,0.0,0.005919629712019992
1.0,1.2,0.3,11,"demo_00 -10,+5 deg",True,0.004572498166410728,0.0,0.005919134674216579
1.0,1.2,0.3,12,"demo_00 -10,+10 deg",False,0.011828774904704476,0.053652953509175955,nan
1.0,1.2,0.3,13,"demo_00 -10,+15 deg",False,0.021008928542424483,0.0,nan
1.0,1.2,0.3,14,"demo_00 -5,-15 deg",True,0.037399425329482705,0.0,0.005919113623567347
1.0,1.2,0.3,15,"demo_00 -5,-10 deg",True,0.018931702513498593,0.0,0.005919610980789175
1.0,1.2,0.3,16,"demo_00 -5,-5 deg",True,0.0060718848010572314,0.0,0.005920061585251524
1.0,1.2,0.3,17,"demo_00 -5,+0 deg",True,0.000930285599748086,0.0,0.005917839388589037
1.0,1.2,0.3,18,"demo_00 -5,+5 deg",False,0.00214574050976505,0.14059808111518396,nan
1.0,1.2,0.3,19,"demo_00 -5,+10 deg",False,0.006663168580379211,0.0804425549800426,nan
1.0,1.2,0.3,20,"demo_00 -5,+15 deg",False,0.012920836713544673,0.01262205550502754,nan
1.0,1.2,0.3,21,"demo_00 +0,-15 deg",True,0.030583389731904588,0.0,0.005919964533711187
1.0,1.2,0.3,22,"demo_00 +0,-10 deg",True,0.014488033049269076,0.0,0.005919615073665051
1.0,1.2,0.3,23,"demo_00 +0,-5 deg",True,0.0037681917076146623,0.0,0.005918840532634184
1.0,1.2,0.3,24,demo_00,True,0.0002650413595862291,0.005247317209256515,0.0059185922914662
1.0,1.2,0.3,25,"demo_00 +0,+5 deg",False,0.001208043330654874,0.1394161376169265,nan
1.0,1.2,0.3,26,"demo_00 +0,+10 deg",False,0.0019528408733591907,0.07133485912032661,nan
1.0,1.2,0.3,27,"demo_00 +0,+15 deg",False,0.004340226908980704,0.004626154283298128,nan
1.0,1.2,0.3,28,"demo_00 +5,-15 deg",True,0.022688989378137778,0.0,0.005917927224213747
1.0,1.2,0.3,29,"demo_00 +5,-10 deg",True,0.009122639882418682,0.0,0.005919676613339782
1.0,1.2,0.3,30,"demo_00 +5,-5 deg",True,0.0010510645016098853,0.0,0.005917802676147226
1.0,1.2,0.3,31,"demo_00 +5,+0 deg",False,0.0020725190718678182,0.14997357424755978,nan
1.0,1.2,0.3,32,"demo_00 +5,+5 deg",False,0.004900827401537472,0.09080272023559488,nan
1.0,1.2,0.3,33,"demo_00 +5,+10 deg",False,0.006370772866158966,0.03491554393829263,nan
1.0,1.2,0.3,34,"demo_00 +5,+15 deg",False,0.004431257683132832,0.0,nan
1.0,1.2,0.3,35,"demo_00 +10,-15 deg",True,0.0147387213940023,0.0,0.005918921076042429
1.0,1.2,0.3,36,"demo_00 +10,-10 deg",True,0.0036400443900506617,0.0,0.00591883015468923
1.0,1.2,0.3,37,"demo_00 +10,-5 deg",True,0.003200300692631011,0.0,0.005919327602248903
1.0,1.2,0.3,38,"demo_00 +10,+0 deg",False,0.004832376857019345,0.10223564140906807,nan
1.0,1.2,0.3,39,"demo_00 +10,+5 deg",False,0.009094244890794762,0.03954231954494877,nan
1.0,1.2,0.3,40,"demo_00 +10,+10 deg",False,0.012362583427017754,0.0,nan
1.0,1.2,0.3,41,"demo_00 +10,+15 deg",False,0.012695149080899975,0.0,nan
1.0,1.2,0.3,42,"demo_00 +15,-15 deg",True,0.0070716379047675556,0.0,0.005917967536783087
1.0,1.2,0.3,43,"demo_00 +15,-10 deg",True,0.0032476687368770372,0.0,0.005919414790615234
1.0,1.2,0.3,44,"demo_00 +15,-5 deg",True,0.007052743721046608,0.0,0.005918966729058711
1.0,1.2,0.3,45,"demo_00 +15,+0 deg",False,0.008102857262664959,0.05193515378118832,nan
1.0,1.2,0.3,46,"demo_00 +15,+5 deg",False,0.013614052734877289,0.0,nan
1.0,1.2,0.3,47,"demo_00 +15,+10 deg",False,0.01824329884431683,0.0,nan
1.0,1.2,0.3,48,"demo_00 +15,+15 deg",False,0.020510414482348558,0.0,nan
