law,omega,damping,arm,start,origin,replayed,first_step_m,arrived,arrival_time_s,left_goal,hold_error_m,hold_observed_s,success,final_distance_m,training_path_distance_deg,offset_retained,taught_joint_error_deg,taught_path_distance_m,onset_delay_s,taught_arrival_delay_s,jitter_deg,taught_jitter_deg,speed_peaks,taught_speed_peaks,tracking_error_deg,peak_reference_speed_dps,peak_hand_speed_mps,settling_time_s,peak_torque_nm,effort_n2m2s,peak_external_force_n,reference_lead
pd,10.0,1.0,esn,0,demo_00,,8.262578387292458e-05,False,nan,False,nan,0.0,False,1.3899457107147475,159.20840673147984,nan,142.60092306766546,2.6870495646791026,0.0,nan,1.49247977664453,0.07245156496022,10.0,94.0,207.09891204587652,4445.4906284998715,92.4215466480638,nan,2117.148898028378,3415731.5850405092,0.0,nan
pd,10.0,1.0,replay,0,demo_00,demo_00,0.0,True,7.3,False,0.00634476759524953,2.000000000000001,True,0.005934010027459218,0.0450458081741869,nan,0.11445338890576684,0.004628387990632236,0.020000000000000018,0.009999999999999787,0.014774673364244496,0.07245156496022,63.0,94.0,0.10821676838144496,58.616099013208434,0.3999924313798201,7.3,25.42154592233561,81.07563241270918,0.0,nan
pd,10.0,1.0,esn,1,"demo_00 -15,-15 deg",,0.21664848781035434,False,nan,False,nan,0.0,False,1.389945181082461,190.96973392273887,9.517441426699541,154.95528940037633,2.675629122032394,-0.75,nan,2.1932953333749614,0.07245156496022,13.0,94.0,231.152392682727,10186.950990440015,92.26902548079325,nan,3107.330688067946,4457133.686076297,0.0,nan
pd,10.0,1.0,replay,1,"demo_00 -15,-15 deg",demo_00,0.040996272278575066,True,7.3,False,0.00634476759524953,2.000000000000001,True,0.005934010027459218,0.25855195215146104,0.012885565737636237,0.8387787195112053,0.3720962667372529,-0.75,0.009999999999999787,0.02151580186632713,0.07245156496022,3.0,94.0,0.7002588369692516,1500.0000000008336,5.646168565533499,7.3,650.5434432771193,4236.546921516193,0.0,nan
pd,10.0,1.0,esn,2,"demo_00 -15,-12.5 deg",,0.17995399183908123,False,nan,False,nan,0.0,False,1.3899451764351114,191.3856474069595,10.462674955493192,155.13415490520384,2.6954464228270485,-0.75,nan,2.1687025531892075,0.07245156496022,13.0,94.0,231.12974143665772,8771.113823531485,93.38148253226746,nan,2549.661254161322,4415397.783857489,0.0,nan
pd,10.0,1.0,replay,2,"demo_00 -15,-12.5 deg",demo_00,0.0392568783235698,True,7.3,False,0.00634476759524953,2.000000000000001,True,0.005934010027459218,0.23798249924146914,0.013010032718727546,0.7669390417370162,0.33999767274126996,-0.75,0.009999999999999787,0.020998342883063976,0.07245156496022,4.0,94.0,0.6389399970937804,1500.0000000008326,5.341642371309148,7.3,650.5434432771193,4197.639454413622,0.0,nan
pd,10.0,1.0,esn,3,"demo_00 -15,-10 deg",,0.14395958638893896,False,nan,False,nan,0.0,False,1.389945175614584,191.53759847986603,11.465053190834821,155.20786793062248,2.688513649026476,-0.75,nan,2.1768251131820215,0.07245156496022,14.0,94.0,230.89156226937945,7333.542319321717,93.68386437876337,nan,2088.0191460141905,4372712.200172798,0.0,nan
pd,10.0,1.0,replay,3,"demo_00 -15,-10 deg",demo_00,0.037660115490489074,True,7.3,False,0.00634476759524953,2.000000000000001,True,0.005934010027459218,0.2182463907657035,0.013063787468858433,0.7000264620362185,0.30923078571714807,-0.75,0.009999999999999787,0.02062413104279113,0.07245156496022,8.0,94.0,0.5810157914697508,1500.0000000008326,5.059904292545951,7.3,650.5434432771193,4164.280964508427,0.0,nan
pd,10.0,1.0,esn,4,"demo_00 -15,-7.5 deg",,0.10885513021107207,False,nan,False,nan,0.0,False,1.3899451752269256,191.62689620460165,12.499394677983226,155.25447927483796,2.692752816195061,-0.75,nan,2.1545612914734042,0.07245156496022,14.0,94.0,230.8605463702634,5874.549056635737,93.80899972970359,nan,2080.9592390785165,4357549.313526127,0.0,nan
pd,10.0,1.0,replay,4,"demo_00 -15,-7.5 deg",demo_00,0.03621136678839838,True,7.3,False,0.00634476759524953,2.000000000000001,True,0.005934010027459218,0.19962856109787241,0.013021325417158617,0.6399206845133083,0.2803024061034371,-0.75,0.009999999999999787,0.020406722196116073,0.07245156496022,14.0,94.0,0.5279737013644018,1500.0000000008326,4.804527573961039,7.3,650.5434432771193,4136.367241895047,0.0,nan
pd,10.0,1.0,esn,5,"demo_00 -15,-5 deg",,0.07524016819986401,False,nan,False,nan,0.0,False,1.3899451744695466,191.61878607349118,13.45191039903733,155.2647758660501,2.6927376396929663,-0.75,nan,2.1387089138444,0.07245156496022,13.0,94.0,230.62568419259622,4445.453091832521,94.6582373171539,nan,2101.2237849946205,4333762.714702432,0.0,nan
pd,10.0,1.0,replay,5,"demo_00 -15,-5 deg",demo_00,0.03491775036227644,True,7.3,False,0.00634476759524953,2.000000000000001,True,0.005934010027459218,0.1822310633146568,0.012792878954414721,0.5890162937155811,0.25390581182980465,-0.75,0.009999999999999787,0.020356660259259945,0.07245156496022,17.0,94.0,0.4817730377533064,1500.0000000008326,4.579695149980599,7.3,650.5434432771193,4113.8073161975,0.0,nan
pd,10.0,1.0,esn,6,"demo_00 -15,-2.5 deg",,0.04550416573532497,False,nan,False,nan,0.0,False,1.3899451823093985,190.23432500466006,14.05146732426287,154.76267214187578,2.6774106306123593,-0.75,nan,1.7803883719160385,0.07245156496022,12.0,94.0,231.3844885440244,4385.336731372188,93.17969019633603,nan,2057.6395867448455,4326731.926691176,0.0,nan
pd,10.0,1.0,replay,6,"demo_00 -15,-2.5 deg",demo_00,0.033788253313668366,True,7.3,False,0.00634476759524953,2.000000000000001,True,0.005934010027459218,0.16667635771653455,0.012311381734729853,0.5501422967767462,0.2309690209948578,-0.75,0.009999999999999787,0.02048045054260073,0.07245156496022,22.0,94.0,0.44485520475808155,1500.0000000008326,4.390115988563226,7.3,650.5434432771193,4096.523945721746,0.0,nan
pd,10.0,1.0,esn,7,"demo_00 -15,+0 deg",,0.03152539660406185,False,nan,False,nan,0.0,False,1.3899451640342757,191.53926488553537,14.43109000519452,155.4657236958973,2.686783851355708,-0.75,nan,1.2699222001466577,0.07245156496022,8.0,94.0,230.41682698829945,4332.795467524723,90.8757427967681,nan,2063.569360006346,4054038.241474201,0.0,nan
pd,10.0,1.0,replay,7,"demo_00 -15,+0 deg",demo_00,0.03283377792764501,True,7.3,False,0.00634476759524953,2.000000000000001,True,0.005934010027459218,0.15364188432736411,0.011575798114401747,0.5261880694030614,0.21266450422608676,-0.75,0.009999999999999787,0.02077993668992077,0.07245156496022,23.0,94.0,0.419924016213829,1500.0000000008326,4.240807102890063,7.3,650.5434432771193,4084.454236011357,0.0,nan
pd,10.0,1.0,esn,8,"demo_00 -15,+2.5 deg",,0.048426572077905634,False,nan,False,nan,0.0,False,1.3899451757814847,185.12937212511724,13.740076766044693,152.91414270648906,2.67381851278822,-0.75,nan,1.4867534823213302,0.07245156496022,8.0,94.0,229.98628281047087,4351.875962505565,91.68482221930299,nan,2038.808108801978,4276607.838132888,0.0,nan
pd,10.0,1.0,replay,8,"demo_00 -15,+2.5 deg",demo_00,0.03206705219750066,True,7.3,False,0.00634476759524953,2.000000000000001,True,0.005934010027459218,0.1440968122180731,0.010694690090995183,0.5193736141853167,0.20030508531816468,-0.75,0.009999999999999787,0.021252235315395218,0.07245156496022,25.0,94.0,0.4093515594629427,1500.0000000008326,4.136712080052333,7.3,650.5434432771193,4077.550372118888,0.0,nan
pd,10.0,1.0,esn,9,"demo_00 -15,+5 deg",,0.07765320758608929,False,nan,False,nan,0.0,False,1.389945180167989,189.39361589180493,13.43013459080599,154.66888212455052,2.688248011237484,-0.75,nan,1.282091015476644,0.07245156496022,8.0,94.0,230.4641030947415,4362.97896818011,90.05546365117753,nan,2071.569984192039,4170236.059845091,0.0,nan
pd,10.0,1.0,replay,9,"demo_00 -15,+5 deg",demo_00,0.0315023566441388,True,7.3,False,0.00634476759524953,2.000000000000001,True,0.005934010027459218,0.13936517366382803,0.009882556129270505,0.5304411086917805,0.1950492555107683,-0.75,0.009999999999999787,0.021890232131965982,0.07245156496022,25.0,94.0,0.4143333569657992,1500.0000000008326,4.082174438623453,7.3,650.5434432771193,4075.7804380819875,0.0,nan
pd,10.0,1.0,esn,10,"demo_00 -15,+7.5 deg",,0.10925106882706882,False,nan,False,nan,0.0,False,1.3899451773416551,186.00958023620063,12.328524745597662,153.17981922087114,2.6874676924227106,-0.75,nan,1.581165163185273,0.07245156496022,12.0,94.0,229.50775428681987,5130.935330827241,92.01921228829852,nan,2225.2642248978173,4309942.239085951,0.0,nan
pd,10.0,1.0,replay,10,"demo_00 -15,+7.5 deg",demo_00,0.031155033916653987,True,7.3,False,0.00634476759524953,2.000000000000001,True,0.005934010027459218,0.14006801267104552,0.009283564631933946,0.5583413383306551,0.19746717535840178,-0.75,0.009999999999999787,0.022683494548803616,0.07245156496022,24.0,94.0,0.4343494117460637,1500.0000000008326,4.080359227787156,7.3,650.5434432771193,4079.129283337953,0.0,nan
pd,10.0,1.0,esn,11,"demo_00 -15,+10 deg",,0.1411372109150741,False,nan,False,nan,0.0,False,1.3899451905706348,189.19225917250816,11.537196272649275,154.26317005201034,2.6886714429793805,-0.75,nan,1.44294735151997,0.07245156496022,9.0,94.0,230.54502687214966,6612.377019642172,90.5851872157557,nan,2867.7590097347534,4298092.626990525,0.0,nan
pd,10.0,1.0,replay,11,"demo_00 -15,+10 deg",demo_00,0.031040781005638663,True,7.3,False,0.00634476759524953,2.000000000000001,True,0.005934010027459218,0.1490605263850113,0.009089909687267953,0.6006864415113204,0.2064470296201555,-0.75,0.009999999999999787,0.02361937513581225,0.07245156496022,22.0,94.0,0.46741633288932805,1500.0000000008326,4.132782327567832,7.3,650.5434432771193,4087.5993786828953,0.0,nan
pd,10.0,1.0,esn,12,"demo_00 -15,+12.5 deg",,0.17261084188593287,False,nan,False,nan,0.0,False,1.3899451702354988,184.68457595798878,10.281232916228243,152.4625893523441,2.6892760402803875,-0.75,nan,1.4351660432169107,0.07245156496022,11.0,94.0,227.81149738768318,8118.3519196763755,90.70063313373686,nan,3520.8937410391686,4301006.951072175,0.0,nan
pd,10.0,1.0,replay,12,"demo_00 -15,+12.5 deg",demo_00,0.03117477392570512,True,7.3,False,0.00634476759524953,2.000000000000001,True,0.005934010027459218,0.16354818095514795,0.009104587823337316,0.6545823373116778,0.2219717034376806,-0.75,0.009999999999999787,0.024684089102649277,0.07245156496022,17.0,94.0,0.5108920560620588,1500.0000000008326,4.239107376394159,7.3,650.5434432771193,4101.2115836619705,0.0,nan
pd,10.0,1.0,esn,13,"demo_00 -15,+15 deg",,0.20325068196480803,False,nan,False,nan,0.0,False,1.3899451772192277,190.55408283703468,9.66211241841137,155.03715632780262,2.674288135670901,-0.75,nan,1.337334325760616,0.07245156496022,8.0,94.0,230.66238940714882,9648.52356544211,93.3054973914866,nan,4184.522495199771,4332378.148384462,0.0,nan
pd,10.0,1.0,replay,13,"demo_00 -15,+15 deg",demo_00,0.03157072859349921,True,7.3,False,0.00634476759524953,2.000000000000001,True,0.005934010027459218,0.1814396602471414,0.009199962385300972,0.7172937136060759,0.24276286358367036,-0.75,0.009999999999999787,0.02586361914540536,0.07245156496022,14.0,94.0,0.5622070404819572,1500.0000000008397,4.397280254601108,7.3,650.5434432771193,4120.005723149908,0.0,nan
pd,10.0,1.0,esn,14,"demo_00 -12.5,-15 deg",,0.21565537097437407,False,nan,False,nan,0.0,False,1.3899451790940676,190.7225412945934,10.32211948524735,154.8423226638215,2.681614768811426,-0.75,nan,2.115550824987396,0.07245156496022,13.0,94.0,230.86950983852216,9927.494641595778,91.79381983339287,nan,3169.3479624734423,4452961.23909358,0.0,nan
pd,10.0,1.0,replay,14,"demo_00 -12.5,-15 deg",demo_00,0.03674716598115881,True,7.3,False,0.00634476759524953,2.000000000000001,True,0.005934010027459218,0.2362791398546798,0.012787694086375995,0.7501577101763174,0.3356215935405571,-0.75,0.009999999999999787,0.02064342998804174,0.07245156496022,4.0,94.0,0.6200931912229986,1500.0000000008336,5.097626241164919,7.3,542.1195360642662,2998.1590154852174,0.0,nan
pd,10.0,1.0,esn,15,"demo_00 -12.5,-12.5 deg",,0.17885853977239724,False,nan,False,nan,0.0,False,1.3899451773678748,191.4137343070588,11.576535059549528,155.1498615952525,2.692857115798174,-0.75,nan,2.191267745845807,0.07245156496022,12.0,94.0,231.24552374981312,8515.54493879662,93.68375386172504,nan,2609.4560672118855,4433611.652332377,0.0,nan
pd,10.0,1.0,replay,15,"demo_00 -12.5,-12.5 deg",demo_00,0.034699754575039196,True,7.3,False,0.00634476759524953,2.000000000000001,True,0.005934010027459218,0.21608318220981834,0.013068521669496225,0.6770511260535275,0.30297080863872006,-0.75,0.009999999999999787,0.019946093269427163,0.07245156496022,9.0,94.0,0.5590587243287584,1250.0000000006978,4.757440415597465,7.3,542.1195360642662,2961.800446247414,0.0,nan
pd,10.0,1.0,esn,16,"demo_00 -12.5,-10 deg",,0.1426916819007811,False,nan,False,nan,0.0,False,1.3899451755933572,191.54814090975296,12.976674658681803,155.2124606719143,2.6856758937315313,-0.75,nan,2.1702971399737714,0.07245156496022,13.0,94.0,231.11231869579782,7081.908298947991,94.6812974817006,nan,2102.830810291981,4388412.012325609,0.0,nan
pd,10.0,1.0,replay,16,"demo_00 -12.5,-10 deg",demo_00,0.032820958467112915,True,7.3,False,0.00634476759524953,2.000000000000001,True,0.005934010027459218,0.19665102453044414,0.013322376059135615,0.6085633838724979,0.27148084410034806,-0.75,0.009999999999999787,0.019398331729962585,0.07245156496022,15.0,94.0,0.5011964612867559,1250.0000000006946,4.441579791416456,7.3,542.1195360642662,2930.9956583468684,0.0,nan
pd,10.0,1.0,esn,17,"demo_00 -12.5,-7.5 deg",,0.10728576465506567,False,nan,False,nan,0.0,False,1.3899451743020703,191.53285151242062,14.484595026189346,155.21883378176946,2.6978508183908687,-0.75,nan,2.1433135431063133,0.07245156496022,14.0,94.0,230.81597687257027,5626.8623481636905,94.82823712288778,nan,2084.0618426179367,4360413.944716326,0.0,nan
pd,10.0,1.0,replay,17,"demo_00 -12.5,-7.5 deg",demo_00,0.031126929977050487,True,7.3,False,0.00634476759524953,2.000000000000001,True,0.005934010027459218,0.17845277425457223,0.01349541943309838,0.5467896725191971,0.24174355944885553,-0.75,0.009999999999999787,0.01901915460116545,0.07245156496022,21.0,94.0,0.4481353943874927,1250.0000000006946,4.155179587386503,7.3,542.1195360642662,2905.6523276269845,0.0,nan
pd,10.0,1.0,esn,18,"demo_00 -12.5,-5 deg",,0.07309104320971344,False,nan,False,nan,0.0,False,1.3899451735913617,191.04670722086826,15.987055492500597,155.03274692848711,2.693953325445134,-0.75,nan,1.9992368268291068,0.07245156496022,13.0,94.0,230.57892280277136,4403.629191863223,93.46977757429116,nan,2069.166341576748,4352416.427539764,0.0,nan
pd,10.0,1.0,replay,18,"demo_00 -12.5,-5 deg",demo_00,0.02963759170358664,True,7.3,False,0.00634476759524953,2.000000000000001,True,0.005934010027459218,0.16174319910613338,0.013534896974983706,0.4945859151218853,0.21456032007806838,-0.75,0.009999999999999787,0.01882465316308327,0.07245156496022,24.0,94.0,0.40215619558007704,1250.0000000006946,3.904540118463808,7.3,542.1195360642662,2885.690463154731,0.0,nan
pd,10.0,1.0,esn,19,"demo_00 -12.5,-2.5 deg",,0.04207456383355649,False,nan,False,nan,0.0,False,1.389945177569039,189.47136718684504,17.071535931223575,154.43111288412686,2.673922564702895,-0.75,nan,1.6469600956873702,0.07245156496022,12.0,94.0,229.9971710355566,4352.483654066313,92.16857262494696,nan,2051.1267029187875,4249955.361149212,0.0,nan
pd,10.0,1.0,replay,19,"demo_00 -12.5,-2.5 deg",demo_00,0.028376461703485786,True,7.3,False,0.00634476759524953,2.000000000000001,True,0.005934010027459218,0.14691160093109637,0.013236863760715614,0.4555480676517906,0.19108638710331058,-0.75,0.009999999999999787,0.0188261600605422,0.07245156496022,29.0,94.0,0.3662704431692874,1250.0000000006946,3.697024161577561,7.3,542.1195360642662,2871.0427446947792,0.0,nan
pd,10.0,1.0,esn,20,"demo_00 -12.5,+0 deg",,0.02668327363327952,False,nan,False,nan,0.0,False,1.389945580649903,186.83767632572878,17.343224927626974,153.34609251278277,2.674823242586208,-0.75,nan,1.5828498870168461,0.07245156496022,9.0,94.0,221.57533767033357,4508.8832567779755,95.78745705777753,nan,2125.1333783587734,4004527.023173966,0.0,nan
pd,10.0,1.0,replay,20,"demo_00 -12.5,+0 deg",demo_00,0.027369868169404805,True,7.3,False,0.00634476759524953,2.000000000000001,True,0.005934010027459218,0.13504649976638577,0.012535704078517399,0.4334824914277789,0.1728921733077769,-0.75,0.009999999999999787,0.01902883402745898,0.07245156496022,34.0,94.0,0.3439231832517894,1250.0000000006946,3.540610684966594,7.3,542.1195360642662,2861.6549479742125,0.0,nan
pd,10.0,1.0,esn,21,"demo_00 -12.5,+2.5 deg",,0.045653173550875024,False,nan,False,nan,0.0,False,1.3899451748966147,184.62874640284912,16.754524996020553,152.7189083592718,2.6876394443229397,-0.75,nan,1.410317149320166,0.07245156496022,8.0,94.0,230.0511834688299,4363.519936916151,90.51792536897932,nan,2058.98427460523,4278100.859750395,0.0,nan
pd,10.0,1.0,replay,21,"demo_00 -12.5,+2.5 deg",demo_00,0.026645357532100733,True,7.3,False,0.00634476759524953,2.000000000000001,True,0.005934010027459218,0.12719256312449628,0.011542357404775236,0.43116208743943135,0.1618079900630355,-0.75,0.009999999999999787,0.019431089548479313,0.07245156496022,34.0,94.0,0.33799652256505075,1250.0000000006946,3.442986842180871,7.3,542.1195360642662,2857.4864387451994,0.0,nan
pd,10.0,1.0,esn,22,"demo_00 -12.5,+5 deg",,0.07612523054186593,False,nan,False,nan,0.0,False,1.3899451771939535,188.72511890610798,16.047772625861228,154.39801273624485,2.673250970511641,-0.75,nan,1.2359652524055431,0.07245156496022,7.0,94.0,226.5208696039776,4381.345108113598,92.6147273068136,nan,2078.874023167874,3914257.5854887804,0.0,nan
pd,10.0,1.0,replay,22,"demo_00 -12.5,+5 deg",demo_00,0.02622927094904508,True,7.3,False,0.00634476759524953,2.000000000000001,True,0.005934010027459218,0.12556045071443886,0.01067672165499299,0.4489717744578557,0.15934690292307319,-0.75,0.009999999999999787,0.02002504230704487,0.07245156496022,34.0,94.0,0.34941924963826604,1250.0000000006946,3.4102465705595986,7.3,542.1195360642662,2858.510706788205,0.0,nan
pd,10.0,1.0,esn,23,"demo_00 -12.5,+7.5 deg",,0.10832646334988033,False,nan,False,nan,0.0,False,1.3899451707162949,186.27206112344098,14.41105608241064,153.2152699663811,2.6729869818778718,-0.75,nan,1.6537227382779038,0.07245156496022,12.0,94.0,228.34445934035162,5041.625126366536,93.24540113825772,nan,2186.530779611406,4278228.365795838,0.0,nan
pd,10.0,1.0,replay,23,"demo_00 -12.5,+7.5 deg",demo_00,0.02614379084449534,True,7.3,False,0.00634476759524953,2.000000000000001,True,0.005934010027459218,0.13320529562216543,0.010305512131596547,0.48470251761825917,0.16543087619438082,-0.75,0.009999999999999787,0.020797801558483743,0.07245156496022,32.0,94.0,0.37662122392990155,1250.0000000006946,3.4455808948700137,7.3,542.1195360642662,2864.7158988532005,0.0,nan
pd,10.0,1.0,esn,24,"demo_00 -12.5,+10 deg",,0.14058173060887347,False,nan,False,nan,0.0,False,1.3899452203003617,188.7709552129537,13.078174013905844,153.96656091198264,2.691500049202084,-0.75,nan,1.4616801731653866,0.07245156496022,10.0,94.0,222.0372917868036,6529.80013822765,93.87301157642993,nan,2831.9457772211126,3977840.7289683744,0.0,nan
pd,10.0,1.0,replay,24,"demo_00 -12.5,+10 deg",demo_00,0.026404129746966147,True,7.3,False,0.00634476759524953,2.000000000000001,True,0.005934010027459218,0.1448536339116443,0.010035553555927014,0.5347176088196381,0.17906640822999653,-0.75,0.009999999999999787,0.021733200685026464,0.07245156496022,28.0,94.0,0.4164552655216062,1250.0000000006946,3.548549178094816,7.3,542.1195360642662,2876.1052948877573,0.0,nan
pd,10.0,1.0,esn,25,"demo_00 -12.5,+12.5 deg",,0.17232759798094227,False,nan,False,nan,0.0,False,1.3899453271679327,188.56910666173133,11.64736540760933,153.8172742758232,2.6685460951400057,-0.75,nan,1.4605826957871815,0.07245156496022,11.0,94.0,219.70606679868686,8042.575012667161,96.90809426866727,nan,3488.02962770141,3936480.2364852177,0.0,nan
pd,10.0,1.0,replay,25,"demo_00 -12.5,+12.5 deg",demo_00,0.027016701224853636,True,7.3,False,0.00634476759524953,2.000000000000001,True,0.005934010027459218,0.15856826442481936,0.009794300617435683,0.5953239501577433,0.19918190854928877,-0.75,0.009999999999999787,0.02281352509276573,0.07245156496022,23.0,94.0,0.46556829579840775,1250.0000000007042,3.7153146600594074,7.3,542.1195360642662,2892.697654763037,0.0,nan
pd,10.0,1.0,esn,26,"demo_00 -12.5,+15 deg",,0.20319781897217606,False,nan,False,nan,0.0,False,1.389945188197138,188.57868270488171,10.406475702120925,154.11669403079995,2.6851629740787293,-0.75,nan,1.5967170987267671,0.07245156496022,10.0,94.0,230.44346352522498,9579.588557968593,94.15085850994187,nan,4154.625683783686,4437072.138361134,0.0,nan
pd,10.0,1.0,replay,26,"demo_00 -12.5,+15 deg",demo_00,0.027978866639125067,True,7.3,False,0.00634476759524953,2.000000000000001,True,0.005934010027459218,0.17558750173660864,0.009689573838405182,0.6634861474146093,0.22400636978371752,-0.75,0.009999999999999787,0.024020932061699633,0.07245156496022,20.0,94.0,0.5211808518254225,1500.0000000008397,3.9396915301143363,7.3,542.1195360642662,2914.5273434903997,0.0,nan
pd,10.0,1.0,esn,27,"demo_00 -10,-15 deg",,0.21501697555478913,False,nan,False,nan,0.0,False,1.389945177003984,190.47801089635126,11.19118963680908,154.72769998760268,2.680126544039839,-0.75,nan,2.0934716906568105,0.07245156496022,13.0,94.0,230.56173346406223,9671.544616068733,93.49608934157713,nan,3236.9237781209704,4438498.5008269735,0.0,nan
pd,10.0,1.0,replay,27,"demo_00 -10,-15 deg",demo_00,0.03283827122511151,True,7.3,False,0.00634476759524953,2.000000000000001,True,0.005934010027459218,0.21672010982312678,0.012732996505620068,0.673334598034331,0.3004808259872032,-0.75,0.009999999999999787,0.02003999147844529,0.07245156496022,8.0,94.0,0.5507860542711133,1500.0000000008336,4.588672531127759,7.3,433.69562885141283,1983.392993551118,0.0,nan
pd,10.0,1.0,esn,28,"demo_00 -10,-12.5 deg",,0.1781349077723378,False,nan,False,nan,0.0,False,1.3899451772223064,191.26699957392495,12.767806700723781,155.09291783040345,2.6907082156014863,-0.75,nan,2.1821590499557324,0.07245156496022,13.0,94.0,231.21496529321277,8263.38041006807,91.96331875101707,nan,2674.801823163034,4438213.243617062,0.0,nan
pd,10.0,1.0,replay,28,"demo_00 -10,-12.5 deg",demo_00,0.030424088982693834,True,7.3,False,0.00634476759524953,2.000000000000001,True,0.005934010027459218,0.1969251518806447,0.013145510094912962,0.5984712509314094,0.26723736072823623,-0.75,0.009999999999999787,0.019168283038275658,0.07245156496022,15.0,94.0,0.48969097008360457,1250.0000000006978,4.207100781098532,7.3,433.69562885141283,1949.4522362166792,0.0,nan
pd,10.0,1.0,esn,29,"demo_00 -10,-10 deg",,0.14181935782264204,False,nan,False,nan,0.0,False,1.38994517390337,191.26740165568745,14.70529862257085,155.09270651754443,2.6983679775042226,-0.75,nan,2.106195971152032,0.07245156496022,14.0,94.0,230.6900213316163,6833.573480011536,94.05011038925626,nan,2105.170997016978,4389331.9767867485,0.0,nan
pd,10.0,1.0,replay,29,"demo_00 -10,-10 deg",demo_00,0.028195165891480464,True,7.3,False,0.00634476759524953,2.000000000000001,True,0.005934010027459218,0.17719674513489225,0.013623497938487765,0.5276553454982519,0.2350726643280525,-0.75,0.009999999999999787,0.018449495819012854,0.07245156496022,22.0,94.0,0.43138295560928497,1000.0000000005556,3.8498489633963238,7.3,433.69562885141283,1921.0182089924067,0.0,nan
pd,10.0,1.0,esn,30,"demo_00 -10,-7.5 deg",,0.10614634637717271,False,nan,False,nan,0.0,False,1.3899451738234445,191.4067502351988,17.040641921910144,155.16582803004266,2.6812851938757962,-0.75,nan,2.1350404626810002,0.07245156496022,14.0,94.0,230.57844829245326,5382.369264885861,93.97151261731946,nan,2083.2275925508116,4352874.591220694,0.0,nan
pd,10.0,1.0,replay,30,"demo_00 -10,-7.5 deg",demo_00,0.026183142304285575,True,7.3,False,0.00634476759524953,2.000000000000001,True,0.005934010027459218,0.15852113158950798,0.014112887017586735,0.46313052802283233,0.2043427755537115,-0.75,0.009999999999999787,0.017908361049874588,0.07245156496022,28.0,94.0,0.37758512755522894,1000.0000000005548,3.523917575385271,7.3,433.69562885141283,1898.0096013670368,0.0,nan
pd,10.0,1.0,esn,31,"demo_00 -10,-5 deg",,0.07141801708799837,False,nan,False,nan,0.0,False,1.3899451810227532,190.99831096887948,19.575733809038674,155.044662438733,2.68501704137026,-0.75,nan,2.0348050579339674,0.07245156496022,11.0,94.0,231.4669963028073,4344.358305915959,91.55435377427064,nan,2065.5392351259225,4376796.687571939,0.0,nan
pd,10.0,1.0,replay,31,"demo_00 -10,-5 deg",demo_00,0.024429080964611705,True,7.3,False,0.00634476759524953,2.000000000000001,True,0.005934010027459218,0.14189710665463856,0.014543269906698644,0.4082568340847652,0.17593038777828454,-0.75,0.009999999999999787,0.017567413487115675,0.07245156496022,34.0,94.0,0.33091745820867385,1000.0000000005548,3.2386283198429724,7.3,433.69562885141283,1880.356510484654,0.0,nan
pd,10.0,1.0,esn,32,"demo_00 -10,-2.5 deg",,0.03909191886890859,False,nan,False,nan,0.0,False,1.3899451753154215,188.81508356659464,21.719697533333832,154.1571286817509,2.6714857466576176,-0.75,nan,1.5745571039248418,0.07245156496022,12.0,94.0,228.57552298643105,4354.141165654209,92.2718369935735,nan,2060.3882333864776,4169694.4133331506,0.0,nan
pd,10.0,1.0,replay,32,"demo_00 -10,-2.5 deg",demo_00,0.022983339986852105,True,7.3,False,0.00634476759524953,2.000000000000001,True,0.005934010027459218,0.12798942341605185,0.014722825695659955,0.36770856632842097,0.151418530188668,-0.75,0.009999999999999787,0.017444164504389195,0.07245156496022,38.0,94.0,0.29515511430259156,1000.0000000005548,3.005740881727633,7.3,433.69562885141283,1868.0006730597372,0.0,nan
pd,10.0,1.0,esn,33,"demo_00 -10,+0 deg",,0.021677924313117432,False,nan,False,nan,0.0,False,1.3899451880387814,188.20672063688477,22.748474752880924,153.9547582510516,2.6852664760823717,-0.75,nan,1.7192514783791333,0.07245156496022,11.0,94.0,231.1611283950559,4415.9843022104615,93.91015393111776,nan,2080.630265497864,4306553.927672058,0.0,nan
pd,10.0,1.0,replay,33,"demo_00 -10,+0 deg",demo_00,0.021902780881721463,True,7.3,False,0.00634476759524953,2.000000000000001,True,0.005934010027459218,0.11785493355249395,0.014245081001086957,0.34680858231935585,0.13303929400725847,-0.75,0.009999999999999787,0.017548494737153128,0.07245156496022,40.0,94.0,0.2748894168973656,1000.0000000005548,2.838706740161556,7.3,433.69562885141283,1860.8957551337505,0.0,nan
pd,10.0,1.0,esn,34,"demo_00 -10,+2.5 deg",,0.042952088916574975,False,nan,False,nan,0.0,False,1.3899451742883662,183.6034768954438,21.368796347937764,152.31592462212842,2.671739369531759,-0.75,nan,1.3151018742619578,0.07245156496022,7.0,94.0,230.1858607823707,4327.130648168271,91.2595446918782,nan,2027.1188244502055,4257544.1355904555,0.0,nan
pd,10.0,1.0,replay,34,"demo_00 -10,+2.5 deg",demo_00,0.021244007416834843,True,7.3,False,0.00634476759524953,2.000000000000001,True,0.005934010027459218,0.11354003406763467,0.013214422223119722,0.34927287782318145,0.12360056941232514,-0.75,0.009999999999999787,0.01788112536566989,0.07245156496022,42.0,94.0,0.2737830449803431,1000.0000000005548,2.7504546512101062,7.3,433.69562885141283,1859.007679051596,0.0,nan
pd,10.0,1.0,esn,35,"demo_00 -10,+5 deg",,0.07459080892296352,False,nan,False,nan,0.0,False,1.3899451724681544,183.97078792750327,19.366997984450794,152.36619742036834,2.6876826866033485,-0.75,nan,1.3925537784529436,0.07245156496022,9.0,94.0,230.081513269947,4302.096430897576,89.9574944030169,nan,2049.731151516059,4278155.98037419,0.0,nan
pd,10.0,1.0,replay,35,"demo_00 -10,+5 deg",demo_00,0.02105286399848442,True,7.3,False,0.00634476759524953,2.000000000000001,True,0.005934010027459218,0.11861905495949929,0.012487281400476296,0.37471757446883436,0.1251603906928864,-0.75,0.009999999999999787,0.018433739165329706,0.07245156496022,41.0,94.0,0.29214361628960706,1000.0000000005548,2.7498420221029956,7.3,433.69562885141283,1862.3149581202695,0.0,nan
pd,10.0,1.0,esn,36,"demo_00 -10,+7.5 deg",,0.10732965136454213,False,nan,False,nan,0.0,False,1.389945189878493,189.80440216538807,17.399033379049026,154.4899326820453,2.688996240934292,-0.75,nan,1.7179631815073246,0.07245156496022,9.0,94.0,230.8031276173871,4939.888482096755,91.39611950644166,nan,2142.4080416976153,4305952.254824138,0.0,nan
pd,10.0,1.0,replay,36,"demo_00 -10,+7.5 deg",demo_00,0.02135348159429239,True,7.3,False,0.00634476759524953,2.000000000000001,True,0.005934010027459218,0.1281985275936628,0.011751731968805867,0.4189737989850907,0.13616942954168235,-0.75,0.009999999999999787,0.019190673864789013,0.07245156496022,39.0,94.0,0.3267016829966968,1000.0000000005548,2.8384803290199305,7.3,433.69562885141283,1870.8089987130752,0.0,nan
pd,10.0,1.0,esn,37,"demo_00 -10,+10 deg",,0.13991397235897454,False,nan,False,nan,0.0,False,1.3899451756607122,190.9323381191999,15.081627450143753,155.01686305157543,2.6860214801659965,-0.75,nan,1.7608465908479953,0.07245156496022,13.0,94.0,228.58659797095646,6434.821441282458,93.2581803223112,nan,2790.7539315220033,4159237.4253510097,0.0,nan
pd,10.0,1.0,replay,37,"demo_00 -10,+10 deg",demo_00,0.022142344747025755,True,7.3,False,0.00634476759524953,2.000000000000001,True,0.005934010027459218,0.14092992338261429,0.011131967596327041,0.4767682313174642,0.15555420389228825,-0.75,0.009999999999999787,0.020131522197550253,0.07245156496022,35.0,94.0,0.3729066212320687,1000.0000000005556,3.010257544305934,7.3,433.69562885141283,1884.494317025411,0.0,nan
pd,10.0,1.0,esn,38,"demo_00 -10,+12.5 deg",,0.17190670312523007,False,nan,False,nan,0.0,False,1.3899451607155013,191.83041654162406,13.111927362759912,155.34282879025824,2.626053596887104,-0.75,nan,1.5810655673372525,0.07245156496022,12.0,94.0,207.1263035823991,7954.408007436358,56.02729501494491,nan,3449.791982923913,2847558.8742264286,0.0,nan
pd,10.0,1.0,replay,38,"demo_00 -10,+12.5 deg",demo_00,0.023390854566774134,True,7.3,False,0.00634476759524953,2.000000000000001,True,0.005934010027459218,0.15455367908608075,0.010564000487296447,0.5436933384992328,0.1806898300611667,-0.75,0.009999999999999787,0.021233804296011863,0.07245156496022,28.0,94.0,0.42686778829630895,1250.0000000007042,3.2539164216886913,7.3,433.69562885141283,1903.3886034375616,0.0,nan
pd,10.0,1.0,esn,39,"demo_00 -10,+15 deg",,0.20299064239230263,False,nan,False,nan,0.0,False,1.3899451868785169,193.21529297724967,11.540373491406354,155.95817093975487,2.680980063502967,-0.75,nan,1.277792078364109,0.07245156496022,6.0,94.0,226.44045819535032,9498.260975311834,96.90942352601739,nan,4119.354266680416,4109279.73132597,0.0,nan
pd,10.0,1.0,replay,39,"demo_00 -10,+15 deg",demo_00,0.025054554892699882,True,7.3,False,0.00634476759524953,2.000000000000001,True,0.005934010027459218,0.17097455080180138,0.010211977237280817,0.6166452822835339,0.20947825247276505,-0.75,0.009999999999999787,0.02247511723835351,0.07245156496022,23.0,94.0,0.4858470871231059,1500.0000000008397,3.5566453680419454,7.3,433.69562885141283,1927.522552034187,0.0,nan
pd,10.0,1.0,esn,40,"demo_00 -7.5,-15 deg",,0.2147443199955663,False,nan,False,nan,0.0,False,1.3899451720371652,189.62200950191334,12.247128524195604,154.32959779363745,2.676252014399196,-0.75,nan,1.9427289829687453,0.07245156496022,15.0,94.0,229.00340040239936,9419.12040399049,92.16610349759571,nan,3309.965804439292,4364744.525584918,0.0,nan
pd,10.0,1.0,replay,40,"demo_00 -7.5,-15 deg",demo_00,0.02940503662849191,True,7.3,False,0.00634476759524953,2.000000000000001,True,0.005934010027459218,0.19998870959363238,0.012916683227937906,0.610015533683609,0.2677925536634062,-0.75,0.009999999999999787,0.01968244375356203,0.07245156496022,15.0,94.0,0.49376134412584183,1500.0000000008336,4.133349358226678,7.3,325.27172163855965,1192.5057292684014,0.0,nan
pd,10.0,1.0,esn,41,"demo_00 -7.5,-12.5 deg",,0.17779803108704284,False,nan,False,nan,0.0,False,1.3899451824681153,191.2106161564195,14.098212389148378,155.08353302564043,2.6885272131869953,-0.75,nan,2.237680641143557,0.07245156496022,11.0,94.0,231.49692775884853,8014.638822475455,90.29888525394517,nan,2745.606174531114,4466542.149616431,0.0,nan
pd,10.0,1.0,replay,41,"demo_00 -7.5,-12.5 deg",demo_00,0.026565710892945904,True,7.3,False,0.00634476759524953,2.000000000000001,True,0.005934010027459218,0.1800092274982629,0.013272319143624273,0.5330861593464767,0.23376359107393288,-0.75,0.009999999999999787,0.01864946718536907,0.07245156496022,22.0,94.0,0.4323402740063987,1250.0000000006978,3.705162952398593,7.3,325.27172163855965,1160.8372254562416,0.0,nan
pd,10.0,1.0,esn,42,"demo_00 -7.5,-10 deg",,0.14136406237479485,False,nan,False,nan,0.0,False,1.3899451746940052,191.33162514142563,16.663892741071347,155.122452984873,2.689969717126562,-0.75,nan,2.149422422727716,0.07245156496022,14.0,94.0,230.80419700026633,6588.55651902379,91.64007502983387,nan,2173.6211843528577,4383387.709089744,0.0,nan
pd,10.0,1.0,replay,42,"demo_00 -7.5,-10 deg",demo_00,0.02390674146510098,True,7.3,False,0.00634476759524953,2.000000000000001,True,0.005934010027459218,0.15984053055744443,0.013921198102594784,0.4593316167464048,0.20049713615976816,-0.75,0.009999999999999787,0.01777046157692287,0.07245156496022,28.0,94.0,0.3731443471890317,1000.0000000005556,3.298559366419585,7.3,325.27172163855965,1134.5760022912295,0.0,nan
pd,10.0,1.0,esn,43,"demo_00 -7.5,-7.5 deg",,0.10547098859656764,False,nan,False,nan,0.0,False,1.3899451732755463,191.33202724960879,20.17327214414422,155.1376090442858,2.6978924239640434,-0.75,nan,2.1297286211367004,0.07245156496022,14.0,94.0,230.59306488896814,5141.0895866228,94.40336390965928,nan,2098.929722644791,4355983.117732549,0.0,nan
pd,10.0,1.0,replay,43,"demo_00 -7.5,-7.5 deg",demo_00,0.021477596256543732,True,7.3,False,0.00634476759524953,2.000000000000001,True,0.005934010027459218,0.1406612949963407,0.014830755858803741,0.39096065987691764,0.16852716833948475,-0.75,0.009999999999999787,0.01707553691044561,0.07245156496022,35.0,94.0,0.31787692683971364,750.0000000004198,2.922159277105573,7.3,325.27172163855965,1113.6509208303953,0.0,nan
pd,10.0,1.0,esn,44,"demo_00 -7.5,-5 deg",,0.07028695209143135,False,nan,False,nan,0.0,False,1.3899451846763566,190.7480251113373,24.739884331438585,154.96469147067563,2.673279796310569,-0.75,nan,1.947294687547025,0.07245156496022,11.0,94.0,231.91871166516466,4379.8406952230935,92.90631762760341,nan,2053.500600686387,4386635.981199489,0.0,nan
pd,10.0,1.0,replay,44,"demo_00 -7.5,-5 deg",demo_00,0.019351052912605356,True,7.3,False,0.00634476759524953,2.000000000000001,True,0.005934010027459218,0.12309539450977476,0.015965385854595792,0.3317223617053612,0.1387110089288843,-0.75,0.009999999999999787,0.016593938989120045,0.07245156496022,40.0,94.0,0.26941979406783434,750.0000000004168,2.589061822133576,7.3,325.27172163855965,1098.0013117131718,0.0,nan
pd,10.0,1.0,esn,45,"demo_00 -7.5,-2.5 deg",,0.036728745046749986,False,nan,False,nan,0.0,False,1.389945161907901,192.1551435018744,30.20724778701213,155.7305297225488,2.683089822396545,-0.75,nan,1.356328861476643,0.07245156496022,7.0,94.0,231.17934306504856,4393.499261305485,93.14910161694266,nan,2066.1903347245852,4097767.875556617,0.0,nan
pd,10.0,1.0,replay,45,"demo_00 -7.5,-2.5 deg",demo_00,0.017627852539994,True,7.3,False,0.00634476759524953,2.000000000000001,True,0.005934010027459218,0.10925819833482199,0.01717564989266233,0.28768885076199163,0.11230869537774442,-0.75,0.009999999999999787,0.016350248605293712,0.07245156496022,47.0,94.0,0.23249331760888414,750.0000000004168,2.318285245709775,7.3,325.27172163855965,1087.5771474265975,0.0,nan
pd,10.0,1.0,esn,46,"demo_00 -7.5,+0 deg",,0.01650488745838805,False,nan,False,nan,0.0,False,1.389945188898634,187.72288281547327,32.51075803817312,153.88009969296206,2.680190665519681,-0.75,nan,1.567595156495454,0.07245156496022,9.0,94.0,230.9663012486438,4362.847324828848,91.95409530011285,nan,2043.8832862724298,4282245.048274901,0.0,nan
pd,10.0,1.0,replay,46,"demo_00 -7.5,+0 deg",demo_00,0.016432383707529766,True,7.3,False,0.00634476759524953,2.000000000000001,True,0.005934010027459218,0.10151424068368887,0.01758072786225211,0.26679919330686963,0.0931270662850087,-0.75,0.009999999999999787,0.016360273497270872,0.07245156496022,49.0,94.0,0.2135102748828401,750.0000000004168,2.1344185265912436,7.3,325.27172163855965,1082.3392538336805,0.0,nan
pd,10.0,1.0,esn,47,"demo_00 -7.5,+2.5 deg",,0.040397299358609286,False,nan,False,nan,0.0,False,1.3899451894907493,181.91591331979527,29.3576430944933,151.7258593837115,2.6781376010228266,-0.75,nan,1.1783217680386588,0.07245156496022,6.0,94.0,218.7954596488063,4224.068738970478,90.4377019710214,nan,2043.4937193423043,3598196.331081266,0.0,nan
pd,10.0,1.0,replay,47,"demo_00 -7.5,+2.5 deg",demo_00,0.015888249602503447,True,7.3,False,0.00634476759524953,2.000000000000001,True,0.005934010027459218,0.10313586220005877,0.01664409549146734,0.27457531844488153,0.08618996635550279,-0.75,0.009999999999999787,0.01662805022802822,0.07245156496022,49.0,94.0,0.21743903477510906,750.0000000004168,2.0620520926559363,7.3,325.27172163855965,1082.2595403142438,0.0,nan
pd,10.0,1.0,esn,48,"demo_00 -7.5,+5 deg",,0.0730821935257434,False,nan,False,nan,0.0,False,1.3899451735545023,184.20103331927967,24.913251676840833,152.48744008228152,2.6820989758933127,-0.75,nan,1.3548592972316031,0.07245156496022,8.0,94.0,229.80759961235458,4322.772448883536,90.84189681457127,nan,2048.3560745609557,4265566.015223385,0.0,nan
pd,10.0,1.0,replay,48,"demo_00 -7.5,+5 deg",demo_00,0.016072824171682078,True,7.3,False,0.00634476759524953,2.000000000000001,True,0.005934010027459218,0.11116358161364139,0.015034911781625795,0.30893466966771116,0.09343009817187051,-0.75,0.009999999999999787,0.017145239580115886,0.07245156496022,48.0,94.0,0.24325838539240943,750.0000000004168,2.114259165969223,7.3,325.27172163855965,1087.3212198873296,0.0,nan
pd,10.0,1.0,esn,49,"demo_00 -7.5,+7.5 deg",,0.10628054912113723,False,nan,False,nan,0.0,False,1.3899451501113023,191.4018942713946,20.95407829599925,155.18521591776712,2.5370900069207063,-0.75,nan,1.306946379984007,0.07245156496022,13.0,94.0,202.17516997241924,4825.887647578536,46.406858044742535,nan,2092.9663780816786,2604229.362991971,0.0,nan
pd,10.0,1.0,replay,49,"demo_00 -7.5,+7.5 deg",demo_00,0.016979557966748878,True,7.3,False,0.00634476759524953,2.000000000000001,True,0.005934010027459218,0.12378899799615571,0.013552030746972614,0.36238318082649174,0.11195669234227547,-0.75,0.009999999999999787,0.01789316690006286,0.07245156496022,43.0,94.0,0.28506930131530095,750.0000000004198,2.2843415882333638,7.3,325.27172163855965,1097.5189812705378,0.0,nan
pd,10.0,1.0,esn,50,"demo_00 -7.5,+10 deg",,0.13914838613983535,False,nan,False,nan,0.0,False,1.389945179475081,191.18959967160635,17.12066608469118,155.13986986820743,2.690157460593077,-0.75,nan,1.7951009503725588,0.07245156496022,12.0,94.0,229.60167350379584,6327.59251669952,92.0360900927455,nan,2744.249215643971,4209429.180457919,0.0,nan
pd,10.0,1.0,replay,50,"demo_00 -7.5,+10 deg",demo_00,0.018524590107545598,True,7.3,False,0.00634476759524953,2.000000000000001,True,0.005934010027459218,0.13743623268806193,0.012307154007497366,0.4277560153833608,0.13795777603710319,-0.75,0.009999999999999787,0.018846543168192537,0.07245156496022,40.0,94.0,0.33689026570473357,1000.0000000005556,2.5507569650602666,7.3,325.27172163855965,1112.8590639928395,0.0,nan
pd,10.0,1.0,esn,51,"demo_00 -7.5,+12.5 deg",,0.17135935105266628,False,nan,False,nan,0.0,False,1.389945178754522,191.40049862116345,14.326947950236775,155.21316235877268,2.6810657711485337,-0.75,nan,1.834741865596853,0.07245156496022,13.0,94.0,229.24246168470404,7853.9914414763025,95.13777588117554,nan,3406.2417572027907,4225188.449706592,0.0,nan
pd,10.0,1.0,replay,51,"demo_00 -7.5,+12.5 deg",demo_00,0.020589896469201563,True,7.3,False,0.00634476759524953,2.000000000000001,True,0.005934010027459218,0.15085480690688133,0.01129197145340629,0.5002929369054193,0.16796117071883343,-0.75,0.009999999999999787,0.019977411966150053,0.07245156496022,34.0,94.0,0.39467325407823667,1250.0000000007042,2.8889169255375076,7.3,325.27172163855965,1133.3591756507524,0.0,nan
pd,10.0,1.0,esn,52,"demo_00 -7.5,+15 deg",,0.20263804643710898,False,nan,False,nan,0.0,False,1.3899451557542597,192.22877227916246,12.287437723247274,155.48543036887494,2.6110884567163426,-0.75,nan,1.5195798082539274,0.07245156496022,12.0,94.0,206.91419405272543,9404.670090482325,53.11149801503808,nan,4078.7643090295437,2871897.5746971928,0.0,nan
pd,10.0,1.0,replay,52,"demo_00 -7.5,+15 deg",demo_00,0.023063410362548397,True,7.3,False,0.00634476759524953,2.000000000000001,True,0.005934010027459218,0.16483253792927743,0.010536245539920872,0.5771660472943911,0.20013158086799554,-0.75,0.009999999999999787,0.021258252162350673,0.07245156496022,26.0,94.0,0.456003475100309,1500.0000000008397,3.278589837745151,7.3,325.27172163855965,1159.0481777630478,0.0,nan
pd,10.0,1.0,esn,53,"demo_00 -5,-15 deg",,0.21484676007077794,False,nan,False,nan,0.0,False,1.3899458393779212,185.5961163489782,13.176012241079736,152.31661258438348,2.6890183339727383,-0.75,nan,2.4680089079615506,0.07245156496022,17.0,94.0,221.87905145767863,9170.227680730286,93.50923389032785,nan,3388.36627572954,4194111.6806990677,0.0,nan
pd,10.0,1.0,replay,53,"demo_00 -5,-15 deg",demo_00,0.026631497483150985,True,7.3,False,0.00634476759524953,2.000000000000001,True,0.005934010027459218,0.18927738711179976,0.013437356441528752,0.5617605300906181,0.2386411308206876,-0.75,0.009999999999999787,0.01954309963994319,0.07245156496022,20.0,94.0,0.4502111690098576,1500.0000000008336,3.7507303656225615,7.3,216.84781442570647,625.7356236254362,0.0,nan
pd,10.0,1.0,esn,54,"demo_00 -5,-12.5 deg",,0.17786082295156977,False,nan,False,nan,0.0,False,1.3899451816684896,191.08587639311517,15.947106323392768,155.02718450543276,2.6864020466569922,-0.75,nan,2.250179217154745,0.07245156496022,12.0,94.0,231.4591130630598,7769.326173866059,93.61898824574436,nan,2821.7619582729903,4472063.285886816,0.0,nan
pd,10.0,1.0,replay,54,"demo_00 -5,-12.5 deg",demo_00,0.023332139474314166,True,7.3,False,0.00634476759524953,2.000000000000001,True,0.005934010027459218,0.16740523977509716,0.013970834517849908,0.48285534170520134,0.2039423658408937,-0.75,0.009999999999999787,0.018368926794456654,0.07245156496022,26.0,94.0,0.3884123357811473,1250.0000000006978,3.27355495710376,7.3,216.84781442570647,596.1776464266878,0.0,nan
pd,10.0,1.0,esn,55,"demo_00 -5,-10 deg",,0.1413445781904479,False,nan,False,nan,0.0,False,1.3899451721765772,190.83906853023728,19.010635369842362,154.90730873686593,2.6903045460793633,-0.75,nan,2.071691540813349,0.07245156496022,13.0,94.0,229.8235359685135,6346.864776631109,93.29303594867842,nan,2247.410407644463,4355732.4698105,0.0,nan
pd,10.0,1.0,replay,55,"demo_00 -5,-10 deg",demo_00,0.02017188795046877,True,7.3,False,0.00634476759524953,2.000000000000001,True,0.005934010027459218,0.14626810299818876,0.01457065156391987,0.4060482917518886,0.16958214096258542,-0.75,0.009999999999999787,0.017348959269294542,0.07245156496022,34.0,94.0,0.328173947651304,1000.0000000005556,2.811378800524365,7.3,216.84781442570647,571.8746139537717,0.0,nan
pd,10.0,1.0,esn,56,"demo_00 -5,-7.5 deg",,0.10528994141965936,False,nan,False,nan,0.0,False,1.3899451718674292,191.04114986906689,23.860640139648606,155.01176978428728,2.695290415739725,-0.75,nan,2.061194920382496,0.07245156496022,14.0,94.0,229.89885037752083,4903.033135720652,93.16926757474651,nan,2083.334836601911,4333589.610401405,0.0,nan
pd,10.0,1.0,replay,56,"demo_00 -5,-7.5 deg",demo_00,0.017207290317351645,True,7.3,False,0.00634476759524953,2.000000000000001,True,0.005934010027459218,0.12526637550145758,0.015645508360302946,0.33321508027565283,0.13590755000625884,-0.75,0.009999999999999787,0.016517867399891327,0.07245156496022,41.0,94.0,0.27101091242245695,750.0000000004198,2.372571823490389,7.3,216.84781442570647,552.7647482820718,0.0,nan
pd,10.0,1.0,esn,57,"demo_00 -5,-5 deg",,0.06975835060760913,False,nan,False,nan,0.0,False,1.3899451795918534,189.92845533236226,31.772045627669975,154.61788247379314,2.683816746572203,-0.75,nan,1.757820909031581,0.07245156496022,12.0,94.0,230.87437141728694,4331.996402509982,91.37019070784352,nan,2065.2995529521536,4328172.992277919,0.0,nan
pd,10.0,1.0,replay,57,"demo_00 -5,-5 deg",demo_00,0.014542203872647506,True,7.3,False,0.00634476759524953,2.000000000000001,True,0.005934010027459218,0.10514145426151356,0.017588512876128153,0.2680531286065688,0.10368389352879506,-0.75,0.009999999999999787,0.01591112569187875,0.07245156496022,48.0,94.0,0.2198225137027478,500.0000000002842,1.9727306141489502,7.3,216.84781442570647,538.7957969344604,0.0,nan
pd,10.0,1.0,esn,58,"demo_00 -5,-2.5 deg",,0.0351811214520734,False,nan,False,nan,0.0,False,1.389945163117186,191.89892730713527,45.58030637843883,155.63275457790996,2.6858246397451104,-0.75,nan,1.3461989688847735,0.07245156496022,8.0,94.0,231.98492801106377,4393.03042882805,93.11206131021197,nan,2072.2605413354077,4148240.76843907,0.0,nan
pd,10.0,1.0,replay,58,"demo_00 -5,-2.5 deg",demo_00,0.012361825763528417,True,7.3,False,0.00634476759524953,2.000000000000001,True,0.005934010027459218,0.08850289429685919,0.02102142567463656,0.21798845503966813,0.07475861608373909,-0.75,0.009999999999999787,0.015560426528972132,0.07245156496022,52.0,94.0,0.18025041986439286,500.0000000002778,1.641050373699787,7.3,216.84781442570647,529.9251912605881,0.0,nan
pd,10.0,1.0,esn,59,"demo_00 -5,+0 deg",,0.011160666834266088,False,nan,False,nan,0.0,False,1.3899451880684641,184.03245543370485,56.172571890292055,152.5367381431495,2.6742982622459808,-0.75,nan,1.1899141906321689,0.07245156496022,6.0,94.0,219.6200273888862,4265.2399029081935,92.1279019098474,nan,2033.9320440096021,3578391.45463061,0.0,nan
pd,10.0,1.0,replay,59,"demo_00 -5,+0 deg",demo_00,0.010958543660429046,True,7.3,False,0.00634476759524953,2.000000000000001,True,0.005934010027459218,0.0801192441694894,0.02445494732057058,0.19536000432820974,0.053183425979137076,-0.75,0.009999999999999787,0.015487988861911621,0.07245156496022,56.0,94.0,0.1614735439291383,500.0000000002778,1.4270363481120614,7.3,216.84781442570647,526.120236627283,0.0,nan
pd,10.0,1.0,esn,60,"demo_00 -5,+2.5 deg",,0.03808674697053426,False,nan,False,nan,0.0,False,1.389945190355689,181.66163662629154,46.39829703112444,151.67248577003235,2.682761609467967,-0.75,nan,1.1964840083471087,0.07245156496022,6.0,94.0,218.26685214761213,4276.48324699295,92.66075467975249,nan,2052.5874684407754,3555746.4237133777,0.0,nan
pd,10.0,1.0,replay,60,"demo_00 -5,+2.5 deg",demo_00,0.010654090795642907,True,7.3,False,0.00634476759524953,2.000000000000001,True,0.005934010027459218,0.08537190522120781,0.021804884565227566,0.20946732545965543,0.05142632725596606,-0.75,0.009999999999999787,0.015701722531983618,0.07245156496022,56.0,94.0,0.17073172476868673,500.0000000002778,1.3880485124984143,7.3,216.84781442570647,527.358315272561,0.0,nan
pd,10.0,1.0,esn,61,"demo_00 -5,+5 deg",,0.07163740984248437,False,nan,False,nan,0.0,False,1.3899451883805551,188.44086970665396,33.52270741958607,154.10601843455058,2.6806975437541194,-0.75,nan,1.3077429310139401,0.07245156496022,8.0,94.0,229.04678274655708,4371.681170147062,92.20504945649544,nan,2072.213467228242,4118888.038942464,0.0,nan
pd,10.0,1.0,replay,61,"demo_00 -5,+5 deg",demo_00,0.01155470435884728,True,7.3,False,0.00634476759524953,2.000000000000001,True,0.005934010027459218,0.1023233051086564,0.01820281462669032,0.25433778063708107,0.06860907628628012,-0.75,0.009999999999999787,0.016193512245620097,0.07245156496022,54.0,94.0,0.20432699973417084,500.0000000002842,1.5395498897592428,7.3,216.84781442570647,533.627075613414,0.0,nan
pd,10.0,1.0,esn,62,"demo_00 -5,+7.5 deg",,0.10520199313598226,False,nan,False,nan,0.0,False,1.3899451781186027,190.8120422412099,24.55842776994145,154.98258990514873,2.671950334289248,-0.75,nan,1.7209905400885173,0.07245156496022,12.0,94.0,229.48494648798604,4699.807216133582,93.84832857467316,nan,2097.2271120716705,4174500.1862706854,0.0,nan
pd,10.0,1.0,replay,62,"demo_00 -5,+7.5 deg",demo_00,0.013444580566815906,True,7.3,False,0.00634476759524953,2.000000000000001,True,0.005934010027459218,0.11713169368054051,0.015075412458444959,0.31715493564159664,0.0967231785390574,-0.75,0.009999999999999787,0.01694150331540616,0.07245156496022,49.0,94.0,0.2527124297305175,750.0000000004198,1.837096947527003,7.3,216.84781442570647,544.9245735094253,0.0,nan
pd,10.0,1.0,esn,63,"demo_00 -5,+10 deg",,0.13830129075756825,False,nan,False,nan,0.0,False,1.3899451824339293,191.4002967929272,18.98516233425641,155.2386870533708,2.6834702196048674,-0.75,nan,1.8520915552351143,0.07245156496022,12.0,94.0,230.42434038666653,6208.286075133561,94.96612723360053,nan,2692.5065334430265,4249246.6993561555,0.0,nan
pd,10.0,1.0,replay,63,"demo_00 -5,+10 deg",demo_00,0.01600408586062787,True,7.3,False,0.00634476759524953,2.000000000000001,True,0.005934010027459218,0.13066307903688135,0.012960584743986855,0.38925342363274584,0.12876460242142176,-0.75,0.009999999999999787,0.01791513958158998,0.07245156496022,42.0,94.0,0.30893281778788845,1000.0000000005556,2.2248590372728545,7.3,216.84781442570647,561.2593215014041,0.0,nan
pd,10.0,1.0,esn,64,"demo_00 -5,+12.5 deg",,0.17069807573342166,False,nan,False,nan,0.0,False,1.3899451814968795,191.5765982838583,15.367604378078186,155.2976796909565,2.6730185653731304,-0.75,nan,1.86760412226372,0.07245156496022,13.0,94.0,230.30985471723992,7741.485855539329,93.78272097329389,nan,3357.4485763605867,4285681.923267962,0.0,nan
pd,10.0,1.0,replay,64,"demo_00 -5,+12.5 deg",demo_00,0.018992956821190198,True,7.3,False,0.00634476759524953,2.000000000000001,True,0.005934010027459218,0.14350143032532173,0.011511182621900151,0.46624168540485705,0.16238319173133697,-0.75,0.009999999999999787,0.019080649001399993,0.07245156496022,37.0,94.0,0.36930571544432805,1250.0000000007042,2.665654524495915,7.3,216.84781442570647,582.6501916032693,0.0,nan
pd,10.0,1.0,esn,65,"demo_00 -5,+15 deg",,0.20214995529311564,False,nan,False,nan,0.0,False,1.389945176686004,191.391707186635,12.854716055634784,155.19571219627517,2.689908147794499,-0.75,nan,1.8522568767987946,0.07245156496022,12.0,94.0,227.73547125213767,9298.964167755108,92.59630040779702,nan,4032.9201123990697,4199509.053747216,0.0,nan
pd,10.0,1.0,replay,65,"demo_00 -5,+15 deg",demo_00,0.022267995838551095,True,7.3,False,0.00634476759524953,2.000000000000001,True,0.005934010027459218,0.15921893037956172,0.010693849648957372,0.5459290800885431,0.19658510189643652,-0.75,0.009999999999999787,0.020405243173485185,0.07245156496022,28.0,94.0,0.4319485687594799,1500.0000000008397,3.138982450953547,7.3,216.84781442570647,609.1261063654898,0.0,nan
pd,10.0,1.0,esn,66,"demo_00 -2.5,-15 deg",,0.2153317587215647,False,nan,False,nan,0.0,False,1.3899451739664102,187.8578034055917,14.651443213889427,153.47832794939532,2.668724359801297,-0.75,nan,1.948950359299381,0.07245156496022,12.0,94.0,229.49739615755925,8924.859459918427,92.52330450297138,nan,3472.0026711755754,4421264.761474201,0.0,nan
pd,10.0,1.0,replay,66,"demo_00 -2.5,-15 deg",demo_00,0.02473995680706028,True,7.3,False,0.00634476759524953,2.000000000000001,True,0.005934010027459218,0.18411531103443612,0.014359558003584834,0.5295595179542029,0.21365568895552817,-0.75,0.009999999999999787,0.019592881398134417,0.07245156496022,23.0,94.0,0.42067272888633095,1500.0000000008336,3.464647791100287,7.3,108.42390721285324,283.3001025374355,0.0,nan
pd,10.0,1.0,esn,67,"demo_00 -2.5,-12.5 deg",,0.17833379198796034,False,nan,False,nan,0.0,False,1.3899451794146163,190.7970584355827,17.827841433141884,154.89678128782637,2.688749603273594,-0.75,nan,2.166639158997413,0.07245156496022,13.0,94.0,231.05479590233656,7527.43703833475,90.67498860422594,nan,2903.147890392774,4457647.719517933,0.0,nan
pd,10.0,1.0,replay,67,"demo_00 -2.5,-12.5 deg",demo_00,0.021013408965353787,True,7.3,False,0.00634476759524953,2.000000000000001,True,0.005934010027459218,0.1604342001090372,0.01499077346081064,0.44935035374293497,0.17875353110194295,-0.75,0.009999999999999787,0.01830307740587756,0.07245156496022,32.0,94.0,0.35876341133966233,1250.0000000006978,2.943240041834596,7.3,108.42390721285324,255.67300337555494,0.0,nan
pd,10.0,1.0,esn,68,"demo_00 -2.5,-10 deg",,0.1417763070378932,False,nan,False,nan,0.0,False,1.3899451720858285,190.77850945927437,22.415531963606412,154.8797183673152,2.6983623181912675,-0.75,nan,2.0794064058338235,0.07245156496022,14.0,94.0,229.64389557368807,6108.495480236588,91.15392461044168,nan,2326.4193788792722,4343053.839276213,0.0,nan
pd,10.0,1.0,replay,68,"demo_00 -2.5,-10 deg",demo_00,0.017351773474175245,True,7.3,False,0.00634476759524953,2.000000000000001,True,0.005934010027459218,0.13702651375994854,0.016099938131151823,0.37029203843619735,0.1439136041630369,-0.75,0.009999999999999787,0.017168776928559414,0.07245156496022,39.0,94.0,0.2978626604354575,1000.0000000005556,2.427432284446161,7.3,108.42390721285324,233.09517449400448,0.0,nan
pd,10.0,1.0,esn,69,"demo_00 -2.5,-7.5 deg",,0.10562794398624423,False,nan,False,nan,0.0,False,1.3899451825556552,190.78198539900154,29.23151754340026,154.9519680050033,2.683415654695217,-0.75,nan,2.0470318662537648,0.07245156496022,12.0,94.0,231.70564257977432,4668.200926297889,91.53848099985696,nan,2069.3644038312914,4419092.101737483,0.0,nan
pd,10.0,1.0,replay,69,"demo_00 -2.5,-7.5 deg",demo_00,0.013783559304575884,True,7.3,False,0.00634476759524953,2.000000000000001,True,0.005934010027459218,0.11479820581222157,0.017589321969433656,0.2937247339621873,0.10929343247508683,-0.75,0.009999999999999787,0.016228224634780828,0.07245156496022,47.0,94.0,0.23919917421639908,750.0000000004198,1.9213162797307417,7.3,108.42390721285324,215.51342127123846,0.0,nan
pd,10.0,1.0,esn,70,"demo_00 -2.5,-5 deg",,0.06988173899992643,False,nan,False,nan,0.0,False,1.3899451750194631,188.47588995246642,41.09994489980874,154.0094478838579,2.671139964832061,-0.75,nan,1.5790636295976994,0.07245156496022,10.0,94.0,226.04083997743004,4358.02983262087,92.17690870176568,nan,2064.0195300954283,4036807.531504453,0.0,nan
pd,10.0,1.0,replay,70,"demo_00 -2.5,-5 deg",demo_00,0.010385619418425147,True,7.3,False,0.00634476759524953,2.000000000000001,True,0.005934010027459218,0.09287550261661026,0.02025287181849846,0.2226816762739042,0.07520220098562598,-0.75,0.009999999999999787,0.015522031619805718,0.07245156496022,53.0,94.0,0.1853991143885117,500.0000000002842,1.435188628213801,7.3,108.42390721285324,202.88313069738604,0.0,nan
pd,10.0,1.0,esn,71,"demo_00 -2.5,-2.5 deg",,0.03463493178816902,False,nan,False,nan,0.0,False,1.3899451647094363,191.4388821351937,76.9041264933463,155.45103957569995,2.668271660894299,-0.75,nan,1.2621075104284636,0.07245156496022,7.0,94.0,231.07794520381026,4362.558240915563,92.26834168053945,nan,2054.810958736568,4103606.261545481,0.0,nan
pd,10.0,1.0,replay,71,"demo_00 -2.5,-2.5 deg",demo_00,0.007384390360370374,True,7.3,False,0.00634476759524953,2.000000000000001,True,0.005934010027459218,0.07161133456009759,0.02876744300814455,0.16495128262964764,0.04130210392087671,-0.75,0.009999999999999787,0.015088027497441363,0.07245156496022,62.0,94.0,0.14259025931509517,250.00000000014848,0.9995019037682293,7.3,108.42390721285324,195.16846159194426,0.0,nan
pd,10.0,1.0,esn,72,"demo_00 -2.5,+0 deg",,0.005642783381978133,False,nan,False,nan,0.0,False,1.3899451672303258,175.0602713813257,221.2906079816049,149.23359163435185,2.674496761783495,-0.75,nan,1.145586337648321,0.07245156496022,5.0,94.0,212.3208644434574,4141.391391754575,89.44430523184343,nan,2008.2926435380753,3320938.904732169,0.0,nan
pd,10.0,1.0,replay,72,"demo_00 -2.5,+0 deg",demo_00,0.005481127148780342,True,7.3,False,0.00634476759524953,2.000000000000001,True,0.005934010027459218,0.058378438561133845,0.07379515672102488,0.1387438137737817,0.013343816499823654,-0.75,0.009999999999999787,0.014954149767208134,0.07245156496022,63.0,94.0,0.12326379536981467,250.0000000001389,0.7158197522703063,7.3,108.42390721285324,192.3425701101983,0.0,nan
pd,10.0,1.0,esn,73,"demo_00 -2.5,+2.5 deg",,0.036144663399076446,False,nan,False,nan,0.0,False,1.3899451891201264,181.68993689077666,83.26475514715517,151.62848484444626,2.6848140172639203,-0.75,nan,1.2318363546576692,0.07245156496022,7.0,94.0,219.2986691805917,4232.303711576993,89.94468727764813,nan,2043.2418308294916,3615466.146863234,0.0,nan
pd,10.0,1.0,replay,73,"demo_00 -2.5,+2.5 deg",demo_00,0.005889184044602546,True,7.3,False,0.00634476759524953,2.000000000000001,True,0.005934010027459218,0.07143736237008083,0.032738271518466984,0.16055067777237897,0.027031885539560537,-0.75,0.009999999999999787,0.015131763545135719,0.07245156496022,63.0,94.0,0.1379107839237564,250.00000000014848,0.7776120079958398,7.3,108.42390721285324,194.3878543636886,0.0,nan
pd,10.0,1.0,esn,74,"demo_00 -2.5,+5 deg",,0.07030035229296663,False,nan,False,nan,0.0,False,1.3899451890958603,190.4555954063287,41.53012274759469,154.82562214929763,2.6887274154596863,-0.75,nan,1.8008095429050688,0.07245156496022,11.0,94.0,232.23692914402864,4363.281766590984,91.0305252152471,nan,2081.591083554124,4365167.174825039,0.0,nan
pd,10.0,1.0,replay,74,"demo_00 -2.5,+5 deg",demo_00,0.008303929260477407,True,7.3,False,0.00634476759524953,2.000000000000001,True,0.005934010027459218,0.09487793481543613,0.020688771419484466,0.21636262511253365,0.05979870506757273,-0.75,0.009999999999999787,0.015612728903403763,0.07245156496022,58.0,94.0,0.1784094568591005,500.0000000002842,1.132242071718379,7.3,108.42390721285324,201.29619581174617,0.0,nan
pd,10.0,1.0,esn,75,"demo_00 -2.5,+7.5 deg",,0.10411979769405749,False,nan,False,nan,0.0,False,1.3899451800635625,190.94862409707895,27.058205805049,155.04967256593466,2.6770900243431326,-0.75,nan,1.7283558464003612,0.07245156496022,11.0,94.0,229.84074213253157,4561.852861054184,93.35388647245617,nan,2087.9110587014234,4184260.0854869043,0.0,nan
pd,10.0,1.0,replay,75,"demo_00 -2.5,+7.5 deg",demo_00,0.011558060042994697,True,7.3,False,0.00634476759524953,2.000000000000001,True,0.005934010027459218,0.11121743403321409,0.015759968072093605,0.2869515311660451,0.09384960350248912,-0.75,0.009999999999999787,0.01637189770921732,0.07245156496022,51.0,94.0,0.23153779874295094,750.0000000004198,1.5973809048838132,7.3,108.42390721285324,213.06916775714117,0.0,nan
pd,10.0,1.0,esn,76,"demo_00 -2.5,+10 deg",,0.13739090379360083,False,nan,False,nan,0.0,False,1.389945183652817,191.47755964703637,20.064557876834805,155.27770409672047,2.6846465294414354,-0.75,nan,1.8285122507861955,0.07245156496022,12.0,94.0,230.72389151045323,6077.094782831638,94.93683750434901,nan,2635.609443428346,4262547.365465574,0.0,nan
pd,10.0,1.0,replay,76,"demo_00 -2.5,+10 deg",demo_00,0.015150032362974165,True,7.3,False,0.00634476759524953,2.000000000000001,True,0.005934010027459218,0.12391863884550663,0.012985191088279783,0.36373775451508705,0.1285304575985092,-0.75,0.009999999999999787,0.017373528209815706,0.07245156496022,43.0,94.0,0.2903574567273034,1000.0000000005556,2.102861844999986,7.3,108.42390721285324,229.71817279578795,0.0,nan
pd,10.0,1.0,esn,77,"demo_00 -2.5,+12.5 deg",,0.16993676496423094,False,nan,False,nan,0.0,False,1.3899451838120673,191.70810351016917,15.929289944598933,155.36272054550582,2.687558305104839,-0.75,nan,1.9135930825102538,0.07245156496022,12.0,94.0,230.68376664800167,7617.070728150452,92.42888296701548,nan,3303.4902794490686,4300618.137648413,0.0,nan
pd,10.0,1.0,replay,77,"demo_00 -2.5,+12.5 deg",demo_00,0.018918251267133073,True,7.3,False,0.00634476759524953,2.000000000000001,True,0.005934010027459218,0.1384481277517262,0.011503845319335375,0.4434095107210886,0.16339582499906352,-0.75,0.009999999999999787,0.018578343285674478,0.07245156496022,38.0,94.0,0.3519074050421566,1250.0000000007042,2.627233435415705,7.3,108.42390721285324,251.26446159559683,0.0,nan
pd,10.0,1.0,esn,78,"demo_00 -2.5,+15 deg",,0.20153732777397784,False,nan,False,nan,0.0,False,1.3899451809928385,191.6607049812779,13.191045760828745,155.32030481472196,2.6788338454226066,-0.75,nan,1.921947787355545,0.07245156496022,13.0,94.0,229.83738046973644,9181.309501573389,93.48830049843467,nan,3981.893797962115,4307722.744928347,0.0,nan
pd,10.0,1.0,replay,78,"demo_00 -2.5,+15 deg",demo_00,0.022804438164876557,True,7.3,False,0.00634476759524953,2.000000000000001,True,0.005934010027459218,0.1570179699905752,0.010806759933500389,0.5245345646679417,0.1982995833155524,-0.75,0.009999999999999787,0.0199487670891487,0.07245156496022,29.0,94.0,0.41483754521049215,1500.0000000008397,3.1626391521642105,7.3,108.42390721285324,277.7389753354258,0.0,nan
pd,10.0,1.0,esn,79,"demo_00 +0,-15 deg",,0.21620469194602626,False,nan,False,nan,0.0,False,1.3899452473673153,187.45335638916987,16.463671001924144,153.33428847507966,2.6807498310275535,-0.75,nan,1.9303199069301258,0.07245156496022,15.0,94.0,225.83150733840142,8682.997318390015,92.55874221981126,nan,3560.7384559472284,4298052.174875863,0.0,nan
pd,10.0,1.0,replay,79,"demo_00 +0,-15 deg",demo_00,0.023939852447718967,True,7.3,False,0.00634476759524953,2.000000000000001,True,0.005934010027459218,0.18190197801116265,0.015976104020018738,0.5133684387397758,0.18844257990692398,-0.75,0.009999999999999787,0.01980456149423065,0.07245156496022,28.0,94.0,0.40461351628884773,1500.0000000008336,3.300209074826979,7.3,93.2005820564972,165.39295382389884,0.0,nan
pd,10.0,1.0,esn,80,"demo_00 +0,-12.5 deg",,0.17922471904183487,False,nan,False,nan,0.0,False,1.389945871243714,185.11499848863562,19.63917882156508,152.27695625443923,2.691579937049312,-0.75,nan,2.2705556438788053,0.07245156496022,18.0,94.0,215.29026546058813,7288.95579319707,94.23809972361725,nan,2989.629314150527,3912440.0010035057,0.0,nan
pd,10.0,1.0,replay,80,"demo_00 +0,-12.5 deg",demo_00,0.019931043850880025,True,7.3,False,0.00634476759524953,2.000000000000001,True,0.005934010027459218,0.1573838058607968,0.016697127364903516,0.43308651343757704,0.15365121678907825,-0.75,0.009999999999999787,0.018428389969683226,0.07245156496022,37.0,94.0,0.34315937926807444,1250.0000000006978,2.75118721851482,7.3,77.66715171374767,139.49730343599248,0.0,nan
pd,10.0,1.0,esn,81,"demo_00 +0,-10 deg",,0.14267066723053795,False,nan,False,nan,0.0,False,1.389945181156511,190.58345904821934,26.323576471931336,154.83408653303826,2.6811495221392687,-0.75,nan,2.0466272804449184,0.07245156496022,12.0,94.0,231.4123051219827,5873.436941009582,93.5091356193651,nan,2410.516091878532,4440239.5689760735,0.0,nan
pd,10.0,1.0,replay,81,"demo_00 +0,-10 deg",demo_00,0.015939603116850384,True,7.3,False,0.00634476759524953,2.000000000000001,True,0.005934010027459218,0.13246440991773314,0.018296115736867184,0.3536282860185762,0.11914304276776726,-0.75,0.009999999999999787,0.01721181826162886,0.07245156496022,42.0,94.0,0.2825764220057134,1000.0000000005556,2.2022219886154666,7.3,62.13372137099815,118.39147583810076,0.0,nan
pd,10.0,1.0,esn,82,"demo_00 +0,-7.5 deg",,0.10650283108119006,False,nan,False,nan,0.0,False,1.3899451749152767,189.11331339345705,36.880033953154886,154.23093613932096,2.688422077420665,-0.75,nan,1.685813772261149,0.07245156496022,12.0,94.0,229.31498200391752,4436.5863584011295,90.0834008594305,nan,2070.7547565261207,4270935.560007656,0.0,nan
pd,10.0,1.0,replay,82,"demo_00 +0,-7.5 deg",demo_00,0.011958121935428804,True,7.3,False,0.00634476759524953,2.000000000000001,True,0.005934010027459218,0.10821171078707749,0.021102964653013534,0.2760621973821388,0.0851657390379268,-0.75,0.009999999999999787,0.01619577538953508,0.07245156496022,50.0,94.0,0.2239705297499979,750.0000000004198,1.6529582841920565,7.3,46.600291028248634,102.03011670126634,0.0,nan
pd,10.0,1.0,esn,83,"demo_00 +0,-5 deg",,0.070690623147997,False,nan,False,nan,0.0,False,1.3899451636021,191.98090643154572,64.1317793727319,155.64537815804795,2.6768184622563758,-0.75,nan,1.3583190773350122,0.07245156496022,8.0,94.0,232.0157040359119,4343.154739740281,91.45341029128022,nan,2047.2142211216853,4162812.266258435,0.0,nan
pd,10.0,1.0,replay,83,"demo_00 +0,-5 deg",demo_00,0.007979218487974888,True,7.3,False,0.00634476759524953,2.000000000000001,True,0.005934010027459218,0.08455527173491921,0.02824593410094554,0.20296697089864138,0.05177574101230625,-0.75,0.009999999999999787,0.015424577571567873,0.07245156496022,56.0,94.0,0.1698320421647462,500.0000000002842,1.103050475366519,7.3,31.066860685499037,90.37551628566003,0.0,nan
pd,10.0,1.0,esn,84,"demo_00 +0,-2.5 deg",,0.03521539672296418,False,nan,False,nan,0.0,False,1.389945186456185,188.0588327232775,173.43023530095192,153.9037091997821,2.6863629828974855,-0.75,nan,1.724481459298699,0.07245156496022,10.0,94.0,231.05518572278373,4342.140422593481,91.17850611623467,nan,2062.504354241725,4308596.392417793,0.0,nan
pd,10.0,1.0,replay,84,"demo_00 +0,-2.5 deg",demo_00,0.0039955777865768585,True,7.3,False,0.00634476759524953,2.000000000000001,True,0.005934010027459218,0.06283838866617228,0.05795035720732722,0.1418826942293849,0.018840617245048052,-0.74,0.009999999999999787,0.014940322071332952,0.07245156496022,63.0,94.0,0.12649220277888162,250.00000000014848,0.5521677743187369,7.3,25.4210209816014,83.3978773179885,0.0,nan
pd,10.0,1.0,esn,85,"demo_00 +0,+2.5 deg",,0.03471828404848439,False,nan,False,nan,0.0,False,1.389945182393833,181.54311287567603,78.5579136588368,151.34498285366115,2.675323344920468,-0.75,nan,1.2556934868631033,0.07245156496022,7.0,94.0,221.2937810841811,4267.3868780605735,91.60564742560945,nan,2037.5583747991152,3772048.016482339,0.0,nan
pd,10.0,1.0,replay,85,"demo_00 +0,+2.5 deg",demo_00,0.004014541558297742,True,7.3,False,0.00634476759524953,2.000000000000001,True,0.005934010027459218,0.07199330912449098,0.031153173880458886,0.14194439608912848,0.03490381605529773,-0.74,0.009999999999999787,0.014940789482235336,0.07245156496022,63.0,94.0,0.12655563301724762,250.00000000014848,0.5537362722391201,7.3,25.42196438385437,83.39579924524743,0.0,nan
pd,10.0,1.0,esn,86,"demo_00 +0,+5 deg",,0.0691205349892702,False,nan,False,nan,0.0,False,1.3899452387359261,185.7824336320531,40.068485150581836,152.90374305968092,2.6899674054394347,-0.75,nan,1.365732066448866,0.07245156496022,10.0,94.0,215.9282248319732,4428.069626810118,93.23039382997797,nan,2146.9731012980897,3649355.2796752066,0.0,nan
pd,10.0,1.0,replay,86,"demo_00 +0,+5 deg",demo_00,0.008054831173399465,True,7.3,False,0.00634476759524953,2.000000000000001,True,0.005934010027459218,0.09273570137135147,0.0200007018999761,0.20318801971465097,0.06979101978453763,-0.75,0.009999999999999787,0.015429571066480853,0.07245156496022,56.0,94.0,0.1700722319468485,500.0000000002842,1.1092912041950787,7.3,31.066860685499037,90.35435637942865,0.0,nan
pd,10.0,1.0,esn,87,"demo_00 +0,+7.5 deg",,0.10306275285813354,False,nan,False,nan,0.0,False,1.3899451819977504,191.12457587442003,26.987013292296997,155.12786350746586,2.683861208894119,-0.75,nan,1.744942082151552,0.07245156496022,12.0,94.0,230.35207326269744,4608.235743373204,94.7993891277477,nan,2104.5812032735953,4215898.8418477075,0.0,nan
pd,10.0,1.0,replay,87,"demo_00 +0,+7.5 deg",demo_00,0.012127328761402665,True,7.3,False,0.00634476759524953,2.000000000000001,True,0.005934010027459218,0.10544943879357432,0.014889583892430882,0.2765573499059486,0.10384753664276115,-0.75,0.009999999999999787,0.01621252698267034,0.07245156496022,51.0,94.0,0.22452391982700654,750.0000000004198,1.6668748837683365,7.3,46.600291028248556,101.9566161256778,0.0,nan
pd,10.0,1.0,esn,88,"demo_00 +0,+10 deg",,0.13643735476312552,True,0.03,True,1.2165525060596438,2.0000000000000004,False,1.3899451848657707,6.1653569148186484,0.6451933505989403,155.33464934009072,0.1384722981276565,-0.75,-7.26,nan,0.07245156496022,nan,94.0,231.06045405407147,6179.616161267011,91.3512152400313,nan,2573.6496576496215,4279988.711159801,0.0,nan
pd,10.0,1.0,replay,88,"demo_00 +0,+10 deg",demo_00,0.016238074047710903,True,7.3,False,0.00634476759524953,2.000000000000001,True,0.005934010027459218,0.11923627370395887,0.012477858460892109,0.35451801624690016,0.13787229828113745,-0.75,0.009999999999999787,0.01724942164346631,0.07245156496022,42.0,94.0,0.2835847860968832,1000.0000000005556,2.226650291426707,7.3,62.133721370998074,118.21756296909007,0.0,nan
pd,10.0,1.0,esn,89,"demo_00 +0,+12.5 deg",,0.1690906676839979,False,nan,False,nan,0.0,False,1.3899451852453606,191.8321437951533,15.932350035430838,155.4204956504124,2.684943221819697,-0.75,nan,1.9404389503073125,0.07245156496022,12.0,94.0,231.10015117031074,7766.604770367053,92.59625477268875,nan,3244.4524658487117,4324779.842999895,0.0,nan
pd,10.0,1.0,replay,89,"demo_00 +0,+12.5 deg",demo_00,0.020392576223215626,True,7.3,False,0.00634476759524953,2.000000000000001,True,0.005934010027459218,0.1384235090665025,0.011496570678661581,0.43450002772165397,0.17198715963102415,-0.75,0.009999999999999787,0.018496570721808464,0.07245156496022,37.0,94.0,0.3447738266571513,1250.0000000007042,2.788726162660242,7.3,77.66715171374774,139.16211699135155,0.0,nan
pd,10.0,1.0,esn,90,"demo_00 +0,+15 deg",,0.20081215916973294,False,nan,False,nan,0.0,False,1.3899451835922636,191.88898312864254,13.20613215676859,155.42433154497635,2.6896274356275716,-0.75,nan,1.988645897058474,0.07245156496022,13.0,94.0,230.5895835198975,9367.950930847348,91.52241200905276,nan,3925.7649024080833,4343072.793156924,0.0,nan
pd,10.0,1.0,replay,90,"demo_00 +0,+15 deg",demo_00,0.0245956891084062,True,7.3,False,0.00634476759524953,2.000000000000001,True,0.005934010027459218,0.1591439068678476,0.010952559296394326,0.5154467716286848,0.20609858334871872,-0.75,0.009999999999999787,0.019912774894928185,0.07245156496022,28.0,94.0,0.4069987607056423,1500.0000000008397,3.3531499085063046,7.3,93.20058205649727,164.82527155289299,0.0,nan
pd,10.0,1.0,esn,91,"demo_00 +2.5,-15 deg",,0.21746870116002312,False,nan,False,nan,0.0,False,1.389945172422193,195.36061204008493,19.63828002051678,156.7573394010936,2.667753323638769,-0.75,nan,1.2257408053644072,0.07245156496022,4.0,94.0,225.73355880634162,8444.612675730483,96.27200131675018,nan,3654.4238726586696,3953996.6748356503,0.0,nan
pd,10.0,1.0,replay,91,"demo_00 +2.5,-15 deg",demo_00,0.02433856775315338,True,7.3,False,0.00634476759524953,2.000000000000001,True,0.005934010027459218,0.17491091327626626,0.017582610218577967,0.5119118338660738,0.16671922980980355,-0.75,0.009999999999999787,0.020155328178509308,0.07245156496022,29.0,94.0,0.4003478964652516,1500.0000000008336,3.2759929423480805,7.3,108.42390721285324,272.1814217250719,0.0,nan
pd,10.0,1.0,esn,92,"demo_00 +2.5,-12.5 deg",,0.18053841498429649,False,nan,False,nan,0.0,False,1.3899457639702615,182.41183812995013,23.042197792423316,150.94499238123524,2.689743203516538,-0.75,nan,2.2462607087967355,0.07245156496022,18.0,94.0,221.23992374433658,7104.196551392142,91.72590340730876,nan,3081.058990838344,4277738.130030943,0.0,nan
pd,10.0,1.0,replay,92,"demo_00 +2.5,-12.5 deg",demo_00,0.020283653600587394,True,7.3,False,0.00634476759524953,2.000000000000001,True,0.005934010027459218,0.15018417449489482,0.01897121091196873,0.43306644961466123,0.13200371923441936,-0.75,0.009999999999999787,0.018724106518927294,0.07245156496022,38.0,94.0,0.3400684280324815,1250.0000000006978,2.7274448154879876,7.3,108.42390721285324,247.79599499020415,0.0,nan
pd,10.0,1.0,esn,93,"demo_00 +2.5,-10 deg",,0.14403465779892968,False,nan,False,nan,0.0,False,1.38994516786135,191.86559669567427,32.34708946117893,155.4760845414358,2.6669776237742675,-0.75,nan,1.3778694420185038,0.07245156496022,10.0,94.0,231.2725114120214,5763.388971412483,92.68556406227366,nan,2499.5566042706478,4202688.2110002525,0.0,nan
pd,10.0,1.0,replay,93,"demo_00 +2.5,-10 deg",demo_00,0.01630555011905218,True,7.3,False,0.00634476759524953,2.000000000000001,True,0.005934010027459218,0.12582529647961843,0.021213193984752254,0.35564953320032244,0.09710256476199383,-0.75,0.009999999999999787,0.01746053047901792,0.07245156496022,45.0,94.0,0.28114666689435946,1000.0000000005556,2.1868415110892934,7.3,108.42390721285324,227.88673636700284,0.0,nan
pd,10.0,1.0,esn,94,"demo_00 +2.5,-7.5 deg",,0.10792458382850104,False,nan,False,nan,0.0,False,1.389945165314165,191.88237018921976,50.01663397522009,155.5610670415176,2.686747653389105,-0.75,nan,1.3845431331157394,0.07245156496022,9.0,94.0,232.02839703428893,4402.290194810584,92.24213421423786,nan,2074.87312973487,4207254.93876601,0.0,nan
pd,10.0,1.0,replay,94,"demo_00 +2.5,-7.5 deg",demo_00,0.012455843475430283,True,7.3,False,0.00634476759524953,2.000000000000001,True,0.005934010027459218,0.10129094706003153,0.02640280198284533,0.28110774995090243,0.062222027649275674,-0.75,0.009999999999999787,0.016407472170326964,0.07245156496022,51.0,94.0,0.22494861434713814,750.0000000004198,1.6616115640142803,7.3,108.42390721285324,212.41542674326053,0.0,nan
pd,10.0,1.0,esn,95,"demo_00 +2.5,-5 deg",,0.07219926152513662,False,nan,False,nan,0.0,False,1.38994516566584,191.23970428081546,111.57859531814438,155.34262003276174,2.678973655375878,-0.75,nan,1.2622027123180535,0.07245156496022,9.0,94.0,230.48402010179268,4392.514104214553,93.32755869093168,nan,2061.044371326202,4096863.4953310597,0.0,nan
pd,10.0,1.0,replay,95,"demo_00 +2.5,-5 deg",demo_00,0.008885352009298457,True,7.3,False,0.00634476759524953,2.000000000000001,True,0.005934010027459218,0.07680072431698251,0.044809298209967,0.21276428029448613,0.027632924284163977,-0.75,0.009999999999999787,0.015611366719242788,0.07245156496022,61.0,94.0,0.17443362371231738,500.0000000002842,1.1727636447123773,7.3,108.42390721285324,201.3505682824168,0.0,nan
pd,10.0,1.0,esn,96,"demo_00 +2.5,-2.5 deg",,0.03694697803031819,False,nan,False,nan,0.0,False,1.3899452175097926,180.3039190830252,635.0734837442941,150.97983952068964,2.681601021841121,-0.75,nan,1.3573889964436978,0.07245156496022,7.0,94.0,227.7041289577578,4322.327118728992,91.02734265721952,nan,2045.9116199139578,4202037.547361611,0.0,nan
pd,10.0,1.0,replay,96,"demo_00 +2.5,-2.5 deg",demo_00,0.006099705288534631,True,7.3,False,0.00634476759524953,2.000000000000001,True,0.005934010027459218,0.06037589708269183,0.21265833537892245,0.15910111541998703,0.010308275335246695,-0.75,0.009999999999999787,0.015116106545641002,0.07245156496022,63.0,94.0,0.1363661344115341,250.00000000014848,0.7920738435907273,7.3,108.42390721285324,194.6677760348845,0.0,nan
pd,10.0,1.0,esn,97,"demo_00 +2.5,+0 deg",,0.005921130134373951,False,nan,False,nan,0.0,False,1.389945763978687,173.99901512243486,78.66557974260375,148.63679551138063,2.6687499242458657,-0.75,nan,1.398775802217751,0.07245156496022,9.0,94.0,213.32415671121575,4475.5446543915705,95.03327829332451,nan,2120.046240930658,3571535.3643210535,0.0,nan
pd,10.0,1.0,replay,97,"demo_00 +2.5,+0 deg",demo_00,0.005484972514952475,True,7.3,False,0.00634476759524953,2.000000000000001,True,0.005934010027459218,0.06252841864074861,0.028269322670025295,0.13859286995666417,0.037326215473269066,-0.75,0.009999999999999787,0.014954116428634853,0.07245156496022,64.0,94.0,0.1231061228242436,250.0000000001389,0.7212172011768755,7.3,108.42390721285324,192.35024401238715,0.0,nan
pd,10.0,1.0,esn,98,"demo_00 +2.5,+2.5 deg",,0.03396410002970605,False,nan,False,nan,0.0,False,1.389945186147039,188.31896485719835,53.26464683062247,154.1135145224001,2.6884144802651937,-0.75,nan,1.2646581575439286,0.07245156496022,7.0,94.0,228.61385470201725,4335.642802206399,91.00444217656712,nan,2076.3289081026755,4065756.0024202517,0.0,nan
pd,10.0,1.0,replay,98,"demo_00 +2.5,+2.5 deg",demo_00,0.007614449584642727,True,7.3,False,0.00634476759524953,2.000000000000001,True,0.005934010027459218,0.08073426925793954,0.02283509970657188,0.16423525388929555,0.06020083781240649,-0.75,0.009999999999999787,0.015137722995916765,0.07245156496022,61.0,94.0,0.14185591848493911,250.00000000014848,1.0286229691610862,7.3,108.42390721285324,194.38927966708135,0.0,nan
pd,10.0,1.0,esn,99,"demo_00 +2.5,+5 deg",,0.0681523326437567,False,nan,False,nan,0.0,False,1.3899451770219113,190.47455343392627,34.073123956974044,154.82792976099273,2.6899286949061367,-0.75,nan,1.63544311733617,0.07245156496022,12.0,94.0,229.06017295969656,4407.551196280163,91.597373751553,nan,2103.5608792759435,4132451.380490726,0.0,nan
pd,10.0,1.0,replay,99,"demo_00 +2.5,+5 deg",demo_00,0.011022964974774285,True,7.3,False,0.00634476759524953,2.000000000000001,True,0.005934010027459218,0.09103158170773593,0.01628422438382593,0.22044637829170324,0.08922641072168001,-0.75,0.009999999999999787,0.015655447461841106,0.07245156496022,53.0,94.0,0.18299801142369107,500.0000000002842,1.4988244195802327,7.3,108.42390721285324,200.78489623210857,0.0,nan
pd,10.0,1.0,esn,100,"demo_00 +2.5,+7.5 deg",,0.10206253485480785,False,nan,False,nan,0.0,False,1.3899451836981256,191.31775694218393,24.228809123444957,155.2114600144094,2.6753840253911054,-0.75,nan,1.7709075933268406,0.07245156496022,12.0,94.0,230.7796529411208,4816.726078388596,94.08072991071823,nan,2080.596415814854,4233791.963834998,0.0,nan
pd,10.0,1.0,replay,100,"demo_00 +2.5,+7.5 deg",demo_00,0.014882361877300162,True,7.3,False,0.00634476759524953,2.000000000000001,True,0.005934010027459218,0.10744424859651322,0.013606924063214823,0.2898867572848755,0.12085930655967728,-0.75,0.009999999999999787,0.01647555588011025,0.07245156496022,47.0,94.0,0.23496966986703005,750.0000000004198,2.0227418040398812,7.3,108.42390721285324,211.5464464798526,0.0,nan
pd,10.0,1.0,esn,101,"demo_00 +2.5,+10 deg",,0.13546267365704434,False,nan,False,nan,0.0,False,1.389945186153176,191.7612137710057,18.848259006446636,155.40061523714084,2.6896774751458223,-0.75,nan,1.9098983004842325,0.07245156496022,12.0,94.0,231.34267605099498,6384.9194789806415,91.48523769031367,nan,2506.7265527920426,4299517.276844899,0.0,nan
pd,10.0,1.0,replay,101,"demo_00 +2.5,+10 deg",demo_00,0.01894542964984045,True,7.3,False,0.00634476759524953,2.000000000000001,True,0.005934010027459218,0.12588700624874444,0.012373466211764566,0.36498270026412033,0.1534547144733868,-0.75,0.009999999999999787,0.017554566917699726,0.07245156496022,40.0,94.0,0.2919304050239256,1000.0000000005556,2.568975472093408,7.3,108.42390721285324,226.69327390668292,0.0,nan
pd,10.0,1.0,esn,102,"demo_00 +2.5,+12.5 deg",,0.16817639226392095,False,nan,False,nan,0.0,False,1.3899451862565686,191.9638854626493,15.312243364989397,155.47840770963225,2.688994731019846,-0.75,nan,1.9706549033812577,0.07245156496022,12.0,94.0,231.4039714635134,7968.777580107164,91.9122559736419,nan,3180.4280577554814,4339533.550673753,0.0,nan
pd,10.0,1.0,replay,102,"demo_00 +2.5,+12.5 deg",demo_00,0.02313050949319636,True,7.3,False,0.00634476759524953,2.000000000000001,True,0.005934010027459218,0.14696131203540452,0.011722555884409337,0.44275082502335406,0.1864630370508947,-0.75,0.009999999999999787,0.018846104986499555,0.07245156496022,33.0,94.0,0.35133077378568917,1250.0000000007042,3.1269069129678555,7.3,108.42390721285324,246.2553479994461,0.0,nan
pd,10.0,1.0,esn,103,"demo_00 +2.5,+15 deg",,0.19998747920213328,False,nan,False,nan,0.0,False,1.3899451847355448,191.97266428405115,12.846088267954197,155.4673630244303,2.683891130813818,-0.75,nan,2.003938112470702,0.07245156496022,13.0,94.0,230.95623116720702,9567.054051278688,92.78497408183912,nan,3864.6199918186444,4363481.342950887,0.0,nan
pd,10.0,1.0,replay,103,"demo_00 +2.5,+15 deg",demo_00,0.027405805790768716,True,7.3,False,0.00634476759524953,2.000000000000001,True,0.005934010027459218,0.16839222807969415,0.011268174214368813,0.5218750013422241,0.2193203196306808,-0.75,0.009999999999999787,0.020306978720775113,0.07245156496022,24.0,94.0,0.41197594653538866,1500.0000000008397,3.6920868174527497,7.3,108.42390721285324,270.2738390624599,0.0,nan
pd,10.0,1.0,esn,104,"demo_00 +5,-15 deg",,0.21912459974589318,False,nan,False,nan,0.0,False,1.3899451381474155,194.32512467007913,22.824974216060877,156.4758846929858,2.6818598891980474,-0.75,nan,1.2469262218051427,0.07245156496022,7.0,94.0,227.2855419980009,8653.296281930567,91.64588908599534,nan,3752.8967726273886,3955133.110155636,0.0,nan
pd,10.0,1.0,replay,104,"demo_00 +5,-15 deg",demo_00,0.025880333341855317,True,7.3,False,0.00634476759524953,2.000000000000001,True,0.005934010027459218,0.16527277063825266,0.019412552724922556,0.5229818196389676,0.14477487542419568,-0.75,0.009999999999999787,0.020628367629921505,0.07245156496022,32.0,94.0,0.40546517581145247,1500.0000000008336,3.3955323080381867,7.3,216.84781442570647,603.8029739079705,0.0,nan
pd,10.0,1.0,esn,105,"demo_00 +5,-12.5 deg",,0.18227657513479528,False,nan,False,nan,0.0,False,1.3899451805925755,192.87795997005838,29.496679064205583,155.6971012467115,2.6877547372154798,-0.75,nan,1.9238840703346805,0.07245156496022,9.0,94.0,232.39168469382813,7326.05475146014,91.8171096129679,nan,3177.2779224326246,4387046.265854279,0.0,nan
pd,10.0,1.0,replay,105,"demo_00 +5,-12.5 deg",demo_00,0.022002156852553367,True,7.3,False,0.00634476759524953,2.000000000000001,True,0.005934010027459218,0.1390451528885511,0.021264069004170667,0.44702708702193483,0.11016667177745242,-0.75,0.009999999999999787,0.01917421172034747,0.07245156496022,38.0,94.0,0.34712434038670914,1250.0000000006978,2.8772854161292654,7.3,216.84781442570647,580.6825293586674,0.0,nan
pd,10.0,1.0,esn,106,"demo_00 +5,-10 deg",,0.1458706274935777,False,nan,False,nan,0.0,False,1.3899451900997422,189.82782116339516,43.14798005269741,154.6369228763439,2.688527240061052,-0.75,nan,1.6690567135031804,0.07245156496022,12.0,94.0,231.6418096623164,5979.737103840973,90.6311889915403,nan,2593.3858436149985,4375913.173654497,0.0,nan
pd,10.0,1.0,replay,106,"demo_00 +5,-10 deg",demo_00,0.01834374066220336,True,7.3,False,0.00634476759524953,2.000000000000001,True,0.005934010027459218,0.11305709866663854,0.025697947793885508,0.3739455599765386,0.07620598488983654,-0.75,0.009999999999999787,0.017900068585816085,0.07245156496022,44.0,94.0,0.2912718100986932,1000.0000000005556,2.3873297580723776,7.3,216.84781442570647,561.6699434110577,0.0,nan
pd,10.0,1.0,esn,107,"demo_00 +5,-7.5 deg",,0.10989495234975215,False,nan,False,nan,0.0,False,1.3899451906514162,187.2747212605444,78.13453621108012,153.65935036542817,2.688403909463211,-0.75,nan,1.3192670838495046,0.07245156496022,9.0,94.0,230.66489065026528,4612.8490867654355,90.06531864165805,nan,2058.1676365025305,4276718.2307203775,0.0,nan
pd,10.0,1.0,replay,107,"demo_00 +5,-7.5 deg",demo_00,0.015048968797120175,True,7.3,False,0.00634476759524953,2.000000000000001,True,0.005934010027459218,0.08926338031710282,0.037242361247500126,0.3059559295531645,0.04227064841812219,-0.75,0.009999999999999787,0.016850012150734364,0.07245156496022,51.0,94.0,0.23982449805882883,750.0000000004198,1.9468980500178077,7.3,216.84781442570647,546.7334705017875,0.0,nan
pd,10.0,1.0,esn,108,"demo_00 +5,-5 deg",,0.07440209316548713,False,nan,False,nan,0.0,False,1.3899451905645677,186.15436765830648,374.2500318138696,153.33614158865632,2.6728346595846437,-0.75,nan,1.2621972760305629,0.07245156496022,7.0,94.0,227.87522832759774,4376.022073803001,92.90731543481262,nan,2052.934570410827,4064845.241334767,0.0,nan
pd,10.0,1.0,replay,108,"demo_00 +5,-5 deg",demo_00,0.012400156209771519,True,7.3,False,0.00634476759524953,2.000000000000001,True,0.005934010027459218,0.06866029789024627,0.13803661441315548,0.24743228971033968,0.008936642781642391,-0.75,0.009999999999999787,0.016070875703891097,0.07245156496022,54.0,94.0,0.19643042718810255,500.0000000002842,1.597656983972196,7.3,216.84781442570647,535.8471842305595,0.0,nan
pd,10.0,1.0,esn,109,"demo_00 +5,-2.5 deg",,0.039753442219444934,False,nan,False,nan,0.0,False,1.3899451941552141,182.03924427173027,114.80886713477577,151.67295686752982,2.6823568603191568,-0.75,nan,1.4936426609753446,0.07245156496022,9.0,94.0,226.49895125416356,4360.0482368785215,91.61046551719956,nan,2062.5238092114555,4122157.917240136,0.0,nan
pd,10.0,1.0,replay,109,"demo_00 +5,-2.5 deg",demo_00,0.010878665805201863,True,7.3,False,0.00634476759524953,2.000000000000001,True,0.005934010027459218,0.06079560578976447,0.038342691738911,0.20668436320790548,0.024832131555988707,-0.75,0.009999999999999787,0.015605589732779073,0.07245156496022,56.0,94.0,0.1675805196920216,500.0000000002778,1.4097969761287708,7.3,216.84781442570647,528.9915391924812,0.0,nan
pd,10.0,1.0,esn,110,"demo_00 +5,+0 deg",,0.011966688740532786,False,nan,False,nan,0.0,False,1.3899451700072394,184.32873184448866,49.97898458660068,152.56406081014188,2.673969842208403,-0.75,nan,1.4850627378200298,0.07245156496022,8.0,94.0,229.3692936234668,4380.130453791832,92.64874066420954,nan,2042.1387616208099,4254322.099537293,0.0,nan
pd,10.0,1.0,replay,110,"demo_00 +5,+0 deg",demo_00,0.010973925656898439,True,7.3,False,0.00634476759524953,2.000000000000001,True,0.005934010027459218,0.07782771667400101,0.021102246042368804,0.19521939481092604,0.05923358315390428,-0.75,0.009999999999999787,0.015484037945346455,0.07245156496022,55.0,94.0,0.1613155547919586,500.0000000002778,1.4486487127283827,7.3,216.84781442570647,526.154042773395,0.0,nan
pd,10.0,1.0,esn,111,"demo_00 +5,+2.5 deg",,0.03402157030987241,False,nan,False,nan,0.0,False,1.389945187058996,190.55769223193266,34.087996277286805,154.9151445441151,2.693503007088601,-0.75,nan,1.734283754985571,0.07245156496022,10.0,94.0,232.07393325319197,4382.667273811642,92.33117113002636,nan,2055.149377835866,4307543.17391195,0.0,nan
pd,10.0,1.0,replay,111,"demo_00 +5,+2.5 deg",demo_00,0.012666763996947949,True,7.3,False,0.00634476759524953,2.000000000000001,True,0.005934010027459218,0.08843752971712236,0.01582018625677147,0.2176820151494888,0.09293732017957512,-0.75,0.009999999999999787,0.015714899326874157,0.07245156496022,51.0,94.0,0.17997185428130272,500.0000000002778,1.6999422524749,7.3,216.84781442570647,527.3300378719459,0.0,nan
pd,10.0,1.0,esn,112,"demo_00 +5,+5 deg",,0.06745354816718709,False,nan,False,nan,0.0,False,1.3899451797697047,190.80694911481825,26.984177523320916,154.97389014419036,2.685517878332676,-0.75,nan,1.6715879314267055,0.07245156496022,12.0,94.0,229.85534152418256,4392.024722370822,92.51633731325424,nan,2096.2666313285654,4173479.380643801,0.0,nan
pd,10.0,1.0,replay,112,"demo_00 +5,+5 deg",demo_00,0.01546149639045129,True,7.3,False,0.00634476759524953,2.000000000000001,True,0.005934010027459218,0.10086415969408348,0.014264346259673861,0.2655189446563516,0.11840443716586918,-0.75,0.009999999999999787,0.01628296956806228,0.07245156496022,47.0,94.0,0.21712975141323893,500.0000000002842,2.0895177579704463,7.3,216.84781442570647,532.5235937945939,0.0,nan
pd,10.0,1.0,esn,113,"demo_00 +5,+7.5 deg",,0.10115349606333267,False,nan,False,nan,0.0,False,1.3899451848347522,191.48538446685652,21.24339606760576,155.28398165626797,2.684861481451349,-0.75,nan,1.8282086951636012,0.07245156496022,12.0,94.0,231.18719331914042,5022.234631608258,94.74032145566535,nan,2104.5874708942797,4257024.553229869,0.0,nan
pd,10.0,1.0,replay,113,"demo_00 +5,+7.5 deg",demo_00,0.01889739721727389,True,7.3,False,0.00634476759524953,2.000000000000001,True,0.005934010027459218,0.12086054965185729,0.013408274121554865,0.3276943113325904,0.14529662439833216,-0.75,0.009999999999999787,0.017153640426571488,0.07245156496022,40.0,94.0,0.2649974686321458,750.0000000004198,2.555930112383863,7.3,216.84781442570647,541.7484971117959,0.0,nan
pd,10.0,1.0,esn,114,"demo_00 +5,+10 deg",,0.134490745318212,False,nan,False,nan,0.0,False,1.3899451873162636,191.89656948215392,17.163750960444325,155.45872571670841,2.680265588660856,-0.75,nan,1.9441825977619966,0.07245156496022,11.0,94.0,231.59724990457542,6587.212857284855,92.77422985089412,nan,2434.9466993761957,4306706.029172541,0.0,nan
pd,10.0,1.0,replay,114,"demo_00 +5,+10 deg",demo_00,0.022707651658525955,True,7.3,False,0.00634476759524953,2.000000000000001,True,0.005934010027459218,0.14154393978040591,0.012660074846084982,0.39741019615235473,0.17429161346317143,-0.75,0.009999999999999787,0.018281716633257505,0.07245156496022,34.0,94.0,0.31864323599408073,1000.0000000005556,3.0651799885685898,7.3,216.84781442570647,555.0293266454966,0.0,nan
pd,10.0,1.0,esn,115,"demo_00 +5,+12.5 deg",,0.16721189232253547,False,nan,False,nan,0.0,False,1.3899451873907358,192.04558952226347,14.26478827669919,155.5172935874316,2.6803323140777264,-0.75,nan,1.9881413600849955,0.07245156496022,12.0,94.0,231.66722271776305,8167.891344275972,94.36546560475581,nan,3111.516883000497,4355004.548857116,0.0,nan
pd,10.0,1.0,replay,115,"demo_00 +5,+12.5 deg",demo_00,0.026754714905708358,True,7.3,False,0.00634476759524953,2.000000000000001,True,0.005934010027459218,0.1641564894980847,0.012193237932521792,0.47119591287753987,0.2044537695868019,-0.75,0.009999999999999787,0.01962002543122842,0.07245156496022,25.0,94.0,0.3754437573096867,1250.0000000007042,3.599837572194696,7.3,216.84781442570647,572.4025865725164,0.0,nan
pd,10.0,1.0,esn,116,"demo_00 +5,+15 deg",,0.1990773446619319,False,nan,False,nan,0.0,False,1.3899451837609809,192.01157699932762,12.192251206104254,155.4841053958838,2.689937088532555,-0.75,nan,1.9608010547459835,0.07245156496022,12.0,94.0,230.89446094680966,9763.027558398388,91.6847685020485,nan,3798.5522974894257,4365480.602077125,0.0,nan
pd,10.0,1.0,replay,116,"demo_00 +5,+15 deg",demo_00,0.030966730346510728,True,7.3,False,0.00634476759524953,2.000000000000001,True,0.005934010027459218,0.18583918947884914,0.011800320155033515,0.5472655256683941,0.23528853643134554,-0.75,0.009999999999999787,0.02112507399053011,0.07245156496022,20.0,94.0,0.4339992716434833,1500.0000000008397,4.15060721736313,7.3,216.84781442570647,593.9178585471923,0.0,nan
pd,10.0,1.0,esn,117,"demo_00 +7.5,-15 deg",,0.22117083807259114,False,nan,False,nan,0.0,False,1.3899451361603108,194.66783702561304,27.811458221271483,156.619586914969,2.687157167225641,-0.75,nan,1.3306492291188066,0.07245156496022,7.0,94.0,227.87771805060865,8890.989948539564,89.86924685653337,nan,3855.983476841319,3971861.6342961662,0.0,nan
pd,10.0,1.0,replay,117,"demo_00 +7.5,-15 deg",demo_00,0.02837911645611059,True,7.3,False,0.00634476759524953,2.000000000000001,True,0.005934010027459218,0.15329496855893585,0.021900672852532013,0.5441042035593873,0.1199839651100773,-0.75,0.009999999999999787,0.02121348360912207,0.07245156496022,31.0,94.0,0.417557350051613,1500.0000000008336,3.645547903232563,7.3,325.2717216385596,1160.3616563507703,0.0,nan
pd,10.0,1.0,esn,118,"demo_00 +7.5,-12.5 deg",,0.18443773817966744,False,nan,False,nan,0.0,False,1.389945142646554,194.21825780267474,38.937482842222586,156.4113116157392,2.6847107074921475,-0.75,nan,1.248184926464662,0.07245156496022,7.0,94.0,226.3710516267444,7558.5640665486435,94.56399834696201,nan,3278.1161960536874,3889691.36164046,0.0,nan
pd,10.0,1.0,replay,118,"demo_00 +7.5,-12.5 deg",demo_00,0.02480414520839612,True,7.3,False,0.00634476759524953,2.000000000000001,True,0.005934010027459218,0.12444337515652067,0.02494879647158775,0.4723147020473245,0.08510621268916044,-0.75,0.009999999999999787,0.01976844963724096,0.07245156496022,38.0,94.0,0.3620236376512632,1250.0000000006978,3.177692942764381,7.3,325.2717216385596,1138.2344655734787,0.0,nan
pd,10.0,1.0,esn,119,"demo_00 +7.5,-10 deg",,0.1481762642728479,False,nan,False,nan,0.0,False,1.3899451831707463,191.19564981574973,62.781023470777846,155.02486781131162,2.6778821104954784,-0.75,nan,1.4589129370699956,0.07245156496022,9.0,94.0,231.65229741451788,6206.745580783462,93.66951866649178,nan,2691.838427777119,4297638.628315648,0.0,nan
pd,10.0,1.0,replay,119,"demo_00 +7.5,-10 deg",demo_00,0.021585848635504525,True,7.3,False,0.00634476759524953,2.000000000000001,True,0.005934010027459218,0.09753447391826464,0.03202643000598298,0.4053634447559515,0.05020254760433478,-0.75,0.009999999999999787,0.01851973741736993,0.07245156496022,42.0,94.0,0.3106685760364347,1000.0000000005556,2.7593030375663514,7.3,325.2717216385596,1119.791699649974,0.0,nan
pd,10.0,1.0,esn,120,"demo_00 +7.5,-7.5 deg",,0.11240768345045604,False,nan,False,nan,0.0,False,1.3899451903209856,188.522104559845,195.86160602064928,154.16000078218502,2.6666386364840706,-0.75,nan,1.466397813367195,0.07245156496022,9.0,94.0,231.31633712157725,4834.077406102685,92.16442343967614,nan,2096.518240554948,4307594.640539839,0.0,nan
pd,10.0,1.0,replay,120,"demo_00 +7.5,-7.5 deg",demo_00,0.018894499659905202,True,7.3,False,0.00634476759524953,2.000000000000001,True,0.005934010027459218,0.07444601650769916,0.0773443325867872,0.3461124781370374,0.015389184215540858,-0.75,0.009999999999999787,0.017511675017372753,0.07245156496022,47.0,94.0,0.2659678074272605,750.0000000004198,2.4160544197348823,7.3,325.2717216385596,1105.0074770508593,0.0,nan
pd,10.0,1.0,esn,121,"demo_00 +7.5,-5 deg",,0.0772758526292263,False,nan,False,nan,0.0,False,1.389945190420894,186.52880510848655,207.59061583585503,153.44415787603927,2.6777458691586458,-0.75,nan,1.2557705391402227,0.07245156496022,7.0,94.0,229.03620779994662,4372.661918422112,92.85441702586537,nan,2050.398830122366,4129038.6473148745,0.0,nan
pd,10.0,1.0,replay,121,"demo_00 +7.5,-5 deg",demo_00,0.01697569271948017,True,7.3,False,0.00634476759524953,2.000000000000001,True,0.005934010027459218,0.06412363429630966,0.07136412376341567,0.2991901217515366,0.01736808309573469,-0.75,0.009999999999999787,0.016789605263560593,0.07245156496022,49.0,94.0,0.23181781862787157,750.0000000004168,2.18382441123963,7.3,325.2717216385596,1093.8608627717033,0.0,nan
pd,10.0,1.0,esn,122,"demo_00 +7.5,-2.5 deg",,0.04349597362859968,False,nan,False,nan,0.0,False,1.3899451820721822,178.7046598438477,64.29012282511579,150.5721436796347,2.682235320638013,-0.75,nan,1.1293565326725568,0.07245156496022,5.0,94.0,213.44670546483113,4128.902904295185,88.71674343116594,nan,2014.733597369623,3321596.1481110943,0.0,nan
pd,10.0,1.0,replay,122,"demo_00 +7.5,-2.5 deg",demo_00,0.016108317794284732,True,7.3,False,0.00634476759524953,2.000000000000001,True,0.005934010027459218,0.07348490767297369,0.026436656683803975,0.27105621356767845,0.04844207958889112,-0.75,0.009999999999999787,0.016392769161871105,0.07245156496022,49.0,94.0,0.21331831246021601,750.0000000004168,2.1002376547671413,7.3,325.2717216385596,1086.3366474287257,0.0,nan
pd,10.0,1.0,esn,123,"demo_00 +7.5,+0 deg",,0.018187462181260168,False,nan,False,nan,0.0,False,1.3899451850971913,188.72955997593994,38.33583663272131,154.29501654772636,2.6876635593224867,-0.75,nan,1.2659851615896587,0.07245156496022,8.0,94.0,229.69547455068783,4384.376653415311,91.33655354329875,nan,2078.2482629455635,4120068.113273923,0.0,nan
pd,10.0,1.0,replay,123,"demo_00 +7.5,+0 deg",demo_00,0.01646699519358254,True,7.3,False,0.00634476759524953,2.000000000000001,True,0.005934010027459218,0.0874081217989875,0.017754841785707413,0.2676377266925058,0.07999982004599673,-0.75,0.009999999999999787,0.01634557319642721,0.07245156496022,47.0,94.0,0.21447964500946978,750.0000000004168,2.183130745728767,7.3,325.2717216385596,1082.4262823314,0.0,nan
pd,10.0,1.0,esn,124,"demo_00 +7.5,+2.5 deg",,0.034981342471608966,False,nan,False,nan,0.0,False,1.3899451802132075,189.95763406928495,26.70537302510792,154.56309841198734,2.6898117616413173,-0.75,nan,1.6154891674028062,0.07245156496022,10.0,94.0,229.27166315878517,4391.333957176483,91.91492585215741,nan,2103.5244784780452,4105462.0410002302,0.0,nan
pd,10.0,1.0,replay,124,"demo_00 +7.5,+2.5 deg",demo_00,0.017991631357297033,True,7.3,False,0.00634476759524953,2.000000000000001,True,0.005934010027459218,0.10499085629202032,0.014760238488131723,0.28970795669533167,0.11257013672815284,-0.75,0.009999999999999787,0.01665087138941295,0.07245156496022,42.0,94.0,0.23489221225592186,750.0000000004168,2.4162191896720824,7.3,325.2717216385596,1082.1289797370068,0.0,nan
pd,10.0,1.0,esn,125,"demo_00 +7.5,+5 deg",,0.06708320283927205,False,nan,False,nan,0.0,False,1.3899451831590628,191.1851998722235,21.21009357689642,155.13813952338012,2.683961995563327,-0.75,nan,1.7321803776967521,0.07245156496022,12.0,94.0,230.64753119809,4453.076182825029,94.70697847157675,nan,2102.272998443456,4209069.376817161,0.0,nan
pd,10.0,1.0,replay,125,"demo_00 +7.5,+5 deg",demo_00,0.02043941870692418,True,7.3,False,0.00634476759524953,2.000000000000001,True,0.005934010027459218,0.12419102831349495,0.013777757554981736,0.3320950661109291,0.14584193345672294,-0.75,0.009999999999999787,0.01728900350635965,0.07245156496022,38.0,94.0,0.27008019636891195,750.0000000004168,2.762520857075007,7.3,325.2717216385596,1085.452984474989,0.0,nan
pd,10.0,1.0,esn,126,"demo_00 +7.5,+7.5 deg",,0.10037229977565705,False,nan,False,nan,0.0,False,1.3899451861838974,191.62187718026053,18.06628383704774,155.34170168467884,2.6749588698118116,-0.75,nan,1.856589504690966,0.07245156496022,12.0,94.0,231.32512490082868,5224.711831759453,93.0726858726211,nan,2077.986040779715,4255677.328212481,0.0,nan
pd,10.0,1.0,replay,126,"demo_00 +7.5,+7.5 deg",demo_00,0.023542412187323537,True,7.3,False,0.00634476759524953,2.000000000000001,True,0.005934010027459218,0.14529906180934749,0.0136989269207244,0.3880514612805506,0.17450102488327288,-0.75,0.009999999999999787,0.01822315700293458,0.07245156496022,32.0,94.0,0.31496455373879423,750.0000000004198,3.1860280585066807,7.3,325.2717216385596,1092.4170179183245,0.0,nan
pd,10.0,1.0,esn,127,"demo_00 +7.5,+10 deg",,0.13354721853079538,False,nan,False,nan,0.0,False,1.3899451880467313,192.0334738977529,15.362677911820246,155.5148596905156,2.6881845371671345,-0.75,nan,1.9892050535369983,0.07245156496022,11.0,94.0,231.78976256675298,6786.432735750609,91.8673312803758,nan,2358.4234136049417,4313275.561525615,0.0,nan
pd,10.0,1.0,replay,127,"demo_00 +7.5,+10 deg",demo_00,0.02709535025584602,True,7.3,False,0.00634476759524953,2.000000000000001,True,0.005934010027459218,0.16691807702955885,0.01335344616236472,0.45241077629364895,0.1998017210383359,-0.75,0.009999999999999787,0.019407892068058333,0.07245156496022,24.0,94.0,0.36581329049128725,1000.0000000005556,3.6606095096476263,7.3,325.2717216385596,1103.0518872227021,0.0,nan
pd,10.0,1.0,esn,128,"demo_00 +7.5,+12.5 deg",,0.16621643589287535,False,nan,False,nan,0.0,False,1.389945187358877,192.11629260223393,13.179068945642936,155.54526785150026,2.6775490622497413,-0.75,nan,2.011031646342062,0.07245156496022,12.0,94.0,231.63385287420354,8363.868309117825,92.99916940975054,nan,3037.8252818060555,4343467.475088913,0.0,nan
pd,10.0,1.0,replay,128,"demo_00 +7.5,+12.5 deg",demo_00,0.03096242927588055,True,7.3,False,0.00634476759524953,2.000000000000001,True,0.005934010027459218,0.1888288579417529,0.012953552788434559,0.5219046465948642,0.22677381360346685,-0.75,0.009999999999999787,0.020796858233001824,0.07245156496022,20.0,94.0,0.42027555447811993,1250.0000000007042,4.1692613436386985,7.3,325.2717216385596,1117.4022411456244,0.0,nan
pd,10.0,1.0,esn,129,"demo_00 +7.5,+15 deg",,0.1980968249467206,False,nan,False,nan,0.0,False,1.3899451802672027,191.9890969215446,11.448017910809844,155.4729566346971,2.675641044405102,-0.75,nan,1.9459465029913101,0.07245156496022,11.0,94.0,230.34580881578518,9955.779446002283,93.61536665034403,nan,3727.6613763609917,4324699.563298925,0.0,nan
pd,10.0,1.0,replay,129,"demo_00 +7.5,+15 deg",demo_00,0.03505767891848326,True,7.3,False,0.00634476759524953,2.000000000000001,True,0.005934010027459218,0.21176637829521883,0.01262730712578787,0.5945587731343236,0.2548442867216327,-0.75,0.009999999999999787,0.02234763860043447,0.07245156496022,14.0,94.0,0.4769141711655545,1500.0000000008397,4.7011427443290446,7.3,325.2717216385596,1135.5284379040058,0.0,nan
pd,10.0,1.0,esn,130,"demo_00 +10,-15 deg",,0.22360352748516846,False,nan,False,nan,0.0,False,1.389945134979875,194.9208076387349,35.17391625405308,156.73353951443804,2.6862432927336934,-0.75,nan,1.4179436655559492,0.07245156496022,7.0,94.0,228.23756754882595,9138.896944252523,90.01408750911727,nan,3963.4996572436576,3987991.7718999195,0.0,nan
pd,10.0,1.0,replay,130,"demo_00 +10,-15 deg",demo_00,0.03160848607653981,True,7.3,False,0.00634476759524953,2.000000000000001,True,0.005934010027459218,0.13855027781383653,0.025001722124155797,0.5732039259860443,0.09499767659709164,-0.75,0.009999999999999787,0.021906956356800955,0.07245156496022,28.0,94.0,0.4348650117574046,1500.0000000008336,4.0027673254397245,7.3,433.69562885141295,1941.9239566728374,0.0,nan
pd,10.0,1.0,esn,131,"demo_00 +10,-12.5 deg",,0.18701734885869523,False,nan,False,nan,0.0,False,1.3899451383320476,194.6386603799596,55.77253625811724,156.6008243801174,2.677509707201814,-0.75,nan,1.3415647579324463,0.07245156496022,7.0,94.0,227.30573418431237,7801.309526654025,93.22690783099016,nan,3383.3938410248597,3922463.4319910514,0.0,nan
pd,10.0,1.0,replay,131,"demo_00 +10,-12.5 deg",demo_00,0.028370335962619665,True,7.3,False,0.00634476759524953,2.000000000000001,True,0.005934010027459218,0.10782123888162494,0.030895526835118446,0.506786017151125,0.06025914668954708,-0.75,0.009999999999999787,0.020502456710368964,0.07245156496022,34.0,94.0,0.3833007334531119,1250.0000000006978,3.592808105716839,7.3,433.69562885141295,1920.4890476117055,0.0,nan
pd,10.0,1.0,esn,132,"demo_00 +10,-10 deg",,0.15094479634642086,False,nan,False,nan,0.0,False,1.3899451476618119,194.60700549471494,128.99150715134527,156.5844830761331,2.6789328147458216,-0.75,nan,1.370486582535469,0.07245156496022,6.0,94.0,224.83081166096045,6444.01120219055,94.64588707856113,nan,2794.7394906580303,3798553.8685578625,0.0,nan
pd,10.0,1.0,replay,132,"demo_00 +10,-10 deg",demo_00,0.025578411180178055,True,7.3,False,0.00634476759524953,2.000000000000001,True,0.005934010027459218,0.07962979370635834,0.052781075779992,0.4474091692180393,0.026470472397243185,-0.75,0.009999999999999787,0.01931356103497619,0.07245156496022,38.0,94.0,0.3380662564034416,1000.0000000005556,3.2468246704350547,7.3,433.69562885141295,1902.25951465755,0.0,nan
pd,10.0,1.0,esn,133,"demo_00 +10,-7.5 deg",,0.11544928551098324,False,nan,False,nan,0.0,False,1.3899458523557722,184.48341337834842,711.2911138393926,151.92962025228996,2.68771202191214,-0.75,nan,2.24931049063672,0.07245156496022,17.0,94.0,223.62186231163466,5065.585220683289,92.87070341075211,nan,2196.9221677834435,4272857.025615259,0.0,nan
pd,10.0,1.0,replay,133,"demo_00 +10,-7.5 deg",demo_00,0.023383316886332106,True,7.3,False,0.00634476759524953,2.000000000000001,True,0.005934010027459218,0.0625491835637056,0.24116356929893162,0.39817879367684494,0.015949765138040688,-0.75,0.009999999999999787,0.018383582243359547,0.07245156496022,40.0,94.0,0.301943379238075,1000.0000000005556,2.9870323261299503,7.3,433.69562885141295,1887.214796199544,0.0,nan
pd,10.0,1.0,esn,134,"demo_00 +10,-5 deg",,0.08078361154107198,False,nan,False,nan,0.0,False,1.3899451789244714,189.401463252255,83.13026304696805,154.4778661912684,2.676491670173765,-0.75,nan,1.247489224216483,0.07245156496022,7.0,94.0,228.56459679127158,4400.327289328237,93.56368670940618,nan,2069.821409706886,4041369.3236989663,0.0,nan
pd,10.0,1.0,replay,134,"demo_00 +10,-5 deg",demo_00,0.021960152336287918,True,7.3,False,0.00634476759524953,2.000000000000001,True,0.005934010027459218,0.0700665582583437,0.0307529378009833,0.3631630534783796,0.03836250192602888,-0.75,0.009999999999999787,0.0177543775582038,0.07245156496022,41.0,94.0,0.2783970621168262,1000.0000000005556,2.8373451982587716,7.3,433.69562885141295,1875.3384431698325,0.0,nan
pd,10.0,1.0,esn,135,"demo_00 +10,-2.5 deg",,0.048019108584960696,False,nan,False,nan,0.0,False,1.389945183656121,189.40524622853687,43.720126392732254,154.52627127924274,2.688327949801696,-0.75,nan,1.2813621306708103,0.07245156496022,8.0,94.0,230.71134155566722,4332.77701456247,90.56486824020898,nan,2068.8170929945154,4180298.651785914,0.0,nan
pd,10.0,1.0,replay,135,"demo_00 +10,-2.5 deg",demo_00,0.02146406113794969,True,7.3,False,0.00634476759524953,2.000000000000001,True,0.005934010027459218,0.08515376626553878,0.019655915018607424,0.34658622506476067,0.07240450861469995,-0.75,0.009999999999999787,0.017459127788424202,0.07245156496022,40.0,94.0,0.2705947586580164,1000.0000000005556,2.8157282566255954,7.3,433.69562885141295,1866.6191630924204,0.0,nan
pd,10.0,1.0,esn,136,"demo_00 +10,+0 deg",,0.024581598561845185,False,nan,False,nan,0.0,False,1.3899451853527456,190.9104889467295,30.246894564980526,155.06012470086645,2.680880047055187,-0.75,nan,1.7162875435765412,0.07245156496022,10.0,94.0,231.7857649664051,4393.204781557723,92.63575648243153,nan,2061.9474801996967,4280065.300206882,0.0,nan
pd,10.0,1.0,replay,136,"demo_00 +10,+0 deg",demo_00,0.02196431737462796,True,7.3,False,0.00634476759524953,2.000000000000001,True,0.005934010027459218,0.10774879421386682,0.01707117527209311,0.35093201976187227,0.1058543260919547,-0.75,0.009999999999999787,0.017514714139642586,0.07245156496022,38.0,94.0,0.2796938097450893,1000.0000000005556,2.9255154265949823,7.3,433.69562885141295,1861.052076567269,0.0,nan
pd,10.0,1.0,esn,137,"demo_00 +10,+2.5 deg",,0.036864459285050145,False,nan,False,nan,0.0,False,1.3899451777118905,190.70415163386332,22.950062020776905,154.8963811193477,2.6680283924376322,-0.75,nan,1.6171727457881504,0.07245156496022,12.0,94.0,229.32422121057488,4434.6315870351145,93.88749644155344,nan,2089.986251549115,4129551.7040357436,0.0,nan
pd,10.0,1.0,replay,137,"demo_00 +10,+2.5 deg",demo_00,0.02340775751751976,True,7.3,False,0.00634476759524953,2.000000000000001,True,0.005934010027459218,0.13123443168148738,0.015793250018667833,0.3753132184512135,0.13870252535074024,-0.75,0.009999999999999787,0.01791709650425427,0.07245156496022,34.0,94.0,0.3039960787649211,1000.0000000005556,3.1535649509300443,7.3,433.69562885141295,1858.6402047747436,0.0,nan
pd,10.0,1.0,esn,138,"demo_00 +10,+5 deg",,0.06709858160582424,False,nan,False,nan,0.0,False,1.3899451845333313,191.41205365281488,18.208616647459447,155.23438463075803,2.6798015991609643,-0.75,nan,1.7792842083061893,0.07245156496022,12.0,94.0,230.95060145900177,4399.403652487493,92.83805197803146,nan,2084.9375337360166,4212783.801457708,0.0,nan
pd,10.0,1.0,replay,138,"demo_00 +10,+5 deg",demo_00,0.025649206106611436,True,7.3,False,0.00634476759524953,2.000000000000001,True,0.005934010027459218,0.15665992651744098,0.014902721597403959,0.4160445415375611,0.16915632331885433,-0.75,0.009999999999999787,0.018642232733202754,0.07245156496022,28.0,94.0,0.34005709823261204,1000.0000000005556,3.4772189771737128,7.3,433.69562885141295,1859.3962041856728,0.0,nan
pd,10.0,1.0,esn,139,"demo_00 +10,+7.5 deg",,0.09975736761712867,False,nan,False,nan,0.0,False,1.3899451871698367,191.7676213958194,15.341409711665554,155.4017769257916,2.6835529662839503,-0.75,nan,1.8681377942922994,0.07245156496022,12.0,94.0,231.5497756183516,5424.105682371451,94.48989426220515,nan,2098.0329609291466,4272194.749979075,0.0,nan
pd,10.0,1.0,replay,139,"demo_00 +10,+7.5 deg",demo_00,0.028516395756803054,True,7.3,False,0.00634476759524953,2.000000000000001,True,0.005934010027459218,0.1801883591179041,0.014415068729432332,0.46869133504515104,0.1998996243484283,-0.75,0.009999999999999787,0.01965197570667501,0.07245156496022,23.0,94.0,0.3843670322432142,1000.0000000005556,3.8730333035479676,7.3,433.69562885141295,1863.3443594903586,0.0,nan
pd,10.0,1.0,esn,140,"demo_00 +10,+10 deg",,0.13265935757416492,False,nan,False,nan,0.0,False,1.3899451882958611,192.08391218642961,13.582383686386578,155.53631270634176,2.6831919298962115,-0.75,nan,1.9743405558633482,0.07245156496022,11.0,94.0,231.88352363637978,6982.512601376935,94.47018611604754,nan,2277.27633498272,4316373.387106015,0.0,nan
pd,10.0,1.0,replay,140,"demo_00 +10,+10 deg",demo_00,0.031856818007807555,True,7.3,False,0.00634476759524953,2.000000000000001,True,0.005934010027459218,0.2012885384575087,0.014233249051843365,0.5295082152468535,0.22838490988506888,-0.75,0.009999999999999787,0.02090180769124644,0.07245156496022,16.0,94.0,0.43418032953527375,1000.0000000005556,4.321541406916033,7.3,433.69562885141295,1870.5228368896226,0.0,nan
pd,10.0,1.0,esn,141,"demo_00 +10,+12.5 deg",,0.16521055307884816,False,nan,False,nan,0.0,False,1.3899451872673507,192.1807115049961,12.005433871265655,155.57077711360589,2.6712707981258994,-0.75,nan,2.0055964902555696,0.07245156496022,11.0,94.0,231.72136232544162,8556.62734630763,93.3435503794776,nan,2959.465739701754,4347070.524725855,0.0,nan
pd,10.0,1.0,replay,141,"demo_00 +10,+12.5 deg",demo_00,0.03555322071394344,True,7.3,False,0.00634476759524953,2.000000000000001,True,0.005934010027459218,0.22388180460872437,0.01398578545766173,0.5957840865196908,0.25224035825029306,-0.75,0.009999999999999787,0.022347309632560288,0.07245156496022,11.0,94.0,0.48757306927850724,1250.0000000007042,4.808160599730907,7.3,433.69562885141295,1880.9861862712874,0.0,nan
pd,10.0,1.0,esn,142,"demo_00 +10,+15 deg",,0.19706197835238434,False,nan,False,nan,0.0,False,1.3899451452832696,193.1107511925538,10.711857157971094,155.9255142042464,2.5776561823128854,-0.75,nan,1.540179465343343,0.07245156496022,12.0,94.0,203.8240387903505,10145.214014987529,50.94476446142428,nan,3652.0527973938447,2777805.5567284524,0.0,nan
pd,10.0,1.0,replay,142,"demo_00 +10,+15 deg",demo_00,0.039520944082714865,True,7.3,False,0.00634476759524953,2.000000000000001,True,0.005934010027459218,0.24678383055447908,0.013689103923378318,0.6656649898241441,0.2774571283956704,-0.75,0.009999999999999787,0.023948034931849105,0.07245156496022,6.0,94.0,0.5432378469227811,1500.0000000008397,5.322379093355552,7.3,433.69562885141295,1894.8080613231891,0.0,nan
pd,10.0,1.0,esn,143,"demo_00 +12.5,-15 deg",,0.2264165200528611,False,nan,False,nan,0.0,False,1.389945134270323,195.08116168025495,45.801601484050124,156.81209482117325,2.6680955557371098,-0.75,nan,1.461903276876765,0.07245156496022,7.0,94.0,228.58737789023894,9396.56975708607,91.56933059902177,nan,4075.2512298433526,4009610.8051049793,0.0,nan
pd,10.0,1.0,replay,143,"demo_00 +12.5,-15 deg",demo_00,0.03536867556729633,True,7.3,False,0.00634476759524953,2.000000000000001,True,0.005934010027459218,0.12085765777303606,0.028375237413693237,0.6090210370467549,0.06979513934927224,-0.75,0.009999999999999787,0.022710883256371245,0.07245156496022,24.0,94.0,0.4566502906149349,1500.0000000008336,4.442738582433466,7.3,542.1195360642661,2948.514108386397,0.0,nan
pd,10.0,1.0,esn,144,"demo_00 +12.5,-12.5 deg",,0.19000791550127405,False,nan,False,nan,0.0,False,1.3899451364967033,194.89142265333848,89.37889967300968,156.72417352820935,2.6802418813358266,-0.75,nan,1.4327801710016783,0.07245156496022,7.0,94.0,227.77572980663598,8053.854957268185,91.13924322511754,nan,3492.921690368556,3941010.4236012185,0.0,nan
pd,10.0,1.0,replay,144,"demo_00 +12.5,-12.5 deg",demo_00,0.03244974965073256,True,7.3,False,0.00634476759524953,2.000000000000001,True,0.005934010027459218,0.08880881182464152,0.040728492686272974,0.549306823188607,0.03511043564960371,-0.75,0.009999999999999787,0.021377230095849648,0.07245156496022,28.0,94.0,0.4106997203914055,1250.0000000006978,4.089774448883849,7.3,542.1195360642661,2927.4382015868464,0.0,nan
pd,10.0,1.0,esn,145,"demo_00 +12.5,-10 deg",,0.15416537384840287,False,nan,False,nan,0.0,False,1.38994513977126,194.7110727876127,nan,156.64605390273724,2.687270226037726,-0.75,nan,1.4211343580333058,0.07245156496022,7.0,94.0,226.72234913243855,6691.110798710971,90.57334364184344,nan,2901.9055055598255,3872113.8170796684,0.0,nan
pd,10.0,1.0,replay,145,"demo_00 +12.5,-10 deg",demo_00,0.030023847061390312,True,7.3,False,0.00634476759524953,2.000000000000001,True,0.005934010027459218,0.06386230605628973,nan,0.49889507144355993,0.016079045588713075,-0.75,0.009999999999999787,0.02028009235083384,0.07245156496022,32.0,94.0,0.3735572809437538,1250.0000000006946,3.808400246538799,7.3,542.1195360642661,2909.0325081799565,0.0,nan
pd,10.0,1.0,esn,146,"demo_00 +12.5,-7.5 deg",,0.11900018469390834,False,nan,False,nan,0.0,False,1.3899452054131551,191.06870986191925,105.80336742915927,154.862929405338,2.6905345609050446,-0.75,nan,1.5709007703218991,0.07245156496022,10.0,94.0,222.63346660932888,5306.963789460704,94.24331528516063,nan,2301.606997960562,3902021.76428242,0.0,nan
pd,10.0,1.0,replay,146,"demo_00 +12.5,-7.5 deg",demo_00,0.028210770122843332,True,7.3,False,0.00634476759524953,2.000000000000001,True,0.005934010027459218,0.06593655891373129,0.036512048334892355,0.4607034291388288,0.03162118032285779,-0.75,0.009999999999999787,0.019460220188101094,0.07245156496022,34.0,94.0,0.3478703971755273,1250.0000000006946,3.6153142851352977,7.3,542.1195360642661,2893.2813269682842,0.0,nan
pd,10.0,1.0,esn,147,"demo_00 +12.5,-5 deg",,0.08487959453200868,False,nan,False,nan,0.0,False,1.3899451827326372,191.85714002185927,51.385494100866474,155.34434716461485,2.6924563537211754,-0.75,nan,1.8651788840042351,0.07245156496022,9.0,94.0,232.58433544738628,4429.631248552189,93.16225531244383,nan,2091.5529839779697,4348837.182020515,0.0,nan
pd,10.0,1.0,replay,147,"demo_00 +12.5,-5 deg",demo_00,0.027130413638610365,True,7.3,False,0.00634476759524953,2.000000000000001,True,0.005934010027459218,0.08628197289531646,0.02310907901951555,0.4377767489045345,0.06517990314131415,-0.75,0.009999999999999787,0.018954080260086402,0.07245156496022,33.0,94.0,0.33607229295909946,1250.0000000006946,3.5251830793682077,7.3,542.1195360642661,2880.1722840662555,0.0,nan
pd,10.0,1.0,esn,148,"demo_00 +12.5,-2.5 deg",,0.05318095122402593,False,nan,False,nan,0.0,False,1.38994518364858,191.46411344040843,33.177974804349226,155.23113399066682,2.692102610453567,-0.75,nan,1.7909903344103748,0.07245156496022,9.0,94.0,232.64896419915098,4391.806179916741,92.63093697974016,nan,2066.2436759305815,4346714.882914489,0.0,nan
pd,10.0,1.0,replay,148,"demo_00 +12.5,-2.5 deg",demo_00,0.026872605841178458,True,7.3,False,0.00634476759524953,2.000000000000001,True,0.005934010027459218,0.10974971063906389,0.019018045047385836,0.43236606063934707,0.09815520019078573,-0.75,0.009999999999999787,0.018787074117779728,0.07245156496022,29.0,94.0,0.33939450809736393,1250.0000000006946,3.5461438648422825,7.3,542.1195360642661,2869.6976902348456,0.0,nan
pd,10.0,1.0,esn,149,"demo_00 +12.5,+0 deg",,0.03114655425632364,False,nan,False,nan,0.0,False,1.389945133503621,193.10516791462967,24.59174755233298,155.86356593277392,2.6129556454867413,-0.75,nan,1.6604826519913416,0.07245156496022,11.0,94.0,204.62618172887335,3242.1667098696353,60.99827127620615,nan,1542.3698426728906,2499898.578464278,0.0,nan
pd,10.0,1.0,replay,149,"demo_00 +12.5,+0 deg",demo_00,0.027466028906323506,True,7.3,False,0.00634476759524953,2.000000000000001,True,0.005934010027459218,0.13681224747387566,0.01742290114903737,0.44490995727847105,0.13036033312299372,-0.75,0.009999999999999787,0.018967615110623278,0.07245156496022,26.0,94.0,0.3571826719565845,1250.0000000006946,3.6766671715910926,7.3,542.1195360642661,2861.856177455709,0.0,nan
pd,10.0,1.0,esn,150,"demo_00 +12.5,+2.5 deg",,0.03962545035123637,False,nan,False,nan,0.0,False,1.3899451820333795,191.1502262908829,19.413411257616914,155.09462178062748,2.689019294227948,-0.75,nan,1.6955458283217344,0.07245156496022,12.0,94.0,230.2119828654838,4426.977725520471,91.11531535121205,nan,2105.32500554586,4169957.62352598,0.0,nan
pd,10.0,1.0,replay,150,"demo_00 +12.5,+2.5 deg",demo_00,0.028867179078401726,True,7.3,False,0.00634476759524953,2.000000000000001,True,0.005934010027459218,0.16471774358794833,0.016728901449655522,0.47376932454345017,0.1629235498800576,-0.75,0.009999999999999787,0.019484806803530565,0.07245156496022,23.0,94.0,0.38720468757294574,1250.0000000006946,3.9061803504329036,7.3,542.1195360642661,2856.654643751861,0.0,nan
pd,10.0,1.0,esn,151,"demo_00 +12.5,+5 deg",,0.06755177384811306,False,nan,False,nan,0.0,False,1.3899451857916532,191.60919886985474,16.272006923219735,155.31723088649716,2.6894658375265696,-0.75,nan,1.8262166038068504,0.07245156496022,12.0,94.0,231.26429525662667,4379.755820386056,91.50032561172351,nan,2096.650273636268,4234099.913546679,0.0,nan
pd,10.0,1.0,replay,151,"demo_00 +12.5,+5 deg",demo_00,0.03097806863101421,True,7.3,False,0.00634476759524953,2.000000000000001,True,0.005934010027459218,0.19352013251383354,0.01643428893091059,0.5159857826215046,0.1948522095664307,-0.75,0.009999999999999787,0.020310936672615243,0.07245156496022,18.0,94.0,0.4266311926536433,1250.0000000006946,4.218913184941316,7.3,542.1195360642661,2854.11053337963,0.0,nan
pd,10.0,1.0,esn,152,"demo_00 +12.5,+7.5 deg",,0.09934811743158846,False,nan,False,nan,0.0,False,1.3899451878581026,191.9700924160927,13.822967309414691,155.4839977320198,2.687002274908386,-0.75,nan,1.935540842799423,0.07245156496022,12.0,94.0,231.76548456602157,5620.36124419395,93.7845190959691,nan,2106.388563718302,4279342.029368749,0.0,nan
pd,10.0,1.0,replay,152,"demo_00 +12.5,+7.5 deg",demo_00,0.03367843906132893,True,7.3,False,0.00634476759524953,2.000000000000001,True,0.005934010027459218,0.22019834176948583,0.015855566049682055,0.5683496669449926,0.2252961431955169,-0.75,0.009999999999999787,0.021407426152388744,0.07245156496022,15.0,94.0,0.47284876143408555,1250.0000000006946,4.5981726444933555,7.3,542.1195360642661,2854.254474161421,0.0,nan
pd,10.0,1.0,esn,153,"demo_00 +12.5,+10 deg",,0.13185582371385127,False,nan,False,nan,0.0,False,1.3899451885363694,192.17196015652095,12.004887178860484,155.5696086669128,2.6776729436664355,-0.75,nan,1.985901225880964,0.07245156496022,12.0,94.0,232.00338717177343,7175.382594920237,92.8298444960913,nan,2191.6310314084776,4318467.34902802,0.0,nan
pd,10.0,1.0,replay,153,"demo_00 +12.5,+10 deg",demo_00,0.03685250544014402,True,7.3,False,0.00634476759524953,2.000000000000001,True,0.005934010027459218,0.24462645569163172,0.015281693537135424,0.6280732279970676,0.25385915395449044,-0.75,0.009999999999999787,0.02273147024021675,0.07245156496022,9.0,94.0,0.5237816860002389,1250.0000000006946,5.029036595401064,7.3,542.1195360642661,2857.133283663539,0.0,nan
pd,10.0,1.0,esn,154,"demo_00 +12.5,+12.5 deg",,0.16421595676367365,False,nan,False,nan,0.0,False,1.3899451824214186,192.06959084790185,10.86509681186216,155.51682183407658,2.682198850678475,-0.75,nan,1.9443896238818956,0.07245156496022,11.0,94.0,230.9693743320971,8746.08368448437,94.75489143430235,nan,2876.5565474621194,4301135.418073419,0.0,nan
pd,10.0,1.0,replay,154,"demo_00 +12.5,+12.5 deg",demo_00,0.0404022243032665,True,7.3,False,0.00634476759524953,2.000000000000001,True,0.005934010027459218,0.2678957658536343,0.01515447301490146,0.6929862750526198,0.2799546929467543,-0.75,0.009999999999999787,0.024241182298598146,0.07245156496022,5.0,94.0,0.5778869593501874,1250.0000000007042,5.499302956498458,7.3,542.1195360642661,2862.8133397130264,0.0,nan
pd,10.0,1.0,esn,155,"demo_00 +12.5,+15 deg",,0.19598981661962936,False,nan,False,nan,0.0,False,1.3899451444594715,192.09061207102587,9.837873053589773,155.5442866996655,2.585897114344374,-0.75,nan,1.8739454102287603,0.07245156496022,9.0,94.0,202.0856239776202,10331.231729858144,64.20033852953858,nan,3571.837853933674,2754643.5742477463,0.0,nan
pd,10.0,1.0,replay,155,"demo_00 +12.5,+15 deg",demo_00,0.044249942324073845,True,7.3,False,0.00634476759524953,2.000000000000001,True,0.005934010027459218,0.29174041268211154,0.01494141287606121,0.7614762809656408,0.30240424173805164,-0.75,0.009999999999999787,0.025898524630634488,0.07245156496022,4.0,94.0,0.6340367558892289,1500.0000000008397,5.9993970174004705,7.3,542.1195360642661,2871.3842868392503,0.0,nan
pd,10.0,1.0,esn,156,"demo_00 +15,-15 deg",,0.22960153763739685,False,nan,False,nan,0.0,False,1.38994513389604,195.22079163679027,72.14681729024242,156.88434777016863,2.677948549089022,-0.75,nan,1.510197032874117,0.07245156496022,7.0,94.0,228.8863046741052,9663.540449560474,92.36359577973383,nan,4191.035252200869,4029327.6933620805,0.0,nan
pd,10.0,1.0,replay,156,"demo_00 +15,-15 deg",demo_00,0.039508256627113526,True,7.3,False,0.00634476759524953,2.000000000000001,True,0.005934010027459218,0.10020092010936951,0.03703077635754494,0.6512623833230597,0.04794521873159675,-0.75,0.009999999999999787,0.023632210198401987,0.07245156496022,21.0,94.0,0.48332505407367454,1500.0000000008336,4.944952469423939,7.3,650.5434432771192,4180.10879021403,0.0,nan
pd,10.0,1.0,esn,157,"demo_00 +15,-12.5 deg",,0.19339924682502865,False,nan,False,nan,0.0,False,1.389945135671593,195.0807937543843,257.86535404193893,156.8227135444379,2.6860564545895396,-0.75,nan,1.4974416340776064,0.07245156496022,7.0,94.0,228.14685359302712,8315.744959908317,89.86900214276432,nan,3606.502239753404,3961205.923570793,0.0,nan
pd,10.0,1.0,replay,157,"demo_00 +15,-12.5 deg",demo_00,0.036872482741385805,True,7.3,False,0.00634476759524953,2.000000000000001,True,0.005934010027459218,0.06864905655417287,0.09074298362387626,0.599850059752554,0.01812586348786594,-0.75,0.009999999999999787,0.02239818338943284,0.07245156496022,23.0,94.0,0.4451936753441434,1500.000000000832,4.644486366345778,7.3,650.5434432771192,4159.022930755507,0.0,nan
pd,10.0,1.0,esn,158,"demo_00 +15,-10 deg",,0.15782358468001656,False,nan,False,nan,0.0,False,1.3899451091694226,195.37146437608283,176.72351434762314,156.8742524389595,2.6604454371392494,-0.75,nan,1.4163089407953777,0.07245156496022,8.0,94.0,207.89236795287522,6947.60310990661,76.37550438323673,nan,3013.145099759309,2876437.863393525,0.0,nan
pd,10.0,1.0,replay,158,"demo_00 +15,-10 deg",demo_00,0.0347491197093137,True,7.3,False,0.00634476759524953,2.000000000000001,True,0.005934010027459218,0.0644341893961838,0.058284030529219606,0.5599239154410484,0.02798430282637702,-0.75,0.009999999999999787,0.021421711482268672,0.07245156496022,23.0,94.0,0.4184388785734251,1500.000000000832,4.418619642544429,7.3,650.5434432771192,4140.015532069733,0.0,nan
pd,10.0,1.0,esn,159,"demo_00 +15,-7.5 deg",,0.12303608973197776,False,nan,False,nan,0.0,False,1.3899451882032436,192.48528818331854,58.16761375054091,155.59203838732887,2.6880327107621826,-0.75,nan,1.8052816294007819,0.07245156496022,12.0,94.0,231.35072760147273,5557.787327093226,92.41945543017331,nan,2410.388069844773,4219579.639645951,0.0,nan
pd,10.0,1.0,replay,159,"demo_00 +15,-7.5 deg",demo_00,0.033230327046015654,True,7.3,False,0.00634476759524953,2.000000000000001,True,0.005934010027459218,0.08919805587853558,0.02695498503085843,0.5338404562426392,0.055927047596026055,-0.75,0.009999999999999787,0.02073933691326266,0.07245156496022,23.0,94.0,0.4050393161291127,1500.000000000832,4.279157628439416,7.3,650.5434432771192,4123.075405314117,0.0,nan
pd,10.0,1.0,esn,160,"demo_00 +15,-5 deg",,0.08951371986764439,False,nan,False,nan,0.0,False,1.389945182963233,192.11672522314902,36.05464332938199,155.42303670105167,2.688156518758846,-0.75,nan,1.8717394993853191,0.07245156496022,11.0,94.0,229.267220599117,4420.090408349315,92.98799032992126,nan,2111.402840530599,4096421.14990847,0.0,nan
pd,10.0,1.0,replay,160,"demo_00 +15,-5 deg",demo_00,0.0323988489727037,True,7.3,False,0.00634476759524953,2.000000000000001,True,0.005934010027459218,0.11453636277799921,0.021495097334231855,0.5234350617527608,0.08739712396499735,-0.75,0.009999999999999787,0.020380579761279674,0.07245156496022,23.0,94.0,0.4060316567859839,1500.000000000832,4.234767737710468,7.3,650.5434432771192,4108.19396325775,0.0,nan
pd,10.0,1.0,esn,161,"demo_00 +15,-2.5 deg",,0.05886477330094052,False,nan,False,nan,0.0,False,1.389945143802786,192.7579423890072,26.584038558477058,155.68677321009892,2.5399613412387443,-0.75,nan,1.390216283525502,0.07245156496022,12.0,94.0,203.3837432613721,3741.061021858864,49.61604095770077,nan,1603.8792614962902,2582329.7083337246,0.0,nan
pd,10.0,1.0,replay,161,"demo_00 +15,-2.5 deg",demo_00,0.03230919594423199,True,7.3,False,0.00634476759524953,2.000000000000001,True,0.005934010027459218,0.1446040740375444,0.01994294103933214,0.5293844458479069,0.12167360500653591,-0.75,0.009999999999999787,0.020362169144839518,0.07245156496022,21.0,94.0,0.42102296708240006,1500.000000000832,4.28863245953696,7.3,650.5434432771192,4095.36693971003,0.0,nan
pd,10.0,1.0,esn,162,"demo_00 +15,+0 deg",,0.03787907332696435,False,nan,False,nan,0.0,False,1.389945181361566,191.32019084565442,20.68112089387431,155.13693587444854,2.686327274567204,-0.75,nan,1.7009194330460708,0.07245156496022,12.0,94.0,229.92897858424686,4399.182782934168,92.6211973626698,nan,2102.642121956952,4147990.947436874,0.0,nan
pd,10.0,1.0,replay,162,"demo_00 +15,+0 deg",demo_00,0.03297226692623533,True,7.3,False,0.00634476759524953,2.000000000000001,True,0.005934010027459218,0.17530956185130764,0.018950421419054213,0.5509005345368235,0.15601286161541092,-0.75,0.009999999999999787,0.02068413557421981,0.07245156496022,15.0,94.0,0.44831651677840745,1500.000000000832,4.437458896962398,7.3,650.5434432771192,4084.5964651794034,0.0,nan
pd,10.0,1.0,esn,163,"demo_00 +15,+2.5 deg",,0.043175347221227726,False,nan,False,nan,0.0,False,1.3899451847105404,191.55032766724028,16.963271763134497,155.26660235194495,2.688208698627863,-0.75,nan,1.7977692459451418,0.07245156496022,12.0,94.0,230.9051768094022,4437.275249094945,92.42084690639996,nan,2106.620233612741,4199083.141175314,0.0,nan
pd,10.0,1.0,replay,163,"demo_00 +15,+2.5 deg",demo_00,0.03435218075862557,True,7.3,False,0.00634476759524953,2.000000000000001,True,0.005934010027459218,0.20708532410321928,0.018339016558730097,0.5860023004090774,0.18913882826863296,-0.75,0.009999999999999787,0.021329566957382765,0.07245156496022,15.0,94.0,0.48554193891509256,1500.000000000832,4.672460611949051,7.3,650.5434432771192,4075.8935391153577,0.0,nan
pd,10.0,1.0,esn,164,"demo_00 +15,+5 deg",,0.06848617456248365,False,nan,False,nan,0.0,False,1.3899451870396764,191.8276228529712,14.38146598837493,155.407935182425,2.679865711607747,-0.75,nan,1.8397118967825132,0.07245156496022,12.0,94.0,231.63401695417093,4436.7043602209105,94.20413237700247,nan,2087.447201574543,4255401.941648839,0.0,nan
pd,10.0,1.0,replay,164,"demo_00 +15,+5 deg",demo_00,0.03637720061392856,True,7.3,False,0.00634476759524953,2.000000000000001,True,0.005934010027459218,0.2373330137324166,0.017793040512874204,0.632149668591005,0.2195866169314041,-0.75,0.009999999999999787,0.022268118058314836,0.07245156496022,9.0,94.0,0.5303024800769245,1500.000000000832,4.981671939857841,7.3,650.5434432771192,4069.2809376060954,0.0,nan
pd,10.0,1.0,esn,165,"demo_00 +15,+7.5 deg",,0.0991839884360179,False,nan,False,nan,0.0,False,1.3899451882885854,192.0592000499128,12.574897617710647,155.5199193824947,2.689400847884843,-0.75,nan,1.9393578224687942,0.07245156496022,12.0,94.0,231.897777805593,5813.4202079423085,91.30194943379287,nan,2096.440960720624,4283286.515295772,0.0,nan
pd,10.0,1.0,replay,165,"demo_00 +15,+7.5 deg",demo_00,0.038957878730855273,True,7.3,False,0.00634476759524953,2.000000000000001,True,0.005934010027459218,0.2656662353078613,0.017394249838647596,0.6868241429746046,0.2502196693626224,-0.75,0.009999999999999787,0.023461578544942904,0.07245156496022,6.0,94.0,0.5805352030935302,1500.000000000832,5.352342437932487,7.3,650.5434432771192,4064.796589633447,0.0,nan
pd,10.0,1.0,esn,166,"demo_00 +15,+10 deg",,0.13116637516190477,False,nan,False,nan,0.0,False,1.3899451880431393,192.20160894011835,11.097107357298633,155.57897451590594,2.6738739180456434,-0.75,nan,1.973066192067203,0.07245156496022,11.0,94.0,231.98419913246687,7364.9692078793905,93.06260762765503,nan,2101.618632070984,4317549.856981934,0.0,nan
pd,10.0,1.0,replay,166,"demo_00 +15,+10 deg",demo_00,0.042003444725906454,True,7.3,False,0.00634476759524953,2.000000000000001,True,0.005934010027459218,0.2937998366873045,0.01696306470718255,0.747844541987136,0.27980116496889296,-0.75,0.009999999999999787,0.024869313912513603,0.07245156496022,4.0,94.0,0.6346017456945825,1500.000000000832,5.772571040908337,7.3,650.5434432771192,4062.497443345912,0.0,nan
pd,10.0,1.0,esn,167,"demo_00 +15,+12.5 deg",,0.1632554305858401,False,nan,False,nan,0.0,False,1.3899451793648525,191.98868744626063,9.859303546377262,155.47748744746764,2.677999758939047,-0.75,nan,1.8794467613786394,0.07245156496022,11.0,94.0,230.340566008517,8932.148730652269,94.5821818155979,nan,2789.2214876345606,4271685.135581771,0.0,nan
pd,10.0,1.0,replay,167,"demo_00 +15,+12.5 deg",demo_00,0.045431822135440864,True,7.3,False,0.00634476759524953,2.000000000000001,True,0.005934010027459218,0.3200766004237029,0.016437074515409197,0.8134500716085806,0.3064304698409309,-0.75,0.009999999999999787,0.026452188562457752,0.07245156496022,4.0,94.0,0.6912411269471287,1500.000000000832,6.232052043416889,7.3,650.5434432771192,4062.463824448604,0.0,nan
pd,10.0,1.0,esn,168,"demo_00 +15,+15 deg",,0.1948982549293449,False,nan,False,nan,0.0,False,1.3899451659223223,194.50465630329225,9.169037429627778,156.6211171176247,2.6716971999376073,-0.75,nan,1.43293069749949,0.07245156496022,7.0,94.0,231.89218969415913,10513.72916338028,93.08031820168195,nan,3487.1333009107066,4301145.015106546,0.0,nan
pd,10.0,1.0,replay,168,"demo_00 +15,+15 deg",demo_00,0.04917348346011239,True,7.3,False,0.00634476759524953,2.000000000000001,True,0.005934010027459218,0.3456421240633622,0.016293725985928355,0.8822610112737092,0.32911346955845616,-0.75,0.009999999999999787,0.028174679503805505,0.07245156496022,1.0,94.0,0.7494827588262791,1500.0000000008397,6.722197323526826,7.3,650.5434432771192,4064.8042596930027,0.0,nan
pd,20.0,1.0,esn,0,demo_00,,0.00015648236322808977,False,nan,False,nan,0.0,False,1.3899510483712492,156.27650527118004,nan,141.31377775607032,2.665374132284789,-0.030000000000000027,nan,1.8050147099197493,0.07245156496022,10.0,94.0,211.3707261478163,5134.953802612796,105.04756844799792,nan,4925.896345325596,50374378.30864464,0.0,nan
pd,20.0,1.0,replay,0,demo_00,demo_00,0.0,True,7.3,True,0.0065032470889033875,2.000000000000001,False,0.005934010032486746,0.031702205744588714,nan,0.0669362551912172,0.0032477047175794448,0.010000000000000009,0.009999999999999787,0.02545210947392251,0.07245156496022,72.0,94.0,0.06176616346942455,58.616099013208434,0.5639227093345325,7.82,50.84309184467122,281.01654765457926,0.0,nan
pd,20.0,1.0,esn,1,"demo_00 -15,-15 deg",,0.39898112173881617,False,nan,False,nan,0.0,False,1.3899450328143406,193.52290747681639,9.644685044072762,156.199408697677,2.6479025117302792,-0.75,nan,2.1002826463515682,0.07245156496022,10.0,94.0,231.48993944169905,10186.950990440015,104.40175195533365,nan,6214.661376135892,58781087.68988675,0.0,nan
pd,20.0,1.0,replay,1,"demo_00 -15,-15 deg",demo_00,0.07896677933318519,True,7.3,True,0.0065032470889033875,2.000000000000001,False,0.005934010032486746,0.1494672560865229,0.007449064444884786,0.639147036935277,0.3720962667372529,-0.75,0.009999999999999787,0.031707908102696816,0.07245156496022,11.0,94.0,0.4684646204546605,1500.0000000008336,9.15181729349206,7.82,1301.0868865542386,16247.23015515321,0.0,nan
pd,20.0,1.0,esn,2,"demo_00 -15,-12.5 deg",,0.3336379507803882,False,nan,False,nan,0.0,False,1.3899450253389807,194.0531106877323,10.608499899215824,156.4419351379829,2.6441127238434077,-0.75,nan,2.198921014673248,0.07245156496022,10.0,94.0,231.20099439652085,8771.113823531485,107.20763768362585,nan,5099.322508322644,58603888.22409972,0.0,nan
pd,20.0,1.0,replay,2,"demo_00 -15,-12.5 deg",demo_00,0.07539654545963927,True,7.3,True,0.0065032470889033875,2.000000000000001,False,0.005934010032486746,0.13829351190831388,0.007560232876155057,0.5842895399881057,0.33999767274126996,-0.75,0.009999999999999787,0.03057450577721146,0.07245156496022,22.0,94.0,0.42638168612263716,1500.0000000008326,8.667047771326942,7.82,1301.0868865542386,16046.931164145524,0.0,nan
pd,20.0,1.0,esn,3,"demo_00 -15,-10 deg",,0.2687754861849391,False,nan,False,nan,0.0,False,1.3899450245325593,194.27228231018617,11.628745833029203,156.54564154769628,2.6550388046644584,-0.75,nan,2.222922035364755,0.07245156496022,12.0,94.0,230.901312388368,7333.542319321717,105.05135253442333,nan,4952.054162144789,58413300.03606897,0.0,nan
pd,20.0,1.0,replay,3,"demo_00 -15,-10 deg",demo_00,0.07210527742316393,True,7.3,True,0.0065032470889033875,2.000000000000001,False,0.005934010032486746,0.12766813735482918,0.007641956447009464,0.5335450082629538,0.30923078571714807,-0.75,0.009999999999999787,0.029598212763988063,0.07245156496022,25.0,94.0,0.3864600366290508,1500.0000000008326,8.21820004088136,7.82,1301.0868865542386,15871.65896980423,0.0,nan
pd,20.0,1.0,esn,4,"demo_00 -15,-7.5 deg",,0.20478716151301862,False,nan,False,nan,0.0,False,1.3899450249194842,194.42550241923485,12.681941514141378,156.61527115542592,2.6775264237784975,-0.75,nan,2.206456915782729,0.07245156496022,12.0,94.0,230.26753367211194,5874.549056635737,108.85805046843602,nan,4986.812053232586,58075058.542341694,0.0,nan
pd,20.0,1.0,replay,4,"demo_00 -15,-7.5 deg",demo_00,0.06911211085166959,True,7.3,True,0.0065032470889033875,2.000000000000001,False,0.005934010032486746,0.11759611533798173,0.007670532098154253,0.4884113489227114,0.2803024061034371,-0.75,0.009999999999999787,0.028805678236429298,0.07245156496022,31.0,94.0,0.34970704437447003,1500.0000000008326,7.810511326353738,7.82,1301.0868865542386,15720.655862968253,0.0,nan
pd,20.0,1.0,esn,5,"demo_00 -15,-5 deg",,0.1428126267076415,False,nan,False,nan,0.0,False,1.3899450297668787,194.58325037822112,13.660019995311869,156.6857388997668,2.678042059157976,-0.75,nan,2.247163245069242,0.07245156496022,12.0,94.0,229.2603557025692,5172.037844547495,109.64574344849807,nan,4988.692308627699,57526571.26626595,0.0,nan
pd,20.0,1.0,replay,5,"demo_00 -15,-5 deg",demo_00,0.06644051076894392,True,7.3,True,0.0065032470889033875,2.000000000000001,False,0.005934010032486746,0.10834968610988421,0.007606301548925302,0.45077412157861235,0.25390581182980465,-0.75,0.009999999999999787,0.028222062515070433,0.07245156496022,42.0,94.0,0.3174741418853236,1500.0000000008326,7.450126552970754,7.82,1301.0868865542386,15593.259157788947,0.0,nan
pd,20.0,1.0,esn,6,"demo_00 -15,-2.5 deg",,0.08726112869156463,False,nan,False,nan,0.0,False,1.3899450269507363,193.85534560909167,14.31893037385924,156.43748086845062,2.673990765165353,-0.75,nan,1.971814402782409,0.07245156496022,11.0,94.0,230.92655743693624,5152.706725607245,107.22419534041927,nan,4976.181907687936,58061675.6697294,0.0,nan
pd,20.0,1.0,replay,6,"demo_00 -15,-2.5 deg",demo_00,0.06411836128642891,True,7.3,True,0.0065032470889033875,2.000000000000001,False,0.005934010032486746,0.10025341075705214,0.007405117480055787,0.4228109502299756,0.2309690209948578,-0.75,0.009999999999999787,0.027868915176920715,0.07245156496022,47.0,94.0,0.2914853545854934,1500.0000000008326,7.14399516093565,7.82,1301.0868865542386,15488.90602911079,0.0,nan
pd,20.0,1.0,esn,7,"demo_00 -15,+0 deg",,0.060029239321050476,False,nan,False,nan,0.0,False,1.38994557808478,187.67388467194587,14.139861729885311,153.7650978181383,2.680800098588178,-0.75,nan,1.8471742764155836,0.07245156496022,16.0,94.0,223.3024753227382,5153.506692482006,109.73173516868775,nan,5004.346681436275,55079661.90147293,0.0,nan
pd,20.0,1.0,replay,7,"demo_00 -15,+0 deg",demo_00,0.062177656782706994,True,7.3,True,0.0065032470889033875,2.000000000000001,False,0.005934010032486746,0.09371071551040266,0.007060420592038752,0.40665786572215,0.21266450422608676,-0.75,0.009999999999999787,0.02776198763714711,0.07245156496022,52.0,94.0,0.27370404863324416,1500.0000000008326,6.899585995936804,7.82,1301.0868865542386,15407.138891674369,0.0,nan
pd,20.0,1.0,esn,8,"demo_00 -15,+2.5 deg",,0.09148187476917333,False,nan,False,nan,0.0,False,1.3899455755711783,183.41872467052337,13.613114593181741,152.16224721051913,2.6520127665935824,-0.75,nan,2.221052604619053,0.07245156496022,18.0,94.0,218.87561482445608,5129.132923976637,110.83849672222074,nan,4956.054316680758,52255874.66080908,0.0,nan
pd,20.0,1.0,replay,8,"demo_00 -15,+2.5 deg",demo_00,0.06065363884950815,True,7.3,True,0.0065032470889033875,2.000000000000001,False,0.005934010032486746,0.08909412431737933,0.0066124575126684315,0.4038271120961924,0.20030508531816468,-0.75,0.009999999999999787,0.027909455142718163,0.07245156496022,55.0,94.0,0.2659063116040041,1500.0000000008326,6.724375992160291,7.82,1301.0868865542386,15347.611177408997,0.0,nan
pd,20.0,1.0,esn,9,"demo_00 -15,+5 deg",,0.14798892825332655,True,0.35000000000000003,True,1.2165525060596438,2.0,False,1.389945685418539,10.151342296040768,0.7198441862531028,153.11637265702686,0.30051910019696204,-0.75,-6.94,1.2594724346262338,0.07245156496022,2.0,94.0,220.9191103498836,5164.707946908769,111.48185870085545,nan,4984.835236357124,54137609.29949756,0.0,nan
pd,20.0,1.0,replay,9,"demo_00 -15,+5 deg",demo_00,0.059583268070875044,True,7.3,True,0.0065032470889033875,2.000000000000001,False,0.005934010032486746,0.08721959687429856,0.0061848490481687685,0.41463833929437327,0.1950492555107683,-0.75,0.009999999999999787,0.02831101835965419,0.07245156496022,57.0,94.0,0.2690245029212176,1500.0000000008326,6.625126225298779,7.82,1301.0868865542386,15310.093279538509,0.0,nan
pd,20.0,1.0,esn,10,"demo_00 -15,+7.5 deg",,0.21012247684345317,False,nan,False,nan,0.0,False,1.3899443891289112,181.96670978902006,12.060567427012138,151.2945644189892,2.6790340303266036,-0.75,nan,2.5211828259161706,0.07245156496022,22.0,94.0,214.5819545475505,5130.935330827241,109.28489944367804,nan,4973.566903910667,51305273.301242374,0.0,nan
pd,20.0,1.0,replay,10,"demo_00 -15,+7.5 deg",demo_00,0.05900303759279817,True,7.3,True,0.0065032470889033875,2.000000000000001,False,0.005934010032486746,0.08881437616827052,0.005886526021750822,0.43808570103991223,0.19746717535840178,-0.75,0.009999999999999787,0.028958142936242017,0.07245156496022,55.0,94.0,0.2827000312731246,1500.0000000008326,6.607056025590993,7.82,1301.0868865542386,15294.478327828037,0.0,nan
pd,20.0,1.0,esn,11,"demo_00 -15,+10 deg",,0.2738745814457866,False,nan,False,nan,0.0,False,1.3899450879137165,187.71701226411776,11.447233748774554,153.86821644615128,2.5438455502385784,-0.75,nan,1.755718542153822,0.07245156496022,17.0,94.0,200.09580767852137,6612.377019642172,59.56758018019664,nan,5735.518019469507,37655280.70373048,0.0,nan
pd,20.0,1.0,replay,11,"demo_00 -15,+10 deg",demo_00,0.05894632291269722,True,7.3,True,0.0065032470889033875,2.000000000000001,False,0.005934010032486746,0.09446234925286794,0.005760440033184228,0.47225551948992,0.2064470296201555,-0.75,0.009999999999999787,0.02983535600773884,0.07245156496022,53.0,94.0,0.30546785374965196,1500.0000000008326,6.673121390080393,7.82,1301.0868865542386,15300.787337810141,0.0,nan
pd,20.0,1.0,esn,12,"demo_00 -15,+12.5 deg",,0.3380062566939061,False,nan,False,nan,0.0,False,1.3899453757819227,189.15718532669197,10.530219267277952,154.30220443954323,2.680282753913137,-0.75,nan,1.920449961514783,0.07245156496022,14.0,94.0,224.84434531837098,8118.3519196763755,108.85601452078333,nan,7041.787482078337,56115878.80472287,0.0,nan
pd,20.0,1.0,replay,12,"demo_00 -15,+12.5 deg",demo_00,0.05944066733855083,True,7.3,True,0.0065032470889033875,2.000000000000001,False,0.005934010032486746,0.10247580703511851,0.0057047408260350735,0.5149509228718508,0.2219717034376806,-0.75,0.009999999999999787,0.030922223622766667,0.07245156496022,48.0,94.0,0.33538829698423783,1500.0000000008326,6.823625849286343,7.82,1301.0868865542386,15329.173140405106,0.0,nan
pd,20.0,1.0,esn,13,"demo_00 -15,+15 deg",,0.4018636273231352,False,nan,False,nan,0.0,False,1.3899450931600879,199.20411164477483,10.10071519993434,158.5833892096277,1.8013399174473435,-0.75,nan,0.31487918909313944,0.07245156496022,3.0,94.0,209.98394706143097,9648.52356544211,49.850746941778844,nan,8369.044990399541,40855732.73174642,0.0,nan
pd,20.0,1.0,replay,13,"demo_00 -15,+15 deg",demo_00,0.06050552738830303,True,7.3,True,0.0065032470889033875,2.000000000000001,False,0.005934010032486746,0.11207788772004171,0.005682949085353651,0.5641478342470092,0.24276286358367036,-0.75,0.009999999999999787,0.03219551998964327,0.07245156496022,43.0,94.0,0.37060711713669686,1500.0000000008397,7.056294684876112,7.82,1301.0868865542386,15379.922352750998,0.0,nan
pd,20.0,1.0,esn,14,"demo_00 -12.5,-15 deg",,0.39661693442517293,False,nan,False,nan,0.0,False,1.3899450343264916,193.3758467383207,10.465719374568804,156.1378518295474,2.6624216789321737,-0.75,nan,2.050252649711462,0.07245156496022,11.0,94.0,231.33697957650855,9927.494641595778,105.61164935733096,nan,6338.695924946885,58689917.470386595,0.0,nan
pd,20.0,1.0,replay,14,"demo_00 -12.5,-15 deg",demo_00,0.07087614273313295,True,7.3,True,0.0065032470889033875,2.000000000000001,False,0.005934010032486746,0.13748830109756233,0.007441022241627048,0.5748114865183092,0.3356215935405571,-0.75,0.009999999999999787,0.030938742656698676,0.07245156496022,20.0,94.0,0.4139431626542032,1500.0000000008336,8.25391016129713,7.82,1084.2390721285324,11510.003590355715,0.0,nan
pd,20.0,1.0,esn,15,"demo_00 -12.5,-12.5 deg",,0.331117047865917,False,nan,False,nan,0.0,False,1.3899450255886252,193.99375773624328,11.732572617619947,156.4179703541305,2.675038386552957,-0.75,nan,2.1478304234336627,0.07245156496022,11.0,94.0,231.17252680062967,8515.54493879662,107.85666089702511,nan,5218.912134423771,58580547.21394747,0.0,nan
pd,20.0,1.0,replay,15,"demo_00 -12.5,-12.5 deg",demo_00,0.06674146684056242,True,7.3,True,0.0065032470889033875,2.000000000000001,False,0.005934010032486746,0.1262750481098779,0.007637004350196186,0.5183509319938951,0.30297080863872006,-0.75,0.009999999999999787,0.02982822660773364,0.07245156496022,25.0,94.0,0.3722736675225363,1250.0000000006978,7.710933181468691,7.82,1084.2390721285324,11329.36275949359,0.0,nan
pd,20.0,1.0,esn,16,"demo_00 -12.5,-10 deg",,0.26596169133885905,False,nan,False,nan,0.0,False,1.3899450244486833,194.22870704386875,13.158273051954072,156.52908787612014,2.6644181449905036,-0.75,nan,2.2108578684545512,0.07245156496022,11.0,94.0,230.86910025626588,7081.908298947991,105.91630784133451,nan,4952.317653928973,58399810.91813897,0.0,nan
pd,20.0,1.0,replay,16,"demo_00 -12.5,-10 deg",demo_00,0.06292903895140689,True,7.3,True,0.0065032470889033875,2.000000000000001,False,0.005934010032486746,0.11565642830879559,0.007835293181234835,0.46572203866585016,0.27148084410034806,-0.75,0.009999999999999787,0.02886998464123708,0.07245156496022,30.0,94.0,0.3325946636083082,1250.0000000006946,7.2066886270819355,7.82,1084.2390721285324,11173.676181570798,0.0,nan
pd,20.0,1.0,esn,17,"demo_00 -12.5,-7.5 deg",,0.20143669924365576,False,nan,False,nan,0.0,False,1.3899450249457004,194.39854102436774,14.701311645419866,156.6058089978219,2.675569055991403,-0.75,nan,2.208534420770331,0.07245156496022,12.0,94.0,230.22327990996143,5626.8623481636905,107.56005651304602,nan,4977.3711948538985,58040741.90468823,0.0,nan
pd,20.0,1.0,replay,17,"demo_00 -12.5,-7.5 deg",demo_00,0.059479301337214685,True,7.3,True,0.0065032470889033875,2.000000000000001,False,0.005934010032486746,0.1057339742237298,0.007996089365593522,0.4186018134818241,0.24174355944885553,-0.75,0.009999999999999787,0.028089023746878435,0.07245156496022,41.0,94.0,0.2959954296495962,1250.0000000006946,6.7489380829341625,7.82,1084.2390721285324,11042.270167309754,0.0,nan
pd,20.0,1.0,esn,18,"demo_00 -12.5,-5 deg",,0.13841132895051222,False,nan,False,nan,0.0,False,1.3899450267888853,194.44404719201597,16.271349649859914,156.63389302050123,2.6761106372798418,-0.75,nan,2.206020732877575,0.07245156496022,12.0,94.0,229.70238443060984,5141.816723022815,107.6796129724082,nan,4977.1079052305,57717810.90258562,0.0,nan
pd,20.0,1.0,replay,18,"demo_00 -12.5,-5 deg",demo_00,0.05644179463454754,True,7.3,True,0.0065032470889033875,2.000000000000001,False,0.005934010032486746,0.09670932348660101,0.008092771363156996,0.37926274258346904,0.21456032007806838,-0.75,0.009999999999999787,0.027508958007181332,0.07245156496022,47.0,94.0,0.26403211046151354,1250.0000000006946,6.347204543780165,7.82,1084.2390721285324,10934.55872997179,0.0,nan
pd,20.0,1.0,esn,19,"demo_00 -12.5,-2.5 deg",,0.08054646130210247,False,nan,False,nan,0.0,False,1.3899450285998505,193.6954105390004,17.452125932404357,156.38337149452977,2.6686849587353576,-0.75,nan,1.9518046927926211,0.07245156496022,10.0,94.0,231.0259975099021,5140.5498934667075,106.25411560360948,nan,4951.202706490785,58068485.641627155,0.0,nan
pd,20.0,1.0,replay,19,"demo_00 -12.5,-2.5 deg",demo_00,0.05387468449042914,True,7.3,True,0.0065032470889033875,2.000000000000001,False,0.005934010032486746,0.08892985072011425,0.008012657344841207,0.3505213163428572,0.19108638710331058,-0.75,0.009999999999999787,0.027150059933108987,0.07245156496022,53.0,94.0,0.23881664891729845,1250.0000000006946,6.01263800858954,7.82,1084.2390721285324,10850.047194483099,0.0,nan
pd,20.0,1.0,esn,20,"demo_00 -12.5,+0 deg",,0.05083539494860012,False,nan,False,nan,0.0,False,1.3899447559052935,184.09047241141093,17.08821546516177,152.19002706340996,2.6842501679317796,-0.75,nan,2.5154823191340006,0.07245156496022,20.0,94.0,217.1957074066285,5140.582883748131,111.08681533617707,nan,4999.127065607801,52652326.30681925,0.0,nan
pd,20.0,1.0,replay,20,"demo_00 -12.5,+0 deg",demo_00,0.05184253152174059,True,7.3,True,0.0065032470889033875,2.000000000000001,False,0.005934010032486746,0.08287822330951505,0.007693178895851426,0.3352613484740034,0.1728921733077769,-0.75,0.009999999999999787,0.027027247247749547,0.07245156496022,57.0,94.0,0.22284779911958696,1250.0000000006946,5.757392430503237,7.82,1084.2390721285324,10788.33608970057,0.0,nan
pd,20.0,1.0,esn,21,"demo_00 -12.5,+2.5 deg",,0.08639090707313486,False,nan,False,nan,0.0,False,1.3899456481048726,182.54754969022093,16.56566241084499,151.80359479132372,2.663379689773267,-0.75,nan,2.260390393443678,0.07245156496022,17.0,94.0,222.43375963599334,5078.940259690737,105.50461479787644,nan,4949.861310209131,54845959.78105075,0.0,nan
pd,20.0,1.0,replay,21,"demo_00 -12.5,+2.5 deg",demo_00,0.05041170124130214,True,7.3,True,0.0065032470889033875,2.000000000000001,False,0.005934010032486746,0.07944664406942176,0.007209553278375798,0.33542539721821923,0.1618079900630355,-0.75,0.009999999999999787,0.027148433416285655,0.07245156496022,58.0,94.0,0.2182968046193039,1250.0000000006946,5.593337239433456,7.82,1084.2390721285324,10749.125170118432,0.0,nan
pd,20.0,1.0,esn,22,"demo_00 -12.5,+5 deg",,0.1453471056934488,False,nan,False,nan,0.0,False,1.3899452211787613,186.6388640163074,15.870373113251743,153.45831496709437,2.671477374435371,-0.75,nan,2.1014492281721346,0.07245156496022,16.0,94.0,224.77243263254698,5174.107758497084,108.73451424084274,nan,5024.011372637051,55664879.86500512,0.0,nan
pd,20.0,1.0,replay,22,"demo_00 -12.5,+5 deg",demo_00,0.04964339012809906,True,7.3,True,0.0065032470889033875,2.000000000000001,False,0.005934010032486746,0.07948038069123184,0.006758417135687917,0.35103732048470365,0.15934690292307319,-0.75,0.009999999999999787,0.02751367049680239,0.07245156496022,60.0,94.0,0.22591633284289103,1250.0000000006946,5.530173114370768,7.82,1084.2390721285324,10732.217337268688,0.0,nan
pd,20.0,1.0,esn,23,"demo_00 -12.5,+7.5 deg",,0.20865203490925063,False,nan,False,nan,0.0,False,1.3899447516540204,181.57351307988492,14.047549934718877,151.2759263340597,2.6714057955373907,-0.75,nan,2.5289171291949017,0.07245156496022,21.0,94.0,218.0156292845636,5088.811160906389,108.07908373628098,nan,4966.114245932477,52967904.66743494,0.0,nan
pd,20.0,1.0,replay,23,"demo_00 -12.5,+7.5 deg",demo_00,0.04958536011229332,True,7.3,True,0.0065032470889033875,2.000000000000001,False,0.005934010032486746,0.0845014538338721,0.0065375085393947945,0.38019732505711407,0.16543087619438082,-0.75,0.009999999999999787,0.028115328346470927,0.07245156496022,58.0,94.0,0.24456782325639218,1250.0000000006946,5.5734613761612355,7.82,1084.2390721285324,10737.52214298234,0.0,nan
pd,20.0,1.0,esn,24,"demo_00 -12.5,+10 deg",,0.27311546043398005,False,nan,False,nan,0.0,False,1.3899452588427685,188.36279207607686,13.04989620748104,153.98894375197466,2.6763381388907015,-0.75,nan,2.075996152273276,0.07245156496022,16.0,94.0,225.05063256360475,6529.80013822765,109.08774000466641,nan,5663.891554442225,55881273.89778598,0.0,nan
pd,20.0,1.0,replay,24,"demo_00 -12.5,+10 deg",demo_00,0.0502646583985858,True,7.3,True,0.0065032470889033875,2.000000000000001,False,0.005934010032486746,0.09119863526805755,0.0063183005061392085,0.42005321307227556,0.17906640822999653,-0.75,0.009999999999999787,0.028939250838230665,0.07245156496022,55.0,94.0,0.27193418437721695,1250.0000000006946,5.7234014701636005,7.82,1084.2390721285324,10765.058457354982,0.0,nan
pd,20.0,1.0,esn,25,"demo_00 -12.5,+12.5 deg",,0.33777080494149114,False,nan,False,nan,0.0,False,1.3899450932809596,199.33290957160202,12.31221421495745,158.6491483404775,1.7395843485660636,-0.75,nan,0.2754975151995822,0.07245156496022,3.0,94.0,209.90390595288594,8042.575012667161,41.51786046008939,nan,6976.05925540282,40609542.78193409,0.0,nan
pd,20.0,1.0,replay,25,"demo_00 -12.5,+12.5 deg",demo_00,0.05168390132162344,True,7.3,True,0.0065032470889033875,2.000000000000001,False,0.005934010032486746,0.09881228273226116,0.006103347383446126,0.4678091806204578,0.19918190854928877,-0.75,0.009999999999999787,0.029966558370789625,0.07245156496022,48.0,94.0,0.3055865085386201,1250.0000000007042,5.974974993822067,7.82,1084.2390721285324,10814.955776696632,0.0,nan
pd,20.0,1.0,esn,26,"demo_00 -12.5,+15 deg",,0.40207300529812784,False,nan,False,nan,0.0,False,1.3899450931459698,199.4366845673486,11.005660779323824,158.69729006902548,2.0459035091935562,-0.75,nan,0.4441383827823772,0.07245156496022,4.0,94.0,209.94435254024427,9579.588557968593,49.698834685595344,nan,8309.251367567373,40857258.07603078,0.0,nan
pd,20.0,1.0,replay,26,"demo_00 -12.5,+15 deg",demo_00,0.05382249646556134,True,7.3,True,0.0065032470889033875,2.000000000000001,False,0.005934010032486746,0.10855945058820549,0.005990715750993592,0.521205949086584,0.22400636978371752,-0.75,0.009999999999999787,0.031175652847534686,0.07245156496022,46.0,94.0,0.3435571204999638,1500.0000000008397,6.3193469273258245,7.82,1084.2390721285324,10887.453537048885,0.0,nan
pd,20.0,1.0,esn,27,"demo_00 -10,-15 deg",,0.394933754113764,False,nan,False,nan,0.0,False,1.3899450349323745,193.22312246044046,11.35247368184584,156.07122267822822,2.6664256098911925,-0.75,nan,1.9801908687487841,0.07245156496022,11.0,94.0,231.0087588719355,9671.544616068733,109.38014999428646,nan,6473.847556241941,58510225.0522449,0.0,nan
pd,20.0,1.0,replay,27,"demo_00 -10,-15 deg",demo_00,0.06341086488965764,True,7.3,True,0.0065032470889033875,2.000000000000001,False,0.005934010032486746,0.12679405178804928,0.007449554264568564,0.5187991115501753,0.3004808259872032,-0.75,0.009999999999999787,0.030319027730568895,0.07245156496022,25.0,94.0,0.3667303408544505,1500.0000000008336,7.4210549817894655,7.82,867.3912577028257,7622.721317830874,0.0,nan
pd,20.0,1.0,esn,28,"demo_00 -10,-12.5 deg",,0.32931193013034016,False,nan,False,nan,0.0,False,1.3899450259634567,193.92435258824048,12.945195218857842,156.3909946437628,2.6513949907835346,-0.75,nan,2.175762339306642,0.07245156496022,11.0,94.0,231.15049951794646,8263.38041006807,104.59824375370445,nan,5349.603646326068,58573324.418204814,0.0,nan
pd,20.0,1.0,replay,28,"demo_00 -10,-12.5 deg",demo_00,0.0586080234488319,True,7.3,True,0.0065032470889033875,2.000000000000001,False,0.005934010032486746,0.11574727088103551,0.007726574809232521,0.4603380713887087,0.26723736072823623,-0.75,0.009999999999999787,0.029229166805684017,0.07245156496022,30.0,94.0,0.3252413120009323,1250.0000000006978,6.810391525468934,7.82,867.3912577028257,7460.679917781057,0.0,nan
pd,20.0,1.0,esn,29,"demo_00 -10,-10 deg",,0.2639095349637143,False,nan,False,nan,0.0,False,1.389945024475402,194.17323838717076,14.928709389460552,156.50620898769483,2.6758613807923743,-0.75,nan,2.1689207563807655,0.07245156496022,11.0,94.0,230.8802184756349,6833.573480011536,108.5322544272274,nan,4987.546463695842,58418110.87501056,0.0,nan
pd,20.0,1.0,replay,29,"demo_00 -10,-10 deg",demo_00,0.05415169109964962,True,7.3,True,0.0065032470889033875,2.000000000000001,False,0.005934010032486746,0.1048360817505955,0.008060160148659162,0.40519132235789446,0.2350726643280525,-0.75,0.009999999999999787,0.028287705978358064,0.07245156496022,40.0,94.0,0.28546236782972295,1000.0000000005556,6.238816519311903,7.82,867.3912577028257,7323.145585733375,0.0,nan
pd,20.0,1.0,esn,30,"demo_00 -10,-7.5 deg",,0.19891080127712024,False,nan,False,nan,0.0,False,1.3899450249465655,194.3551873401401,17.303136639953472,156.58918779507826,2.6771950900601724,-0.75,nan,2.201852652405287,0.07245156496022,12.0,94.0,230.213478769885,5382.369264885861,108.05582897347901,nan,4978.656599968639,58021495.195129625,0.0,nan
pd,20.0,1.0,replay,30,"demo_00 -10,-7.5 deg",demo_00,0.05011151289404284,True,7.3,True,0.0065032470889033875,2.000000000000001,False,0.005934010032486746,0.09458716016434382,0.008420946099290385,0.35515254833131604,0.2043427755537115,-0.75,0.009999999999999787,0.027518103333562957,0.07245156496022,47.0,94.0,0.2485271922897848,1000.0000000005548,5.717157810052623,7.82,867.3912577028257,7209.521998417225,0.0,nan
pd,20.0,1.0,esn,31,"demo_00 -10,-5 deg",,0.13491259614260737,False,nan,False,nan,0.0,False,1.3899450246118288,194.2396144594583,19.90794038198694,156.56222244651858,2.6506230037760767,-0.75,nan,2.1830096132856096,0.07245156496022,11.0,94.0,230.35135324254875,5196.366559163402,109.37309328096636,nan,4937.332895747626,57994332.56348312,0.0,nan
pd,20.0,1.0,replay,31,"demo_00 -10,-5 deg",demo_00,0.046578352353782645,True,7.3,True,0.0065032470889033875,2.000000000000001,False,0.005934010032486746,0.08552776216378215,0.008765882257847649,0.31291707000600266,0.17593038777828454,-0.75,0.009999999999999787,0.026942486840295748,0.07245156496022,53.0,94.0,0.21619898614239977,1000.0000000005548,5.259812759908153,7.82,867.3912577028257,7119.293567489027,0.0,nan
pd,20.0,1.0,esn,32,"demo_00 -10,-2.5 deg",,0.07465494857270717,False,nan,False,nan,0.0,False,1.3899450326149945,193.50881484089743,22.259624861463053,156.3207687690001,2.6461006849299125,-0.75,nan,1.921175298991166,0.07245156496022,10.0,94.0,231.35673720070045,5201.282506947078,109.1170885718883,nan,4950.47879309122,58248428.21345718,0.0,nan
pd,20.0,1.0,replay,32,"demo_00 -10,-2.5 deg",demo_00,0.04366449665171848,True,7.3,True,0.0065032470889033875,2.000000000000001,False,0.005934010032486746,0.07819998670177028,0.008995468085441006,0.2822199392542101,0.151418530188668,-0.75,0.009999999999999787,0.026579863706581587,0.07245156496022,57.0,94.0,0.19110388235515002,1000.0000000005548,4.88493743782263,7.82,867.3912577028257,7052.028170865458,0.0,nan
pd,20.0,1.0,esn,33,"demo_00 -10,+0 deg",,0.041324089842046274,False,nan,False,nan,0.0,False,1.389945101455378,188.69070564981695,22.806973837346153,154.28044658488392,2.5826188235079655,-0.75,nan,1.6100230405736322,0.07245156496022,14.0,94.0,201.65903239494105,3556.328175651072,66.55666294435387,nan,3265.508025952254,38121445.19708521,0.0,nan
pd,20.0,1.0,replay,33,"demo_00 -10,+0 deg",demo_00,0.041497473888976566,True,7.3,True,0.0065032470889033875,2.000000000000001,False,0.005934010032486746,0.07302204795947737,0.00882614716832955,0.26723266085982894,0.13303929400725847,-0.75,0.009999999999999787,0.02644427139073537,0.07245156496022,62.0,94.0,0.17657453314877214,1000.0000000005548,4.613362061851037,7.82,867.3912577028257,7007.379992166691,0.0,nan
pd,20.0,1.0,esn,34,"demo_00 -10,+2.5 deg",,0.08142674375959219,False,nan,False,nan,0.0,False,1.38994568573073,181.66102980326463,21.142723524964712,151.52621087154174,2.6648811922899562,-0.75,nan,2.2868046245976186,0.07245156496022,17.0,94.0,222.66737329786162,5161.312507412926,110.14743051472016,nan,4992.641811938143,55329728.58025613,0.0,nan
pd,20.0,1.0,replay,34,"demo_00 -10,+2.5 deg",demo_00,0.04020389120222906,True,7.3,True,0.0065032470889033875,2.000000000000001,False,0.005934010032486746,0.07149643671751656,0.0083211539435599,0.2706832453194924,0.12360056941232514,-0.75,0.009999999999999787,0.02654325607798019,0.07245156496022,66.0,94.0,0.17540091803126823,1000.0000000005548,4.465327438990571,7.82,867.3912577028257,6985.092312584911,0.0,nan
pd,20.0,1.0,esn,35,"demo_00 -10,+5 deg",,0.1426623933801277,True,0.37,True,1.5953066222978605,2.0,False,1.3899451785440422,11.693048996393365,1.2309522554987082,153.27306263685753,0.4254764885152099,-0.75,-6.92,1.193425969454705,0.07245156496022,2.0,94.0,224.21796203770592,5123.71501077377,105.10164213050349,nan,4980.778394522833,55179804.502157964,0.0,nan
pd,20.0,1.0,replay,35,"demo_00 -10,+5 deg",demo_00,0.039883685330517664,True,7.3,True,0.0065032470889033875,2.000000000000001,False,0.005934010032486746,0.07464142170255386,0.007857661968809729,0.291963849463248,0.1251603906928864,-0.75,0.009999999999999787,0.026877066658794007,0.07245156496022,65.0,94.0,0.18789461808323937,1000.0000000005548,4.45516892145165,7.82,867.3912577028257,6985.000033436167,0.0,nan
pd,20.0,1.0,esn,36,"demo_00 -10,+7.5 deg",,0.20700342897544707,False,nan,False,nan,0.0,False,1.3899450757568206,186.94764864749533,17.137159843733333,153.55627114361204,2.6002686995865116,-0.75,nan,1.7138807086991996,0.07245156496022,16.0,94.0,202.02354783560278,4939.888482096755,71.02565153320387,nan,4284.816083395231,38850562.45672064,0.0,nan
pd,20.0,1.0,replay,36,"demo_00 -10,+7.5 deg",demo_00,0.040583612948046466,True,7.3,True,0.0065032470889033875,2.000000000000001,False,0.005934010032486746,0.08072969249452441,0.007400347928541008,0.3276127484083551,0.13616942954168235,-0.75,0.009999999999999787,0.02743879063179572,0.07245156496022,62.0,94.0,0.21164020470974793,1000.0000000005548,4.586363611857723,7.82,867.3912577028257,7007.031633028146,0.0,nan
pd,20.0,1.0,esn,37,"demo_00 -10,+10 deg",,0.27209530879124383,False,nan,False,nan,0.0,False,1.389945093606539,199.28649131694775,15.741516850917765,158.63581748163176,1.572460390765512,-0.75,nan,0.23540263840169093,0.07245156496022,2.0,94.0,209.59199454055684,6434.821441282458,33.04232268146357,nan,5581.507863044007,40283106.08851291,0.0,nan
pd,20.0,1.0,replay,37,"demo_00 -10,+10 deg",demo_00,0.04228457430396636,True,7.3,True,0.0065032470889033875,2.000000000000001,False,0.005934010032486746,0.08781081543928261,0.00693612207127431,0.3734945237596284,0.15555420389228825,-0.75,0.009999999999999787,0.028215388294135422,0.07245156496022,58.0,94.0,0.24330499968748914,1000.0000000005556,4.850436067225048,7.82,867.3912577028257,7051.21017971163,0.0,nan
pd,20.0,1.0,esn,38,"demo_00 -10,+12.5 deg",,0.3372202003613834,False,nan,False,nan,0.0,False,1.3899450933712698,199.52113374952734,13.637600648652377,158.742461806439,1.9888152147683145,-0.75,nan,0.3984030703901248,0.07245156496022,2.0,94.0,209.7963062731281,7954.408007436358,41.321723428276606,nan,6899.583965847826,40581196.51728243,0.0,nan
pd,20.0,1.0,replay,38,"demo_00 -10,+12.5 deg",demo_00,0.044910862291943715,True,7.3,True,0.0065032470889033875,2.000000000000001,False,0.005934010032486746,0.09601584295851306,0.006562842229313588,0.4262462488624545,0.1806898300611667,-0.75,0.009999999999999787,0.029189334539168478,0.07245156496022,53.0,94.0,0.280119452192284,1250.0000000007042,5.230555362158973,7.82,867.3912577028257,7117.652937479217,0.0,nan
pd,20.0,1.0,esn,39,"demo_00 -10,+15 deg",,0.4019294040568828,False,nan,False,nan,0.0,False,1.389945093193737,199.58909759097682,11.921068438841605,158.77010676422364,2.1884431147836394,-0.75,nan,0.5666724930175796,0.07245156496022,3.0,94.0,209.89969869463982,9498.260975311834,49.49683522092378,nan,8238.708533360832,40862075.66844162,0.0,nan
pd,20.0,1.0,replay,39,"demo_00 -10,+15 deg",demo_00,0.0483545958742306,True,7.3,True,0.0065032470889033875,2.000000000000001,False,0.005934010032486746,0.1052265761270116,0.006284978642299307,0.48353428292817374,0.20947825247276505,-0.75,0.009999999999999787,0.03034046763195906,0.07245156496022,47.0,94.0,0.32019067001985774,1500.0000000008397,5.7069814132988395,7.82,867.3912577028257,7206.569017307726,0.0,nan
pd,20.0,1.0,esn,40,"demo_00 -7.5,-15 deg",,0.3939607706531862,False,nan,False,nan,0.0,False,1.3899450352169767,192.88749425447827,12.458036591057223,155.91742035349068,2.6416954497338443,-0.75,nan,1.943002071350956,0.07245156496022,11.0,94.0,230.22828001367043,9419.12040399049,107.84699825083966,nan,6619.931608878584,58069922.340653434,0.0,nan
pd,20.0,1.0,replay,40,"demo_00 -7.5,-15 deg",demo_00,0.05681585648760368,True,7.3,True,0.0065032470889033875,2.000000000000001,False,0.005934010032486746,0.1175601702977307,0.00759286603250612,0.47238743056245974,0.2677925536634062,-0.75,0.009999999999999787,0.02983192070038434,0.07245156496022,30.0,94.0,0.32773668051519583,1500.0000000008336,6.676580024374228,7.82,650.5434432771193,4587.230824509139,0.0,nan
pd,20.0,1.0,esn,41,"demo_00 -7.5,-12.5 deg",,0.32825944885524694,False,nan,False,nan,0.0,False,1.3899450261838027,193.82730086102003,14.291144023711578,156.34986605883373,2.6740561888064325,-0.75,nan,2.1037415209264125,0.07245156496022,11.0,94.0,231.13284816065743,8014.638822475455,108.46461410358282,nan,5491.212349062228,58560629.25788996,0.0,nan
pd,20.0,1.0,replay,41,"demo_00 -7.5,-12.5 deg",demo_00,0.051243416064384484,True,7.3,True,0.0065032470889033875,2.000000000000001,False,0.005934010032486746,0.10639224973215554,0.007844441712672585,0.4117029773570061,0.23376359107393288,-0.75,0.009999999999999787,0.028760818130151113,0.07245156496022,35.0,94.0,0.286241699883287,1250.0000000006978,5.989493754765613,7.82,650.5434432771193,4442.606649558139,0.0,nan
pd,20.0,1.0,esn,42,"demo_00 -7.5,-10 deg",,0.2626687724762469,False,nan,False,nan,0.0,False,1.3899450244841893,194.11105332641088,16.905965075542294,156.4805906240881,2.675313250144769,-0.75,nan,2.158640269873478,0.07245156496022,11.0,94.0,230.85980605872652,6588.55651902379,108.6805353909435,nan,4987.997417938669,58401006.05853977,0.0,nan
pd,20.0,1.0,replay,42,"demo_00 -7.5,-10 deg",demo_00,0.04600108095711141,True,7.3,True,0.0065032470889033875,2.000000000000001,False,0.005934010032486746,0.09522041224562433,0.008293154543838823,0.3535406840939209,0.20049713615976816,-0.75,0.009999999999999787,0.027835559006823683,0.07245156496022,46.0,94.0,0.24605820796962485,1000.0000000005556,5.337413497392984,7.82,650.5434432771193,4321.6666231518975,0.0,nan
pd,20.0,1.0,esn,43,"demo_00 -7.5,-7.5 deg",,0.19728435095830502,False,nan,False,nan,0.0,False,1.3899450251297334,194.31594349118072,20.487884157939657,156.57413089479644,2.666136405073775,-0.75,nan,2.24989535046701,0.07245156496022,11.0,94.0,230.17983018120503,5194.230317826259,109.26781541289985,nan,4937.003297520093,58020527.30593938,0.0,nan
pd,20.0,1.0,replay,43,"demo_00 -7.5,-7.5 deg",demo_00,0.04119018447036919,True,7.3,True,0.0065032470889033875,2.000000000000001,False,0.005934010032486746,0.0846320330763652,0.008923257961064756,0.29963679780611435,0.16852716833948475,-0.75,0.009999999999999787,0.02707817549821575,0.07245156496022,52.0,94.0,0.20828061989474328,750.0000000004198,4.733921019840934,7.82,650.5434432771193,4223.885563826261,0.0,nan
pd,20.0,1.0,esn,44,"demo_00 -7.5,-5 deg",,0.13245320705031893,False,nan,False,nan,0.0,False,1.3899450247067788,194.0038739488973,25.16216562947492,156.47471235578794,2.659111877302878,-0.75,nan,2.11787087214927,0.07245156496022,10.0,94.0,230.6807298942924,5131.51408121376,105.28895453272526,nan,4947.665573435028,58086034.82863822,0.0,nan
pd,20.0,1.0,replay,44,"demo_00 -7.5,-5 deg",demo_00,0.036960871563505034,True,7.3,True,0.0065032470889033875,2.000000000000001,False,0.005934010032486746,0.07489041944386923,0.00971323458522204,0.2529901919805187,0.1387110089288843,-0.75,0.009999999999999787,0.026509382962171323,0.07245156496022,57.0,94.0,0.17480927516722936,750.0000000004168,4.199610304724003,7.82,650.5434432771193,4148.812475045214,0.0,nan
pd,20.0,1.0,esn,45,"demo_00 -7.5,-2.5 deg",,0.06991986849725794,False,nan,False,nan,0.0,False,1.3899450372893316,193.13735475175446,30.3616537428643,156.17011752029092,2.6672217374826976,-0.75,nan,1.821059781365125,0.07245156496022,10.0,94.0,231.50465637221745,5148.284546908282,105.97986706618276,nan,4972.928410472341,58325252.98867847,0.0,nan
pd,20.0,1.0,replay,45,"demo_00 -7.5,-2.5 deg",demo_00,0.033523554578042666,True,7.3,True,0.0065032470889033875,2.000000000000001,False,0.005934010032486746,0.06715924144038254,0.010557593257229774,0.21854210789792533,0.11230869537774442,-0.75,0.009999999999999787,0.026146925306511748,0.07245156496022,63.0,94.0,0.14889166257242037,750.0000000004168,3.764312553299921,7.82,650.5434432771193,4096.072740496482,0.0,nan
pd,20.0,1.0,esn,46,"demo_00 -7.5,+0 deg",,0.03148393355781926,False,nan,False,nan,0.0,False,1.3899456254497828,183.64993226085525,31.805384734734194,152.26695945501743,2.6533874852694663,-0.75,nan,2.2265596307903572,0.07245156496022,16.0,94.0,222.8950430977018,5119.596092251053,105.07347918069021,nan,4968.40520120503,55059272.09055555,0.0,nan
pd,20.0,1.0,replay,46,"demo_00 -7.5,+0 deg",demo_00,0.031141594572897925,True,7.3,True,0.0065032470889033875,2.000000000000001,False,0.005934010032486746,0.06327757673359259,0.010958717208972003,0.20280233688095944,0.0931270662850087,-0.75,0.009999999999999787,0.02600387557972253,0.07245156496022,70.0,94.0,0.13520216897451298,750.0000000004168,3.4665897593291675,7.82,650.5434432771193,4065.370331412721,0.0,nan
pd,20.0,1.0,esn,47,"demo_00 -7.5,+2.5 deg",,0.07672649835405089,False,nan,False,nan,0.0,False,1.3899456913990094,182.3941137343949,29.434815216729664,151.92834242627308,2.6719202234996344,-0.75,nan,1.960422556232909,0.07245156496022,12.0,94.0,222.46434329033582,5184.379032180285,109.93430943440747,nan,4991.958914112287,54507787.82065101,0.0,nan
pd,20.0,1.0,replay,47,"demo_00 -7.5,+2.5 deg",demo_00,0.030078566233235352,True,7.3,True,0.0065032470889033875,2.000000000000001,False,0.005934010032486746,0.06444954373917115,0.010400886146619662,0.21013704040899894,0.08618996635550279,-0.75,0.009999999999999787,0.026087241555750335,0.07245156496022,73.0,94.0,0.13760116878693926,750.0000000004168,3.345285293035594,7.82,650.5434432771193,4056.4898753148236,0.0,nan
pd,20.0,1.0,esn,48,"demo_00 -7.5,+5 deg",,0.13999270074781503,False,nan,False,nan,0.0,False,1.3899450921782452,187.07949055036272,25.302563984957445,153.73126045073923,2.5639913810839756,-0.75,nan,1.3743622241426712,0.07245156496022,13.0,94.0,200.65355203951333,3349.0491928897186,66.34938042196917,nan,3144.807361279476,37628850.35298869,0.0,nan
pd,20.0,1.0,replay,48,"demo_00 -7.5,+5 deg",demo_00,0.03049598621595735,True,7.3,True,0.0065032470889033875,2.000000000000001,False,0.005934010032486746,0.06947334418432523,0.009396293154858883,0.23847163172470723,0.09343009817187051,-0.75,0.009999999999999787,0.026397226206372793,0.07245156496022,71.0,94.0,0.15540580729892617,750.0000000004168,3.421841290254031,7.82,650.5434432771193,4069.2983780353857,0.0,nan
pd,20.0,1.0,esn,49,"demo_00 -7.5,+7.5 deg",,0.20521217235766237,False,nan,False,nan,0.0,False,1.389945082630155,187.4793649888724,20.52465210867126,153.64268387213104,2.5381390226717757,-0.75,nan,1.8385218535898729,0.07245156496022,16.0,94.0,199.92555901100386,4825.887647578536,62.34662311069456,nan,4185.932756163357,37322694.56821481,0.0,nan
pd,20.0,1.0,replay,49,"demo_00 -7.5,+7.5 deg",demo_00,0.0323693563712636,True,7.3,True,0.0065032470889033875,2.000000000000001,False,0.005934010032486746,0.07688554567576446,0.008417188085067829,0.28152622992903126,0.11195669234227547,-0.75,0.009999999999999787,0.02692734788881427,0.07245156496022,65.0,94.0,0.1841884988552651,750.0000000004198,3.6870579049863963,7.82,650.5434432771193,4103.746327022995,0.0,nan
pd,20.0,1.0,esn,50,"demo_00 -7.5,+10 deg",,0.27083982275775187,False,nan,False,nan,0.0,False,1.389945093709591,199.49332037615054,17.864248526870178,158.73899131519048,1.8547228593368603,-0.75,nan,0.3134374555814625,0.07245156496022,2.0,94.0,209.44547027138324,6327.59251669952,32.80146632240064,nan,5488.498431287942,40252854.672457755,0.0,nan
pd,20.0,1.0,replay,50,"demo_00 -7.5,+10 deg",demo_00,0.0355084616685572,True,7.3,True,0.0065032470889033875,2.000000000000001,False,0.005934010032486746,0.08488995433583812,0.007601734428153666,0.333603497707218,0.13795777603710319,-0.75,0.009999999999999787,0.02766538351951257,0.07245156496022,58.0,94.0,0.21961243743494788,1000.0000000005556,4.107903910019657,7.82,650.5434432771193,4159.86783544266,0.0,nan
pd,20.0,1.0,esn,51,"demo_00 -7.5,+12.5 deg",,0.3363743031135633,False,nan,False,nan,0.0,False,1.3899450934744286,199.65285545273835,14.944663617878621,158.8056771386319,2.136615103281284,-0.75,nan,0.530054969213144,0.07245156496022,3.0,94.0,209.70640763475848,7853.9914414763025,41.08018899731173,nan,6812.483514405581,40574962.111022495,0.0,nan
pd,20.0,1.0,replay,51,"demo_00 -7.5,+12.5 deg",demo_00,0.039657679330402595,True,7.3,True,0.0065032470889033875,2.000000000000001,False,0.005934010032486746,0.0931715170037696,0.006974190162376148,0.39104441496539727,0.16796117071883343,-0.75,0.009999999999999787,0.02859487518965707,0.07245156496022,54.0,94.0,0.2588709741551032,1250.0000000007042,4.645702956485561,7.82,650.5434432771193,4237.7794169085655,0.0,nan
pd,20.0,1.0,esn,52,"demo_00 -7.5,+15 deg",,0.40144857074073287,False,nan,False,nan,0.0,False,1.3899450932056892,199.70133381241678,12.765090643693817,158.82218987099367,2.282613369057913,-0.75,nan,0.640923682637836,0.07245156496022,3.0,94.0,209.8920938447487,9404.670090482325,49.247336779968194,nan,8157.528618059087,40888643.34796531,0.0,nan
pd,20.0,1.0,replay,52,"demo_00 -7.5,+15 deg",demo_00,0.044582071852682925,True,7.3,True,0.0065032470889033875,2.000000000000001,False,0.005934010032486746,0.10135352819040615,0.006478609580164295,0.4517208143782083,0.20013158086799554,-0.75,0.009999999999999787,0.029696838017780808,0.07245156496022,48.0,94.0,0.30034913838378335,1500.0000000008397,5.268149006326578,7.82,650.5434432771193,4337.676915535339,0.0,nan
pd,20.0,1.0,esn,53,"demo_00 -5,-15 deg",,0.39372449725825787,False,nan,False,nan,0.0,False,1.3899454828062074,185.63400654198682,13.178702176929255,152.89658165939926,2.663089631354865,-0.75,nan,2.3266353932917103,0.07245156496022,20.0,94.0,224.0420543138324,9170.227680730286,105.62581542742262,nan,6776.73255145908,56155922.80632299,0.0,nan
pd,20.0,1.0,replay,53,"demo_00 -5,-15 deg",demo_00,0.051424915467317416,True,7.3,True,0.0065032470889033875,2.000000000000001,False,0.005934010032486746,0.1114951778943334,0.007915369446604198,0.4368160586770729,0.2386411308206876,-0.75,0.009999999999999787,0.02945783188429598,0.07245156496022,35.0,94.0,0.2977162245787956,1500.0000000008336,6.052234806753378,7.82,433.69562885141295,2405.240697343843,0.0,nan
pd,20.0,1.0,esn,54,"demo_00 -5,-12.5 deg",,0.32799312312784823,False,nan,False,nan,0.0,False,1.389945027691346,193.72913359635749,16.167699830646335,156.3134394739725,2.674043501754841,-0.75,nan,2.081805105835899,0.07245156496022,10.0,94.0,231.2376920887246,7769.326173866059,107.76031141373834,nan,5643.523916545981,58592660.19479758,0.0,nan
pd,20.0,1.0,replay,54,"demo_00 -5,-12.5 deg",demo_00,0.045024836981917865,True,7.3,True,0.0065032470889033875,2.000000000000001,False,0.005934010032486746,0.09941407893630322,0.008296619911237509,0.37404884582207215,0.2039423658408937,-0.75,0.009999999999999787,0.028404269677872115,0.07245156496022,45.0,94.0,0.2561616889749975,1250.0000000006978,5.284628569186998,7.82,433.69562885141295,2276.718011236072,0.0,nan
pd,20.0,1.0,esn,55,"demo_00 -5,-10 deg",,0.26228472475472797,False,nan,False,nan,0.0,False,1.3899450244616498,194.03483050818886,19.328984574538975,156.4490346786808,2.6753683157828374,-0.75,nan,2.164127766407197,0.07245156496022,10.0,94.0,230.81557561765032,6346.864776631109,108.58574281803057,nan,4988.269370530881,58376648.300165676,0.0,nan
pd,20.0,1.0,replay,55,"demo_00 -5,-10 deg",demo_00,0.03887274801444577,True,7.3,True,0.0065032470889033875,2.000000000000001,False,0.005934010032486746,0.08780086423340519,0.008746375823113144,0.3128157402220447,0.16958214096258542,-0.75,0.009999999999999787,0.02749568627531174,0.07245156496022,48.0,94.0,0.21545188960155137,1000.0000000005556,4.541583506655632,7.82,433.69562885141295,2170.680251473133,0.0,nan
pd,20.0,1.0,esn,56,"demo_00 -5,-7.5 deg",,0.1966259360400178,False,nan,False,nan,0.0,False,1.3899450255148722,194.26766499232644,24.263625131698717,156.5533546599322,2.6546179055991024,-0.75,nan,2.258359764673823,0.07245156496022,11.0,94.0,230.04240137544346,5141.424092739726,105.18452356338004,nan,4946.178695804988,57963452.539564304,0.0,nan
pd,20.0,1.0,replay,56,"demo_00 -5,-7.5 deg",demo_00,0.03307957943863103,True,7.3,True,0.0065032470889033875,2.000000000000001,False,0.005934010032486746,0.07604450532471123,0.009497799701237684,0.2545032121681776,0.13590755000625884,-0.75,0.009999999999999787,0.02675283098613395,0.07245156496022,56.0,94.0,0.17652135724185525,750.0000000004198,3.836478631531093,7.82,433.69562885141295,2086.6675760605103,0.0,nan
pd,20.0,1.0,esn,57,"demo_00 -5,-5 deg",,0.1311625098094419,False,nan,False,nan,0.0,False,1.3899450258499577,193.71434325560892,32.4053651775402,156.3629419810141,2.673098756229671,-0.75,nan,2.0103470174711346,0.07245156496022,10.0,94.0,230.77623022796632,5179.675541514132,108.84291728266463,nan,4987.846684283322,58071539.21580664,0.0,nan
pd,20.0,1.0,replay,57,"demo_00 -5,-5 deg",demo_00,0.02784939224964537,True,7.3,True,0.0065032470889033875,2.000000000000001,False,0.005934010032486746,0.06501765770676139,0.010876432305251657,0.2019487346145439,0.10368389352879506,-0.75,0.009999999999999787,0.026195082618414103,0.07245156496022,63.0,94.0,0.14121392270234154,500.0000000002842,3.1942150426213516,7.82,433.69562885141295,2024.2882542296409,0.0,nan
pd,20.0,1.0,esn,58,"demo_00 -5,-2.5 deg",,0.06672985988863712,False,nan,False,nan,0.0,False,1.3899450381931022,192.8228791334186,45.79976569440212,156.0469882466349,2.65566472319303,-0.75,nan,1.7856775949949537,0.07245156496022,10.0,94.0,231.05934517847106,5211.025419948559,110.03317329335371,nan,4987.284780142142,58027191.06500653,0.0,nan
pd,20.0,1.0,replay,58,"demo_00 -5,-2.5 deg",demo_00,0.023550246783805143,True,7.3,True,0.0065032470889033875,2.000000000000001,False,0.005934010032486746,0.055694558063874536,0.013228708757189398,0.16118142056747342,0.07475861608373909,-0.75,0.009999999999999787,0.02583890384375913,0.07245156496022,71.0,94.0,0.11333337462532715,500.0000000002778,2.661256504710106,7.82,433.69562885141295,1983.220659223281,0.0,nan
pd,20.0,1.0,esn,59,"demo_00 -5,+0 deg",,0.021305433080578348,False,nan,False,nan,0.0,False,1.389945227699265,177.83932766324614,54.2822318734075,150.01434157012645,2.6699990551137955,-0.75,nan,1.906723667108522,0.07245156496022,12.0,94.0,219.71458399641648,5100.720416196559,106.6330837821718,nan,4945.722063440647,53486737.76421631,0.0,nan
pd,20.0,1.0,replay,59,"demo_00 -5,+0 deg",demo_00,0.020773995137750786,True,7.3,True,0.0065032470889033875,2.000000000000001,False,0.005934010032486746,0.05072276476225177,0.015482204719636287,0.14292297801861475,0.053183425979137076,-0.75,0.009999999999999787,0.025696274023601966,0.07245156496022,73.0,94.0,0.09963618590982118,500.0000000002778,2.316117844128281,7.82,433.69562885141295,1963.2152517873542,0.0,nan
pd,20.0,1.0,esn,60,"demo_00 -5,+2.5 deg",,0.07247279650776305,False,nan,False,nan,0.0,False,1.3899456901310225,181.186896355824,46.277043361440164,151.41515232849417,2.66469787515665,-0.75,nan,2.0514605812847315,0.07245156496022,12.0,94.0,221.76999822364843,5093.87068092383,105.68082978588102,nan,4944.799575524685,54323495.3912402,0.0,nan
pd,20.0,1.0,replay,60,"demo_00 -5,+2.5 deg",demo_00,0.020182629448374182,True,7.3,True,0.0065032470889033875,2.000000000000001,False,0.005934010032486746,0.05381228242928375,0.013744224209611184,0.1554592002394111,0.05142632725596606,-0.75,0.009999999999999787,0.02577342211701524,0.07245156496022,73.0,94.0,0.10595558812384276,500.0000000002778,2.2499539016400063,7.82,433.69562885141295,1964.0964151030528,0.0,nan
pd,20.0,1.0,esn,61,"demo_00 -5,+5 deg",,0.13740726267890463,False,nan,False,nan,0.0,False,1.389944610854609,181.2707353104355,32.24717564191111,151.14447472750987,2.6776462186149197,-0.75,nan,2.5377285654339086,0.07245156496022,19.0,94.0,216.9297894883196,5163.205714850144,112.18606912229578,nan,4983.774602319745,52275755.27734397,0.0,nan
pd,20.0,1.0,replay,61,"demo_00 -5,+5 deg",demo_00,0.021989899707621764,True,7.3,True,0.0065032470889033875,2.000000000000001,False,0.005934010032486746,0.06353741868308405,0.011302995470273814,0.19292047326364617,0.06860907628628012,-0.75,0.009999999999999787,0.026070174472399024,0.07245156496022,73.0,94.0,0.1294488538505123,500.0000000002842,2.4887027095040737,7.82,433.69562885141295,1985.7639514274758,0.0,nan
pd,20.0,1.0,esn,62,"demo_00 -5,+7.5 deg",,0.20331960055672618,False,nan,False,nan,0.0,False,1.389945094318484,199.2599492366559,25.645714040336163,158.63259950540413,1.499661374721734,-0.75,nan,0.21461417239828137,0.07245156496022,3.0,94.0,208.90447825917684,4699.807216133582,24.27662234636481,nan,4076.5716921606618,39857088.82241382,0.0,nan
pd,20.0,1.0,replay,62,"demo_00 -5,+7.5 deg",demo_00,0.02573882423393168,True,7.3,True,0.0065032470889033875,2.000000000000001,False,0.005934010032486746,0.07269583076410725,0.009356303134890106,0.24407464701524093,0.0967231785390574,-0.75,0.009999999999999787,0.02658009604286697,0.07245156496022,67.0,94.0,0.1628268795944056,750.0000000004198,2.9632057336767317,7.82,433.69562885141295,2028.193995058561,0.0,nan
pd,20.0,1.0,esn,63,"demo_00 -5,+10 deg",,0.26937845036560903,False,nan,False,nan,0.0,False,1.389945093870847,199.64148815581888,19.802613291615383,158.81121696596392,2.031890907986168,-0.75,nan,0.4499748872356011,0.07245156496022,2.0,94.0,209.23608699272302,6208.286075133561,33.77566298890462,nan,5385.013066886053,40232774.49902459,0.0,nan
pd,20.0,1.0,replay,63,"demo_00 -5,+10 deg",demo_00,0.030774344879139295,True,7.3,True,0.0065032470889033875,2.000000000000001,False,0.005934010032486746,0.08088083157168112,0.008022640209274533,0.30199396487670715,0.12876460242142176,-0.75,0.009999999999999787,0.02729138433090029,0.07245156496022,58.0,94.0,0.20116500977765595,1000.0000000005556,3.5845953369006653,7.82,433.69562885141295,2091.4390370373694,0.0,nan
pd,20.0,1.0,esn,64,"demo_00 -5,+12.5 deg",,0.3352556885171958,False,nan,False,nan,0.0,False,1.38994509356036,199.76086134957413,16.024117324057535,158.85571209298917,2.2344839183014056,-0.75,nan,0.6102039114866435,0.07245156496022,3.0,94.0,209.61204803696162,7741.485855539329,43.58170822269715,nan,6714.897152721173,40567609.441972226,0.0,nan
pd,20.0,1.0,replay,64,"demo_00 -5,+12.5 deg",demo_00,0.03661717537317783,True,7.3,True,0.0065032470889033875,2.000000000000001,False,0.005934010032486746,0.08878648693381525,0.00712214131340093,0.3633884788079158,0.16238319173133697,-0.75,0.009999999999999787,0.028188276073353013,0.07245156496022,54.0,94.0,0.24202628119797928,1250.0000000007042,4.292964861949934,7.82,433.69562885141295,2175.6266973985507,0.0,nan
pd,20.0,1.0,esn,65,"demo_00 -5,+15 deg",,0.40064837192116676,False,nan,False,nan,0.0,False,1.389945092877687,199.80531314907344,13.419811154272864,158.8702501277421,2.3501858258832207,-0.75,nan,0.734841498611353,0.07245156496022,3.0,94.0,209.90512152325374,9298.964167755108,49.62012841958016,nan,8065.840224798139,40959528.40000723,0.0,nan
pd,20.0,1.0,replay,65,"demo_00 -5,+15 deg",demo_00,0.04298677738833671,True,7.3,True,0.0065032470889033875,2.000000000000001,False,0.005934010032486746,0.09789208697490044,0.006574866804070822,0.42667862531751605,0.19658510189643652,-0.75,0.009999999999999787,0.029252635976130533,0.07245156496022,48.0,94.0,0.2842168208201291,1500.0000000008397,5.055075038611274,7.82,433.69562885141295,2280.9568258837226,0.0,nan
pd,20.0,1.0,esn,66,"demo_00 -2.5,-15 deg",,0.39424819153582696,False,nan,False,nan,0.0,False,1.389945425259028,185.25208619297698,14.448217598131256,152.6352898380736,2.6780747565263496,-0.75,nan,2.5003681592979543,0.07245156496022,23.0,94.0,220.6445487538444,8924.859459918427,110.57828669423891,nan,6944.005342351151,54552173.910946175,0.0,nan
pd,20.0,1.0,replay,66,"demo_00 -2.5,-15 deg",demo_00,0.04764649452545179,True,7.3,True,0.0065032470889033875,2.000000000000001,False,0.005934010032486746,0.1074388365832482,0.008379391138558111,0.4130087516419971,0.21365568895552817,-0.75,0.009999999999999787,0.029175953382221544,0.07245156496022,45.0,94.0,0.27699291578512897,1500.0000000008336,5.587697444632809,7.82,216.84781442570647,1078.303707165766,0.0,nan
pd,20.0,1.0,esn,67,"demo_00 -2.5,-12.5 deg",,0.32854220673369583,False,nan,False,nan,0.0,False,1.389945030715458,193.5166222094931,18.081954112478403,156.22361462955914,2.6731277792199997,-0.75,nan,2.027344700980714,0.07245156496022,10.0,94.0,231.3061544784446,7527.43703833475,107.552659083592,nan,5806.295780785548,58645204.47932852,0.0,nan
pd,20.0,1.0,replay,67,"demo_00 -2.5,-12.5 deg",demo_00,0.04048247932190236,True,7.3,True,0.0065032470889033875,2.000000000000001,False,0.005934010032486746,0.09478801664862774,0.008856875176323982,0.34882761415032265,0.17875353110194295,-0.75,0.009999999999999787,0.02813990815186895,0.07245156496022,48.0,94.0,0.23552901850331542,1250.0000000006978,4.747253912422227,7.82,216.84781442570647,964.4229624382799,0.0,nan
pd,20.0,1.0,esn,68,"demo_00 -2.5,-10 deg",,0.2627965904099818,False,nan,False,nan,0.0,False,1.3899450245050842,193.9145002066872,22.783995377202857,156.3960172961619,2.6754721120139218,-0.75,nan,2.172046853929161,0.07245156496022,10.0,94.0,230.70858059578245,6108.495480236588,107.76302809339357,nan,4979.691737508363,58310635.11006597,0.0,nan
pd,20.0,1.0,replay,68,"demo_00 -2.5,-10 deg",demo_00,0.033427054271896725,True,7.3,True,0.0065032470889033875,2.000000000000001,False,0.005934010032486746,0.08207916661999622,0.00964389641229195,0.2852913974270379,0.1439136041630369,-0.75,0.009999999999999787,0.027250064277844616,0.07245156496022,55.0,94.0,0.1945204934629178,1000.0000000005556,3.9161323249042153,7.82,216.84781442570647,871.4514147936146,0.0,nan
pd,20.0,1.0,esn,69,"demo_00 -2.5,-7.5 deg",,0.19699411693830246,False,nan,False,nan,0.0,False,1.3899450244608376,193.99675726707585,29.72408323330599,156.44596476714617,2.676411643395069,-0.75,nan,2.1626579515696354,0.07245156496022,10.0,94.0,230.4737827041178,5161.803960263121,108.19783864406031,nan,4979.254015901463,58119146.49933666,0.0,nan
pd,20.0,1.0,replay,69,"demo_00 -2.5,-7.5 deg",demo_00,0.026536133478735145,True,7.3,True,0.0065032470889033875,2.000000000000001,False,0.005934010032486746,0.07000358932407226,0.010725913901922917,0.22322638049391774,0.10929343247508683,-0.75,0.009999999999999787,0.026526033370633993,0.07245156496022,60.0,94.0,0.15467488814117974,750.0000000004198,3.100911384604213,7.82,216.84781442570647,798.9891742022796,0.0,nan
pd,20.0,1.0,esn,70,"demo_00 -2.5,-5 deg",,0.13115048102396537,False,nan,False,nan,0.0,False,1.389945029352198,193.49111426204712,42.19358845727348,156.2969560361843,2.652298278423615,-0.75,nan,1.970197376589473,0.07245156496022,10.0,94.0,231.15526086678318,5133.049134017762,104.41981428676061,nan,4958.645439411451,58194602.68200009,0.0,nan
pd,20.0,1.0,replay,70,"demo_00 -2.5,-5 deg",demo_00,0.019956809096665515,True,7.3,True,0.0065032470889033875,2.000000000000001,False,0.005934010032486746,0.058059834843259446,0.012660802469492369,0.16461418957603435,0.07520220098562598,-0.75,0.009999999999999787,0.025985914953845134,0.07245156496022,69.0,94.0,0.11755729013135527,500.0000000002842,2.3182184014232083,7.82,216.84781442570647,746.6989199686067,0.0,nan
pd,20.0,1.0,esn,71,"demo_00 -2.5,-2.5 deg",,0.06546627946173272,False,nan,False,nan,0.0,False,1.389945044422389,191.78144743979763,77.04174057269978,155.60566810632028,2.6517565744793217,-0.75,nan,1.7184781076520503,0.07245156496022,9.0,94.0,229.79487695425027,5198.771259493112,110.51819945403045,nan,5012.579711928845,57383834.93585473,0.0,nan
pd,20.0,1.0,replay,71,"demo_00 -2.5,-2.5 deg",demo_00,0.01412174525304215,True,7.3,True,0.0065032470889033875,2.000000000000001,False,0.005934010032486746,0.04622120509062283,0.018567813201363706,0.11520857808053094,0.04130210392087671,-0.75,0.009999999999999787,0.025644830655314976,0.07245156496022,72.0,94.0,0.08713556757782112,250.00000000014848,1.617205065896024,7.82,216.84781442570647,714.3080171087963,0.0,nan
pd,20.0,1.0,esn,72,"demo_00 -2.5,+0 deg",,0.010781104445310373,False,nan,False,nan,0.0,False,1.3899451152737572,170.87618293380183,216.00157541530365,147.31973454254032,2.664244884841341,-0.75,nan,1.9008015941589191,0.07245156496022,12.0,94.0,215.40711513153943,5077.601608567724,105.52477571669515,nan,4946.976773004932,51569826.51709154,0.0,nan
pd,20.0,1.0,replay,72,"demo_00 -2.5,+0 deg",demo_00,0.010393768597595306,True,7.3,True,0.0065032470889033875,2.000000000000001,False,0.005934010032486746,0.03881280527682528,0.04906258404267799,0.09171440597282975,0.013343816499823654,-0.75,0.009999999999999787,0.025513472982040857,0.07245156496022,72.0,94.0,0.07274396108261892,250.0000000001389,1.1609390588652626,7.82,216.84781442570647,701.610673181569,0.0,nan
pd,20.0,1.0,esn,73,"demo_00 -2.5,+2.5 deg",,0.06889835819244844,False,nan,False,nan,0.0,False,1.3899456931052983,181.93496936902432,83.37704848410898,151.7399188264708,2.6583763775172686,-0.75,nan,1.9509333398008597,0.07245156496022,11.0,94.0,222.24522266016666,5123.354222278961,105.29000345216095,nan,4954.057288317503,54377405.54803669,0.0,nan
pd,20.0,1.0,replay,73,"demo_00 -2.5,+2.5 deg",demo_00,0.011188679882791432,True,7.3,True,0.0065032470889033875,2.000000000000001,False,0.005934010032486746,0.045977375027542046,0.021070483811542095,0.11201345545937033,0.027031885539560537,-0.75,0.009999999999999787,0.025596970337448642,0.07245156496022,72.0,94.0,0.08334392672707487,250.00000000014848,1.2587272649904204,7.82,216.84781442570647,708.4700131603172,0.0,nan
pd,20.0,1.0,esn,74,"demo_00 -2.5,+5 deg",,0.13498699044317639,False,nan,False,nan,0.0,False,1.3899452192297659,186.81898322087036,40.73713501664738,153.38032740317468,2.676924453538013,-0.75,nan,1.948488846587496,0.07245156496022,16.0,94.0,223.3411562316108,5177.319323066431,108.8962629676579,nan,5034.697054742217,54575069.70450831,0.0,nan
pd,20.0,1.0,replay,74,"demo_00 -2.5,+5 deg",demo_00,0.015894834676809355,True,7.3,True,0.0065032470889033875,2.000000000000001,False,0.005934010032486746,0.059185253748397684,0.012905742400345449,0.16028477214392275,0.05979870506757273,-0.75,0.009999999999999787,0.025894350297039098,0.07245156496022,73.0,94.0,0.11209996674759728,500.0000000002842,1.8282177345256974,7.82,216.84781442570647,734.8199051104167,0.0,nan
pd,20.0,1.0,esn,75,"demo_00 -2.5,+7.5 deg",,0.20137304553687763,False,nan,False,nan,0.0,False,1.3899450669429054,194.39570310159553,27.546671085024276,156.58024631006305,2.683999156786883,-0.75,nan,1.7323252823474502,0.07245156496022,8.0,94.0,222.1547272412058,5175.803115332813,111.83757855368353,nan,5009.0074545305715,53182682.48785012,0.0,nan
pd,20.0,1.0,replay,75,"demo_00 -2.5,+7.5 deg",demo_00,0.022199065331376076,True,7.3,True,0.0065032470889033875,2.000000000000001,False,0.005934010032486746,0.06922055449740967,0.00980883742099283,0.21871157384464168,0.09384960350248912,-0.75,0.009999999999999787,0.0263987472092635,0.07245156496022,68.0,94.0,0.14880902634111745,750.0000000004198,2.577347748365244,7.82,216.84781442570647,780.6663195282832,0.0,nan
pd,20.0,1.0,esn,76,"demo_00 -2.5,+10 deg",,0.2677444743550715,True,0.08,True,1.47672976579608,2.0,False,1.3899450927618595,17.999944986716347,1.8861789268234102,158.9088965894283,0.37043940481993787,-0.75,-7.21,nan,0.07245156496022,0.0,94.0,208.96257564999826,6077.094782831638,38.3376263037977,nan,5271.218886856692,40378433.27480379,0.0,nan
pd,20.0,1.0,replay,76,"demo_00 -2.5,+10 deg",demo_00,0.029131337180760466,True,7.3,True,0.0065032470889033875,2.000000000000001,False,0.005934010032486746,0.07733711470564944,0.008104004547056762,0.2809774413852202,0.1285304575985092,-0.75,0.009999999999999787,0.027098296894828507,0.07245156496022,59.0,94.0,0.1888224474398489,1000.0000000005556,3.3925898446865728,7.82,216.84781442570647,846.0879515179352,0.0,nan
pd,20.0,1.0,esn,77,"demo_00 -2.5,+12.5 deg",,0.33388968116734413,False,nan,False,nan,0.0,False,1.389945093062388,199.86582094506784,16.607125904202583,158.90665104678862,2.309394555953594,-0.75,nan,0.6944305597970559,0.07245156496022,3.0,94.0,209.54129040206928,7617.070728150452,50.367345340944446,nan,6606.980558898137,40645052.531755686,0.0,nan
pd,20.0,1.0,replay,77,"demo_00 -2.5,+12.5 deg",demo_00,0.03638258122196816,True,7.3,True,0.0065032470889033875,2.000000000000001,False,0.005934010032486746,0.08574322115864867,0.007124522154315372,0.344940791676812,0.16339582499906352,-0.75,0.009999999999999787,0.027977485018856666,0.07245156496022,55.0,94.0,0.2303352640006516,1250.0000000007042,4.239108406260642,7.82,216.84781442570647,931.2357801257318,0.0,nan
pd,20.0,1.0,esn,78,"demo_00 -2.5,+15 deg",,0.39954880116575797,False,nan,False,nan,0.0,False,1.389945091970179,199.90810824087507,13.758673192941037,158.9210501089899,2.398769048467922,-0.75,nan,0.8017795668951351,0.07245156496022,3.0,94.0,209.8785153784075,9181.309501573389,56.61754602111694,nan,7963.78759592423,41076508.52240248,0.0,nan
pd,20.0,1.0,replay,78,"demo_00 -2.5,+15 deg",demo_00,0.04384045935155491,True,7.3,True,0.0065032470889033875,2.000000000000001,False,0.005934010032486746,0.09642638531011292,0.006636544832187978,0.4097290838072018,0.1982995833155524,-0.75,0.009999999999999787,0.02901864222096222,0.07245156496022,48.0,94.0,0.272561283783234,1500.0000000008397,5.104156096627471,7.82,216.84781442570647,1036.3311873991397,0.0,nan
pd,20.0,1.0,esn,79,"demo_00 +0,-15 deg",,0.39555132332832627,False,nan,False,nan,0.0,False,1.3899450733782728,191.2655269317364,16.798486674606693,155.17074898883726,2.6758166315224567,-0.75,nan,2.2681946438664013,0.07245156496022,18.0,94.0,227.27225439703605,8682.997318390015,107.98262669521198,nan,7121.476911894457,57052925.82330209,0.0,nan
pd,20.0,1.0,replay,79,"demo_00 +0,-15 deg",demo_00,0.04587896304203232,True,7.3,True,0.0065032470889033875,2.000000000000001,False,0.005934010032486746,0.10613416698295124,0.009321561592329764,0.4012356665736448,0.18844257990692398,-0.75,0.009999999999999787,0.02896607467503617,0.07245156496022,48.0,94.0,0.26519058248970195,1500.0000000008336,5.3245651584024545,7.82,186.4011641129944,607.7988434396752,0.0,nan
pd,20.0,1.0,esn,80,"demo_00 +0,-12.5 deg",,0.3299308388452444,False,nan,False,nan,0.0,False,1.3899450338346755,193.0774668495237,20.48393122562344,156.02941975603918,2.65089287270797,-0.75,nan,1.9695792543018382,0.07245156496022,11.0,94.0,230.94733537612692,7288.95579319707,110.9282645811648,nan,5979.258628301054,58466915.43930326,0.0,nan
pd,20.0,1.0,replay,80,"demo_00 +0,-12.5 deg",demo_00,0.03821775119480112,True,7.3,True,0.0065032470889033875,2.000000000000001,False,0.005934010032486746,0.09270913271587947,0.009835676474973163,0.3368299884260884,0.15365121678907825,-0.75,0.009999999999999787,0.027949435298415905,0.07245156496022,54.0,94.0,0.22416481534960264,1250.0000000006978,4.438635277996727,7.82,155.33430342749534,506.9457993524075,0.0,nan
pd,20.0,1.0,esn,81,"demo_00 +0,-10 deg",,0.2642359235710564,False,nan,False,nan,0.0,False,1.389945024293566,193.79461227330586,26.76710414167663,156.33826432313333,2.673116224499699,-0.75,nan,2.186082256657772,0.07245156496022,10.0,94.0,230.5369697155904,5873.436941009582,107.06637132614156,nan,4978.959250158205,58256798.99223544,0.0,nan
pd,20.0,1.0,replay,81,"demo_00 +0,-10 deg",demo_00,0.03057722221153007,True,7.3,True,0.0065032470889033875,2.000000000000001,False,0.005934010032486746,0.07897551939797674,0.010908177103434525,0.27272872883554594,0.11914304276776726,-0.75,0.009999999999999787,0.027082726842156454,0.07245156496022,58.0,94.0,0.1834897836817259,1000.0000000005556,3.5529401916249395,7.82,124.2674427419963,425.0497191814261,0.0,nan
pd,20.0,1.0,esn,82,"demo_00 +0,-7.5 deg",,0.19843405641401662,False,nan,False,nan,0.0,False,1.3899450256512678,193.5016801296636,37.735833639205936,156.2498536862438,2.667228207880284,-0.75,nan,2.0607804631435434,0.07245156496022,10.0,94.0,230.63063447171572,5133.9336888971,106.0590706159843,nan,4952.217763969103,58094533.42597093,0.0,nan
pd,20.0,1.0,replay,82,"demo_00 +0,-7.5 deg",demo_00,0.022946231323460544,True,7.3,True,0.0065032470889033875,2.000000000000001,False,0.005934010032486746,0.06556700149998497,0.012786583864114482,0.20945862953278468,0.0851657390379268,-0.75,0.009999999999999787,0.026384541706226217,0.07245156496022,65.0,94.0,0.14377330832074614,750.0000000004198,2.6668428232384795,7.82,93.20058205649727,361.76569206397613,0.0,nan
pd,20.0,1.0,esn,83,"demo_00 +0,-5 deg",,0.13249625050818428,False,nan,False,nan,0.0,False,1.3899450375224727,192.96325784114342,64.45993671419792,156.09129581690243,2.6708893155072957,-0.75,nan,1.8186790749174253,0.07245156496022,10.0,94.0,231.3371088447647,5163.43550722704,106.95981009505286,nan,4976.993034440846,58261918.39219417,0.0,nan
pd,20.0,1.0,replay,83,"demo_00 +0,-5 deg",demo_00,0.015313658536106896,True,7.3,True,0.0065032470889033875,2.000000000000001,False,0.005934010032486746,0.05280275397447396,0.017638913322721838,0.14837174665241318,0.05177574101230625,-0.75,0.009999999999999787,0.025871703569905206,0.07245156496022,73.0,94.0,0.10643680508571132,500.0000000002842,1.7797177452093171,7.82,62.133721370998074,316.8064212229767,0.0,nan
pd,20.0,1.0,esn,84,"demo_00 +0,-2.5 deg",,0.0664010710353549,False,nan,False,nan,0.0,False,1.3899451193950192,189.12991013185012,174.41799644093314,154.46875185259083,2.53515986060619,-0.75,nan,1.407039611514019,0.07245156496022,12.0,94.0,200.34565926850382,3151.8687110308542,59.12820149723765,nan,3061.5584542879715,37003836.172224276,0.0,nan
pd,20.0,1.0,replay,84,"demo_00 +0,-2.5 deg",demo_00,0.0076685048442199704,True,7.3,True,0.0065032470889033875,2.000000000000001,False,0.005934010032486746,0.041031314429217494,0.03783959739151206,0.09417383969800498,0.018840617245048052,-0.75,0.009999999999999787,0.025557854285077314,0.07245156496022,72.0,94.0,0.07548266434155482,250.00000000014848,0.8909608853856733,7.82,50.84309498203152,289.9447836305158,0.0,nan
pd,20.0,1.0,esn,85,"demo_00 +0,+2.5 deg",,0.0662803470319086,False,nan,False,nan,0.0,False,1.3899456933826402,181.96684293562856,78.74127147912051,151.59777784957765,2.6768730477891087,-0.75,nan,1.9827189246641335,0.07245156496022,12.0,94.0,222.01366355993346,5159.929257830374,108.5675097326967,nan,4988.944616914367,54263588.905687295,0.0,nan
pd,20.0,1.0,replay,85,"demo_00 +0,+2.5 deg",demo_00,0.0077022761877202075,True,7.3,True,0.0065032470889033875,2.000000000000001,False,0.005934010032486746,0.04639014595775388,0.020074091619579956,0.09419894063008546,0.03490381605529773,-0.75,0.009999999999999787,0.025558071270276664,0.07245156496022,72.0,94.0,0.07550943753596992,250.00000000014848,0.8936940256712748,7.82,50.84308567732585,289.9231479566678,0.0,nan
pd,20.0,1.0,esn,86,"demo_00 +0,+5 deg",,0.1328242606501832,False,nan,False,nan,0.0,False,1.3899450268037619,191.0231072611696,41.198763451829535,155.15716878810323,2.6755167036967094,-0.75,nan,1.9310668078069895,0.07245156496022,13.0,94.0,227.4397966045082,5178.01534385449,108.44856140702018,nan,5027.577168586828,56390498.07775233,0.0,nan
pd,20.0,1.0,replay,86,"demo_00 +0,+5 deg",demo_00,0.015448257369359147,True,7.3,True,0.0065032470889033875,2.000000000000001,False,0.005934010032486746,0.05839783982967001,0.01259490971399076,0.14849973737276165,0.06979101978453763,-0.75,0.009999999999999787,0.02587344670016886,0.07245156496022,73.0,94.0,0.1065892891062349,500.0000000002842,1.7905950186157982,7.82,62.133721370998074,316.63437628885026,0.0,nan
pd,20.0,1.0,esn,87,"demo_00 +0,+7.5 deg",,0.19942592721890853,False,nan,False,nan,0.0,False,1.3899450449348418,194.6128078041446,27.479555714031108,156.71317703959895,2.6753350213650817,-0.75,nan,1.729356798422392,0.07245156496022,9.0,94.0,224.1493200653374,5137.397072465067,108.7041356355415,nan,4986.35591977108,54278046.13844204,0.0,nan
pd,20.0,1.0,replay,87,"demo_00 +0,+7.5 deg",demo_00,0.02324723783478945,True,7.3,True,0.0065032470889033875,2.000000000000001,False,0.005934010032486746,0.06650410431599198,0.009390457187186826,0.20976758580308988,0.10384753664276115,-0.75,0.009999999999999787,0.026390376005385848,0.07245156496022,66.0,94.0,0.14415790751128027,750.0000000004198,2.691108514378155,7.82,93.20058205649711,361.1908002955523,0.0,nan
pd,20.0,1.0,esn,88,"demo_00 +0,+10 deg",,0.265975077163841,False,nan,False,nan,0.0,False,1.3899450759524077,199.08117620711593,20.83348180695316,158.40948869432935,2.2355344748680945,-0.75,nan,0.6286415282599565,0.07245156496022,4.0,94.0,209.90821127027692,6179.616161267011,45.96644648718539,nan,5147.299315299243,41477745.332587704,0.0,nan
pd,20.0,1.0,replay,88,"demo_00 +0,+10 deg",demo_00,0.031107702935434883,True,7.3,True,0.0065032470889033875,2.000000000000001,False,0.005934010032486746,0.07466888929592966,0.007813963009108173,0.27329902702605313,0.13787229828113745,-0.75,0.009999999999999787,0.02709638295790787,0.07245156496022,58.0,94.0,0.1842139407311439,1000.0000000005556,3.595557979185771,7.82,124.26744274199615,423.70567070114504,0.0,nan
pd,20.0,1.0,esn,89,"demo_00 +0,+12.5 deg",,0.3323043846527345,False,nan,False,nan,0.0,False,1.3899450921779093,199.9634633168534,16.60768539011466,158.95403249557492,2.3681291125983037,-0.75,nan,0.7445100900873118,0.07245156496022,3.0,94.0,209.5764425069099,7766.604770367053,53.21515382694445,nan,6488.904931697423,40786791.23815129,0.0,nan
pd,20.0,1.0,replay,89,"demo_00 +0,+12.5 deg",demo_00,0.03903714332522095,True,7.3,True,0.0065032470889033875,2.000000000000001,False,0.005934010032486746,0.08563343401612739,0.007112164929657538,0.33774809475537915,0.17198715963102415,-0.75,0.009999999999999787,0.027975707540578713,0.07245156496022,54.0,94.0,0.22534315379579972,1250.0000000007042,4.5041704040020125,7.82,155.33430342749548,504.3660221850794,0.0,nan
pd,20.0,1.0,esn,90,"demo_00 +0,+15 deg",,0.39817198570714646,False,nan,False,nan,0.0,False,1.3899450916348357,199.98423841874492,13.763261646230742,158.95401909240374,2.4461216027208463,-0.75,nan,0.8374476972254059,0.07245156496022,3.0,94.0,209.9822606428687,9367.950930847348,58.82945983729714,nan,7851.529804816167,41179912.7363576,0.0,nan
pd,20.0,1.0,replay,90,"demo_00 +0,+15 deg",demo_00,0.04704185490836969,True,7.3,True,0.0065032470889033875,2.000000000000001,False,0.005934010032486746,0.0971894360960159,0.006688745317209505,0.40259659120330604,0.20609858334871872,-0.75,0.009999999999999787,0.029010731412229165,0.07245156496022,48.0,94.0,0.2669489838905551,1500.0000000008397,5.41706151180103,7.82,186.40116411299454,603.4326180893622,0.0,nan
pd,20.0,1.0,esn,91,"demo_00 +2.5,-15 deg",,0.39764911846477685,False,nan,False,nan,0.0,False,1.3899450636175015,192.23790528654405,19.324375446776955,155.51206840903916,2.6666338041694324,-0.75,nan,2.174848606898344,0.07245156496022,14.0,94.0,227.23771470795995,8444.612675730483,109.64344623983385,nan,7308.847745317339,56769519.52943113,0.0,nan
pd,20.0,1.0,replay,91,"demo_00 +2.5,-15 deg",demo_00,0.04635151955051976,True,7.3,True,0.0065032470889033875,2.000000000000001,False,0.005934010032486746,0.10090156388679783,0.010142951260361634,0.40090899520667866,0.16671922980980355,-0.75,0.009999999999999787,0.028810631407948227,0.07245156496022,49.0,94.0,0.26117748374664623,1500.0000000008336,5.293009833850634,7.82,216.84781442570647,994.9116710368422,0.0,nan
pd,20.0,1.0,esn,92,"demo_00 +2.5,-12.5 deg",,0.332177337469888,False,nan,False,nan,0.0,False,1.389945030542256,192.57223280535467,24.325655193872066,155.76923841366607,2.6738700432537787,-0.75,nan,1.8675577491715096,0.07245156496022,13.0,94.0,229.67635424340295,7104.196551392142,108.64452568735008,nan,6162.117981676688,57842271.33877192,0.0,nan
pd,20.0,1.0,replay,92,"demo_00 +2.5,-12.5 deg",demo_00,0.038632818505597195,True,7.3,True,0.0065032470889033875,2.000000000000001,False,0.005934010032486746,0.08753496316696702,0.011057385067348727,0.3377329267765276,0.13200371923441936,-0.75,0.009999999999999787,0.02781814877815652,0.07245156496022,57.0,94.0,0.22104936895277014,1250.0000000006978,4.407739201783397,7.82,216.84781442570647,905.305530672815,0.0,nan
pd,20.0,1.0,esn,93,"demo_00 +2.5,-10 deg",,0.26662542027681774,False,nan,False,nan,0.0,False,1.3899450306296348,193.3217815334381,32.59259121881749,156.16572736465014,2.6729743033220763,-0.75,nan,1.9786364334777458,0.07245156496022,10.0,94.0,231.14707477592285,5763.388971412483,107.54738554064862,nan,4999.1132085412955,58449794.96951646,0.0,nan
pd,20.0,1.0,replay,93,"demo_00 +2.5,-10 deg",demo_00,0.031047845238351586,True,7.3,True,0.0065032470889033875,2.000000000000001,False,0.005934010032486746,0.07455122841269039,0.012568773643828818,0.27535026085337666,0.09710256476199383,-0.75,0.009999999999999787,0.026982278023448842,0.07245156496022,62.0,94.0,0.1816021150296313,1000.0000000005556,3.5354518282420297,7.82,216.84781442570647,832.3276874267277,0.0,nan
pd,20.0,1.0,esn,94,"demo_00 +2.5,-7.5 deg",,0.20097498645745984,False,nan,False,nan,0.0,False,1.3899450364329733,192.96958768978453,50.30003134895264,156.05952928440703,2.6618543206077403,-0.75,nan,1.8517782768167685,0.07245156496022,10.0,94.0,231.24202053224232,5204.299791720278,109.53693455586857,nan,4989.437350272119,58345236.47887305,0.0,nan
pd,20.0,1.0,replay,94,"demo_00 +2.5,-7.5 deg",demo_00,0.023697649268441853,True,7.3,True,0.0065032470889033875,2.000000000000001,False,0.005934010032486746,0.06129474999396609,0.015977273326505247,0.21464634932175503,0.062222027649275674,-0.75,0.009999999999999787,0.026320639579735863,0.07245156496022,70.0,94.0,0.1436409040971638,750.0000000004198,2.688115731808247,7.82,216.84781442570647,775.6836644016505,0.0,nan
pd,20.0,1.0,esn,95,"demo_00 +2.5,-5 deg",,0.13523995954004067,False,nan,False,nan,0.0,False,1.3899455055273693,187.46046818394115,109.37360417025144,153.6502645144479,2.6745127013472394,-0.75,nan,2.015258039563707,0.07245156496022,18.0,94.0,224.4870191147226,5189.764554292164,109.76161167210279,nan,5001.591092054203,55452801.84240962,0.0,nan
pd,20.0,1.0,replay,95,"demo_00 +2.5,-5 deg",demo_00,0.01687303124920739,True,7.3,True,0.0065032470889033875,2.000000000000001,False,0.005934010032486746,0.04813189761085973,0.028082502771132074,0.15777990216954269,0.027632924284163977,-0.75,0.009999999999999787,0.025848677410170842,0.07245156496022,73.0,94.0,0.10898577119576691,500.0000000002842,1.8995746610936468,7.82,216.84781442570647,735.1322866504223,0.0,nan
pd,20.0,1.0,esn,96,"demo_00 +2.5,-2.5 deg",,0.06960740867485174,False,nan,False,nan,0.0,False,1.3899455122078064,177.91648072786606,626.6643554172639,149.9796802752291,2.6570169130079133,-0.75,nan,2.289704926035507,0.07245156496022,17.0,94.0,219.7728587320611,5086.970681613466,104.90254733821001,nan,4938.55109984114,53841701.3483839,0.0,nan
pd,20.0,1.0,replay,96,"demo_00 +2.5,-2.5 deg",demo_00,0.011549034297298864,True,7.3,True,0.0065032470889033875,2.000000000000001,False,0.005934010032486746,0.039207317140200454,0.1380975389283075,0.11103831907094738,0.008852813929167175,-0.75,0.009999999999999787,0.025578280547236477,0.07245156496022,72.0,94.0,0.08218756314623035,250.00000000014848,1.2850777793666164,7.82,216.84781442570647,710.4889985156501,0.0,nan
pd,20.0,1.0,esn,97,"demo_00 +2.5,+0 deg",,0.011329275887641694,False,nan,False,nan,0.0,False,1.389944367890864,173.26093196769747,78.33188969714683,148.36007127628037,2.682997103811325,-0.75,nan,1.8999608939727428,0.07245156496022,11.0,94.0,212.99761696852906,5086.68242949248,109.3854257053628,nan,4971.741851246607,50136687.45411127,0.0,nan
pd,20.0,1.0,replay,97,"demo_00 +2.5,+0 deg",demo_00,0.010408232980942919,True,7.3,True,0.0065032470889033875,2.000000000000001,False,0.005934010032486746,0.041732754797427045,0.018867528348281072,0.09169296463393077,0.037326215473269066,-0.75,0.009999999999999787,0.02551655313294841,0.07245156496022,72.0,94.0,0.07271894261323715,250.0000000001389,1.1677949858978494,7.82,216.84781442570647,701.6295213301526,0.0,nan
pd,20.0,1.0,esn,98,"demo_00 +2.5,+2.5 deg",,0.06491553018051759,False,nan,False,nan,0.0,False,1.3899448979965043,181.27239781987214,51.27157669615088,151.0880709280946,2.681875667807256,-0.75,nan,2.679988356720787,0.07245156496022,20.0,94.0,218.4531998702972,5114.52428191425,109.32447333019915,nan,4986.809932806305,52733926.385416076,0.0,nan
pd,20.0,1.0,replay,98,"demo_00 +2.5,+2.5 deg",demo_00,0.014522325693034025,True,7.3,True,0.0065032470889033875,2.000000000000001,False,0.005934010032486746,0.051655389713158764,0.014610350540403364,0.11463165858332373,0.06020083781240649,-0.75,0.009999999999999787,0.025665010612448122,0.07245156496022,73.0,94.0,0.08652765657299609,250.00000000014848,1.6605756287825895,7.82,216.84781442570647,708.4937765705529,0.0,nan
pd,20.0,1.0,esn,99,"demo_00 +2.5,+5 deg",,0.13102183217128444,False,nan,False,nan,0.0,False,1.3899450370191475,193.90474617635917,34.686735488814556,156.32612815176472,2.6836040171858855,-0.75,nan,1.769663880685288,0.07245156496022,9.0,94.0,222.6996819247393,5131.956902334335,109.90142219749845,nan,4999.205263368426,53331010.88484777,0.0,nan
pd,20.0,1.0,replay,99,"demo_00 +2.5,+5 deg",demo_00,0.021048169362736655,True,7.3,True,0.0065032470889033875,2.000000000000001,False,0.005934010032486746,0.05826644304539418,0.01042301819652971,0.16285588437507093,0.08922641072168001,-0.75,0.009999999999999787,0.026019409876443862,0.07245156496022,70.0,94.0,0.11552550246214228,500.0000000002842,2.4182371734080967,7.82,216.84781442570647,731.089961692981,0.0,nan
pd,20.0,1.0,esn,100,"demo_00 +2.5,+7.5 deg",,0.19753771230093786,False,nan,False,nan,0.0,False,1.389945039918931,194.70112763181626,24.657284994912196,156.75573164200404,2.6820345267572834,-0.75,nan,1.7072889205659072,0.07245156496022,10.0,94.0,224.71471120305063,5152.13015833056,109.54694122768922,nan,5002.1464324702365,54596254.581629306,0.0,nan
pd,20.0,1.0,replay,100,"demo_00 +2.5,+7.5 deg",demo_00,0.028411435941556675,True,7.3,True,0.0065032470889033875,2.000000000000001,False,0.005934010032486746,0.06734081206461845,0.008528156025917052,0.22029423320265135,0.12085930655967728,-0.75,0.009999999999999787,0.02657026144911603,0.07245156496022,63.0,94.0,0.15114628346345135,750.0000000004198,3.263781433094845,7.82,216.84781442570647,769.4986203726684,0.0,nan
pd,20.0,1.0,esn,101,"demo_00 +2.5,+10 deg",,0.26411137519207717,False,nan,False,nan,0.0,False,1.3899450665053825,195.33653015493746,19.199677773094674,156.8577981006541,2.645120063717434,-0.75,nan,1.86310678214889,0.07245156496022,9.0,94.0,216.82124932536396,6384.9194789806415,95.4140541727348,nan,5013.453105584085,47440073.84831108,0.0,nan
pd,20.0,1.0,replay,101,"demo_00 +2.5,+10 deg",demo_00,0.036144594256852014,True,7.3,True,0.0065032470889033875,2.000000000000001,False,0.005934010032486746,0.07769268388940156,0.007636433875528783,0.28128968078699856,0.1534547144733868,-0.75,0.009999999999999787,0.02730388972019901,0.07245156496022,58.0,94.0,0.18960543661102358,1000.0000000005556,4.146034433681289,7.82,216.84781442570647,823.876495696537,0.0,nan
pd,20.0,1.0,esn,102,"demo_00 +2.5,+12.5 deg",,0.3305307029203798,False,nan,False,nan,0.0,False,1.389945091924816,200.0363392586758,15.956152904429517,158.9851789124042,2.4084561352923255,-0.75,nan,0.8099081507520561,0.07245156496022,3.0,94.0,209.72195325831822,7968.777580107164,55.12948419592253,nan,6360.856115510963,40892415.68190892,0.0,nan
pd,20.0,1.0,replay,102,"demo_00 +2.5,+12.5 deg",demo_00,0.044091647555443515,True,7.3,True,0.0065032470889033875,2.000000000000001,False,0.005934010032486746,0.08914864700685869,0.0071110551619573085,0.3438763794629256,0.1864630370508947,-0.75,0.009999999999999787,0.028203785430801,0.07245156496022,53.0,94.0,0.22937820497702277,1250.0000000007042,5.0476914425440995,7.82,216.84781442570647,894.4598948925501,0.0,nan
pd,20.0,1.0,esn,103,"demo_00 +2.5,+15 deg",,0.3965421909837996,False,nan,False,nan,0.0,False,1.3899450913760327,200.05904546550883,13.387198466183388,158.98757408811088,2.476510396791875,-0.75,nan,0.9046856211830016,0.07245156496022,3.0,94.0,210.1106735486247,9567.054051278688,60.32993221742233,nan,7729.239983637289,41278599.59875646,0.0,nan
pd,20.0,1.0,replay,103,"demo_00 +2.5,+15 deg",demo_00,0.052190158326833366,True,7.3,True,0.0065032470889033875,2.000000000000001,False,0.005934010032486746,0.10120369341044821,0.006772170316238095,0.4072383846654964,0.2193203196306808,-0.75,0.009999999999999787,0.029251976021371716,0.07245156496022,48.0,94.0,0.2697760216571064,1500.0000000008397,5.96150734190028,7.82,216.84781442570647,981.5672295815242,0.0,nan
pd,20.0,1.0,esn,104,"demo_00 +5,-15 deg",,0.40055220372116224,False,nan,False,nan,0.0,False,1.389945053978662,195.73601147879972,22.990693677635914,157.04105191407825,2.6529442808944563,-0.75,nan,1.7371323701032373,0.07245156496022,7.0,94.0,226.52031951010952,8653.296281930567,106.05210473116705,nan,7505.793545254777,55293662.868485525,0.0,nan
pd,20.0,1.0,replay,104,"demo_00 +5,-15 deg",demo_00,0.048998395586379924,True,7.3,True,0.0065032470889033875,2.000000000000001,False,0.005934010032486746,0.09535628772028158,0.011200326320386676,0.41069782158140766,0.14477487542419568,-0.75,0.009999999999999787,0.028696982231156784,0.07245156496022,54.0,94.0,0.26334963111822046,1500.0000000008336,5.497557978554493,7.82,433.69562885141295,2240.61235635474,0.0,nan
pd,20.0,1.0,esn,105,"demo_00 +5,-12.5 deg",,0.33529368552714184,False,nan,False,nan,0.0,False,1.3899450882036835,191.18385056118137,29.237600206563922,155.10214681685073,2.664806666361553,-0.75,nan,2.236011861152965,0.07245156496022,17.0,94.0,227.10478299000246,7326.05475146014,106.01229314170988,nan,6354.555844865249,56882169.96149567,0.0,nan
pd,20.0,1.0,replay,105,"demo_00 +5,-12.5 deg",demo_00,0.04164768372634352,True,7.3,True,0.0065032470889033875,2.000000000000001,False,0.005934010032486746,0.08157884378917261,0.012475790256448849,0.35012029671812017,0.11016667177745242,-0.75,0.009999999999999787,0.027737476998064062,0.07245156496022,58.0,94.0,0.2246268856567014,1250.0000000006978,4.661376613464076,7.82,433.69562885141295,2160.292556809935,0.0,nan
pd,20.0,1.0,esn,106,"demo_00 +5,-10 deg",,0.2699781301025222,False,nan,False,nan,0.0,False,1.3899465922387775,180.32166268293406,40.98722440592813,150.01961638662766,2.6608986228329115,-0.75,nan,3.3642841738109373,0.07245156496022,27.0,94.0,202.97924945569707,5979.737103840973,99.9134818921165,nan,5186.771687229997,42539700.24419042,0.0,nan
pd,20.0,1.0,replay,106,"demo_00 +5,-10 deg",demo_00,0.034706000604711774,True,7.3,True,0.0065032470889033875,2.000000000000001,False,0.005934010032486746,0.06802381729528377,0.015461855347530147,0.2915235488374425,0.07620598488983654,-0.75,0.009999999999999787,0.026944667555028695,0.07245156496022,64.0,94.0,0.18737108073290618,1000.0000000005556,3.8707824888498625,7.82,433.69562885141295,2093.8959798077854,0.0,nan
pd,20.0,1.0,esn,107,"demo_00 +5,-7.5 deg",,0.20462888401171964,False,nan,False,nan,0.0,False,1.3899456095226166,180.97337869663355,75.50549756974993,150.9692811416063,2.668615218858717,-0.75,nan,1.9222136640468628,0.07245156496022,18.0,94.0,217.68133088683828,5082.72559025396,107.22915068221792,nan,4971.993962178829,52641857.83491162,0.0,nan
pd,20.0,1.0,replay,107,"demo_00 +5,-7.5 deg",demo_00,0.028453496908981583,True,7.3,True,0.0065032470889033875,2.000000000000001,False,0.005934010032486746,0.05467534991688759,0.02281158438885673,0.23650912376017155,0.04227064841812219,-0.75,0.009999999999999787,0.02633510948616289,0.07245156496022,71.0,94.0,0.1528161221130957,750.0000000004198,3.1596976726014616,7.82,433.69562885141295,2041.174497102587,0.0,nan
pd,20.0,1.0,esn,108,"demo_00 +5,-5 deg",,0.13938018945588773,False,nan,False,nan,0.0,False,1.3899455725166106,183.80507266589018,369.52694238700315,152.3727361673954,2.6656102827828585,-0.75,nan,2.270784662934782,0.07245156496022,17.0,94.0,223.76523751979732,5099.409423541802,105.86259991499723,nan,4958.592835969693,55752194.63105777,0.0,nan
pd,20.0,1.0,replay,108,"demo_00 +5,-5 deg",demo_00,0.023437600139950752,True,7.3,True,0.0065032470889033875,2.000000000000001,False,0.005934010032486746,0.043246266564606985,0.08694352349198321,0.1883596852946157,0.007868058881155705,-0.75,0.009999999999999787,0.02592257784563556,0.07245156496022,73.0,94.0,0.12339681255130905,500.0000000002842,2.5945473583959338,7.82,433.69562885141295,2001.929673539102,0.0,nan
pd,20.0,1.0,esn,109,"demo_00 +5,-2.5 deg",,0.07495018111540028,False,nan,False,nan,0.0,False,1.3899455854082035,179.17893278317604,113.00492028272606,150.5660603297837,2.6540350275408473,-0.75,nan,2.1327611432128237,0.07245156496022,14.0,94.0,220.76814950560902,5113.461488641637,104.73746650170065,nan,4945.7882239774435,53916838.57769783,0.0,nan
pd,20.0,1.0,replay,109,"demo_00 +5,-2.5 deg",demo_00,0.0205873150206203,True,7.3,True,0.0065032470889033875,2.000000000000001,False,0.005934010032486746,0.0405489611601965,0.025573498247142192,0.15375956599002275,0.024477506752462894,-0.75,0.009999999999999787,0.025716726781582946,0.07245156496022,73.0,94.0,0.10369038870868856,500.0000000002778,2.2873111352852904,7.82,433.69562885141295,1976.0171522227997,0.0,nan
pd,20.0,1.0,esn,110,"demo_00 +5,+0 deg",,0.02291953226064163,False,nan,False,nan,0.0,False,1.3899456110523434,178.97265860666727,48.52673620882949,150.76645259458445,2.6725481165955522,-0.75,nan,1.6293873446769733,0.07245156496022,8.0,94.0,221.3918277972642,5151.547909621668,106.9976876922098,nan,5013.884095778153,54195002.45459776,0.0,nan
pd,20.0,1.0,replay,110,"demo_00 +5,+0 deg",demo_00,0.02083185944263033,True,7.3,True,0.0065032470889033875,2.000000000000001,False,0.005934010032486746,0.05050590666525105,0.01369419680532755,0.14295420261190322,0.05923358315390428,-0.75,0.009999999999999787,0.02572201286678877,0.07245156496022,73.0,94.0,0.09967780160701065,500.0000000002778,2.3435794474584863,7.82,433.69562885141295,1963.351624583329,0.0,nan
pd,20.0,1.0,esn,111,"demo_00 +5,+2.5 deg",,0.06507210318095485,False,nan,False,nan,0.0,False,1.3899450236605755,190.6360234350405,34.10200858887948,155.08554574356288,2.6495600507786192,-0.75,nan,1.8429648053695016,0.07245156496022,9.0,94.0,227.61271900414826,5148.191025110579,104.81479249880691,nan,5012.039594192207,56250957.86430003,0.0,nan
pd,20.0,1.0,replay,111,"demo_00 +5,+2.5 deg",demo_00,0.024106698552608104,True,7.3,True,0.0065032470889033875,2.000000000000001,False,0.005934010032486746,0.05708927601624221,0.010212440156685277,0.16079849028783527,0.09293732017957512,-0.75,0.009999999999999787,0.025937142068111926,0.07245156496022,71.0,94.0,0.11301753487810177,500.0000000002778,2.7431099183381717,7.82,433.69562885141295,1963.9123397084225,0.0,nan
pd,20.0,1.0,esn,112,"demo_00 +5,+5 deg",,0.12969056088253822,False,nan,False,nan,0.0,False,1.3899450346546858,194.41354519082503,27.494227231789953,156.62130327334987,2.678178426523306,-0.75,nan,1.6825116015487143,0.07245156496022,10.0,94.0,225.00269666601972,5139.98208472489,108.84519325903719,nan,4986.9982346175875,54692727.45267401,0.0,nan
pd,20.0,1.0,replay,112,"demo_00 +5,+5 deg",demo_00,0.029450389592119475,True,7.3,True,0.0065032470889033875,2.000000000000001,False,0.005934010032486746,0.0636716841136488,0.009004535921265773,0.1997035396152881,0.11840443716586918,-0.75,0.009999999999999787,0.026355189406982706,0.07245156496022,64.0,94.0,0.1387227860699385,500.0000000002842,3.367813818367215,7.82,433.69562885141295,1977.7490707349716,0.0,nan
pd,20.0,1.0,esn,113,"demo_00 +5,+7.5 deg",,0.1957736788122375,False,nan,False,nan,0.0,False,1.389945039048051,194.8018704397442,21.611327151593567,156.79859393969932,2.6770745766465818,-0.75,nan,1.7307642212962384,0.07245156496022,10.0,94.0,224.8346351143731,5196.057133879183,111.975927620958,nan,4989.04955310869,54661601.453436814,0.0,nan
pd,20.0,1.0,replay,113,"demo_00 +5,+7.5 deg",demo_00,0.03598656372854102,True,7.3,True,0.0065032470889033875,2.000000000000001,False,0.005934010032486746,0.07471128253068998,0.008288472616002459,0.24994918632124247,0.14529662439833216,-0.75,0.009999999999999787,0.026964362481705913,0.07245156496022,58.0,94.0,0.1712177144489638,750.0000000004198,4.11823305271779,7.82,433.69562885141295,2004.9884093186906,0.0,nan
pd,20.0,1.0,esn,114,"demo_00 +5,+10 deg",,0.26219840580353404,False,nan,False,nan,0.0,False,1.389945065649122,195.30184579292006,17.46832813296604,156.83290845043882,2.656584052084547,-0.75,nan,1.8811250480990862,0.07245156496022,10.0,94.0,217.20208856705804,6587.212857284855,97.29204270991318,nan,4869.8933987523915,47598068.151488684,0.0,nan
pd,20.0,1.0,replay,114,"demo_00 +5,+10 deg",demo_00,0.043210690984780094,True,7.3,True,0.0065032470889033875,2.000000000000001,False,0.005934010032486746,0.085952693766586,0.007687842644452356,0.305912433841164,0.17429161346317143,-0.75,0.009999999999999787,0.027749214983003027,0.07245156496022,54.0,94.0,0.20722150997877795,1000.0000000005556,4.9389246092021875,7.82,433.69562885141295,2045.8402013106652,0.0,nan
pd,20.0,1.0,esn,115,"demo_00 +5,+12.5 deg",,0.3286023479101526,False,nan,False,nan,0.0,False,1.3899450917658305,200.10053518172228,14.863094619991582,159.01179330340995,2.442099554559155,-0.75,nan,0.8468407101573702,0.07245156496022,3.0,94.0,209.8855544243179,8167.891344275972,60.163085661492815,nan,6223.033766000994,40986491.53277231,0.0,nan
pd,20.0,1.0,replay,115,"demo_00 +5,+12.5 deg",demo_00,0.05086203704039081,True,7.3,True,0.0065032470889033875,2.000000000000001,False,0.005934010032486746,0.09833397926135894,0.007304064613293295,0.36487938834961436,0.2044537695868019,-0.75,0.009999999999999787,0.0286920355033506,0.07245156496022,48.0,94.0,0.2450718089149395,1250.0000000007042,5.801381343410225,7.82,433.69562885141295,2100.603867529825,0.0,nan
pd,20.0,1.0,esn,116,"demo_00 +5,+15 deg",,0.39468582116058976,False,nan,False,nan,0.0,False,1.3899450912919873,200.11420956716407,12.706747952819528,159.00938592582548,2.499142347496725,-0.75,nan,0.920650653971018,0.07245156496022,3.0,94.0,210.24663421520933,9763.027558398388,65.0706630125918,nan,7597.104594978851,41358680.135432296,0.0,nan
pd,20.0,1.0,replay,116,"demo_00 +5,+15 deg",demo_00,0.05880311120046886,True,7.3,True,0.0065032470889033875,2.000000000000001,False,0.005934010032486746,0.11022579251833861,0.006999060019074877,0.4255069538113384,0.23528853643134554,-0.75,0.009999999999999787,0.02977415828206442,0.07245156496022,46.0,94.0,0.28390506770460794,1500.0000000008397,6.690379676754311,7.82,433.69562885141295,2169.6742739014394,0.0,nan
pd,20.0,1.0,esn,117,"demo_00 +7.5,-15 deg",,0.4042663718845646,False,nan,False,nan,0.0,False,1.3899450579895423,195.56721168561714,27.93994848018715,157.0251737872876,2.6506345314682327,-0.75,nan,1.653513508432056,0.07245156496022,8.0,94.0,227.4796774646454,8890.989948539564,106.63901222664316,nan,7711.966953682638,55976855.95858649,0.0,nan
pd,20.0,1.0,replay,117,"demo_00 +7.5,-15 deg",demo_00,0.05349723871565394,True,7.3,True,0.0065032470889033875,2.000000000000001,False,0.005934010032486746,0.08856023900361305,0.01265226667510945,0.42893204821378195,0.1199839651100773,-0.75,0.009999999999999787,0.02861995466103504,0.07245156496022,57.0,94.0,0.27011994680101725,1500.0000000008336,5.9147753580372475,7.82,650.5434432771192,4345.630711484927,0.0,nan
pd,20.0,1.0,esn,118,"demo_00 +7.5,-12.5 deg",,0.3392852437269379,False,nan,False,nan,0.0,False,1.3899450949486314,201.0313313665723,40.30338910664078,159.28281962443944,1.4998895871235671,-0.75,nan,0.16589763443615924,0.07245156496022,3.0,94.0,210.11504057298902,7558.5640665486435,35.034568927096174,nan,6556.232392107375,40592822.03024813,0.0,nan
pd,20.0,1.0,replay,118,"demo_00 +7.5,-12.5 deg",demo_00,0.046762682485096956,True,7.3,True,0.0065032470889033875,2.000000000000001,False,0.005934010032486746,0.07324730350504681,0.014684848148336918,0.37204375984848626,0.08510621268916044,-0.75,0.009999999999999787,0.02770778825930369,0.07245156496022,59.0,94.0,0.2334039912161006,1250.0000000006978,5.159577877336101,7.82,650.5434432771192,4272.442036818566,0.0,nan
pd,20.0,1.0,esn,119,"demo_00 +7.5,-10 deg",,0.2742971620592313,False,nan,False,nan,0.0,False,1.3899451130792684,190.05248002293055,62.40565211864076,154.6924620501174,2.6757046459768756,-0.75,nan,2.240173444715019,0.07245156496022,16.0,94.0,226.42481438635147,6206.745580783462,108.75913467783505,nan,5383.676855554238,56604571.11081241,0.0,nan
pd,20.0,1.0,replay,119,"demo_00 +7.5,-10 deg",demo_00,0.04070335623999548,True,7.3,True,0.0065032470889033875,2.000000000000001,False,0.005934010032486746,0.05936844492214911,0.01949422875297028,0.31865760666710474,0.05020254760433478,-0.75,0.009999999999999787,0.026976205710315487,0.07245156496022,65.0,94.0,0.19934056983908569,1000.0000000005556,4.483373473960717,7.82,650.5434432771192,4210.095016564406,0.0,nan
pd,20.0,1.0,esn,120,"demo_00 +7.5,-7.5 deg",,0.2093905210988323,False,nan,False,nan,0.0,False,1.3899451361343034,183.88960626548683,191.04875631297543,152.20148270953365,2.670965794771846,-0.75,nan,2.3468731740066535,0.07245156496022,20.0,94.0,219.21789676800978,5087.656077395735,107.76283815054533,nan,4964.251211213836,53915131.138140716,0.0,nan
pd,20.0,1.0,replay,120,"demo_00 +7.5,-7.5 deg",demo_00,0.03565031926800091,True,7.3,True,0.0065032470889033875,2.000000000000001,False,0.005934010032486746,0.04702782366281075,0.04885870063756931,0.2709098235852541,0.015389184215540858,-0.75,0.009999999999999787,0.026440360430618925,0.07245156496022,70.0,94.0,0.1696021379352805,750.0000000004198,3.9268657500005135,7.82,650.5434432771192,4158.384304373435,0.0,nan
pd,20.0,1.0,esn,121,"demo_00 +7.5,-5 deg",,0.14487746736500284,False,nan,False,nan,0.0,False,1.3899455684625726,183.78112957934584,204.53268783980272,152.25665515075346,2.6737288674424278,-0.75,nan,2.2288997008566307,0.07245156496022,16.0,94.0,223.27000052181097,5138.533256025642,108.00278925614484,nan,5008.112654395661,55377012.022192866,0.0,nan
pd,20.0,1.0,replay,121,"demo_00 +7.5,-5 deg",demo_00,0.03207668912548529,True,7.3,True,0.0065032470889033875,2.000000000000001,False,0.005934010032486746,0.04149179285123192,0.046176818776657025,0.2323413765481717,0.017709313765161713,-0.75,0.009999999999999787,0.026111777991913745,0.07245156496022,73.0,94.0,0.14687871764889462,750.0000000004168,3.54703648505307,7.82,650.5434432771192,4117.151406946251,0.0,nan
pd,20.0,1.0,esn,122,"demo_00 +7.5,-2.5 deg",,0.0821601589037072,False,nan,False,nan,0.0,False,1.3899454265139677,178.84095816047028,64.33915699984956,150.48947942469584,2.6635263047268354,-0.75,nan,1.8768775054872784,0.07245156496022,12.0,94.0,220.59694006630906,5189.657078742317,111.11401646088181,nan,4974.794085475684,53964947.83725457,0.0,nan
pd,20.0,1.0,replay,122,"demo_00 +7.5,-2.5 deg",demo_00,0.03051134733971308,True,7.3,True,0.0065032470889033875,2.000000000000001,False,0.005934010032486746,0.047483012303784794,0.017082311651997497,0.2081274678652392,0.04844207958889112,-0.75,0.009999999999999787,0.025997100027089,0.07245156496022,71.0,94.0,0.13476444744384097,750.0000000004168,3.4042570355726425,7.82,650.5434432771192,4086.290443790539,0.0,nan
pd,20.0,1.0,esn,123,"demo_00 +7.5,+0 deg",,0.03486873624069125,False,nan,False,nan,0.0,False,1.389945693152838,181.38906717635916,36.844793402374826,151.16274537633643,2.6534204712374767,-0.75,nan,2.142047177798547,0.07245156496022,17.0,94.0,221.35691410098042,5196.285503528756,110.60700127703976,nan,4989.965064991206,53924600.0101861,0.0,nan
pd,20.0,1.0,replay,123,"demo_00 +7.5,+0 deg",demo_00,0.03127181464335782,True,7.3,True,0.0065032470889033875,2.000000000000001,False,0.005934010032486746,0.05575504492503185,0.011325286266595153,0.20343033214538273,0.07999982004599673,-0.75,0.009999999999999787,0.026097250217611757,0.07245156496022,68.0,94.0,0.1360734731167298,750.0000000004168,3.5285200276168722,7.82,650.5434432771192,4065.7547959959443,0.0,nan
pd,20.0,1.0,esn,124,"demo_00 +7.5,+2.5 deg",,0.06693044188699936,False,nan,False,nan,0.0,False,1.3899451154448403,191.848490536721,26.971200863758504,155.4113785084772,2.5897771275998585,-0.75,nan,1.7814768783621828,0.07245156496022,14.0,94.0,204.24142126779492,3184.361128577823,70.50893246983468,nan,3304.4369238623035,39190333.783408456,0.0,nan
pd,20.0,1.0,replay,124,"demo_00 +7.5,+2.5 deg",demo_00,0.03422487582748944,True,7.3,True,0.0065032470889033875,2.000000000000001,False,0.005934010032486746,0.06531826380619091,0.009182829681172497,0.21944398796488196,0.11257013672815284,-0.75,0.009999999999999787,0.02640724024008555,0.07245156496022,63.0,94.0,0.15036831830192418,750.0000000004168,3.8956243913168653,7.82,650.5434432771192,4055.564630425069,0.0,nan
pd,20.0,1.0,esn,125,"demo_00 +7.5,+5 deg",,0.12894565358525145,False,nan,False,nan,0.0,False,1.3899450340779458,194.60103764522205,21.589046753487587,156.70484299936547,2.683718065699513,-0.75,nan,1.6780205902143353,0.07245156496022,10.0,94.0,225.2873279059301,5164.589780664551,110.2967052528125,nan,5007.845388442895,54830487.118328325,0.0,nan
pd,20.0,1.0,replay,125,"demo_00 +7.5,+5 deg",demo_00,0.03889969984005642,True,7.3,True,0.0065032470889033875,2.000000000000001,False,0.005934010032486746,0.07552918678313751,0.008379210945867677,0.2521683307591428,0.14584193345672294,-0.75,0.009999999999999787,0.026916673445849127,0.07245156496022,58.0,94.0,0.17437158887706214,750.0000000004168,4.447096440600426,7.82,650.5434432771192,4055.8152488767178,0.0,nan
pd,20.0,1.0,esn,126,"demo_00 +7.5,+7.5 deg",,0.1942044158408036,True,0.02,True,1.2446670387418666,2.0,False,1.3899450402185367,6.4701545965069105,0.6100120254020467,156.85209024462998,0.17450102488327288,-0.75,-7.2700000000000005,nan,0.07245156496022,nan,94.0,224.832997497819,5224.711831759453,107.39315634438906,nan,4962.568194458793,54615644.43513053,0.0,nan
pd,20.0,1.0,replay,126,"demo_00 +7.5,+7.5 deg",demo_00,0.044787299321116476,True,7.3,True,0.0065032470889033875,2.000000000000001,False,0.005934010032486746,0.08652649867353361,0.008157796528584596,0.2960130021638141,0.17450102488327288,-0.75,0.009999999999999787,0.027610816606942062,0.07245156496022,54.0,94.0,0.20456433179659086,750.0000000004198,5.124898223270335,7.82,650.5434432771192,4066.6861614793747,0.0,nan
pd,20.0,1.0,esn,127,"demo_00 +7.5,+10 deg",,0.26028504659630786,False,nan,False,nan,0.0,False,1.3899450898877475,199.9146306740921,15.993170453927384,158.8859464441897,2.3892173629087123,-0.75,nan,0.7872185320404318,0.07245156496022,3.0,94.0,209.7739213200185,6786.432735750609,56.584847953416975,nan,4716.8468272098835,40924089.291615464,0.0,nan
pd,20.0,1.0,replay,127,"demo_00 +7.5,+10 deg",demo_00,0.05150029051588596,True,7.3,True,0.0065032470889033875,2.000000000000001,False,0.005934010032486746,0.09816403114855143,0.00785312249188412,0.3466754166525708,0.1998017210383359,-0.75,0.009999999999999787,0.028471980917161088,0.07245156496022,48.0,94.0,0.2384657136550917,1000.0000000005556,5.886475821721402,7.82,650.5434432771192,4088.450717804105,0.0,nan
pd,20.0,1.0,esn,128,"demo_00 +7.5,+12.5 deg",,0.32655582648817083,False,nan,False,nan,0.0,False,1.3899450916756004,200.1542417642203,13.730467709134167,159.03088179417009,2.474191102811247,-0.75,nan,0.9004034429735738,0.07245156496022,3.0,94.0,210.0302824346009,8363.868309117825,60.8174199695835,nan,6075.650563612111,41066051.2995569,0.0,nan
pd,20.0,1.0,replay,128,"demo_00 +7.5,+12.5 deg",demo_00,0.05878215399273885,True,7.3,True,0.0065032470889033875,2.000000000000001,False,0.005934010032486746,0.11020277258914744,0.007559847831128173,0.4014679458359428,0.22677381360346685,-0.75,0.009999999999999787,0.029480929708133537,0.07245156496022,47.0,94.0,0.2745561108096298,1250.0000000007042,6.703983724624436,7.82,650.5434432771192,4121.486046540401,0.0,nan
pd,20.0,1.0,esn,129,"demo_00 +7.5,+15 deg",,0.39263141299149734,False,nan,False,nan,0.0,False,1.389945091243316,200.1664743201961,11.935622490571316,159.02861635958786,2.5250036039421504,-0.75,nan,0.9689081646789106,0.07245156496022,3.0,94.0,210.36960992389655,9955.779446002283,65.52297475655021,nan,7455.322752721983,41429607.038860165,0.0,nan
pd,20.0,1.0,replay,129,"demo_00 +7.5,+15 deg",demo_00,0.06646951945796457,True,7.3,True,0.0065032470889033875,2.000000000000001,False,0.005934010032486746,0.12258271565823259,0.00730942093542229,0.4587947542602916,0.2548442867216327,-0.75,0.009999999999999787,0.030618097373660145,0.07245156496022,41.0,94.0,0.31192211095509864,1500.0000000008397,7.559611884797076,7.82,650.5434432771192,4166.282954796551,0.0,nan
pd,20.0,1.0,esn,130,"demo_00 +10,-15 deg",,0.4087924774638971,False,nan,False,nan,0.0,False,1.3899450622771383,195.4352553593722,35.26674955010797,156.99628319351888,2.6602615172876387,-0.75,nan,1.6498630558050993,0.07245156496022,8.0,94.0,227.54414126237845,9138.896944252523,110.49903449377817,nan,7926.999314487315,56003164.991396695,0.0,nan
pd,20.0,1.0,replay,130,"demo_00 +10,-15 deg",demo_00,0.059428721873087696,True,7.3,True,0.0065032470889033875,2.000000000000001,False,0.005934010032486746,0.08009959595200576,0.014454159687359405,0.4540650371646009,0.09499767659709164,-0.75,0.009999999999999787,0.02858471260718324,0.07245156496022,57.0,94.0,0.28035975344789127,1500.0000000008336,6.505307879624918,7.82,867.3912577028259,7310.427640089031,0.0,nan
pd,20.0,1.0,esn,131,"demo_00 +10,-12.5 deg",,0.34415070425955824,False,nan,False,nan,0.0,False,1.3899450445513415,195.70021273106428,56.07671769296836,157.0605460346916,2.657037213102996,-0.75,nan,1.6996465670770695,0.07245156496022,10.0,94.0,226.7480179072442,7801.309526654025,105.61745348115966,nan,6766.7876820497195,55493816.38766031,0.0,nan
pd,20.0,1.0,replay,131,"demo_00 +10,-12.5 deg",demo_00,0.05337830999648204,True,7.3,True,0.0065032470889033875,2.000000000000001,False,0.005934010032486746,0.06406793452271793,0.018358280899465514,0.4017127462112716,0.06025914668954708,-0.75,0.009999999999999787,0.027741468805590485,0.07245156496022,58.0,94.0,0.24647468762588812,1250.0000000006978,5.842366762543012,7.82,867.3912577028259,7242.003392463116,0.0,nan
pd,20.0,1.0,esn,132,"demo_00 +10,-10 deg",,0.2795758940758804,False,nan,False,nan,0.0,False,1.389945135187703,191.33649921496718,126.82371502536212,155.06978125253258,2.671906945513815,-0.75,nan,1.8810463348770698,0.07245156496022,13.0,94.0,224.29508535935088,6444.01120219055,110.16845547471505,nan,5589.4789813160605,54653842.56350681,0.0,nan
pd,20.0,1.0,replay,132,"demo_00 +10,-10 deg",demo_00,0.04817650218762014,True,7.3,True,0.0065032470889033875,2.000000000000001,False,0.005934010032486746,0.049314273388786085,0.032687016751130005,0.3544189599875751,0.026470472397243185,-0.75,0.009999999999999787,0.027096719517755097,0.07245156496022,64.0,94.0,0.2167516113959621,1000.0000000005556,5.28087738204593,7.82,867.3912577028259,7180.962537024068,0.0,nan
pd,20.0,1.0,esn,133,"demo_00 +10,-7.5 deg",,0.21523880640364704,False,nan,False,nan,0.0,False,1.38994484908875,184.5101636022319,711.3942515480521,152.3228649329629,2.682935489953727,-0.75,nan,2.4774777015304266,0.07245156496022,23.0,94.0,217.30867624087298,5146.003289102634,111.39356362424259,nan,5002.170124036848,52851410.92535422,0.0,nan
pd,20.0,1.0,replay,133,"demo_00 +10,-7.5 deg",demo_00,0.04411368937566685,True,7.3,True,0.0065032470889033875,2.000000000000001,False,0.005934010032486746,0.0407934404669536,0.15728249589339932,0.31447202432825233,0.01516038534333533,-0.75,0.009999999999999787,0.026663487316296273,0.07245156496022,65.0,94.0,0.1931023122003341,1000.0000000005556,4.855944273641835,7.82,867.3912577028259,7127.139554066424,0.0,nan
pd,20.0,1.0,esn,134,"demo_00 +10,-5 deg",,0.15166241901391028,False,nan,False,nan,0.0,False,1.3899455288117495,184.46020556059497,80.9614938905045,152.41345192315478,2.668672734273965,-0.75,nan,2.0943388102922023,0.07245156496022,17.0,94.0,222.99111583163346,5164.506021355315,109.08956796083413,nan,5002.694511364136,54901851.601860486,0.0,nan
pd,20.0,1.0,replay,134,"demo_00 +10,-5 deg",demo_00,0.04152211089062701,True,7.3,True,0.0065032470889033875,2.000000000000001,False,0.005934010032486746,0.04570293365996297,0.020059490734296727,0.2849542092263595,0.03836250192602888,-0.75,0.009999999999999787,0.026450052175594915,0.07245156496022,64.0,94.0,0.1779154475214701,1000.0000000005556,4.60567070397391,7.82,867.3912577028259,7080.413777685485,0.0,nan
pd,20.0,1.0,esn,135,"demo_00 +10,-2.5 deg",,0.09092973713819033,False,nan,False,nan,0.0,False,1.3899454971887082,181.60206244175995,41.918929286438974,151.66640802059607,2.6567598398280854,-0.75,nan,1.7879229141863817,0.07245156496022,12.0,94.0,222.4153314571555,5149.550415219751,104.86538588286969,nan,4976.842231430297,54273925.38508917,0.0,nan
pd,20.0,1.0,replay,135,"demo_00 +10,-2.5 deg",demo_00,0.04068824311174137,True,7.3,True,0.0065032470889033875,2.000000000000001,False,0.005934010032486746,0.053889313835920376,0.012439188771367191,0.26926597940019537,0.07240450861469995,-0.75,0.009999999999999787,0.02645890001864281,0.07245156496022,63.0,94.0,0.17334565036720656,1000.0000000005556,4.559390090787514,7.82,867.3912577028259,7040.716833854234,0.0,nan
pd,20.0,1.0,esn,136,"demo_00 +10,+0 deg",,0.04717566493703555,False,nan,False,nan,0.0,False,1.3899450242011417,190.84215415063022,30.23606794469299,155.16316727316772,2.647904506479815,-0.75,nan,1.8367757850990065,0.07245156496022,9.0,94.0,227.82236100222772,5152.034025218025,104.5533748160924,nan,5006.684708286909,56305713.24753714,0.0,nan
pd,20.0,1.0,replay,136,"demo_00 +10,+0 deg",demo_00,0.04172903938351648,True,7.3,True,0.0065032470889033875,2.000000000000001,False,0.005934010032486746,0.06601456758091155,0.010459014988588554,0.2697523547773161,0.1058543260919547,-0.75,0.009999999999999787,0.026686288880824263,0.07245156496022,58.0,94.0,0.18008855103370555,1000.0000000005556,4.723811235736788,7.82,867.3912577028259,7008.041328647694,0.0,nan
pd,20.0,1.0,esn,137,"demo_00 +10,+2.5 deg",,0.07054266887677801,False,nan,False,nan,0.0,False,1.3899450345018545,193.6366705803922,23.30297249033582,156.25916747643464,2.662332790845914,-0.75,nan,1.5917002486786374,0.07245156496022,8.0,94.0,227.23464633260974,5184.073137149466,111.45901784225671,nan,4990.7520143603515,55951559.78017128,0.0,nan
pd,20.0,1.0,replay,137,"demo_00 +10,+2.5 deg",demo_00,0.04453002100884322,True,7.3,True,0.0065032470889033875,2.000000000000001,False,0.005934010032486746,0.07872124547725398,0.009473613713058642,0.2862296204683852,0.13870252535074024,-0.75,0.009999999999999787,0.027122558135898353,0.07245156496022,57.0,94.0,0.1968476430098888,1000.0000000005556,5.079318646705053,7.82,867.3912577028259,6982.450806989675,0.0,nan
pd,20.0,1.0,esn,138,"demo_00 +10,+5 deg",,0.1289014136657317,False,nan,False,nan,0.0,False,1.3899450341856756,194.76012304933144,18.52711128239418,156.77105960418325,2.683052553029989,-0.75,nan,1.6886785262394894,0.07245156496022,10.0,94.0,225.34128824696597,5155.723703210095,109.76208637847614,nan,5002.251636857744,54838607.88967721,0.0,nan
pd,20.0,1.0,replay,138,"demo_00 +10,+5 deg",demo_00,0.04880917816804805,True,7.3,True,0.0065032470889033875,2.000000000000001,False,0.005934010032486746,0.09215656790671885,0.008766655936948779,0.31608919077519987,0.16915632331885433,-0.75,0.009999999999999787,0.027753103394677996,0.07245156496022,53.0,94.0,0.22120384743295676,1000.0000000005556,5.590348949169595,7.82,867.3912577028259,6964.090963627154,0.0,nan
pd,20.0,1.0,esn,139,"demo_00 +10,+7.5 deg",,0.19290498552010105,False,nan,False,nan,0.0,False,1.389945044513585,195.05089073885986,15.604071259108792,156.88777959462368,2.676561528581455,-0.75,nan,1.850018837476445,0.07245156496022,9.0,94.0,224.47736113372486,5424.105682371451,108.66373674947232,nan,4977.896492611121,54353806.685638584,0.0,nan
pd,20.0,1.0,replay,139,"demo_00 +10,+7.5 deg",demo_00,0.05423936074566304,True,7.3,True,0.0065032470889033875,2.000000000000001,False,0.005934010032486746,0.10459761593931051,0.008367809275144843,0.35584866401282317,0.1998996243484283,-0.75,0.009999999999999787,0.028559771974330635,0.07245156496022,48.0,94.0,0.25078656816628375,1000.0000000005556,6.219318917013306,7.82,867.3912577028259,6953.202031947091,0.0,nan
pd,20.0,1.0,esn,140,"demo_00 +10,+10 deg",,0.2584238427857649,False,nan,False,nan,0.0,False,1.389945092078573,200.16065341805134,14.153495535863449,159.0338663136684,2.429801999468601,-0.75,nan,0.8209826406174514,0.07245156496022,3.0,94.0,209.79953082537332,6982.512601376935,57.37656554083416,nan,4554.55266996544,40805918.89696454,0.0,nan
pd,20.0,1.0,replay,140,"demo_00 +10,+10 deg",demo_00,0.06053318855534089,True,7.3,True,0.0065032470889033875,2.000000000000001,False,0.005934010032486746,0.11595433612465621,0.00819920973817287,0.4024463675757463,0.22838490988506888,-0.75,0.009999999999999787,0.0295223716771889,0.07245156496022,46.0,94.0,0.2837891951849767,1000.0000000005556,6.934624480802712,7.82,867.3912577028259,6950.132199567573,0.0,nan
pd,20.0,1.0,esn,141,"demo_00 +10,+12.5 deg",,0.3244303980031186,False,nan,False,nan,0.0,False,1.3899450915854854,200.20655653972605,12.506804435829162,159.0498835265169,2.49400613546166,-0.75,nan,0.9126125618451897,0.07245156496022,3.0,94.0,210.18430288574294,8556.62734630763,64.94803257512072,nan,5918.931479403508,41144656.19915281,0.0,nan
pd,20.0,1.0,replay,141,"demo_00 +10,+12.5 deg",demo_00,0.06746979008070361,True,7.3,True,0.0065032470889033875,2.000000000000001,False,0.005934010032486746,0.1279461094089795,0.007992730090164596,0.45363524697570884,0.25224035825029306,-0.75,0.009999999999999787,0.030620033392168653,0.07245156496022,40.0,94.0,0.3189669382763364,1250.0000000007042,7.712401243816206,7.82,867.3912577028259,6955.351799708872,0.0,nan
pd,20.0,1.0,esn,142,"demo_00 +10,+15 deg",,0.3904096195691797,False,nan,False,nan,0.0,False,1.3899450911702464,200.2163129365475,11.106002807339472,159.0475041318901,2.539374725467938,-0.75,nan,0.9734204306864492,0.07245156496022,3.0,94.0,210.5090524982955,10145.214014987529,69.46790440879437,nan,7304.105594787689,41504245.938202746,0.0,nan
pd,20.0,1.0,replay,142,"demo_00 +10,+15 deg",demo_00,0.07488896291171805,True,7.3,True,0.0065032470889033875,2.000000000000001,False,0.005934010032486746,0.1403463632803137,0.007785015525108726,0.5078793650728617,0.2774571283956704,-0.75,0.009999999999999787,0.031832276425580536,0.07245156496022,32.0,94.0,0.35548274065579266,1500.0000000008397,8.535358197099388,7.82,867.3912577028259,6969.467902708106,0.0,nan
pd,20.0,1.0,esn,143,"demo_00 +12.5,-15 deg",,0.4141264642955514,False,nan,False,nan,0.0,False,1.3899450582602957,195.44518792403937,45.88706839845612,157.02603563197553,2.654738153049756,-0.75,nan,1.7021619683991747,0.07245156496022,8.0,94.0,228.08836267782087,9396.56975708607,110.9944476556819,nan,8150.502459686705,56445282.38217882,0.0,nan
pd,20.0,1.0,replay,143,"demo_00 +12.5,-15 deg",demo_00,0.06641017701527675,True,7.3,True,0.0065032470889033875,2.000000000000001,False,0.005934010032486746,0.07042063741249713,0.016533518373785853,0.4849946682409438,0.06979513934927224,-0.75,0.009999999999999787,0.02860993534445007,0.07245156496022,57.0,94.0,0.2936590753501471,1500.0000000008336,7.228613153868834,7.82,1084.2390721285321,11135.162451232683,0.0,nan
pd,20.0,1.0,esn,144,"demo_00 +12.5,-12.5 deg",,0.34988227777464576,False,nan,False,nan,0.0,False,1.389945049956328,195.4728704218047,89.64555667132858,157.00386852102574,2.647359288224068,-0.75,nan,1.6689945739280811,0.07245156496022,8.0,94.0,227.48115250083936,8053.854957268185,108.2662984144398,nan,6985.843380737112,56025983.09304216,0.0,nan
pd,20.0,1.0,replay,144,"demo_00 +12.5,-12.5 deg",demo_00,0.06100947349712355,True,7.3,True,0.0065032470889033875,2.000000000000001,False,0.005934010032486746,0.053714219870265235,0.024633807909227555,0.43792780054708674,0.03511043564960371,-0.75,0.009999999999999787,0.02786613435117432,0.07245156496022,58.0,94.0,0.2637743825817179,1250.0000000006978,6.655785042853996,7.82,1084.2390721285321,11068.905522932118,0.0,nan
pd,20.0,1.0,esn,145,"demo_00 +12.5,-10 deg",,0.2857986359837606,False,nan,False,nan,0.0,False,1.3899450276429581,195.78811097783873,nan,157.07377456268293,2.682174546172571,-0.75,nan,1.6966636021144847,0.07245156496022,8.0,94.0,224.18767701271642,6691.110798710971,110.84721817386273,nan,5803.811011119651,54079433.19369769,0.0,nan
pd,20.0,1.0,replay,145,"demo_00 +12.5,-10 deg",demo_00,0.05654586020934604,True,7.3,True,0.0065032470889033875,2.000000000000001,False,0.005934010032486746,0.04060865365573087,nan,0.39736378713666065,0.0165850334819264,-0.75,0.009999999999999787,0.027342549113524024,0.07245156496022,58.0,94.0,0.23977381849748794,1250.0000000006946,6.195843285810825,7.82,1084.2390721285321,11006.196801899776,0.0,nan
pd,20.0,1.0,esn,146,"demo_00 +12.5,-7.5 deg",,0.22213912155674911,False,nan,False,nan,0.0,False,1.3899451508290621,191.27324162151987,105.91662589480546,155.13229361763285,2.668155843742089,-0.75,nan,2.088252355731658,0.07245156496022,15.0,94.0,226.96645214260113,5306.963789460704,106.66915152634114,nan,4975.35538254837,56584896.49248089,0.0,nan
pd,20.0,1.0,replay,146,"demo_00 +12.5,-7.5 deg",demo_00,0.05324742593168941,True,7.3,True,0.0065032470889033875,2.000000000000001,False,0.005934010032486746,0.04419835868399469,0.024474625840033865,0.3654189399551112,0.03162118032285779,-0.75,0.009999999999999787,0.027048776201179958,0.07245156496022,58.0,94.0,0.22346310717680998,1250.0000000006946,5.875200033376607,7.82,1084.2390721285321,10946.90838739697,0.0,nan
pd,20.0,1.0,esn,147,"demo_00 +12.5,-5 deg",,0.15964602243835269,False,nan,False,nan,0.0,False,1.389945084297837,188.21787407452973,50.41078198513974,153.82249999235754,2.534630738809704,-0.75,nan,1.9843112725512015,0.07245156496022,17.0,94.0,199.82436458286907,4043.545083036728,62.345992966045635,nan,3739.0128169532477,37103654.56267919,0.0,nan
pd,20.0,1.0,replay,147,"demo_00 +12.5,-5 deg",demo_00,0.05133724945920955,True,7.3,True,0.0065032470889033875,2.000000000000001,False,0.005934010032486746,0.05414085850795572,0.01450065796435531,0.34442321024308464,0.06517990314131415,-0.75,0.009999999999999787,0.026988340344415915,0.07245156496022,58.0,94.0,0.21646369243454397,1250.0000000006946,5.717444056059231,7.82,1084.2390721285321,10890.956152409533,0.0,nan
pd,20.0,1.0,esn,148,"demo_00 +12.5,-2.5 deg",,0.1009773289990038,False,nan,False,nan,0.0,False,1.3899450247279381,191.35103011049708,33.15837909106816,155.32659164879692,2.6537430298656743,-0.75,nan,1.8301900504828712,0.07245156496022,10.0,94.0,228.20020328147803,5227.777529877207,111.09255704322575,nan,5023.006676102274,56563868.066527605,0.0,nan
pd,20.0,1.0,replay,148,"demo_00 +12.5,-2.5 deg",demo_00,0.05097571944470382,True,7.3,True,0.0065032470889033875,2.000000000000001,False,0.005934010032486746,0.06680161606910567,0.011575758480298274,0.33633437302798064,0.09815520019078573,-0.75,0.009999999999999787,0.027158073769072262,0.07245156496022,57.0,94.0,0.21952056288182958,1250.0000000006946,5.7363480991525195,7.82,1084.2390721285321,10838.309160323215,0.0,nan
pd,20.0,1.0,esn,149,"demo_00 +12.5,+0 deg",,0.059837677107453316,False,nan,False,nan,0.0,False,1.389945117210826,192.23979763830323,24.481543524110798,155.5520779567154,2.591663934442565,-0.75,nan,1.7895574738388247,0.07245156496022,15.0,94.0,204.4669100937402,3181.6659467050717,71.06914848885398,nan,3315.5183922583406,39292747.73809217,0.0,nan
pd,20.0,1.0,replay,149,"demo_00 +12.5,+0 deg",demo_00,0.052204479378979,True,7.3,True,0.0065032470889033875,2.000000000000001,False,0.005934010032486746,0.0809036355574632,0.010302996047079668,0.3419497396550154,0.13036033312299372,-0.75,0.009999999999999787,0.027548303617613328,0.07245156496022,54.0,94.0,0.23206994143190737,1250.0000000006946,5.930669819034303,7.82,1084.2390721285321,10789.000747100828,0.0,nan
pd,20.0,1.0,esn,150,"demo_00 +12.5,+2.5 deg",,0.07583564607802581,False,nan,False,nan,0.0,False,1.389945041125243,194.72264990755136,19.776230230958173,156.71879369578318,2.6581328940534448,-0.75,nan,1.7176377008363795,0.07245156496022,9.0,94.0,224.12617434400678,5217.468593988444,112.83374207931625,nan,4963.407873605602,54099770.11237182,0.0,nan
pd,20.0,1.0,replay,150,"demo_00 +12.5,+2.5 deg",demo_00,0.054930479921104496,True,7.3,True,0.0065032470889033875,2.000000000000001,False,0.005934010032486746,0.09557977448987852,0.009707179039687043,0.36049210025823425,0.1629235498800576,-0.75,0.009999999999999787,0.028143805649631724,0.07245156496022,48.0,94.0,0.2525186487874422,1250.0000000006946,6.284630790222239,7.82,1084.2390721285321,10743.141324406663,0.0,nan
pd,20.0,1.0,esn,151,"demo_00 +12.5,+5 deg",,0.12966479291318297,False,nan,False,nan,0.0,False,1.3899450355967042,194.90870085685805,16.55221016759613,156.8305891001824,2.683727815566282,-0.75,nan,1.7341206358738748,0.07245156496022,10.0,94.0,225.1833984111843,5162.5170027881495,110.2208072897603,nan,5003.963260474957,54730495.72300113,0.0,nan
pd,20.0,1.0,replay,151,"demo_00 +12.5,+5 deg",demo_00,0.058962607325738096,True,7.3,True,0.0065032470889033875,2.000000000000001,False,0.005934010032486746,0.11059388002254837,0.009391951910487126,0.38997039993089944,0.1948522095664307,-0.75,0.009999999999999787,0.028925277207519865,0.07245156496022,47.0,94.0,0.27894037566883656,1250.0000000006946,6.773646244903686,7.82,1084.2390721285321,10700.932917004826,0.0,nan
pd,20.0,1.0,esn,152,"demo_00 +12.5,+7.5 deg",,0.19195368357321566,False,nan,False,nan,0.0,False,1.3899450637797863,194.80027327952536,14.02675685320553,156.7284861764369,2.676066722250504,-0.75,nan,1.928320110475359,0.07245156496022,10.0,94.0,222.28785329064965,5620.36124419395,112.58700657747136,nan,4969.507979100761,53190836.01926681,0.0,nan
pd,20.0,1.0,replay,152,"demo_00 +12.5,+7.5 deg",demo_00,0.06407208940521417,True,7.3,True,0.0065032470889033875,2.000000000000001,False,0.005934010032486746,0.12430332149695186,0.00895056478787209,0.4279679106368483,0.2252961431955169,-0.75,0.009999999999999787,0.02987098802940992,0.07245156496022,44.0,94.0,0.30960414432164113,1250.0000000006946,7.371110609452657,7.82,1084.2390721285321,10662.685383643502,0.0,nan
pd,20.0,1.0,esn,153,"demo_00 +12.5,+10 deg",,0.25667071573815714,False,nan,False,nan,0.0,False,1.3899450919829561,200.2225725246429,12.507804946475103,159.0578505656356,2.4481324931309407,-0.75,nan,0.8599369083389876,0.07245156496022,3.0,94.0,209.95887740238558,7175.382594920237,61.701784657238946,nan,4383.262062816955,40879297.3360606,0.0,nan
pd,20.0,1.0,replay,153,"demo_00 +12.5,+10 deg",demo_00,0.07004072928119154,True,7.3,True,0.0065032470889033875,2.000000000000001,False,0.005934010032486746,0.13700536533667926,0.008558657321420816,0.4722602439489733,0.25385915395449044,-0.75,0.009999999999999787,0.030958303748696486,0.07245156496022,35.0,94.0,0.3431588004828427,1250.0000000006946,8.05289513021723,7.82,1084.2390721285321,10628.834180137992,0.0,nan
pd,20.0,1.0,esn,154,"demo_00 +12.5,+12.5 deg",,0.32226799207927576,True,0.08,True,1.4832420137969218,2.0,False,1.389945091524309,28.428254887256838,1.6081449446463132,159.06791777276325,0.5907794324241187,-0.75,-7.21,nan,0.07245156496022,0.0,94.0,210.31594163075815,8746.08368448437,64.8760670398583,nan,5753.113094924239,41211204.22104202,0.0,nan
pd,20.0,1.0,replay,154,"demo_00 +12.5,+12.5 deg",demo_00,0.07668406322679447,True,7.3,True,0.0065032470889033875,2.000000000000001,False,0.005934010032486746,0.14889747190236674,0.008422912966695752,0.5210637132569174,0.2799546929467543,-0.75,0.009999999999999787,0.03216489402750698,0.07245156496022,31.0,94.0,0.3786106643600493,1250.0000000007042,8.799073143304605,7.82,1084.2390721285321,10599.959402574588,0.0,nan
pd,20.0,1.0,esn,155,"demo_00 +12.5,+15 deg",,0.3880531796392839,False,nan,False,nan,0.0,False,1.3899450911062659,200.26387144469666,10.256464505224614,159.06616184409137,2.5554904162286918,-0.75,nan,1.039146470284436,0.07245156496022,3.0,94.0,210.65071651050306,10331.231729858144,70.67177805976445,nan,7143.675707867348,41581795.90258,0.0,nan
pd,20.0,1.0,replay,155,"demo_00 +12.5,+15 deg",demo_00,0.08385549715568782,True,7.3,True,0.0065032470889033875,2.000000000000001,False,0.005934010032486746,0.1614062675727248,0.008266381960650337,0.5730385170153866,0.30240424173805164,-0.75,0.009999999999999787,0.03346956522538299,0.07245156496022,27.0,94.0,0.4152384842072953,1500.0000000008397,9.593901500492885,7.82,1084.2390721285321,10576.805694843488,0.0,nan
pd,20.0,1.0,esn,156,"demo_00 +15,-15 deg",,0.42025951720043453,False,nan,False,nan,0.0,False,1.389945048749768,195.53761030815934,72.26390245625245,157.07710423063514,2.6743398503258446,-0.75,nan,1.7251802699145726,0.07245156496022,9.0,94.0,228.8913613671111,9663.540449560474,107.00380231946212,nan,8382.070504401738,57143133.042419374,0.0,nan
pd,20.0,1.0,replay,156,"demo_00 +15,-15 deg",demo_00,0.07414597278187804,True,7.3,True,0.0065032470889033875,2.000000000000001,False,0.005934010032486746,0.05899800317893337,0.021803610773994456,0.5211990433663444,0.04794521873159675,-0.75,0.009999999999999787,0.028731109861278442,0.07245156496022,54.0,94.0,0.31041759269931707,1500.0000000008336,8.051120577274883,7.82,1301.0868865542384,15819.655658979611,0.0,nan
pd,20.0,1.0,esn,157,"demo_00 +15,-12.5 deg",,0.3564660865464737,False,nan,False,nan,0.0,False,1.3899450555717525,195.37887414686253,258.2593682575881,156.98699358488025,2.673491148498079,-0.75,nan,1.6460825370952956,0.07245156496022,8.0,94.0,227.78115864431916,8315.744959908317,109.46977508165858,nan,7213.004479506808,56172654.01662926,0.0,nan
pd,20.0,1.0,replay,157,"demo_00 +15,-12.5 deg",demo_00,0.06932296149936099,True,7.3,True,0.0065032470889033875,2.000000000000001,False,0.005934010032486746,0.04309980888280105,0.056970997825118386,0.48020468291793317,0.01815514638141686,-0.75,0.009999999999999787,0.02812755799532832,0.07245156496022,55.0,94.0,0.2860860720343178,1500.000000000832,7.560687686325988,7.82,1301.0868865542384,15752.717512795643,0.0,nan
pd,20.0,1.0,esn,158,"demo_00 +15,-10 deg",,0.2929416488770218,False,nan,False,nan,0.0,False,1.389945034955486,195.6162448682399,176.9449308628542,157.05089562048593,2.6694613580545155,-0.75,nan,1.6552531225958245,0.07245156496022,9.0,94.0,226.45546476977702,6947.60310990661,111.30672077928662,nan,6026.290199518618,55403232.40773209,0.0,nan
pd,20.0,1.0,replay,158,"demo_00 +15,-10 deg",demo_00,0.06547127628790038,True,7.3,True,0.0065032470889033875,2.000000000000001,False,0.005934010032486746,0.04183118911015844,0.03783845697474442,0.446989987496974,0.029136385134208707,-0.75,0.009999999999999787,0.027768729104651058,0.07245156496022,55.0,94.0,0.26938003064980165,1500.000000000832,7.187306009548865,7.82,1301.0868865542384,15685.115419391344,0.0,nan
pd,20.0,1.0,esn,159,"demo_00 +15,-7.5 deg",,0.23004623520723286,False,nan,False,nan,0.0,False,1.3899450944617677,200.69756221297953,60.649301511093185,159.15475477533641,1.755036932915086,-0.75,nan,0.23029059776379956,0.07245156496022,2.0,94.0,210.0211795807024,5557.787327093226,25.696145485223738,nan,4820.776139689546,40376705.08856819,0.0,nan
pd,20.0,1.0,replay,159,"demo_00 +15,-7.5 deg",demo_00,0.06276377338219663,True,7.3,True,0.0065032470889033875,2.000000000000001,False,0.005934010032486746,0.05510256148449545,0.01665158175643543,0.4232857892536594,0.05338138732815144,-0.75,0.009999999999999787,0.02765879812568302,0.07245156496022,54.0,94.0,0.26159639031962423,1500.000000000832,6.949733981155774,7.82,1301.0868865542384,15616.75782559014,0.0,nan
pd,20.0,1.0,esn,160,"demo_00 +15,-5 deg",,0.1687294968790244,False,nan,False,nan,0.0,False,1.3899452638102927,190.30370670909565,35.714393224671774,154.68007266536864,2.669235449700691,-0.75,nan,1.7803870883377488,0.07245156496022,14.0,94.0,224.63495187258087,5131.888544887899,106.8501551524297,nan,4976.874144861554,55260951.1324873,0.0,nan
pd,20.0,1.0,replay,160,"demo_00 +15,-5 deg",demo_00,0.061350988711762706,True,7.3,True,0.0065032470889033875,2.000000000000001,False,0.005934010032486746,0.0685369437120846,0.012862363011627001,0.4106193490766012,0.08739712396499735,-0.75,0.009999999999999787,0.027794540801061814,0.07245156496022,51.0,94.0,0.2633415090021714,1500.000000000832,6.862146200719031,7.82,1301.0868865542384,15547.59687395337,0.0,nan
pd,20.0,1.0,esn,161,"demo_00 +15,-2.5 deg",,0.11207228797568908,False,nan,False,nan,0.0,False,1.3899451975157844,189.4986870190239,26.134541280420923,154.37740826838402,2.6621313299068747,-0.75,nan,2.1644362054955364,0.07245156496022,16.0,94.0,225.74081613175034,5206.866402874149,110.6734514058614,nan,5003.143031000181,55944163.24860741,0.0,nan
pd,20.0,1.0,replay,161,"demo_00 +15,-2.5 deg",demo_00,0.06132622030593827,True,7.3,True,0.0065032470889033875,2.000000000000001,False,0.005934010032486746,0.08410944255228957,0.011599878252641029,0.40987367256067386,0.12167360500653591,-0.75,0.009999999999999787,0.028165472243418033,0.07245156496022,48.0,94.0,0.2742327581527081,1500.000000000832,6.930418408494562,7.82,1301.0868865542384,15477.64009321964,0.0,nan
pd,20.0,1.0,esn,162,"demo_00 +15,+0 deg",,0.0728506727607965,False,nan,False,nan,0.0,False,1.3899450945325464,199.8070783695958,21.59852718601492,158.80810458765026,1.5111869254787333,-0.75,nan,0.20123017930155637,0.07245156496022,3.0,94.0,209.08363396911,1263.1589524230453,15.006186537273312,nan,1994.9817734154585,39791984.90341356,0.0,nan
pd,20.0,1.0,replay,162,"demo_00 +15,+0 deg",demo_00,0.06269908462710962,True,7.3,True,0.0065032470889033875,2.000000000000001,False,0.005934010032486746,0.09988311052361326,0.010797055317917454,0.42095346957923846,0.15601286161541092,-0.75,0.009999999999999787,0.02875487731427829,0.07245156496022,47.0,94.0,0.29303911855105125,1500.000000000832,7.150328766521412,7.82,1301.0868865542384,15406.96422066091,0.0,nan
pd,20.0,1.0,esn,163,"demo_00 +15,+2.5 deg",,0.08265178612840991,False,nan,False,nan,0.0,False,1.3899450406814606,194.94877563655635,17.2642307705058,156.81792794180285,2.6535317385488884,-0.75,nan,1.7448681267003692,0.07245156496022,10.0,94.0,224.38584002435383,5178.408141326185,108.82739645062372,nan,4963.6232836734425,54220511.80089888,0.0,nan
pd,20.0,1.0,replay,163,"demo_00 +15,+2.5 deg",demo_00,0.06539277865597144,True,7.3,True,0.0065032470889033875,2.000000000000001,False,0.005934010032486746,0.11620425590252084,0.010290790921181025,0.4427981192123321,0.18913882826863296,-0.75,0.009999999999999787,0.029541457961206382,0.07245156496022,44.0,94.0,0.3181360488638711,1500.000000000832,7.508772558429692,7.82,1301.0868865542384,15335.73124702011,0.0,nan
pd,20.0,1.0,esn,164,"demo_00 +15,+5 deg",,0.13132850532628917,False,nan,False,nan,0.0,False,1.389945038732925,195.0541780869581,14.623363342192226,156.88634735027676,2.6706157441636686,-0.75,nan,1.7720597501512627,0.07245156496022,10.0,94.0,224.80459705648852,5205.450781941571,112.50360584895608,nan,4987.821632740852,54506756.905516416,0.0,nan
pd,20.0,1.0,replay,164,"demo_00 +15,+5 deg",demo_00,0.0692665243569159,True,7.3,True,0.0065032470889033875,2.000000000000001,False,0.005934010032486746,0.13203430465661,0.009898714447257508,0.47373347990679016,0.2195866169314041,-0.75,0.009999999999999787,0.03050119980810049,0.07245156496022,35.0,94.0,0.34793028568452283,1500.000000000832,7.987201980389246,7.82,1301.0868865542384,15264.206727478075,0.0,nan
pd,20.0,1.0,esn,165,"demo_00 +15,+7.5 deg",,0.19143036059779023,False,nan,False,nan,0.0,False,1.3899450703326746,195.61708578278294,12.807846879265046,156.97917111485583,2.652188586340207,-0.75,nan,1.8432297863635012,0.07245156496022,10.0,94.0,216.62076631378795,5813.4202079423085,97.66850674139971,nan,4566.1704060769425,47160708.77386088,0.0,nan
pd,20.0,1.0,replay,165,"demo_00 +15,+7.5 deg",demo_00,0.07414949845269894,True,7.3,True,0.0065032470889033875,2.000000000000001,False,0.005934010032486746,0.14703579554568794,0.009627032053893534,0.5119144439080993,0.2502196693626224,-0.75,0.009999999999999787,0.03160909697378846,0.07245156496022,31.0,94.0,0.38107585217773793,1500.000000000832,8.56540552420514,7.82,1301.0868865542384,15192.780327785917,0.0,nan
pd,20.0,1.0,esn,166,"demo_00 +15,+10 deg",,0.25508452468101844,False,nan,False,nan,0.0,False,1.389945091888483,200.27344192114984,11.563149226847173,159.07530307016953,2.483122401777016,-0.75,nan,0.8970069024716356,0.07245156496022,3.0,94.0,210.11669069183148,7364.9692078793905,61.754711019897336,nan,4203.237264141968,40954152.91754593,0.0,nan
pd,20.0,1.0,replay,166,"demo_00 +15,+10 deg",demo_00,0.079870275680334,True,7.3,True,0.0065032470889033875,2.000000000000001,False,0.005934010032486746,0.1616089406717782,0.009330784348911308,0.55563803112589,0.27980116496889296,-0.75,0.009999999999999787,0.03284051223236388,0.07245156496022,29.0,94.0,0.4165157946442169,1500.000000000832,9.224221641794625,7.82,1301.0868865542384,15121.988467666417,0.0,nan
pd,20.0,1.0,esn,167,"demo_00 +15,+12.5 deg",,0.32011307470580225,False,nan,False,nan,0.0,False,1.389945091439316,200.3013913245798,10.286190525592833,159.08277013560334,2.5353278710060736,-0.75,nan,0.9702006894831836,0.07245156496022,3.0,94.0,210.47844783944527,8932.148730652269,68.39976310492841,nan,5578.442975269121,41293895.304825194,0.0,nan
pd,20.0,1.0,replay,167,"demo_00 +15,+12.5 deg",demo_00,0.08627431112973008,True,7.3,True,0.0065032470889033875,2.000000000000001,False,0.005934010032486746,0.1753892894889737,0.009006865283868614,0.6034781853938909,0.3064304698409309,-0.75,0.009999999999999787,0.03417210268723403,0.07245156496022,25.0,94.0,0.4534421975823836,1500.000000000832,9.946868718633672,7.82,1301.0868865542384,15052.53877870097,0.0,nan
pd,20.0,1.0,esn,168,"demo_00 +15,+15 deg",,0.3855968672762779,False,nan,False,nan,0.0,False,1.3899450910551991,200.3066632800657,9.442546661478989,159.0805288686352,2.572257826168125,-0.75,nan,1.0287654613188575,0.07245156496022,3.0,94.0,210.7878490710656,10513.72916338028,72.65876872729338,nan,6974.266601821413,41651853.99557557,0.0,nan
pd,20.0,1.0,replay,168,"demo_00 +15,+15 deg",demo_00,0.09323039484885534,True,7.3,True,0.0065032470889033875,2.000000000000001,False,0.005934010032486746,0.18843386805588785,0.008882857727168628,0.6542992233690953,0.32911346955845616,-0.75,0.009999999999999787,0.03558235117922361,0.07245156496022,23.0,94.0,0.49123644208998746,1500.0000000008397,10.719247984025166,7.82,1301.0868865542384,14985.335907483057,0.0,nan
pd,40.0,1.0,esn,0,demo_00,,0.0002798729346151348,True,6.63,True,0.015433370150544818,2.000000000000001,False,0.005560500086134443,0.9517356041728676,nan,2.0947937891332127,0.07818238725717208,-0.050000000000000044,-0.6600000000000001,0.034507455850471,0.07245156496022,18.0,94.0,0.09092941763578008,76.50949525287089,1.4960850242142456,10.05,25.969725377095983,442.7795153226324,0.0,nan
pd,40.0,1.0,replay,0,demo_00,demo_00,0.0,True,7.29,True,0.00653559474603401,2.000000000000001,False,0.005934010032487661,0.01866000533733277,nan,0.03757236352719428,0.002345718108254878,0.010000000000000009,0.0,0.040194503912167064,0.07245156496022,80.0,94.0,0.03315114718012971,58.616099013208434,0.6716571192777742,7.8,101.68618368934244,919.9573784428464,0.0,nan
pd,40.0,1.0,esn,1,"demo_00 -15,-15 deg",,0.674552194495249,False,nan,False,nan,0.0,False,1.3899454113095435,185.6372132303156,9.251682280973682,153.05408941931196,2.3370810173474723,-0.75,nan,3.1265596144504606,0.07245156496022,15.0,94.0,231.44963251716217,10186.950990440015,102.15056898291496,nan,21250.369230343415,972159019.5129272,0.0,nan
pd,40.0,1.0,replay,1,"demo_00 -15,-15 deg",demo_00,0.14613968654508072,True,7.29,True,0.00653559474603401,2.000000000000001,False,0.005934010032487661,0.08792735010934451,0.004382073469344382,0.5114959907415585,0.3720962667372529,-0.75,0.0,0.04125428291647142,0.07245156496022,76.0,94.0,0.2964003886231164,1500.0000000008336,14.751906058094598,7.8,2602.1737731084772,59581.640114475624,0.0,nan
pd,40.0,1.0,esn,2,"demo_00 -15,-12.5 deg",,0.5728981671992878,False,nan,False,nan,0.0,False,1.389944896100133,194.8322244805167,10.651092509882762,157.11225974410615,2.1561703427470427,-0.75,nan,2.979832588694534,0.07245156496022,9.0,94.0,240.30969655403257,8771.113823531485,99.92016599805432,nan,21310.541098561935,1030744093.1771011,0.0,nan
pd,40.0,1.0,replay,2,"demo_00 -15,-12.5 deg",demo_00,0.1387530195065328,True,7.29,True,0.00653559474603401,2.000000000000001,False,0.005934010032487661,0.08131389360891851,0.0044452697980357165,0.4677184343274543,0.33999767274126996,-0.75,0.0,0.04108925475594947,0.07245156496022,77.0,94.0,0.2686576110595026,1500.0000000008326,13.875301950653279,7.8,2602.1737731084772,58482.37726042384,0.0,nan
pd,40.0,1.0,esn,3,"demo_00 -15,-10 deg",,0.46872670129953464,False,nan,False,nan,0.0,False,1.3899449509084254,195.14443385271883,11.680951060122814,157.24992571914774,2.3407662745196105,-0.75,nan,3.1010146583454916,0.07245156496022,10.0,94.0,240.33947697850047,7333.542319321717,99.44805094918725,nan,21308.61241264981,1032876101.0775986,0.0,nan
pd,40.0,1.0,replay,3,"demo_00 -15,-10 deg",demo_00,0.13189516090113965,True,7.29,True,0.00653559474603401,2.000000000000001,False,0.005934010032487661,0.07509154151201673,0.004494827775067627,0.42760653943246807,0.30923078571714807,-0.75,0.0,0.04094144044052922,0.07245156496022,79.0,94.0,0.24214895534737005,1500.0000000008326,13.189516090113965,7.8,2602.1737731084772,57504.39423973867,0.0,nan
pd,40.0,1.0,esn,4,"demo_00 -15,-7.5 deg",,0.3628729986248266,False,nan,False,nan,0.0,False,1.3899450072688548,195.31792633699868,12.740152334173093,157.3204542302771,2.350814885598671,-0.75,nan,3.060872099189691,0.07245156496022,9.0,94.0,239.78785490694906,7126.7056426719055,105.72705013428386,nan,21325.24718881185,1028455792.4430339,0.0,nan
pd,40.0,1.0,replay,4,"demo_00 -15,-7.5 deg",demo_00,0.1256326506232095,True,7.29,True,0.00653559474603401,2.000000000000001,False,0.005934010032487661,0.06926159743215102,0.004517779390465626,0.39241318191016644,0.2803024061034371,-0.75,0.0,0.040811457993549766,0.07245156496022,79.0,94.0,0.2175124133658125,1500.0000000008326,12.563265062320948,7.8,2602.1737731084772,56642.74535274058,0.0,nan
pd,40.0,1.0,esn,5,"demo_00 -15,-5 deg",,0.25745990814435227,False,nan,False,nan,0.0,False,1.3899450845637886,195.45792082949745,13.721423100823364,157.37796796160046,2.338593654864426,-0.75,nan,3.133047185395396,0.07245156496022,10.0,94.0,238.91939380642665,7321.945417288872,97.7387823711922,nan,21308.189359182597,1020420389.2941236,0.0,nan
pd,40.0,1.0,replay,5,"demo_00 -15,-5 deg",demo_00,0.12004468895356635,True,7.29,True,0.00653559474603401,2.000000000000001,False,0.005934010032487661,0.06405294527626648,0.004496607552457394,0.3636848254251973,0.25390581182980465,-0.75,0.0,0.04069975813089516,0.07245156496022,80.0,94.0,0.19563098957933148,1500.0000000008326,12.004468895356634,7.8,2602.1737731084772,55893.08655204968,0.0,nan
pd,40.0,1.0,esn,6,"demo_00 -15,-2.5 deg",,0.1601296405452729,False,nan,False,nan,0.0,False,1.38994485974907,194.42692592027802,14.361149579387106,156.97739674362344,2.125290022666226,-0.75,nan,2.9135277513763995,0.07245156496022,7.0,94.0,238.58881431150832,6924.81291096814,100.45734474369013,nan,21245.668514071313,1010004604.7672421,0.0,nan
pd,40.0,1.0,replay,6,"demo_00 -15,-2.5 deg",demo_00,0.11522265765408381,True,7.29,True,0.00653559474603401,2.000000000000001,False,0.005934010032487661,0.05964534242379503,0.0044056433038143624,0.34314770488345514,0.2309690209948578,-0.75,0.0,0.04060661545883761,0.07245156496022,80.0,94.0,0.17767944824454346,1500.0000000008326,11.52226576540838,7.8,2602.1737731084772,55251.72229773604,0.0,nan
pd,40.0,1.0,esn,7,"demo_00 -15,+0 deg",,0.10851396588606076,False,nan,False,nan,0.0,False,1.3899453012121668,179.3548852911531,13.513085654028899,150.68635427979575,1.9833566492967345,-0.75,nan,0.7209847803472051,0.07245156496022,14.0,94.0,196.08324299273644,2191.2789154535576,43.35181621153161,nan,7766.859849871158,560714082.1879745,0.0,nan
pd,40.0,1.0,replay,7,"demo_00 -15,+0 deg",demo_00,0.11126767907765935,True,7.29,True,0.00653559474603401,2.000000000000001,False,0.005934010032487661,0.056476247838147954,0.004255074363969398,0.33239934033114993,0.21266450422608676,-0.75,0.0,0.04053212376847423,0.07245156496022,80.0,94.0,0.16506762606777972,1500.0000000008326,11.126767907765934,7.8,2602.1737731084772,54715.65079807482,0.0,nan
pd,40.0,1.0,esn,8,"demo_00 -15,+2.5 deg",,0.16307346983018273,False,nan,False,nan,0.0,False,1.3899451996297119,177.64076103850996,13.184281162030555,150.47403542919764,2.3351605996528777,-0.75,nan,2.8665639836473433,0.07245156496022,7.0,94.0,226.70739496515748,7015.371153729039,102.31768473500313,nan,21056.003695255473,923357312.2454063,0.0,nan
pd,40.0,1.0,replay,8,"demo_00 -15,+2.5 deg",demo_00,0.10828553842518202,True,7.29,True,0.00653559474603401,2.000000000000001,False,0.005934010032487661,0.05474425787162153,0.004063052215981526,0.3324393622549708,0.20030508531816468,-0.75,0.0,0.04047619568753145,0.07245156496022,80.0,94.0,0.15915087091456434,1500.0000000008326,10.828553842518202,7.8,2602.1737731084772,54282.60614355959,0.0,nan
pd,40.0,1.0,esn,9,"demo_00 -15,+5 deg",,0.26798186125478735,False,nan,False,nan,0.0,False,1.3899449969120772,183.14971863351647,12.987372145223436,152.40361564120767,1.5468217066861698,-0.75,nan,0.4796098010040894,0.07245156496022,11.0,94.0,202.180096398726,3674.117809337171,26.955818279427454,nan,8432.329497436149,600039508.8309789,0.0,nan
pd,40.0,1.0,replay,9,"demo_00 -15,+5 deg",demo_00,0.1063787362553314,True,7.29,True,0.00653559474603401,2.000000000000001,False,0.005934010032487661,0.05424042310249435,0.003846255213506814,0.34328469806377243,0.1950492555107683,-0.75,0.0,0.040438566791914855,0.07245156496022,81.0,94.0,0.16070343732438558,1500.0000000008326,10.63787362553314,7.8,2602.1737731084772,53951.095254716136,0.0,nan
pd,40.0,1.0,esn,10,"demo_00 -15,+7.5 deg",,0.38586302245314097,False,nan,False,nan,0.0,False,1.389944993024307,183.40326936141537,12.155781126297471,152.43058606196038,1.485431429772817,-0.75,nan,0.532234770554551,0.07245156496022,10.0,94.0,202.29053882981967,5130.935330827241,38.598276843231105,nan,8972.020965790745,602512992.539417,0.0,nan
pd,40.0,1.0,replay,10,"demo_00 -15,+7.5 deg",demo_00,0.10563636397117235,True,7.29,True,0.00653559474603401,2.000000000000001,False,0.005934010032487661,0.055533471941369594,0.003680701726054886,0.3639651017089463,0.19746717535840178,-0.75,0.0,0.04041880410346103,0.07245156496022,81.0,94.0,0.16950705222061707,1500.0000000008326,10.563636397117234,7.8,2602.1737731084772,53720.42693947679,0.0,nan
pd,40.0,1.0,esn,11,"demo_00 -15,+10 deg",,0.5088175039626798,False,nan,False,nan,0.0,False,1.3899451144977883,182.42096681209347,11.124273834261547,151.7534385499435,1.6490129140092915,-0.75,nan,0.6894797376714179,0.07245156496022,14.0,94.0,196.6096874007536,6612.377019642172,50.88175039626797,nan,11471.036038939013,561879648.0686914,0.0,nan
pd,40.0,1.0,replay,11,"demo_00 -15,+10 deg",demo_00,0.1061236838706374,True,7.29,True,0.00653559474603401,2.000000000000001,False,0.005934010032487661,0.05977856308966356,0.0036453764983774453,0.392902340768823,0.2064470296201555,-0.75,0.0,0.040416318719360564,0.07245156496022,81.0,94.0,0.18447422115626674,1500.0000000008326,10.612368387063741,7.8,2602.1737731084772,53590.72973056947,0.0,nan
pd,40.0,1.0,esn,12,"demo_00 -15,+12.5 deg",,0.634341577006605,False,nan,False,nan,0.0,False,1.3899450217132727,191.22139685354398,10.645132163419078,155.06228918139283,2.5205105215807166,-0.75,nan,1.1439873840872223,0.07245156496022,10.0,94.0,205.93617890976452,8118.3519196763755,65.68519588087025,nan,14083.574964156674,628877042.2126077,0.0,nan
pd,40.0,1.0,replay,12,"demo_00 -15,+12.5 deg",demo_00,0.10787410642153501,True,7.29,True,0.00653559474603401,2.000000000000001,False,0.005934010032487661,0.06511732610103045,0.003625026037252697,0.42837967565078855,0.2219717034376806,-0.75,0.0,0.040430382146069366,0.07245156496022,81.0,94.0,0.20417121135051292,1500.0000000008326,10.787410642153501,7.8,2602.1737731084772,53562.95460471671,0.0,nan
pd,40.0,1.0,esn,13,"demo_00 -15,+15 deg",,0.7610836666778693,False,nan,False,nan,0.0,False,1.3899450988741269,200.03788298574037,10.142991871773214,158.9463145547445,1.8298404827543233,-0.75,nan,0.41455697776493583,0.07245156496022,1.0,94.0,211.29909673971898,9648.52356544211,76.10836666778692,nan,16738.089980799083,652265202.5533168,0.0,nan
pd,40.0,1.0,replay,13,"demo_00 -15,+15 deg",demo_00,0.11088595933734506,True,7.29,True,0.00653559474603401,2.000000000000001,False,0.005934010032487661,0.07122258480573729,0.0036113664471382582,0.46885374225797044,0.24276286358367036,-0.75,0.0,0.040460145759121664,0.07245156496022,81.0,94.0,0.22726645474957766,1500.0000000008397,11.194303679812252,7.8,2602.1737731084772,53638.85825334248,0.0,nan
pd,40.0,1.0,esn,14,"demo_00 -12.5,-15 deg",,0.6685456133606721,False,nan,False,nan,0.0,False,1.389945590898927,184.131854094398,9.965424045324351,152.6589347257161,2.144868014800091,-0.75,nan,3.0413083020453477,0.07245156496022,13.0,94.0,231.58469046919174,9927.494641595778,101.1035958352198,nan,21244.97872937519,973131460.9591135,0.0,nan
pd,40.0,1.0,replay,14,"demo_00 -12.5,-15 deg",demo_00,0.1314850613829661,True,7.29,True,0.00653559474603401,2.000000000000001,False,0.005934010032487661,0.0808651636146342,0.004376514046837487,0.46352997791820405,0.3356215935405571,-0.75,0.0,0.040889805869461726,0.07245156496022,80.0,94.0,0.261001950977258,1500.0000000008336,13.36372565100712,7.8,2168.4781442570647,42313.92233621136,0.0,nan
pd,40.0,1.0,esn,15,"demo_00 -12.5,-12.5 deg",,0.5666951032435082,False,nan,False,nan,0.0,False,1.3899448849379303,194.72247749582075,11.776644950652239,157.07229079455524,2.3079821052872065,-0.75,nan,3.0481866821401624,0.07245156496022,9.0,94.0,240.1697438187775,8515.54493879662,100.53719488673535,nan,21294.95091629873,1029105521.5816596,0.0,nan
pd,40.0,1.0,replay,15,"demo_00 -12.5,-12.5 deg",demo_00,0.12315989831789538,True,7.29,True,0.00653559474603401,2.000000000000001,False,0.005934010032487661,0.07430790547423281,0.004494077063165188,0.41783852252699644,0.30297080863872006,-0.75,0.0,0.04076968120489835,0.07245156496022,80.0,94.0,0.23384377642226173,1250.0000000006978,12.361120312025633,7.8,2168.4781442570647,41359.63083728585,0.0,nan
pd,40.0,1.0,esn,16,"demo_00 -12.5,-10 deg",,0.4621113171868129,False,nan,False,nan,0.0,False,1.3899449433489048,195.08580107740278,13.21633798733921,157.22261059197984,2.1163784105813495,-0.75,nan,3.0107007102222445,0.07245156496022,8.0,94.0,240.32948228009394,7081.908298947991,101.00151931150832,nan,21317.69501559309,1032871183.0596641,0.0,nan
pd,40.0,1.0,replay,16,"demo_00 -12.5,-10 deg",demo_00,0.11542018917286939,True,7.29,True,0.00653559474603401,2.000000000000001,False,0.005934010032487661,0.06806420961649792,0.004611097241135599,0.37554778856496707,0.27148084410034806,-0.75,0.0,0.040663261069423,0.07245156496022,80.0,94.0,0.20779717329016298,1250.0000000006946,11.542018917286939,7.8,2168.4781442570647,40524.5273887135,0.0,nan
pd,40.0,1.0,esn,17,"demo_00 -12.5,-7.5 deg",,0.355447866127475,False,nan,False,nan,0.0,False,1.3899450040801486,195.28733472302648,14.768526312174124,157.30896919612118,2.2519591794244156,-0.75,nan,3.0162723392101434,0.07245156496022,8.0,94.0,239.80400067103025,6911.064897760208,104.2486914625972,nan,21316.10269989798,1028720569.4556919,0.0,nan
pd,40.0,1.0,replay,17,"demo_00 -12.5,-7.5 deg",demo_00,0.10837235951016198,True,7.29,True,0.00653559474603401,2.000000000000001,False,0.005934010032487661,0.062351602297249537,0.004715314899653701,0.33807134885286183,0.24174355944885553,-0.75,0.0,0.04057109535172312,0.07245156496022,80.0,94.0,0.183536643748459,1250.0000000006946,10.837235951016199,7.8,2168.4781442570647,39804.16249747698,0.0,nan
pd,40.0,1.0,esn,18,"demo_00 -12.5,-5 deg",,0.24838339018168756,False,nan,False,nan,0.0,False,1.3899450339306982,195.2837223317354,16.34161483919316,157.32127324317017,2.3297683426329265,-0.75,nan,3.0122777432007486,0.07245156496022,8.0,94.0,239.39825833928163,6932.939463627059,102.27540903467705,nan,21313.857343986754,1025210791.1729957,0.0,nan
pd,40.0,1.0,replay,18,"demo_00 -12.5,-5 deg",demo_00,0.10214742316668488,True,7.29,True,0.00653559474603401,2.000000000000001,False,0.005934010032487661,0.057242817549883654,0.004790158982740713,0.3073003631846465,0.21456032007806838,-0.75,0.0,0.040493592268297525,0.07245156496022,80.0,94.0,0.16205693201501176,1250.0000000006946,10.214742316668486,7.8,2168.4781442570647,39194.6335978919,0.0,nan
pd,40.0,1.0,esn,19,"demo_00 -12.5,-2.5 deg",,0.14737748421186347,False,nan,False,nan,0.0,False,1.3899452398740362,186.38335525070278,16.793303354414682,153.37519421536618,2.3244151923297034,-0.75,nan,3.0054296234686175,0.07245156496022,16.0,94.0,229.4840621283539,7211.181552718077,102.93396484352311,nan,21177.914866585743,949907271.2721864,0.0,nan
pd,40.0,1.0,replay,19,"demo_00 -12.5,-2.5 deg",demo_00,0.09689999877598889,True,7.29,True,0.00653559474603401,2.000000000000001,False,0.005934010032487661,0.052798119636228324,0.0047571567665000355,0.2855184124631111,0.19108638710331058,-0.75,0.0,0.04043101208264488,0.07245156496022,80.0,94.0,0.14477138337522155,1250.0000000006946,9.689999877598888,7.8,2168.4781442570647,38692.62208244433,0.0,nan
pd,40.0,1.0,esn,20,"demo_00 -12.5,+0 deg",,0.09200424051526718,False,nan,False,nan,0.0,False,1.3899443995645826,171.77235297961957,15.944784867050059,147.926004045159,2.3385530010087527,-0.75,nan,2.9133764656484695,0.07245156496022,13.0,94.0,223.72440873370311,7039.287135707864,103.2869921801507,nan,21064.084794821116,914152308.6639571,0.0,nan
pd,40.0,1.0,replay,20,"demo_00 -12.5,+0 deg",demo_00,0.09280146287053946,True,7.29,True,0.00653559474603401,2.000000000000001,False,0.005934010032487661,0.04974368020202845,0.004617461806620223,0.2749523713925708,0.1728921733077769,-0.75,0.0,0.040383464302591925,0.07245156496022,80.0,94.0,0.13345556223934132,1250.0000000006946,9.280146287053947,7.8,2168.4781442570647,38295.42779205985,0.0,nan
pd,40.0,1.0,esn,21,"demo_00 -12.5,+2.5 deg",,0.15443669999742476,False,nan,False,nan,0.0,False,1.3899452058706925,177.10935949029482,16.072162371371345,150.31901972796064,2.31292936480119,-0.75,nan,2.8711550724275123,0.07245156496022,7.0,94.0,225.9746780733016,6950.545487914673,103.68018534585931,nan,20977.642105597934,915175457.6177385,0.0,nan
pd,40.0,1.0,replay,21,"demo_00 -12.5,+2.5 deg",demo_00,0.09002479129032179,True,7.29,True,0.00653559474603401,2.000000000000001,False,0.005934010032487661,0.04844228218150815,0.004395997067019216,0.27694058287229073,0.1618079900630355,-0.75,0.0,0.040350908507287876,0.07245156496022,80.0,94.0,0.1297680394342647,1250.0000000006946,9.002479129032178,7.8,2168.4781442570647,38000.99960802635,0.0,nan
pd,40.0,1.0,esn,22,"demo_00 -12.5,+5 deg",,0.2638483812738381,False,nan,False,nan,0.0,False,1.3899449987120602,182.82138670523,15.545763393847977,152.31524191551088,1.5586441002439926,-0.75,nan,0.4666530310050397,0.07245156496022,11.0,94.0,202.0827630542651,3578.1664289406644,26.44838479114938,nan,8410.364156933387,599446072.4540375,0.0,nan
pd,40.0,1.0,replay,22,"demo_00 -12.5,+5 deg",demo_00,0.08872107926551362,True,7.29,True,0.00653559474603401,2.000000000000001,False,0.005934010032487661,0.049351003341701755,0.004196440225213262,0.29124641516508726,0.15934690292307319,-0.75,0.0,0.04033315883324195,0.07245156496022,81.0,94.0,0.1343714622334586,1250.0000000006946,8.872107926551362,7.8,2168.4781442570647,37807.9603211336,0.0,nan
pd,40.0,1.0,esn,23,"demo_00 -12.5,+7.5 deg",,0.3837066129520935,False,nan,False,nan,0.0,False,1.3899450174040835,183.1399194756972,14.168735958440053,152.2823056357451,1.494726571801039,-0.75,nan,0.504676763550915,0.07245156496022,14.0,94.0,201.62634535845845,5041.625126366536,38.37066129520935,nan,9167.082573109796,598530211.0388474,0.0,nan
pd,40.0,1.0,replay,23,"demo_00 -12.5,+7.5 deg",demo_00,0.08899270190235327,True,7.29,True,0.00653559474603401,2.000000000000001,False,0.005934010032487661,0.052435457446070706,0.004056702402951446,0.3161950031513378,0.16543087619438082,-0.75,0.0,0.04032989201623789,0.07245156496022,81.0,94.0,0.14647047260432597,1250.0000000006946,8.899270190235328,7.8,2168.4781442570647,37715.62347334231,0.0,nan
pd,40.0,1.0,esn,24,"demo_00 -12.5,+10 deg",,0.5077283615206706,True,0.38,True,1.2165525060596438,2.0,False,1.3899460837948943,40.58787908442039,2.811954545245603,153.3125832927595,1.0037631061848509,-0.75,-6.91,2.1055054990517155,0.07245156496022,2.0,94.0,232.2071673286234,7346.114195032864,99.2147581482574,nan,21230.178454706336,970983123.4894309,0.0,nan
pd,40.0,1.0,replay,24,"demo_00 -12.5,+10 deg",demo_00,0.0908728675013784,True,7.29,True,0.00653559474603401,2.000000000000001,False,0.005934010032487661,0.05712613708096562,0.003957735768430546,0.34948462467495883,0.17906640822999653,-0.75,0.0,0.04034065875122734,0.07245156496022,81.0,94.0,0.16436421712667126,1250.0000000006946,9.087286750137839,7.8,2168.4781442570647,37723.99940774464,0.0,nan
pd,40.0,1.0,esn,25,"demo_00 -12.5,+12.5 deg",,0.6339282308944936,False,nan,False,nan,0.0,False,1.3899451027558483,199.88159588764248,12.34610497325935,158.87520649947768,1.478417422122981,-0.75,nan,0.334626586763853,0.07245156496022,2.0,94.0,211.06734651376672,8042.575012667161,63.39282308944936,nan,13952.11851080564,649461944.9639342,0.0,nan
pd,40.0,1.0,replay,25,"demo_00 -12.5,+12.5 deg",demo_00,0.09432088277229948,True,7.29,True,0.00653559474603401,2.000000000000001,False,0.005934010032487661,0.06234117663847094,0.0038506332087107882,0.3889323101908312,0.19918190854928877,-0.75,0.0,0.040364898004056654,0.07245156496022,81.0,94.0,0.186308903242138,1250.0000000007042,9.432088277229948,7.8,2168.4781442570647,37833.78737313215,0.0,nan
pd,40.0,1.0,esn,26,"demo_00 -12.5,+15 deg",,0.761151728350226,False,nan,False,nan,0.0,False,1.3899450975701035,200.11114465493912,11.042880004810435,158.97642685005658,1.9526604478946707,-0.75,nan,0.49139376069396085,0.07245156496022,3.0,94.0,211.3474719149409,9579.588557968593,76.11517283502259,nan,16618.502735134745,652779135.470279,0.0,nan
pd,40.0,1.0,replay,26,"demo_00 -12.5,+15 deg",demo_00,0.09923506620772075,True,7.29,True,0.00653559474603401,2.000000000000001,False,0.005934010032487661,0.06784611359701795,0.003744001827267119,0.43279785689419437,0.22400636978371752,-0.75,0.0,0.040401953795054,0.07245156496022,81.0,94.0,0.21094324526123315,1500.0000000008397,10.0986380427704,7.8,2168.4781442570647,38046.35027572573,0.0,nan
pd,40.0,1.0,esn,27,"demo_00 -10,-15 deg",,0.6638936037467937,True,0.8300000000000001,True,1.2165525060596438,2.0,False,1.38994575967184,37.218461327859266,2.186703109457433,152.2399449100637,1.077412614216533,-0.75,-6.46,3.102187918822481,0.07245156496022,5.0,94.0,231.13152067964242,9671.544616068733,101.3442011279929,nan,21253.331143483232,969921548.4608338,0.0,nan
pd,40.0,1.0,replay,27,"demo_00 -10,-15 deg",demo_00,0.11788358807127743,True,7.29,True,0.00653559474603401,2.000000000000001,False,0.005934010032487661,0.07516211914057225,0.00441601382148145,0.42147396900440365,0.3004808259872032,-0.75,0.0,0.04064166100534324,0.07245156496022,81.0,94.0,0.2302887290331566,1500.0000000008336,12.066525566607122,7.8,1734.7825154056513,28109.216726057504,0.0,nan
pd,40.0,1.0,esn,28,"demo_00 -10,-12.5 deg",,0.5618778932388975,False,nan,False,nan,0.0,False,1.3899448700734396,194.57177970134165,12.988413464824463,157.01370312558194,2.3247176306278603,-0.75,nan,3.0452979547431385,0.07245156496022,9.0,94.0,239.87559162317442,8263.38041006807,99.97105071675624,nan,21282.828207038096,1025395086.6158546,0.0,nan
pd,40.0,1.0,replay,28,"demo_00 -10,-12.5 deg",demo_00,0.10845923794169196,True,7.29,True,0.00653559474603401,2.000000000000001,False,0.005934010032487661,0.06845207382375755,0.0045694387886689005,0.3735489803007025,0.26723736072823623,-0.75,0.0,0.04055447497724277,0.07245156496022,80.0,94.0,0.2035752900816549,1250.0000000006978,10.978703651638682,7.8,1734.7825154056513,27291.200800388633,0.0,nan
pd,40.0,1.0,esn,29,"demo_00 -10,-10 deg",,0.45693501122934443,False,nan,False,nan,0.0,False,1.3899449364850196,195.03486100886371,14.994953913317085,157.21234780642948,2.3400421587761007,-0.75,nan,3.013117851225351,0.07245156496022,9.0,94.0,240.36375938686425,7129.713497428632,103.65314827384225,nan,21315.51070591032,1033216182.7045877,0.0,nan
pd,40.0,1.0,replay,29,"demo_00 -10,-10 deg",demo_00,0.09963970624889094,True,7.29,True,0.00653559474603401,2.000000000000001,False,0.005934010032487661,0.06190827204036073,0.004759721832786176,0.3285425254133991,0.2350726643280525,-0.75,0.0,0.040478207833505316,0.07245156496022,80.0,94.0,0.17778761283995323,1000.0000000005556,9.963970624889095,7.8,1734.7825154056513,26587.901150241996,0.0,nan
pd,40.0,1.0,esn,30,"demo_00 -10,-7.5 deg",,0.3495411206945254,False,nan,False,nan,0.0,False,1.3899450006683993,195.2555264400363,17.383292413931,157.29586400956833,2.200794480755017,-0.75,nan,3.0523773929647597,0.07245156496022,9.0,94.0,239.8182421621432,7089.742900308698,100.14431572034312,nan,21318.750818409248,1028837491.7116398,0.0,nan
pd,40.0,1.0,replay,30,"demo_00 -10,-7.5 deg",demo_00,0.09158172470775425,True,7.29,True,0.00653559474603401,2.000000000000001,False,0.005934010032487661,0.05589540694587902,0.004976280166053487,0.2879707526181385,0.2043427755537115,-0.75,0.0,0.040413356323307704,0.07245156496022,80.0,94.0,0.15361004614629573,1000.0000000005548,9.158172470775426,7.8,1734.7825154056513,25995.32243521049,0.0,nan
pd,40.0,1.0,esn,31,"demo_00 -10,-5 deg",,0.24091277710375497,True,0.19,True,1.795777803584551,2.0,False,1.3899449863509732,36.31810609549263,3.7223029552843983,157.25505482217056,0.9643114606385993,-0.75,-7.1,4.584075620261553,0.07245156496022,1.0,94.0,239.76194222970312,7295.5520658148835,100.69706951307295,nan,21312.916581283484,1028272586.3279743,0.0,nan
pd,40.0,1.0,replay,31,"demo_00 -10,-5 deg",demo_00,0.08449298766364448,True,7.29,True,0.00653559474603401,2.000000000000001,False,0.005934010032487661,0.050456264300662905,0.005171346248759303,0.25410403580763563,0.17593038777828454,-0.75,0.0,0.04036029769859564,0.07245156496022,80.0,94.0,0.1321407864669983,1000.0000000005548,8.449298766364448,7.8,1734.7825154056513,25509.970541968632,0.0,nan
pd,40.0,1.0,esn,32,"demo_00 -10,-2.5 deg",,0.13600260944396064,False,nan,False,nan,0.0,False,1.3899458462178877,183.7359530671369,21.13543712311272,152.6179523145202,2.34025011790494,-0.75,nan,2.9889159986288667,0.07245156496022,14.0,94.0,232.03435312694296,7099.481977949208,103.87829559029501,nan,21253.747109122538,976245518.3403101,0.0,nan
pd,40.0,1.0,replay,32,"demo_00 -10,-2.5 deg",demo_00,0.07863520974178846,True,7.29,True,0.00653559474603401,2.000000000000001,False,0.005934010032487661,0.04617664887643881,0.00531177291429408,0.2300438348708564,0.151418530188668,-0.75,0.0,0.040319285240738814,0.07245156496022,80.0,94.0,0.1150988199971994,1000.0000000005548,7.863520974178846,7.8,1734.7825154056513,25128.882333773196,0.0,nan
pd,40.0,1.0,esn,33,"demo_00 -10,+0 deg",,0.07488829933734972,False,nan,False,nan,0.0,False,1.3899451681467432,178.66417906701622,21.595071382130474,150.70140672633394,1.5950270045069808,-0.75,nan,0.48759320180933075,0.07245156496022,13.0,94.0,200.0411481318953,1636.3596188441013,27.13313475851286,nan,9061.677769788557,590322319.2769153,0.0,nan
pd,40.0,1.0,replay,33,"demo_00 -10,+0 deg",demo_00,0.07431058637826374,True,7.29,True,0.00653559474603401,2.000000000000001,False,0.005934010032487661,0.04360878058866941,0.005270976726379723,0.21913742224545826,0.13303929400725847,-0.75,0.0,0.040290446777307906,0.07245156496022,80.0,94.0,0.10482199705726283,1000.0000000005548,7.431058637826374,7.8,1734.7825154056513,24849.652389820287,0.0,nan
pd,40.0,1.0,esn,34,"demo_00 -10,+2.5 deg",,0.14598459809604353,False,nan,False,nan,0.0,False,1.389945142808748,176.61081318508417,20.554951156752292,150.18256344203454,2.3766948299347193,-0.75,nan,2.966994754949134,0.07245156496022,9.0,94.0,225.70006127395698,7273.103970662996,102.36957083646841,nan,20950.238835214182,912717254.6060435,0.0,nan
pd,40.0,1.0,replay,34,"demo_00 -10,+2.5 deg",demo_00,0.07181957459301383,True,7.29,True,0.00653559474603401,2.000000000000001,False,0.005934010032487661,0.043496286156939575,0.005062340302567175,0.22337673076788067,0.12360056941232514,-0.75,0.0,0.04027378626832461,0.07245156496022,81.0,94.0,0.1034444499496474,1000.0000000005548,7.181957459301382,7.8,1734.7825154056513,24670.455501013148,0.0,nan
pd,40.0,1.0,esn,35,"demo_00 -10,+5 deg",,0.2595429342128942,False,nan,False,nan,0.0,False,1.3899449998193836,182.63661992228992,19.22654726747029,152.26272910856375,1.5693360146792223,-0.75,nan,0.46898694387107925,0.07245156496022,11.0,94.0,202.03413372744586,3469.7527760106855,25.954293421289417,nan,8403.716292416539,599194459.6859204,0.0,nan
pd,40.0,1.0,replay,35,"demo_00 -10,+5 deg",demo_00,0.07138969163406328,True,7.29,True,0.00653559474603401,2.000000000000001,False,0.005934010032487661,0.045753199385922566,0.004816537072388475,0.24198796508538117,0.1251603906928864,-0.75,0.0,0.04026918844140711,0.07245156496022,81.0,94.0,0.11133160507817652,1000.0000000005548,7.138969163406327,7.8,1734.7825154056513,24590.06331451185,0.0,nan
pd,40.0,1.0,esn,36,"demo_00 -10,+7.5 deg",,0.3811179115040874,True,0.06,True,0.8354687516854474,2.0,False,1.3900372698565422,10.389927926962239,0.9524262911963953,136.48432897349107,0.2107872283706356,-0.75,-7.23,nan,0.07245156496022,nan,94.0,202.9306312084983,7304.209406264165,102.20356115124983,nan,21208.440348180844,773621634.5673914,0.0,nan
pd,40.0,1.0,replay,36,"demo_00 -10,+7.5 deg",demo_00,0.0731035600973162,True,7.29,True,0.00653559474603401,2.000000000000001,False,0.005934010032487661,0.049906107765472156,0.004574804508871452,0.27202854667562554,0.13616942954168235,-0.75,0.0,0.040276426348933636,0.07245156496022,81.0,94.0,0.1267487712319651,1000.0000000005548,7.310356009731619,7.8,1734.7825154056513,24607.853146563953,0.0,nan
pd,40.0,1.0,esn,37,"demo_00 -10,+10 deg",,0.5060524347302059,False,nan,False,nan,0.0,False,1.3899462076383426,187.03028960880647,14.773407048582431,153.7853054142642,2.285235050833191,-0.75,nan,3.068200137873912,0.07245156496022,15.0,94.0,233.42742117744623,7286.782762508592,99.64231600027026,nan,21295.829297696153,985677160.9847547,0.0,nan
pd,40.0,1.0,replay,37,"demo_00 -10,+10 deg",demo_00,0.07687274396158701,True,7.29,True,0.00653559474603401,2.000000000000001,False,0.005934010032487661,0.05454321003998427,0.004308334470007014,0.3101645558807222,0.15555420389228825,-0.75,0.0,0.0402951716133404,0.07245156496022,81.0,94.0,0.14729686996149413,1000.0000000005556,7.6872743961587,7.8,1734.7825154056513,24723.806642418476,0.0,nan
pd,40.0,1.0,esn,38,"demo_00 -10,+12.5 deg",,0.6328293164835823,False,nan,False,nan,0.0,False,1.3899450999214744,199.99254800459585,13.669822595420067,158.92518241662643,1.6180602466871004,-0.75,nan,0.35398167060310093,0.07245156496022,2.0,94.0,211.1468948694139,7954.408007436358,63.28293164835823,nan,13799.167931695652,650106138.4651049,0.0,nan
pd,40.0,1.0,replay,38,"demo_00 -10,+12.5 deg",demo_00,0.08247661875905506,True,7.29,True,0.00653559474603401,2.000000000000001,False,0.005934010032487661,0.05950077128094863,0.004066976473956129,0.35374107515477426,0.1806898300611667,-0.75,0.0,0.04032500702485356,0.07245156496022,81.0,94.0,0.17105855260808092,1250.0000000007042,8.294041308456311,7.8,1734.7825154056513,24938.495695859063,0.0,nan
pd,40.0,1.0,esn,39,"demo_00 -10,+15 deg",,0.7604669157848938,False,nan,False,nan,0.0,False,1.3899450964066078,200.1782746233532,11.956258836565361,159.0033696897498,2.0471290104799382,-0.75,nan,0.599329064548241,0.07245156496022,3.0,94.0,211.40176045581688,9498.260975311834,76.04669157848937,nan,16477.417066721664,653374078.9802427,0.0,nan
pd,40.0,1.0,replay,39,"demo_00 -10,+15 deg",demo_00,0.08963573550677147,True,7.29,True,0.00653559474603401,2.000000000000001,False,0.005934010032487661,0.06497664060089661,0.003880928311608945,0.40093107371630465,0.20947825247276505,-0.75,0.0,0.04036544106479477,0.07245156496022,81.0,94.0,0.1967787222915223,1500.0000000008397,9.185405350372445,7.8,1734.7825154056513,25253.05290274274,0.0,nan
pd,40.0,1.0,esn,40,"demo_00 -7.5,-15 deg",,0.6607015065624138,True,0.48,True,1.2165525060596438,2.0,False,1.3899459618319328,43.978544887382725,2.8404450145722513,152.06402739774043,1.0818337730036118,-0.75,-6.8100000000000005,3.6572804978962115,0.07245156496022,3.0,94.0,231.07937757139314,9419.12040399049,103.47872924849572,nan,21240.45671863286,968340118.7790958,0.0,nan
pd,40.0,1.0,replay,40,"demo_00 -7.5,-15 deg",demo_00,0.10573496661358955,True,7.29,True,0.00653559474603401,2.000000000000001,False,0.005934010032487661,0.06957793296666478,0.004493834285001667,0.38634290616690875,0.2677925536634062,-0.75,0.0,0.04048541182677018,0.07245156496022,81.0,94.0,0.20476625148299082,1500.0000000008336,10.889060505058925,7.8,1301.0868865542386,16979.322797423567,0.0,nan
pd,40.0,1.0,esn,41,"demo_00 -7.5,-12.5 deg",,0.5585615714847463,False,nan,False,nan,0.0,False,1.3899450735187002,194.36097762690784,14.330492719635894,156.48786405794903,2.2601300411804295,-0.75,nan,0.8765711671286534,0.07245156496022,9.0,94.0,204.65302346103414,8014.638822475455,55.85615714847462,nan,10982.424698124456,614287539.0703087,0.0,nan
pd,40.0,1.0,replay,41,"demo_00 -7.5,-12.5 deg",demo_00,0.09505916988535708,True,7.29,True,0.00653559474603401,2.000000000000001,False,0.005934010032487661,0.06297028901146894,0.0046428829451786715,0.3360383292267258,0.23376359107393288,-0.75,0.0,0.04042041966845687,0.07245156496022,81.0,94.0,0.17837812371932482,1250.0000000006978,9.706716261624344,7.8,1301.0868865542386,16287.893182664458,0.0,nan
pd,40.0,1.0,esn,42,"demo_00 -7.5,-10 deg",,0.4533336091978744,False,nan,False,nan,0.0,False,1.3899449282878984,194.9652184218819,16.98035798117708,157.18890167906983,2.3754564115429977,-0.75,nan,3.045081486027795,0.07245156496022,9.0,94.0,240.38837194486118,7276.211559692739,102.18810083077348,nan,21309.52285213109,1033409169.2535602,0.0,nan
pd,40.0,1.0,replay,42,"demo_00 -7.5,-10 deg",demo_00,0.08493649729213519,True,7.29,True,0.00653559474603401,2.000000000000001,False,0.005934010032487661,0.0561132206534461,0.004887141316203885,0.2879152089776146,0.20049713615976816,-0.75,0.0,0.040364365559901645,0.07245156496022,81.0,94.0,0.15266461538179757,1000.0000000005556,8.573443872835872,7.8,1301.0868865542386,15704.354802882097,0.0,nan
pd,40.0,1.0,esn,43,"demo_00 -7.5,-7.5 deg",,0.3453333938410813,False,nan,False,nan,0.0,False,1.3899450038643069,195.23444895684804,20.584727645102515,157.2949020762935,2.186786335548237,-0.75,nan,3.0033384717670994,0.07245156496022,8.0,94.0,239.8540261294156,7057.7675704476205,99.53457531503099,nan,21305.880202805045,1029491574.5745783,0.0,nan
pd,40.0,1.0,replay,43,"demo_00 -7.5,-7.5 deg",demo_00,0.07557224167267124,True,7.29,True,0.00653559474603401,2.000000000000001,False,0.005934010032487661,0.04954359390245433,0.0052236753938184124,0.24342600182860014,0.16852716833948475,-0.75,0.0,0.04031769461907228,0.07245156496022,81.0,94.0,0.12826715718113094,750.0000000004198,7.557224167267123,7.8,1301.0868865542386,15225.130008092246,0.0,nan
pd,40.0,1.0,esn,44,"demo_00 -7.5,-5 deg",,0.23534017601783774,True,0.19,True,1.787905831867105,2.0,False,1.3899449377494244,31.54198880682765,4.090973703182345,157.1568275455685,0.7762455800799526,-0.75,-7.1,4.021970395416056,0.07245156496022,1.0,94.0,239.92475515618767,7141.703837007282,105.31676982527227,nan,21317.804644524826,1029031508.1081859,0.0,nan
pd,40.0,1.0,replay,44,"demo_00 -7.5,-5 deg",demo_00,0.06727548281740105,True,7.29,True,0.00653559474603401,2.000000000000001,False,0.005934010032487661,0.043958894039833676,0.005701437554851052,0.20510340098566007,0.1387110089288843,-0.75,0.0,0.040280751620851804,0.07245156496022,80.0,94.0,0.10633234189998184,750.0000000004168,6.727548281740104,7.8,1301.0868865542386,14847.105968846065,0.0,nan
pd,40.0,1.0,esn,45,"demo_00 -7.5,-2.5 deg",,0.12662073154709502,False,nan,False,nan,0.0,False,1.3899459834048369,182.03063221727186,28.61565041666432,152.09603913071433,2.3678267100848926,-0.75,nan,2.986684650091882,0.07245156496022,13.0,94.0,230.64450877495702,7259.2226323100585,101.33331327116804,nan,21218.479862094548,961954266.5694952,0.0,nan
pd,40.0,1.0,replay,45,"demo_00 -7.5,-2.5 deg",demo_00,0.06049060282203532,True,7.29,True,0.00653559474603401,2.000000000000001,False,0.005934010032487661,0.03947127656001033,0.006204979007008913,0.17713856738104541,0.11230869537774442,-0.75,0.0,0.04025377780833971,0.07245156496022,80.0,94.0,0.08892749422347998,750.0000000004168,6.0490602822035315,7.8,1301.0868865542386,14567.659532951571,0.0,nan
pd,40.0,1.0,esn,46,"demo_00 -7.5,+0 deg",,0.057136828630053677,False,nan,False,nan,0.0,False,1.3899451805180392,177.89078329252268,30.80798742329773,150.52199140426202,1.6168648370787329,-0.75,nan,0.4761636837023767,0.07245156496022,11.0,94.0,199.59937363187024,1661.3665479092545,26.356241432516423,nan,8546.449057887372,586208926.5972053,0.0,nan
pd,40.0,1.0,replay,46,"demo_00 -7.5,+0 deg",demo_00,0.05579010497411518,True,7.29,True,0.00653559474603401,2.000000000000001,False,0.005934010032487661,0.037097548626038056,0.00642473314441916,0.16499725771590043,0.0931270662850087,-0.75,0.0,0.04023691028969903,0.07245156496022,80.0,94.0,0.0792814415517157,750.0000000004168,5.5790104974115176,7.8,1301.0868865542386,14384.679006853732,0.0,nan
pd,40.0,1.0,esn,47,"demo_00 -7.5,+2.5 deg",,0.13795845588972716,False,nan,False,nan,0.0,False,1.38994494384639,176.26614545891286,28.44588191099009,150.08443981284674,2.3737426031739752,-0.75,nan,2.976014527947809,0.07245156496022,9.0,94.0,225.89650957235472,7279.800001636706,101.30352857314523,nan,20979.478083040678,915467959.4516618,0.0,nan
pd,40.0,1.0,replay,47,"demo_00 -7.5,+2.5 deg",demo_00,0.053757396750922185,True,7.29,True,0.00653559474603401,2.000000000000001,False,0.005934010032487661,0.038287263874423536,0.006178809799415727,0.17212713341181637,0.08618996635550279,-0.75,0.0,0.04023018404800898,0.07245156496022,81.0,94.0,0.08035226161656696,750.0000000004168,5.375739675092219,7.8,1301.0868865542386,14296.581738618544,0.0,nan
pd,40.0,1.0,esn,48,"demo_00 -7.5,+5 deg",,0.2551665643005619,False,nan,False,nan,0.0,False,1.3899449997556044,182.64974205378837,24.70343901170621,152.25913080521167,1.5831086256595035,-0.75,nan,0.4912528775711771,0.07245156496022,11.0,94.0,202.02729474140315,3349.0491928897186,25.516656430056187,nan,8410.879441428277,599191539.2417344,0.0,nan
pd,40.0,1.0,replay,48,"demo_00 -7.5,+5 deg",demo_00,0.05473808190751858,True,7.29,True,0.00653559474603401,2.000000000000001,False,0.005934010032487661,0.04178796246326929,0.005651835970459997,0.19646318541705307,0.09343009817187051,-0.75,0.0,0.04023353650443759,0.07245156496022,81.0,94.0,0.09180225544888465,750.0000000004168,5.473808190751858,7.8,1301.0868865542386,14302.326072384978,0.0,nan
pd,40.0,1.0,esn,49,"demo_00 -7.5,+7.5 deg",,0.3781610332196307,True,0.06,True,1.3809461868382469,2.0,False,1.3899426179470917,10.598129540031247,1.160249939104948,149.64830016087458,0.21894269446528267,-0.75,-7.23,nan,0.07245156496022,nan,94.0,226.58328702712814,7125.883798827325,102.0263253230848,nan,21098.956366045535,935032279.3729087,0.0,nan
pd,40.0,1.0,replay,49,"demo_00 -7.5,+7.5 deg",demo_00,0.05863829713680207,True,7.29,True,0.00653559474603401,2.000000000000001,False,0.005934010032487661,0.0463369128118411,0.0050728196956999465,0.2326578953658982,0.11195669234227547,-0.75,0.0,0.04024681448451737,0.07245156496022,81.0,94.0,0.11043188228123607,750.0000000004198,5.8638297136802064,7.8,1301.0868865542386,14401.415945555658,0.0,nan
pd,40.0,1.0,esn,50,"demo_00 -7.5,+10 deg",,0.5038380419785845,False,nan,False,nan,0.0,False,1.389945061565052,189.77195671906165,16.993718846664,154.6545939752313,2.09384951755992,-0.75,nan,0.5731437317091548,0.07245156496022,12.0,94.0,203.97466686792052,6327.59251669952,50.38380419785845,nan,10976.996862575885,608400517.3618792,0.0,nan
pd,40.0,1.0,replay,50,"demo_00 -7.5,+10 deg",demo_00,0.06499695859616475,True,7.29,True,0.00653559474603401,2.000000000000001,False,0.005934010032487661,0.05147847038774016,0.004609799401081393,0.2760548132711856,0.13795777603710319,-0.75,0.0,0.04026978334771828,0.07245156496022,81.0,94.0,0.13321081084629563,1000.0000000005556,6.499695859616475,7.8,1301.0868865542386,14593.896137009198,0.0,nan
pd,40.0,1.0,esn,51,"demo_00 -7.5,+12.5 deg",,0.6310840743958193,True,0.01,True,1.4368264333766778,2.0000000000000004,False,1.3899450981396735,6.911639726414886,0.5173586449590666,158.96267825075967,0.16796117071883343,-0.75,-7.28,nan,0.07245156496022,nan,94.0,211.2033779109126,7853.9914414763025,63.108407439581924,nan,13624.967028811163,650630790.2882385,0.0,nan
pd,40.0,1.0,replay,51,"demo_00 -7.5,+12.5 deg",demo_00,0.0732408942515646,True,7.29,True,0.00653559474603401,2.000000000000001,False,0.005934010032487661,0.05692606685684479,0.004261100690672571,0.3237256025051531,0.16796117071883343,-0.75,0.0,0.04030213795643692,0.07245156496022,81.0,94.0,0.15828417085550034,1250.0000000007042,7.433577322494131,7.8,1301.0868865542386,14880.33598307093,0.0,nan
pd,40.0,1.0,esn,52,"demo_00 -7.5,+15 deg",,0.7590624663500234,False,nan,False,nan,0.0,False,1.3899450954201071,200.23876672520518,12.799443843623331,159.02732289124233,2.133345515142994,-0.75,nan,0.6899813122125786,0.07245156496022,3.0,94.0,211.4653386162253,9404.670090482325,75.90624663500233,nan,16315.057236118175,654083955.2040389,0.0,nan
pd,40.0,1.0,replay,52,"demo_00 -7.5,+15 deg",demo_00,0.08287341629882843,True,7.29,True,0.00653559474603401,2.000000000000001,False,0.005934010032487661,0.06252825502272713,0.003996862854741168,0.3739859920101502,0.20013158086799554,-0.75,0.0,0.04034351508632642,0.07245156496022,81.0,94.0,0.18463270305007376,1500.0000000008397,8.51910012478225,7.8,1301.0868865542386,15261.799301966792,0.0,nan
pd,40.0,1.0,esn,53,"demo_00 -5,-15 deg",,0.6590732441039064,True,0.16,True,1.2165525060596438,2.0,False,1.3899459911737122,74.01343854786916,5.254430919650522,152.02734042241943,1.0865017311854073,-0.75,-7.13,3.938771346426627,0.07245156496022,1.0,94.0,230.86924420780883,9170.227680730286,104.31889985186518,nan,21225.17290659033,965457563.384184,0.0,nan
pd,40.0,1.0,replay,53,"demo_00 -5,-15 deg",demo_00,0.09558788161938975,True,7.29,True,0.00653559474603401,2.000000000000001,False,0.005934010032487661,0.06547158681081144,0.004648019830544884,0.3591969254218758,0.2386411308206876,-0.75,0.0,0.04039820273111262,0.07245156496022,81.0,94.0,0.1848316483099044,1500.0000000008336,9.870628459679825,7.8,867.3912577028259,8935.0179237622,0.0,nan
pd,40.0,1.0,esn,54,"demo_00 -5,-12.5 deg",,0.5568586995517305,False,nan,False,nan,0.0,False,1.3899455791771071,186.46313729880492,15.56131479743713,153.3369960115182,2.34507959667569,-0.75,nan,3.0844504689893966,0.07245156496022,14.0,94.0,230.99121299065087,7769.326173866059,104.85243798402415,nan,21240.22136537628,967363596.9895873,0.0,nan
pd,40.0,1.0,replay,54,"demo_00 -5,-12.5 deg",demo_00,0.08358196066704908,True,7.29,True,0.00653559474603401,2.000000000000001,False,0.005934010032487661,0.058530782662258966,0.004884697037400029,0.30670655007483894,0.2039423658408937,-0.75,0.0,0.04034613162841453,0.07245156496022,81.0,94.0,0.158714824281595,1250.0000000006978,8.59075053005386,7.8,867.3912577028259,8359.459589513719,0.0,nan
pd,40.0,1.0,esn,55,"demo_00 -5,-10 deg",,0.4514390969114826,False,nan,False,nan,0.0,False,1.3899449148147358,194.8419270950592,19.409384353470013,157.13753570742242,2.180240784621208,-0.75,nan,2.9522552709403613,0.07245156496022,8.0,94.0,240.30100889721263,6928.01992400732,99.32277743598152,nan,21307.733348290014,1032169194.2881755,0.0,nan
pd,40.0,1.0,replay,55,"demo_00 -5,-10 deg",demo_00,0.07197077500150242,True,7.29,True,0.00653559474603401,2.000000000000001,False,0.005934010032487661,0.051939511831591456,0.00517400932797757,0.2554732233287989,0.16958214096258542,-0.75,0.0,0.040301872678406174,0.07245156496022,81.0,94.0,0.13298730687200144,1000.0000000005556,7.342821170347458,7.8,867.3912577028259,7882.644811160273,0.0,nan
pd,40.0,1.0,esn,56,"demo_00 -5,-7.5 deg",,0.34300011868911384,False,nan,False,nan,0.0,False,1.3899450128222555,195.22949882946267,24.383756166702298,157.2931057675405,2.2781082771257504,-0.75,nan,3.0842541961091223,0.07245156496022,10.0,94.0,239.81099979345612,7289.252989810212,98.47309919796677,nan,21306.375431021268,1029072237.0887941,0.0,nan
pd,40.0,1.0,replay,56,"demo_00 -5,-7.5 deg",demo_00,0.06096398710826005,True,7.29,True,0.00653559474603401,2.000000000000001,False,0.005934010032487661,0.045080461304330965,0.005630455350845659,0.20659900255143354,0.13590755000625884,-0.75,0.0,0.040265811670681224,0.07245156496022,81.0,94.0,0.10817679801898973,750.0000000004198,6.148061874750608,7.8,867.3912577028259,7501.382408582224,0.0,nan
pd,40.0,1.0,esn,57,"demo_00 -5,-5 deg",,0.23195758763484334,False,nan,False,nan,0.0,False,1.389944846058742,194.24699182684773,32.494468912308626,156.88602572761283,2.2600823068112934,-0.75,nan,2.9523862585461984,0.07245156496022,8.0,94.0,237.1893626904402,7251.367059482343,100.02661305006723,nan,21156.15776631059,993060596.2171019,0.0,nan
pd,40.0,1.0,replay,57,"demo_00 -5,-5 deg",demo_00,0.05094920411011224,True,7.29,True,0.00653559474603401,2.000000000000001,False,0.005934010032487661,0.038436948439887514,0.006429897392065077,0.16240294657446336,0.10368389352879506,-0.75,0.0,0.04023825038372991,0.07245156496022,81.0,94.0,0.08535028013565985,500.0000000002842,5.0949204110112225,7.8,867.3912577028259,7212.91912352542,0.0,nan
pd,40.0,1.0,esn,58,"demo_00 -5,-2.5 deg",,0.11998572050859306,False,nan,False,nan,0.0,False,1.3899461843228411,180.71847574992415,42.92469795697358,151.69601985974055,2.1541816018071853,-0.75,nan,2.931895230985525,0.07245156496022,11.0,94.0,229.11920285179295,7071.739484779622,100.3930858355301,nan,21067.457924076596,940256135.8843653,0.0,nan
pd,40.0,1.0,replay,58,"demo_00 -5,-2.5 deg",demo_00,0.042641721149904194,True,7.29,True,0.00653559474603401,2.000000000000001,False,0.005934010032487661,0.03245779118337296,0.007709454592925809,0.12800502588188656,0.07475861608373909,-0.75,0.0,0.04021940424748609,0.07245156496022,81.0,94.0,0.06684201411313334,500.0000000002778,4.264172114990418,7.8,867.3912577028259,7014.961828999218,0.0,nan
pd,40.0,1.0,esn,59,"demo_00 -5,+0 deg",,0.03872424447468684,False,nan,False,nan,0.0,False,1.3899452524419897,176.5406028777469,53.885819668792635,150.13203946205604,1.4073853833998051,-0.75,nan,0.3505531908781183,0.07245156496022,10.0,94.0,198.62894689485782,1322.0613923115436,21.860472494291443,nan,8526.240353441199,579729903.8319818,0.0,nan
pd,40.0,1.0,replay,59,"demo_00 -5,+0 deg",demo_00,0.037234964357634265,True,7.29,True,0.00653559474603401,2.000000000000001,False,0.005934010032487661,0.02936280963837249,0.008962465514169087,0.11290081364358666,0.053183425979137076,-0.75,0.0,0.04020940222627301,0.07245156496022,81.0,94.0,0.05724407257120452,500.0000000002778,3.723496435763427,7.8,867.3912577028259,6905.6969564297715,0.0,nan
pd,40.0,1.0,esn,60,"demo_00 -5,+2.5 deg",,0.13068285536195026,False,nan,False,nan,0.0,False,1.3899443980196664,176.03073370345527,44.96010506489963,149.97193575715212,2.3770663518519246,-0.75,nan,2.9500740958139398,0.07245156496022,8.0,94.0,226.6522253759618,7269.045919439459,100.66900226141692,nan,21104.21300027731,927622631.1205198,0.0,nan
pd,40.0,1.0,replay,60,"demo_00 -5,+2.5 deg",demo_00,0.036111015620075876,True,7.29,True,0.00653559474603401,2.000000000000001,False,0.005934010032487661,0.03152752928855767,0.008052463336533996,0.12441089651818317,0.05142632725596606,-0.75,0.0,0.040208288909988,0.07245156496022,81.0,94.0,0.061049888206753555,500.0000000002778,3.611101562007588,7.8,867.3912577028259,6883.806110896083,0.0,nan
pd,40.0,1.0,esn,61,"demo_00 -5,+5 deg",,0.250841878103357,False,nan,False,nan,0.0,False,1.3899449983032173,182.88546567356397,32.53442826183875,152.31323908340758,1.5924022592869302,-0.75,nan,0.5096554049534944,0.07245156496022,12.0,94.0,202.02549708525024,3216.25167957797,25.23183944570857,nan,8423.31942254457,599153850.9803728,0.0,nan
pd,40.0,1.0,replay,61,"demo_00 -5,+5 deg",demo_00,0.03970169380433638,True,7.29,True,0.00653559474603401,2.000000000000001,False,0.005934010032487661,0.037731388434086674,0.006712229130441009,0.15680247309548292,0.06860907628628012,-0.75,0.0,0.04021602872171862,0.07245156496022,81.0,94.0,0.07631625165498572,500.0000000002842,3.970169380433638,7.8,867.3912577028259,6948.476581692322,0.0,nan
pd,40.0,1.0,esn,62,"demo_00 -5,+7.5 deg",,0.37491111434663404,False,nan,False,nan,0.0,False,1.389946006399351,184.8079914074508,23.78567754413791,153.15174332872584,2.3445900047526487,-0.75,nan,2.975105430567833,0.07245156496022,12.0,94.0,231.04828930854802,7333.453033498452,102.75350553416243,nan,21146.169600899197,955359491.1329157,0.0,nan
pd,40.0,1.0,replay,62,"demo_00 -5,+7.5 deg",demo_00,0.04700699709789887,True,7.29,True,0.00653559474603401,2.000000000000001,False,0.005934010032487661,0.04343274476595434,0.0055900031919192406,0.20017233485938324,0.0967231785390574,-0.75,0.0,0.04023251207011533,0.07245156496022,81.0,94.0,0.09779832283665471,750.0000000004198,4.700699709789887,7.8,867.3912577028259,7099.405201555069,0.0,nan
pd,40.0,1.0,esn,63,"demo_00 -5,+10 deg",,0.5011404448201062,False,nan,False,nan,0.0,False,1.3899451019864868,199.93853854776268,19.832077979011398,158.89519295081072,1.470042863772769,-0.75,nan,0.3179087436540047,0.07245156496022,2.0,94.0,210.94092094051823,6208.286075133561,50.11404448201063,nan,10770.026133772106,647732776.7456219,0.0,nan
pd,40.0,1.0,replay,63,"demo_00 -5,+10 deg",demo_00,0.05667529588945911,True,7.29,True,0.00653559474603401,2.000000000000001,False,0.005934010032487661,0.0489473205561451,0.004855127406571711,0.24881375828321636,0.12876460242142176,-0.75,0.0,0.040257563198612734,0.07245156496022,81.0,94.0,0.12221157325653575,1000.0000000005556,5.715922948401044,7.8,867.3912577028259,7336.793786447992,0.0,nan
pd,40.0,1.0,esn,64,"demo_00 -5,+12.5 deg",,0.6287366242974127,False,nan,False,nan,0.0,False,1.3899450967248301,200.1602531433353,16.056155136260873,158.99456561352295,1.8927859044403983,-0.75,nan,0.43829669288088957,0.07245156496022,2.0,94.0,211.26133973043838,7741.485855539329,62.87366242974128,nan,13429.794305442347,651209115.9403706,0.0,nan
pd,40.0,1.0,replay,64,"demo_00 -5,+12.5 deg",demo_00,0.06776706147348964,True,7.29,True,0.00653559474603401,2.000000000000001,False,0.005934010032487661,0.054367405361507526,0.004361163023785934,0.3001316474054169,0.16238319173133697,-0.75,0.0,0.04029094941506138,0.07245156496022,81.0,94.0,0.14804401230442826,1250.0000000007042,6.905892083577405,7.8,867.3912577028259,7661.3342290515875,0.0,nan
pd,40.0,1.0,esn,65,"demo_00 -5,+15 deg",,0.7569752811491756,False,nan,False,nan,0.0,False,1.3899450944348501,200.29414650846132,13.452643371121871,159.04890749463496,2.1903969295462162,-0.75,nan,0.77174432513259,0.07245156496022,3.0,94.0,211.52940890622634,9298.964167755108,75.69752811491756,nan,16131.680449596279,654794747.5847087,0.0,nan
pd,40.0,1.0,replay,65,"demo_00 -5,+15 deg",demo_00,0.0797511443192259,True,7.29,True,0.00653559474603401,2.000000000000001,False,0.005934010032487661,0.06012085634049775,0.004037983403978312,0.35291052192778377,0.19658510189643652,-0.75,0.0,0.040332391328556975,0.07245156496022,81.0,94.0,0.17458710721710627,1500.0000000008397,8.169409923126555,7.8,867.3912577028259,8074.181259734395,0.0,nan
pd,40.0,1.0,esn,66,"demo_00 -2.5,-15 deg",,0.6591090215684394,False,nan,False,nan,0.0,False,1.3899459100736695,182.7338875258313,14.251817746200066,152.26927669589617,2.21338835520786,-0.75,nan,3.040755600176285,0.07245156496022,16.0,94.0,231.5390168523299,8924.859459918427,98.60429091598012,nan,21248.72825157166,972985510.0262016,0.0,nan
pd,40.0,1.0,replay,66,"demo_00 -2.5,-15 deg",demo_00,0.08813075309860163,True,7.29,True,0.00653559474603401,2.000000000000001,False,0.005934010032487661,0.06328379414140765,0.004935642275239678,0.34095818826335117,0.21365568895552817,-0.75,0.0,0.040359320340014854,0.07245156496022,81.0,94.0,0.1706165612891675,1500.0000000008336,9.061970041384434,7.8,433.69562885141295,3985.9673057924097,0.0,nan
pd,40.0,1.0,esn,67,"demo_00 -2.5,-12.5 deg",,0.5568762334308727,False,nan,False,nan,0.0,False,1.3899457805522342,184.2438845794763,17.215520963694395,152.74395543376795,2.3270038833127296,-0.75,nan,3.1262211270130424,0.07245156496022,16.0,94.0,232.18016917226362,7527.43703833475,100.70502397423688,nan,21242.265931788923,977047375.9181157,0.0,nan
pd,40.0,1.0,replay,67,"demo_00 -2.5,-12.5 deg",demo_00,0.07491303510497174,True,7.29,True,0.00653559474603401,2.000000000000001,False,0.005934010032487661,0.05576994257808515,0.00521107453736355,0.28696600639921627,0.17875353110194295,-0.75,0.0,0.04031256174764881,0.07245156496022,81.0,94.0,0.14482101293756344,1250.0000000006978,7.69633060860692,7.8,433.69562885141295,3514.5068633668297,0.0,nan
pd,40.0,1.0,esn,68,"demo_00 -2.5,-10 deg",,0.45137469475457287,False,nan,False,nan,0.0,False,1.389944893714815,194.6718897499306,22.872984905235093,157.0666279063093,2.256129883226285,-0.75,nan,3.02106745084095,0.07245156496022,9.0,94.0,240.1280547626976,7236.238065217536,101.91152806036116,nan,21299.678206814682,1029893397.2787344,0.0,nan
pd,40.0,1.0,replay,68,"demo_00 -2.5,-10 deg",demo_00,0.061845430502893727,True,7.29,True,0.00653559474603401,2.000000000000001,False,0.005934010032487661,0.04830925557733295,0.0056760987681523985,0.23338701780519117,0.1439136041630369,-0.75,0.0,0.04027337663267684,0.07245156496022,81.0,94.0,0.11917939444948647,1000.0000000005556,6.340754785934318,7.8,433.69562885141295,3130.352840283325,0.0,nan
pd,40.0,1.0,esn,69,"demo_00 -2.5,-7.5 deg",,0.34270197881391246,False,nan,False,nan,0.0,False,1.3899449476867525,194.8998084700481,29.862448273522254,157.174960856866,2.344289936736323,-0.75,nan,2.980053878448892,0.07245156496022,8.0,94.0,240.14923098144334,7134.807773746589,104.7575500523614,nan,21319.819857062466,1031668206.6981289,0.0,nan
pd,40.0,1.0,replay,69,"demo_00 -2.5,-7.5 deg",demo_00,0.04903345999936285,True,7.29,True,0.00653559474603401,2.000000000000001,False,0.005934010032487661,0.04106324368716119,0.006291689048731612,0.1807562968316345,0.10929343247508683,-0.75,0.0,0.04024207799501429,0.07245156496022,81.0,94.0,0.09407099437673007,750.0000000004198,5.005451909551589,7.8,433.69562885141295,2830.674261088921,0.0,nan
pd,40.0,1.0,esn,70,"demo_00 -2.5,-5 deg",,0.23103072268141855,False,nan,False,nan,0.0,False,1.3899458796897328,184.05257751379537,40.135376447314,152.7249080265662,2.342832947154962,-0.75,nan,3.0237505074096402,0.07245156496022,15.0,94.0,232.41258604262904,7157.03467894872,104.5674333356157,nan,21257.152670396204,978457005.1627079,0.0,nan
pd,40.0,1.0,replay,70,"demo_00 -2.5,-5 deg",demo_00,0.03674410224538907,True,7.29,True,0.00653559474603401,2.000000000000001,False,0.005934010032487661,0.03398197118432973,0.007410269523677946,0.13041890178709445,0.07520220098562598,-0.75,0.0,0.040218908069749024,0.07245156496022,81.0,94.0,0.07034937085522322,500.0000000002842,3.7153152596491705,7.8,433.69562885141295,2613.060867967436,0.0,nan
pd,40.0,1.0,esn,71,"demo_00 -2.5,-2.5 deg",,0.11688674648460709,False,nan,False,nan,0.0,False,1.3899432750440441,173.15048495962392,69.55737857012483,148.39054856689313,2.2975265406786756,-0.75,nan,3.0323027399133107,0.07245156496022,15.0,94.0,226.22428504707253,7241.645121120933,102.07160891319684,nan,21095.85933588645,936906550.6499104,0.0,nan
pd,40.0,1.0,replay,71,"demo_00 -2.5,-2.5 deg",demo_00,0.025761473672288017,True,7.29,True,0.00653559474603401,2.000000000000001,False,0.005934010032487661,0.027020859411498035,0.010854720665748987,0.08669947669637433,0.04130210392087671,-0.75,0.0,0.040204036443632074,0.07245156496022,81.0,94.0,0.05032978191361057,250.00000000014848,2.5761473672288018,7.8,433.69562885141295,2475.5447971600656,0.0,nan
pd,40.0,1.0,esn,72,"demo_00 -2.5,+0 deg",,0.019628894519308524,False,nan,False,nan,0.0,False,1.389951654429229,161.495606864692,204.14375430505692,143.88925068087872,2.3607960137297193,-0.75,nan,2.9192871163455694,0.07245156496022,10.0,94.0,217.5338003185497,7162.190420782469,104.04407750081434,nan,20791.610696657728,858150172.1615168,0.0,nan
pd,40.0,1.0,replay,72,"demo_00 -2.5,+0 deg",demo_00,0.018640010511221376,True,7.29,True,0.00653559474603401,2.000000000000001,False,0.005934010032487661,0.022312416191244046,0.028204732607456155,0.0649872170565865,0.013343816499823654,-0.75,0.0,0.04019756002999905,0.07245156496022,81.0,94.0,0.04028655159251595,250.0000000001389,1.8640010511221377,7.8,433.69562885141295,2416.6200834517244,0.0,nan
pd,40.0,1.0,esn,73,"demo_00 -2.5,+2.5 deg",,0.12457450069451252,False,nan,False,nan,0.0,False,1.3899450948833474,180.60872738746087,82.76925910539869,151.60994362377377,1.4648872352212938,-0.75,nan,0.29979127301850717,0.07245156496022,15.0,94.0,199.49757917442895,1606.257271373197,17.146747903986068,nan,8476.77266740758,581785767.7106005,0.0,nan
pd,40.0,1.0,replay,73,"demo_00 -2.5,+2.5 deg",demo_00,0.02013518111932968,True,7.29,True,0.00653559474603401,2.000000000000001,False,0.005934010032487661,0.026703880445309296,0.012237838290924395,0.08452780251996139,0.027031885539560537,-0.75,0.0,0.04019950486026592,0.07245156496022,81.0,94.0,0.0472389266051629,250.00000000014848,2.013518111932968,7.8,433.69562885141295,2435.2590367041007,0.0,nan
pd,40.0,1.0,esn,74,"demo_00 -2.5,+5 deg",,0.24671402399093878,False,nan,False,nan,0.0,False,1.3899449961063433,183.25385755420857,39.959735401628535,152.39351122640383,1.5341202944422785,-0.75,nan,0.555132600203664,0.07245156496022,11.0,94.0,202.0260616113985,3071.578540741155,27.597317286670826,nan,8603.60014488208,599466688.1389531,0.0,nan
pd,40.0,1.0,replay,74,"demo_00 -2.5,+5 deg",demo_00,0.029029785717798823,True,7.29,True,0.00653559474603401,2.000000000000001,False,0.005934010032487661,0.034783550590301575,0.007584787007861214,0.12762045171442082,0.05979870506757273,-0.75,0.0,0.04020982957632113,0.07245156496022,81.0,94.0,0.06605122924122918,500.0000000002842,2.902978571779882,7.8,433.69562885141295,2530.9242941935145,0.0,nan
pd,40.0,1.0,esn,75,"demo_00 -2.5,+7.5 deg",,0.37145472416284153,False,nan,False,nan,0.0,False,1.3899462060462073,187.05635862748795,26.506655770990967,153.83637071086835,2.2769081333205334,-0.75,nan,3.002629783870132,0.07245156496022,13.0,94.0,233.83340126629773,6997.675809369668,105.22367236043023,nan,21297.193471547864,987016242.3274413,0.0,nan
pd,40.0,1.0,replay,75,"demo_00 -2.5,+7.5 deg",demo_00,0.04081228125219759,True,7.29,True,0.00653559474603401,2.000000000000001,False,0.005934010032487661,0.0413567800206092,0.00586042591573144,0.17788849042324612,0.09384960350248912,-0.75,0.0,0.04022843043810725,0.07245156496022,81.0,94.0,0.08951353789084911,750.0000000004198,4.10990563968489,7.8,433.69562885141295,2703.5751167606463,0.0,nan
pd,40.0,1.0,esn,76,"demo_00 -2.5,+10 deg",,0.49802201487829156,False,nan,False,nan,0.0,False,1.3899450991210114,200.05374337560983,20.963239346880343,158.94539506704396,1.605917676283531,-0.75,nan,0.3390203081773176,0.07245156496022,2.0,94.0,211.0390526911758,6077.094782831638,49.80220148782916,nan,10542.437773713384,648521737.341029,0.0,nan
pd,40.0,1.0,replay,76,"demo_00 -2.5,+10 deg",demo_00,0.053679043300834665,True,7.29,True,0.00653559474603401,2.000000000000001,False,0.005934010032487661,0.04696018316953305,0.004920865478172722,0.23065562370873152,0.1285304575985092,-0.75,0.0,0.0402551475983809,0.07245156496022,81.0,94.0,0.11475819822856695,1000.0000000005556,5.435853135473575,7.8,433.69562885141295,2953.6662850439793,0.0,nan
pd,40.0,1.0,esn,77,"demo_00 -2.5,+12.5 deg",,0.6258360094874458,False,nan,False,nan,0.0,False,1.389945095586923,200.2294895958603,16.63734363248931,159.0219555253236,1.9905476030869562,-0.75,nan,0.5359323884174496,0.07245156496022,3.0,94.0,211.3259272711026,7617.070728150452,62.583600948744575,nan,13213.961117796274,651895810.2225502,0.0,nan
pd,40.0,1.0,replay,77,"demo_00 -2.5,+12.5 deg",demo_00,0.06706857706199723,True,7.29,True,0.00653559474603401,2.000000000000001,False,0.005934010032487661,0.05231026186333771,0.004346531591737341,0.2844928215928029,0.16339582499906352,-0.75,0.0,0.0402897723460563,0.07245156496022,81.0,94.0,0.14076302036380287,1250.0000000007042,6.802138230189558,7.8,433.69562885141295,3282.1377899156964,0.0,nan
pd,40.0,1.0,esn,78,"demo_00 -2.5,+15 deg",,0.7542459035681389,False,nan,False,nan,0.0,False,1.3899450935563857,200.3461725850779,13.788822966266412,159.06889538083433,2.258216785543274,-0.75,nan,0.8282793398616964,0.07245156496022,3.0,94.0,211.60306499378444,9181.309501573389,75.4245903568139,nan,15927.57519184846,655605447.9616734,0.0,nan
pd,40.0,1.0,replay,78,"demo_00 -2.5,+15 deg",demo_00,0.0807746687966034,True,7.29,True,0.00653559474603401,2.000000000000001,False,0.005934010032487661,0.05879051132952224,0.004046256249167001,0.33884348749712145,0.1982995833155524,-0.75,0.0,0.04033205498464557,0.07245156496022,81.0,94.0,0.16709862840283649,1500.0000000008397,8.189474984286676,7.8,433.69562885141295,3690.393429982629,0.0,nan
pd,40.0,1.0,esn,79,"demo_00 +0,-15 deg",,0.6609028512084484,False,nan,False,nan,0.0,False,1.3899443026766556,179.53609817587358,15.768313303498195,150.59305443474116,2.379016919046737,-0.75,nan,3.070000407062621,0.07245156496022,16.0,94.0,226.4452500997623,8682.997318390015,100.59083628779004,nan,21071.752025326397,924830328.3906513,0.0,nan
pd,40.0,1.0,replay,79,"demo_00 +0,-15 deg",demo_00,0.08407858806099873,True,7.29,True,0.00653559474603401,2.000000000000001,False,0.005934010032487661,0.06078723658525166,0.00533882712762955,0.33215225470364357,0.18844257990692398,-0.75,0.0,0.04035062656876672,0.07245156496022,81.0,94.0,0.16183623474002173,1500.0000000008336,8.521146580551084,7.8,372.8023282259888,2140.628254734346,0.0,nan
pd,40.0,1.0,esn,80,"demo_00 +0,-12.5 deg",,0.5587122353996081,True,0.87,True,1.3583057445273625,2.0,False,1.3899459345905854,31.272892910700275,3.3177967271982136,152.17053333473572,1.0634643135237054,-0.75,-6.42,2.7104796052286977,0.07245156496022,5.0,94.0,231.2129759947309,7316.26145602873,99.26742531384348,nan,21238.018366550234,969828216.0165153,0.0,nan
pd,40.0,1.0,replay,80,"demo_00 +0,-12.5 deg",demo_00,0.07010134091640906,True,7.29,True,0.00653559474603401,2.000000000000001,False,0.005934010032487661,0.05319923900674997,0.005644001710044491,0.27783452722115093,0.15365121678907825,-0.75,0.0,0.04030339624726962,0.07245156496022,81.0,94.0,0.13651853796117175,1250.0000000006978,7.106675901832357,7.8,310.6686068549907,1760.3983722861542,0.0,nan
pd,40.0,1.0,esn,81,"demo_00 +0,-10 deg",,0.4532497914241515,False,nan,False,nan,0.0,False,1.3899448602088176,194.4055896435129,26.851492942297547,156.94881726177675,2.1954085037758024,-0.75,nan,2.932173898222771,0.07245156496022,8.0,94.0,239.29155096028506,6899.405459088743,99.16705638320096,nan,21258.09399204059,1019198241.257622,0.0,nan
pd,40.0,1.0,replay,81,"demo_00 +0,-10 deg",demo_00,0.05612440058000259,True,7.29,True,0.00653559474603401,2.000000000000001,False,0.005934010032487661,0.0452818167413886,0.006254369459620008,0.22358691373509035,0.11914304276776726,-0.75,0.0,0.040264414670177925,0.07245156496022,81.0,94.0,0.11129016384423221,1000.0000000005556,5.689959870992266,7.8,248.5348854839926,1453.7828392343463,0.0,nan
pd,40.0,1.0,esn,82,"demo_00 +0,-7.5 deg",,0.3445751072031032,False,nan,False,nan,0.0,False,1.3899450298911236,190.0404560166397,37.06084116766999,154.722554346161,2.5643641037895524,-0.75,nan,1.022931763895532,0.07245156496022,11.0,94.0,203.28992748328716,4436.5863584011295,60.222350411590206,nan,7723.024298688845,607197601.8880091,0.0,nan
pd,40.0,1.0,replay,82,"demo_00 +0,-7.5 deg",demo_00,0.04213669268390615,True,7.29,True,0.00653559474603401,2.000000000000001,False,0.005934010032487661,0.037567902534002474,0.007326324604763445,0.16963189886445368,0.0851657390379268,-0.75,0.0,0.040233904775701844,0.07245156496022,81.0,94.0,0.08646695628204444,750.0000000004198,4.270945247008695,7.8,186.40116411299454,1218.289394349821,0.0,nan
pd,40.0,1.0,esn,83,"demo_00 +0,-5 deg",,0.2327702323130019,False,nan,False,nan,0.0,False,1.3899460408525979,181.59506116967827,60.662357598900904,151.94986650065835,2.347701265276565,-0.75,nan,3.004149930366015,0.07245156496022,14.0,94.0,229.96502197128203,7321.307436385147,99.13446473167998,nan,21166.129028293297,953413768.2119899,0.0,nan
pd,40.0,1.0,replay,83,"demo_00 +0,-5 deg",demo_00,0.028127181486695085,True,7.29,True,0.00653559474603401,2.000000000000001,False,0.005934010032487661,0.030260678456327444,0.010108667525863332,0.11656052404219201,0.05177574101230625,-0.75,0.0,0.04021202808300211,0.07245156496022,81.0,94.0,0.0627983046099469,500.0000000002842,2.849602730900186,7.8,124.26744274199615,1051.8391666776856,0.0,nan
pd,40.0,1.0,esn,84,"demo_00 +0,-2.5 deg",,0.11794569789906446,False,nan,False,nan,0.0,False,1.3899482199691657,156.05951609415666,143.92006057481066,140.56506281981788,1.7781273114780876,-0.75,nan,0.5720669363205503,0.07245156496022,21.0,94.0,191.89175156771546,1855.199759355326,30.376112140544485,nan,13603.621352221633,576228290.3871273,0.0,nan
pd,40.0,1.0,replay,84,"demo_00 +0,-2.5 deg",demo_00,0.014085068086411119,True,7.29,True,0.00653559474603401,2.000000000000001,False,0.005934010032487661,0.023850362980290314,0.02199510655142374,0.06676679560908973,0.018840617245048052,-0.75,0.0,0.04019888288444792,0.07245156496022,81.0,94.0,0.04256798854983724,250.00000000014848,1.4259375185385508,7.8,101.68618369156046,952.7898137885052,0.0,nan
pd,40.0,1.0,esn,85,"demo_00 +0,+2.5 deg",,0.12013338358918199,False,nan,False,nan,0.0,False,1.389945025439073,181.22723447265986,78.42122575083651,151.84596035737167,1.390501186189022,-0.75,nan,0.3366513636233905,0.07245156496022,11.0,94.0,200.96962708678666,1516.7535404967389,19.129374324516974,nan,8432.480814241922,591918398.3482362,0.0,nan
pd,40.0,1.0,replay,85,"demo_00 +0,+2.5 deg",demo_00,0.014137707844933062,True,7.29,True,0.00653559474603401,2.000000000000001,False,0.005934010032487661,0.02712346075304701,0.011736950271563865,0.06678481704089613,0.03490381605529773,-0.75,0.0,0.04019886341863744,0.07245156496022,81.0,94.0,0.042589086244624284,250.00000000014848,1.4281034523331677,7.8,101.68618368636979,952.6359589844426,0.0,nan
pd,40.0,1.0,esn,86,"demo_00 +0,+5 deg",,0.24295084648755821,False,nan,False,nan,0.0,False,1.389945260254626,179.54145965147686,38.72246783141403,150.7180122541461,1.5675346822584917,-0.75,nan,0.639313649705314,0.07245156496022,15.0,94.0,196.6365681389545,3053.605682023605,29.920660273127275,nan,8002.476511812084,565525784.8475578,0.0,nan
pd,40.0,1.0,replay,86,"demo_00 +0,+5 deg",demo_00,0.02833684150665621,True,7.29,True,0.00653559474603401,2.000000000000001,False,0.005934010032487661,0.03458119198922956,0.007458272295291987,0.11664370352760144,0.06979101978453763,-0.75,0.0,0.04021187354444069,0.07245156496022,81.0,94.0,0.06291352667570531,500.0000000002842,2.858199705159404,7.8,124.26744274199615,1050.6140519963938,0.0,nan
pd,40.0,1.0,esn,87,"demo_00 +0,+7.5 deg",,0.36789019429493286,False,nan,False,nan,0.0,False,1.389945070716475,189.90439879850882,26.814722864360565,154.73008057199036,1.741053522234709,-0.75,nan,0.47497761042477815,0.07245156496022,9.0,94.0,203.47783184593493,4608.235743373204,36.78901942949329,nan,7654.294279720089,603127820.5971841,0.0,nan
pd,40.0,1.0,replay,87,"demo_00 +0,+7.5 deg",demo_00,0.04260504770692887,True,7.29,True,0.00653559474603401,2.000000000000001,False,0.005934010032487661,0.04027287896392526,0.005686577536907861,0.16982714223942444,0.10384753664276115,-0.75,0.0,0.040233389788678735,0.07245156496022,81.0,94.0,0.08675281944040261,750.0000000004198,4.290038242035601,7.8,186.40116411299422,1214.1861843091574,0.0,nan
pd,40.0,1.0,esn,88,"demo_00 +0,+10 deg",,0.4945524014131957,False,nan,False,nan,0.0,False,1.3899450972296574,200.14649597408214,20.94496557657178,158.98408025768455,1.7419519634360916,-0.75,nan,0.35558453730741807,0.07245156496022,1.0,94.0,211.11374213764591,6179.616161267011,49.455240141319564,nan,10294.598630598486,649226898.6211628,0.0,nan
pd,40.0,1.0,replay,88,"demo_00 +0,+10 deg",demo_00,0.056948588031930245,True,7.29,True,0.00653559474603401,2.000000000000001,False,0.005934010032487661,0.04558354510625175,0.004770234814563948,0.22394398335173005,0.13787229828113745,-0.75,0.0,0.040263215353086315,0.07245156496022,81.0,94.0,0.1118256600536984,1000.0000000005556,5.723280901159846,7.8,248.5348854839923,1444.1582214231432,0.0,nan
pd,40.0,1.0,esn,89,"demo_00 +0,+12.5 deg",,0.6224362544308135,False,nan,False,nan,0.0,False,1.3899450945828211,200.29092134541392,16.63488195806059,159.04543478652624,2.0866980210844157,-0.75,nan,0.6075776306107578,0.07245156496022,3.0,94.0,211.39371357984666,7766.604770367053,62.243625443081356,nan,12977.809863394847,652613362.5783626,0.0,nan
pd,40.0,1.0,replay,89,"demo_00 +0,+12.5 deg",demo_00,0.07137209249938231,True,7.29,True,0.00653559474603401,2.000000000000001,False,0.005934010032487661,0.05198786342388847,0.004317779185891003,0.27840787970598857,0.17198715963102415,-0.75,0.0,0.04030110610368275,0.07245156496022,81.0,94.0,0.13738988338599567,1250.0000000007042,7.157492240583357,7.8,310.66860685499097,1741.8445426905987,0.0,nan
pd,40.0,1.0,esn,90,"demo_00 +0,+15 deg",,0.7509185125928503,False,nan,False,nan,0.0,False,1.3899450927092334,200.39619726334146,13.791613367398831,159.08828529008923,2.2963840057354767,-0.75,nan,0.9215694004095029,0.07245156496022,3.0,94.0,211.67997722526854,9367.950930847348,75.09185125928502,nan,15703.059609632333,656486558.9408994,0.0,nan
pd,40.0,1.0,replay,90,"demo_00 +0,+15 deg",demo_00,0.08587831915443056,True,7.29,True,0.00653559474603401,2.000000000000001,False,0.005934010032487661,0.05922100038870422,0.004075691813244769,0.33300256186136484,0.20609858334871872,-0.75,0.0,0.04034677588743116,0.07245156496022,81.0,94.0,0.1631400921594273,1500.0000000008397,8.592130867084459,7.8,372.8023282259891,2109.055138113088,0.0,nan
pd,40.0,1.0,esn,91,"demo_00 +2.5,-15 deg",,0.6645400360231847,False,nan,False,nan,0.0,False,1.3899425821347227,183.99920837252859,18.49619501003464,152.11923594626398,2.3228191634906414,-0.75,nan,3.067881992226049,0.07245156496022,19.0,94.0,223.89594546071118,8444.612675730483,104.08291203575357,nan,21163.516208206365,907067372.2349306,0.0,nan
pd,40.0,1.0,replay,91,"demo_00 +2.5,-15 deg",demo_00,0.08392463238745484,True,7.29,True,0.00653559474603401,2.000000000000001,False,0.005934010032487661,0.057760850343635636,0.00580630732790054,0.3326919279269145,0.16671922980980355,-0.75,0.0,0.040356913225329694,0.07245156496022,81.0,94.0,0.15776562935606525,1500.0000000008336,8.392463238745485,7.8,433.69562885141295,3406.144298215718,0.0,nan
pd,40.0,1.0,esn,92,"demo_00 +2.5,-12.5 deg",,0.5624526699426736,False,nan,False,nan,0.0,False,1.3899459362674682,181.99665953758395,22.98975258194489,152.03852596782352,2.3702773240554444,-0.75,nan,3.0211339999462163,0.07245156496022,16.0,94.0,230.27211950305087,7280.404806002976,102.63751731925687,nan,21208.300890698614,959282653.7447977,0.0,nan
pd,40.0,1.0,replay,92,"demo_00 +2.5,-12.5 deg",demo_00,0.06995011228707923,True,7.29,True,0.00653559474603401,2.000000000000001,False,0.005934010032487661,0.05018507670499517,0.006339360841485703,0.27947890747541726,0.13200371923441936,-0.75,0.0,0.040305407211833746,0.07245156496022,81.0,94.0,0.13315663518586612,1250.0000000006978,6.995011228707923,7.8,433.69562885141295,3103.1425152248307,0.0,nan
pd,40.0,1.0,esn,93,"demo_00 +2.5,-10 deg",,0.4571552416632294,False,nan,False,nan,0.0,False,1.389945461474959,186.23998650003642,31.398654101187574,153.296231133416,2.3500087863631873,-0.75,nan,3.0833396647764304,0.07245156496022,15.0,94.0,231.3620747807259,6976.61616206173,105.61206317158741,nan,21239.657959447966,970842889.2188127,0.0,nan
pd,40.0,1.0,replay,93,"demo_00 +2.5,-10 deg",demo_00,0.05617968241292636,True,7.29,True,0.00653559474603401,2.000000000000001,False,0.005934010032487661,0.042507429052099234,0.007166431262264802,0.22675102659780474,0.09710256476199383,-0.75,0.0,0.0402637700794778,0.07245156496022,81.0,94.0,0.10883952649627857,1000.0000000005556,5.617968241292635,7.8,433.69562885141295,2857.842937463489,0.0,nan
pd,40.0,1.0,esn,94,"demo_00 +2.5,-7.5 deg",,0.34872247788879657,False,nan,False,nan,0.0,False,1.3899459107450067,182.4335675522202,47.553680747506355,152.18751499961863,2.302934041332155,-0.75,nan,3.043525641316905,0.07245156496022,17.0,94.0,231.28193629276777,7277.328393154051,101.83826199653777,nan,21237.785322978245,969969536.9277927,0.0,nan
pd,40.0,1.0,replay,94,"demo_00 +2.5,-7.5 deg",demo_00,0.04280426794258055,True,7.29,True,0.00653559474603401,2.000000000000001,False,0.005934010032487661,0.03465595878146405,0.009033526132304286,0.1750739552949211,0.062222027649275674,-0.75,0.0,0.04023211372438288,0.07245156496022,81.0,94.0,0.0852638350660091,750.0000000004198,4.280426794258054,7.8,433.69562885141295,2668.0752644630807,0.0,nan
pd,40.0,1.0,esn,95,"demo_00 +2.5,-5 deg",,0.23730750594505742,False,nan,False,nan,0.0,False,1.3899461811185259,180.26364989683984,105.17462844889413,151.55358630196216,2.3762833218595314,-0.75,nan,2.951892303762268,0.07245156496022,11.0,94.0,228.4685049853732,7304.163249426278,104.72679413739424,nan,20997.55056505733,931988387.0347337,0.0,nan
pd,40.0,1.0,replay,95,"demo_00 +2.5,-5 deg",demo_00,0.030360431890367853,True,7.29,True,0.00653559474603401,2.000000000000001,False,0.005934010032487661,0.027542366344705988,0.016069563378781675,0.12588923882360573,0.027632924284163977,-0.75,0.0,0.04021049268016231,0.07245156496022,81.0,94.0,0.06347422422057443,500.0000000002842,3.0360431890367856,7.8,433.69562885141295,2532.08533316927,0.0,nan
pd,40.0,1.0,esn,96,"demo_00 +2.5,-2.5 deg",,0.12340520496359199,False,nan,False,nan,0.0,False,1.3899451376345722,178.69326915917063,629.4003898734738,150.81333947588186,1.7475439545955072,-0.75,nan,0.52835632898923,0.07245156496022,13.0,94.0,199.28748720624156,1737.4860397333255,28.429250934697077,nan,8282.13619800907,583046624.2641447,0.0,nan
pd,40.0,1.0,replay,96,"demo_00 +2.5,-2.5 deg",demo_00,0.02065260689388009,True,7.29,True,0.00653559474603401,2.000000000000001,False,0.005934010032487661,0.02229342916472344,0.07852278417602335,0.08386479356686499,0.007738563916134683,-0.75,0.0,0.04019890204081835,0.07245156496022,81.0,94.0,0.046287116198704806,250.00000000014848,2.0652606893880088,7.8,433.69562885141295,2448.561603441944,0.0,nan
pd,40.0,1.0,esn,97,"demo_00 +2.5,+0 deg",,0.02068482575577689,False,nan,False,nan,0.0,False,1.3899456059587327,172.38264893812186,77.93481478467655,148.61833146842864,1.4215621209032685,-0.75,nan,0.2893104596008125,0.07245156496022,7.0,94.0,195.52460088753048,1039.675347373913,22.023690445093226,nan,8706.216601299418,562081948.1108199,0.0,nan
pd,40.0,1.0,replay,97,"demo_00 +2.5,+0 deg",demo_00,0.01869038940143078,True,7.29,True,0.00653559474603401,2.000000000000001,False,0.005934010032487661,0.024887907009861286,0.011251912156704588,0.06498211529395766,0.037326215473269066,-0.75,0.0,0.04019727644181898,0.07245156496022,81.0,94.0,0.040278616696591205,250.0000000001389,1.8690389401430778,7.8,433.69562885141295,2416.6614980194613,0.0,nan
pd,40.0,1.0,esn,98,"demo_00 +2.5,+2.5 deg",,0.11790039141487053,False,nan,False,nan,0.0,False,1.3899450128568114,181.87460829951598,51.44190754169398,152.02187111258664,1.4606371140022405,-0.75,nan,0.43729134139838394,0.07245156496022,12.0,94.0,201.5541412344663,1731.7650089155343,21.596487862038433,nan,8432.619842786204,595778897.0570412,0.0,nan
pd,40.0,1.0,replay,98,"demo_00 +2.5,+2.5 deg",demo_00,0.02634297323917317,True,7.29,True,0.00653559474603401,2.000000000000001,False,0.005934010032487661,0.030718501043713896,0.008688504158358458,0.08615696886035959,0.06020083781240649,-0.75,0.0,0.04020549003565787,0.07245156496022,81.0,94.0,0.04973069797035265,250.00000000014848,2.634297323917317,7.8,433.69562885141295,2436.0367186640206,0.0,nan
pd,40.0,1.0,esn,99,"demo_00 +2.5,+5 deg",,0.239741654065894,False,nan,False,nan,0.0,False,1.3899450863458724,183.1871782038751,32.76951864561863,152.02411845944437,1.8109148430559494,-0.75,nan,0.7256472222445456,0.07245156496022,13.0,94.0,197.05311002800084,3265.3342333997016,38.50770865203276,nan,7517.98100075442,563899927.4202869,0.0,nan
pd,40.0,1.0,replay,99,"demo_00 +2.5,+5 deg",demo_00,0.038276035420234014,True,7.29,True,0.00653559474603401,2.000000000000001,False,0.005934010032487661,0.035629127495574515,0.006373532084728922,0.12896530378908744,0.08922641072168001,-0.75,0.0,0.040223357342683175,0.07245156496022,81.0,94.0,0.06849993588091724,500.0000000002842,3.827603542023401,7.8,433.69562885141295,2506.856408965854,0.0,nan
pd,40.0,1.0,esn,100,"demo_00 +2.5,+7.5 deg",,0.3643277803452481,False,nan,False,nan,0.0,False,1.3899451015084523,199.99123499151818,25.32723327106454,158.90915689209345,1.4613574814732375,-0.75,nan,0.27491035414724807,0.07245156496022,2.0,94.0,210.8298007077106,4816.726078388596,36.432778034524816,nan,7984.594002115493,646289306.2147858,0.0,nan
pd,40.0,1.0,replay,100,"demo_00 +2.5,+7.5 deg",demo_00,0.05165261986943712,True,7.29,True,0.00653559474603401,2.000000000000001,False,0.005934010032487661,0.04121791700378959,0.005219907757190613,0.17843425521355605,0.12085930655967728,-0.75,0.0,0.040250634817683435,0.07245156496022,81.0,94.0,0.09094097798773466,750.0000000004198,5.165261986943713,7.8,433.69562885141295,2629.8267656972303,0.0,nan
pd,40.0,1.0,esn,101,"demo_00 +2.5,+10 deg",,0.49080867944681383,False,nan,False,nan,0.0,False,1.3899450958299917,200.22513162800547,19.680179668820653,159.01563430832672,1.871602205171387,-0.75,nan,0.40035234555061117,0.07245156496022,1.0,94.0,211.18527689796076,6384.9194789806415,49.08086794468139,nan,10026.90621116817,649909003.0436873,0.0,nan
pd,40.0,1.0,replay,101,"demo_00 +2.5,+10 deg",demo_00,0.06563993443334402,True,7.29,True,0.00653559474603401,2.000000000000001,False,0.005934010032487661,0.04763261875572299,0.004681822344612949,0.23026981765468071,0.1534547144733868,-0.75,0.0,0.040287022952139415,0.07245156496022,81.0,94.0,0.11485394353070642,1000.0000000005556,6.563993443334402,7.8,433.69562885141295,2806.2054277314032,0.0,nan
pd,40.0,1.0,esn,102,"demo_00 +2.5,+12.5 deg",,0.6185964295464551,False,nan,False,nan,0.0,False,1.3899450935819748,200.3506703825786,15.981225926132483,159.06884564913167,2.1557370529676594,-0.75,nan,0.7126006130198467,0.07245156496022,3.0,94.0,211.47105729386686,7968.777580107164,61.859642954645516,nan,12721.712231021926,653427912.9095018,0.0,nan
pd,40.0,1.0,replay,102,"demo_00 +2.5,+12.5 deg",demo_00,0.07995580843622994,True,7.29,True,0.00653559474603401,2.000000000000001,False,0.005934010032487661,0.05452617894071662,0.004349349981591532,0.2831288569257576,0.1864630370508947,-0.75,0.0,0.040332168734983104,0.07245156496022,81.0,94.0,0.13940651226304207,1250.0000000007042,7.995580843622995,7.8,433.69562885141295,3037.8087136534423,0.0,nan
pd,40.0,1.0,esn,103,"demo_00 +2.5,+15 deg",,0.7470409292279506,False,nan,False,nan,0.0,False,1.3899450919877594,200.44063110940692,13.412732741501078,159.1044465976584,2.342608620881456,-0.75,nan,0.9458277447279577,0.07245156496022,3.0,94.0,211.76074424784022,9567.054051278688,74.70409292279506,nan,15458.479967274578,657380862.0991055,0.0,nan
pd,40.0,1.0,replay,103,"demo_00 +2.5,+15 deg",demo_00,0.09448254131494681,True,7.29,True,0.00653559474603401,2.000000000000001,False,0.005934010032487661,0.061642835820353674,0.004124906600575109,0.3364809490678466,0.2193203196306808,-0.75,0.0,0.040385668323804885,0.07245156496022,81.0,94.0,0.16423112545923754,1500.0000000008397,9.44825413149468,7.8,433.69562885141295,3327.009562691522,0.0,nan
pd,40.0,1.0,esn,104,"demo_00 +5,-15 deg",,0.6700947716056882,False,nan,False,nan,0.0,False,1.3899449895684701,188.9718773922199,22.19619432310168,153.9957620389377,2.358427240399014,-0.75,nan,1.2218448256291645,0.07245156496022,14.0,94.0,202.42656847331813,8653.296281930567,67.0094771605688,nan,15011.587090509554,608035735.7573371,0.0,nan
pd,40.0,1.0,replay,104,"demo_00 +5,-15 deg",demo_00,0.08769055260283051,True,7.29,True,0.00653559474603401,2.000000000000001,False,0.005934010032487661,0.05382489746673873,0.006322146448876541,0.3418593074258159,0.14477487542419568,-0.75,0.0,0.040366233832070476,0.07245156496022,81.0,94.0,0.15741622940724664,1500.0000000008336,8.769055260283052,7.8,867.3912577028259,7788.224506766787,0.0,nan
pd,40.0,1.0,esn,105,"demo_00 +5,-12.5 deg",,0.5681685451899378,False,nan,False,nan,0.0,False,1.3899453606469725,180.19878177078883,27.55766202877145,150.55315327521816,1.666202587294543,-0.75,nan,0.9115021964649136,0.07245156496022,16.0,94.0,194.43017794947505,7326.05475146014,56.81685451899377,nan,12709.111689730498,551028378.4090635,0.0,nan
pd,40.0,1.0,replay,105,"demo_00 +5,-12.5 deg",demo_00,0.07449363116597853,True,7.29,True,0.00653559474603401,2.000000000000001,False,0.005934010032487661,0.04585322621011189,0.007012298853575855,0.2910696580169555,0.11016667177745242,-0.75,0.0,0.04030880603881288,0.07245156496022,81.0,94.0,0.1338048094450466,1250.0000000006978,7.449363116597853,7.8,867.3912577028259,7547.26403329217,0.0,nan
pd,40.0,1.0,esn,106,"demo_00 +5,-10 deg",,0.4631595514467189,False,nan,False,nan,0.0,False,1.3899458806385054,181.77970038259284,41.318637268359964,151.9559125960582,2.379712195484177,-0.75,nan,3.033230796982717,0.07245156496022,16.0,94.0,229.73348982362594,7287.805777811971,102.1746584044328,nan,21186.791432435315,953607653.9374262,0.0,nan
pd,40.0,1.0,replay,106,"demo_00 +5,-10 deg",demo_00,0.06200929887756683,True,7.29,True,0.00653559474603401,2.000000000000001,False,0.005934010032487661,0.038249339538465425,0.008694098311406015,0.24177538214571856,0.07620598488983654,-0.75,0.0,0.04026385349951348,0.07245156496022,81.0,94.0,0.11098493421910183,1000.0000000005556,6.200929887756683,7.8,867.3912577028259,7345.908005037123,0.0,nan
pd,40.0,1.0,esn,107,"demo_00 +5,-7.5 deg",,0.3552079256702482,False,nan,False,nan,0.0,False,1.3899460548961846,180.90934994820222,75.47878357157023,151.70867329676574,2.1950049824441713,-0.75,nan,2.9533872050542924,0.07245156496022,15.0,94.0,228.7905857636749,7168.356171528488,97.6662054977054,nan,21095.001106923606,940160091.9750687,0.0,nan
pd,40.0,1.0,replay,107,"demo_00 +5,-7.5 deg",demo_00,0.050763923362001306,True,7.29,True,0.00653559474603401,2.000000000000001,False,0.005934010032487661,0.031148300309473655,0.012995656765966946,0.19520252865018725,0.04227064841812219,-0.75,0.0,0.0402313503540783,0.07245156496022,81.0,94.0,0.08970735607433392,750.0000000004198,5.07639233620013,7.8,867.3912577028259,7182.296205144464,0.0,nan
pd,40.0,1.0,esn,108,"demo_00 +5,-5 deg",,0.24468226505451657,False,nan,False,nan,0.0,False,1.3899496532861917,174.4345128758576,350.688102645297,148.6772147568137,2.327343059990533,-0.75,nan,2.953577076449489,0.07245156496022,15.0,94.0,219.0059885197301,7281.262120080847,104.71810360697167,nan,21179.37909988687,870875968.0186279,0.0,nan
pd,40.0,1.0,replay,108,"demo_00 +5,-5 deg",demo_00,0.04178034254116887,True,7.29,True,0.00653559474603401,2.000000000000001,False,0.005934010032487661,0.024746293802643572,0.0497506524258093,0.1539277912443599,0.009456192278008757,-0.75,0.0,0.04021121018040861,0.07245156496022,81.0,94.0,0.07149751730920309,500.0000000002842,4.178034254116887,7.8,867.3912577028259,7054.997603456064,0.0,nan
pd,40.0,1.0,esn,109,"demo_00 +5,-2.5 deg",,0.13306755959979674,False,nan,False,nan,0.0,False,1.3899451372191027,178.38792915608843,112.50604856586774,150.75114002262097,1.7063316424531536,-0.75,nan,0.4771637543683982,0.07245156496022,8.0,94.0,199.351123435022,1812.2929049883355,29.299977003906022,nan,8110.040410971512,583112200.3794026,0.0,nan
pd,40.0,1.0,replay,109,"demo_00 +5,-2.5 deg",demo_00,0.0367810963202739,True,7.29,True,0.00653559474603401,2.000000000000001,False,0.005934010032487661,0.02390880073109938,0.01507884927489173,0.12345757029740152,0.024477506752462894,-0.75,0.0,0.04020328339052035,0.07245156496022,81.0,94.0,0.05935506339692121,500.0000000002778,3.6781096320273896,7.8,867.3912577028259,6963.041972987826,0.0,nan
pd,40.0,1.0,esn,110,"demo_00 +5,+0 deg",,0.0419256203525466,False,nan,False,nan,0.0,False,1.3899455156811926,174.13136937230692,47.214066623344,149.1340997141715,1.555530485919526,-0.75,nan,0.4572636873481094,0.07245156496022,9.0,94.0,196.67666546238803,1480.6373580560733,25.515931882156494,nan,8643.296414093318,569024519.8908066,0.0,nan
pd,40.0,1.0,replay,110,"demo_00 +5,+0 deg",demo_00,0.03743654777395946,True,7.29,True,0.00653559474603401,2.000000000000001,False,0.005934010032487661,0.030398772250136687,0.008242338318819138,0.11294372288197242,0.05923358315390428,-0.75,0.0,0.04020735524966024,0.07245156496022,81.0,94.0,0.05732063645595504,500.0000000002778,3.7436547773959465,7.8,867.3912577028259,6905.95271010996,0.0,nan
pd,40.0,1.0,esn,111,"demo_00 +5,+2.5 deg",,0.11837326654806153,False,nan,False,nan,0.0,False,1.3899450027726459,182.7639295286787,32.69380562088853,152.26829481586694,1.569871025524309,-0.75,nan,0.4852116402375691,0.07245156496022,12.0,94.0,201.9579592732819,1943.7916955077112,24.90380416000594,nan,8361.439203351929,598216337.1913545,0.0,nan
pd,40.0,1.0,replay,111,"demo_00 +5,+2.5 deg",demo_00,0.04353290008461104,True,7.29,True,0.00653559474603401,2.000000000000001,False,0.005934010032487661,0.03507961741367731,0.006275232732933426,0.12742302184231502,0.09293732017957512,-0.75,0.0,0.040223144470590506,0.07245156496022,81.0,94.0,0.06631465512036461,500.0000000002778,4.353290008461104,7.8,867.3912577028259,6883.779978884234,0.0,nan
pd,40.0,1.0,esn,112,"demo_00 +5,+5 deg",,0.23729394775103477,False,nan,False,nan,0.0,False,1.3899461558196182,186.45490323686795,26.36870529285419,153.67291035762324,2.1694278167318046,-0.75,nan,2.9918346391962114,0.07245156496022,12.0,94.0,233.7476888873126,6915.613410600907,101.0046259882923,nan,21300.690878669247,984920229.5760446,0.0,nan
pd,40.0,1.0,replay,112,"demo_00 +5,+5 deg",demo_00,0.053272299854407075,True,7.29,True,0.00653559474603401,2.000000000000001,False,0.005934010032487661,0.03865742289690257,0.005466985174719186,0.1602292878264536,0.11840443716586918,-0.75,0.0,0.04025030229629126,0.07245156496022,81.0,94.0,0.08276425627526798,500.0000000002842,5.327229985440707,7.8,867.3912577028259,6897.133017792822,0.0,nan
pd,40.0,1.0,esn,113,"demo_00 +5,+7.5 deg",,0.36088954406130835,False,nan,False,nan,0.0,False,1.3899450984128758,200.11605271560342,22.200882741832714,158.96361234411688,1.6056315734265978,-0.75,nan,0.34766073922006324,0.07245156496022,2.0,94.0,210.96072044525408,5022.234631608258,36.08895440613083,nan,8088.064171454804,647352022.2039671,0.0,nan
pd,40.0,1.0,replay,113,"demo_00 +5,+7.5 deg",demo_00,0.06507421603427815,True,7.29,True,0.00653559474603401,2.000000000000001,False,0.005934010032487661,0.0446593510102791,0.004954510153738643,0.20260548812492343,0.14529662439833216,-0.75,0.0,0.04028841196749836,0.07245156496022,81.0,94.0,0.10308664026163022,750.0000000004198,6.507421603427816,7.8,867.3912577028259,6947.210132124194,0.0,nan
pd,40.0,1.0,esn,114,"demo_00 +5,+10 deg",,0.48687545080357864,False,nan,False,nan,0.0,False,1.389945094694278,200.2946173787924,17.91489519945164,159.04287711108933,1.9758326093142697,-0.75,nan,0.47498322999888853,0.07245156496022,2.0,94.0,211.26139998261706,6587.212857284855,48.687545080357864,nan,9739.786797504783,650682270.0781667,0.0,nan
pd,40.0,1.0,replay,114,"demo_00 +5,+10 deg",demo_00,0.07803937385526033,True,7.29,True,0.00653559474603401,2.000000000000001,False,0.005934010032487661,0.05103906126471787,0.004565072419827425,0.2496754336678234,0.17429161346317143,-0.75,0.0,0.04033698848112693,0.07245156496022,81.0,94.0,0.12532559655252914,1000.0000000005556,7.803937385526032,7.8,867.3912577028259,7035.8245581658175,0.0,nan
pd,40.0,1.0,esn,115,"demo_00 +5,+12.5 deg",,0.6143807148249357,False,nan,False,nan,0.0,False,1.3899450926793602,200.40332204448862,14.885585063542367,159.08837444846395,2.2193763087674885,-0.75,nan,0.7704166079293904,0.07245156496022,3.0,94.0,211.54713623042375,8167.891344275972,61.43807148249358,nan,12446.067532001987,654244068.7719581,0.0,nan
pd,40.0,1.0,replay,115,"demo_00 +5,+12.5 deg",demo_00,0.09170164575669788,True,7.29,True,0.00653559474603401,2.000000000000001,False,0.005934010032487661,0.058300020255969406,0.004330416790864482,0.29917783369671236,0.2044537695868019,-0.75,0.0,0.040395478584737285,0.07245156496022,81.0,94.0,0.1485300501337598,1250.0000000007042,9.170164575669787,7.8,867.3912577028259,7165.424043881588,0.0,nan
pd,40.0,1.0,esn,116,"demo_00 +5,+15 deg",,0.7426646330369624,False,nan,False,nan,0.0,False,1.3899450913189315,200.48487995987273,12.730284588543244,159.12114122819438,2.382647119802997,-0.75,nan,0.9991976100930227,0.07245156496022,3.0,94.0,211.84955733787322,9763.027558398388,74.26646330369624,nan,15194.209189957703,658373811.8486005,0.0,nan
pd,40.0,1.0,replay,116,"demo_00 +5,+15 deg",demo_00,0.10581179746614539,True,7.29,True,0.00653559474603401,2.000000000000001,False,0.005934010032487661,0.06546869568045809,0.004157097172713354,0.35002696791363885,0.23528853643134554,-0.75,0.0,0.04046326102155168,0.07245156496022,81.0,94.0,0.1722150826783101,1500.0000000008397,10.581179746614538,7.8,867.3912577028259,7339.101671585801,0.0,nan
pd,40.0,1.0,esn,117,"demo_00 +7.5,-15 deg",,0.6776280285671177,False,nan,False,nan,0.0,False,1.3899448279154505,196.99205739775894,28.143510802553614,157.86838422882795,2.3297813987379543,-0.75,nan,2.965381240999864,0.07245156496022,7.0,94.0,236.931552444289,8890.989948539564,97.11967258321069,nan,21176.908323536005,990919417.5871499,0.0,nan
pd,40.0,1.0,replay,117,"demo_00 +7.5,-15 deg",demo_00,0.0949144285783171,True,7.29,True,0.00653559474603401,2.000000000000001,False,0.005934010032487661,0.04941884534518616,0.0070602836794261305,0.3585252385448882,0.1199839651100773,-0.75,0.0,0.04037026727664786,0.07245156496022,81.0,94.0,0.15984049712329712,1500.0000000008336,9.491442857831709,7.8,1301.0868865542384,15291.003486742975,0.0,nan
pd,40.0,1.0,esn,118,"demo_00 +7.5,-12.5 deg",,0.5759136448015802,False,nan,False,nan,0.0,False,1.3899432441559516,182.90837155071387,36.670041527149934,151.69507016047365,2.3517618082481526,-0.75,nan,3.052593560731053,0.07245156496022,18.0,94.0,226.18258411038525,7558.5640665486435,104.217935257093,nan,21110.45138017142,926654540.126023,0.0,nan
pd,40.0,1.0,replay,118,"demo_00 +7.5,-12.5 deg",demo_00,0.08297270059888125,True,7.29,True,0.00653559474603401,2.000000000000001,False,0.005934010032487661,0.041500854977474494,0.00832022100756753,0.3111205641471791,0.08510621268916044,-0.75,0.0,0.0403076496407142,0.07245156496022,81.0,94.0,0.137617135301393,1250.0000000006978,8.297270059888124,7.8,1301.0868865542384,15095.653890226717,0.0,nan
pd,40.0,1.0,esn,119,"demo_00 +7.5,-10 deg",,0.471306387272393,False,nan,False,nan,0.0,False,1.3899458054626346,182.25568136787564,59.84549450087257,152.03493740919868,2.3158685056459887,-0.75,nan,2.936882258718508,0.07245156496022,13.0,94.0,229.44601087500436,6923.508254131689,103.64877455737566,nan,21170.297844367877,950684587.065708,0.0,nan
pd,40.0,1.0,replay,119,"demo_00 +7.5,-10 deg",demo_00,0.07224417517937344,True,7.29,True,0.00653559474603401,2.000000000000001,False,0.005934010032487661,0.03362416802418511,0.01104083531160892,0.2664197623783854,0.05020254760433478,-0.75,0.0,0.04026115346757928,0.07245156496022,81.0,94.0,0.11696302440346568,1000.0000000005556,7.2244175179373435,7.8,1301.0868865542384,14919.659035009014,0.0,nan
pd,40.0,1.0,esn,120,"demo_00 +7.5,-7.5 deg",,0.3640537932351333,True,0.21,True,1.2165525060596438,2.0,False,1.3899460231327359,31.683087154823536,32.91656619431622,151.66504060143978,0.7689494745482166,-0.75,-7.08,2.662815965010517,0.07245156496022,1.0,94.0,228.56772273994983,7289.988759357738,103.1530887521595,nan,21086.390324874115,937814900.1744518,0.0,nan
pd,40.0,1.0,replay,120,"demo_00 +7.5,-7.5 deg",demo_00,0.06334880350914333,True,7.29,True,0.00653559474603401,2.000000000000001,False,0.005934010032487661,0.0261803473113217,0.02719959488329442,0.22608567783163064,0.015389184215540858,-0.75,0.0,0.040230578168212267,0.07245156496022,81.0,94.0,0.09894846410952865,750.0000000004198,6.334880350914333,7.8,1301.0868865542384,14761.462136413671,0.0,nan
pd,40.0,1.0,esn,121,"demo_00 +7.5,-5 deg",,0.25484552724611365,False,nan,False,nan,0.0,False,1.3899446841892558,173.63035421894918,193.23574253931358,148.4997008120218,2.3455006316121376,-0.75,nan,3.0170792694628545,0.07245156496022,14.0,94.0,223.32287065497871,7265.231703399779,98.69585161292362,nan,21055.696102364254,908799847.4080716,0.0,nan
pd,40.0,1.0,replay,121,"demo_00 +7.5,-5 deg",demo_00,0.057157782556303625,True,7.29,True,0.00653559474603401,2.000000000000001,False,0.005934010032487661,0.024080216316282457,0.026799222413129833,0.19291746966898554,0.017769366472611056,-0.75,0.0,0.0402156496003271,0.07245156496022,81.0,94.0,0.08531868472542006,750.0000000004168,5.715778255630363,7.8,1301.0868865542384,14619.959214958842,0.0,nan
pd,40.0,1.0,esn,122,"demo_00 +7.5,-2.5 deg",,0.146430313277928,False,nan,False,nan,0.0,False,1.3899451571956611,178.15034871315726,64.09070591731633,150.62574616491108,1.6045321161104549,-0.75,nan,0.4471877355494647,0.07245156496022,9.0,94.0,199.46498917479084,2021.2860861992567,26.505994452477086,nan,8332.591915693265,584500195.4544085,0.0,nan
pd,40.0,1.0,replay,122,"demo_00 +7.5,-2.5 deg",demo_00,0.0546159801907657,True,7.29,True,0.00653559474603401,2.000000000000001,False,0.005934010032487661,0.028368251286391467,0.010205656422890669,0.17115318844754707,0.04844207958889112,-0.75,0.0,0.04021601689382471,0.07245156496022,81.0,94.0,0.0784112477615363,750.0000000004168,5.46159801907657,7.8,1301.0868865542384,14494.53752993554,0.0,nan
pd,40.0,1.0,esn,123,"demo_00 +7.5,+0 deg",,0.06390243235155622,False,nan,False,nan,0.0,False,1.3899482669872067,154.39462210391326,31.36152604128851,138.850168472393,2.0439265193302965,-0.75,nan,0.8657333682984087,0.07245156496022,24.0,94.0,178.78631775555615,2785.0819246866686,42.31532689143792,nan,9312.06483066064,483532446.86111844,0.0,nan
pd,40.0,1.0,replay,123,"demo_00 +7.5,+0 deg",demo_00,0.056243921831371335,True,7.29,True,0.00653559474603401,2.000000000000001,False,0.005934010032487661,0.03355876360166683,0.006816649597411358,0.16535219925824654,0.07999982004599673,-0.75,0.0,0.040231249489452295,0.07245156496022,81.0,94.0,0.07995900472626018,750.0000000004168,5.624392183137133,7.8,1301.0868865542384,14385.116747445942,0.0,nan
pd,40.0,1.0,esn,124,"demo_00 +7.5,+2.5 deg",,0.12190091218921413,False,nan,False,nan,0.0,False,1.389944997766647,183.64250932522003,25.81755526081196,152.48090572135624,1.5364233242653909,-0.75,nan,0.569124663726191,0.07245156496022,11.0,94.0,201.86163797284772,2152.8108056527203,28.045939622146268,nan,8583.266402192308,597872872.9032017,0.0,nan
pd,40.0,1.0,replay,124,"demo_00 +7.5,+2.5 deg",demo_00,0.06173882633497533,True,7.29,True,0.00653559474603401,2.000000000000001,False,0.005934010032487661,0.038997390096926356,0.005482484842721373,0.17705913197264395,0.11257013672815284,-0.75,0.0,0.04026083437986156,0.07245156496022,81.0,94.0,0.08945988891346188,750.0000000004168,6.1738826334975325,7.8,1301.0868865542384,14292.191931529152,0.0,nan
pd,40.0,1.0,esn,125,"demo_00 +7.5,+5 deg",,0.2358275030699187,False,nan,False,nan,0.0,False,1.3899460136897384,187.56168798964487,20.808101026438255,153.92664818824895,2.369327518021978,-0.75,nan,3.0640111056594246,0.07245156496022,14.0,94.0,231.36614081879372,7240.808975237339,101.3212567104278,nan,21243.68260950295,966061495.9210886,0.0,nan
pd,40.0,1.0,replay,125,"demo_00 +7.5,+5 deg",demo_00,0.07022461384002258,True,7.29,True,0.00653559474603401,2.000000000000001,False,0.005934010032487661,0.044807942302516994,0.004970994877530987,0.20322263301842824,0.14584193345672294,-0.75,0.0,0.04030417352558873,0.07245156496022,81.0,94.0,0.104683464586092,750.0000000004168,7.022461384002258,7.8,1301.0868865542384,14216.8771185963,0.0,nan
pd,40.0,1.0,esn,126,"demo_00 +7.5,+7.5 deg",,0.35770881848711306,False,nan,False,nan,0.0,False,1.3899450964648064,200.21387497566332,18.876345157723634,159.00371914639086,1.7407406567077506,-0.75,nan,0.33142617853547807,0.07245156496022,1.0,94.0,211.0583233245942,5224.711831759453,35.770881848711305,nan,8158.318936854933,648234275.0957713,0.0,nan
pd,40.0,1.0,replay,126,"demo_00 +7.5,+7.5 deg",demo_00,0.08078790953848021,True,7.29,True,0.00653559474603401,2.000000000000001,False,0.005934010032487661,0.05096229032593527,0.004804770809902193,0.2390850977526115,0.17450102488327288,-0.75,0.0,0.0403605814304324,0.07245156496022,81.0,94.0,0.12342872566926087,750.0000000004198,8.07879095384802,7.8,1301.0868865542384,14160.947856899487,0.0,nan
pd,40.0,1.0,esn,127,"demo_00 +7.5,+10 deg",,0.4828448617995611,False,nan,False,nan,0.0,False,1.3899450936617452,200.36010368734236,16.028808294987403,159.0686128524754,2.064079661559033,-0.75,nan,0.5929493059178031,0.07245156496022,3.0,94.0,211.3458904047998,6786.432735750609,48.284486179956104,nan,9433.693654419767,651550007.7954569,0.0,nan
pd,40.0,1.0,replay,127,"demo_00 +7.5,+10 deg",demo_00,0.09274165533295056,True,7.29,True,0.00653559474603401,2.000000000000001,False,0.005934010032487661,0.05744473315408616,0.004595578652326897,0.28089231146774185,0.1998017210383359,-0.75,0.0,0.04042928290502868,0.07245156496022,81.0,94.0,0.14421879439143143,1000.0000000005556,9.274165533295056,7.8,1301.0868865542384,14126.8806730215,0.0,nan
pd,40.0,1.0,esn,128,"demo_00 +7.5,+12.5 deg",,0.6098584506601439,False,nan,False,nan,0.0,False,1.389945092044134,200.45304791900696,13.75096564224528,159.10679685555104,2.2756723104826793,-0.75,nan,0.8329679705411248,0.07245156496022,3.0,94.0,211.6387231565088,8363.868309117825,60.98584506601439,nan,12151.301127224222,655234429.9244905,0.0,nan
pd,40.0,1.0,replay,128,"demo_00 +7.5,+12.5 deg",demo_00,0.1056304856953325,True,7.29,True,0.00653559474603401,2.000000000000001,False,0.005934010032487661,0.06446515002937549,0.0044222728084149805,0.32630088222970033,0.22677381360346685,-0.75,0.0,0.040509411125411655,0.07245156496022,81.0,94.0,0.16617324625087443,1250.0000000007042,10.56304856953325,7.8,1301.0868865542384,14117.886983862883,0.0,nan
pd,40.0,1.0,esn,129,"demo_00 +7.5,+15 deg",,0.7378447843591467,False,nan,False,nan,0.0,False,1.3899450903948456,200.52874459295117,11.957224116067522,159.13820094349467,2.3993723488877996,-0.75,nan,1.0715174227180027,0.07245156496022,3.0,94.0,211.93277378555408,9955.779446002283,73.78447843591466,nan,14910.645505443967,659341225.3934894,0.0,nan
pd,40.0,1.0,replay,129,"demo_00 +7.5,+15 deg",demo_00,0.1191617866148687,True,7.29,True,0.00653559474603401,2.000000000000001,False,0.005934010032487661,0.07156891972150359,0.004267545855293527,0.3739341993849516,0.2548442867216327,-0.75,0.0,0.040600006203085036,0.07245156496022,81.0,94.0,0.18876996912593239,1500.0000000008397,11.916178661486871,7.8,1301.0868865542384,14137.93853392273,0.0,nan
pd,40.0,1.0,esn,130,"demo_00 +10,-15 deg",,0.6871858606671887,False,nan,False,nan,0.0,False,1.3899450898618833,201.44275130676206,36.350816263712446,159.47091735833294,1.5465235779724618,-0.75,nan,0.37573336362838167,0.07245156496022,1.0,94.0,210.95418896764824,9138.896944252523,68.71858606671887,nan,15853.99862897463,647770468.5910954,0.0,nan
pd,40.0,1.0,replay,130,"demo_00 +10,-15 deg",demo_00,0.10488982321934112,True,7.29,True,0.00653559474603401,2.000000000000001,False,0.005934010032487661,0.04421053786007824,0.007977895100451103,0.38147534503652447,0.09499767659709164,-0.75,0.0,0.0403647623924929,0.07245156496022,81.0,94.0,0.1644151988127648,1500.0000000008336,10.488982321934113,7.8,1734.7825154056518,25916.877739203836,0.0,nan
pd,40.0,1.0,esn,131,"demo_00 +10,-12.5 deg",,0.585723038258662,False,nan,False,nan,0.0,False,1.3899461553117236,187.55042735892795,53.7414457625305,153.92613759795563,2.3514019218005697,-0.75,nan,2.95221617325773,0.07245156496022,13.0,94.0,231.36921378632877,7801.309526654025,105.12849537448766,nan,21230.44993628366,962000456.3809547,0.0,nan
pd,40.0,1.0,replay,131,"demo_00 +10,-12.5 deg",demo_00,0.09434258841825195,True,7.29,True,0.00653559474603401,2.000000000000001,False,0.005934010032487661,0.035831209275462884,0.01026721728656996,0.33804441380443184,0.06025914668954708,-0.75,0.0,0.040300341798805775,0.07245156496022,81.0,94.0,0.14415769224463743,1250.0000000006978,9.434258841825194,7.8,1734.7825154056518,25749.393902158467,0.0,nan
pd,40.0,1.0,esn,132,"demo_00 +10,-10 deg",,0.48161366315641596,False,nan,False,nan,0.0,False,1.3899455961098308,187.85079076966812,124.51328028686802,154.18618036333203,2.0826224411311713,-0.75,nan,2.9634702783749125,0.07245156496022,11.0,94.0,231.9237150465906,7072.181175336898,98.99922257480617,nan,21132.62092814187,955821416.3131778,0.0,nan
pd,40.0,1.0,replay,132,"demo_00 +10,-10 deg",demo_00,0.08533045799139316,True,7.29,True,0.00653559474603401,2.000000000000001,False,0.005934010032487661,0.02757234691242978,0.018275799346959515,0.2984222350313143,0.026470472397243185,-0.75,0.0,0.040256790641967,0.07245156496022,81.0,94.0,0.12647750654484802,1000.0000000005556,8.533045799139316,7.8,1734.7825154056518,25578.896103444746,0.0,nan
pd,40.0,1.0,esn,133,"demo_00 +10,-7.5 deg",,0.37524244873124457,False,nan,False,nan,0.0,False,1.389945775079524,181.62334437830833,700.2638804017506,151.81334011034323,2.2110371677191614,-0.75,nan,2.896605469605843,0.07245156496022,13.0,94.0,228.62824700372545,7156.432850218496,100.57118397942608,nan,21132.399503994817,941307495.0537034,0.0,nan
pd,40.0,1.0,replay,133,"demo_00 +10,-7.5 deg",demo_00,0.07838656017929899,True,7.29,True,0.00653559474603401,2.000000000000001,False,0.005934010032487661,0.023107304229477748,0.08909212954284984,0.2643476981036078,0.012515533142615038,-0.75,0.0,0.04023367877451578,0.07245156496022,81.0,94.0,0.11261592476113286,1000.0000000005556,7.838656017929898,7.8,1734.7825154056518,25404.130156860312,0.0,nan
pd,40.0,1.0,esn,134,"demo_00 +10,-5 deg",,0.26767592382324656,False,nan,False,nan,0.0,False,1.3899453254331169,179.57848565530767,78.81885648485965,150.80031922178705,2.261976740635078,-0.75,nan,0.744469427703908,0.07245156496022,13.0,94.0,196.88245422673427,3664.7971551198807,49.43991366062335,nan,7977.174046052851,569602146.3883569,0.0,nan
pd,40.0,1.0,replay,134,"demo_00 +10,-5 deg",demo_00,0.07410202459120027,True,7.29,True,0.00653559474603401,2.000000000000001,False,0.005934010032487661,0.027317850047823975,0.01199008720079779,0.2382180447886342,0.03836250192602888,-0.75,0.0,0.04023047668981813,0.07245156496022,81.0,94.0,0.10409834375480315,1000.0000000005556,7.410202459120026,7.8,1734.7825154056518,25224.329178116655,0.0,nan
pd,40.0,1.0,esn,135,"demo_00 +10,-2.5 deg",,0.16289231822379532,False,nan,False,nan,0.0,False,1.3899451798514297,178.27197095520808,41.150249307449705,150.5662487200084,1.6321750417187617,-0.75,nan,0.48350774739034436,0.07245156496022,9.0,94.0,199.53552396776024,2240.618420306486,27.04124054722736,nan,8572.305560790735,585943406.9140545,0.0,nan
pd,40.0,1.0,replay,135,"demo_00 +10,-2.5 deg",demo_00,0.0729593406295593,True,7.29,True,0.00653559474603401,2.000000000000001,False,0.005934010032487661,0.032365623267217564,0.007470907845471871,0.22283057364958941,0.07240450861469995,-0.75,0.0,0.040246552198512475,0.07245156496022,81.0,94.0,0.10222216396629738,1000.0000000005556,7.29593406295593,7.8,1734.7825154056518,25039.260423164767,0.0,nan
pd,40.0,1.0,esn,136,"demo_00 +10,+0 deg",,0.08661973710619444,False,nan,False,nan,0.0,False,1.3899453700155104,177.17161452109926,28.070176625142764,150.31137729915568,2.368721140647621,-0.75,nan,2.961075503733715,0.07245156496022,10.0,94.0,225.9005283674996,7267.950288703095,103.76085813426036,nan,20948.448518179546,914330234.5687361,0.0,nan
pd,40.0,1.0,replay,136,"demo_00 +10,+0 deg",demo_00,0.0751180034329653,True,7.29,True,0.00653559474603401,2.000000000000001,False,0.005934010032487661,0.03903710019652388,0.006184841180184228,0.22041026057655433,0.1058543260919547,-0.75,0.0,0.04028116701558771,0.07245156496022,81.0,94.0,0.10725719172130653,1000.0000000005556,7.511800343296531,7.8,1734.7825154056518,24849.276541491214,0.0,nan
pd,40.0,1.0,esn,137,"demo_00 +10,+2.5 deg",,0.12860768746536405,False,nan,False,nan,0.0,False,1.3899429410764537,177.3645539320167,21.344724161235355,149.81204493857732,2.081515805133012,-0.75,nan,2.9869956696487354,0.07245156496022,15.0,94.0,226.84395715820887,6926.95693120267,100.60424134081953,nan,21074.8162752948,932659351.3828342,0.0,nan
pd,40.0,1.0,replay,137,"demo_00 +10,+2.5 deg",demo_00,0.08032971988105586,True,7.29,True,0.00653559474603401,2.000000000000001,False,0.005934010032487661,0.04598364992437502,0.005533847106444984,0.23131004247409825,0.13870252535074024,-0.75,0.0,0.04033347329779697,0.07245156496022,81.0,94.0,0.11822075109243108,1000.0000000005556,8.032971988105587,7.8,1734.7825154056518,24655.370267609447,0.0,nan
pd,40.0,1.0,esn,138,"demo_00 +10,+5 deg",,0.2355654840547478,False,nan,False,nan,0.0,False,1.389945101207325,200.06752121299803,19.031992645471355,158.92547930842736,1.463890511405866,-0.75,nan,0.22116106150590498,0.07245156496022,2.0,94.0,210.79574540201662,3882.531766465675,24.134879609473582,nan,7979.2071055500155,645606601.0938485,0.0,nan
pd,40.0,1.0,replay,138,"demo_00 +10,+5 deg",demo_00,0.08807100786196226,True,7.29,True,0.00653559474603401,2.000000000000001,False,0.005934010032487661,0.053245960604542716,0.0050651736197993005,0.25375189285444527,0.16915632331885433,-0.75,0.0,0.04040251018021305,0.07245156496022,81.0,94.0,0.13354147838120142,1000.0000000005556,8.807100786196226,7.8,1734.7825154056518,24459.231185475626,0.0,nan
pd,40.0,1.0,esn,139,"demo_00 +10,+7.5 deg",,0.3549290998592138,False,nan,False,nan,0.0,False,1.3899450950314542,200.29895539284198,16.023916431427363,159.0376563072806,1.861518260004801,-0.75,nan,0.3735617676287593,0.07245156496022,1.0,94.0,211.15193874233634,5424.105682371451,35.49290998592137,nan,8216.189243679577,649120562.7873465,0.0,nan
pd,40.0,1.0,replay,139,"demo_00 +10,+7.5 deg",demo_00,0.09775745129915046,True,7.29,True,0.00653559474603401,2.000000000000001,False,0.005934010032487661,0.06010515654447164,0.0048084125235577325,0.2849460320994559,0.1998996243484283,-0.75,0.0,0.040487200403869716,0.07245156496022,81.0,94.0,0.15177563917963582,1000.0000000005556,9.775745129915046,7.8,1734.7825154056518,24263.302743468266,0.0,nan
pd,40.0,1.0,esn,140,"demo_00 +10,+10 deg",,0.4788164920737785,False,nan,False,nan,0.0,False,1.3899450928249868,200.41773451801743,14.171673914773539,159.08989178794627,2.14355246299016,-0.75,nan,0.641350562214648,0.07245156496022,3.0,94.0,211.43391745345718,6982.512601376935,49.6529749420776,nan,9109.10533993088,652446218.384075,0.0,nan
pd,40.0,1.0,replay,140,"demo_00 +10,+10 deg",demo_00,0.10888237230665108,True,7.29,True,0.00653559474603401,2.000000000000001,False,0.005934010032487661,0.06630199510957155,0.004688259034817538,0.3222804295153906,0.22838490988506888,-0.75,0.0,0.04058634720577725,0.07245156496022,80.0,94.0,0.17186153141327906,1000.0000000005556,10.888237230665109,7.8,1734.7825154056518,24070.83717978058,0.0,nan
pd,40.0,1.0,esn,141,"demo_00 +10,+12.5 deg",,0.6051041606646739,False,nan,False,nan,0.0,False,1.389945091088957,200.5024535397839,12.525288974881397,159.12578654771377,2.3060354516077557,-0.75,nan,0.9104421639251514,0.07245156496022,3.0,94.0,211.72373502112782,8556.62734630763,63.29225493346554,nan,11837.862958807016,656163964.227765,0.0,nan
pd,40.0,1.0,replay,141,"demo_00 +10,+12.5 deg",demo_00,0.12105659357211015,True,7.29,True,0.00653559474603401,2.000000000000001,False,0.005934010032487661,0.07289971004655144,0.004554008783423416,0.3637865744295311,0.25224035825029306,-0.75,0.0,0.040698631757027266,0.07245156496022,79.0,94.0,0.19308129322834278,1250.0000000007042,12.105659357211016,7.8,1734.7825154056518,23885.945457916296,0.0,nan
pd,40.0,1.0,esn,142,"demo_00 +10,+15 deg",,0.7326402461324687,False,nan,False,nan,0.0,False,1.389945089861793,200.56615322305026,11.12540845489653,159.1512963929331,2.436411822823535,-0.75,nan,1.0743223575228324,0.07245156496022,3.0,94.0,212.02499113085454,10145.214014987529,75.97298435885278,nan,14608.211189575379,660356245.7043264,0.0,nan
pd,40.0,1.0,replay,142,"demo_00 +10,+15 deg",demo_00,0.1339959064593706,True,7.29,True,0.00653559474603401,2.000000000000001,False,0.005934010032487661,0.07978643776999213,0.004425755268712664,0.4081101775384059,0.2774571283956704,-0.75,0.0,0.040822611578853946,0.07245156496022,77.0,94.0,0.21495688827569476,1500.0000000008397,13.39959064593706,7.8,1734.7825154056518,23713.638741562125,0.0,nan
pd,40.0,1.0,esn,143,"demo_00 +12.5,-15 deg",,0.698798246414593,False,nan,False,nan,0.0,False,1.3899450883446525,201.465622258673,47.30055974626621,159.48618194957217,1.7792051853481474,-0.75,nan,0.3850099417247023,0.07245156496022,0.0,94.0,210.84213440119862,9396.56975708607,69.8798246414593,nan,16301.00491937341,647490813.3818753,0.0,nan
pd,40.0,1.0,replay,143,"demo_00 +12.5,-15 deg",demo_00,0.11692195492655072,True,7.29,True,0.00653559474603401,2.000000000000001,False,0.005934010032487661,0.03846043332837377,0.00902982853412211,0.40967704736057153,0.06979513934927224,-0.75,0.0,0.040350103625757125,0.07245156496022,81.0,94.0,0.1710174785385784,1500.0000000008336,11.692195492655074,7.8,2168.4781442570643,39666.3146264412,0.0,nan
pd,40.0,1.0,esn,144,"demo_00 +12.5,-12.5 deg",,0.5976124686789609,False,nan,False,nan,0.0,False,1.3899450910920619,201.30884567331782,92.32198562544922,159.40643360242035,1.4856823686551306,-0.75,nan,0.31080609746756477,0.07245156496022,1.0,94.0,211.13554439666376,8053.854957268185,59.76124686789609,nan,13971.686761474224,648541736.6979612,0.0,nan
pd,40.0,1.0,replay,144,"demo_00 +12.5,-12.5 deg",demo_00,0.10770367156077747,True,7.29,True,0.00653559474603401,2.000000000000001,False,0.005934010032487661,0.029292648874271136,0.013433863272408777,0.370561271231673,0.03511043564960371,-0.75,0.0,0.04029026041886094,0.07245156496022,81.0,94.0,0.15356101166494382,1250.0000000006978,10.770367156077747,7.8,2168.4781442570643,39507.55305970771,0.0,nan
pd,40.0,1.0,esn,145,"demo_00 +12.5,-10 deg",,0.4940742219277312,False,nan,False,nan,0.0,False,1.3899457719920267,188.59052462553112,nan,154.29655351903395,2.222570179374686,-0.75,nan,2.9326006092542585,0.07245156496022,11.0,94.0,231.3168933745146,7097.316654211095,100.61580787288567,nan,21150.4936645865,955538634.4529884,0.0,nan
pd,40.0,1.0,replay,145,"demo_00 +12.5,-10 deg",demo_00,0.10017461425127255,True,7.29,True,0.00653559474603401,2.000000000000001,False,0.005934010032487661,0.02282091898729048,nan,0.3361415908390048,0.013496056293518702,-0.75,0.0,0.04025719500513027,0.07245156496022,81.0,94.0,0.13982343742891115,1250.0000000006946,10.017461425127255,7.8,2168.4781442570643,39321.32267023812,0.0,nan
pd,40.0,1.0,esn,146,"demo_00 +12.5,-7.5 deg",,0.38872110771212415,False,nan,False,nan,0.0,False,1.3899451375059841,183.03652342957548,101.35558331539764,151.8993474617809,1.5481532959123299,-0.75,nan,0.7890816133563812,0.07245156496022,15.0,94.0,195.44722053155428,5306.963789460704,38.87211077121241,nan,9206.427991842247,556033021.6356134,0.0,nan
pd,40.0,1.0,replay,146,"demo_00 +12.5,-7.5 deg",demo_00,0.0947407771540689,True,7.29,True,0.00653559474603401,2.000000000000001,False,0.005934010032487661,0.025852867547825387,0.014315899480541358,0.30798818805828254,0.03162118032285779,-0.75,0.0,0.040250163574961785,0.07245156496022,81.0,94.0,0.13094346692708997,1250.0000000006946,9.474077715406889,7.8,2168.4781442570643,39106.67772048709,0.0,nan
pd,40.0,1.0,esn,147,"demo_00 +12.5,-5 deg",,0.2830031960495797,False,nan,False,nan,0.0,False,1.3899456656326008,180.66938453741545,48.38905444069889,151.44347807489441,2.291374253015964,-0.75,nan,2.8593267040945345,0.07245156496022,10.0,94.0,228.05174543668693,6944.352575295947,104.6926415523211,nan,21129.25717292822,935879018.5075606,0.0,nan
pd,40.0,1.0,replay,147,"demo_00 +12.5,-5 deg",demo_00,0.09178115884836156,True,7.29,True,0.00653559474603401,2.000000000000001,False,0.005934010032487661,0.03144947683423692,0.008423178340701281,0.28792006825190086,0.06517990314131415,-0.75,0.0,0.04026828113914236,0.07245156496022,81.0,94.0,0.12786929338940747,1250.0000000006946,9.178115884836155,7.8,2168.4781442570643,38863.205493777285,0.0,nan
pd,40.0,1.0,esn,148,"demo_00 +12.5,-2.5 deg",,0.18189913172322927,False,nan,False,nan,0.0,False,1.3899454349654197,178.1433571582207,30.869679487990343,150.2110853252414,2.092563519719817,-0.75,nan,0.646921414623496,0.07245156496022,9.0,94.0,195.71608734205938,2564.7888222144056,45.401606848141455,nan,7870.736453994257,560519623.6540564,0.0,nan
pd,40.0,1.0,replay,148,"demo_00 +12.5,-2.5 deg",demo_00,0.0915451845551583,True,7.29,True,0.00653559474603401,2.000000000000001,False,0.005934010032487661,0.03876525333138509,0.006717460390890502,0.2776524869232845,0.09815520019078573,-0.75,0.0,0.04031051940132469,0.07245156496022,81.0,94.0,0.13091413929855802,1250.0000000006946,9.154518455515829,7.8,2168.4781442570643,38591.083019018864,0.0,nan
pd,40.0,1.0,esn,149,"demo_00 +12.5,+0 deg",,0.11007915650897446,False,nan,False,nan,0.0,False,1.38994500241531,183.77902958979553,23.40407328240432,152.57239391104332,1.5579764238691747,-0.75,nan,0.5079016924296254,0.07245156496022,12.0,94.0,201.94476818250453,1501.126298223514,25.204356523422994,nan,8289.085109810052,597308981.0876255,0.0,nan
pd,40.0,1.0,replay,149,"demo_00 +12.5,+0 deg",demo_00,0.09406431785605618,True,7.29,True,0.00653559474603401,2.000000000000001,False,0.005934010032487661,0.046610175477007305,0.005935758639081284,0.27821139728161653,0.13036033312299372,-0.75,0.0,0.040375704454117194,0.07245156496022,81.0,94.0,0.13955857254465798,1250.0000000006946,9.406431785605617,7.8,2168.4781442570643,38291.14000804671,0.0,nan
pd,40.0,1.0,esn,150,"demo_00 +12.5,+2.5 deg",,0.13839275253114194,False,nan,False,nan,0.0,False,1.3899461431051634,186.79867109482697,18.97146288920275,153.77635601705268,2.221812863282644,-0.75,nan,3.042511256277102,0.07245156496022,15.0,94.0,233.89863398144286,7208.018729860518,102.04874660389007,nan,21291.320104183535,985685622.2403864,0.0,nan
pd,40.0,1.0,replay,150,"demo_00 +12.5,+2.5 deg",demo_00,0.09914004497295378,True,7.29,True,0.00653559474603401,2.000000000000001,False,0.005934010032487661,0.05454242731888845,0.005539384352697282,0.28945780998885096,0.1629235498800576,-0.75,0.0,0.040462514371237254,0.07245156496022,81.0,94.0,0.1527178939378594,1250.0000000006946,9.914004497295378,7.8,2168.4781442570643,37964.926926785636,0.0,nan
pd,40.0,1.0,esn,151,"demo_00 +12.5,+5 deg",,0.23672286145506735,False,nan,False,nan,0.0,False,1.389945097701419,200.21479787876828,17.002819261444717,158.9909197611585,1.617296056743711,-0.75,nan,0.3348736708166801,0.07245156496022,2.0,94.0,210.9784276918971,4082.141843155152,27.09257574245343,nan,8101.13295005485,647059730.2084718,0.0,nan
pd,40.0,1.0,replay,151,"demo_00 +12.5,+5 deg",demo_00,0.10641725841813518,True,7.29,True,0.00653559474603401,2.000000000000001,False,0.005934010032487661,0.06262369340808703,0.0053181850281943865,0.3101436394065727,0.1948522095664307,-0.75,0.0,0.04056947680311674,0.07245156496022,80.0,94.0,0.16919252741081675,1250.0000000006946,10.641725841813518,7.8,2168.4781442570643,37614.78666036514,0.0,nan
pd,40.0,1.0,esn,152,"demo_00 +12.5,+7.5 deg",,0.35270220784895384,False,nan,False,nan,0.0,False,1.3899450938509987,200.37556553313414,14.428210442106375,159.06800957870698,1.9705890558610528,-0.75,nan,0.47181024611625,0.07245156496022,2.0,94.0,211.2501771690642,5620.36124419395,38.47606076389803,nan,8268.932211132049,650077786.2670302,0.0,nan
pd,40.0,1.0,replay,152,"demo_00 +12.5,+7.5 deg",demo_00,0.11548805766805724,True,7.29,True,0.00653559474603401,2.000000000000001,False,0.005934010032487661,0.07012543309321141,0.005049440550900883,0.3384470178092813,0.2252961431955169,-0.75,0.0,0.04069496675649617,0.07245156496022,78.0,94.0,0.18795424897568208,1250.0000000006946,11.548805766805724,7.8,2168.4781442570643,37243.92768371362,0.0,nan
pd,40.0,1.0,esn,153,"demo_00 +12.5,+10 deg",,0.4748970601023205,False,nan,False,nan,0.0,False,1.38994509192229,200.47525100490702,12.523589645999559,159.11208025098549,2.197557420904744,-0.75,nan,0.7497399487337846,0.07245156496022,3.0,94.0,211.52799157013115,7175.382594920237,53.346400093717605,nan,8766.52412563391,653426335.1055986,0.0,nan
pd,40.0,1.0,replay,153,"demo_00 +12.5,+10 deg",demo_00,0.1259693493845534,True,7.29,True,0.00653559474603401,2.000000000000001,False,0.005934010032487661,0.07713128558064272,0.004818353211373352,0.3725352564603259,0.25385915395449044,-0.75,0.0,0.04083720484978852,0.07245156496022,75.0,94.0,0.2082208958730169,1250.0000000006946,12.59693493845534,7.8,2168.4781442570643,36856.49602088842,0.0,nan
pd,40.0,1.0,esn,154,"demo_00 +12.5,+12.5 deg",,0.6001975272867314,False,nan,False,nan,0.0,False,1.3899450904314685,200.54619508954752,11.344605959118343,159.14151535023402,2.36054941607287,-0.75,nan,0.9371203941021314,0.07245156496022,3.0,94.0,211.81754344549913,8746.08368448437,67.16019454418061,nan,11506.226189848478,657170086.7787234,0.0,nan
pd,40.0,1.0,replay,154,"demo_00 +12.5,+12.5 deg",demo_00,0.1375380840667776,True,7.29,True,0.00653559474603401,2.000000000000001,False,0.005934010032487661,0.08381969452949536,0.004741557951903289,0.41086776469775804,0.2799546929467543,-0.75,0.0,0.04099425648102382,0.07245156496022,71.0,94.0,0.22942488404625494,1250.0000000007042,13.753808406677758,7.8,2168.4781442570643,36457.642588813374,0.0,nan
pd,40.0,1.0,esn,155,"demo_00 +12.5,+15 deg",,0.7271135974730879,False,nan,False,nan,0.0,False,1.3899450890317533,200.6063723374732,10.27400560349875,159.16679755130235,2.4661726197602207,-0.75,nan,1.1041565676926586,0.07245156496022,3.0,94.0,212.11789869979094,10331.231729858144,79.11232576678087,nan,14287.351415734696,661418852.4788059,0.0,nan
pd,40.0,1.0,replay,155,"demo_00 +12.5,+15 deg",demo_00,0.14993625894189955,True,7.29,True,0.00653559474603401,2.000000000000001,False,0.005934010032487661,0.09055815913381507,0.004637913659184145,0.45226241522968985,0.30240424173805164,-0.75,0.0,0.041164032514968044,0.07245156496022,68.0,94.0,0.25115735361953573,1500.0000000008397,14.993625894189954,7.8,2168.4781442570643,36053.581811246666,0.0,nan
pd,40.0,1.0,esn,156,"demo_00 +15,-15 deg",,0.7124785199476029,False,nan,False,nan,0.0,False,1.3899450871499335,201.48641066943,74.46237224608522,159.4998162874582,1.9780907112372097,-0.75,nan,0.4508503663947347,0.07245156496022,1.0,94.0,210.76387672458628,9663.540449560474,73.44902029691193,nan,16764.141008803475,647472833.830928,0.0,nan
pd,40.0,1.0,replay,156,"demo_00 +15,-15 deg",demo_00,0.13045178957148443,True,7.29,True,0.00653559474603401,2.000000000000001,False,0.005934010032487661,0.031470347766424545,0.011630346395628164,0.44241827274637213,0.04794521873159675,-0.75,0.0,0.040332024402571685,0.07245156496022,81.0,94.0,0.18008897302229376,1500.0000000008336,13.045178957148446,7.8,2602.173773108477,56537.63114387731,0.0,nan
pd,40.0,1.0,esn,157,"demo_00 +15,-12.5 deg",,0.6115786138655244,False,nan,False,nan,0.0,False,1.3899450892819634,201.35078251684448,266.1532681976831,159.43184549071486,1.7129836846461517,-0.75,nan,0.32580181481582654,0.07245156496022,1.0,94.0,211.03014766442524,8315.744959908317,61.25606633567405,nan,14426.008959013616,648160633.6466247,0.0,nan
pd,40.0,1.0,replay,157,"demo_00 +15,-12.5 deg",demo_00,0.1224189530486006,True,7.29,True,0.00653559474603401,2.000000000000001,False,0.005934010032487661,0.024447141608708693,0.03231517929017758,0.40785372999715114,0.016752449958092955,-0.75,0.0,0.0402865233199563,0.07245156496022,81.0,94.0,0.16652266757078607,1500.000000000832,12.241895304860062,7.8,2602.173773108477,56366.953742553655,0.0,nan
pd,40.0,1.0,esn,158,"demo_00 +15,-10 deg",,0.5086578974179252,False,nan,False,nan,0.0,False,1.3899450935532414,201.12367652861437,181.92668539470938,159.31623382470977,1.498043938620943,-0.75,nan,0.18060423373178033,0.07245156496022,2.0,94.0,211.2936697584928,6947.60310990661,50.86578974179252,nan,12052.580399037235,649392491.556332,0.0,nan
pd,40.0,1.0,replay,158,"demo_00 +15,-10 deg",demo_00,0.11612288515065591,True,7.29,True,0.00653559474603401,2.000000000000001,False,0.005934010032487661,0.024778000782407324,0.022412973106175033,0.37865548151494227,0.029148977734070703,-0.75,0.0,0.04027490167927671,0.07245156496022,81.0,94.0,0.15777593420697783,1500.000000000832,11.61228851506559,7.8,2602.173773108477,56142.30057160697,0.0,nan
pd,40.0,1.0,esn,159,"demo_00 +15,-7.5 deg",,0.40440881727085964,False,nan,False,nan,0.0,False,1.3899459687741624,188.71648932331487,57.028710936402774,154.45802148679516,2.37510854923971,-0.75,nan,3.0832667685744815,0.07245156496022,12.0,94.0,234.52576301444483,7326.7338888026725,101.69918450651535,nan,21306.780437901667,988636305.2658408,0.0,nan
pd,40.0,1.0,replay,159,"demo_00 +15,-7.5 deg",demo_00,0.1118597603628378,True,7.29,True,0.00653559474603401,2.000000000000001,False,0.005934010032487661,0.03201359355092532,0.009674268418184554,0.3561109950434679,0.05338138732815144,-0.75,0.0,0.040295972753067774,0.07245156496022,81.0,94.0,0.15458010337765934,1500.000000000832,11.18597603628378,7.8,2602.173773108477,55863.04804409966,0.0,nan
pd,40.0,1.0,esn,160,"demo_00 +15,-5 deg",,0.30063200423005504,False,nan,False,nan,0.0,False,1.3899455881197826,175.6527292182404,32.96483684301875,148.45226453931457,1.7346782028989636,-0.75,nan,0.7637199735632645,0.07245156496022,15.0,94.0,194.1980850395804,4145.156822613799,38.208819796076845,nan,8883.834058391432,557434034.0038489,0.0,nan
pd,40.0,1.0,replay,160,"demo_00 +15,-5 deg",demo_00,0.1098713687684892,True,7.29,True,0.00653559474603401,2.000000000000001,False,0.005934010032487661,0.03921988166818564,0.007360415098292618,0.3414888965290256,0.08739712396499735,-0.75,0.0,0.0403483482566733,0.07245156496022,81.0,94.0,0.15715903439455295,1500.000000000832,10.987136876848918,7.8,2602.173773108477,55529.162893708184,0.0,nan
pd,40.0,1.0,esn,161,"demo_00 +15,-2.5 deg",,0.2030002037993695,False,nan,False,nan,0.0,False,1.3899450400307114,184.94378282717827,25.506355758385087,152.89367357104138,1.532805988607737,-0.75,nan,0.5489527786394339,0.07245156496022,14.0,94.0,200.64769460977328,2708.778675678965,25.752573260376273,nan,8122.978040324222,587415316.0560368,0.0,nan
pd,40.0,1.0,replay,161,"demo_00 +15,-2.5 deg",demo_00,0.11028737130485496,True,7.29,True,0.00653559474603401,2.000000000000001,False,0.005934010032487661,0.047458861505237565,0.006545246273953839,0.3357569681351639,0.12167360500653591,-0.75,0.0,0.040430440432585625,0.07245156496022,81.0,94.0,0.16510523200681812,1500.000000000832,11.028737130485496,7.8,2602.173773108477,55141.27014548684,0.0,nan
pd,40.0,1.0,esn,162,"demo_00 +15,+0 deg",,0.1342793751904098,True,0.31,True,1.3970272033055615,2.0,False,1.3899431118508871,49.57692067735494,5.359111788162233,149.88207867190553,1.0905501557147164,-0.75,-6.98,1.7696123369422863,0.07245156496022,2.0,94.0,227.05196249082437,6907.5826320798715,101.01231975783524,nan,21079.550338392997,934182365.4015594,0.0,nan
pd,40.0,1.0,replay,162,"demo_00 +15,+0 deg",demo_00,0.11308841185479264,True,7.29,True,0.00653559474603401,2.000000000000001,False,0.005934010032487661,0.05585486794685216,0.006037738470855557,0.3392812259903926,0.15601286161541092,-0.75,0.0,0.04054046416344975,0.07245156496022,80.0,94.0,0.1775449884526925,1500.000000000832,11.308841185479265,7.8,2602.173773108477,54700.729180049144,0.0,nan
pd,40.0,1.0,esn,163,"demo_00 +15,+2.5 deg",,0.15099807418907948,False,nan,False,nan,0.0,False,1.38994435138823,186.16137870002373,16.486038406440052,153.33698715639775,2.2713879407318123,-0.75,nan,2.9444454205913075,0.07245156496022,13.0,94.0,226.01128234798767,6964.619931412092,99.75011023910466,nan,21203.526506444086,915594888.0229656,0.0,nan
pd,40.0,1.0,replay,163,"demo_00 +15,+2.5 deg",demo_00,0.11811148059325044,True,7.29,True,0.00653559474603401,2.000000000000001,False,0.005934010032487661,0.06462972583446792,0.005723465037405169,0.3516849812995914,0.18913882826863296,-0.75,0.0,0.040676439124688206,0.07245156496022,78.0,94.0,0.19344528841390946,1500.000000000832,11.811148059325046,7.8,2602.173773108477,54209.71667093555,0.0,nan
pd,40.0,1.0,esn,164,"demo_00 +15,+5 deg",,0.23949324515524556,False,nan,False,nan,0.0,False,1.389945095493807,200.3279438598144,15.018741661357035,159.03803077469257,1.755055958621061,-0.75,nan,0.3444707414011231,0.07245156496022,1.0,94.0,211.11202352757275,4278.6211967024965,30.42451210620968,nan,8181.197809594835,648279031.2387822,0.0,nan
pd,40.0,1.0,replay,164,"demo_00 +15,+5 deg",demo_00,0.1250938455962672,True,7.29,True,0.00653559474603401,2.000000000000001,False,0.005934010032487661,0.07283528026667573,0.005460517574738473,0.3719716389091121,0.2195866169314041,-0.75,0.0,0.04083619204951572,0.07245156496022,74.0,94.0,0.21184973783504626,1500.000000000832,12.50938455962672,7.8,2602.173773108477,53671.31463031698,0.0,nan
pd,40.0,1.0,esn,165,"demo_00 +15,+7.5 deg",,0.3511855818829316,False,nan,False,nan,0.0,False,1.3899450928297572,200.44372425245288,13.123866547044718,159.0942696261184,2.054613734866284,-0.75,nan,0.533189127314069,0.07245156496022,3.0,94.0,211.35063356293583,5813.4202079423085,42.745576647794074,nan,8319.07692164962,651048999.9749153,0.0,nan
pd,40.0,1.0,replay,165,"demo_00 +15,+7.5 deg",demo_00,0.13373050711851786,True,7.29,True,0.00653559474603401,2.000000000000001,False,0.005934010032487661,0.08071889299041443,0.005284994495997142,0.3988226215974133,0.2502196693626224,-0.75,0.0,0.04101735928489953,0.07245156496022,70.0,94.0,0.23197613410889564,1500.000000000832,13.373050711851786,7.8,2602.173773108477,53089.6011475064,0.0,nan
pd,40.0,1.0,esn,166,"demo_00 +15,+10 deg",,0.47119988374839994,False,nan,False,nan,0.0,False,1.3899450911442717,200.52560460459085,11.577708295239368,159.1305378311202,2.2643545614639216,-0.75,nan,0.7833778789980781,0.07245156496022,3.0,94.0,211.62329049603906,7364.9692078793905,57.71022371832339,nan,8436.017708422514,654404849.8661293,0.0,nan
pd,40.0,1.0,replay,166,"demo_00 +15,+10 deg",demo_00,0.14372088679933942,True,7.29,True,0.00653559474603401,2.000000000000001,False,0.005934010032487661,0.08813788367777342,0.005088800051211206,0.43088935293078845,0.27980116496889296,-0.75,0.0,0.04121738996292312,0.07245156496022,67.0,94.0,0.25322074809051087,1500.000000000832,14.37208867993394,7.8,2602.173773108477,52469.74065669007,0.0,nan
pd,40.0,1.0,esn,167,"demo_00 +15,+12.5 deg",,0.5952232969432568,False,nan,False,nan,0.0,False,1.3899450898289156,200.58989939660347,10.301006443632053,159.1578615263379,2.3934847766109626,-0.75,nan,0.992961370050764,0.07245156496022,3.0,94.0,211.9187370177579,8932.148730652269,70.84813044890757,nan,11156.885950538242,658267531.6090695,0.0,nan
pd,40.0,1.0,replay,167,"demo_00 +15,+12.5 deg",demo_00,0.15479530672650718,True,7.29,True,0.00653559474603401,2.000000000000001,False,0.005934010032487661,0.0953473635746109,0.0048964270360565615,0.4669718104885501,0.3064304698409309,-0.75,0.0,0.041433550289324064,0.07245156496022,62.0,94.0,0.27512619362688445,1500.000000000832,15.479530672650718,7.8,2602.173773108477,51818.069748392416,0.0,nan
pd,40.0,1.0,esn,168,"demo_00 +15,+15 deg",,0.7213311292510989,False,nan,False,nan,0.0,False,1.3899450884869955,200.64425866978283,9.458461060770077,159.18122009399613,2.4770533342006913,-0.75,nan,1.1923926619816552,0.07245156496022,3.0,94.0,212.21522638186417,10513.72916338028,80.45225671819277,nan,13948.533203642826,662545765.7824655,0.0,nan
pd,40.0,1.0,replay,168,"demo_00 +15,+15 deg",demo_00,0.16672414964525342,True,7.29,True,0.00653559474603401,2.000000000000001,False,0.005934010032487661,0.10209060729786591,0.004812597381051588,0.5060831955243963,0.32911346955845616,-0.75,0.0,0.04166292964647797,0.07245156496022,59.0,94.0,0.29734444931124826,1500.0000000008397,16.67241496452534,7.8,2602.173773108477,51142.17368669735,0.0,nan
