warmup_s,start,origin,group,offset_q1_deg,offset_q2_deg,success,arrival_time_s,taught_arrival_delay_s,first_step_m,taught_path_distance_m,offset_retained
0.0,0,"demo_00_filtered -15,-15 deg",offset,-15.0,-15.0,True,1.54,-5.74,0.44948551146079,0.3722577662465813,0.14097908834414913
0.0,1,"demo_00_filtered -15,-12.5 deg",offset,-15.0,-12.5,True,1.6,-5.68,0.42015101489256984,0.34016552460616184,0.1496272457030402
0.0,2,"demo_00_filtered -15,-10 deg",offset,-15.0,-10.0,True,1.6600000000000001,-5.62,0.3935121021195105,0.3094066315076212,0.1568759214423945
0.0,3,"demo_00_filtered -15,-7.5 deg",offset,-15.0,-7.5,True,1.74,-5.54,0.36999997273113616,0.2804879967071731,0.15888386118594694
0.0,4,"demo_00_filtered -15,-5 deg",offset,-15.0,-5.0,True,1.83,-5.45,0.3500645100541113,0.25410276431812856,0.1549075765031158
0.0,5,"demo_00_filtered -15,-2.5 deg",offset,-15.0,-2.5,True,1.95,-5.33,0.33414364450831857,0.2311783066722614,0.14088473736795507
0.0,6,"demo_00_filtered -15,+0 deg",offset,-15.0,0.0,True,2.1,-5.18,0.3226236829283514,0.21287883178434175,0.11650456383291515
0.0,7,"demo_00_filtered -15,+2.5 deg",offset,-15.0,2.5,True,2.3000000000000003,-4.98,0.3157935064041018,0.2005175719784051,0.08174082492954336
0.0,8,"demo_00_filtered -15,+5 deg",offset,-15.0,5.0,True,2.56,-4.720000000000001,0.3137997929259829,0.19525354916435655,0.0417361441830952
0.0,9,"demo_00_filtered -15,+7.5 deg",offset,-15.0,7.5,True,2.93,-4.35,0.31661824450370124,0.19748732425538934,0.0077763304481315455
0.0,10,"demo_00_filtered -15,+10 deg",offset,-15.0,10.0,True,3.37,-3.91,0.3240544657444214,0.206467727056983,0.02762959416003901
0.0,11,"demo_00_filtered -15,+12.5 deg",offset,-15.0,12.5,True,3.7800000000000002,-3.5,0.33577439418864774,0.22199196355207015,0.036128434776240524
0.0,12,"demo_00_filtered -15,+15 deg",offset,-15.0,15.0,True,4.11,-3.17,0.3513515698315675,0.24278243515912856,0.03127116365531851
0.0,13,"demo_00_filtered -12.5,-15 deg",offset,-12.5,-15.0,True,1.54,-5.74,0.4104799231747875,0.33581712526057844,0.148883024929867
0.0,14,"demo_00_filtered -12.5,-12.5 deg",offset,-12.5,-12.5,True,1.6,-5.68,0.3817531201550984,0.30312453598391825,0.15986200969582187
0.0,15,"demo_00_filtered -12.5,-10 deg",offset,-12.5,-10.0,True,1.67,-5.61,0.3558449165365192,0.2716424723818591,0.16966837963390066
0.0,16,"demo_00_filtered -12.5,-7.5 deg",offset,-12.5,-7.5,True,1.75,-5.53,0.3332157518810215,0.24191673928653468,0.17517526709181866
0.0,17,"demo_00_filtered -12.5,-5 deg",offset,-12.5,-5.0,True,1.85,-5.43,0.31435305027218907,0.21474766221637623,0.17207033584265558
0.0,18,"demo_00_filtered -12.5,-2.5 deg",offset,-12.5,-2.5,True,1.98,-5.300000000000001,0.2997365941226785,0.1912898312996484,0.15508144513114178
0.0,19,"demo_00_filtered -12.5,+0 deg",offset,-12.5,0.0,True,2.15,-5.130000000000001,0.2897862879948527,0.17310630848029138,0.12162668878749992
0.0,20,"demo_00_filtered -12.5,+2.5 deg",offset,-12.5,2.5,True,2.38,-4.9,0.2847993751905424,0.16202000805765324,0.07310496216163553
0.0,21,"demo_00_filtered -12.5,+5 deg",offset,-12.5,5.0,True,2.71,-4.57,0.284892517099915,0.1595470877478167,0.02008481648822623
0.0,22,"demo_00_filtered -12.5,+7.5 deg",offset,-12.5,7.5,True,3.16,-4.12,0.2899718923774117,0.16545139555940092,0.030553857070989215
0.0,23,"demo_00_filtered -12.5,+10 deg",offset,-12.5,10.0,True,3.65,-3.6300000000000003,0.2997469706306147,0.17908683049414909,0.05208296067468307
0.0,24,"demo_00_filtered -12.5,+12.5 deg",offset,-12.5,12.5,True,4.0,-3.2800000000000002,0.31378190918024634,0.19920154398287243,0.05047784473286752
0.0,25,"demo_00_filtered -12.5,+15 deg",offset,-12.5,15.0,True,4.26,-3.0200000000000005,0.3315628624547494,0.22402509447427488,0.03695990260562301
0.0,26,"demo_00_filtered -10,-15 deg",offset,-10.0,-15.0,True,1.53,-5.75,0.37211979527944467,0.30114503903297746,0.15687602128512143
0.0,27,"demo_00_filtered -10,-12.5 deg",offset,-10.0,-12.5,True,1.6,-5.68,0.34404267569378877,0.2677394146195714,0.17042655994710862
0.0,28,"demo_00_filtered -10,-10 deg",offset,-10.0,-10.0,True,1.68,-5.6000000000000005,0.31890943248558223,0.23533910162911448,0.1824264097103687
0.0,29,"demo_00_filtered -10,-7.5 deg",offset,-10.0,-7.5,True,1.77,-5.51,0.2972166380848855,0.20449838465593828,0.19208850527293897
0.0,30,"demo_00_filtered -10,-5 deg",offset,-10.0,-5.0,True,1.8800000000000001,-5.4,0.2794979583802422,0.176103621475446,0.19173931780108835
0.0,31,"demo_00_filtered -10,-2.5 deg",offset,-10.0,-2.5,True,2.02,-5.26,0.2662849190803506,0.1516133987632462,0.17195564317531764
0.0,32,"demo_00_filtered -10,+0 deg",offset,-10.0,0.0,True,2.22,-5.0600000000000005,0.2580377859960945,0.13325308662635776,0.1225378950632716
0.0,33,"demo_00_filtered -10,+2.5 deg",offset,-10.0,2.5,True,2.5100000000000002,-4.77,0.25505845628830376,0.12381119690651744,0.05047022739556442
0.0,34,"demo_00_filtered -10,+5 deg",offset,-10.0,5.0,True,2.93,-4.35,0.25741488660867845,0.1252980207547957,0.028352344601948007
0.0,35,"demo_00_filtered -10,+7.5 deg",offset,-10.0,7.5,True,3.5,-3.7800000000000002,0.26491454020267297,0.1361900127478365,0.07503699224442095
0.0,36,"demo_00_filtered -10,+10 deg",offset,-10.0,10.0,True,3.99,-3.29,0.27714314830198206,0.1555738554863476,0.08441302903558708
0.0,37,"demo_00_filtered -10,+12.5 deg",offset,-10.0,12.5,True,4.21,-3.0700000000000003,0.2935482923742252,0.1807083165450938,0.06538596577126003
0.0,38,"demo_00_filtered -10,+15 deg",offset,-10.0,15.0,True,4.41,-2.87,0.31352997889564993,0.20949568889773368,0.0419925740313319
0.0,39,"demo_00_filtered -7.5,-15 deg",offset,-7.5,-15.0,True,1.53,-5.75,0.3344742981406561,0.26899654651593896,0.16373146929213542
0.0,40,"demo_00_filtered -7.5,-12.5 deg",offset,-7.5,-12.5,True,1.6,-5.68,0.30709017425251706,0.23484343215357048,0.17896074538087578
0.0,41,"demo_00_filtered -7.5,-10 deg",offset,-7.5,-10.0,True,1.68,-5.6000000000000005,0.2827754011686139,0.2013776475390451,0.19650985515915323
0.0,42,"demo_00_filtered -7.5,-7.5 deg",offset,-7.5,-7.5,True,1.78,-5.5,0.26207370522440887,0.16908267475798583,0.2097206063989448
0.0,43,"demo_00_filtered -7.5,-5 deg",offset,-7.5,-5.0,True,1.9100000000000001,-5.37,0.24558024629579803,0.13886725222441254,0.21385101950225024
0.0,44,"demo_00_filtered -7.5,-2.5 deg",offset,-7.5,-2.5,True,2.08,-5.2,0.23389467928015642,0.11248900871190617,0.19046995357654778
0.0,45,"demo_00_filtered -7.5,+0 deg",offset,-7.5,0.0,True,2.32,-4.960000000000001,0.22752587878263084,0.09334029946949414,0.11081650616025396
0.0,46,"demo_00_filtered -7.5,+2.5 deg",offset,-7.5,2.5,True,2.7,-4.58,0.22676848757275453,0.08639603194917861,0.01781363758719717
0.0,47,"demo_00_filtered -7.5,+5 deg",offset,-7.5,5.0,True,3.3000000000000003,-3.98,0.23160710605333631,0.09345077971847526,0.10774647812502335
0.0,48,"demo_00_filtered -7.5,+7.5 deg",offset,-7.5,7.5,True,4.0200000000000005,-3.26,0.2417072331957765,0.11197625770655525,0.1443900114252541
0.0,49,"demo_00_filtered -7.5,+10 deg",offset,-7.5,10.0,True,4.41,-2.87,0.25649993991373277,0.13797570843286386,0.1246479474996991
0.0,50,"demo_00_filtered -7.5,+12.5 deg",offset,-7.5,12.5,True,4.41,-2.87,0.27530867041479373,0.16797775877881035,0.0797401530536423
0.0,51,"demo_00_filtered -7.5,+15 deg",offset,-7.5,15.0,True,4.55,-2.7300000000000004,0.2974590336607687,0.20014720353236348,0.04645365524491094
0.0,52,"demo_00_filtered -5,-15 deg",offset,-5.0,-15.0,True,1.53,-5.75,0.2975957084994492,0.2398726224826671,0.17105349116391116
0.0,53,"demo_00_filtered -5,-12.5 deg",offset,-5.0,-12.5,True,1.61,-5.67,0.2709452753506318,0.20539642083508022,0.18787485893098768
0.0,54,"demo_00_filtered -5,-10 deg",offset,-5.0,-10.0,True,1.7,-5.58,0.24748932443808216,0.17109651755078284,0.20479121128869626
0.0,55,"demo_00_filtered -5,-7.5 deg",offset,-5.0,-7.5,True,1.81,-5.470000000000001,0.22783653214249608,0.1372978923167245,0.22309491547983512
0.0,56,"demo_00_filtered -5,-5 deg",offset,-5.0,-5.0,True,1.95,-5.33,0.21266966471350027,0.10464378643480776,0.23132879487071473
0.0,57,"demo_00_filtered -5,-2.5 deg",offset,-5.0,-2.5,True,2.16,-5.12,0.20268213805561106,0.07491652107098119,0.20113363828232725
0.0,58,"demo_00_filtered -5,+0 deg",offset,-5.0,0.0,True,2.48,-4.800000000000001,0.1984375403313802,0.05339422797526491,0.05061427403911613
0.0,59,"demo_00_filtered -5,+2.5 deg",offset,-5.0,2.5,True,3.0500000000000003,-4.23,0.20019219096424398,0.05144633841485029,0.17428540360120448
0.0,60,"demo_00_filtered -5,+5 deg",offset,-5.0,5.0,True,3.97,-3.31,0.2077857962724602,0.06862822000810305,0.2625449718093628
0.0,61,"demo_00_filtered -5,+7.5 deg",offset,-5.0,7.5,True,4.84,-2.4400000000000004,0.22068289024467155,0.09673968843255346,0.24620756830530074
0.0,62,"demo_00_filtered -5,+10 deg",offset,-5.0,10.0,True,4.9,-2.38,0.23813286130309078,0.1287794289269056,0.17005816750018135
0.0,63,"demo_00_filtered -5,+12.5 deg",offset,-5.0,12.5,True,4.59,-2.6900000000000004,0.2593425850218563,0.16239701420380187,0.09243748303643369
0.0,64,"demo_00_filtered -5,+15 deg",offset,-5.0,15.0,True,4.67,-2.6100000000000003,0.28358874939345424,0.19673797462300235,0.05038057316503099
0.0,65,"demo_00_filtered -2.5,-15 deg",offset,-2.5,-15.0,True,1.53,-5.75,0.26151614096814624,0.21380624822322195,0.1763607223478027
0.0,66,"demo_00_filtered -2.5,-12.5 deg",offset,-2.5,-12.5,True,1.61,-5.67,0.23563086043172762,0.17890391120537133,0.19678261852341425
0.0,67,"demo_00_filtered -2.5,-10 deg",offset,-2.5,-10.0,True,1.71,-5.57,0.21306806815359108,0.14406258440073114,0.2164639125273306
0.0,68,"demo_00_filtered -2.5,-7.5 deg",offset,-2.5,-7.5,True,1.84,-5.44,0.19453092406216801,0.10943851262747113,0.23117036441921068
0.0,69,"demo_00_filtered -2.5,-5 deg",offset,-2.5,-5.0,True,2.02,-5.26,0.18083366553661886,0.07544267284375665,0.2266395857768326
0.0,70,"demo_00_filtered -2.5,-2.5 deg",offset,-2.5,-2.5,True,2.2800000000000002,-5.0,0.17280109473360653,0.04289055680822118,0.15495069509914214
0.0,71,"demo_00_filtered -2.5,+0 deg",offset,-2.5,0.0,True,2.7800000000000002,-4.5,0.1710448936743596,0.014059239290462818,0.5954745313871256
0.0,72,"demo_00_filtered -2.5,+2.5 deg",offset,-2.5,2.5,True,3.7600000000000002,-3.52,0.1757105284701956,0.04131226024263908,0.6768440470102242
0.0,73,"demo_00_filtered -2.5,+5 deg",offset,-2.5,5.0,True,5.3,-1.9800000000000004,0.18638945024679643,0.06594311202207556,0.5157749018487107
0.0,74,"demo_00_filtered -2.5,+7.5 deg",offset,-2.5,7.5,True,6.26,-1.0200000000000005,0.2022762484241605,0.09490878436960798,0.3737139599882403
0.0,75,"demo_00_filtered -2.5,+10 deg",offset,-2.5,10.0,True,5.47,-1.8100000000000005,0.22243166065667663,0.12961701894314578,0.21284554619534812
0.0,76,"demo_00_filtered -2.5,+12.5 deg",offset,-2.5,12.5,True,4.74,-2.54,0.24597954257211127,0.1644905456953415,0.10211359282626721
0.0,77,"demo_00_filtered -2.5,+15 deg",offset,-2.5,15.0,True,4.78,-2.5,0.2721893835351251,0.1993937247274077,0.05355860713746058
0.0,78,"demo_00_filtered +0,-15 deg",offset,0.0,-15.0,True,1.53,-5.75,0.2262479173321503,0.19088242309510517,0.18189892638860927
0.0,79,"demo_00_filtered +0,-12.5 deg",offset,0.0,-12.5,True,1.62,-5.66,0.20113992353699522,0.15606301436626746,0.2007299377172809
0.0,80,"demo_00_filtered +0,-10 deg",offset,0.0,-10.0,True,1.74,-5.54,0.17949533606917722,0.12147668558465069,0.22018700384058734
0.0,81,"demo_00_filtered +0,-7.5 deg",offset,0.0,-7.5,True,1.8900000000000001,-5.390000000000001,0.16216327560720561,0.0869719753350194,0.23313466255497428
0.0,82,"demo_00_filtered +0,-5 deg",offset,0.0,-5.0,True,2.11,-5.17,0.15016408390496433,0.053198280730715815,0.1950045501906355
0.0,83,"demo_00_filtered +0,-2.5 deg",offset,0.0,-2.5,True,2.5100000000000002,-4.77,0.14450433430689164,0.019164954969740734,0.20386091738129528
0.0,84,demo_00_filtered,demonstrated,0.0,0.0,True,3.4,-3.8800000000000003,0.1457935413929182,0.03607261136741554,nan
0.0,85,"demo_00_filtered +0,+2.5 deg",offset,0.0,2.5,True,5.36,-1.92,0.15390721557412587,0.0694249215159114,1.0741482322072913
0.0,86,"demo_00_filtered +0,+5 deg",offset,0.0,5.0,True,9.58,2.3,0.16803305566573207,0.08946096542107734,0.7855557056801513
0.0,87,"demo_00_filtered +0,+7.5 deg",offset,0.0,7.5,True,9.96,2.6800000000000006,0.18704599201445532,0.10464500676822885,0.5094306697237829
0.0,88,"demo_00_filtered +0,+10 deg",offset,0.0,10.0,True,6.140000000000001,-1.1399999999999997,0.20986100525898935,0.1390275095674234,0.24363760702301182
0.0,89,"demo_00_filtered +0,+12.5 deg",offset,0.0,12.5,True,4.88,-2.4000000000000004,0.23558902756594416,0.17314011054641334,0.10764772374867604
0.0,90,"demo_00_filtered +0,+15 deg",offset,0.0,15.0,True,4.88,-2.4000000000000004,0.2635488897694597,0.20724771324218016,0.05581417390351171
0.0,91,"demo_00_filtered +2.5,-15 deg",offset,2.5,-15.0,True,1.52,-5.76,0.1917897549107696,0.16739678605345962,0.18843879590647233
0.0,92,"demo_00_filtered +2.5,-12.5 deg",offset,2.5,-12.5,True,1.6300000000000001,-5.65,0.16743669361733357,0.1325352501222756,0.20631358332092792
0.0,93,"demo_00_filtered +2.5,-10 deg",offset,2.5,-10.0,True,1.77,-5.51,0.14672215399784852,0.09763467360856345,0.21635391473835502
0.0,94,"demo_00_filtered +2.5,-7.5 deg",offset,2.5,-7.5,True,1.96,-5.32,0.13073804231996866,0.06275178300345485,0.20242946208858062
0.0,95,"demo_00_filtered +2.5,-5 deg",offset,2.5,-5.0,True,2.2800000000000002,-5.0,0.12084467862278703,0.028140949786096485,0.04410040333628539
0.0,96,"demo_00_filtered +2.5,-2.5 deg",offset,2.5,-2.5,True,2.99,-4.29,0.11827906310751701,0.02793522756702058,3.088896634457834
0.0,97,"demo_00_filtered +2.5,+0 deg",offset,2.5,0.0,True,4.83,-2.45,0.12346146558879625,0.06513179162236936,1.041664173311413
0.0,98,"demo_00_filtered +2.5,+2.5 deg",offset,2.5,2.5,False,nan,nan,0.1356773264577143,0.10280636051401311,1.3764308115278143
0.0,99,"demo_00_filtered +2.5,+5 deg",offset,2.5,5.0,False,nan,nan,0.15354262414384667,0.10264933839609128,0.803452970324464
0.0,100,"demo_00_filtered +2.5,+7.5 deg",offset,2.5,7.5,False,nan,nan,0.17566077088640458,0.12085930655967744,0.5734544239215125
0.0,101,"demo_00_filtered +2.5,+10 deg",offset,2.5,10.0,True,6.98,-0.2999999999999998,0.20092824496512976,0.15345471447338688,0.26117049686520855
0.0,102,"demo_00_filtered +2.5,+12.5 deg",offset,2.5,12.5,True,5.0200000000000005,-2.26,0.22854675513318887,0.18646303705089487,0.11015357163913184
0.0,103,"demo_00_filtered +2.5,+15 deg",offset,2.5,15.0,True,4.95,-2.33,0.25794426852940805,0.21964962606905003,0.05751206482311189
0.0,104,"demo_00_filtered +5,-15 deg",offset,5.0,-15.0,True,1.52,-5.76,0.15814259122017293,0.14689295922299517,0.19151669871043986
0.0,105,"demo_00_filtered +5,-12.5 deg",offset,5.0,-12.5,True,1.6500000000000001,-5.63,0.13446303891690614,0.11221841544428503,0.20466425683237996
0.0,106,"demo_00_filtered +5,-10 deg",offset,5.0,-10.0,True,1.82,-5.46,0.11467193007575083,0.07808047452852551,0.20289430193583868
0.0,107,"demo_00_filtered +5,-7.5 deg",offset,5.0,-7.5,True,2.07,-5.210000000000001,0.10030797835032815,0.04361322140912785,0.10581290474922989
0.0,108,"demo_00_filtered +5,-5 deg",offset,5.0,-5.0,True,2.6,-4.68,0.09333016307173213,0.01893741278682787,1.2748839536712695
0.0,109,"demo_00_filtered +5,-2.5 deg",offset,5.0,-2.5,True,4.0200000000000005,-3.26,0.09514495280240644,0.05483609680709629,1.2358388744594409
0.0,110,"demo_00_filtered +5,+0 deg",offset,5.0,0.0,True,13.39,6.11,0.10539793369755442,0.09341882517725573,1.1472175274634884
0.0,111,"demo_00_filtered +5,+2.5 deg",offset,5.0,2.5,False,nan,nan,0.12229239844044922,0.10209463685039691,0.8028711418990058
0.0,112,"demo_00_filtered +5,+5 deg",offset,5.0,5.0,False,nan,nan,0.14390082677486568,0.11840443716586918,0.6225080163601581
0.0,113,"demo_00_filtered +5,+7.5 deg",offset,5.0,7.5,False,nan,nan,0.16881211013949038,0.14529662439833216,0.4874269614163803
0.0,114,"demo_00_filtered +5,+10 deg",offset,5.0,10.0,True,8.16,0.8799999999999999,0.19610617638380645,0.17429161346317143,0.27326555045237133
0.0,115,"demo_00_filtered +5,+12.5 deg",offset,5.0,12.5,True,5.18,-2.1000000000000005,0.2251771225485036,0.2044537695868019,0.11110080215644566
0.0,116,"demo_00_filtered +5,+15 deg",offset,5.0,15.0,True,5.0200000000000005,-2.26,0.25560176765286535,0.23528853643134554,0.05849917701506348
0.0,117,"demo_00_filtered +7.5,-15 deg",offset,7.5,-15.0,True,1.53,-5.75,0.1253462880071524,0.1219671312278732,0.19163447254917684
0.0,118,"demo_00_filtered +7.5,-12.5 deg",offset,7.5,-12.5,True,1.67,-5.61,0.10215307002556961,0.08708369285910866,0.1958797600098797
0.0,119,"demo_00_filtered +7.5,-10 deg",offset,7.5,-10.0,True,1.8900000000000001,-5.390000000000001,0.08325228027844368,0.052180173001104814,0.14361029655995383
0.0,120,"demo_00_filtered +7.5,-7.5 deg",offset,7.5,-7.5,True,2.2800000000000002,-5.0,0.07113983910803484,0.017402200569617703,0.3622391163367074
0.0,121,"demo_00_filtered +7.5,-5 deg",offset,7.5,-5.0,True,3.2600000000000002,-4.02,0.06887534100212131,0.04155140985257381,1.7130309703666955
0.0,122,"demo_00_filtered +7.5,-2.5 deg",offset,7.5,-2.5,True,6.76,-0.5200000000000005,0.07723510402108912,0.08368470968715706,1.1654123673607892
0.0,123,"demo_00_filtered +7.5,+0 deg",offset,7.5,0.0,False,nan,nan,0.09367918800221785,0.10225184847278539,0.9051875005401299
0.0,124,"demo_00_filtered +7.5,+2.5 deg",offset,7.5,2.5,False,nan,nan,0.11522958167648115,0.11482140750018173,0.6160778040539071
0.0,125,"demo_00_filtered +7.5,+5 deg",offset,7.5,5.0,False,nan,nan,0.14001987408052569,0.14794356162360803,0.4850530309376323
0.0,126,"demo_00_filtered +7.5,+7.5 deg",offset,7.5,7.5,False,nan,nan,0.16704265958348713,0.17450102488327285,0.4098747987711246
0.0,127,"demo_00_filtered +7.5,+10 deg",offset,7.5,10.0,True,10.46,3.1800000000000006,0.19572274129856934,0.1998017210383359,0.28580798271581237
0.0,128,"demo_00_filtered +7.5,+12.5 deg",offset,7.5,12.5,True,5.37,-1.9100000000000001,0.2256857981512023,0.22677381360346685,0.1122465905877042
0.0,129,"demo_00_filtered +7.5,+15 deg",offset,7.5,15.0,True,5.07,-2.21,0.2566560152970962,0.2548442867216326,0.05989548457177627
0.0,130,"demo_00_filtered +10,-15 deg",offset,10.0,-15.0,True,1.53,-5.75,0.0935803910784319,0.09691047571435699,0.1811112816842787
0.0,131,"demo_00_filtered +10,-12.5 deg",offset,10.0,-12.5,True,1.71,-5.57,0.07047355632105425,0.062233980981491945,0.1614634677810848
0.0,132,"demo_00_filtered +10,-10 deg",offset,10.0,-10.0,True,2.0100000000000002,-5.27,0.05239248810141659,0.028274869218203106,0.07084386868494064
0.0,133,"demo_00_filtered +10,-7.5 deg",offset,10.0,-7.5,True,2.65,-4.630000000000001,0.04446639752771442,0.028290427401628005,3.149101682968697
0.0,134,"demo_00_filtered +10,-5 deg",offset,10.0,-5.0,True,4.5200000000000005,-2.76,0.051089513635993435,0.06639528264360241,1.1038022923193662
0.0,135,"demo_00_filtered +10,-2.5 deg",offset,10.0,-2.5,False,nan,nan,0.0682556132986603,0.10278546811195988,1.0665130975570458
0.0,136,"demo_00_filtered +10,+0 deg",offset,10.0,0.0,False,nan,nan,0.09055578138611094,0.10721326661235851,0.6975054012336074
0.0,137,"demo_00_filtered +10,+2.5 deg",offset,10.0,2.5,False,nan,nan,0.11556864229378054,0.13966962058381904,0.5217344118987604
0.0,138,"demo_00_filtered +10,+5 deg",offset,10.0,5.0,False,nan,nan,0.142373147504598,0.1713660963374544,0.41083354552974266
0.0,139,"demo_00_filtered +10,+7.5 deg",offset,10.0,7.5,False,nan,nan,0.17055420582354794,0.20215340554898473,0.34641607071854913
0.0,140,"demo_00_filtered +10,+10 deg",offset,10.0,10.0,False,nan,nan,0.19986310349833555,0.22838490988506888,0.3279322171919719
0.0,141,"demo_00_filtered +10,+12.5 deg",offset,10.0,12.5,True,5.63,-1.6500000000000004,0.23010832815305854,0.2522403582502931,0.11374109347201143
0.0,142,"demo_00_filtered +10,+15 deg",offset,10.0,15.0,True,5.12,-2.16,0.26112176575926654,0.27745712839567044,0.06137795724467666
0.0,143,"demo_00_filtered +12.5,-15 deg",offset,12.5,-15.0,True,1.55,-5.73,0.06353389189142024,0.07138829203842334,0.15036812811574193
0.0,144,"demo_00_filtered +12.5,-12.5 deg",offset,12.5,-12.5,True,1.78,-5.5,0.03962970451859197,0.03654457600343996,0.058157630120733626
0.0,145,"demo_00_filtered +12.5,-10 deg",offset,12.5,-10.0,True,2.2,-5.08,0.02234994881465102,0.017635336785021726,nan
0.0,146,"demo_00_filtered +12.5,-7.5 deg",offset,12.5,-7.5,True,3.23,-4.050000000000001,0.027121109572211012,0.04679356366515499,0.9901031829551421
0.0,147,"demo_00_filtered +12.5,-5 deg",offset,12.5,-5.0,True,7.3,0.019999999999999574,0.047494004796387546,0.08642282403068427,0.9548205901564867
0.0,148,"demo_00_filtered +12.5,-2.5 deg",offset,12.5,-2.5,False,nan,nan,0.07143502651780871,0.10197570633762418,0.7820079043866345
0.0,149,"demo_00_filtered +12.5,+0 deg",offset,12.5,0.0,False,nan,nan,0.09682119430290423,0.13236998684868304,0.5637622899839247
0.0,150,"demo_00_filtered +12.5,+2.5 deg",offset,12.5,2.5,False,nan,nan,0.12328968791076957,0.16447233827177746,0.4412375444284809
0.0,151,"demo_00_filtered +12.5,+5 deg",offset,12.5,5.0,False,nan,nan,0.1507452008726846,0.19625715306567176,0.36428044591647557
0.0,152,"demo_00_filtered +12.5,+7.5 deg",offset,12.5,7.5,False,nan,nan,0.1791218880461835,0.22697056243277078,0.30842956922552706
0.0,153,"demo_00_filtered +12.5,+10 deg",offset,12.5,10.0,False,nan,nan,0.2083392270521017,0.256098147065286,0.2803596634851892
0.0,154,"demo_00_filtered +12.5,+12.5 deg",offset,12.5,12.5,True,6.01,-1.2700000000000005,0.23829854383137172,0.27995469294675435,0.11688729352954087
0.0,155,"demo_00_filtered +12.5,+15 deg",offset,12.5,15.0,True,5.18,-2.1000000000000005,0.2688889529236582,0.3024042417380517,0.0634539890848024
0.0,156,"demo_00_filtered +15,-15 deg",offset,15.0,-15.0,True,1.57,-5.71,0.038322505265940235,0.048151308543842995,0.08983083879928935
0.0,157,"demo_00_filtered +15,-12.5 deg",offset,15.0,-12.5,True,1.86,-5.42,0.013328727085693985,0.013731991215720593,0.4939306281684923
0.0,158,"demo_00_filtered +15,-10 deg",offset,15.0,-10.0,True,2.46,-4.82,0.01189016710150628,0.03084459322703062,1.0393880369672202
0.0,159,"demo_00_filtered +15,-7.5 deg",offset,15.0,-7.5,True,4.0,-3.2800000000000002,0.036097318329616004,0.06299055971724347,0.7574277266988233
0.0,160,"demo_00_filtered +15,-5 deg",offset,15.0,-5.0,False,nan,nan,0.06058002953216312,0.10280663569909798,0.900076255602897
0.0,161,"demo_00_filtered +15,-2.5 deg",offset,15.0,-2.5,False,nan,nan,0.08548589722950484,0.1234984214670776,0.6177715569411071
0.0,162,"demo_00_filtered +15,+0 deg",offset,15.0,0.0,False,nan,nan,0.11101398062361043,0.15773130243356837,0.47616733961320046
0.0,163,"demo_00_filtered +15,+2.5 deg",offset,15.0,2.5,False,nan,nan,0.13728520969765887,0.1909379048085827,0.3841622161609924
0.0,164,"demo_00_filtered +15,+5 deg",offset,15.0,5.0,False,nan,nan,0.1643446968482642,0.22159584877202332,0.32319183132985324
0.0,165,"demo_00_filtered +15,+7.5 deg",offset,15.0,7.5,False,nan,nan,0.19218093775133543,0.25176918565412293,0.2807159587079887
0.0,166,"demo_00_filtered +15,+10 deg",offset,15.0,10.0,False,nan,nan,0.22074449015172878,0.28116807197472177,0.25158455078239594
0.0,167,"demo_00_filtered +15,+12.5 deg",offset,15.0,12.5,True,6.640000000000001,-0.6399999999999997,0.2499613551444004,0.30866632015451206,0.12238211338203733
0.0,168,"demo_00_filtered +15,+15 deg",offset,15.0,15.0,True,5.29,-1.9900000000000002,0.2797423002145407,0.32911346955845616,0.0662878717402888
0.05,0,"demo_00_filtered -15,-15 deg",offset,-15.0,-15.0,True,1.4000000000000001,-5.88,0.20568323584403864,0.3722577662465813,0.22173858073471503
0.05,1,"demo_00_filtered -15,-12.5 deg",offset,-15.0,-12.5,True,1.46,-5.82,0.17521633170020057,0.34016552460616184,0.23906714789013445
0.05,2,"demo_00_filtered -15,-10 deg",offset,-15.0,-10.0,True,1.56,-5.720000000000001,0.14830515106050204,0.3094066315076212,0.2507239108267954
0.05,3,"demo_00_filtered -15,-7.5 deg",offset,-15.0,-7.5,True,1.7,-5.58,0.12522050863348078,0.2804879967071731,0.2540527015338646
0.05,4,"demo_00_filtered -15,-5 deg",offset,-15.0,-5.0,True,1.97,-5.3100000000000005,0.1061004195735338,0.25410276431812856,0.23141341475377164
0.05,5,"demo_00_filtered -15,-2.5 deg",offset,-15.0,-2.5,True,2.66,-4.62,0.09097020760590534,0.2311783066722614,0.14822987442330587
0.05,6,"demo_00_filtered -15,+0 deg",offset,-15.0,0.0,True,5.04,-2.24,0.0798776758089538,0.21287883178434175,0.03227478869805779
0.05,7,"demo_00_filtered -15,+2.5 deg",offset,-15.0,2.5,True,7.74,0.45999999999999996,0.07308780462083629,0.2005175719784051,0.028594159647936365
0.05,8,"demo_00_filtered -15,+5 deg",offset,-15.0,5.0,True,8.41,1.13,0.07113112471481925,0.19525354916435655,0.029263911757089367
0.05,9,"demo_00_filtered -15,+7.5 deg",offset,-15.0,7.5,True,8.63,1.3500000000000005,0.07447644046741218,0.19748732425538934,0.029284457952331183
0.05,10,"demo_00_filtered -15,+10 deg",offset,-15.0,10.0,True,8.75,1.4699999999999998,0.08306599079127693,0.206467727056983,0.028318906759800037
0.05,11,"demo_00_filtered -15,+12.5 deg",offset,-15.0,12.5,True,8.82,1.54,0.09628985059632153,0.22199196355207015,0.026817998134983048
0.05,12,"demo_00_filtered -15,+15 deg",offset,-15.0,15.0,True,8.870000000000001,1.5900000000000007,0.11334985245613648,0.24278243515912856,0.02510007184350477
0.05,13,"demo_00_filtered -12.5,-15 deg",offset,-12.5,-15.0,True,1.3900000000000001,-5.890000000000001,0.17840849404862177,0.33581712526057844,0.23831354402146793
0.05,14,"demo_00_filtered -12.5,-12.5 deg",offset,-12.5,-12.5,True,1.46,-5.82,0.14942561109907884,0.30312453598391825,0.25855376272065894
0.05,15,"demo_00_filtered -12.5,-10 deg",offset,-12.5,-10.0,True,1.55,-5.73,0.12408306794983373,0.2716424723818591,0.2786193398325931
0.05,16,"demo_00_filtered -12.5,-7.5 deg",offset,-12.5,-7.5,True,1.69,-5.59,0.10257974587789444,0.24191673928653468,0.28900953956667313
0.05,17,"demo_00_filtered -12.5,-5 deg",offset,-12.5,-5.0,True,1.97,-5.3100000000000005,0.08497977207937152,0.21474766221637623,0.2672675109911728
0.05,18,"demo_00_filtered -12.5,-2.5 deg",offset,-12.5,-2.5,True,2.73,-4.550000000000001,0.0712397395579599,0.1912898312996484,0.16305567569760884
0.05,19,"demo_00_filtered -12.5,+0 deg",offset,-12.5,0.0,True,5.48,-1.7999999999999998,0.06138581708703792,0.17310630848029138,0.03456215022892563
0.05,20,"demo_00_filtered -12.5,+2.5 deg",offset,-12.5,2.5,True,7.98,0.7000000000000002,0.05579020832935619,0.16202000805765324,0.03254361640357
0.05,21,"demo_00_filtered -12.5,+5 deg",offset,-12.5,5.0,True,8.51,1.2299999999999995,0.055206120468657964,0.1595470877478167,0.03350864463399282
0.05,22,"demo_00_filtered -12.5,+7.5 deg",offset,-12.5,7.5,True,8.700000000000001,1.4200000000000008,0.060181723213409276,0.16545139555940092,0.03302112492790366
0.05,23,"demo_00_filtered -12.5,+10 deg",offset,-12.5,10.0,True,8.790000000000001,1.5100000000000007,0.07044508341371082,0.17908683049414909,0.031316772754325595
0.05,24,"demo_00_filtered -12.5,+12.5 deg",offset,-12.5,12.5,True,8.86,1.5799999999999992,0.0851455974667827,0.19920154398287243,0.0290557020376326
0.05,25,"demo_00_filtered -12.5,+15 deg",offset,-12.5,15.0,True,8.9,1.62,0.10341702380973719,0.22402509447427488,0.02677220480443422
0.05,26,"demo_00_filtered -10,-15 deg",offset,-10.0,-15.0,True,1.3800000000000001,-5.9,0.15302525118349902,0.30114503903297746,0.2547686228517722
0.05,27,"demo_00_filtered -10,-12.5 deg",offset,-10.0,-12.5,True,1.45,-5.83,0.12568923481538488,0.2677394146195714,0.28197044394748444
0.05,28,"demo_00_filtered -10,-10 deg",offset,-10.0,-10.0,True,1.54,-5.74,0.10207485492602099,0.23533910162911448,0.3093302180525504
0.05,29,"demo_00_filtered -10,-7.5 deg",offset,-10.0,-7.5,True,1.69,-5.59,0.08227894849675198,0.20449838465593828,0.3292470915150717
0.05,30,"demo_00_filtered -10,-5 deg",offset,-10.0,-5.0,True,1.97,-5.3100000000000005,0.06626227561403167,0.176103621475446,0.31498142059620743
0.05,31,"demo_00_filtered -10,-2.5 deg",offset,-10.0,-2.5,True,2.81,-4.470000000000001,0.05389133019931902,0.1516133987632462,0.18270407948237213
0.05,32,"demo_00_filtered -10,+0 deg",offset,-10.0,0.0,True,5.98,-1.2999999999999998,0.04517687448520891,0.13325308662635776,0.03845076230195312
0.05,33,"demo_00_filtered -10,+2.5 deg",offset,-10.0,2.5,True,8.17,0.8899999999999997,0.04068086595597538,0.12381119690651744,0.03838561042509743
0.05,34,"demo_00_filtered -10,+5 deg",offset,-10.0,5.0,True,8.59,1.3099999999999996,0.041499112475725436,0.1252980207547957,0.03947213246413834
0.05,35,"demo_00_filtered -10,+7.5 deg",offset,-10.0,7.5,True,8.75,1.4699999999999998,0.048177469786095876,0.1361900127478365,0.037757916423498905
0.05,36,"demo_00_filtered -10,+10 deg",offset,-10.0,10.0,True,8.84,1.5599999999999996,0.06004930248455757,0.1555738554863476,0.03467483575853407
0.05,37,"demo_00_filtered -10,+12.5 deg",offset,-10.0,12.5,True,8.89,1.6100000000000003,0.07604032958319348,0.1807083165450938,0.03142926588445782
0.05,38,"demo_00_filtered -10,+15 deg",offset,-10.0,15.0,True,8.93,1.6499999999999995,0.09531829936656289,0.20949568889773368,0.028426504697632738
0.05,39,"demo_00_filtered -7.5,-15 deg",offset,-7.5,-15.0,True,1.37,-5.91,0.12966773269366974,0.26899654651593896,0.2724535369649726
0.05,40,"demo_00_filtered -7.5,-12.5 deg",offset,-7.5,-12.5,True,1.44,-5.84,0.10413592982599626,0.23484343215357048,0.30452740460131617
0.05,41,"demo_00_filtered -7.5,-10 deg",offset,-7.5,-10.0,True,1.54,-5.74,0.08239628821026158,0.2013776475390451,0.34235938809787
0.05,42,"demo_00_filtered -7.5,-7.5 deg",offset,-7.5,-7.5,True,1.69,-5.59,0.06441286613626229,0.16908267475798583,0.37538417577179795
0.05,43,"demo_00_filtered -7.5,-5 deg",offset,-7.5,-5.0,True,1.98,-5.300000000000001,0.05001197720440608,0.13886725222441254,0.375822037745118
0.05,44,"demo_00_filtered -7.5,-2.5 deg",offset,-7.5,-2.5,True,2.9,-4.380000000000001,0.03894975159566303,0.11248900871190617,0.21023973540134117
0.05,45,"demo_00_filtered -7.5,+0 deg",offset,-7.5,0.0,True,6.5200000000000005,-0.7599999999999998,0.031237712862011182,0.09334029946949414,0.046013281285528916
0.05,46,"demo_00_filtered -7.5,+2.5 deg",offset,-7.5,2.5,True,8.34,1.0599999999999996,0.027782148327214668,0.08639603194917861,0.04824416837309408
0.05,47,"demo_00_filtered -7.5,+5 deg",offset,-7.5,5.0,True,8.67,1.3899999999999997,0.030196387735453734,0.09345077971847526,0.04802127043360602
0.05,48,"demo_00_filtered -7.5,+7.5 deg",offset,-7.5,7.5,True,8.8,1.5200000000000005,0.03871346089720272,0.11197625770655525,0.04346514842483808
0.05,49,"demo_00_filtered -7.5,+10 deg",offset,-7.5,10.0,True,8.88,1.6000000000000005,0.05205687859625742,0.13797570843286386,0.03824707344177683
0.05,50,"demo_00_filtered -7.5,+12.5 deg",offset,-7.5,12.5,True,8.92,1.6399999999999997,0.06909573339041913,0.16797775877881035,0.033711034730807915
0.05,51,"demo_00_filtered -7.5,+15 deg",offset,-7.5,15.0,True,8.950000000000001,1.6700000000000008,0.08916320906920584,0.20014720353236348,0.029947739974971188
0.05,52,"demo_00_filtered -5,-15 deg",offset,-5.0,-15.0,True,1.36,-5.92,0.10845231581583348,0.2398726224826671,0.2930646063832128
0.05,53,"demo_00_filtered -5,-12.5 deg",offset,-5.0,-12.5,True,1.44,-5.84,0.0848673814666056,0.20539642083508022,0.33097569900069496
0.05,54,"demo_00_filtered -5,-10 deg",offset,-5.0,-10.0,True,1.54,-5.74,0.06512058646826792,0.17109651755078284,0.37467021390908056
0.05,55,"demo_00_filtered -5,-7.5 deg",offset,-5.0,-7.5,True,1.69,-5.59,0.04901763776863887,0.1372978923167245,0.4281262836382476
0.05,56,"demo_00_filtered -5,-5 deg",offset,-5.0,-5.0,True,2.0,-5.28,0.0362230749516043,0.10464378643480776,0.4491106081447506
0.05,57,"demo_00_filtered -5,-2.5 deg",offset,-5.0,-2.5,True,3.0300000000000002,-4.25,0.026364495609536732,0.07491652107098119,0.24668373180811926
0.05,58,"demo_00_filtered -5,+0 deg",offset,-5.0,0.0,True,7.04,-0.2400000000000002,0.019486565025445848,0.05339422797526491,0.06384436767143449
0.05,59,"demo_00_filtered -5,+2.5 deg",offset,-5.0,2.5,True,8.47,1.1900000000000004,0.017207598247883298,0.05144633841485029,0.06849010850500246
0.05,60,"demo_00_filtered -5,+5 deg",offset,-5.0,5.0,True,8.74,1.46,0.021792421493826708,0.06862822000810305,0.059831690173005235
0.05,61,"demo_00_filtered -5,+7.5 deg",offset,-5.0,7.5,True,8.85,1.5699999999999994,0.03222565493573597,0.09673968843255346,0.04939222719544544
0.05,62,"demo_00_filtered -5,+10 deg",offset,-5.0,10.0,True,8.91,1.63,0.04673210322597122,0.1287794289269056,0.04142556210197411
0.05,63,"demo_00_filtered -5,+12.5 deg",offset,-5.0,12.5,True,8.950000000000001,1.6700000000000008,0.06450264669230744,0.16239701420380187,0.03552950255601328
0.05,64,"demo_00_filtered -5,+15 deg",offset,-5.0,15.0,True,8.98,1.7000000000000002,0.08511933487970876,0.19673797462300235,0.03106310740365844
0.05,65,"demo_00_filtered -2.5,-15 deg",offset,-2.5,-15.0,True,1.35,-5.93,0.08947362812908703,0.21380624822322195,0.31308799741269205
0.05,66,"demo_00_filtered -2.5,-12.5 deg",offset,-2.5,-12.5,True,1.43,-5.8500000000000005,0.06795288853630148,0.17890391120537133,0.3622605475448106
0.05,67,"demo_00_filtered -2.5,-10 deg",offset,-2.5,-10.0,True,1.54,-5.74,0.050270909182733754,0.14406258440073114,0.4201392731107143
0.05,68,"demo_00_filtered -2.5,-7.5 deg",offset,-2.5,-7.5,True,1.7,-5.58,0.036061340872028724,0.10943851262747113,0.4862947497185776
0.05,69,"demo_00_filtered -2.5,-5 deg",offset,-2.5,-5.0,True,2.04,-5.24,0.024811165599402062,0.07544267284375665,0.5212253225288889
0.05,70,"demo_00_filtered -2.5,-2.5 deg",offset,-2.5,-2.5,True,3.2,-4.08,0.01600186580762815,0.04289055680822118,0.2795837436434462
0.05,71,"demo_00_filtered -2.5,+0 deg",offset,-2.5,0.0,True,7.5,0.21999999999999975,0.009797619368821509,0.013537655860217272,0.1926905145824904
0.05,72,"demo_00_filtered -2.5,+2.5 deg",offset,-2.5,2.5,True,8.59,1.3099999999999996,0.009764766175741086,0.027047699455166028,0.11071691559215056
0.05,73,"demo_00_filtered -2.5,+5 deg",offset,-2.5,5.0,True,8.81,1.5300000000000002,0.01741076433738091,0.06031296767422525,0.07023230789862102
0.05,74,"demo_00_filtered -2.5,+7.5 deg",offset,-2.5,7.5,True,8.9,1.62,0.029266359287628097,0.09490878436960798,0.05307662733977536
0.05,75,"demo_00_filtered -2.5,+10 deg",offset,-2.5,10.0,True,8.950000000000001,1.6700000000000008,0.04436640178110584,0.12961701894314578,0.0430911352967251
0.05,76,"demo_00_filtered -2.5,+12.5 deg",offset,-2.5,12.5,True,8.98,1.7000000000000002,0.062480066416404745,0.1644905456953415,0.03642814925824429
0.05,77,"demo_00_filtered -2.5,+15 deg",offset,-2.5,15.0,True,9.0,1.7199999999999998,0.08337118570633813,0.1993937247274077,0.03162053649922877
0.05,78,"demo_00_filtered +0,-15 deg",offset,0.0,-15.0,True,1.35,-5.93,0.07279967295748238,0.19088242309510517,0.3350091097759804
0.05,79,"demo_00_filtered +0,-12.5 deg",offset,0.0,-12.5,True,1.43,-5.8500000000000005,0.05342251823064508,0.15606301436626746,0.39103987669388307
0.05,80,"demo_00_filtered +0,-10 deg",offset,0.0,-10.0,True,1.54,-5.74,0.03781314663063613,0.12147668558465069,0.4691435640247
0.05,81,"demo_00_filtered +0,-7.5 deg",offset,0.0,-7.5,True,1.72,-5.5600000000000005,0.02543749524508076,0.0869719753350194,0.5705025883957467
0.05,82,"demo_00_filtered +0,-5 deg",offset,0.0,-5.0,True,2.1,-5.18,0.015611220323512398,0.053198280730715815,0.6452523091388586
0.05,83,"demo_00_filtered +0,-2.5 deg",offset,0.0,-2.5,True,3.44,-3.8400000000000003,0.007647442278661176,0.019164954969740734,0.2531944219597584
0.05,84,demo_00_filtered,demonstrated,0.0,0.0,True,7.87,0.5899999999999999,0.002617810475183474,0.0044559497447900056,nan
0.05,85,"demo_00_filtered +0,+2.5 deg",offset,0.0,2.5,True,8.69,1.4099999999999993,0.008589143559836115,0.03490381605529781,0.09830487873239552
0.05,86,"demo_00_filtered +0,+5 deg",offset,0.0,5.0,True,8.86,1.5799999999999992,0.01795800988177733,0.06979101978453763,0.06751694598976138
0.05,87,"demo_00_filtered +0,+7.5 deg",offset,0.0,7.5,True,8.94,1.6599999999999993,0.030016064856149226,0.10464500676822885,0.05198046990495405
0.05,88,"demo_00_filtered +0,+10 deg",offset,0.0,10.0,True,8.98,1.7000000000000002,0.04508040649391855,0.1390275095674234,0.04254921300756609
0.05,89,"demo_00_filtered +0,+12.5 deg",offset,0.0,12.5,True,9.0,1.7199999999999998,0.06316030473313909,0.17314011054641334,0.0361463976952744
0.05,90,"demo_00_filtered +0,+15 deg",offset,0.0,15.0,True,9.02,1.7399999999999993,0.08404396341826238,0.20724771324218016,0.03145344382103153
0.05,91,"demo_00_filtered +2.5,-15 deg",offset,2.5,-15.0,True,1.34,-5.94,0.058460963758873954,0.16739678605345962,0.3640375393853204
0.05,92,"demo_00_filtered +2.5,-12.5 deg",offset,2.5,-12.5,True,1.43,-5.8500000000000005,0.04125418675465458,0.1325352501222756,0.4339381743798182
0.05,93,"demo_00_filtered +2.5,-10 deg",offset,2.5,-10.0,True,1.56,-5.720000000000001,0.02764569355734569,0.09763467360856345,0.5204848709610793
0.05,94,"demo_00_filtered +2.5,-7.5 deg",offset,2.5,-7.5,True,1.77,-5.51,0.016961421028852886,0.06406977103985953,0.6535637985956938
0.05,95,"demo_00_filtered +2.5,-5 deg",offset,2.5,-5.0,True,2.23,-5.050000000000001,0.008397651416296323,0.0363909800160299,0.800926712932962
0.05,96,"demo_00_filtered +2.5,-2.5 deg",offset,2.5,-2.5,True,3.8000000000000003,-3.48,0.001280279213547283,0.007359589600940117,0.4923461794884019
0.05,97,"demo_00_filtered +2.5,+0 deg",offset,2.5,0.0,True,8.17,0.8899999999999997,0.005710525136664,0.03897790632261277,0.0697312101741311
0.05,98,"demo_00_filtered +2.5,+2.5 deg",offset,2.5,2.5,True,8.78,1.4999999999999991,0.013060961623307043,0.0602008378124066,0.07010065722194979
0.05,99,"demo_00_filtered +2.5,+5 deg",offset,2.5,5.0,True,8.91,1.63,0.02215644688467478,0.08922641072168017,0.05822060650555142
0.05,100,"demo_00_filtered +2.5,+7.5 deg",offset,2.5,7.5,True,8.97,1.6900000000000004,0.03387954125693594,0.12085930655967744,0.04770290414697209
0.05,101,"demo_00_filtered +2.5,+10 deg",offset,2.5,10.0,True,9.0,1.7199999999999998,0.048649011503105306,0.15345471447338688,0.04035413401108444
0.05,102,"demo_00_filtered +2.5,+12.5 deg",offset,2.5,12.5,True,9.02,1.7399999999999993,0.06647719955762307,0.18646303705089487,0.03493266902213994
0.05,103,"demo_00_filtered +2.5,+15 deg",offset,2.5,15.0,True,9.040000000000001,1.7600000000000007,0.08713490585116133,0.21964962606905003,0.030698474443101323
0.05,104,"demo_00_filtered +5,-15 deg",offset,5.0,-15.0,True,1.32,-5.96,0.0464292217811474,0.14689295922299517,0.3991587267039782
0.05,105,"demo_00_filtered +5,-12.5 deg",offset,5.0,-12.5,True,1.44,-5.84,0.03135168357747679,0.11221841544428503,0.47893279748234124
0.05,106,"demo_00_filtered +5,-10 deg",offset,5.0,-10.0,True,1.59,-5.69,0.019584208485672026,0.07808047452852551,0.6085754258303976
0.05,107,"demo_00_filtered +5,-7.5 deg",offset,5.0,-7.5,True,1.85,-5.43,0.010372272194298402,0.04979634717337028,0.7741182759993457
0.05,108,"demo_00_filtered +5,-5 deg",offset,5.0,-5.0,True,2.5500000000000003,-4.73,0.0031116733902284374,0.009640156355590363,0.5795702744893175
0.05,109,"demo_00_filtered +5,-2.5 deg",offset,5.0,-2.5,True,4.25,-3.0300000000000002,0.00467366174919736,0.025776518568783803,0.3271929989640435
0.05,110,"demo_00_filtered +5,+0 deg",offset,5.0,0.0,True,8.39,1.1100000000000003,0.011298422213082434,0.06051514677916187,0.05731456017888965
0.05,111,"demo_00_filtered +5,+2.5 deg",offset,5.0,2.5,True,8.85,1.5699999999999994,0.01886910896405512,0.09422484798209368,0.04953127033788728
0.05,112,"demo_00_filtered +5,+5 deg",offset,5.0,5.0,True,8.96,1.6800000000000006,0.02816716878449121,0.11840443716586918,0.04819102783829696
0.05,113,"demo_00_filtered +5,+7.5 deg",offset,5.0,7.5,True,9.0,1.7199999999999998,0.039935385303670926,0.14529662439833216,0.042944442957039204
0.05,114,"demo_00_filtered +5,+10 deg",offset,5.0,10.0,True,9.03,1.7499999999999991,0.054581471944201806,0.17429161346317143,0.03761141227416892
0.05,115,"demo_00_filtered +5,+12.5 deg",offset,5.0,12.5,True,9.040000000000001,1.7600000000000007,0.07216291633949941,0.2044537695868019,0.033141734385780025
0.05,116,"demo_00_filtered +5,+15 deg",offset,5.0,15.0,True,9.05,1.7700000000000005,0.09249791500018689,0.23528853643134554,0.029471850089723594
0.05,117,"demo_00_filtered +7.5,-15 deg",offset,7.5,-15.0,True,1.31,-5.970000000000001,0.0365878790525083,0.1219671312278732,0.4407623927834143
0.05,118,"demo_00_filtered +7.5,-12.5 deg",offset,7.5,-12.5,True,1.44,-5.84,0.023518127228741338,0.08708369285910866,0.5476522210099688
0.05,119,"demo_00_filtered +7.5,-10 deg",offset,7.5,-10.0,True,1.6300000000000001,-5.65,0.013344998156134507,0.056768303327541264,0.7022402181081763
0.05,120,"demo_00_filtered +7.5,-7.5 deg",offset,7.5,-7.5,True,2.0300000000000002,-5.25,0.005360574189368282,0.02473733261712185,0.8833693813823672
0.05,121,"demo_00_filtered +7.5,-5 deg",offset,7.5,-5.0,True,4.4,-2.88,0.002935157670640857,0.055098124152556646,2.1265222684711373
0.05,122,"demo_00_filtered +7.5,-2.5 deg",offset,7.5,-2.5,True,4.69,-2.59,0.009281691116002163,0.049616801478391495,0.25660006603173596
0.05,123,"demo_00_filtered +7.5,+0 deg",offset,7.5,0.0,True,8.55,1.2700000000000005,0.016575311226796743,0.08219210101102802,0.05626510075602806
0.05,124,"demo_00_filtered +7.5,+2.5 deg",offset,7.5,2.5,True,8.91,1.63,0.025020087344843272,0.11482140750018173,0.04396804442285711
0.05,125,"demo_00_filtered +7.5,+5 deg",offset,7.5,5.0,True,9.0,1.7199999999999998,0.035161284152865874,0.14794356162360803,0.040349452570210144
0.05,126,"demo_00_filtered +7.5,+7.5 deg",offset,7.5,7.5,True,9.03,1.7499999999999991,0.04749694516561998,0.17450102488327285,0.03787458048460579
0.05,127,"demo_00_filtered +7.5,+10 deg",offset,7.5,10.0,True,9.05,1.7700000000000005,0.062357577433942595,0.1998017210383359,0.034469854538260666
0.05,128,"demo_00_filtered +7.5,+12.5 deg",offset,7.5,12.5,True,9.06,1.7800000000000002,0.07985146133314516,0.22677381360346685,0.03112691335009767
0.05,129,"demo_00_filtered +7.5,+15 deg",offset,7.5,15.0,True,9.07,1.79,0.0998879087042359,0.2548442867216326,0.0281272924057217
0.05,130,"demo_00_filtered +10,-15 deg",offset,10.0,-15.0,True,1.29,-5.99,0.028706536662617407,0.09691047571435699,0.48090537874194317
0.05,131,"demo_00_filtered +10,-12.5 deg",offset,10.0,-12.5,True,1.45,-5.83,0.017439120402374192,0.062233980981491945,0.6306635129170125
0.05,132,"demo_00_filtered +10,-10 deg",offset,10.0,-10.0,True,1.73,-5.550000000000001,0.008537389498745546,0.03422514933649565,0.8404584534268693
0.05,133,"demo_00_filtered +10,-7.5 deg",offset,10.0,-7.5,True,2.88,-4.4,0.001910484110484018,0.02822674803355217,3.022601887440375
0.05,134,"demo_00_filtered +10,-5 deg",offset,10.0,-5.0,False,nan,nan,0.00641417681966795,0.1008919853950355,1.8763156412431337
0.05,135,"demo_00_filtered +10,-2.5 deg",offset,10.0,-2.5,True,5.14,-2.1400000000000006,0.013619948959887468,0.07381051128740926,0.1853893074595992
0.05,136,"demo_00_filtered +10,+0 deg",offset,10.0,0.0,True,8.67,1.3899999999999997,0.02188916950499876,0.10721326661235851,0.054980396835177005
0.05,137,"demo_00_filtered +10,+2.5 deg",offset,10.0,2.5,True,8.96,1.6800000000000006,0.031571705540836104,0.13966962058381904,0.04273112789610276
0.05,138,"demo_00_filtered +10,+5 deg",offset,10.0,5.0,True,9.03,1.7499999999999991,0.04293075363835283,0.1713660963374544,0.03701027328311753
0.05,139,"demo_00_filtered +10,+7.5 deg",offset,10.0,7.5,True,9.06,1.7800000000000002,0.056199296706064036,0.20215340554898473,0.033669087720845634
0.05,140,"demo_00_filtered +10,+10 deg",offset,10.0,10.0,True,9.07,1.79,0.07158082621492973,0.22838490988506888,0.03142045213731212
0.05,141,"demo_00_filtered +10,+12.5 deg",offset,10.0,12.5,True,9.08,1.7999999999999998,0.08919370849715261,0.2522403582502931,0.02895579836409874
0.05,142,"demo_00_filtered +10,+15 deg",offset,10.0,15.0,True,9.08,1.7999999999999998,0.10903019101932772,0.27745712839567044,0.026603870230704634
0.05,143,"demo_00_filtered +12.5,-15 deg",offset,12.5,-15.0,True,1.26,-6.0200000000000005,0.02243647478948848,0.07138829203842334,0.5100637197484116
0.05,144,"demo_00_filtered +12.5,-12.5 deg",offset,12.5,-12.5,True,1.47,-5.8100000000000005,0.012693114623586833,0.03807237845292582,0.6679163731572249
0.05,145,"demo_00_filtered +12.5,-10 deg",offset,12.5,-10.0,True,2.02,-5.26,0.004677480015324875,0.004248253521799585,nan
0.05,146,"demo_00_filtered +12.5,-7.5 deg",offset,12.5,-7.5,False,nan,nan,0.002905168626934693,0.10280288300641194,2.522025599138109
0.05,147,"demo_00_filtered +12.5,-5 deg",offset,12.5,-5.0,False,nan,nan,0.01005036814021643,0.08531222658890213,1.1257739896372942
0.05,148,"demo_00_filtered +12.5,-2.5 deg",offset,12.5,-2.5,True,5.58,-1.7000000000000002,0.018149866553360296,0.10000627110420596,0.15334091750126977
0.05,149,"demo_00_filtered +12.5,+0 deg",offset,12.5,0.0,True,8.73,1.4500000000000002,0.027644873616195095,0.13236998684868304,0.05438981971441906
0.05,150,"demo_00_filtered +12.5,+2.5 deg",offset,12.5,2.5,True,9.0,1.7199999999999998,0.03875180792876327,0.16447233827177746,0.04123501015632427
0.05,151,"demo_00_filtered +12.5,+5 deg",offset,12.5,5.0,True,9.06,1.7800000000000002,0.051498874867195926,0.19625715306567176,0.035638257578015135
0.05,152,"demo_00_filtered +12.5,+7.5 deg",offset,12.5,7.5,True,9.08,1.7999999999999998,0.06589578604772332,0.22697056243277078,0.031666196154022545
0.05,153,"demo_00_filtered +12.5,+10 deg",offset,12.5,10.0,True,9.09,1.8099999999999996,0.08200743828915107,0.256098147065286,0.028803507794988654
0.05,154,"demo_00_filtered +12.5,+12.5 deg",offset,12.5,12.5,True,9.09,1.8099999999999996,0.09992056758982193,0.27995469294675435,0.02693532638606191
0.05,155,"demo_00_filtered +12.5,+15 deg",offset,12.5,15.0,True,9.1,1.8199999999999994,0.11967685321569524,0.3024042417380517,0.025030798815700264
0.05,156,"demo_00_filtered +15,-15 deg",offset,15.0,-15.0,True,1.22,-6.0600000000000005,0.017337936434429376,0.048151308543842995,0.5416071982867433
0.05,157,"demo_00_filtered +15,-12.5 deg",offset,15.0,-12.5,True,1.54,-5.74,0.008800849556642678,0.013731991215720593,0.5337561471737552
0.05,158,"demo_00_filtered +15,-10 deg",offset,15.0,-10.0,True,3.0700000000000003,-4.21,0.0012520401003405352,0.04800598370749628,1.623940233766024
0.05,159,"demo_00_filtered +15,-7.5 deg",offset,15.0,-7.5,False,nan,nan,0.006115844669388378,0.0998326581914006,1.3560719023175085
0.05,160,"demo_00_filtered +15,-5 deg",offset,15.0,-5.0,False,nan,nan,0.014082021029093127,0.089268008936042,0.8008921033540346
0.05,161,"demo_00_filtered +15,-2.5 deg",offset,15.0,-2.5,True,5.8100000000000005,-1.4699999999999998,0.023315285339481608,0.1234984214670776,0.14318070408500563
0.05,162,"demo_00_filtered +15,+0 deg",offset,15.0,0.0,True,8.73,1.4500000000000002,0.03420241879702957,0.15773130243356837,0.054934759799426226
0.05,163,"demo_00_filtered +15,+2.5 deg",offset,15.0,2.5,True,9.02,1.7399999999999993,0.046802203746065855,0.1909379048085827,0.040714775328290494
0.05,164,"demo_00_filtered +15,+5 deg",offset,15.0,5.0,True,9.08,1.7999999999999998,0.06097538862288469,0.22159584877202332,0.03429859776824994
0.05,165,"demo_00_filtered +15,+7.5 deg",offset,15.0,7.5,True,9.1,1.8199999999999994,0.07656805056340003,0.25176918565412293,0.030441328448661164
0.05,166,"demo_00_filtered +15,+10 deg",offset,15.0,10.0,True,9.1,1.8199999999999994,0.09351838794552068,0.28116807197472177,0.0275346848463403
0.05,167,"demo_00_filtered +15,+12.5 deg",offset,15.0,12.5,True,9.11,1.8299999999999992,0.11185518358947459,0.30866632015451206,0.02513747966486976
0.05,168,"demo_00_filtered +15,+15 deg",offset,15.0,15.0,True,9.11,1.8299999999999992,0.13163449861139567,0.32911346955845616,0.023582687443684094
0.1,0,"demo_00_filtered -15,-15 deg",offset,-15.0,-15.0,True,1.37,-5.91,0.17078890953138165,0.3722577662465813,0.22848982308316879
0.1,1,"demo_00_filtered -15,-12.5 deg",offset,-15.0,-12.5,True,1.43,-5.8500000000000005,0.1418177681154155,0.34016552460616184,0.2460345307393528
0.1,2,"demo_00_filtered -15,-10 deg",offset,-15.0,-10.0,True,1.52,-5.76,0.11640463981631619,0.3094066315076212,0.25983554259174113
0.1,3,"demo_00_filtered -15,-7.5 deg",offset,-15.0,-7.5,True,1.6500000000000001,-5.63,0.09481965070487866,0.2804879967071731,0.26584575412754413
0.1,4,"demo_00_filtered -15,-5 deg",offset,-15.0,-5.0,True,1.8900000000000001,-5.390000000000001,0.07718116353000475,0.25410276431812856,0.2487276172700339
0.1,5,"demo_00_filtered -15,-2.5 deg",offset,-15.0,-2.5,True,2.5100000000000002,-4.77,0.06341882025106856,0.2311783066722614,0.17118648007988801
0.1,6,"demo_00_filtered -15,+0 deg",offset,-15.0,0.0,True,4.82,-2.46,0.053339036623540656,0.21287883178434175,0.035756710117275575
0.1,7,"demo_00_filtered -15,+2.5 deg",offset,-15.0,2.5,True,7.74,0.45999999999999996,0.046892341447390025,0.2005175719784051,0.030286437536123506
0.1,8,"demo_00_filtered -15,+5 deg",offset,-15.0,5.0,True,8.43,1.1499999999999995,0.0445418574181001,0.19525354916435655,0.030915147827404385
0.1,9,"demo_00_filtered -15,+7.5 deg",offset,-15.0,7.5,True,8.65,1.37,0.047096254972554985,0.19748732425538934,0.030872486831288532
0.1,10,"demo_00_filtered -15,+10 deg",offset,-15.0,10.0,True,8.76,1.4799999999999995,0.05483697808626051,0.206467727056983,0.029826437201728204
0.1,11,"demo_00_filtered -15,+12.5 deg",offset,-15.0,12.5,True,8.83,1.5499999999999998,0.06719703947375755,0.22199196355207015,0.028200971224418062
0.1,12,"demo_00_filtered -15,+15 deg",offset,-15.0,15.0,True,8.88,1.6000000000000005,0.08332786511770889,0.24278243515912856,0.026363708139384538
0.1,13,"demo_00_filtered -12.5,-15 deg",offset,-12.5,-15.0,True,1.36,-5.92,0.14512920033876953,0.33581712526057844,0.24558599679887416
0.1,14,"demo_00_filtered -12.5,-12.5 deg",offset,-12.5,-12.5,True,1.42,-5.86,0.11798735745272078,0.30312453598391825,0.2677059497193915
0.1,15,"demo_00_filtered -12.5,-10 deg",offset,-12.5,-10.0,True,1.51,-5.7700000000000005,0.09447062228291711,0.2716424723818591,0.2884972254843715
0.1,16,"demo_00_filtered -12.5,-7.5 deg",offset,-12.5,-7.5,True,1.6400000000000001,-5.640000000000001,0.07475575310553348,0.24191673928653468,0.30219919914652404
0.1,17,"demo_00_filtered -12.5,-5 deg",offset,-12.5,-5.0,True,1.8800000000000001,-5.4,0.05888238734488621,0.21474766221637623,0.2889028678205944
0.1,18,"demo_00_filtered -12.5,-2.5 deg",offset,-12.5,-2.5,True,2.5500000000000003,-4.73,0.04669266891712263,0.1912898312996484,0.19336400773361243
0.1,19,"demo_00_filtered -12.5,+0 deg",offset,-12.5,0.0,True,5.21,-2.0700000000000003,0.0378871054399822,0.17310630848029138,0.037621179509773235
0.1,20,"demo_00_filtered -12.5,+2.5 deg",offset,-12.5,2.5,True,7.98,0.7000000000000002,0.03241380321955526,0.16202000805765324,0.03435150617012152
0.1,21,"demo_00_filtered -12.5,+5 deg",offset,-12.5,5.0,True,8.52,1.2399999999999993,0.031051556082940183,0.1595470877478167,0.03536467357783156
0.1,22,"demo_00_filtered -12.5,+7.5 deg",offset,-12.5,7.5,True,8.71,1.4300000000000006,0.03496456454273456,0.16545139555940092,0.03478845042402961
0.1,23,"demo_00_filtered -12.5,+10 deg",offset,-12.5,10.0,True,8.81,1.5300000000000002,0.04419982955601795,0.17908683049414909,0.03290139523006629
0.1,24,"demo_00_filtered -12.5,+12.5 deg",offset,-12.5,12.5,True,8.870000000000001,1.5900000000000007,0.057804209061855426,0.19920154398287243,0.030516667783647193
0.1,25,"demo_00_filtered -12.5,+15 deg",offset,-12.5,15.0,True,8.91,1.63,0.0748711478768152,0.22402509447427488,0.02809322814253751
0.1,26,"demo_00_filtered -10,-15 deg",offset,-10.0,-15.0,True,1.35,-5.93,0.12140014111937483,0.30114503903297746,0.2626577585813211
0.1,27,"demo_00_filtered -10,-12.5 deg",offset,-10.0,-12.5,True,1.41,-5.87,0.09628393532122324,0.2677394146195714,0.2918667029723264
0.1,28,"demo_00_filtered -10,-10 deg",offset,-10.0,-10.0,True,1.5,-5.78,0.07486610581691827,0.23533910162911448,0.3201344056824817
0.1,29,"demo_00_filtered -10,-7.5 deg",offset,-10.0,-7.5,True,1.6300000000000001,-5.65,0.05718354217972707,0.20449838465593828,0.3459672050512874
0.1,30,"demo_00_filtered -10,-5 deg",offset,-10.0,-5.0,True,1.8800000000000001,-5.4,0.043159385645651666,0.176103621475446,0.34084285216023413
0.1,31,"demo_00_filtered -10,-2.5 deg",offset,-10.0,-2.5,True,2.59,-4.69,0.03253219169612035,0.1516133987632462,0.22466622576196663
0.1,32,"demo_00_filtered -10,+0 deg",offset,-10.0,0.0,True,5.67,-1.6100000000000003,0.024880993033183692,0.13325308662635776,0.04130346361348808
0.1,33,"demo_00_filtered -10,+2.5 deg",offset,-10.0,2.5,True,8.17,0.8899999999999997,0.020165054030517174,0.12381119690651744,0.04036327015339653
0.1,34,"demo_00_filtered -10,+5 deg",offset,-10.0,5.0,True,8.61,1.3299999999999992,0.019746085021585327,0.1252980207547957,0.04151303895268042
0.1,35,"demo_00_filtered -10,+7.5 deg",offset,-10.0,7.5,True,8.77,1.4899999999999993,0.025213077489160074,0.1361900127478365,0.03966687574379769
0.1,36,"demo_00_filtered -10,+10 deg",offset,-10.0,10.0,True,8.85,1.5699999999999994,0.03589137079052747,0.1555738554863476,0.03641366494311067
0.1,37,"demo_00_filtered -10,+12.5 deg",offset,-10.0,12.5,True,8.9,1.62,0.0504788240435976,0.1807083165450938,0.032973516451090056
0.1,38,"demo_00_filtered -10,+15 deg",offset,-10.0,15.0,True,8.94,1.6599999999999993,0.06822816121878438,0.20949568889773368,0.029799537313531584
0.1,39,"demo_00_filtered -7.5,-15 deg",offset,-7.5,-15.0,True,1.34,-5.94,0.09972848879407385,0.26899654651593896,0.28120156905627186
0.1,40,"demo_00_filtered -7.5,-12.5 deg",offset,-7.5,-12.5,True,1.41,-5.87,0.07682274009164732,0.23484343215357048,0.3131675647081157
0.1,41,"demo_00_filtered -7.5,-10 deg",offset,-7.5,-10.0,True,1.49,-5.79,0.05769029348332733,0.2013776475390451,0.3563961375769287
0.1,42,"demo_00_filtered -7.5,-7.5 deg",offset,-7.5,-7.5,True,1.62,-5.66,0.04217735672737005,0.16908267475798583,0.39658141193689483
0.1,43,"demo_00_filtered -7.5,-5 deg",offset,-7.5,-5.0,True,1.8800000000000001,-5.4,0.030048620380907422,0.13886725222441254,0.40957359414923233
0.1,44,"demo_00_filtered -7.5,-2.5 deg",offset,-7.5,-2.5,True,2.65,-4.630000000000001,0.02094133565341057,0.11248900871190617,0.27010210933742956
0.1,45,"demo_00_filtered -7.5,+0 deg",offset,-7.5,0.0,True,6.18,-1.1000000000000005,0.014300602314151185,0.09334029946949414,0.04867331435753714
0.1,46,"demo_00_filtered -7.5,+2.5 deg",offset,-7.5,2.5,True,8.34,1.0599999999999996,0.010063269730342177,0.08639603194917861,0.05045350547192814
0.1,47,"demo_00_filtered -7.5,+5 deg",offset,-7.5,5.0,True,8.69,1.4099999999999993,0.010920160464998989,0.09345077971847526,0.050360870990477286
0.1,48,"demo_00_filtered -7.5,+7.5 deg",offset,-7.5,7.5,True,8.82,1.54,0.01837547709726933,0.11197625770655525,0.04556573266672607
0.1,49,"demo_00_filtered -7.5,+10 deg",offset,-7.5,10.0,True,8.89,1.6100000000000003,0.030205726061946624,0.13797570843286386,0.04010081847013638
0.1,50,"demo_00_filtered -7.5,+12.5 deg",offset,-7.5,12.5,True,8.93,1.6499999999999995,0.045383942618496355,0.16797775877881035,0.03532071346730387
0.1,51,"demo_00_filtered -7.5,+15 deg",offset,-7.5,15.0,True,8.96,1.6800000000000006,0.0635439751784453,0.20014720353236348,0.03135895280317331
0.1,52,"demo_00_filtered -5,-15 deg",offset,-5.0,-15.0,True,1.33,-5.95,0.08023064109997866,0.2398726224826671,0.303099890855537
0.1,53,"demo_00_filtered -5,-12.5 deg",offset,-5.0,-12.5,True,1.4000000000000001,-5.88,0.05969836048987388,0.20539642083508022,0.3428151905263032
0.1,54,"demo_00_filtered -5,-10 deg",offset,-5.0,-10.0,True,1.49,-5.79,0.04300243431862299,0.17109651755078284,0.3899714436952804
0.1,55,"demo_00_filtered -5,-7.5 deg",offset,-5.0,-7.5,True,1.62,-5.66,0.02975056007067851,0.1372978923167245,0.45269520744501346
0.1,56,"demo_00_filtered -5,-5 deg",offset,-5.0,-5.0,True,1.8900000000000001,-5.390000000000001,0.01951205078509346,0.10464378643480776,0.49325131819909546
0.1,57,"demo_00_filtered -5,-2.5 deg",offset,-5.0,-2.5,True,2.72,-4.5600000000000005,0.011872229286178421,0.07491652107098119,0.340239162378302
0.1,58,"demo_00_filtered -5,+0 deg",offset,-5.0,0.0,True,6.72,-0.5600000000000005,0.006173781930801374,0.05339422797526491,0.06665949317313155
0.1,59,"demo_00_filtered -5,+2.5 deg",offset,-5.0,2.5,True,8.48,1.2000000000000002,0.0019932982760680253,0.05144633841485029,0.07102031301310531
0.1,60,"demo_00_filtered -5,+5 deg",offset,-5.0,5.0,True,8.76,1.4799999999999995,0.006493361756928392,0.06862822000810305,0.06252103084646266
0.1,61,"demo_00_filtered -5,+7.5 deg",offset,-5.0,7.5,True,8.870000000000001,1.5900000000000007,0.01543454711306427,0.09673968843255346,0.05165630482492496
0.1,62,"demo_00_filtered -5,+10 deg",offset,-5.0,10.0,True,8.92,1.6399999999999997,0.027509545761105085,0.1287794289269056,0.04335352567188917
0.1,63,"demo_00_filtered -5,+12.5 deg",offset,-5.0,12.5,True,8.96,1.6800000000000006,0.04275135543284456,0.16239701420380187,0.03716798411359681
0.1,64,"demo_00_filtered -5,+15 deg",offset,-5.0,15.0,True,8.99,1.71,0.06102264810144038,0.19673797462300235,0.0324825338325287
0.1,65,"demo_00_filtered -2.5,-15 deg",offset,-2.5,-15.0,True,1.33,-5.95,0.0630160646065819,0.21380624822322195,0.32254634821499933
0.1,66,"demo_00_filtered -2.5,-12.5 deg",offset,-2.5,-12.5,True,1.4000000000000001,-5.88,0.044985741265540106,0.17890391120537133,0.37344870767528593
0.1,67,"demo_00_filtered -2.5,-10 deg",offset,-2.5,-10.0,True,1.49,-5.79,0.030817587126068722,0.14406258440073114,0.4375805792108449
0.1,68,"demo_00_filtered -2.5,-7.5 deg",offset,-2.5,-7.5,True,1.6300000000000001,-5.65,0.01984567187308066,0.10943851262747113,0.5148174689911446
0.1,69,"demo_00_filtered -2.5,-5 deg",offset,-2.5,-5.0,True,1.9100000000000001,-5.37,0.011430571174372111,0.07544267284375665,0.5820681073545263
0.1,70,"demo_00_filtered -2.5,-2.5 deg",offset,-2.5,-2.5,True,2.84,-4.44,0.005340870693053119,0.04289055680822118,0.4285542737335176
0.1,71,"demo_00_filtered -2.5,+0 deg",offset,-2.5,0.0,True,7.23,-0.04999999999999982,0.002525296514909107,0.01401782385526345,0.19336928521547891
0.1,72,"demo_00_filtered -2.5,+2.5 deg",offset,-2.5,2.5,True,8.6,1.3199999999999994,0.004480127591800255,0.028671797112799248,0.11354478288727163
0.1,73,"demo_00_filtered -2.5,+5 deg",offset,-2.5,5.0,True,8.82,1.54,0.00899425245166205,0.06031296767422525,0.07310851728863499
0.1,74,"demo_00_filtered -2.5,+7.5 deg",offset,-2.5,7.5,True,8.91,1.63,0.016650691779311985,0.09490878436960798,0.05538459680847474
0.1,75,"demo_00_filtered -2.5,+10 deg",offset,-2.5,10.0,True,8.96,1.6800000000000006,0.02792384787046417,0.12961701894314578,0.04498640382287116
0.1,76,"demo_00_filtered -2.5,+12.5 deg",offset,-2.5,12.5,True,8.99,1.71,0.04274662959552374,0.1644905456953415,0.03803291543485709
0.1,77,"demo_00_filtered -2.5,+15 deg",offset,-2.5,15.0,True,9.01,1.7299999999999995,0.06083174252244353,0.1993937247274077,0.03300851425158653
0.1,78,"demo_00_filtered +0,-15 deg",offset,0.0,-15.0,True,1.32,-5.96,0.04819079789467424,0.19088242309510517,0.3491598402790551
0.1,79,"demo_00_filtered +0,-12.5 deg",offset,0.0,-12.5,True,1.3900000000000001,-5.890000000000001,0.03273887907059704,0.15606301436626746,0.407025894779339
0.1,80,"demo_00_filtered +0,-10 deg",offset,0.0,-10.0,True,1.49,-5.79,0.021099686638929256,0.12147668558465069,0.4896844365516646
0.1,81,"demo_00_filtered +0,-7.5 deg",offset,0.0,-7.5,True,1.6500000000000001,-5.63,0.01232359356731034,0.0869719753350194,0.6057631556440586
0.1,82,"demo_00_filtered +0,-5 deg",offset,0.0,-5.0,True,1.97,-5.3100000000000005,0.005613911400855084,0.05703515839933432,0.7301022787141263
0.1,83,"demo_00_filtered +0,-2.5 deg",offset,0.0,-2.5,True,3.04,-4.24,0.002619102624507257,0.019164954969740734,0.4849374001689236
0.1,84,demo_00_filtered,demonstrated,0.0,0.0,True,7.68,0.39999999999999947,0.0058457643880011475,0.004458301524722718,nan
0.1,85,"demo_00_filtered +0,+2.5 deg",offset,0.0,2.5,True,8.700000000000001,1.4200000000000008,0.009417613075133918,0.03490381605529781,0.09968749015618837
0.1,86,"demo_00_filtered +0,+5 deg",offset,0.0,5.0,True,8.88,1.6000000000000005,0.013706743168950566,0.06979101978453763,0.06983537108858077
0.1,87,"demo_00_filtered +0,+7.5 deg",offset,0.0,7.5,True,8.950000000000001,1.6700000000000008,0.020532716913029627,0.10464500676822885,0.05405146141605847
0.1,88,"demo_00_filtered +0,+10 deg",offset,0.0,10.0,True,8.99,1.71,0.031020673037623257,0.1390275095674234,0.044301906346044286
0.1,89,"demo_00_filtered +0,+12.5 deg",offset,0.0,12.5,True,9.01,1.7299999999999995,0.04528410556779982,0.17314011054641334,0.03765539843791343
0.1,90,"demo_00_filtered +0,+15 deg",offset,0.0,15.0,True,9.03,1.7499999999999991,0.06298934941879206,0.20724771324218016,0.0327719058446579
0.1,91,"demo_00_filtered +2.5,-15 deg",offset,2.5,-15.0,True,1.31,-5.970000000000001,0.03585106195044194,0.16739678605345962,0.38222914380510503
0.1,92,"demo_00_filtered +2.5,-12.5 deg",offset,2.5,-12.5,True,1.3900000000000001,-5.890000000000001,0.022978298120828616,0.1325352501222756,0.4540427577533645
0.1,93,"demo_00_filtered +2.5,-10 deg",offset,2.5,-10.0,True,1.5,-5.78,0.01374590077960582,0.09763467360856345,0.5492134792654285
0.1,94,"demo_00_filtered +2.5,-7.5 deg",offset,2.5,-7.5,True,1.68,-5.6000000000000005,0.006952538004988212,0.06995797470821351,0.7063813342287258
0.1,95,"demo_00_filtered +2.5,-5 deg",offset,2.5,-5.0,True,2.07,-5.210000000000001,0.0019745950841757705,0.04256459590829964,0.9506247211133672
0.1,96,"demo_00_filtered +2.5,-2.5 deg",offset,2.5,-2.5,True,3.43,-3.85,0.004397788061925382,0.006182658139199564,0.45310595551557553
0.1,97,"demo_00_filtered +2.5,+0 deg",offset,2.5,0.0,True,8.040000000000001,0.7600000000000007,0.00891395088533409,0.03897790632261277,0.07128907832759998
0.1,98,"demo_00_filtered +2.5,+2.5 deg",offset,2.5,2.5,True,8.790000000000001,1.5100000000000007,0.0133421685809867,0.0602008378124066,0.07154189402476084
0.1,99,"demo_00_filtered +2.5,+5 deg",offset,2.5,5.0,True,8.93,1.6499999999999995,0.018467784751542326,0.08922641072168017,0.06015102373177421
0.1,100,"demo_00_filtered +2.5,+7.5 deg",offset,2.5,7.5,True,8.98,1.7000000000000002,0.02567634159290357,0.12085930655967744,0.04949258546809606
0.1,101,"demo_00_filtered +2.5,+10 deg",offset,2.5,10.0,True,9.01,1.7299999999999995,0.036070112812480466,0.15345471447338688,0.0419239435738318
0.1,102,"demo_00_filtered +2.5,+12.5 deg",offset,2.5,12.5,True,9.03,1.7499999999999991,0.05000775751543391,0.18646303705089487,0.03631965187419176
0.1,103,"demo_00_filtered +2.5,+15 deg",offset,2.5,15.0,True,9.05,1.7700000000000005,0.06732458938469538,0.21964962606905003,0.03193232417843581
0.1,104,"demo_00_filtered +5,-15 deg",offset,5.0,-15.0,True,1.31,-5.970000000000001,0.02605539967423166,0.14689295922299517,0.4177348177410625
0.1,105,"demo_00_filtered +5,-12.5 deg",offset,5.0,-12.5,True,1.4000000000000001,-5.88,0.01565879112121714,0.11221841544428503,0.5057302993441429
0.1,106,"demo_00_filtered +5,-10 deg",offset,5.0,-10.0,True,1.53,-5.75,0.008560881993318671,0.07895504686891681,0.6476548259286969
0.1,107,"demo_00_filtered +5,-7.5 deg",offset,5.0,-7.5,True,1.75,-5.53,0.0034109504788899015,0.055110875988215235,0.8587293707629415
0.1,108,"demo_00_filtered +5,-5 deg",offset,5.0,-5.0,True,2.36,-4.92,0.0017671394364227803,0.01445052647416266,0.9359769540812165
0.1,109,"demo_00_filtered +5,-2.5 deg",offset,5.0,-2.5,True,4.2,-3.08,0.006211852551830914,0.027469628515651635,0.5900454107193299
0.1,110,"demo_00_filtered +5,+0 deg",offset,5.0,0.0,True,8.31,1.0300000000000002,0.011198921830130089,0.06051514677916187,0.06253822865637133
0.1,111,"demo_00_filtered +5,+2.5 deg",offset,5.0,2.5,True,8.870000000000001,1.5900000000000007,0.016694028198092528,0.09422484798209368,0.05091908517954761
0.1,112,"demo_00_filtered +5,+5 deg",offset,5.0,5.0,True,8.97,1.6900000000000004,0.02318610932628779,0.11840443716586918,0.04985759646319194
0.1,113,"demo_00_filtered +5,+7.5 deg",offset,5.0,7.5,True,9.02,1.7399999999999993,0.031510162298087556,0.14529662439833216,0.04448363018664383
0.1,114,"demo_00_filtered +5,+10 deg",offset,5.0,10.0,True,9.040000000000001,1.7600000000000007,0.04245947486088573,0.17429161346317143,0.039035445017463095
0.1,115,"demo_00_filtered +5,+12.5 deg",offset,5.0,12.5,True,9.05,1.7700000000000005,0.05645927192013538,0.2044537695868019,0.034410704723149894
0.1,116,"demo_00_filtered +5,+15 deg",offset,5.0,15.0,True,9.06,1.7800000000000002,0.07353922735822875,0.23528853643134554,0.030606860645669944
0.1,117,"demo_00_filtered +7.5,-15 deg",offset,7.5,-15.0,True,1.3,-5.98,0.018771218352677803,0.1219671312278732,0.46866616219013313
0.1,118,"demo_00_filtered +7.5,-12.5 deg",offset,7.5,-12.5,True,1.4000000000000001,-5.88,0.010618310174402021,0.08708369285910866,0.5873721676308599
0.1,119,"demo_00_filtered +7.5,-10 deg",offset,7.5,-10.0,True,1.57,-5.71,0.005236196379445742,0.06245086299584624,0.762301807270527
0.1,120,"demo_00_filtered +7.5,-7.5 deg",offset,7.5,-7.5,True,1.9100000000000001,-5.37,0.0013854119061537645,0.030278678635020158,1.1015995565955206
0.1,121,"demo_00_filtered +7.5,-5 deg",offset,7.5,-5.0,True,4.33,-2.95,0.002996511534545091,0.056633615474716785,2.2302073720053093
0.1,122,"demo_00_filtered +7.5,-2.5 deg",offset,7.5,-2.5,True,5.05,-2.2300000000000004,0.007499400556134709,0.049616801478391495,0.5238655206541832
0.1,123,"demo_00_filtered +7.5,+0 deg",offset,7.5,0.0,True,8.51,1.2299999999999995,0.01311100729392165,0.08219210101102802,0.062145152180581927
0.1,124,"demo_00_filtered +7.5,+2.5 deg",offset,7.5,2.5,True,8.93,1.6499999999999995,0.019922193185502955,0.11482140750018173,0.045879980035157274
0.1,125,"demo_00_filtered +7.5,+5 deg",offset,7.5,5.0,True,9.01,1.7299999999999995,0.028069419960350315,0.14794356162360803,0.04179744238008034
0.1,126,"demo_00_filtered +7.5,+7.5 deg",offset,7.5,7.5,True,9.040000000000001,1.7600000000000007,0.037883843820866014,0.17450102488327285,0.03923399847458889
0.1,127,"demo_00_filtered +7.5,+10 deg",offset,7.5,10.0,True,9.06,1.7800000000000002,0.0498179206802564,0.1998017210383359,0.03572992124638449
0.1,128,"demo_00_filtered +7.5,+12.5 deg",offset,7.5,12.5,True,9.07,1.79,0.06424238095528487,0.22677381360346685,0.03228183528687016
0.1,129,"demo_00_filtered +7.5,+15 deg",offset,7.5,15.0,True,9.08,1.7999999999999998,0.08130957082140965,0.2548442867216326,0.029184594657637734
0.1,130,"demo_00_filtered +10,-15 deg",offset,10.0,-15.0,True,1.28,-6.0,0.01380761145611069,0.09691047571435699,0.5240098537447028
0.1,131,"demo_00_filtered +10,-12.5 deg",offset,10.0,-12.5,True,1.42,-5.86,0.007531159499980137,0.06690239701050642,0.6910009693214969
0.1,132,"demo_00_filtered +10,-10 deg",offset,10.0,-10.0,True,1.6500000000000001,-5.63,0.0033776640994768793,0.04020697640657442,0.9852356907329112
0.1,133,"demo_00_filtered +10,-7.5 deg",offset,10.0,-7.5,True,2.6,-4.68,0.0009803235771451307,0.021280688291627176,2.293455533712926
0.1,134,"demo_00_filtered +10,-5 deg",offset,10.0,-5.0,False,nan,nan,0.003888770310599282,0.09926664016670189,1.882948710835281
0.1,135,"demo_00_filtered +10,-2.5 deg",offset,10.0,-2.5,True,5.2,-2.08,0.008606760512189783,0.07381051128740926,0.3176209859299651
0.1,136,"demo_00_filtered +10,+0 deg",offset,10.0,0.0,True,8.63,1.3500000000000005,0.015120422392371706,0.10721326661235851,0.060889505508138354
0.1,137,"demo_00_filtered +10,+2.5 deg",offset,10.0,2.5,True,8.98,1.7000000000000002,0.023434441342616054,0.13966962058381904,0.04507388455876706
0.1,138,"demo_00_filtered +10,+5 deg",offset,10.0,5.0,True,9.05,1.7700000000000005,0.03335197925503917,0.1713660963374544,0.038469107595098244
0.1,139,"demo_00_filtered +10,+7.5 deg",offset,10.0,7.5,True,9.07,1.79,0.044810061890917234,0.20215340554898473,0.034865346285091685
0.1,140,"demo_00_filtered +10,+10 deg",offset,10.0,10.0,True,9.08,1.7999999999999998,0.057968904927309106,0.22838490988506888,0.03252938540725892
0.1,141,"demo_00_filtered +10,+12.5 deg",offset,10.0,12.5,True,9.09,1.8099999999999996,0.0730880704380362,0.2522403582502931,0.029989049303680095
0.1,142,"demo_00_filtered +10,+15 deg",offset,10.0,15.0,True,9.09,1.8099999999999996,0.09036273714237691,0.27745712839567044,0.027567652952303134
0.1,143,"demo_00_filtered +12.5,-15 deg",offset,12.5,-15.0,True,1.26,-6.0200000000000005,0.010770883184254152,0.07176870274265948,0.5719761791109453
0.1,144,"demo_00_filtered +12.5,-12.5 deg",offset,12.5,-12.5,True,1.44,-5.84,0.00591926231567385,0.04539069894846524,0.7793825635691086
0.1,145,"demo_00_filtered +12.5,-10 deg",offset,12.5,-10.0,True,1.8900000000000001,-5.390000000000001,0.002578666455570839,0.0056334587338702025,nan
0.1,146,"demo_00_filtered +12.5,-7.5 deg",offset,12.5,-7.5,False,nan,nan,0.0014107796558685704,0.10280693118221841,2.646300291326371
0.1,147,"demo_00_filtered +12.5,-5 deg",offset,12.5,-5.0,False,nan,nan,0.0046164426822481505,0.08136398768511233,1.1288820103999346
0.1,148,"demo_00_filtered +12.5,-2.5 deg",offset,12.5,-2.5,True,5.36,-1.92,0.009957506706091199,0.10000627110420596,0.21651881500173742
0.1,149,"demo_00_filtered +12.5,+0 deg",offset,12.5,0.0,True,8.700000000000001,1.4200000000000008,0.017668090914756775,0.13236998684868304,0.05996688958836088
0.1,150,"demo_00_filtered +12.5,+2.5 deg",offset,12.5,2.5,True,9.01,1.7299999999999995,0.02758194828949399,0.16447233827177746,0.04375071731719491
0.1,151,"demo_00_filtered +12.5,+5 deg",offset,12.5,5.0,True,9.07,1.79,0.03926226921411225,0.19625715306567176,0.037253029645338366
0.1,152,"demo_00_filtered +12.5,+7.5 deg",offset,12.5,7.5,True,9.09,1.8099999999999996,0.05238186637588542,0.22697056243277078,0.032853173879943104
0.1,153,"demo_00_filtered +12.5,+10 deg",offset,12.5,10.0,True,9.1,1.8199999999999994,0.06687024428123824,0.256098147065286,0.02979736570165253
0.1,154,"demo_00_filtered +12.5,+12.5 deg",offset,12.5,12.5,True,9.1,1.8199999999999994,0.08285341617200138,0.27995469294675435,0.02786281847005492
0.1,155,"demo_00_filtered +12.5,+15 deg",offset,12.5,15.0,True,9.1,1.8199999999999994,0.10050906525042363,0.3024042417380517,0.02592983182858599
0.1,156,"demo_00_filtered +15,-15 deg",offset,15.0,-15.0,True,1.24,-6.04,0.009101004298262749,0.04926936570217274,0.632943192178307
0.1,157,"demo_00_filtered +15,-12.5 deg",offset,15.0,-12.5,True,1.51,-5.7700000000000005,0.005235364722064226,0.01660938862156688,0.8380831960195257
0.1,158,"demo_00_filtered +15,-10 deg",offset,15.0,-10.0,True,2.91,-4.37,0.002345258497806267,0.04507361604700953,1.5326886849006092
0.1,159,"demo_00_filtered +15,-7.5 deg",offset,15.0,-7.5,False,nan,nan,0.0016621790754662573,0.1008213926145348,1.3651861865849935
0.1,160,"demo_00_filtered +15,-5 deg",offset,15.0,-5.0,False,nan,nan,0.005542158307483471,0.089268008936042,0.8051839574889765
0.1,161,"demo_00_filtered +15,-2.5 deg",offset,15.0,-2.5,True,5.6000000000000005,-1.6799999999999997,0.01199917396205347,0.1234984214670776,0.18377755239352317
0.1,162,"demo_00_filtered +15,+0 deg",offset,15.0,0.0,True,8.68,1.3999999999999995,0.021143512820700153,0.15773130243356837,0.06019969924342386
0.1,163,"demo_00_filtered +15,+2.5 deg",offset,15.0,2.5,True,9.040000000000001,1.7600000000000007,0.032671159509445116,0.1909379048085827,0.04330305936764848
0.1,164,"demo_00_filtered +15,+5 deg",offset,15.0,5.0,True,9.1,1.8199999999999994,0.04603191433290832,0.22159584877202332,0.03590951841987201
0.1,165,"demo_00_filtered +15,+7.5 deg",offset,15.0,7.5,True,9.11,1.8299999999999992,0.060747023459083956,0.25176918565412293,0.03167384142092966
0.1,166,"demo_00_filtered +15,+10 deg",offset,15.0,10.0,True,9.120000000000001,1.8400000000000007,0.07657156913231115,0.28116807197472177,0.02848707826774634
0.1,167,"demo_00_filtered +15,+12.5 deg",offset,15.0,12.5,True,9.120000000000001,1.8400000000000007,0.09349544336307919,0.30866632015451206,0.025979606405924165
0.1,168,"demo_00_filtered +15,+15 deg",offset,15.0,15.0,True,9.120000000000001,1.8400000000000007,0.11164115363276773,0.32911346955845616,0.024375503798735248
0.25,0,"demo_00_filtered -15,-15 deg",offset,-15.0,-15.0,True,1.36,-5.92,0.16595269083539746,0.3722577662465813,0.2295659320096802
0.25,1,"demo_00_filtered -15,-12.5 deg",offset,-15.0,-12.5,True,1.42,-5.86,0.13783291113057616,0.34016552460616184,0.24690201111587406
0.25,2,"demo_00_filtered -15,-10 deg",offset,-15.0,-10.0,True,1.5,-5.78,0.11321688852539727,0.3094066315076212,0.26216032959409435
0.25,3,"demo_00_filtered -15,-7.5 deg",offset,-15.0,-7.5,True,1.62,-5.66,0.09236195608683136,0.2804879967071731,0.26971263613064356
0.25,4,"demo_00_filtered -15,-5 deg",offset,-15.0,-5.0,True,1.84,-5.44,0.07535333858733721,0.25410276431812856,0.25583365897882293
0.25,5,"demo_00_filtered -15,-2.5 deg",offset,-15.0,-2.5,True,2.38,-4.9,0.06210654781232352,0.2311783066722614,0.18736105432160768
0.25,6,"demo_00_filtered -15,+0 deg",offset,-15.0,0.0,True,4.41,-2.87,0.05243106887372592,0.21287883178434175,0.04043438431219848
0.25,7,"demo_00_filtered -15,+2.5 deg",offset,-15.0,2.5,True,7.61,0.33000000000000007,0.04622594328793873,0.2005175719784051,0.02991185142681502
0.25,8,"demo_00_filtered -15,+5 deg",offset,-15.0,5.0,True,8.4,1.12,0.04386357548741397,0.19525354916435655,0.030548370849484204
0.25,9,"demo_00_filtered -15,+7.5 deg",offset,-15.0,7.5,True,8.64,1.3600000000000003,0.04612569074724007,0.19748732425538934,0.030630058703535884
0.25,10,"demo_00_filtered -15,+10 deg",offset,-15.0,10.0,True,8.76,1.4799999999999995,0.05337977644033207,0.206467727056983,0.029673999769985776
0.25,11,"demo_00_filtered -15,+12.5 deg",offset,-15.0,12.5,True,8.83,1.5499999999999998,0.06517302012534046,0.22199196355207015,0.028129198987368355
0.25,12,"demo_00_filtered -15,+15 deg",offset,-15.0,15.0,True,8.88,1.6000000000000005,0.08072411168670644,0.24278243515912856,0.026345475922650276
0.25,13,"demo_00_filtered -12.5,-15 deg",offset,-12.5,-15.0,True,1.35,-5.93,0.14053308358309158,0.33581712526057844,0.2467400001520727
0.25,14,"demo_00_filtered -12.5,-12.5 deg",offset,-12.5,-12.5,True,1.41,-5.87,0.1143935429498889,0.30312453598391825,0.26855554307882384
0.25,15,"demo_00_filtered -12.5,-10 deg",offset,-12.5,-10.0,True,1.49,-5.79,0.09182213361859248,0.2716424723818591,0.2909009014700952
0.25,16,"demo_00_filtered -12.5,-7.5 deg",offset,-12.5,-7.5,True,1.61,-5.67,0.0729696967180123,0.24191673928653468,0.30640016903835937
0.25,17,"demo_00_filtered -12.5,-5 deg",offset,-12.5,-5.0,True,1.83,-5.45,0.05782347214150351,0.21474766221637623,0.2971088043645946
0.25,18,"demo_00_filtered -12.5,-2.5 deg",offset,-12.5,-2.5,True,2.39,-4.890000000000001,0.046200411211717016,0.1912898312996484,0.21584312351776724
0.25,19,"demo_00_filtered -12.5,+0 deg",offset,-12.5,0.0,True,4.72,-2.5600000000000005,0.03781337309717203,0.17310630848029138,0.03917203997726421
0.25,20,"demo_00_filtered -12.5,+2.5 deg",offset,-12.5,2.5,True,7.87,0.5899999999999999,0.0325671862660374,0.16202000805765324,0.03360098905438913
0.25,21,"demo_00_filtered -12.5,+5 deg",offset,-12.5,5.0,True,8.5,1.2199999999999998,0.031118541872667813,0.1595470877478167,0.03475793550863045
0.25,22,"demo_00_filtered -12.5,+7.5 deg",offset,-12.5,7.5,True,8.700000000000001,1.4200000000000008,0.03458838481032493,0.16545139555940092,0.03443437815846961
0.25,23,"demo_00_filtered -12.5,+10 deg",offset,-12.5,10.0,True,8.81,1.5300000000000002,0.04318333705863848,0.17908683049414909,0.03268903345200743
0.25,24,"demo_00_filtered -12.5,+12.5 deg",offset,-12.5,12.5,True,8.870000000000001,1.5900000000000007,0.056105857334523265,0.19920154398287243,0.03041238163796064
0.25,25,"demo_00_filtered -12.5,+15 deg",offset,-12.5,15.0,True,8.91,1.63,0.07250636411095084,0.22402509447427488,0.028059264673736945
0.25,26,"demo_00_filtered -10,-15 deg",offset,-10.0,-15.0,True,1.34,-5.94,0.11700125446649176,0.30114503903297746,0.26391115197577814
0.25,27,"demo_00_filtered -10,-12.5 deg",offset,-10.0,-12.5,True,1.4000000000000001,-5.88,0.09305431277855623,0.2677394146195714,0.2926909191384685
0.25,28,"demo_00_filtered -10,-10 deg",offset,-10.0,-10.0,True,1.48,-5.800000000000001,0.07275267124793446,0.23533910162911448,0.3225969134472266
0.25,29,"demo_00_filtered -10,-7.5 deg",offset,-10.0,-7.5,True,1.6,-5.68,0.05608727867904819,0.20449838465593828,0.350510894098001
0.25,30,"demo_00_filtered -10,-5 deg",offset,-10.0,-5.0,True,1.82,-5.46,0.04289241589352719,0.176103621475446,0.35225153299554873
0.25,31,"demo_00_filtered -10,-2.5 deg",offset,-10.0,-2.5,True,2.42,-4.86,0.03286012640844852,0.1516133987632462,0.2545798176743373
0.25,32,"demo_00_filtered -10,+0 deg",offset,-10.0,0.0,True,5.08,-2.2,0.025618781931469763,0.13325308662635776,0.04118604196900952
0.25,33,"demo_00_filtered -10,+2.5 deg",offset,-10.0,2.5,True,8.08,0.7999999999999998,0.021131312057074414,0.12381119690651744,0.03904684164417869
0.25,34,"demo_00_filtered -10,+5 deg",offset,-10.0,5.0,True,8.59,1.3099999999999996,0.02053427857050015,0.1252980207547957,0.04059720789794912
0.25,35,"demo_00_filtered -10,+7.5 deg",offset,-10.0,7.5,True,8.76,1.4799999999999995,0.025333613041947003,0.1361900127478365,0.03916440817617694
0.25,36,"demo_00_filtered -10,+10 deg",offset,-10.0,10.0,True,8.85,1.5699999999999994,0.03520350197655863,0.1555738554863476,0.03612906277141348
0.25,37,"demo_00_filtered -10,+12.5 deg",offset,-10.0,12.5,True,8.9,1.62,0.04900979272098547,0.1807083165450938,0.03283824888609404
0.25,38,"demo_00_filtered -10,+15 deg",offset,-10.0,15.0,True,8.94,1.6599999999999993,0.06602342038498962,0.20949568889773368,0.029753095395327233
0.25,39,"demo_00_filtered -7.5,-15 deg",offset,-7.5,-15.0,True,1.33,-5.95,0.09546953253102368,0.26899654651593896,0.2826123724211901
0.25,40,"demo_00_filtered -7.5,-12.5 deg",offset,-7.5,-12.5,True,1.3900000000000001,-5.890000000000001,0.07391915679663129,0.23484343215357048,0.31603564547864726
0.25,41,"demo_00_filtered -7.5,-10 deg",offset,-7.5,-10.0,True,1.47,-5.8100000000000005,0.056101438991447476,0.2013776475390451,0.35892894254616065
0.25,42,"demo_00_filtered -7.5,-7.5 deg",offset,-7.5,-7.5,True,1.59,-5.69,0.04178687045310117,0.16908267475798583,0.401451654077847
0.25,43,"demo_00_filtered -7.5,-5 deg",offset,-7.5,-5.0,True,1.82,-5.46,0.03058854383873653,0.13886725222441254,0.4231808130526672
0.25,44,"demo_00_filtered -7.5,-2.5 deg",offset,-7.5,-2.5,True,2.45,-4.83,0.022057233509576578,0.11248900871190617,0.31453687652089046
0.25,45,"demo_00_filtered -7.5,+0 deg",offset,-7.5,0.0,True,5.49,-1.79,0.015776096235772353,0.09334029946949414,0.046756314912461475
0.25,46,"demo_00_filtered -7.5,+2.5 deg",offset,-7.5,2.5,True,8.27,0.9899999999999993,0.011843238132189222,0.08639603194917861,0.04794027522754581
0.25,47,"demo_00_filtered -7.5,+5 deg",offset,-7.5,5.0,True,8.67,1.3899999999999997,0.012315502081060156,0.09345077971847526,0.048969999708789444
0.25,48,"demo_00_filtered -7.5,+7.5 deg",offset,-7.5,7.5,True,8.81,1.5300000000000002,0.018753426373337576,0.11197625770655525,0.04488565234456755
0.25,49,"demo_00_filtered -7.5,+10 deg",offset,-7.5,10.0,True,8.89,1.6100000000000003,0.029671199526471598,0.13797570843286386,0.03974600636239216
0.25,50,"demo_00_filtered -7.5,+12.5 deg",offset,-7.5,12.5,True,8.93,1.6499999999999995,0.0440267663137928,0.16797775877881035,0.035161359164508695
0.25,51,"demo_00_filtered -7.5,+15 deg",offset,-7.5,15.0,True,8.96,1.6800000000000006,0.06142016308228352,0.20014720353236348,0.0313077000938762
0.25,52,"demo_00_filtered -5,-15 deg",offset,-5.0,-15.0,True,1.33,-5.95,0.07603987006869067,0.2398726224826671,0.3026716476371563
0.25,53,"demo_00_filtered -5,-12.5 deg",offset,-5.0,-12.5,True,1.3900000000000001,-5.890000000000001,0.05707321111093298,0.20539642083508022,0.34364735098239935
0.25,54,"demo_00_filtered -5,-10 deg",offset,-5.0,-10.0,True,1.47,-5.8100000000000005,0.04192587548045594,0.17109651755078284,0.39248761130509835
0.25,55,"demo_00_filtered -5,-7.5 deg",offset,-5.0,-7.5,True,1.59,-5.69,0.03008422596112417,0.1372978923167245,0.4577619405501251
0.25,56,"demo_00_filtered -5,-5 deg",offset,-5.0,-5.0,True,1.83,-5.45,0.02086766149525465,0.10464378643480776,0.5095489130879404
0.25,57,"demo_00_filtered -5,-2.5 deg",offset,-5.0,-2.5,True,2.49,-4.79,0.013685492132065996,0.07491652107098119,0.4106201100160066
0.25,58,"demo_00_filtered -5,+0 deg",offset,-5.0,0.0,True,5.96,-1.3200000000000003,0.008141898739426723,0.05339422797526491,0.061911934133070966
0.25,59,"demo_00_filtered -5,+2.5 deg",offset,-5.0,2.5,True,8.42,1.1399999999999997,0.004698862756551696,0.05144633841485029,0.06589051129137596
0.25,60,"demo_00_filtered -5,+5 deg",offset,-5.0,5.0,True,8.75,1.4699999999999998,0.007550371873160215,0.06862822000810305,0.06039321428581543
0.25,61,"demo_00_filtered -5,+7.5 deg",offset,-5.0,7.5,True,8.86,1.5799999999999992,0.015567689860958847,0.09673968843255346,0.050792703148441525
0.25,62,"demo_00_filtered -5,+10 deg",offset,-5.0,10.0,True,8.92,1.6399999999999997,0.026897943759287616,0.1287794289269056,0.04294920133454855
0.25,63,"demo_00_filtered -5,+12.5 deg",offset,-5.0,12.5,True,8.96,1.6800000000000006,0.04138490657991063,0.16239701420380187,0.037000813995567754
0.25,64,"demo_00_filtered -5,+15 deg",offset,-5.0,15.0,True,8.99,1.71,0.058912510832951535,0.19673797462300235,0.03243545642428434
0.25,65,"demo_00_filtered -2.5,-15 deg",offset,-2.5,-15.0,True,1.32,-5.96,0.05881222699630833,0.21380624822322195,0.3246586196346825
0.25,66,"demo_00_filtered -2.5,-12.5 deg",offset,-2.5,-12.5,True,1.3800000000000001,-5.9,0.042586816252200274,0.17890391120537133,0.37687752504991834
0.25,67,"demo_00_filtered -2.5,-10 deg",offset,-2.5,-10.0,True,1.47,-5.8100000000000005,0.030244297944899155,0.14406258440073114,0.44011525678564395
0.25,68,"demo_00_filtered -2.5,-7.5 deg",offset,-2.5,-7.5,True,1.6,-5.68,0.02092541317303917,0.10943851262747113,0.5201027467697334
0.25,69,"demo_00_filtered -2.5,-5 deg",offset,-2.5,-5.0,True,1.85,-5.43,0.01360103991624547,0.07544267284375665,0.6011524253160833
0.25,70,"demo_00_filtered -2.5,-2.5 deg",offset,-2.5,-2.5,True,2.57,-4.710000000000001,0.007555252448473113,0.04289055680822118,0.5466755294239956
0.25,71,"demo_00_filtered -2.5,+0 deg",offset,-2.5,0.0,True,6.49,-0.79,0.0024939966143872156,0.013537655860217272,0.18379697494172464
0.25,72,"demo_00_filtered -2.5,+2.5 deg",offset,-2.5,2.5,True,8.55,1.2700000000000005,0.0025340035303238564,0.027047699455166028,0.10289973269983663
0.25,73,"demo_00_filtered -2.5,+5 deg",offset,-2.5,5.0,True,8.81,1.5300000000000002,0.008159233366800248,0.06031296767422525,0.07043191373783708
0.25,74,"demo_00_filtered -2.5,+7.5 deg",offset,-2.5,7.5,True,8.91,1.63,0.016071122777921623,0.09490878436960798,0.05439473314499931
0.25,75,"demo_00_filtered -2.5,+10 deg",offset,-2.5,10.0,True,8.96,1.6800000000000006,0.027028654108012164,0.12961701894314578,0.044583479693215064
0.25,76,"demo_00_filtered -2.5,+12.5 deg",offset,-2.5,12.5,True,8.99,1.71,0.04126905527176236,0.1644905456953415,0.03787945084714593
0.25,77,"demo_00_filtered -2.5,+15 deg",offset,-2.5,15.0,True,9.01,1.7299999999999995,0.05868337969731023,0.1993937247274077,0.03297665891855984
0.25,78,"demo_00_filtered +0,-15 deg",offset,0.0,-15.0,True,1.31,-5.970000000000001,0.04389521286204432,0.19088242309510517,0.3520590684023394
0.25,79,"demo_00_filtered +0,-12.5 deg",offset,0.0,-12.5,True,1.3800000000000001,-5.9,0.03051813172354315,0.15606301436626746,0.4083327802128911
0.25,80,"demo_00_filtered +0,-10 deg",offset,0.0,-10.0,True,1.47,-5.8100000000000005,0.021024631614432687,0.12147668558465069,0.49233443042912545
0.25,81,"demo_00_filtered +0,-7.5 deg",offset,0.0,-7.5,True,1.61,-5.67,0.014160584407681307,0.0869719753350194,0.6149200653888446
0.25,82,"demo_00_filtered +0,-5 deg",offset,0.0,-5.0,True,1.8900000000000001,-5.390000000000001,0.008553358198832543,0.05965631933720546,0.7629823858049221
0.25,83,"demo_00_filtered +0,-2.5 deg",offset,0.0,-2.5,True,2.74,-4.54,0.003392300410727282,0.02141856385652762,0.6780206341049262
0.25,84,demo_00_filtered,demonstrated,0.0,0.0,True,7.04,-0.2400000000000002,0.001481220203840538,0.004461978973646974,nan
0.25,85,"demo_00_filtered +0,+2.5 deg",offset,0.0,2.5,True,8.67,1.3899999999999997,0.006236395997906092,0.03490381605529781,0.09171491023576354
0.25,86,"demo_00_filtered +0,+5 deg",offset,0.0,5.0,True,8.870000000000001,1.5900000000000007,0.011710575963957677,0.06979101978453763,0.06759804736568131
0.25,87,"demo_00_filtered +0,+7.5 deg",offset,0.0,7.5,True,8.950000000000001,1.6700000000000008,0.01921518256615094,0.10464500676822885,0.05320929153449218
0.25,88,"demo_00_filtered +0,+10 deg",offset,0.0,10.0,True,8.99,1.71,0.029740018277730363,0.1390275095674234,0.04396647545535529
0.25,89,"demo_00_filtered +0,+12.5 deg",offset,0.0,12.5,True,9.01,1.7299999999999995,0.04362286026527036,0.17314011054641334,0.03753909362481003
0.25,90,"demo_00_filtered +0,+15 deg",offset,0.0,15.0,True,9.03,1.7499999999999991,0.0607597591620582,0.20724771324218016,0.03276167278018835
0.25,91,"demo_00_filtered +2.5,-15 deg",offset,2.5,-15.0,True,1.31,-5.970000000000001,0.03140731764246387,0.16739678605345962,0.38382142868078456
0.25,92,"demo_00_filtered +2.5,-12.5 deg",offset,2.5,-12.5,True,1.3800000000000001,-5.9,0.020904417880002,0.1325352501222756,0.4562261999333699
0.25,93,"demo_00_filtered +2.5,-10 deg",offset,2.5,-10.0,True,1.48,-5.800000000000001,0.014154686317866774,0.09790962311374153,0.5523223155057639
0.25,94,"demo_00_filtered +2.5,-7.5 deg",offset,2.5,-7.5,True,1.6400000000000001,-5.640000000000001,0.009497624749618044,0.07184831515638794,0.7164122173005857
0.25,95,"demo_00_filtered +2.5,-5 deg",offset,2.5,-5.0,True,1.99,-5.29,0.0053423616206746015,0.04479321124568925,0.9988919289308577
0.25,96,"demo_00_filtered +2.5,-2.5 deg",offset,2.5,-2.5,True,3.15,-4.130000000000001,0.0009163929937600812,0.005821376084281171,0.48129550454896886
0.25,97,"demo_00_filtered +2.5,+0 deg",offset,2.5,0.0,True,7.54,0.2599999999999998,0.004179317791350868,0.03897790632261277,0.08244922859946065
0.25,98,"demo_00_filtered +2.5,+2.5 deg",offset,2.5,2.5,True,8.77,1.4899999999999993,0.009555150604035488,0.0602008378124066,0.06812888493981382
0.25,99,"demo_00_filtered +2.5,+5 deg",offset,2.5,5.0,True,8.93,1.6499999999999995,0.015777008340343453,0.08922641072168017,0.058712160796943885
0.25,100,"demo_00_filtered +2.5,+7.5 deg",offset,2.5,7.5,True,8.99,1.71,0.023756742124556602,0.12085930655967744,0.04886413158276574
0.25,101,"demo_00_filtered +2.5,+10 deg",offset,2.5,10.0,True,9.02,1.7399999999999993,0.03438244861837793,0.15345471447338688,0.04164751009073243
0.25,102,"demo_00_filtered +2.5,+12.5 deg",offset,2.5,12.5,True,9.03,1.7499999999999991,0.04811032058328039,0.18646303705089487,0.03624908505626508
0.25,103,"demo_00_filtered +2.5,+15 deg",offset,2.5,15.0,True,9.05,1.7700000000000005,0.06496964921241025,0.21964962606905003,0.031944285287888986
0.25,104,"demo_00_filtered +5,-15 deg",offset,5.0,-15.0,True,1.3,-5.98,0.02145442647783005,0.14689295922299517,0.42433431277620337
0.25,105,"demo_00_filtered +5,-12.5 deg",offset,5.0,-12.5,True,1.3800000000000001,-5.9,0.013728090469575654,0.11221841544428503,0.5131348136138082
0.25,106,"demo_00_filtered +5,-10 deg",offset,5.0,-10.0,True,1.5,-5.78,0.00938790555906079,0.08083282477061869,0.6563646522116353
0.25,107,"demo_00_filtered +5,-7.5 deg",offset,5.0,-7.5,True,1.71,-5.57,0.0064681545817558885,0.05648127575623785,0.8732556993173145
0.25,108,"demo_00_filtered +5,-5 deg",offset,5.0,-5.0,True,2.25,-5.03,0.003420647262450196,0.01602442395867498,1.0544345116163727
0.25,109,"demo_00_filtered +5,-2.5 deg",offset,5.0,-2.5,True,4.75,-2.5300000000000002,0.0009853220758492991,0.051336017032077845,1.062246398957116
0.25,110,"demo_00_filtered +5,+0 deg",offset,5.0,0.0,True,7.930000000000001,0.6500000000000004,0.006084696043288193,0.06051514677916187,0.07017316135836595
0.25,111,"demo_00_filtered +5,+2.5 deg",offset,5.0,2.5,True,8.85,1.5699999999999994,0.012461435307860525,0.09422484798209368,0.05026309182846354
0.25,112,"demo_00_filtered +5,+5 deg",offset,5.0,5.0,True,8.97,1.6900000000000004,0.019985893016816695,0.11840443716586918,0.049128343391145995
0.25,113,"demo_00_filtered +5,+7.5 deg",offset,5.0,7.5,True,9.02,1.7399999999999993,0.02908513593028714,0.14529662439833216,0.044136369235349804
0.25,114,"demo_00_filtered +5,+10 deg",offset,5.0,10.0,True,9.040000000000001,1.7600000000000007,0.04036202909379458,0.17429161346317143,0.03890467380892473
0.25,115,"demo_00_filtered +5,+12.5 deg",offset,5.0,12.5,True,9.05,1.7700000000000005,0.05427886285663387,0.2044537695868019,0.03439057025425913
0.25,116,"demo_00_filtered +5,+15 deg",offset,5.0,15.0,True,9.06,1.7800000000000002,0.07100800680655747,0.23528853643134554,0.03064521921948415
0.25,117,"demo_00_filtered +7.5,-15 deg",offset,7.5,-15.0,True,1.29,-5.99,0.014072965112776467,0.1219671312278732,0.4793907911611089
0.25,118,"demo_00_filtered +7.5,-12.5 deg",offset,7.5,-12.5,True,1.3900000000000001,-5.890000000000001,0.008840546713778279,0.0885974917446306,0.5955142969287245
0.25,119,"demo_00_filtered +7.5,-10 deg",offset,7.5,-10.0,True,1.54,-5.74,0.006296386314108277,0.06402754141007676,0.7762217648839406
0.25,120,"demo_00_filtered +7.5,-7.5 deg",offset,7.5,-7.5,True,1.85,-5.43,0.0045241780231558915,0.03193467302515263,1.1625215073783726
0.25,121,"demo_00_filtered +7.5,-5 deg",offset,7.5,-5.0,True,4.11,-3.17,0.0022207760660976944,0.05493972872638415,2.196238320146905
0.25,122,"demo_00_filtered +7.5,-2.5 deg",offset,7.5,-2.5,False,nan,nan,0.001867753302020722,0.10280653700372817,1.6073484015282191
0.25,123,"demo_00_filtered +7.5,+0 deg",offset,7.5,0.0,True,8.22,0.9400000000000004,0.007712461226248787,0.08219210101102802,0.06850790738103406
0.25,124,"demo_00_filtered +7.5,+2.5 deg",offset,7.5,2.5,True,8.91,1.63,0.015353713795535377,0.11482140750018173,0.046613626069764186
0.25,125,"demo_00_filtered +7.5,+5 deg",offset,7.5,5.0,True,9.01,1.7299999999999995,0.024449263965348984,0.14794356162360803,0.04165229369744925
0.25,126,"demo_00_filtered +7.5,+7.5 deg",offset,7.5,7.5,True,9.05,1.7700000000000005,0.03499774144311385,0.17450102488327285,0.03906535331566879
0.25,127,"demo_00_filtered +7.5,+10 deg",offset,7.5,10.0,True,9.06,1.7800000000000002,0.04729868696294575,0.1998017210383359,0.03568628309363901
0.25,128,"demo_00_filtered +7.5,+12.5 deg",offset,7.5,12.5,True,9.07,1.79,0.06173095676557096,0.22677381360346685,0.03230238017759575
0.25,129,"demo_00_filtered +7.5,+15 deg",offset,7.5,15.0,True,9.08,1.7999999999999998,0.0785455380442104,0.2548442867216326,0.029244902061902025
0.25,130,"demo_00_filtered +10,-15 deg",offset,10.0,-15.0,True,1.28,-6.0,0.009131056027319995,0.09691047571435699,0.5379611951041023
0.25,131,"demo_00_filtered +10,-12.5 deg",offset,10.0,-12.5,True,1.4000000000000001,-5.88,0.0058493251538002805,0.0697073858843332,0.7131187647959878
0.25,132,"demo_00_filtered +10,-10 deg",offset,10.0,-10.0,True,1.61,-5.67,0.004355652326912408,0.04207020637823378,1.0295042054841472
0.25,133,"demo_00_filtered +10,-7.5 deg",offset,10.0,-7.5,True,2.43,-4.85,0.0032965208313773618,0.017168769485537135,1.8537610921672487
0.25,134,"demo_00_filtered +10,-5 deg",offset,10.0,-5.0,False,nan,nan,0.0013940970607620644,0.10012179135272856,1.8990929772007972
0.25,135,"demo_00_filtered +10,-2.5 deg",offset,10.0,-2.5,False,nan,nan,0.002770176124308357,0.1028055440138538,1.0454796568704128
0.25,136,"demo_00_filtered +10,+0 deg",offset,10.0,0.0,True,8.38,1.1000000000000005,0.009550589803461233,0.10721326661235851,0.0671359181363522
0.25,137,"demo_00_filtered +10,+2.5 deg",offset,10.0,2.5,True,8.96,1.6800000000000006,0.018603841526007515,0.13966962058381904,0.046458572715325164
0.25,138,"demo_00_filtered +10,+5 deg",offset,10.0,5.0,True,9.05,1.7700000000000005,0.029350430735176007,0.1713660963374544,0.03875789296449558
0.25,139,"demo_00_filtered +10,+7.5 deg",offset,10.0,7.5,True,9.07,1.79,0.04147153770939497,0.20215340554898473,0.034934419918015165
0.25,140,"demo_00_filtered +10,+10 deg",offset,10.0,10.0,True,9.08,1.7999999999999998,0.05500405826946451,0.22838490988506888,0.032572782211547434
0.25,141,"demo_00_filtered +10,+12.5 deg",offset,10.0,12.5,True,9.09,1.8099999999999996,0.07019728530137742,0.2522403582502931,0.030048837241315747
0.25,142,"demo_00_filtered +10,+15 deg",offset,10.0,15.0,True,9.09,1.8099999999999996,0.08730968657305209,0.27745712839567044,0.02764669077033605
0.25,143,"demo_00_filtered +12.5,-15 deg",offset,12.5,-15.0,True,1.27,-6.01,0.006206005130656422,0.07496623409118831,0.592478949688303
0.25,144,"demo_00_filtered +12.5,-12.5 deg",offset,12.5,-12.5,True,1.43,-5.8500000000000005,0.004134220474183751,0.047937007452201225,0.8181194487214332
0.25,145,"demo_00_filtered +12.5,-10 deg",offset,12.5,-10.0,True,1.83,-5.45,0.0032250737354193545,0.008082441443987025,nan
0.25,146,"demo_00_filtered +12.5,-7.5 deg",offset,12.5,-7.5,True,8.01,0.7299999999999995,0.0026609879363876632,0.08844930474981857,2.0562406813000877
0.25,147,"demo_00_filtered +12.5,-5 deg",offset,12.5,-5.0,False,nan,nan,0.0007200425901411479,0.08483802138840889,1.1396438674172837
0.25,148,"demo_00_filtered +12.5,-2.5 deg",offset,12.5,-2.5,True,7.3,0.019999999999999574,0.004092234586720393,0.10000627110420596,0.45306393028534125
0.25,149,"demo_00_filtered +12.5,+0 deg",offset,12.5,0.0,True,8.44,1.1599999999999993,0.012014091302568404,0.13236998684868304,0.06688333550208049
0.25,150,"demo_00_filtered +12.5,+2.5 deg",offset,12.5,2.5,True,9.0,1.7199999999999998,0.022522477016337375,0.16447233827177746,0.04552138724457703
0.25,151,"demo_00_filtered +12.5,+5 deg",offset,12.5,5.0,True,9.07,1.79,0.03488490301030913,0.19625715306567176,0.037784734251987445
0.25,152,"demo_00_filtered +12.5,+7.5 deg",offset,12.5,7.5,True,9.09,1.8099999999999996,0.04857980927033988,0.22697056243277078,0.03309632076163962
0.25,153,"demo_00_filtered +12.5,+10 deg",offset,12.5,10.0,True,9.1,1.8199999999999994,0.0634315396361395,0.256098147065286,0.029926592203552052
0.25,154,"demo_00_filtered +12.5,+12.5 deg",offset,12.5,12.5,True,9.11,1.8299999999999992,0.0795406312193633,0.27995469294675435,0.0279348774499681
0.25,155,"demo_00_filtered +12.5,+15 deg",offset,12.5,15.0,True,9.11,1.8299999999999992,0.09711863746210993,0.3024042417380517,0.026000521173860067
0.25,156,"demo_00_filtered +15,-15 deg",offset,15.0,-15.0,True,1.26,-6.0200000000000005,0.004613197709551998,0.051831762457175856,0.6669456270211722
0.25,157,"demo_00_filtered +15,-12.5 deg",offset,15.0,-12.5,True,1.51,-5.7700000000000005,0.003199642452710661,0.018804819296151805,0.958604591671476
0.25,158,"demo_00_filtered +15,-10 deg",offset,15.0,-10.0,True,2.77,-4.51,0.0027910708602002553,0.04201225619414621,1.4307629853646697
0.25,159,"demo_00_filtered +15,-7.5 deg",offset,15.0,-7.5,False,nan,nan,0.002297182018005338,0.10173122154935503,1.3809787132156732
0.25,160,"demo_00_filtered +15,-5 deg",offset,15.0,-5.0,False,nan,nan,0.0004868623242545651,0.08946159041656754,0.8116192285649001
0.25,161,"demo_00_filtered +15,-2.5 deg",offset,15.0,-2.5,True,6.3,-0.9800000000000004,0.00623320186347381,0.1234984214670776,0.3006959507130769
0.25,162,"demo_00_filtered +15,+0 deg",offset,15.0,0.0,True,8.38,1.1000000000000005,0.015445300749579772,0.15773130243356837,0.06956606175004966
0.25,163,"demo_00_filtered +15,+2.5 deg",offset,15.0,2.5,True,9.01,1.7299999999999995,0.027384004099099538,0.1909379048085827,0.0453818988506528
0.25,164,"demo_00_filtered +15,+5 deg",offset,15.0,5.0,True,9.1,1.8199999999999994,0.041268852681762176,0.22159584877202332,0.0366321613616343
0.25,165,"demo_00_filtered +15,+7.5 deg",offset,15.0,7.5,True,9.11,1.8299999999999992,0.05646702239168323,0.25176918565412293,0.03202467438962073
0.25,166,"demo_00_filtered +15,+10 deg",offset,15.0,10.0,True,9.120000000000001,1.8400000000000007,0.07263785841435852,0.28116807197472177,0.02870045189714027
0.25,167,"demo_00_filtered +15,+12.5 deg",offset,15.0,12.5,True,9.120000000000001,1.8400000000000007,0.08973160674782546,0.30866632015451206,0.026123535554586918
0.25,168,"demo_00_filtered +15,+15 deg",offset,15.0,15.0,True,9.120000000000001,1.8400000000000007,0.10787915221031472,0.32911346955845616,0.024495273158469614
0.5,0,"demo_00_filtered -15,-15 deg",offset,-15.0,-15.0,True,1.36,-5.92,0.16595615711374256,0.3722577662465813,0.22955970906555875
0.5,1,"demo_00_filtered -15,-12.5 deg",offset,-15.0,-12.5,True,1.42,-5.86,0.13785345287366832,0.34016552460616184,0.24688924856453628
0.5,2,"demo_00_filtered -15,-10 deg",offset,-15.0,-10.0,True,1.5,-5.78,0.11325775443511685,0.3094066315076212,0.2621375309121304
0.5,3,"demo_00_filtered -15,-7.5 deg",offset,-15.0,-7.5,True,1.62,-5.66,0.09242522419486095,0.2804879967071731,0.2696829696095386
0.5,4,"demo_00_filtered -15,-5 deg",offset,-15.0,-5.0,True,1.84,-5.44,0.0754358182686003,0.25410276431812856,0.25581519384692436
0.5,5,"demo_00_filtered -15,-2.5 deg",offset,-15.0,-2.5,True,2.37,-4.91,0.062201391299717995,0.2311783066722614,0.18824240176033968
0.5,6,"demo_00_filtered -15,+0 deg",offset,-15.0,0.0,True,4.39,-2.8900000000000006,0.05253271185187379,0.21287883178434175,0.040716130886100765
0.5,7,"demo_00_filtered -15,+2.5 deg",offset,-15.0,2.5,True,7.6000000000000005,0.3200000000000003,0.04633035249458395,0.2005175719784051,0.02991690319339445
0.5,8,"demo_00_filtered -15,+5 deg",offset,-15.0,5.0,True,8.4,1.12,0.04396625152099666,0.19525354916435655,0.0305266236618003
0.5,9,"demo_00_filtered -15,+7.5 deg",offset,-15.0,7.5,True,8.64,1.3600000000000003,0.04622166395221548,0.19748732425538934,0.030615216110311396
0.5,10,"demo_00_filtered -15,+10 deg",offset,-15.0,10.0,True,8.76,1.4799999999999995,0.05346571161095866,0.206467727056983,0.029663227264891755
0.5,11,"demo_00_filtered -15,+12.5 deg",offset,-15.0,12.5,True,8.83,1.5499999999999998,0.06524832295891289,0.22199196355207015,0.02812119464069067
0.5,12,"demo_00_filtered -15,+15 deg",offset,-15.0,15.0,True,8.88,1.6000000000000005,0.08078954154174912,0.24278243515912856,0.026339336442646574
0.5,13,"demo_00_filtered -12.5,-15 deg",offset,-12.5,-15.0,True,1.35,-5.93,0.14053461007020152,0.33581712526057844,0.24673427229912867
0.5,14,"demo_00_filtered -12.5,-12.5 deg",offset,-12.5,-12.5,True,1.41,-5.87,0.11441401490026541,0.30312453598391825,0.26854233464571853
0.5,15,"demo_00_filtered -12.5,-10 deg",offset,-12.5,-10.0,True,1.49,-5.79,0.09186503682276659,0.2716424723818591,0.2908751222425793
0.5,16,"demo_00_filtered -12.5,-7.5 deg",offset,-12.5,-7.5,True,1.61,-5.67,0.07303808189427853,0.24191673928653468,0.30636187204272153
0.5,17,"demo_00_filtered -12.5,-5 deg",offset,-12.5,-5.0,True,1.83,-5.45,0.05791455810181476,0.21474766221637623,0.2970860039961314
0.5,18,"demo_00_filtered -12.5,-2.5 deg",offset,-12.5,-2.5,True,2.39,-4.890000000000001,0.046306373183329544,0.1912898312996484,0.21603236612931898
0.5,19,"demo_00_filtered -12.5,+0 deg",offset,-12.5,0.0,True,4.71,-2.5700000000000003,0.037927320204981685,0.17310630848029138,0.039246814907186074
0.5,20,"demo_00_filtered -12.5,+2.5 deg",offset,-12.5,2.5,True,7.86,0.5800000000000001,0.03268471865801622,0.16202000805765324,0.033596629796092826
0.5,21,"demo_00_filtered -12.5,+5 deg",offset,-12.5,5.0,True,8.5,1.2199999999999998,0.03123430718325395,0.1595470877478167,0.034728615376972284
0.5,22,"demo_00_filtered -12.5,+7.5 deg",offset,-12.5,7.5,True,8.700000000000001,1.4200000000000008,0.034694548484845524,0.16545139555940092,0.03441507739051576
0.5,23,"demo_00_filtered -12.5,+10 deg",offset,-12.5,10.0,True,8.81,1.5300000000000002,0.04327563443409487,0.17908683049414909,0.032675733378348004
0.5,24,"demo_00_filtered -12.5,+12.5 deg",offset,-12.5,12.5,True,8.870000000000001,1.5900000000000007,0.05618496391760102,0.19920154398287243,0.030402834029394886
0.5,25,"demo_00_filtered -12.5,+15 deg",offset,-12.5,15.0,True,8.91,1.63,0.07257399082576892,0.22402509447427488,0.02805219467868909
0.5,26,"demo_00_filtered -10,-15 deg",offset,-10.0,-15.0,True,1.34,-5.94,0.11699933070400706,0.30114503903297746,0.26390636038426946
0.5,27,"demo_00_filtered -10,-12.5 deg",offset,-10.0,-12.5,True,1.4000000000000001,-5.88,0.09307343580922109,0.2677394146195714,0.29267740923040486
0.5,28,"demo_00_filtered -10,-10 deg",offset,-10.0,-10.0,True,1.48,-5.800000000000001,0.07279645584228785,0.23533910162911448,0.32256782944019957
0.5,29,"demo_00_filtered -10,-7.5 deg",offset,-10.0,-7.5,True,1.6,-5.68,0.05616022680944911,0.20449838465593828,0.3504613840189532
0.5,30,"demo_00_filtered -10,-5 deg",offset,-10.0,-5.0,True,1.82,-5.46,0.04299245235475558,0.176103621475446,0.3522278221223497
0.5,31,"demo_00_filtered -10,-2.5 deg",offset,-10.0,-2.5,True,2.41,-4.87,0.03297762964200832,0.1516133987632462,0.2558722435104029
0.5,32,"demo_00_filtered -10,+0 deg",offset,-10.0,0.0,True,5.0600000000000005,-2.2199999999999998,0.02574493539109785,0.13325308662635776,0.041202095325661055
0.5,33,"demo_00_filtered -10,+2.5 deg",offset,-10.0,2.5,True,8.08,0.7999999999999998,0.021262603681526094,0.12381119690651744,0.03898218580360651
0.5,34,"demo_00_filtered -10,+5 deg",offset,-10.0,5.0,True,8.59,1.3099999999999996,0.020663351063831707,0.1252980207547957,0.04055613700738754
0.5,35,"demo_00_filtered -10,+7.5 deg",offset,-10.0,7.5,True,8.76,1.4799999999999995,0.025446542410451665,0.1361900127478365,0.03913910798220607
0.5,36,"demo_00_filtered -10,+10 deg",offset,-10.0,10.0,True,8.85,1.5699999999999994,0.035297644104993024,0.1555738554863476,0.03611272784836402
0.5,37,"demo_00_filtered -10,+12.5 deg",offset,-10.0,12.5,True,8.9,1.62,0.04908886333368226,0.1807083165450938,0.03282707999681751
0.5,38,"demo_00_filtered -10,+15 deg",offset,-10.0,15.0,True,8.94,1.6599999999999993,0.06608997103115645,0.20949568889773368,0.029745266821518297
0.5,39,"demo_00_filtered -7.5,-15 deg",offset,-7.5,-15.0,True,1.33,-5.95,0.09546204746964015,0.26899654651593896,0.28260960961589193
0.5,40,"demo_00_filtered -7.5,-12.5 deg",offset,-7.5,-12.5,True,1.3900000000000001,-5.890000000000001,0.07393510737604787,0.23484343215357048,0.3160220906740785
0.5,41,"demo_00_filtered -7.5,-10 deg",offset,-7.5,-10.0,True,1.47,-5.8100000000000005,0.05614471529120534,0.2013776475390451,0.35889529023059696
0.5,42,"demo_00_filtered -7.5,-7.5 deg",offset,-7.5,-7.5,True,1.59,-5.69,0.04186409916035676,0.16908267475798583,0.4013911468387588
0.5,43,"demo_00_filtered -7.5,-5 deg",offset,-7.5,-5.0,True,1.82,-5.46,0.030698464930681964,0.13886725222441254,0.4231505143945571
0.5,44,"demo_00_filtered -7.5,-2.5 deg",offset,-7.5,-2.5,True,2.44,-4.84,0.02218700029458789,0.11248900871190617,0.31621483265815137
0.5,45,"demo_00_filtered -7.5,+0 deg",offset,-7.5,0.0,True,5.47,-1.8100000000000005,0.015914326432725143,0.09334029946949414,0.04668283555248301
0.5,46,"demo_00_filtered -7.5,+2.5 deg",offset,-7.5,2.5,True,8.26,0.9799999999999995,0.011990358732395784,0.08639603194917861,0.04788875919720837
0.5,47,"demo_00_filtered -7.5,+5 deg",offset,-7.5,5.0,True,8.67,1.3899999999999997,0.01245436561258111,0.09345077971847526,0.04891105593269941
0.5,48,"demo_00_filtered -7.5,+7.5 deg",offset,-7.5,7.5,True,8.81,1.5300000000000002,0.018862512464080952,0.11197625770655525,0.04485308255640024
0.5,49,"demo_00_filtered -7.5,+10 deg",offset,-7.5,10.0,True,8.89,1.6100000000000003,0.029759317482487564,0.13797570843286386,0.03972656061312696
0.5,50,"demo_00_filtered -7.5,+12.5 deg",offset,-7.5,12.5,True,8.93,1.6499999999999995,0.04410056444199639,0.16797775877881035,0.035148938324064245
0.5,51,"demo_00_filtered -7.5,+15 deg",offset,-7.5,15.0,True,8.96,1.6800000000000006,0.061481728300285775,0.20014720353236348,0.0312994516184184
0.5,52,"demo_00_filtered -5,-15 deg",offset,-5.0,-15.0,True,1.33,-5.95,0.07602412265319501,0.2398726224826671,0.302672549854687
0.5,53,"demo_00_filtered -5,-12.5 deg",offset,-5.0,-12.5,True,1.3900000000000001,-5.890000000000001,0.05708354040098604,0.20539642083508022,0.34363608273145824
0.5,54,"demo_00_filtered -5,-10 deg",offset,-5.0,-10.0,True,1.47,-5.8100000000000005,0.04196714218204897,0.17109651755078284,0.392450092715877
0.5,55,"demo_00_filtered -5,-7.5 deg",offset,-5.0,-7.5,True,1.59,-5.69,0.030165979302614238,0.1372978923167245,0.4576854112707158
0.5,56,"demo_00_filtered -5,-5 deg",offset,-5.0,-5.0,True,1.83,-5.45,0.02098921465108392,0.10464378643480776,0.5094941820287296
0.5,57,"demo_00_filtered -5,-2.5 deg",offset,-5.0,-2.5,True,2.49,-4.79,0.013828871020761174,0.07491652107098119,0.4115639226552677
0.5,58,"demo_00_filtered -5,+0 deg",offset,-5.0,0.0,True,5.94,-1.3399999999999999,0.008292289078841863,0.05339422797526491,0.061636343078616485
0.5,59,"demo_00_filtered -5,+2.5 deg",offset,-5.0,2.5,True,8.42,1.1399999999999997,0.0048671191468812715,0.05144633841485029,0.06568445552484127
0.5,60,"demo_00_filtered -5,+5 deg",offset,-5.0,5.0,True,8.75,1.4699999999999998,0.007660830808660811,0.06862822000810305,0.06030869848704396
0.5,61,"demo_00_filtered -5,+7.5 deg",offset,-5.0,7.5,True,8.86,1.5799999999999992,0.015649079032920142,0.09673968843255346,0.05075269630688332
0.5,62,"demo_00_filtered -5,+10 deg",offset,-5.0,10.0,True,8.92,1.6399999999999997,0.026969293585297986,0.1287794289269056,0.04292746640110758
0.5,63,"demo_00_filtered -5,+12.5 deg",offset,-5.0,12.5,True,8.96,1.6800000000000006,0.04144753009479926,0.16239701420380187,0.036987884054240236
0.5,64,"demo_00_filtered -5,+15 deg",offset,-5.0,15.0,True,8.99,1.71,0.05896531590678754,0.19673797462300235,0.032427325878510965
0.5,65,"demo_00_filtered -2.5,-15 deg",offset,-2.5,-15.0,True,1.32,-5.96,0.058785128796700725,0.21380624822322195,0.3246680296023232
0.5,66,"demo_00_filtered -2.5,-12.5 deg",offset,-2.5,-12.5,True,1.3800000000000001,-5.9,0.042588516655060554,0.17890391120537133,0.3768714381552088
0.5,67,"demo_00_filtered -2.5,-10 deg",offset,-2.5,-10.0,True,1.47,-5.8100000000000005,0.03028212566105594,0.14406258440073114,0.44007566307990087
0.5,68,"demo_00_filtered -2.5,-7.5 deg",offset,-2.5,-7.5,True,1.6,-5.68,0.021012541515746917,0.10943851262747113,0.5200050389308691
0.5,69,"demo_00_filtered -2.5,-5 deg",offset,-2.5,-5.0,True,1.84,-5.44,0.01373674203973237,0.07544267284375665,0.6042382650902126
0.5,70,"demo_00_filtered -2.5,-2.5 deg",offset,-2.5,-2.5,True,2.57,-4.710000000000001,0.007714962790443516,0.04289055680822118,0.5485719091251191
0.5,71,"demo_00_filtered -2.5,+0 deg",offset,-2.5,0.0,True,6.46,-0.8200000000000003,0.0026586597254627015,0.013537655860217272,0.18351960288342586
0.5,72,"demo_00_filtered -2.5,+2.5 deg",offset,-2.5,2.5,True,8.55,1.2700000000000005,0.002524429171459503,0.027047699455166028,0.10249756186319377
0.5,73,"demo_00_filtered -2.5,+5 deg",offset,-2.5,5.0,True,8.81,1.5300000000000002,0.008165193726698647,0.06031296767422525,0.07032617156357847
0.5,74,"demo_00_filtered -2.5,+7.5 deg",offset,-2.5,7.5,True,8.91,1.63,0.016105057411021622,0.09490878436960798,0.05435156906366101
0.5,75,"demo_00_filtered -2.5,+10 deg",offset,-2.5,10.0,True,8.96,1.6800000000000006,0.027074902014303286,0.12961701894314578,0.04456168137053248
0.5,76,"demo_00_filtered -2.5,+12.5 deg",offset,-2.5,12.5,True,8.99,1.71,0.04131599821964474,0.1644905456953415,0.03786710762670399
0.5,77,"demo_00_filtered -2.5,+15 deg",offset,-2.5,15.0,True,9.01,1.7299999999999995,0.058724875792685455,0.1993937247274077,0.0329692207039639
0.5,78,"demo_00_filtered +0,-15 deg",offset,0.0,-15.0,True,1.31,-5.970000000000001,0.04385374960906702,0.19088242309510517,0.35208459598283065
0.5,79,"demo_00_filtered +0,-12.5 deg",offset,0.0,-12.5,True,1.3800000000000001,-5.9,0.03050799384776459,0.15606301436626746,0.4083419778625839
0.5,80,"demo_00_filtered +0,-10 deg",offset,0.0,-10.0,True,1.47,-5.8100000000000005,0.0210578904684655,0.12147668558465069,0.4922971793911308
0.5,81,"demo_00_filtered +0,-7.5 deg",offset,0.0,-7.5,True,1.61,-5.67,0.014254158492461587,0.0869719753350194,0.6147969509434913
0.5,82,"demo_00_filtered +0,-5 deg",offset,0.0,-5.0,True,1.8900000000000001,-5.390000000000001,0.008705556747432258,0.05970358663083502,0.7629843626106089
0.5,83,"demo_00_filtered +0,-2.5 deg",offset,0.0,-2.5,True,2.73,-4.550000000000001,0.0035746678203949374,0.021531587965187945,0.6837693660191855
0.5,84,demo_00_filtered,demonstrated,0.0,0.0,True,7.01,-0.27000000000000046,0.0013240920544587255,0.004459980445705154,nan
0.5,85,"demo_00_filtered +0,+2.5 deg",offset,0.0,2.5,True,8.67,1.3899999999999997,0.006120640875566347,0.03490381605529781,0.09143516148738311
0.5,86,"demo_00_filtered +0,+5 deg",offset,0.0,5.0,True,8.870000000000001,1.5900000000000007,0.011655680594274097,0.06979101978453763,0.06750844367663557
0.5,87,"demo_00_filtered +0,+7.5 deg",offset,0.0,7.5,True,8.950000000000001,1.6700000000000008,0.019209438318895832,0.10464500676822885,0.05317166004786363
0.5,88,"demo_00_filtered +0,+10 deg",offset,0.0,10.0,True,8.99,1.71,0.02976101520492252,0.1390275095674234,0.04394746672845544
0.5,89,"demo_00_filtered +0,+12.5 deg",offset,0.0,12.5,True,9.01,1.7299999999999995,0.04365305642635583,0.17314011054641334,0.03752845362355903
0.5,90,"demo_00_filtered +0,+15 deg",offset,0.0,15.0,True,9.03,1.7499999999999991,0.06078933841769893,0.20724771324218016,0.032755390891399956
0.5,91,"demo_00_filtered +2.5,-15 deg",offset,2.5,-15.0,True,1.31,-5.970000000000001,0.031349315543412457,0.16739678605345962,0.38387641203269973
0.5,92,"demo_00_filtered +2.5,-12.5 deg",offset,2.5,-12.5,True,1.3800000000000001,-5.9,0.020879986502930162,0.1325352501222756,0.4562689077417283
0.5,93,"demo_00_filtered +2.5,-10 deg",offset,2.5,-10.0,True,1.48,-5.800000000000001,0.014182933783312864,0.09796893246562885,0.5523088679618335
0.5,94,"demo_00_filtered +2.5,-7.5 deg",offset,2.5,-7.5,True,1.6400000000000001,-5.640000000000001,0.009597788582044776,0.07188722039974893,0.7162929814987959
0.5,95,"demo_00_filtered +2.5,-5 deg",offset,2.5,-5.0,True,1.99,-5.29,0.00551045980858525,0.04482826557325325,0.9992790068529784
0.5,96,"demo_00_filtered +2.5,-2.5 deg",offset,2.5,-2.5,True,3.14,-4.140000000000001,0.0011286486442037822,0.005905258336419462,0.481406005564531
0.5,97,"demo_00_filtered +2.5,+0 deg",offset,2.5,0.0,True,7.51,0.22999999999999954,0.004008453221162538,0.03897790632261277,0.08378977116622588
0.5,98,"demo_00_filtered +2.5,+2.5 deg",offset,2.5,2.5,True,8.76,1.4799999999999995,0.00942165586275613,0.0602008378124066,0.06807231872594896
0.5,99,"demo_00_filtered +2.5,+5 deg",offset,2.5,5.0,True,8.93,1.6499999999999995,0.015699062447210664,0.08922641072168017,0.058654016799888846
0.5,100,"demo_00_filtered +2.5,+7.5 deg",offset,2.5,7.5,True,8.99,1.71,0.02372756715671651,0.12085930655967744,0.04883638259642638
0.5,101,"demo_00_filtered +2.5,+10 deg",offset,2.5,10.0,True,9.02,1.7399999999999993,0.03438403972599113,0.15345471447338688,0.0416325426429265
0.5,102,"demo_00_filtered +2.5,+12.5 deg",offset,2.5,12.5,True,9.03,1.7499999999999991,0.048125909870623776,0.18646303705089487,0.03624052276311329
0.5,103,"demo_00_filtered +2.5,+15 deg",offset,2.5,15.0,True,9.05,1.7700000000000005,0.06498838702857922,0.21964962606905003,0.031939220013811956
0.5,104,"demo_00_filtered +5,-15 deg",offset,5.0,-15.0,True,1.3,-5.98,0.021379661918491367,0.14689295922299517,0.4244404594132926
0.5,105,"demo_00_filtered +5,-12.5 deg",offset,5.0,-12.5,True,1.3800000000000001,-5.9,0.013689610779457415,0.11221841544428503,0.5132460971990476
0.5,106,"demo_00_filtered +5,-10 deg",offset,5.0,-10.0,True,1.5,-5.78,0.009411934434661456,0.0808720305967933,0.6564307294220523
0.5,107,"demo_00_filtered +5,-7.5 deg",offset,5.0,-7.5,True,1.7,-5.58,0.006572760050753486,0.05652651986107981,0.8781571603203314
0.5,108,"demo_00_filtered +5,-5 deg",offset,5.0,-5.0,True,2.25,-5.03,0.0035990826497319054,0.016114536786440807,1.0585757047907463
0.5,109,"demo_00_filtered +5,-2.5 deg",offset,5.0,-2.5,True,4.78,-2.5,0.0009150125555487121,0.052079884369692096,1.0773524694348195
0.5,110,"demo_00_filtered +5,+0 deg",offset,5.0,0.0,True,7.92,0.6399999999999997,0.005911119393942353,0.06051514677916187,0.07082205946487216
0.5,111,"demo_00_filtered +5,+2.5 deg",offset,5.0,2.5,True,8.85,1.5699999999999994,0.01232477719407487,0.09422484798209368,0.05024565128446007
0.5,112,"demo_00_filtered +5,+5 deg",offset,5.0,5.0,True,8.97,1.6900000000000004,0.0199000276923891,0.11840443716586918,0.04909523879757578
0.5,113,"demo_00_filtered +5,+7.5 deg",offset,5.0,7.5,True,9.02,1.7399999999999993,0.029043807248339503,0.14529662439833216,0.04411702306303844
0.5,114,"demo_00_filtered +5,+10 deg",offset,5.0,10.0,True,9.040000000000001,1.7600000000000007,0.04035068672495113,0.17429161346317143,0.03889365543975558
0.5,115,"demo_00_filtered +5,+12.5 deg",offset,5.0,12.5,True,9.05,1.7700000000000005,0.05428317577041695,0.2044537695868019,0.0343841423779958
0.5,116,"demo_00_filtered +5,+15 deg",offset,5.0,15.0,True,9.06,1.7800000000000002,0.07101770111839437,0.23528853643134554,0.0306414208311435
0.5,117,"demo_00_filtered +7.5,-15 deg",offset,7.5,-15.0,True,1.29,-5.99,0.013984659905773507,0.1219671312278732,0.47958031010364716
0.5,118,"demo_00_filtered +7.5,-12.5 deg",offset,7.5,-12.5,True,1.3900000000000001,-5.890000000000001,0.008793228803357998,0.08866018009135215,0.5957593934159161
0.5,119,"demo_00_filtered +7.5,-10 deg",offset,7.5,-10.0,True,1.54,-5.74,0.006317642305771546,0.06407346327620639,0.7765143308208604
0.5,120,"demo_00_filtered +7.5,-7.5 deg",offset,7.5,-7.5,True,1.85,-5.43,0.004628975382926632,0.031977875024671545,1.1644397136877174
0.5,121,"demo_00_filtered +7.5,-5 deg",offset,7.5,-5.0,True,4.1,-3.1800000000000006,0.002402745980679039,0.05474812435649609,2.188421004032424
0.5,122,"demo_00_filtered +7.5,-2.5 deg",offset,7.5,-2.5,False,nan,nan,0.0017173563825049608,0.10280668451289027,1.5955929202545995
0.5,123,"demo_00_filtered +7.5,+0 deg",offset,7.5,0.0,True,8.2,0.919999999999999,0.007542707111689107,0.08219210101102802,0.06895893574614034
0.5,124,"demo_00_filtered +7.5,+2.5 deg",offset,7.5,2.5,True,8.91,1.63,0.015221169889024229,0.11482140750018173,0.046636741158725105
0.5,125,"demo_00_filtered +7.5,+5 deg",offset,7.5,5.0,True,9.01,1.7299999999999995,0.024362639848331407,0.14794356162360803,0.041641394713926576
0.5,126,"demo_00_filtered +7.5,+7.5 deg",offset,7.5,7.5,True,9.05,1.7700000000000005,0.03495064088870011,0.17450102488327285,0.03905455414128825
0.5,127,"demo_00_filtered +7.5,+10 deg",offset,7.5,10.0,True,9.06,1.7800000000000002,0.047279071578348396,0.1998017210383359,0.03567884204510832
0.5,128,"demo_00_filtered +7.5,+12.5 deg",offset,7.5,12.5,True,9.07,1.79,0.061726856616666596,0.22677381360346685,0.032297651390562024
0.5,129,"demo_00_filtered +7.5,+15 deg",offset,7.5,15.0,True,9.08,1.7999999999999998,0.07854783436735774,0.2548442867216326,0.029242040749410624
0.5,130,"demo_00_filtered +10,-15 deg",offset,10.0,-15.0,True,1.29,-5.99,0.009036955121985088,0.09691047571435699,0.534416174965203
0.5,131,"demo_00_filtered +10,-12.5 deg",offset,10.0,-12.5,True,1.4000000000000001,-5.88,0.0058013379702113845,0.06976232035473369,0.7136152996806243
0.5,132,"demo_00_filtered +10,-10 deg",offset,10.0,-10.0,True,1.61,-5.67,0.004373263677898566,0.042140201328515044,1.0307646153093843
0.5,133,"demo_00_filtered +10,-7.5 deg",offset,10.0,-7.5,True,2.43,-4.85,0.0033962432430488785,0.016936140265302702,1.8304277287710162
0.5,134,"demo_00_filtered +10,-5 deg",offset,10.0,-5.0,False,nan,nan,0.0015697937143729682,0.10017599872643357,1.8997813730000892
0.5,135,"demo_00_filtered +10,-2.5 deg",offset,10.0,-2.5,False,nan,nan,0.0026019695086658906,0.10280282104192787,1.0356539118729495
0.5,136,"demo_00_filtered +10,+0 deg",offset,10.0,0.0,True,8.370000000000001,1.0900000000000007,0.009390342473295121,0.10721326661235851,0.06746080510228039
0.5,137,"demo_00_filtered +10,+2.5 deg",offset,10.0,2.5,True,8.96,1.6800000000000006,0.018479517596387746,0.13966962058381904,0.0465023083119699
0.5,138,"demo_00_filtered +10,+5 deg",offset,10.0,5.0,True,9.05,1.7700000000000005,0.029266427328675394,0.1713660963374544,0.038762092367522684
0.5,139,"demo_00_filtered +10,+7.5 deg",offset,10.0,7.5,True,9.07,1.79,0.04142185225154741,0.20215340554898473,0.03493086532501378
0.5,140,"demo_00_filtered +10,+10 deg",offset,10.0,10.0,True,9.08,1.7999999999999998,0.05497882308039492,0.22838490988506888,0.03256887234119769
0.5,141,"demo_00_filtered +10,+12.5 deg",offset,10.0,12.5,True,9.09,1.8099999999999996,0.07018659706040986,0.2522403582502931,0.030045874909521764
0.5,142,"demo_00_filtered +10,+15 deg",offset,10.0,15.0,True,9.09,1.8099999999999996,0.08730571361523029,0.27745712839567044,0.027644730421409542
0.5,143,"demo_00_filtered +12.5,-15 deg",offset,12.5,-15.0,True,1.27,-6.01,0.006115418697509491,0.07499874256981605,0.5929400368632107
0.5,144,"demo_00_filtered +12.5,-12.5 deg",offset,12.5,-12.5,True,1.43,-5.8500000000000005,0.004087796814515039,0.04799031841153279,0.8189997213369486
0.5,145,"demo_00_filtered +12.5,-10 deg",offset,12.5,-10.0,True,1.83,-5.45,0.0032373291503746786,0.008167492325601367,nan
0.5,146,"demo_00_filtered +12.5,-7.5 deg",offset,12.5,-7.5,True,7.88,0.5999999999999996,0.002751297042767529,0.08817086335538636,2.043903722350667
0.5,147,"demo_00_filtered +12.5,-5 deg",offset,12.5,-5.0,False,nan,nan,0.000860856932420206,0.08499370496836267,1.140051831834842
0.5,148,"demo_00_filtered +12.5,-2.5 deg",offset,12.5,-2.5,True,7.54,0.2599999999999998,0.003925862072034715,0.10000627110420596,0.4686110959618051
0.5,149,"demo_00_filtered +12.5,+0 deg",offset,12.5,0.0,True,8.43,1.1499999999999995,0.011866656797450472,0.13236998684868304,0.06728770289841718
0.5,150,"demo_00_filtered +12.5,+2.5 deg",offset,12.5,2.5,True,8.99,1.71,0.022407738686064896,0.16447233827177746,0.045623571514876365
0.5,151,"demo_00_filtered +12.5,+5 deg",offset,12.5,5.0,True,9.07,1.79,0.03480447111353403,0.19625715306567176,0.037796120081684925
0.5,152,"demo_00_filtered +12.5,+7.5 deg",offset,12.5,7.5,True,9.09,1.8099999999999996,0.0485286420111128,0.22697056243277078,0.03309851098234428
0.5,153,"demo_00_filtered +12.5,+10 deg",offset,12.5,10.0,True,9.1,1.8199999999999994,0.06340180555914596,0.256098147065286,0.02992569913345866
0.5,154,"demo_00_filtered +12.5,+12.5 deg",offset,12.5,12.5,True,9.11,1.8299999999999992,0.0795242665477791,0.27995469294675435,0.027933480418383574
0.5,155,"demo_00_filtered +12.5,+15 deg",offset,12.5,15.0,True,9.11,1.8299999999999992,0.09710906791216532,0.3024042417380517,0.025999420341817063
0.5,156,"demo_00_filtered +15,-15 deg",offset,15.0,-15.0,True,1.26,-6.0200000000000005,0.004530257138620347,0.05183685620229792,0.6674864726396369
0.5,157,"demo_00_filtered +15,-12.5 deg",offset,15.0,-12.5,True,1.51,-5.7700000000000005,0.003155300459708178,0.018812696173412767,0.959797546209911
0.5,158,"demo_00_filtered +15,-10 deg",offset,15.0,-10.0,True,2.77,-4.51,0.002808677288777666,0.0419435657348192,1.4272094100660282
0.5,159,"demo_00_filtered +15,-7.5 deg",offset,15.0,-7.5,False,nan,nan,0.0023823279595694266,0.10176382328578276,1.3816239357278026
0.5,160,"demo_00_filtered +15,-5 deg",offset,15.0,-5.0,False,nan,nan,0.00030531426322683415,0.08947156177131084,0.8119057432126033
0.5,161,"demo_00_filtered +15,-2.5 deg",offset,15.0,-2.5,True,6.38,-0.9000000000000004,0.006077511458632564,0.1234984214670776,0.307536078256331
0.5,162,"demo_00_filtered +15,+0 deg",offset,15.0,0.0,True,8.36,1.0799999999999992,0.01531092615127127,0.15773130243356837,0.07010798601940237
0.5,163,"demo_00_filtered +15,+2.5 deg",offset,15.0,2.5,True,9.01,1.7299999999999995,0.02727806567488896,0.1909379048085827,0.045441595754060066
0.5,164,"demo_00_filtered +15,+5 deg",offset,15.0,5.0,True,9.1,1.8199999999999994,0.04119141089795038,0.22159584877202332,0.03665047479565403
0.5,165,"demo_00_filtered +15,+7.5 deg",offset,15.0,7.5,True,9.11,1.8299999999999992,0.05641424865691464,0.25176918565412293,0.03203033129243052
0.5,166,"demo_00_filtered +15,+10 deg",offset,15.0,10.0,True,9.120000000000001,1.8400000000000007,0.07260384540036405,0.28116807197472177,0.028702213483521855
0.5,167,"demo_00_filtered +15,+12.5 deg",offset,15.0,12.5,True,9.120000000000001,1.8400000000000007,0.08970995715585546,0.30866632015451206,0.026123781179135188
0.5,168,"demo_00_filtered +15,+15 deg",offset,15.0,15.0,True,9.120000000000001,1.8400000000000007,0.10786442870136506,0.32911346955845616,0.024495038735653757
1.0,0,"demo_00_filtered -15,-15 deg",offset,-15.0,-15.0,True,1.36,-5.92,0.16595613578487062,0.3722577662465813,0.22955972315008744
1.0,1,"demo_00_filtered -15,-12.5 deg",offset,-15.0,-12.5,True,1.42,-5.86,0.13785345298223964,0.34016552460616184,0.24688925870682124
1.0,2,"demo_00_filtered -15,-10 deg",offset,-15.0,-10.0,True,1.5,-5.78,0.11325777144980236,0.3094066315076212,0.2621375377264176
1.0,3,"demo_00_filtered -15,-7.5 deg",offset,-15.0,-7.5,True,1.62,-5.66,0.09242524359344559,0.2804879967071731,0.26968297585872225
1.0,4,"demo_00_filtered -15,-5 deg",offset,-15.0,-5.0,True,1.84,-5.44,0.07543582508844913,0.25410276431812856,0.2558152182875045
1.0,5,"demo_00_filtered -15,-2.5 deg",offset,-15.0,-2.5,True,2.37,-4.91,0.06220138568792717,0.2311783066722614,0.18824258849480752
1.0,6,"demo_00_filtered -15,+0 deg",offset,-15.0,0.0,True,4.39,-2.8900000000000006,0.05253271146603912,0.21287883178434175,0.0407163349011003
1.0,7,"demo_00_filtered -15,+2.5 deg",offset,-15.0,2.5,True,7.6000000000000005,0.3200000000000003,0.04633037714414385,0.2005175719784051,0.029916874925574273
1.0,8,"demo_00_filtered -15,+5 deg",offset,-15.0,5.0,True,8.4,1.12,0.04396630532768348,0.19525354916435655,0.030526604932204326
1.0,9,"demo_00_filtered -15,+7.5 deg",offset,-15.0,7.5,True,8.64,1.3600000000000003,0.04622173585940697,0.19748732425538934,0.030615203319411897
1.0,10,"demo_00_filtered -15,+10 deg",offset,-15.0,10.0,True,8.76,1.4799999999999995,0.053465788499232496,0.206467727056983,0.02966321772848061
1.0,11,"demo_00_filtered -15,+12.5 deg",offset,-15.0,12.5,True,8.83,1.5499999999999998,0.0652483985297014,0.22199196355207015,0.02812118720346771
1.0,12,"demo_00_filtered -15,+15 deg",offset,-15.0,15.0,True,8.88,1.6000000000000005,0.08078961456870533,0.24278243515912856,0.026339330293023558
1.0,13,"demo_00_filtered -12.5,-15 deg",offset,-12.5,-15.0,True,1.35,-5.93,0.140534577508987,0.33581712526057844,0.24673429263866942
1.0,14,"demo_00_filtered -12.5,-12.5 deg",offset,-12.5,-12.5,True,1.41,-5.87,0.11441400865428941,0.30312453598391825,0.2685423500485065
1.0,15,"demo_00_filtered -12.5,-10 deg",offset,-12.5,-10.0,True,1.49,-5.79,0.09186504562392044,0.2716424723818591,0.290875137559926
1.0,16,"demo_00_filtered -12.5,-7.5 deg",offset,-12.5,-7.5,True,1.61,-5.67,0.0730380846685837,0.24191673928653468,0.3063618928084739
1.0,17,"demo_00_filtered -12.5,-5 deg",offset,-12.5,-5.0,True,1.83,-5.45,0.057914538719467806,0.21474766221637623,0.2970860530272046
1.0,18,"demo_00_filtered -12.5,-2.5 deg",offset,-12.5,-2.5,True,2.39,-4.890000000000001,0.04630633926643626,0.1912898312996484,0.2160326367286515
1.0,19,"demo_00_filtered -12.5,+0 deg",offset,-12.5,0.0,True,4.71,-2.5700000000000003,0.03792730169714588,0.17310630848029138,0.039246852716649384
1.0,20,"demo_00_filtered -12.5,+2.5 deg",offset,-12.5,2.5,True,7.86,0.5800000000000001,0.032684742246535135,0.16202000805765324,0.03359659327377763
1.0,21,"demo_00_filtered -12.5,+5 deg",offset,-12.5,5.0,True,8.5,1.2199999999999998,0.03123437315339472,0.1595470877478167,0.03472859128297807
1.0,22,"demo_00_filtered -12.5,+7.5 deg",offset,-12.5,7.5,True,8.700000000000001,1.4200000000000008,0.034694635171766915,0.16545139555940092,0.03441506066793496
1.0,23,"demo_00_filtered -12.5,+10 deg",offset,-12.5,10.0,True,8.81,1.5300000000000002,0.04327572273935339,0.17908683049414909,0.03267572129013997
1.0,24,"demo_00_filtered -12.5,+12.5 deg",offset,-12.5,12.5,True,8.870000000000001,1.5900000000000007,0.05618504780747417,0.19920154398287243,0.03040282471010216
1.0,25,"demo_00_filtered -12.5,+15 deg",offset,-12.5,15.0,True,8.91,1.63,0.07257406994367907,0.22402509447427488,0.02805218720694652
1.0,26,"demo_00_filtered -10,-15 deg",offset,-10.0,-15.0,True,1.34,-5.94,0.11699928491284034,0.30114503903297746,0.26390638940672756
1.0,27,"demo_00_filtered -10,-12.5 deg",offset,-10.0,-12.5,True,1.4000000000000001,-5.88,0.09307342162223975,0.2677394146195714,0.2926774323699858
1.0,28,"demo_00_filtered -10,-10 deg",offset,-10.0,-10.0,True,1.48,-5.800000000000001,0.07279645323426417,0.23533910162911448,0.32256785743728467
1.0,29,"demo_00_filtered -10,-7.5 deg",offset,-10.0,-7.5,True,1.6,-5.68,0.05616020773796023,0.20449838465593828,0.3504614292751913
1.0,30,"demo_00_filtered -10,-5 deg",offset,-10.0,-5.0,True,1.82,-5.46,0.04299240167670931,0.176103621475446,0.35222791622957583
1.0,31,"demo_00_filtered -10,-2.5 deg",offset,-10.0,-2.5,True,2.41,-4.87,0.03297756590514854,0.1516133987632462,0.25587268208662556
1.0,32,"demo_00_filtered -10,+0 deg",offset,-10.0,0.0,True,5.0600000000000005,-2.2199999999999998,0.02574490237836096,0.13325308662635776,0.04120204277317768
1.0,33,"demo_00_filtered -10,+2.5 deg",offset,-10.0,2.5,True,8.08,0.7999999999999998,0.021262633933796394,0.12381119690651744,0.03898213635540726
1.0,34,"demo_00_filtered -10,+5 deg",offset,-10.0,5.0,True,8.59,1.3099999999999996,0.020663436790786974,0.1252980207547957,0.04055610291911723
1.0,35,"demo_00_filtered -10,+7.5 deg",offset,-10.0,7.5,True,8.76,1.4799999999999995,0.025446644442366568,0.1361900127478365,0.039139085393347255
1.0,36,"demo_00_filtered -10,+10 deg",offset,-10.0,10.0,True,8.85,1.5699999999999994,0.03529774007185641,0.1555738554863476,0.036112712311076545
1.0,37,"demo_00_filtered -10,+12.5 deg",offset,-10.0,12.5,True,8.9,1.62,0.04908895104867502,0.1807083165450938,0.03282706853021165
1.0,38,"demo_00_filtered -10,+15 deg",offset,-10.0,15.0,True,8.94,1.6599999999999993,0.06609005149761428,0.20949568889773368,0.02974525821912729
1.0,39,"demo_00_filtered -7.5,-15 deg",offset,-7.5,-15.0,True,1.33,-5.95,0.09546198699923537,0.26899654651593896,0.28260965077232386
1.0,40,"demo_00_filtered -7.5,-12.5 deg",offset,-7.5,-12.5,True,1.3900000000000001,-5.890000000000001,0.07393508247586202,0.23484343215357048,0.3160221270073641
1.0,41,"demo_00_filtered -7.5,-10 deg",offset,-7.5,-10.0,True,1.47,-5.8100000000000005,0.05614469713386601,0.2013776475390451,0.3588953379696094
1.0,42,"demo_00_filtered -7.5,-7.5 deg",offset,-7.5,-7.5,True,1.59,-5.69,0.04186405455142844,0.16908267475798583,0.4013912286347328
1.0,43,"demo_00_filtered -7.5,-5 deg",offset,-7.5,-5.0,True,1.82,-5.46,0.030698382942888864,0.13886725222441254,0.423150685136016
1.0,44,"demo_00_filtered -7.5,-2.5 deg",offset,-7.5,-2.5,True,2.44,-4.84,0.02218691289779269,0.11248900871190617,0.3162155353477566
1.0,45,"demo_00_filtered -7.5,+0 deg",offset,-7.5,0.0,True,5.47,-1.8100000000000005,0.01591428995175699,0.09334029946949414,0.0466826869717257
1.0,46,"demo_00_filtered -7.5,+2.5 deg",offset,-7.5,2.5,True,8.26,0.9799999999999995,0.011990411005656058,0.08639603194917861,0.047888686922112164
1.0,47,"demo_00_filtered -7.5,+5 deg",offset,-7.5,5.0,True,8.67,1.3899999999999997,0.012454480094957913,0.09345077971847526,0.04891100492683815
1.0,48,"demo_00_filtered -7.5,+7.5 deg",offset,-7.5,7.5,True,8.81,1.5300000000000002,0.018862622402845253,0.11197625770655525,0.04485305203681357
1.0,49,"demo_00_filtered -7.5,+10 deg",offset,-7.5,10.0,True,8.89,1.6100000000000003,0.029759412292889177,0.13797570843286386,0.0397265411269222
1.0,50,"demo_00_filtered -7.5,+12.5 deg",offset,-7.5,12.5,True,8.93,1.6499999999999995,0.04410064889167325,0.16797775877881035,0.035148925070569714
1.0,51,"demo_00_filtered -7.5,+15 deg",offset,-7.5,15.0,True,8.96,1.6800000000000006,0.06148180378377929,0.20014720353236348,0.03129944239362299
1.0,52,"demo_00_filtered -5,-15 deg",offset,-5.0,-15.0,True,1.33,-5.95,0.07602404721666081,0.2398726224826671,0.3026726093889069
1.0,53,"demo_00_filtered -5,-12.5 deg",offset,-5.0,-12.5,True,1.3900000000000001,-5.890000000000001,0.05708349986974352,0.20539642083508022,0.343636140328821
1.0,54,"demo_00_filtered -5,-10 deg",offset,-5.0,-10.0,True,1.47,-5.8100000000000005,0.04196710199967864,0.17109651755078284,0.3924501735320241
1.0,55,"demo_00_filtered -5,-7.5 deg",offset,-5.0,-7.5,True,1.59,-5.69,0.0301659065466324,0.1372978923167245,0.4576855507653036
1.0,56,"demo_00_filtered -5,-5 deg",offset,-5.0,-5.0,True,1.83,-5.45,0.020989107713759426,0.10464378643480776,0.5094944893581267
1.0,57,"demo_00_filtered -5,-2.5 deg",offset,-5.0,-2.5,True,2.49,-4.79,0.013828775713900256,0.07491652107098119,0.41156523176627857
1.0,58,"demo_00_filtered -5,+0 deg",offset,-5.0,0.0,True,5.94,-1.3399999999999999,0.008292268123640676,0.05339422797526491,0.06163591907139592
1.0,59,"demo_00_filtered -5,+2.5 deg",offset,-5.0,2.5,True,8.42,1.1399999999999997,0.004867224941837199,0.05144633841485029,0.06568429217115915
1.0,60,"demo_00_filtered -5,+5 deg",offset,-5.0,5.0,True,8.75,1.4699999999999998,0.007660950445945625,0.06862822000810305,0.06030861897888783
1.0,61,"demo_00_filtered -5,+7.5 deg",offset,-5.0,7.5,True,8.86,1.5799999999999992,0.015649168900402275,0.09673968843255346,0.05075265614094389
1.0,62,"demo_00_filtered -5,+10 deg",offset,-5.0,10.0,True,8.92,1.6399999999999997,0.026969372757708516,0.1287794289269056,0.042927443513629086
1.0,63,"demo_00_filtered -5,+12.5 deg",offset,-5.0,12.5,True,8.96,1.6800000000000006,0.041447602502273084,0.16239701420380187,0.03698786993630356
1.0,64,"demo_00_filtered -5,+15 deg",offset,-5.0,15.0,True,8.99,1.71,0.05896538006076511,0.19673797462300235,0.03242731685373595
1.0,65,"demo_00_filtered -2.5,-15 deg",offset,-2.5,-15.0,True,1.32,-5.96,0.05878504025248131,0.21380624822322195,0.32466811163366527
1.0,66,"demo_00_filtered -2.5,-12.5 deg",offset,-2.5,-12.5,True,1.3800000000000001,-5.9,0.0425884523098445,0.17890391120537133,0.3768715399583611
1.0,67,"demo_00_filtered -2.5,-10 deg",offset,-2.5,-10.0,True,1.47,-5.8100000000000005,0.030282051886628417,0.14406258440073114,0.4400758036741534
1.0,68,"demo_00_filtered -2.5,-7.5 deg",offset,-2.5,-7.5,True,1.6,-5.68,0.0210124369230315,0.10943851262747113,0.5200052796505609
1.0,69,"demo_00_filtered -2.5,-5 deg",offset,-2.5,-5.0,True,1.84,-5.44,0.013736623157976762,0.07544267284375665,0.6042388160585677
1.0,70,"demo_00_filtered -2.5,-2.5 deg",offset,-2.5,-2.5,True,2.57,-4.710000000000001,0.007714885657979083,0.04289055680822118,0.5485746713137001
1.0,71,"demo_00_filtered -2.5,+0 deg",offset,-2.5,0.0,True,6.46,-0.8200000000000003,0.002658682435389871,0.013537655860217272,0.1835190959137206
1.0,72,"demo_00_filtered -2.5,+2.5 deg",offset,-2.5,2.5,True,8.55,1.2700000000000005,0.0025244763640184043,0.027047699455166028,0.10249718039634421
1.0,73,"demo_00_filtered -2.5,+5 deg",offset,-2.5,5.0,True,8.81,1.5300000000000002,0.008165212976822456,0.06031296767422525,0.07032606172498647
1.0,74,"demo_00_filtered -2.5,+7.5 deg",offset,-2.5,7.5,True,8.91,1.63,0.016105093540186032,0.09490878436960798,0.05435152261269618
1.0,75,"demo_00_filtered -2.5,+10 deg",offset,-2.5,10.0,True,8.96,1.6800000000000006,0.02707495212076984,0.12961701894314578,0.04456165748528577
1.0,76,"demo_00_filtered -2.5,+12.5 deg",offset,-2.5,12.5,True,8.99,1.71,0.041316051591059916,0.1644905456953415,0.03786709411485865
1.0,77,"demo_00_filtered -2.5,+15 deg",offset,-2.5,15.0,True,9.01,1.7299999999999995,0.05872492475968371,0.1993937247274077,0.03296921272966072
1.0,78,"demo_00_filtered +0,-15 deg",offset,0.0,-15.0,True,1.31,-5.970000000000001,0.04385365374324485,0.19088242309510517,0.35208470695248273
1.0,79,"demo_00_filtered +0,-12.5 deg",offset,0.0,-12.5,True,1.3800000000000001,-5.9,0.03050789454511287,0.15606301436626746,0.4083421528984172
1.0,80,"demo_00_filtered +0,-10 deg",offset,0.0,-10.0,True,1.47,-5.8100000000000005,0.021057764425362703,0.12147668558465069,0.49229745274363634
1.0,81,"demo_00_filtered +0,-7.5 deg",offset,0.0,-7.5,True,1.61,-5.67,0.014254016361014423,0.0869719753350194,0.6147974046616012
1.0,82,"demo_00_filtered +0,-5 deg",offset,0.0,-5.0,True,1.8900000000000001,-5.390000000000001,0.008705445475450267,0.05970367364926681,0.7629854582044974
1.0,83,"demo_00_filtered +0,-2.5 deg",offset,0.0,-2.5,True,2.73,-4.550000000000001,0.003574646690973059,0.021531912591099336,0.6837763935994602
1.0,84,demo_00_filtered,demonstrated,0.0,0.0,True,7.01,-0.27000000000000046,0.0013240402299966787,0.0044600088363971075,nan
1.0,85,"demo_00_filtered +0,+2.5 deg",offset,0.0,2.5,True,8.67,1.3899999999999997,0.006120537494222046,0.03490381605529781,0.09143486269457382
1.0,86,"demo_00_filtered +0,+5 deg",offset,0.0,5.0,True,8.870000000000001,1.5900000000000007,0.011655607928698774,0.06979101978453763,0.06750834196592073
1.0,87,"demo_00_filtered +0,+7.5 deg",offset,0.0,7.5,True,8.950000000000001,1.6700000000000008,0.019209419687225386,0.10464500676822885,0.053171617064896516
1.0,88,"demo_00_filtered +0,+10 deg",offset,0.0,10.0,True,8.99,1.71,0.02976103352448827,0.1390275095674234,0.04394744537459397
1.0,89,"demo_00_filtered +0,+12.5 deg",offset,0.0,12.5,True,9.01,1.7299999999999995,0.043653089316413964,0.17314011054641334,0.037528442162655086
1.0,90,"demo_00_filtered +0,+15 deg",offset,0.0,15.0,True,9.03,1.7499999999999991,0.06078937232746998,0.20724771324218016,0.032755384508841565
1.0,91,"demo_00_filtered +2.5,-15 deg",offset,2.5,-15.0,True,1.31,-5.970000000000001,0.03134922422452111,0.16739678605345962,0.38387654582942055
1.0,92,"demo_00_filtered +2.5,-12.5 deg",offset,2.5,-12.5,True,1.3800000000000001,-5.9,0.02087984352884731,0.1325352501222756,0.456269209960083
1.0,93,"demo_00_filtered +2.5,-10 deg",offset,2.5,-10.0,True,1.48,-5.800000000000001,0.014182735460019014,0.0979688464207249,0.5523093913420689
1.0,94,"demo_00_filtered +2.5,-7.5 deg",offset,2.5,-7.5,True,1.6400000000000001,-5.640000000000001,0.009597606337696012,0.07188726211021931,0.7162938630970045
1.0,95,"demo_00_filtered +2.5,-5 deg",offset,2.5,-5.0,True,1.99,-5.29,0.005510378933353868,0.04482839089954733,0.999281618058291
1.0,96,"demo_00_filtered +2.5,-2.5 deg",offset,2.5,-2.5,True,3.14,-4.140000000000001,0.001128746270918942,0.005905373787161588,0.4813871294015654
1.0,97,"demo_00_filtered +2.5,+0 deg",offset,2.5,0.0,True,7.51,0.22999999999999954,0.0040083135420136565,0.03897790632261277,0.0837907088291827
1.0,98,"demo_00_filtered +2.5,+2.5 deg",offset,2.5,2.5,True,8.76,1.4799999999999995,0.009421480669711085,0.0602008378124066,0.06807217441617897
1.0,99,"demo_00_filtered +2.5,+5 deg",offset,2.5,5.0,True,8.93,1.6499999999999995,0.015698936556526502,0.08922641072168017,0.05865394522489832
1.0,100,"demo_00_filtered +2.5,+7.5 deg",offset,2.5,7.5,True,8.99,1.71,0.023727511697181285,0.12085930655967744,0.04883634935253707
1.0,101,"demo_00_filtered +2.5,+10 deg",offset,2.5,10.0,True,9.02,1.7399999999999993,0.034384033509340634,0.15345471447338688,0.04163252553128374
1.0,102,"demo_00_filtered +2.5,+12.5 deg",offset,2.5,12.5,True,9.03,1.7499999999999991,0.04812592621910764,0.18646303705089487,0.03624051374229179
1.0,103,"demo_00_filtered +2.5,+15 deg",offset,2.5,15.0,True,9.05,1.7700000000000005,0.06498840916964412,0.21964962606905003,0.031939215142175986
1.0,104,"demo_00_filtered +5,-15 deg",offset,5.0,-15.0,True,1.3,-5.98,0.021379593763138863,0.14689295922299517,0.4244405835612301
1.0,105,"demo_00_filtered +5,-12.5 deg",offset,5.0,-12.5,True,1.3800000000000001,-5.9,0.013689430529109108,0.11221841544428503,0.5132465467803675
1.0,106,"demo_00_filtered +5,-10 deg",offset,5.0,-10.0,True,1.5,-5.78,0.009411663546175703,0.0808720187871673,0.6564317151017862
1.0,107,"demo_00_filtered +5,-7.5 deg",offset,5.0,-7.5,True,1.7,-5.58,0.006572548152920341,0.056526586592309164,0.878159011250962
1.0,108,"demo_00_filtered +5,-5 deg",offset,5.0,-5.0,True,2.25,-5.03,0.0035990487472529636,0.016114715779848045,1.058588345558158
1.0,109,"demo_00_filtered +5,-2.5 deg",offset,5.0,-2.5,True,4.78,-2.5,0.0009150289995754587,0.05208022280458422,1.0773612225532891
1.0,110,"demo_00_filtered +5,+0 deg",offset,5.0,0.0,True,7.92,0.6399999999999997,0.005910905217078309,0.06051514677916187,0.0708227789349982
1.0,111,"demo_00_filtered +5,+2.5 deg",offset,5.0,2.5,True,8.85,1.5699999999999994,0.012324555451741763,0.09422484798209368,0.050245637460873016
1.0,112,"demo_00_filtered +5,+5 deg",offset,5.0,5.0,True,8.97,1.6900000000000004,0.019899874459269773,0.11840443716586918,0.049095196654821385
1.0,113,"demo_00_filtered +5,+7.5 deg",offset,5.0,7.5,True,9.02,1.7399999999999993,0.02904373257813877,0.14529662439833216,0.044116998672500594
1.0,114,"demo_00_filtered +5,+10 deg",offset,5.0,10.0,True,9.040000000000001,1.7600000000000007,0.04035066590297589,0.17429161346317143,0.038893642664986905
1.0,115,"demo_00_filtered +5,+12.5 deg",offset,5.0,12.5,True,9.05,1.7700000000000005,0.05428318148689057,0.2044537695868019,0.03438413569386959
1.0,116,"demo_00_filtered +5,+15 deg",offset,5.0,15.0,True,9.06,1.7800000000000002,0.07101771573169369,0.23528853643134554,0.030641417285829482
1.0,117,"demo_00_filtered +7.5,-15 deg",offset,7.5,-15.0,True,1.29,-5.99,0.01398463640386185,0.1219671312278732,0.479580305847248
1.0,118,"demo_00_filtered +7.5,-12.5 deg",offset,7.5,-12.5,True,1.3900000000000001,-5.890000000000001,0.00879304343864656,0.08866001608231489,0.5957598321704721
1.0,119,"demo_00_filtered +7.5,-10 deg",offset,7.5,-10.0,True,1.54,-5.74,0.006317339927206022,0.06407346265951297,0.7765157807365125
1.0,120,"demo_00_filtered +7.5,-7.5 deg",offset,7.5,-7.5,True,1.85,-5.43,0.004628760890794987,0.031978028120156786,1.1644443380199285
1.0,121,"demo_00_filtered +7.5,-5 deg",offset,7.5,-5.0,True,4.1,-3.1800000000000006,0.002402768169691205,0.05474787561041682,2.1884050232989347
1.0,122,"demo_00_filtered +7.5,-2.5 deg",offset,7.5,-2.5,False,nan,nan,0.0017172183409770835,0.1028067874233355,1.59558230996251
1.0,123,"demo_00_filtered +7.5,+0 deg",offset,7.5,0.0,True,8.2,0.919999999999999,0.007542440292304409,0.08219210101102802,0.06895934321360618
1.0,124,"demo_00_filtered +7.5,+2.5 deg",offset,7.5,2.5,True,8.91,1.63,0.015220928226267933,0.11482140750018173,0.04663678856665222
1.0,125,"demo_00_filtered +7.5,+5 deg",offset,7.5,5.0,True,9.01,1.7299999999999995,0.024362479734740858,0.14794356162360803,0.04164138118747415
1.0,126,"demo_00_filtered +7.5,+7.5 deg",offset,7.5,7.5,True,9.05,1.7700000000000005,0.03495056027271402,0.17450102488327285,0.0390545399175603
1.0,127,"demo_00_filtered +7.5,+10 deg",offset,7.5,10.0,True,9.06,1.7800000000000002,0.0472790442115683,0.1998017210383359,0.035678833066944596
1.0,128,"demo_00_filtered +7.5,+12.5 deg",offset,7.5,12.5,True,9.07,1.79,0.061726856718139565,0.22677381360346685,0.032297646351208104
1.0,129,"demo_00_filtered +7.5,+15 deg",offset,7.5,15.0,True,9.08,1.7999999999999998,0.07854784490766967,0.2548442867216326,0.029242038001163588
1.0,130,"demo_00_filtered +10,-15 deg",offset,10.0,-15.0,True,1.29,-5.99,0.009036990947040342,0.09691047571435699,0.5344157753410377
1.0,131,"demo_00_filtered +10,-12.5 deg",offset,10.0,-12.5,True,1.4000000000000001,-5.88,0.0058011956441886645,0.06976204665997936,0.7136149571706448
1.0,132,"demo_00_filtered +10,-10 deg",offset,10.0,-10.0,True,1.61,-5.67,0.004373001103064522,0.04214011587466118,1.0307645495404187
1.0,133,"demo_00_filtered +10,-7.5 deg",offset,10.0,-7.5,True,2.43,-4.85,0.003396072770848412,0.016936168105022957,1.8304253534965267
1.0,134,"demo_00_filtered +10,-5 deg",offset,10.0,-5.0,False,nan,nan,0.001569883546287174,0.10017601391639724,1.899781704319032
1.0,135,"demo_00_filtered +10,-2.5 deg",offset,10.0,-2.5,False,nan,nan,0.0026017440712365345,0.10280252961474336,1.0356419658135037
1.0,136,"demo_00_filtered +10,+0 deg",offset,10.0,0.0,True,8.370000000000001,1.0900000000000007,0.009390055948398299,0.10721326661235851,0.06746120195838834
1.0,137,"demo_00_filtered +10,+2.5 deg",offset,10.0,2.5,True,8.96,1.6800000000000006,0.018479281473480717,0.13966962058381904,0.046502389795577206
1.0,138,"demo_00_filtered +10,+5 deg",offset,10.0,5.0,True,9.05,1.7700000000000005,0.029266275238413363,0.1713660963374544,0.038762101684830845
1.0,139,"demo_00_filtered +10,+7.5 deg",offset,10.0,7.5,True,9.07,1.79,0.04142177403293842,0.20215340554898473,0.034930860501674224
1.0,140,"demo_00_filtered +10,+10 deg",offset,10.0,10.0,True,9.08,1.7999999999999998,0.0549787941546387,0.22838490988506888,0.03256886727609894
1.0,141,"demo_00_filtered +10,+12.5 deg",offset,10.0,12.5,True,9.09,1.8099999999999996,0.07018659470302689,0.2522403582502931,0.030045871435760332
1.0,142,"demo_00_filtered +10,+15 deg",offset,10.0,15.0,True,9.09,1.8099999999999996,0.08730572218193902,0.27745712839567044,0.02764472828180656
1.0,143,"demo_00_filtered +12.5,-15 deg",offset,12.5,-15.0,True,1.27,-6.01,0.006115517338390161,0.07499844123160213,0.5929386535209784
1.0,144,"demo_00_filtered +12.5,-12.5 deg",offset,12.5,-12.5,True,1.43,-5.8500000000000005,0.004087748328331712,0.04798996868681715,0.8189957848019569
1.0,145,"demo_00_filtered +12.5,-10 deg",offset,12.5,-10.0,True,1.83,-5.45,0.0032371965252424597,0.008167129023593551,nan
1.0,146,"demo_00_filtered +12.5,-7.5 deg",offset,12.5,-7.5,True,7.88,0.5999999999999996,0.0027512441080511088,0.08817099989220446,2.043923830314879
1.0,147,"demo_00_filtered +12.5,-5 deg",offset,12.5,-5.0,False,nan,nan,0.0008610048232563022,0.08499387546324429,1.1400522703039158
1.0,148,"demo_00_filtered +12.5,-2.5 deg",offset,12.5,-2.5,True,7.54,0.2599999999999998,0.003925589786106172,0.10000627110420596,0.4686610147285592
1.0,149,"demo_00_filtered +12.5,+0 deg",offset,12.5,0.0,True,8.43,1.1499999999999995,0.011866380640061085,0.13236998684868304,0.06728834459688557
1.0,150,"demo_00_filtered +12.5,+2.5 deg",offset,12.5,2.5,True,8.99,1.71,0.022407525472177964,0.16447233827177746,0.04562368307058092
1.0,151,"demo_00_filtered +12.5,+5 deg",offset,12.5,5.0,True,9.07,1.79,0.03480433472065998,0.19625715306567176,0.03779614023556075
1.0,152,"demo_00_filtered +12.5,+7.5 deg",offset,12.5,7.5,True,9.09,1.8099999999999996,0.0485285697281965,0.22697056243277078,0.0330985141306601
1.0,153,"demo_00_filtered +12.5,+10 deg",offset,12.5,10.0,True,9.1,1.8199999999999994,0.06340177718311667,0.256098147065286,0.029925697441773987
1.0,154,"demo_00_filtered +12.5,+12.5 deg",offset,12.5,12.5,True,9.11,1.8299999999999992,0.0795242631131953,0.27995469294675435,0.027933478258781005
1.0,155,"demo_00_filtered +12.5,+15 deg",offset,12.5,15.0,True,9.11,1.8299999999999992,0.0971090753880545,0.3024042417380517,0.025999418708752338
1.0,156,"demo_00_filtered +15,-15 deg",offset,15.0,-15.0,True,1.26,-6.0200000000000005,0.0045304327398788344,0.051836500926606466,0.6674826247017916
1.0,157,"demo_00_filtered +15,-12.5 deg",offset,15.0,-12.5,True,1.51,-5.7700000000000005,0.003155418553805049,0.018812164815616286,0.9597701294713459
1.0,158,"demo_00_filtered +15,-10 deg",offset,15.0,-10.0,True,2.77,-4.51,0.0028087648989198414,0.04194418032802761,1.4272392265132439
1.0,159,"demo_00_filtered +15,-7.5 deg",offset,15.0,-7.5,False,nan,nan,0.00238243818041797,0.10176383247051747,1.3816243630825518
1.0,160,"demo_00_filtered +15,-5 deg",offset,15.0,-5.0,False,nan,nan,0.0003049596099555896,0.08947156709406892,0.8119062956722721
1.0,161,"demo_00_filtered +15,-2.5 deg",offset,15.0,-2.5,True,6.38,-0.9000000000000004,0.006077217538732001,0.1234984214670776,0.30755980910475783
1.0,162,"demo_00_filtered +15,+0 deg",offset,15.0,0.0,True,8.36,1.0799999999999992,0.015310674276012168,0.15773130243356837,0.07010886216041902
1.0,163,"demo_00_filtered +15,+2.5 deg",offset,15.0,2.5,True,9.01,1.7299999999999995,0.027277880661227355,0.1909379048085827,0.0454417195854795
1.0,164,"demo_00_filtered +15,+5 deg",offset,15.0,5.0,True,9.1,1.8199999999999994,0.04119129085105955,0.22159584877202332,0.036650507406080314
1.0,165,"demo_00_filtered +15,+7.5 deg",offset,15.0,7.5,True,9.11,1.8299999999999992,0.05641418197759044,0.25176918565412293,0.032030339473171125
1.0,166,"demo_00_filtered +15,+10 deg",offset,15.0,10.0,True,9.120000000000001,1.8400000000000007,0.07260381736303871,0.28116807197472177,0.02870221498249861
1.0,167,"demo_00_filtered +15,+12.5 deg",offset,15.0,12.5,True,9.120000000000001,1.8400000000000007,0.08970995253220007,0.30866632015451206,0.026123780538581564
1.0,168,"demo_00_filtered +15,+15 deg",offset,15.0,15.0,True,9.120000000000001,1.8400000000000007,0.10786443500489305,0.32911346955845616,0.024495037653906166
1.5,0,"demo_00_filtered -15,-15 deg",offset,-15.0,-15.0,True,1.36,-5.92,0.16595613578491156,0.3722577662465813,0.2295597231500762
1.5,1,"demo_00_filtered -15,-12.5 deg",offset,-15.0,-12.5,True,1.42,-5.86,0.1378534529821661,0.34016552460616184,0.2468892587068817
1.5,2,"demo_00_filtered -15,-10 deg",offset,-15.0,-10.0,True,1.5,-5.78,0.11325777144940329,0.3094066315076212,0.26213753772666304
1.5,3,"demo_00_filtered -15,-7.5 deg",offset,-15.0,-7.5,True,1.62,-5.66,0.09242524359264621,0.2804879967071731,0.26968297585911905
1.5,4,"demo_00_filtered -15,-5 deg",offset,-15.0,-5.0,True,1.84,-5.44,0.07543582508738682,0.25410276431812856,0.2558152182877557
1.5,5,"demo_00_filtered -15,-2.5 deg",offset,-15.0,-2.5,True,2.37,-4.91,0.06220138568685301,0.2311783066722614,0.18824258849363415
1.5,6,"demo_00_filtered -15,+0 deg",offset,-15.0,0.0,True,4.39,-2.8900000000000006,0.052532711465162286,0.21287883178434175,0.04071633490050244
1.5,7,"demo_00_filtered -15,+2.5 deg",offset,-15.0,2.5,True,7.6000000000000005,0.3200000000000003,0.04633037714356052,0.2005175719784051,0.029916874925686072
1.5,8,"demo_00_filtered -15,+5 deg",offset,-15.0,5.0,True,8.4,1.12,0.04396630532738719,0.19525354916435655,0.030526604932234754
1.5,9,"demo_00_filtered -15,+7.5 deg",offset,-15.0,7.5,True,8.64,1.3600000000000003,0.04622173585931893,0.19748732425538934,0.030615203319416782
1.5,10,"demo_00_filtered -15,+10 deg",offset,-15.0,10.0,True,8.76,1.4799999999999995,0.05346578849924893,0.206467727056983,0.029663217728478054
1.5,11,"demo_00_filtered -15,+12.5 deg",offset,-15.0,12.5,True,8.83,1.5499999999999998,0.0652483985297515,0.22199196355207015,0.028121187203463648
1.5,12,"demo_00_filtered -15,+15 deg",offset,-15.0,15.0,True,8.88,1.6000000000000005,0.0807896145687632,0.24278243515912856,0.02633933029301948
1.5,13,"demo_00_filtered -12.5,-15 deg",offset,-12.5,-15.0,True,1.35,-5.93,0.1405345775091489,0.33581712526057844,0.2467342926385841
1.5,14,"demo_00_filtered -12.5,-12.5 deg",offset,-12.5,-12.5,True,1.41,-5.87,0.11441400865428797,0.30312453598391825,0.2685423500485356
1.5,15,"demo_00_filtered -12.5,-10 deg",offset,-12.5,-10.0,True,1.49,-5.79,0.09186504562343832,0.2716424723818591,0.2908751375602616
1.5,16,"demo_00_filtered -12.5,-7.5 deg",offset,-12.5,-7.5,True,1.61,-5.67,0.07303808466757239,0.24191673928653468,0.30636189280907394
1.5,17,"demo_00_filtered -12.5,-5 deg",offset,-12.5,-5.0,True,1.83,-5.45,0.0579145387181567,0.21474766221637623,0.2970860530275096
1.5,18,"demo_00_filtered -12.5,-2.5 deg",offset,-12.5,-2.5,True,2.39,-4.890000000000001,0.04630633926514953,0.1912898312996484,0.21603263672646073
1.5,19,"demo_00_filtered -12.5,+0 deg",offset,-12.5,0.0,True,4.71,-2.5700000000000003,0.03792730169610323,0.17310630848029138,0.039246852716813684
1.5,20,"demo_00_filtered -12.5,+2.5 deg",offset,-12.5,2.5,True,7.86,0.5800000000000001,0.032684742245837055,0.16202000805765324,0.03359659327394942
1.5,21,"demo_00_filtered -12.5,+5 deg",offset,-12.5,5.0,True,8.5,1.2199999999999998,0.03123437315305855,0.1595470877478167,0.0347285912830234
1.5,22,"demo_00_filtered -12.5,+7.5 deg",offset,-12.5,7.5,True,8.700000000000001,1.4200000000000008,0.034694635171685306,0.16545139555940092,0.0344150606679419
1.5,23,"demo_00_filtered -12.5,+10 deg",offset,-12.5,10.0,True,8.81,1.5300000000000002,0.04327572273937995,0.17908683049414909,0.03267572129013738
1.5,24,"demo_00_filtered -12.5,+12.5 deg",offset,-12.5,12.5,True,8.870000000000001,1.5900000000000007,0.056185047807531634,0.19920154398287243,0.030402824710097108
1.5,25,"demo_00_filtered -12.5,+15 deg",offset,-12.5,15.0,True,8.91,1.63,0.07257406994374584,0.22402509447427488,0.02805218720694066
1.5,26,"demo_00_filtered -10,-15 deg",offset,-10.0,-15.0,True,1.34,-5.94,0.11699928491316787,0.30114503903297746,0.2639063894065264
1.5,27,"demo_00_filtered -10,-12.5 deg",offset,-10.0,-12.5,True,1.4000000000000001,-5.88,0.09307342162235334,0.2677394146195714,0.29267743236995575
1.5,28,"demo_00_filtered -10,-10 deg",offset,-10.0,-10.0,True,1.48,-5.800000000000001,0.07279645323371241,0.23533910162911448,0.32256785743772665
1.5,29,"demo_00_filtered -10,-7.5 deg",offset,-10.0,-7.5,True,1.6,-5.68,0.05616020773678517,0.20449838465593828,0.35046142927601204
1.5,30,"demo_00_filtered -10,-5 deg",offset,-10.0,-5.0,True,1.82,-5.46,0.04299240167526232,0.176103621475446,0.3522279162296986
1.5,31,"demo_00_filtered -10,-2.5 deg",offset,-10.0,-2.5,True,2.41,-4.87,0.03297756590375972,0.1516133987632462,0.2558726820821428
1.5,32,"demo_00_filtered -10,+0 deg",offset,-10.0,0.0,True,5.0600000000000005,-2.2199999999999998,0.02574490237718612,0.13325308662635776,0.04120204277405118
1.5,33,"demo_00_filtered -10,+2.5 deg",offset,-10.0,2.5,True,8.08,0.7999999999999998,0.021262633932982198,0.12381119690651744,0.03898213635568331
1.5,34,"demo_00_filtered -10,+5 deg",offset,-10.0,5.0,True,8.59,1.3099999999999996,0.020663436790428202,0.1252980207547957,0.040556102919185426
1.5,35,"demo_00_filtered -10,+7.5 deg",offset,-10.0,7.5,True,8.76,1.4799999999999995,0.0254466444423035,0.1361900127478365,0.039139085393357656
1.5,36,"demo_00_filtered -10,+10 deg",offset,-10.0,10.0,True,8.85,1.5699999999999994,0.03529774007189181,0.1555738554863476,0.03611271231107312
1.5,37,"demo_00_filtered -10,+12.5 deg",offset,-10.0,12.5,True,8.9,1.62,0.049088951048737964,0.1807083165450938,0.03282706853020432
1.5,38,"demo_00_filtered -10,+15 deg",offset,-10.0,15.0,True,8.94,1.6599999999999993,0.0660900514976871,0.20949568889773368,0.0297452582191197
1.5,39,"demo_00_filtered -7.5,-15 deg",offset,-7.5,-15.0,True,1.33,-5.95,0.09546198699972593,0.26899654651593896,0.28260965077200595
1.5,40,"demo_00_filtered -7.5,-12.5 deg",offset,-7.5,-12.5,True,1.3900000000000001,-5.890000000000001,0.07393508247609809,0.23484343215357048,0.3160221270072871
1.5,41,"demo_00_filtered -7.5,-10 deg",offset,-7.5,-10.0,True,1.47,-5.8100000000000005,0.056144697133253076,0.2013776475390451,0.358895337970207
1.5,42,"demo_00_filtered -7.5,-7.5 deg",offset,-7.5,-7.5,True,1.59,-5.69,0.04186405455018472,0.16908267475798583,0.4013912286356818
1.5,43,"demo_00_filtered -7.5,-5 deg",offset,-7.5,-5.0,True,1.82,-5.46,0.030698382941479994,0.13886725222441254,0.4231506851356251
1.5,44,"demo_00_filtered -7.5,-2.5 deg",offset,-7.5,-2.5,True,2.44,-4.84,0.022186912896416392,0.11248900871190617,0.3162155353394891
1.5,45,"demo_00_filtered -7.5,+0 deg",offset,-7.5,0.0,True,5.47,-1.8100000000000005,0.01591428995045814,0.09334029946949414,0.046682686973698186
1.5,46,"demo_00_filtered -7.5,+2.5 deg",offset,-7.5,2.5,True,8.26,0.9799999999999995,0.011990411004724914,0.08639603194917861,0.04788868692258801
1.5,47,"demo_00_filtered -7.5,+5 deg",offset,-7.5,5.0,True,8.67,1.3899999999999997,0.012454480094625325,0.09345077971847526,0.04891100492694737
1.5,48,"demo_00_filtered -7.5,+7.5 deg",offset,-7.5,7.5,True,8.81,1.5300000000000002,0.018862622402808612,0.11197625770655525,0.04485305203682997
1.5,49,"demo_00_filtered -7.5,+10 deg",offset,-7.5,10.0,True,8.89,1.6100000000000003,0.029759412292923754,0.13797570843286386,0.039726541126917744
1.5,50,"demo_00_filtered -7.5,+12.5 deg",offset,-7.5,12.5,True,8.93,1.6499999999999995,0.04410064889173451,0.16797775877881035,0.035148925070560735
1.5,51,"demo_00_filtered -7.5,+15 deg",offset,-7.5,15.0,True,8.96,1.6800000000000006,0.061481803783850215,0.20014720353236348,0.03129944239361445
1.5,52,"demo_00_filtered -5,-15 deg",offset,-5.0,-15.0,True,1.33,-5.95,0.0760240472171913,0.2398726224826671,0.3026726093886262
1.5,53,"demo_00_filtered -5,-12.5 deg",offset,-5.0,-12.5,True,1.3900000000000001,-5.890000000000001,0.05708349986999058,0.20539642083508022,0.34363614032887674
1.5,54,"demo_00_filtered -5,-10 deg",offset,-5.0,-10.0,True,1.47,-5.8100000000000005,0.0419671019989632,0.17109651755078284,0.3924501735329339
1.5,55,"demo_00_filtered -5,-7.5 deg",offset,-5.0,-7.5,True,1.59,-5.69,0.030165906545426346,0.1372978923167245,0.4576855507662093
1.5,56,"demo_00_filtered -5,-5 deg",offset,-5.0,-5.0,True,1.83,-5.45,0.02098910771254887,0.10464378643480776,0.5094944893565642
1.5,57,"demo_00_filtered -5,-2.5 deg",offset,-5.0,-2.5,True,2.49,-4.79,0.013828775712578697,0.07491652107098119,0.411565231748225
1.5,58,"demo_00_filtered -5,+0 deg",offset,-5.0,0.0,True,5.94,-1.3399999999999999,0.008292268122193868,0.05339422797526491,0.06163591907660623
1.5,59,"demo_00_filtered -5,+2.5 deg",offset,-5.0,2.5,True,8.42,1.1399999999999997,0.004867224940821917,0.05144633841485029,0.06568429217217996
1.5,60,"demo_00_filtered -5,+5 deg",offset,-5.0,5.0,True,8.75,1.4699999999999998,0.007660950445765711,0.06862822000810305,0.06030861897906428
1.5,61,"demo_00_filtered -5,+7.5 deg",offset,-5.0,7.5,True,8.86,1.5799999999999992,0.01564916890037461,0.09673968843255346,0.05075265614096791
1.5,62,"demo_00_filtered -5,+10 deg",offset,-5.0,10.0,True,8.92,1.6399999999999997,0.026969372757726182,0.1287794289269056,0.042927443513624534
1.5,63,"demo_00_filtered -5,+12.5 deg",offset,-5.0,12.5,True,8.96,1.6800000000000006,0.041447602502321934,0.16239701420380187,0.03698786993629339
1.5,64,"demo_00_filtered -5,+15 deg",offset,-5.0,15.0,True,8.99,1.71,0.05896538006082259,0.19673797462300235,0.03242731685372732
1.5,65,"demo_00_filtered -2.5,-15 deg",offset,-2.5,-15.0,True,1.32,-5.96,0.05878504025270768,0.21380624822322195,0.3246681116339944
1.5,66,"demo_00_filtered -2.5,-12.5 deg",offset,-2.5,-12.5,True,1.3800000000000001,-5.9,0.042588452309730566,0.17890391120537133,0.3768715399593004
1.5,67,"demo_00_filtered -2.5,-10 deg",offset,-2.5,-10.0,True,1.47,-5.8100000000000005,0.030282051885671832,0.14406258440073114,0.44007580367577925
1.5,68,"demo_00_filtered -2.5,-7.5 deg",offset,-2.5,-7.5,True,1.6,-5.68,0.021012436921985993,0.10943851262747113,0.5200052796508269
1.5,69,"demo_00_filtered -2.5,-5 deg",offset,-2.5,-5.0,True,1.84,-5.44,0.013736623157065267,0.07544267284375665,0.6042388160512602
1.5,70,"demo_00_filtered -2.5,-2.5 deg",offset,-2.5,-2.5,True,2.57,-4.710000000000001,0.007714885656650552,0.04289055680822118,0.5485746712671482
1.5,71,"demo_00_filtered -2.5,+0 deg",offset,-2.5,0.0,True,6.46,-0.8200000000000003,0.0026586824337567084,0.013537655860217272,0.18351909592219365
1.5,72,"demo_00_filtered -2.5,+2.5 deg",offset,-2.5,2.5,True,8.55,1.2700000000000005,0.0025244763641955083,0.027047699455166028,0.10249718039865362
1.5,73,"demo_00_filtered -2.5,+5 deg",offset,-2.5,5.0,True,8.81,1.5300000000000002,0.008165212976843637,0.06031296767422525,0.07032606172524314
1.5,74,"demo_00_filtered -2.5,+7.5 deg",offset,-2.5,7.5,True,8.91,1.63,0.016105093540132235,0.09490878436960798,0.0543515226127286
1.5,75,"demo_00_filtered -2.5,+10 deg",offset,-2.5,10.0,True,8.96,1.6800000000000006,0.027074952120756002,0.12961701894314578,0.04456165748528131
1.5,76,"demo_00_filtered -2.5,+12.5 deg",offset,-2.5,12.5,True,8.99,1.71,0.04131605159108474,0.1644905456953415,0.03786709411484959
1.5,77,"demo_00_filtered -2.5,+15 deg",offset,-2.5,15.0,True,9.01,1.7299999999999995,0.058724924759720916,0.1993937247274077,0.03296921272965376
1.5,78,"demo_00_filtered +0,-15 deg",offset,0.0,-15.0,True,1.31,-5.970000000000001,0.043853653742547016,0.19088242309510517,0.3520847069548093
1.5,79,"demo_00_filtered +0,-12.5 deg",offset,0.0,-12.5,True,1.3800000000000001,-5.9,0.030507894543926092,0.15606301436626746,0.40834215290204107
1.5,80,"demo_00_filtered +0,-10 deg",offset,0.0,-10.0,True,1.47,-5.8100000000000005,0.021057764424017276,0.12147668558465069,0.49229745274673564
1.5,81,"demo_00_filtered +0,-7.5 deg",offset,0.0,-7.5,True,1.61,-5.67,0.014254016360363069,0.0869719753350194,0.6147974046581594
1.5,82,"demo_00_filtered +0,-5 deg",offset,0.0,-5.0,True,1.8900000000000001,-5.390000000000001,0.008705445474812274,0.059703673645858185,0.7629854581788025
1.5,83,"demo_00_filtered +0,-2.5 deg",offset,0.0,-2.5,True,2.73,-4.550000000000001,0.0035746466893916357,0.021531912582539028,0.6837763934456322
1.5,84,demo_00_filtered,demonstrated,0.0,0.0,True,7.01,-0.27000000000000046,0.0013240402313537281,0.004460008835995393,nan
1.5,85,"demo_00_filtered +0,+2.5 deg",offset,0.0,2.5,True,8.67,1.3899999999999997,0.0061205374948682875,0.03490381605529781,0.09143486269646309
1.5,86,"demo_00_filtered +0,+5 deg",offset,0.0,5.0,True,8.870000000000001,1.5900000000000007,0.011655607928730159,0.06979101978453763,0.0675083419661884
1.5,87,"demo_00_filtered +0,+7.5 deg",offset,0.0,7.5,True,8.950000000000001,1.6700000000000008,0.019209419687128793,0.10464500676822885,0.05317161706493224
1.5,88,"demo_00_filtered +0,+10 deg",offset,0.0,10.0,True,8.99,1.71,0.029761033524436924,0.1390275095674234,0.04394744537459184
1.5,89,"demo_00_filtered +0,+12.5 deg",offset,0.0,12.5,True,9.01,1.7299999999999995,0.043653089316409655,0.17314011054641334,0.03752844216264879
1.5,90,"demo_00_filtered +0,+15 deg",offset,0.0,15.0,True,9.03,1.7499999999999991,0.06078937232748553,0.20724771324218016,0.03275538450883696
1.5,91,"demo_00_filtered +2.5,-15 deg",offset,2.5,-15.0,True,1.31,-5.970000000000001,0.03134922422223323,0.16739678605345962,0.3838765458359622
1.5,92,"demo_00_filtered +2.5,-12.5 deg",offset,2.5,-12.5,True,1.3800000000000001,-5.9,0.02087984352594677,0.1325352501222756,0.45626920996960213
1.5,93,"demo_00_filtered +2.5,-10 deg",offset,2.5,-10.0,True,1.48,-5.800000000000001,0.01418273545863661,0.09796884641543895,0.5523093913449786
1.5,94,"demo_00_filtered +2.5,-7.5 deg",offset,2.5,-7.5,True,1.6400000000000001,-5.640000000000001,0.009597606337954843,0.07188726210443806,0.7162938630745865
1.5,95,"demo_00_filtered +2.5,-5 deg",offset,2.5,-5.0,True,1.99,-5.29,0.00551037893275199,0.04482839089275393,0.9992816179373208
1.5,96,"demo_00_filtered +2.5,-2.5 deg",offset,2.5,-2.5,True,3.14,-4.140000000000001,0.0011287462679198106,0.005905373780382365,0.48138712997338945
1.5,97,"demo_00_filtered +2.5,+0 deg",offset,2.5,0.0,True,7.51,0.22999999999999954,0.004008313543399147,0.03897790632261277,0.0837907088139905
1.5,98,"demo_00_filtered +2.5,+2.5 deg",offset,2.5,2.5,True,8.76,1.4799999999999995,0.009421480670261806,0.0602008378124066,0.06807217441733084
1.5,99,"demo_00_filtered +2.5,+5 deg",offset,2.5,5.0,True,8.93,1.6499999999999995,0.015698936556490465,0.08922641072168017,0.05865394522511404
1.5,100,"demo_00_filtered +2.5,+7.5 deg",offset,2.5,7.5,True,8.99,1.71,0.023727511697037566,0.12085930655967744,0.04883634935256947
1.5,101,"demo_00_filtered +2.5,+10 deg",offset,2.5,10.0,True,9.02,1.7399999999999993,0.03438403350925337,0.15345471447338688,0.041632525531283236
1.5,102,"demo_00_filtered +2.5,+12.5 deg",offset,2.5,12.5,True,9.03,1.7499999999999991,0.048125926219076715,0.18646303705089487,0.03624051374228847
1.5,103,"demo_00_filtered +2.5,+15 deg",offset,2.5,15.0,True,9.05,1.7700000000000005,0.06498840916963944,0.21964962606905003,0.03193921514217342
1.5,104,"demo_00_filtered +5,-15 deg",offset,5.0,-15.0,True,1.3,-5.98,0.021379593759198342,0.14689295922299517,0.42444058357431846
1.5,105,"demo_00_filtered +5,-12.5 deg",offset,5.0,-12.5,True,1.3800000000000001,-5.9,0.013689430524992498,0.11221841544428503,0.5132465467975535
1.5,106,"demo_00_filtered +5,-10 deg",offset,5.0,-10.0,True,1.5,-5.78,0.009411663546260818,0.0808720187811215,0.6564317150903713
1.5,107,"demo_00_filtered +5,-7.5 deg",offset,5.0,-7.5,True,1.7,-5.58,0.0065725481551318745,0.056526586580973384,0.8781590111344022
1.5,108,"demo_00_filtered +5,-5 deg",offset,5.0,-5.0,True,2.25,-5.03,0.003599048746643551,0.016114715760479698,1.058588344317015
1.5,109,"demo_00_filtered +5,-2.5 deg",offset,5.0,-2.5,True,4.78,-2.5,0.0009150289971201133,0.05208022279384148,1.0773612223003333
1.5,110,"demo_00_filtered +5,+0 deg",offset,5.0,0.0,True,7.92,0.6399999999999997,0.005910905218204283,0.06051514677916187,0.07082277892460792
1.5,111,"demo_00_filtered +5,+2.5 deg",offset,5.0,2.5,True,8.85,1.5699999999999994,0.012324555452066682,0.09422484798209368,0.05024563746128143
1.5,112,"demo_00_filtered +5,+5 deg",offset,5.0,5.0,True,8.97,1.6900000000000004,0.019899874459118276,0.11840443716586918,0.04909519665496998
1.5,113,"demo_00_filtered +5,+7.5 deg",offset,5.0,7.5,True,9.02,1.7399999999999993,0.02904373257793733,0.14529662439833216,0.04411699867252362
1.5,114,"demo_00_filtered +5,+10 deg",offset,5.0,10.0,True,9.040000000000001,1.7600000000000007,0.04035066590285509,0.17429161346317143,0.03889364266498871
1.5,115,"demo_00_filtered +5,+12.5 deg",offset,5.0,12.5,True,9.05,1.7700000000000005,0.05428318148683768,0.2044537695868019,0.03438413569386854
1.5,116,"demo_00_filtered +5,+15 deg",offset,5.0,15.0,True,9.06,1.7800000000000002,0.071017715731674,0.23528853643134554,0.030641417285828757
1.5,117,"demo_00_filtered +7.5,-15 deg",offset,7.5,-15.0,True,1.29,-5.99,0.013984636399210375,0.1219671312278732,0.4795803058668994
1.5,118,"demo_00_filtered +7.5,-12.5 deg",offset,7.5,-12.5,True,1.3900000000000001,-5.890000000000001,0.008793043435299871,0.08866001607770846,0.5957598321902697
1.5,119,"demo_00_filtered +7.5,-10 deg",offset,7.5,-10.0,True,1.54,-5.74,0.006317339930828185,0.06407346264940704,0.7765157806553966
1.5,120,"demo_00_filtered +7.5,-7.5 deg",offset,7.5,-7.5,True,1.85,-5.43,0.004628760896843157,0.03197802809611049,1.1644443371829527
1.5,121,"demo_00_filtered +7.5,-5 deg",offset,7.5,-5.0,True,4.1,-3.1800000000000006,0.0024027681702271726,0.0547478756629392,2.1884050267021644
1.5,122,"demo_00_filtered +7.5,-2.5 deg",offset,7.5,-2.5,False,nan,nan,0.001717218339995222,0.10280678741990794,1.5955823103085582
1.5,123,"demo_00_filtered +7.5,+0 deg",offset,7.5,0.0,True,8.2,0.919999999999999,0.007542440292931764,0.08219210101102802,0.06895934320984168
1.5,124,"demo_00_filtered +7.5,+2.5 deg",offset,7.5,2.5,True,8.91,1.63,0.015220928226231676,0.11482140750018173,0.04663678856678961
1.5,125,"demo_00_filtered +7.5,+5 deg",offset,7.5,5.0,True,9.01,1.7299999999999995,0.024362479734421343,0.14794356162360803,0.041641381187563796
1.5,126,"demo_00_filtered +7.5,+7.5 deg",offset,7.5,7.5,True,9.05,1.7700000000000005,0.034950560272445336,0.17450102488327285,0.039054539917577014
1.5,127,"demo_00_filtered +7.5,+10 deg",offset,7.5,10.0,True,9.06,1.7800000000000002,0.047279044211417924,0.1998017210383359,0.03567883306694693
1.5,128,"demo_00_filtered +7.5,+12.5 deg",offset,7.5,12.5,True,9.07,1.79,0.061726856718070156,0.22677381360346685,0.03229764635120813
1.5,129,"demo_00_filtered +7.5,+15 deg",offset,7.5,15.0,True,9.08,1.7999999999999998,0.07854784490764002,0.2548442867216326,0.029242038001163564
1.5,130,"demo_00_filtered +10,-15 deg",offset,10.0,-15.0,True,1.29,-5.99,0.009036990942739952,0.09691047571435699,0.5344157753666224
1.5,131,"demo_00_filtered +10,-12.5 deg",offset,10.0,-12.5,True,1.4000000000000001,-5.88,0.005801195643176834,0.06976204665657725,0.7136149571816862
1.5,132,"demo_00_filtered +10,-10 deg",offset,10.0,-10.0,True,1.61,-5.67,0.004373001111383837,0.04214011585582692,1.0307645491590545
1.5,133,"demo_00_filtered +10,-7.5 deg",offset,10.0,-7.5,True,2.43,-4.85,0.003396072782815314,0.016936168165093805,1.8304253604433405
1.5,134,"demo_00_filtered +10,-5 deg",offset,10.0,-5.0,False,nan,nan,0.001569883550023445,0.1001760139140393,1.8997817042618097
1.5,135,"demo_00_filtered +10,-2.5 deg",offset,10.0,-2.5,False,nan,nan,0.002601744070165083,0.10280252962238717,1.0356419661234928
1.5,136,"demo_00_filtered +10,+0 deg",offset,10.0,0.0,True,8.370000000000001,1.0900000000000007,0.009390055948240942,0.10721326661235851,0.06746120195612863
1.5,137,"demo_00_filtered +10,+2.5 deg",offset,10.0,2.5,True,8.96,1.6800000000000006,0.018479281472980683,0.13966962058381904,0.04650238979567167
1.5,138,"demo_00_filtered +10,+5 deg",offset,10.0,5.0,True,9.05,1.7700000000000005,0.029266275237906245,0.1713660963374544,0.03876210168491237
1.5,139,"demo_00_filtered +10,+7.5 deg",offset,10.0,7.5,True,9.07,1.79,0.041421774032606884,0.20215340554898473,0.034930860501695145
1.5,140,"demo_00_filtered +10,+10 deg",offset,10.0,10.0,True,9.08,1.7999999999999998,0.05497879415446643,0.22838490988506888,0.03256886727610376
1.5,141,"demo_00_filtered +10,+12.5 deg",offset,10.0,12.5,True,9.09,1.8099999999999996,0.07018659470294836,0.2522403582502931,0.030045871435761595
1.5,142,"demo_00_filtered +10,+15 deg",offset,10.0,15.0,True,9.09,1.8099999999999996,0.08730572218190549,0.27745712839567044,0.02764472828180714
1.5,143,"demo_00_filtered +12.5,-15 deg",offset,12.5,-15.0,True,1.27,-6.01,0.0061155173340879864,0.07499844123467009,0.5929386535619957
1.5,144,"demo_00_filtered +12.5,-12.5 deg",offset,12.5,-12.5,True,1.43,-5.8500000000000005,0.00408774832853938,0.04798996868758699,0.8189957848248489
1.5,145,"demo_00_filtered +12.5,-10 deg",offset,12.5,-10.0,True,1.83,-5.45,0.0032371965369267825,0.008167129002642468,nan
1.5,146,"demo_00_filtered +12.5,-7.5 deg",offset,12.5,-7.5,True,7.88,0.5999999999999996,0.0027512441238897994,0.08817099993030063,2.043923835876335
1.5,147,"demo_00_filtered +12.5,-5 deg",offset,12.5,-5.0,False,nan,nan,0.000861004830419719,0.08499387545586658,1.1400522702891571
1.5,148,"demo_00_filtered +12.5,-2.5 deg",offset,12.5,-2.5,True,7.54,0.2599999999999998,0.003925589784148205,0.10000627110420596,0.4686610140250126
1.5,149,"demo_00_filtered +12.5,+0 deg",offset,12.5,0.0,True,8.43,1.1499999999999995,0.01186638063899625,0.13236998684868304,0.0672883445948742
1.5,150,"demo_00_filtered +12.5,+2.5 deg",offset,12.5,2.5,True,8.99,1.71,0.022407525471241817,0.16447233827177746,0.045623683070795
1.5,151,"demo_00_filtered +12.5,+5 deg",offset,12.5,5.0,True,9.07,1.79,0.03480433472000356,0.19625715306567176,0.03779614023566293
1.5,152,"demo_00_filtered +12.5,+7.5 deg",offset,12.5,7.5,True,9.09,1.8099999999999996,0.04852856972782469,0.22697056243277078,0.03309851413069284
1.5,153,"demo_00_filtered +12.5,+10 deg",offset,12.5,10.0,True,9.1,1.8199999999999994,0.06340177718293506,0.256098147065286,0.029925697441782688
1.5,154,"demo_00_filtered +12.5,+12.5 deg",offset,12.5,12.5,True,9.11,1.8299999999999992,0.07952426311311518,0.27995469294675435,0.027933478258783295
1.5,155,"demo_00_filtered +12.5,+15 deg",offset,12.5,15.0,True,9.11,1.8299999999999992,0.09710907538802244,0.3024042417380517,0.025999418708752838
1.5,156,"demo_00_filtered +15,-15 deg",offset,15.0,-15.0,True,1.26,-6.0200000000000005,0.004530432733453442,0.05183650093288088,0.6674826248066409
1.5,157,"demo_00_filtered +15,-12.5 deg",offset,15.0,-12.5,True,1.51,-5.7700000000000005,0.0031554185500595466,0.01881216482216129,0.9597701299102823
1.5,158,"demo_00_filtered +15,-10 deg",offset,15.0,-10.0,True,2.77,-4.51,0.002808764906276691,0.04194418033933143,1.4272392270488696
1.5,159,"demo_00_filtered +15,-7.5 deg",offset,15.0,-7.5,False,nan,nan,0.002382438193010023,0.10176383247044404,1.381624363066331
1.5,160,"demo_00_filtered +15,-5 deg",offset,15.0,-5.0,False,nan,nan,0.0003049596078333692,0.08947156710100342,0.8119062956702614
1.5,161,"demo_00_filtered +15,-2.5 deg",offset,15.0,-2.5,True,6.38,-0.9000000000000004,0.006077217535762009,0.1234984214670776,0.3075598090042597
1.5,162,"demo_00_filtered +15,+0 deg",offset,15.0,0.0,True,8.36,1.0799999999999992,0.01531067427420366,0.15773130243356837,0.07010886216103691
1.5,163,"demo_00_filtered +15,+2.5 deg",offset,15.0,2.5,True,9.01,1.7299999999999995,0.02727788066000068,0.1909379048085827,0.04544171958593712
1.5,164,"demo_00_filtered +15,+5 deg",offset,15.0,5.0,True,9.1,1.8199999999999994,0.041191290850327786,0.22159584877202332,0.036650507406230715
1.5,165,"demo_00_filtered +15,+7.5 deg",offset,15.0,7.5,True,9.11,1.8299999999999992,0.0564141819772084,0.25176918565412293,0.032030339473214764
1.5,166,"demo_00_filtered +15,+10 deg",offset,15.0,10.0,True,9.120000000000001,1.8400000000000007,0.07260381736285984,0.28116807197472177,0.02870221498251153
1.5,167,"demo_00_filtered +15,+12.5 deg",offset,15.0,12.5,True,9.120000000000001,1.8400000000000007,0.0897099525321257,0.30866632015451206,0.026123780538584943
1.5,168,"demo_00_filtered +15,+15 deg",offset,15.0,15.0,True,9.120000000000001,1.8400000000000007,0.10786443500486702,0.32911346955845616,0.02449503765390676
2.5,0,"demo_00_filtered -15,-15 deg",offset,-15.0,-15.0,True,1.36,-5.92,0.16595613578491156,0.3722577662465813,0.2295597231500762
2.5,1,"demo_00_filtered -15,-12.5 deg",offset,-15.0,-12.5,True,1.42,-5.86,0.1378534529821661,0.34016552460616184,0.24688925870688166
2.5,2,"demo_00_filtered -15,-10 deg",offset,-15.0,-10.0,True,1.5,-5.78,0.11325777144940329,0.3094066315076212,0.2621375377266631
2.5,3,"demo_00_filtered -15,-7.5 deg",offset,-15.0,-7.5,True,1.62,-5.66,0.09242524359264621,0.2804879967071731,0.26968297585911905
2.5,4,"demo_00_filtered -15,-5 deg",offset,-15.0,-5.0,True,1.84,-5.44,0.07543582508738682,0.25410276431812856,0.2558152182877558
2.5,5,"demo_00_filtered -15,-2.5 deg",offset,-15.0,-2.5,True,2.37,-4.91,0.06220138568685301,0.2311783066722614,0.18824258849363412
2.5,6,"demo_00_filtered -15,+0 deg",offset,-15.0,0.0,True,4.39,-2.8900000000000006,0.052532711465162286,0.21287883178434175,0.04071633490050227
2.5,7,"demo_00_filtered -15,+2.5 deg",offset,-15.0,2.5,True,7.6000000000000005,0.3200000000000003,0.04633037714356052,0.2005175719784051,0.029916874925686072
2.5,8,"demo_00_filtered -15,+5 deg",offset,-15.0,5.0,True,8.4,1.12,0.04396630532738719,0.19525354916435655,0.030526604932234754
2.5,9,"demo_00_filtered -15,+7.5 deg",offset,-15.0,7.5,True,8.64,1.3600000000000003,0.04622173585931893,0.19748732425538934,0.030615203319416782
2.5,10,"demo_00_filtered -15,+10 deg",offset,-15.0,10.0,True,8.76,1.4799999999999995,0.05346578849924893,0.206467727056983,0.029663217728478082
2.5,11,"demo_00_filtered -15,+12.5 deg",offset,-15.0,12.5,True,8.83,1.5499999999999998,0.0652483985297515,0.22199196355207015,0.028121187203463648
2.5,12,"demo_00_filtered -15,+15 deg",offset,-15.0,15.0,True,8.88,1.6000000000000005,0.0807896145687632,0.24278243515912856,0.02633933029301948
2.5,13,"demo_00_filtered -12.5,-15 deg",offset,-12.5,-15.0,True,1.35,-5.93,0.1405345775091489,0.33581712526057844,0.246734292638584
2.5,14,"demo_00_filtered -12.5,-12.5 deg",offset,-12.5,-12.5,True,1.41,-5.87,0.11441400865428797,0.30312453598391825,0.2685423500485356
2.5,15,"demo_00_filtered -12.5,-10 deg",offset,-12.5,-10.0,True,1.49,-5.79,0.09186504562343832,0.2716424723818591,0.2908751375602617
2.5,16,"demo_00_filtered -12.5,-7.5 deg",offset,-12.5,-7.5,True,1.61,-5.67,0.07303808466757239,0.24191673928653468,0.30636189280907394
2.5,17,"demo_00_filtered -12.5,-5 deg",offset,-12.5,-5.0,True,1.83,-5.45,0.0579145387181567,0.21474766221637623,0.2970860530275095
2.5,18,"demo_00_filtered -12.5,-2.5 deg",offset,-12.5,-2.5,True,2.39,-4.890000000000001,0.04630633926514974,0.1912898312996484,0.21603263672646086
2.5,19,"demo_00_filtered -12.5,+0 deg",offset,-12.5,0.0,True,4.71,-2.5700000000000003,0.03792730169610323,0.17310630848029138,0.039246852716813926
2.5,20,"demo_00_filtered -12.5,+2.5 deg",offset,-12.5,2.5,True,7.86,0.5800000000000001,0.032684742245837055,0.16202000805765324,0.03359659327394942
2.5,21,"demo_00_filtered -12.5,+5 deg",offset,-12.5,5.0,True,8.5,1.2199999999999998,0.03123437315305855,0.1595470877478167,0.0347285912830234
2.5,22,"demo_00_filtered -12.5,+7.5 deg",offset,-12.5,7.5,True,8.700000000000001,1.4200000000000008,0.034694635171685306,0.16545139555940092,0.0344150606679419
2.5,23,"demo_00_filtered -12.5,+10 deg",offset,-12.5,10.0,True,8.81,1.5300000000000002,0.04327572273937995,0.17908683049414909,0.03267572129013738
2.5,24,"demo_00_filtered -12.5,+12.5 deg",offset,-12.5,12.5,True,8.870000000000001,1.5900000000000007,0.056185047807531634,0.19920154398287243,0.030402824710097108
2.5,25,"demo_00_filtered -12.5,+15 deg",offset,-12.5,15.0,True,8.91,1.63,0.07257406994374584,0.22402509447427488,0.02805218720694066
2.5,26,"demo_00_filtered -10,-15 deg",offset,-10.0,-15.0,True,1.34,-5.94,0.11699928491316781,0.30114503903297746,0.2639063894065264
2.5,27,"demo_00_filtered -10,-12.5 deg",offset,-10.0,-12.5,True,1.4000000000000001,-5.88,0.09307342162235334,0.2677394146195714,0.2926774323699556
2.5,28,"demo_00_filtered -10,-10 deg",offset,-10.0,-10.0,True,1.48,-5.800000000000001,0.07279645323371241,0.23533910162911448,0.3225678574377267
2.5,29,"demo_00_filtered -10,-7.5 deg",offset,-10.0,-7.5,True,1.6,-5.68,0.05616020773678544,0.20449838465593828,0.35046142927601187
2.5,30,"demo_00_filtered -10,-5 deg",offset,-10.0,-5.0,True,1.82,-5.46,0.04299240167526232,0.176103621475446,0.35222791622969857
2.5,31,"demo_00_filtered -10,-2.5 deg",offset,-10.0,-2.5,True,2.41,-4.87,0.03297756590375972,0.1516133987632462,0.25587268208214276
2.5,32,"demo_00_filtered -10,+0 deg",offset,-10.0,0.0,True,5.0600000000000005,-2.2199999999999998,0.02574490237718612,0.13325308662635776,0.04120204277405123
2.5,33,"demo_00_filtered -10,+2.5 deg",offset,-10.0,2.5,True,8.08,0.7999999999999998,0.021262633932982198,0.12381119690651744,0.03898213635568326
2.5,34,"demo_00_filtered -10,+5 deg",offset,-10.0,5.0,True,8.59,1.3099999999999996,0.020663436790428202,0.1252980207547957,0.040556102919185856
2.5,35,"demo_00_filtered -10,+7.5 deg",offset,-10.0,7.5,True,8.76,1.4799999999999995,0.0254466444423035,0.1361900127478365,0.039139085393357656
2.5,36,"demo_00_filtered -10,+10 deg",offset,-10.0,10.0,True,8.85,1.5699999999999994,0.03529774007189181,0.1555738554863476,0.03611271231107312
2.5,37,"demo_00_filtered -10,+12.5 deg",offset,-10.0,12.5,True,8.9,1.62,0.049088951048737964,0.1807083165450938,0.032827068530204326
2.5,38,"demo_00_filtered -10,+15 deg",offset,-10.0,15.0,True,8.94,1.6599999999999993,0.0660900514976871,0.20949568889773368,0.0297452582191197
2.5,39,"demo_00_filtered -7.5,-15 deg",offset,-7.5,-15.0,True,1.33,-5.95,0.09546198699972598,0.26899654651593896,0.282609650772006
2.5,40,"demo_00_filtered -7.5,-12.5 deg",offset,-7.5,-12.5,True,1.3900000000000001,-5.890000000000001,0.07393508247609809,0.23484343215357048,0.31602212700728693
2.5,41,"demo_00_filtered -7.5,-10 deg",offset,-7.5,-10.0,True,1.47,-5.8100000000000005,0.056144697133253076,0.2013776475390451,0.358895337970207
2.5,42,"demo_00_filtered -7.5,-7.5 deg",offset,-7.5,-7.5,True,1.59,-5.69,0.04186405455018472,0.16908267475798583,0.4013912286356818
2.5,43,"demo_00_filtered -7.5,-5 deg",offset,-7.5,-5.0,True,1.82,-5.46,0.030698382941479994,0.13886725222441254,0.4231506851356251
2.5,44,"demo_00_filtered -7.5,-2.5 deg",offset,-7.5,-2.5,True,2.44,-4.84,0.022186912896416392,0.11248900871190617,0.3162155353394891
2.5,45,"demo_00_filtered -7.5,+0 deg",offset,-7.5,0.0,True,5.47,-1.8100000000000005,0.01591428995045814,0.09334029946949414,0.04668268697369795
2.5,46,"demo_00_filtered -7.5,+2.5 deg",offset,-7.5,2.5,True,8.26,0.9799999999999995,0.011990411004724914,0.08639603194917861,0.04788868692258801
2.5,47,"demo_00_filtered -7.5,+5 deg",offset,-7.5,5.0,True,8.67,1.3899999999999997,0.012454480094625325,0.09345077971847526,0.04891100492694737
2.5,48,"demo_00_filtered -7.5,+7.5 deg",offset,-7.5,7.5,True,8.81,1.5300000000000002,0.018862622402808612,0.11197625770655525,0.04485305203682997
2.5,49,"demo_00_filtered -7.5,+10 deg",offset,-7.5,10.0,True,8.89,1.6100000000000003,0.029759412292923754,0.13797570843286386,0.039726541126917744
2.5,50,"demo_00_filtered -7.5,+12.5 deg",offset,-7.5,12.5,True,8.93,1.6499999999999995,0.04410064889173451,0.16797775877881035,0.035148925070560735
2.5,51,"demo_00_filtered -7.5,+15 deg",offset,-7.5,15.0,True,8.96,1.6800000000000006,0.061481803783850215,0.20014720353236348,0.03129944239361445
2.5,52,"demo_00_filtered -5,-15 deg",offset,-5.0,-15.0,True,1.33,-5.95,0.0760240472171913,0.2398726224826671,0.30267260938862633
2.5,53,"demo_00_filtered -5,-12.5 deg",offset,-5.0,-12.5,True,1.3900000000000001,-5.890000000000001,0.05708349986999058,0.20539642083508022,0.34363614032887685
2.5,54,"demo_00_filtered -5,-10 deg",offset,-5.0,-10.0,True,1.47,-5.8100000000000005,0.0419671019989632,0.17109651755078284,0.39245017353293404
2.5,55,"demo_00_filtered -5,-7.5 deg",offset,-5.0,-7.5,True,1.59,-5.69,0.030165906545426346,0.1372978923167245,0.4576855507662093
2.5,56,"demo_00_filtered -5,-5 deg",offset,-5.0,-5.0,True,1.83,-5.45,0.020989107712549023,0.10464378643480776,0.509494489356564
2.5,57,"demo_00_filtered -5,-2.5 deg",offset,-5.0,-2.5,True,2.49,-4.79,0.013828775712578697,0.07491652107098119,0.4115652317482249
2.5,58,"demo_00_filtered -5,+0 deg",offset,-5.0,0.0,True,5.94,-1.3399999999999999,0.008292268122193868,0.05339422797526491,0.061635919076607204
2.5,59,"demo_00_filtered -5,+2.5 deg",offset,-5.0,2.5,True,8.42,1.1399999999999997,0.004867224940821917,0.05144633841485029,0.06568429217218039
2.5,60,"demo_00_filtered -5,+5 deg",offset,-5.0,5.0,True,8.75,1.4699999999999998,0.007660950445765711,0.06862822000810305,0.06030861897906428
2.5,61,"demo_00_filtered -5,+7.5 deg",offset,-5.0,7.5,True,8.86,1.5799999999999992,0.01564916890037461,0.09673968843255346,0.05075265614096791
2.5,62,"demo_00_filtered -5,+10 deg",offset,-5.0,10.0,True,8.92,1.6399999999999997,0.026969372757726182,0.1287794289269056,0.042927443513624534
2.5,63,"demo_00_filtered -5,+12.5 deg",offset,-5.0,12.5,True,8.96,1.6800000000000006,0.041447602502321934,0.16239701420380187,0.03698786993629339
2.5,64,"demo_00_filtered -5,+15 deg",offset,-5.0,15.0,True,8.99,1.71,0.05896538006082259,0.19673797462300235,0.03242731685372732
2.5,65,"demo_00_filtered -2.5,-15 deg",offset,-2.5,-15.0,True,1.32,-5.96,0.05878504025270768,0.21380624822322195,0.3246681116339944
2.5,66,"demo_00_filtered -2.5,-12.5 deg",offset,-2.5,-12.5,True,1.3800000000000001,-5.9,0.042588452309730566,0.17890391120537133,0.3768715399593004
2.5,67,"demo_00_filtered -2.5,-10 deg",offset,-2.5,-10.0,True,1.47,-5.8100000000000005,0.030282051885671832,0.14406258440073114,0.44007580367577914
2.5,68,"demo_00_filtered -2.5,-7.5 deg",offset,-2.5,-7.5,True,1.6,-5.68,0.021012436921986167,0.10943851262747113,0.5200052796508269
2.5,69,"demo_00_filtered -2.5,-5 deg",offset,-2.5,-5.0,True,1.84,-5.44,0.013736623157065267,0.07544267284375665,0.6042388160512598
2.5,70,"demo_00_filtered -2.5,-2.5 deg",offset,-2.5,-2.5,True,2.57,-4.710000000000001,0.007714885656650611,0.04289055680822118,0.5485746712671482
2.5,71,"demo_00_filtered -2.5,+0 deg",offset,-2.5,0.0,True,6.46,-0.8200000000000003,0.0026586824337567084,0.013537655860217272,0.1835190959222
2.5,72,"demo_00_filtered -2.5,+2.5 deg",offset,-2.5,2.5,True,8.55,1.2700000000000005,0.002524476364195613,0.027047699455166028,0.10249718039865385
2.5,73,"demo_00_filtered -2.5,+5 deg",offset,-2.5,5.0,True,8.81,1.5300000000000002,0.008165212976843637,0.06031296767422525,0.07032606172524304
2.5,74,"demo_00_filtered -2.5,+7.5 deg",offset,-2.5,7.5,True,8.91,1.63,0.016105093540132235,0.09490878436960798,0.054351522612728916
2.5,75,"demo_00_filtered -2.5,+10 deg",offset,-2.5,10.0,True,8.96,1.6800000000000006,0.027074952120756002,0.12961701894314578,0.04456165748528131
2.5,76,"demo_00_filtered -2.5,+12.5 deg",offset,-2.5,12.5,True,8.99,1.71,0.04131605159108474,0.1644905456953415,0.03786709411484959
2.5,77,"demo_00_filtered -2.5,+15 deg",offset,-2.5,15.0,True,9.01,1.7299999999999995,0.058724924759720916,0.1993937247274077,0.03296921272965376
2.5,78,"demo_00_filtered +0,-15 deg",offset,0.0,-15.0,True,1.31,-5.970000000000001,0.043853653742547016,0.19088242309510517,0.3520847069548093
2.5,79,"demo_00_filtered +0,-12.5 deg",offset,0.0,-12.5,True,1.3800000000000001,-5.9,0.030507894543926092,0.15606301436626746,0.408342152902041
2.5,80,"demo_00_filtered +0,-10 deg",offset,0.0,-10.0,True,1.47,-5.8100000000000005,0.021057764424017276,0.12147668558465069,0.49229745274673564
2.5,81,"demo_00_filtered +0,-7.5 deg",offset,0.0,-7.5,True,1.61,-5.67,0.014254016360363147,0.0869719753350194,0.6147974046581594
2.5,82,"demo_00_filtered +0,-5 deg",offset,0.0,-5.0,True,1.8900000000000001,-5.390000000000001,0.008705445474812274,0.059703673645858234,0.762985458178802
2.5,83,"demo_00_filtered +0,-2.5 deg",offset,0.0,-2.5,True,2.73,-4.550000000000001,0.003574646689391679,0.02153191258253901,0.6837763934456342
2.5,84,demo_00_filtered,demonstrated,0.0,0.0,True,7.01,-0.27000000000000046,0.0013240402313536971,0.004460008835995393,nan
2.5,85,"demo_00_filtered +0,+2.5 deg",offset,0.0,2.5,True,8.67,1.3899999999999997,0.0061205374948682875,0.03490381605529781,0.09143486269646207
2.5,86,"demo_00_filtered +0,+5 deg",offset,0.0,5.0,True,8.870000000000001,1.5900000000000007,0.011655607928730159,0.06979101978453763,0.0675083419661884
2.5,87,"demo_00_filtered +0,+7.5 deg",offset,0.0,7.5,True,8.950000000000001,1.6700000000000008,0.019209419687128793,0.10464500676822885,0.05317161706493254
2.5,88,"demo_00_filtered +0,+10 deg",offset,0.0,10.0,True,8.99,1.71,0.029761033524436924,0.1390275095674234,0.04394744537459184
2.5,89,"demo_00_filtered +0,+12.5 deg",offset,0.0,12.5,True,9.01,1.7299999999999995,0.043653089316409655,0.17314011054641334,0.03752844216264879
2.5,90,"demo_00_filtered +0,+15 deg",offset,0.0,15.0,True,9.03,1.7499999999999991,0.06078937232748553,0.20724771324218016,0.03275538450883696
2.5,91,"demo_00_filtered +2.5,-15 deg",offset,2.5,-15.0,True,1.31,-5.970000000000001,0.03134922422223323,0.16739678605345962,0.3838765458359622
2.5,92,"demo_00_filtered +2.5,-12.5 deg",offset,2.5,-12.5,True,1.3800000000000001,-5.9,0.0208798435259467,0.1325352501222756,0.45626920996960246
2.5,93,"demo_00_filtered +2.5,-10 deg",offset,2.5,-10.0,True,1.48,-5.800000000000001,0.01418273545863661,0.09796884641543895,0.5523093913449787
2.5,94,"demo_00_filtered +2.5,-7.5 deg",offset,2.5,-7.5,True,1.6400000000000001,-5.640000000000001,0.009597606337955013,0.07188726210443806,0.7162938630745859
2.5,95,"demo_00_filtered +2.5,-5 deg",offset,2.5,-5.0,True,1.99,-5.29,0.00551037893275211,0.044828390892753624,0.9992816179373213
2.5,96,"demo_00_filtered +2.5,-2.5 deg",offset,2.5,-2.5,True,3.14,-4.140000000000001,0.0011287462679197616,0.005905373780382343,0.4813871299734065
2.5,97,"demo_00_filtered +2.5,+0 deg",offset,2.5,0.0,True,7.51,0.22999999999999954,0.004008313543399147,0.03897790632261277,0.0837907088139913
2.5,98,"demo_00_filtered +2.5,+2.5 deg",offset,2.5,2.5,True,8.76,1.4799999999999995,0.009421480670261806,0.0602008378124066,0.06807217441732981
2.5,99,"demo_00_filtered +2.5,+5 deg",offset,2.5,5.0,True,8.93,1.6499999999999995,0.015698936556490465,0.08922641072168017,0.05865394522511417
2.5,100,"demo_00_filtered +2.5,+7.5 deg",offset,2.5,7.5,True,8.99,1.71,0.023727511697037566,0.12085930655967744,0.04883634935256891
2.5,101,"demo_00_filtered +2.5,+10 deg",offset,2.5,10.0,True,9.02,1.7399999999999993,0.03438403350925337,0.15345471447338688,0.041632525531283236
2.5,102,"demo_00_filtered +2.5,+12.5 deg",offset,2.5,12.5,True,9.03,1.7499999999999991,0.048125926219076715,0.18646303705089487,0.03624051374228847
2.5,103,"demo_00_filtered +2.5,+15 deg",offset,2.5,15.0,True,9.05,1.7700000000000005,0.06498840916963944,0.21964962606905003,0.03193921514217342
2.5,104,"demo_00_filtered +5,-15 deg",offset,5.0,-15.0,True,1.3,-5.98,0.021379593759198495,0.14689295922299517,0.42444058357431874
2.5,105,"demo_00_filtered +5,-12.5 deg",offset,5.0,-12.5,True,1.3800000000000001,-5.9,0.013689430524992264,0.11221841544428503,0.5132465467975541
2.5,106,"demo_00_filtered +5,-10 deg",offset,5.0,-10.0,True,1.5,-5.78,0.009411663546260949,0.08087201878112159,0.6564317150903707
2.5,107,"demo_00_filtered +5,-7.5 deg",offset,5.0,-7.5,True,1.7,-5.58,0.006572548155132121,0.05652658658097363,0.8781590111344016
2.5,108,"demo_00_filtered +5,-5 deg",offset,5.0,-5.0,True,2.25,-5.03,0.003599048746643807,0.016114715760479733,1.058588344316999
2.5,109,"demo_00_filtered +5,-2.5 deg",offset,5.0,-2.5,True,4.78,-2.5,0.0009150289971200092,0.052080222793842314,1.0773612223003517
2.5,110,"demo_00_filtered +5,+0 deg",offset,5.0,0.0,True,7.92,0.6399999999999997,0.005910905218204283,0.06051514677916187,0.07082277892460828
2.5,111,"demo_00_filtered +5,+2.5 deg",offset,5.0,2.5,True,8.85,1.5699999999999994,0.012324555452066573,0.09422484798209368,0.050245637461281384
2.5,112,"demo_00_filtered +5,+5 deg",offset,5.0,5.0,True,8.97,1.6900000000000004,0.019899874459118276,0.11840443716586918,0.049095196654969725
2.5,113,"demo_00_filtered +5,+7.5 deg",offset,5.0,7.5,True,9.02,1.7399999999999993,0.02904373257793733,0.14529662439833216,0.04411699867252362
2.5,114,"demo_00_filtered +5,+10 deg",offset,5.0,10.0,True,9.040000000000001,1.7600000000000007,0.04035066590285509,0.17429161346317143,0.038893642664988404
2.5,115,"demo_00_filtered +5,+12.5 deg",offset,5.0,12.5,True,9.05,1.7700000000000005,0.05428318148683768,0.2044537695868019,0.03438413569386826
2.5,116,"demo_00_filtered +5,+15 deg",offset,5.0,15.0,True,9.06,1.7800000000000002,0.071017715731674,0.23528853643134554,0.030641417285828757
2.5,117,"demo_00_filtered +7.5,-15 deg",offset,7.5,-15.0,True,1.29,-5.99,0.013984636399210364,0.1219671312278732,0.4795803058668992
2.5,118,"demo_00_filtered +7.5,-12.5 deg",offset,7.5,-12.5,True,1.3900000000000001,-5.890000000000001,0.008793043435299694,0.08866001607770818,0.5957598321902705
2.5,119,"demo_00_filtered +7.5,-10 deg",offset,7.5,-10.0,True,1.54,-5.74,0.006317339930828089,0.06407346264940704,0.7765157806553978
2.5,120,"demo_00_filtered +7.5,-7.5 deg",offset,7.5,-7.5,True,1.85,-5.43,0.004628760896843403,0.03197802809611057,1.1644443371829474
2.5,121,"demo_00_filtered +7.5,-5 deg",offset,7.5,-5.0,True,4.1,-3.1800000000000006,0.002402768170227441,0.05474787566293926,2.1884050267021804
2.5,122,"demo_00_filtered +7.5,-2.5 deg",offset,7.5,-2.5,False,nan,nan,0.0017172183399951114,0.10280678741990833,1.5955823103085525
2.5,123,"demo_00_filtered +7.5,+0 deg",offset,7.5,0.0,True,8.2,0.919999999999999,0.007542440292931764,0.08219210101102802,0.06895934320984162
2.5,124,"demo_00_filtered +7.5,+2.5 deg",offset,7.5,2.5,True,8.91,1.63,0.015220928226231676,0.11482140750018173,0.04663678856678935
2.5,125,"demo_00_filtered +7.5,+5 deg",offset,7.5,5.0,True,9.01,1.7299999999999995,0.024362479734421343,0.14794356162360803,0.041641381187563546
2.5,126,"demo_00_filtered +7.5,+7.5 deg",offset,7.5,7.5,True,9.05,1.7700000000000005,0.034950560272445336,0.17450102488327285,0.03905453991757711
2.5,127,"demo_00_filtered +7.5,+10 deg",offset,7.5,10.0,True,9.06,1.7800000000000002,0.047279044211417924,0.1998017210383359,0.03567883306694693
2.5,128,"demo_00_filtered +7.5,+12.5 deg",offset,7.5,12.5,True,9.07,1.79,0.061726856718070156,0.22677381360346685,0.03229764635120813
2.5,129,"demo_00_filtered +7.5,+15 deg",offset,7.5,15.0,True,9.08,1.7999999999999998,0.07854784490764002,0.2548442867216326,0.029242038001163564
2.5,130,"demo_00_filtered +10,-15 deg",offset,10.0,-15.0,True,1.29,-5.99,0.009036990942739872,0.09691047571435699,0.5344157753666228
2.5,131,"demo_00_filtered +10,-12.5 deg",offset,10.0,-12.5,True,1.4000000000000001,-5.88,0.005801195643176749,0.06976204665657729,0.7136149571816862
2.5,132,"demo_00_filtered +10,-10 deg",offset,10.0,-10.0,True,1.61,-5.67,0.004373001111383837,0.04214011585582718,1.030764549159055
2.5,133,"demo_00_filtered +10,-7.5 deg",offset,10.0,-7.5,True,2.43,-4.85,0.0033960727828154774,0.01693616816509366,1.8304253604433505
2.5,134,"demo_00_filtered +10,-5 deg",offset,10.0,-5.0,False,nan,nan,0.00156988355002363,0.10017601391403926,1.8997817042618097
2.5,135,"demo_00_filtered +10,-2.5 deg",offset,10.0,-2.5,False,nan,nan,0.0026017440701648826,0.10280252962238705,1.0356419661234875
2.5,136,"demo_00_filtered +10,+0 deg",offset,10.0,0.0,True,8.370000000000001,1.0900000000000007,0.009390055948240942,0.10721326661235851,0.06746120195612952
2.5,137,"demo_00_filtered +10,+2.5 deg",offset,10.0,2.5,True,8.96,1.6800000000000006,0.018479281472980683,0.13966962058381904,0.04650238979567155
2.5,138,"demo_00_filtered +10,+5 deg",offset,10.0,5.0,True,9.05,1.7700000000000005,0.029266275237906245,0.1713660963374544,0.038762101684911975
2.5,139,"demo_00_filtered +10,+7.5 deg",offset,10.0,7.5,True,9.07,1.79,0.041421774032606884,0.20215340554898473,0.03493086050169515
2.5,140,"demo_00_filtered +10,+10 deg",offset,10.0,10.0,True,9.08,1.7999999999999998,0.05497879415446643,0.22838490988506888,0.03256886727610369
2.5,141,"demo_00_filtered +10,+12.5 deg",offset,10.0,12.5,True,9.09,1.8099999999999996,0.07018659470294836,0.2522403582502931,0.030045871435761595
2.5,142,"demo_00_filtered +10,+15 deg",offset,10.0,15.0,True,9.09,1.8099999999999996,0.08730572218190549,0.27745712839567044,0.02764472828180714
2.5,143,"demo_00_filtered +12.5,-15 deg",offset,12.5,-15.0,True,1.27,-6.01,0.006115517334087743,0.07499844123467016,0.5929386535619955
2.5,144,"demo_00_filtered +12.5,-12.5 deg",offset,12.5,-12.5,True,1.43,-5.8500000000000005,0.004087748328539132,0.047989968687586884,0.8189957848248489
2.5,145,"demo_00_filtered +12.5,-10 deg",offset,12.5,-10.0,True,1.83,-5.45,0.0032371965369266125,0.00816712900264221,nan
2.5,146,"demo_00_filtered +12.5,-7.5 deg",offset,12.5,-7.5,True,7.88,0.5999999999999996,0.002751244123889853,0.0881709999303001,2.0439238358763054
2.5,147,"demo_00_filtered +12.5,-5 deg",offset,12.5,-5.0,False,nan,nan,0.0008610048304197493,0.08499387545586704,1.1400522702891567
2.5,148,"demo_00_filtered +12.5,-2.5 deg",offset,12.5,-2.5,True,7.54,0.2599999999999998,0.003925589784148395,0.10000627110420596,0.4686610140250314
2.5,149,"demo_00_filtered +12.5,+0 deg",offset,12.5,0.0,True,8.43,1.1499999999999995,0.01186638063899625,0.13236998684868304,0.06728834459487443
2.5,150,"demo_00_filtered +12.5,+2.5 deg",offset,12.5,2.5,True,8.99,1.71,0.022407525471241817,0.16447233827177746,0.04562368307079514
2.5,151,"demo_00_filtered +12.5,+5 deg",offset,12.5,5.0,True,9.07,1.79,0.03480433472000356,0.19625715306567176,0.03779614023566291
2.5,152,"demo_00_filtered +12.5,+7.5 deg",offset,12.5,7.5,True,9.09,1.8099999999999996,0.04852856972782469,0.22697056243277078,0.033098514130692674
2.5,153,"demo_00_filtered +12.5,+10 deg",offset,12.5,10.0,True,9.1,1.8199999999999994,0.06340177718293506,0.256098147065286,0.029925697441782688
2.5,154,"demo_00_filtered +12.5,+12.5 deg",offset,12.5,12.5,True,9.11,1.8299999999999992,0.07952426311311518,0.27995469294675435,0.027933478258783208
2.5,155,"demo_00_filtered +12.5,+15 deg",offset,12.5,15.0,True,9.11,1.8299999999999992,0.09710907538802244,0.3024042417380517,0.025999418708752838
2.5,156,"demo_00_filtered +15,-15 deg",offset,15.0,-15.0,True,1.26,-6.0200000000000005,0.004530432733453376,0.05183650093288053,0.6674826248066421
2.5,157,"demo_00_filtered +15,-12.5 deg",offset,15.0,-12.5,True,1.51,-5.7700000000000005,0.0031554185500592357,0.01881216482216078,0.9597701299102851
2.5,158,"demo_00_filtered +15,-10 deg",offset,15.0,-10.0,True,2.77,-4.51,0.002808764906276498,0.04194418033933162,1.4272392270488872
2.5,159,"demo_00_filtered +15,-7.5 deg",offset,15.0,-7.5,False,nan,nan,0.0023824381930098947,0.10176383247044399,1.381624363066331
2.5,160,"demo_00_filtered +15,-5 deg",offset,15.0,-5.0,False,nan,nan,0.00030495960783305764,0.0894715671010033,0.8119062956702615
2.5,161,"demo_00_filtered +15,-2.5 deg",offset,15.0,-2.5,True,6.38,-0.9000000000000004,0.006077217535762009,0.1234984214670776,0.3075598090042601
2.5,162,"demo_00_filtered +15,+0 deg",offset,15.0,0.0,True,8.36,1.0799999999999992,0.01531067427420366,0.15773130243356837,0.07010886216103686
2.5,163,"demo_00_filtered +15,+2.5 deg",offset,15.0,2.5,True,9.01,1.7299999999999995,0.027277880660000777,0.1909379048085827,0.04544171958593708
2.5,164,"demo_00_filtered +15,+5 deg",offset,15.0,5.0,True,9.1,1.8199999999999994,0.041191290850327786,0.22159584877202332,0.03665050740623077
2.5,165,"demo_00_filtered +15,+7.5 deg",offset,15.0,7.5,True,9.11,1.8299999999999992,0.0564141819772084,0.25176918565412293,0.03203033947321461
2.5,166,"demo_00_filtered +15,+10 deg",offset,15.0,10.0,True,9.120000000000001,1.8400000000000007,0.07260381736285984,0.28116807197472177,0.02870221498251153
2.5,167,"demo_00_filtered +15,+12.5 deg",offset,15.0,12.5,True,9.120000000000001,1.8400000000000007,0.0897099525321257,0.30866632015451206,0.026123780538584943
2.5,168,"demo_00_filtered +15,+15 deg",offset,15.0,15.0,True,9.120000000000001,1.8400000000000007,0.10786443500486702,0.32911346955845616,0.02449503765390676
