leak_rate,spectral_radius,input_scaling,start,origin,success,first_step_m,detour_m,hold_error_m
0.5,0.75,0.07,0,"demo_00 -15,-15 deg",True,0.07994065965874099,0.0,0.005021240154320984
0.5,0.75,0.07,1,"demo_00 -15,-10 deg",True,0.05937180070338711,0.0,0.005024200704948316
0.5,0.75,0.07,2,"demo_00 -15,-5 deg",True,0.04081503802872094,0.0,0.0050224684224406966
0.5,0.75,0.07,3,"demo_00 -15,+0 deg",False,0.024341502764329545,0.5385167525013417,nan
0.5,0.75,0.07,4,"demo_00 -15,+5 deg",False,0.010220643784613109,0.5561320012166602,nan
0.5,0.75,0.07,5,"demo_00 -15,+10 deg",False,0.004738189797512188,0.5447342271072733,nan
0.5,0.75,0.07,6,"demo_00 -15,+15 deg",False,0.013767680857330725,0.5084183931437581,nan
0.5,0.75,0.07,7,"demo_00 -10,-15 deg",True,0.06902583300183036,0.0,0.005024257647848787
0.5,0.75,0.07,8,"demo_00 -10,-10 deg",True,0.04929082156485161,0.0,0.0050249792578186325
0.5,0.75,0.07,9,"demo_00 -10,-5 deg",True,0.031476659564958064,0.0,0.0050223549202073
0.5,0.75,0.07,10,"demo_00 -10,+0 deg",False,0.015663627571612552,0.6181419627201682,nan
0.5,0.75,0.07,11,"demo_00 -10,+5 deg",False,0.002768888590319672,0.6260208660345421,nan
0.5,0.75,0.07,12,"demo_00 -10,+10 deg",False,0.010514481904909126,0.5956270528351403,nan
0.5,0.75,0.07,13,"demo_00 -10,+15 deg",False,0.020168595639934606,0.5417030042546634,nan
0.5,0.75,0.07,14,"demo_00 -5,-15 deg",True,0.058177147018347516,0.0,0.005021700614064731
0.5,0.75,0.07,15,"demo_00 -5,-10 deg",True,0.03926565618685204,0.0,0.005023356999143902
0.5,0.75,0.07,16,"demo_00 -5,-5 deg",True,0.02218301515993286,0.0,0.005024256325800739
0.5,0.75,0.07,17,"demo_00 -5,+0 deg",False,0.00700341526204109,0.6979978307482528,nan
0.5,0.75,0.07,18,"demo_00 -5,+5 deg",False,0.006375741430951394,0.6825721804411483,nan
0.5,0.75,0.07,19,"demo_00 -5,+10 deg",False,0.01762718343910547,0.6224166543060068,nan
0.5,0.75,0.07,20,"demo_00 -5,+15 deg",False,0.026847208758198196,0.5545961548309901,nan
0.5,0.75,0.07,21,"demo_00 +0,-15 deg",True,0.04733885394784223,0.0,0.005024116401670239
0.5,0.75,0.07,22,"demo_00 +0,-10 deg",True,0.029248241080866943,0.0,0.005021518528350019
0.5,0.75,0.07,23,"demo_00 +0,-5 deg",True,0.012907541829736623,0.0,0.0050231309212641065
0.5,0.75,0.07,24,demo_00,True,0.001719569075795732,0.006175154865629708,0.005023264219411554
0.5,0.75,0.07,25,"demo_00 +0,+5 deg",False,0.014311647068746668,0.6813902369428909,nan
0.5,0.75,0.07,26,"demo_00 +0,+10 deg",False,0.025018718045229593,0.6133089584462911,nan
0.5,0.75,0.07,27,"demo_00 +0,+15 deg",False,0.03369970673874447,0.5450826733787097,nan
0.5,0.75,0.07,28,"demo_00 +5,-15 deg",True,0.03645624355576545,0.0,0.005022038901855095
0.5,0.75,0.07,29,"demo_00 +5,-10 deg",True,0.01920436232456489,0.0,0.005024192808425891
0.5,0.75,0.07,30,"demo_00 +5,-5 deg",True,0.003877406361117909,0.0,0.005024097456045385
0.5,0.75,0.07,31,"demo_00 +5,+0 deg",True,0.010479706856093871,0.0,0.005022245729862373
0.5,0.75,0.07,32,"demo_00 +5,+5 deg",False,0.022461985110456,0.632776819561558,nan
0.5,0.75,0.07,33,"demo_00 +5,+10 deg",False,0.032584229216571683,0.5768896432642571,nan
0.5,0.75,0.07,34,"demo_00 +5,+15 deg",False,0.04071524187143076,0.5158927202960834,nan
0.5,0.75,0.07,35,"demo_00 +10,-15 deg",True,0.025480001040351277,0.0,0.005022779185497405
0.5,0.75,0.07,36,"demo_00 +10,-10 deg",True,0.00919669363999098,0.0,0.005021005518893427
0.5,0.75,0.07,37,"demo_00 +10,-5 deg",True,0.006487661571177325,0.0,0.005021150424283515
0.5,0.75,0.07,38,"demo_00 +10,+0 deg",True,0.01938880213639971,0.0,0.005021690293649773
0.5,0.75,0.07,39,"demo_00 +10,+5 deg",False,0.03077702108965717,0.5815164188709059,nan
0.5,0.75,0.07,40,"demo_00 +10,+10 deg",False,0.040326992561125465,0.5227963468423596,nan
0.5,0.75,0.07,41,"demo_00 +10,+15 deg",False,0.04791103845083552,0.47372412833175814,nan
0.5,0.75,0.07,42,"demo_00 +15,-15 deg",True,0.01439059215211051,0.0,0.005021538973288701
0.5,0.75,0.07,43,"demo_00 +15,-10 deg",True,0.003197352300470541,0.0,0.005022829896316681
0.5,0.75,0.07,44,"demo_00 +15,-5 deg",True,0.01602114668123306,0.0,0.005021358215099319
0.5,0.75,0.07,45,"demo_00 +15,+0 deg",True,0.028482119100365494,0.0,0.005022858500504734
0.5,0.75,0.07,46,"demo_00 +15,+5 deg",True,0.03928764512809285,0.0,0.005024204757027566
0.5,0.75,0.07,47,"demo_00 +15,+10 deg",False,0.048275019824644876,0.47098331180064473,nan
0.5,0.75,0.07,48,"demo_00 +15,+15 deg",False,0.055315095720585836,0.42206778716897236,nan
0.5,0.75,0.1,0,"demo_00 -15,-15 deg",True,0.052514995047612284,0.0,0.0057739298124705575
0.5,0.75,0.1,1,"demo_00 -15,-10 deg",True,0.03836395421590114,0.0,0.005779506494523686
0.5,0.75,0.1,2,"demo_00 -15,-5 deg",True,0.026079043343283793,0.0,0.005782076470091028
0.5,0.75,0.1,3,"demo_00 -15,+0 deg",False,0.015501503701518019,0.2155878352856945,nan
0.5,0.75,0.1,4,"demo_00 -15,+5 deg",False,0.006565577941697167,0.23320308404480167,nan
0.5,0.75,0.1,5,"demo_00 -15,+10 deg",False,0.002310128729961885,0.22180530993765363,nan
0.5,0.75,0.1,6,"demo_00 -15,+15 deg",False,0.007965971518319808,0.18548947597474089,nan
0.5,0.75,0.1,7,"demo_00 -10,-15 deg",True,0.044843899462855406,0.0,0.005772371788312188
0.5,0.75,0.1,8,"demo_00 -10,-10 deg",True,0.03151434124357977,0.0,0.005781117414990987
0.5,0.75,0.1,9,"demo_00 -10,-5 deg",True,0.019890475415843496,0.0,0.005781288136065576
0.5,0.75,0.1,10,"demo_00 -10,+0 deg",False,0.009836321326068312,0.2952130453422148,nan
0.5,0.75,0.1,11,"demo_00 -10,+5 deg",False,0.001678361106936996,0.3030919488619154,nan
0.5,0.75,0.1,12,"demo_00 -10,+10 deg",False,0.006433469256151605,0.2726981356654313,nan
0.5,0.75,0.1,13,"demo_00 -10,+15 deg",False,0.012477183199346637,0.21877408708563742,nan
0.5,0.75,0.1,14,"demo_00 -5,-15 deg",True,0.037529999621945434,0.0,0.005771760228227383
0.5,0.75,0.1,15,"demo_00 -5,-10 deg",True,0.024970674406238368,0.0,0.00578209045779172
0.5,0.75,0.1,16,"demo_00 -5,-5 deg",True,0.01395333013999779,0.0,0.005782592023110384
0.5,0.75,0.1,17,"demo_00 -5,+0 deg",True,0.004354847294468531,0.0,0.005782909281350668
0.5,0.75,0.1,18,"demo_00 -5,+5 deg",False,0.004030045962102249,0.3596432632673597,nan
0.5,0.75,0.1,19,"demo_00 -5,+10 deg",False,0.011101417125980378,0.2994877371361794,nan
0.5,0.75,0.1,20,"demo_00 -5,+15 deg",False,0.01698722900038497,0.2316672376619509,nan
0.5,0.75,0.1,21,"demo_00 +0,-15 deg",True,0.030471031765659382,0.0,0.005772401721984026
0.5,0.75,0.1,22,"demo_00 +0,-10 deg",True,0.018639312578832914,0.0,0.005781725259710762
0.5,0.75,0.1,23,"demo_00 +0,-5 deg",True,0.008194747972788224,0.0,0.0057797294456277655
0.5,0.75,0.1,24,demo_00,True,0.0010595629873783126,0.006717333823609223,0.005782964558774683
0.5,0.75,0.1,25,"demo_00 +0,+5 deg",False,0.008998812746584376,0.3584613197672236,nan
0.5,0.75,0.1,26,"demo_00 +0,+10 deg",False,0.015844339303319743,0.29038004127630596,nan
0.5,0.75,0.1,27,"demo_00 +0,+15 deg",False,0.021541943247890882,0.22215375620964473,nan
0.5,0.75,0.1,28,"demo_00 +5,-15 deg",True,0.023563564591644482,0.0,0.005771102608038001
0.5,0.75,0.1,29,"demo_00 +5,-10 deg",True,0.012437534504327264,0.0,0.00577952737126718
0.5,0.75,0.1,30,"demo_00 +5,-5 deg",True,0.0027365484304736685,0.0,0.005780236342483591
0.5,0.75,0.1,31,"demo_00 +5,+0 deg",True,0.006436254055549193,0.0,0.0057807733482152755
0.5,0.75,0.1,32,"demo_00 +5,+5 deg",False,0.014075042351045855,0.30984790238257137,nan
0.5,0.75,0.1,33,"demo_00 +5,+10 deg",False,0.020687797047291588,0.25396072609405773,nan
0.5,0.75,0.1,34,"demo_00 +5,+15 deg",False,0.026206102067560442,0.1929638031269841,nan
0.5,0.75,0.1,35,"demo_00 +10,-15 deg",True,0.01670728016808112,0.0,0.005775117394105478
0.5,0.75,0.1,36,"demo_00 +10,-10 deg",True,0.006362530528799931,0.0,0.005782453986879584
0.5,0.75,0.1,37,"demo_00 +10,-5 deg",True,0.0038449763303704918,0.0,0.005781830832816264
0.5,0.75,0.1,38,"demo_00 +10,+0 deg",True,0.011920650032633266,0.0,0.005780152478734055
0.5,0.75,0.1,39,"demo_00 +10,+5 deg",False,0.01929386945764743,0.2585875016851694,nan
0.5,0.75,0.1,40,"demo_00 +10,+10 deg",False,0.02569824840426087,0.19986742967186272,nan
0.5,0.75,0.1,41,"demo_00 +10,+15 deg",False,0.031049678498801445,0.1507952111626099,nan
0.5,0.75,0.1,42,"demo_00 +15,-15 deg",True,0.009827365471034698,0.0,0.005777401695086141
0.5,0.75,0.1,43,"demo_00 +15,-10 deg",True,0.0022997567699376592,0.0,0.005782671870029412
0.5,0.75,0.1,44,"demo_00 +15,-5 deg",True,0.00963629691594548,0.0,0.005782920660430813
0.5,0.75,0.1,45,"demo_00 +15,+0 deg",True,0.017594917993047004,0.0,0.005782108510968714
0.5,0.75,0.1,46,"demo_00 +15,+5 deg",False,0.02473428068590638,0.2081688571468224,nan
0.5,0.75,0.1,47,"demo_00 +15,+10 deg",False,0.030950908371064328,0.14805439462972708,nan
0.5,0.75,0.1,48,"demo_00 +15,+15 deg",False,0.03614427936340838,0.0991388699997569,nan
0.5,0.75,0.15,0,"demo_00 -15,-15 deg",True,0.03704749569447047,0.0,0.00584414796035443
0.5,0.75,0.15,1,"demo_00 -15,-10 deg",True,0.02601188947894922,0.0,0.005963765386132502
0.5,0.75,0.15,2,"demo_00 -15,-5 deg",True,0.017246380207973724,0.0,0.00599711160047295
0.5,0.75,0.15,3,"demo_00 -15,+0 deg",True,0.010210148001079262,0.0,0.006001826804563955
0.5,0.75,0.15,4,"demo_00 -15,+5 deg",False,0.004456902563203169,0.10712612222390294,nan
0.5,0.75,0.15,5,"demo_00 -15,+10 deg",False,0.0009374379053871081,0.095728348301787,nan
0.5,0.75,0.15,6,"demo_00 -15,+15 deg",False,0.004826728946715926,0.06769895223368264,nan
0.5,0.75,0.15,7,"demo_00 -10,-15 deg",True,0.030479885606640663,0.0,0.005847509201775993
0.5,0.75,0.15,8,"demo_00 -10,-10 deg",True,0.020584092595432278,0.0,0.005969005699148002
0.5,0.75,0.15,9,"demo_00 -10,-5 deg",True,0.012690729598532579,0.0,0.005996616889233876
0.5,0.75,0.15,10,"demo_00 -10,+0 deg",True,0.00627105815524913,0.0,0.006003334971497351
0.5,0.75,0.15,11,"demo_00 -10,+5 deg",False,0.0010666375934659238,0.17701498706971827,nan
0.5,0.75,0.15,12,"demo_00 -10,+10 deg",False,0.003958462017306646,0.14662117403953934,nan
0.5,0.75,0.15,13,"demo_00 -10,+15 deg",False,0.00812042390440228,0.10539145039884287,nan
0.5,0.75,0.15,14,"demo_00 -5,-15 deg",True,0.0247223614625282,0.0,0.005857916249161331
0.5,0.75,0.15,15,"demo_00 -5,-10 deg",True,0.01582865762578199,0.0,0.005971057913193796
0.5,0.75,0.15,16,"demo_00 -5,-5 deg",True,0.008662212614340326,0.0,0.00599824149017353
0.5,0.75,0.15,17,"demo_00 -5,+0 deg",True,0.0027090785247727064,0.0,0.0060012887607964905
0.5,0.75,0.15,18,"demo_00 -5,+5 deg",False,0.002491637125849414,0.233566301501983,nan
0.5,0.75,0.15,19,"demo_00 -5,+10 deg",False,0.0071194251909428114,0.17341077551925152,nan
0.5,0.75,0.15,20,"demo_00 -5,+15 deg",False,0.011353855155877111,0.12237985976707694,nan
0.5,0.75,0.15,21,"demo_00 +0,-15 deg",True,0.019607067223387908,0.0,0.005877720915788649
0.5,0.75,0.15,22,"demo_00 +0,-10 deg",True,0.011582349908118341,0.0,0.005979477596005795
0.5,0.75,0.15,23,"demo_00 +0,-5 deg",True,0.005013677921510202,0.0,0.006000810359235884
0.5,0.75,0.15,24,demo_00,True,0.0006541564487281342,0.006966377482701525,0.00600088529799751
0.5,0.75,0.15,25,"demo_00 +0,+5 deg",False,0.0056378542321647235,0.2323843580254062,nan
0.5,0.75,0.15,26,"demo_00 +0,+10 deg",False,0.010290950055923856,0.16433214193994505,nan
0.5,0.75,0.15,27,"demo_00 +0,+15 deg",False,0.014646234033842414,0.11649363654097245,nan
0.5,0.75,0.15,28,"demo_00 +5,-15 deg",True,0.014958927702522988,0.0,0.005904819188871874
0.5,0.75,0.15,29,"demo_00 +5,-10 deg",True,0.007685410176151905,0.0,0.005989501026815135
0.5,0.75,0.15,30,"demo_00 +5,-5 deg",True,0.001733366050134858,0.0,0.006002806376875471
0.5,0.75,0.15,31,"demo_00 +5,+0 deg",True,0.003926250264793401,0.0,0.006003103268004012
0.5,0.75,0.15,32,"demo_00 +5,+5 deg",False,0.008859348500713704,0.18377094066044297,nan
0.5,0.75,0.15,33,"demo_00 +5,+10 deg",False,0.013592945516467959,0.1289109488017717,nan
0.5,0.75,0.15,34,"demo_00 +5,+15 deg",False,0.018119409156434122,0.09034634839192843,nan
0.5,0.75,0.15,35,"demo_00 +10,-15 deg",True,0.01059784015414653,0.0,0.005937097225148373
0.5,0.75,0.15,36,"demo_00 +10,-10 deg",True,0.004031700607117336,0.0,0.00599929327803734
0.5,0.75,0.15,37,"demo_00 +10,-5 deg",True,0.0023344160883118957,0.0,0.006002442937483708
0.5,0.75,0.15,38,"demo_00 +10,+0 deg",True,0.007313558290915507,0.0,0.00600190613781266
0.5,0.75,0.15,39,"demo_00 +10,+5 deg",False,0.012282077925274595,0.13251053997957554,nan
0.5,0.75,0.15,40,"demo_00 +10,+10 deg",False,0.01715909176197406,0.07630173818893865,nan
0.5,0.75,0.15,41,"demo_00 +10,+15 deg",False,0.02189768901236854,0.05048145016646993,nan
0.5,0.75,0.15,42,"demo_00 +15,-15 deg",True,0.006355184111573771,0.0,0.005971399029130929
0.5,0.75,0.15,43,"demo_00 +15,-10 deg",True,0.0016058511479026098,0.0,0.006006714555384012
0.5,0.75,0.15,44,"demo_00 +15,-5 deg",True,0.005858168926951697,0.0,0.0060061898481202965
0.5,0.75,0.15,45,"demo_00 +15,+0 deg",True,0.010971942251300904,0.0,0.006000209706645559
0.5,0.75,0.15,46,"demo_00 +15,+5 deg",False,0.01605429264416906,0.0820918954600888,nan
0.5,0.75,0.15,47,"demo_00 +15,+10 deg",False,0.02112638715300766,0.025673691190284786,nan
0.5,0.75,0.15,48,"demo_00 +15,+15 deg",False,0.026106152425310756,0.00022422971304225658,nan
0.5,0.75,0.2,0,"demo_00 -15,-15 deg",True,0.032948649529349505,0.0,0.005807871589671566
0.5,0.75,0.2,1,"demo_00 -15,-10 deg",True,0.022077937482689408,0.0,0.005930971245016772
0.5,0.75,0.2,2,"demo_00 -15,-5 deg",True,0.014069407927802674,0.0,0.005985292792866741
0.5,0.75,0.2,3,"demo_00 -15,+0 deg",True,0.008086314858786851,0.0,0.005999197729472853
0.5,0.75,0.2,4,"demo_00 -15,+5 deg",False,0.003425712803217164,0.03789211714352833,nan
0.5,0.75,0.2,5,"demo_00 -15,+10 deg",False,0.0005597197507567728,0.026494343186528713,nan
0.5,0.75,0.2,6,"demo_00 -15,+15 deg",False,0.0041143632193720225,0.022361173262029493,nan
0.5,0.75,0.2,7,"demo_00 -10,-15 deg",True,0.026053248954263915,0.0,0.005815734957684913
0.5,0.75,0.2,8,"demo_00 -10,-10 deg",True,0.016757858862085744,0.0,0.005939071898467732
0.5,0.75,0.2,9,"demo_00 -10,-5 deg",True,0.00996690898559905,0.0,0.0059855013825364034
0.5,0.75,0.2,10,"demo_00 -10,+0 deg",True,0.004807536298694895,0.0,0.005997145947582032
0.5,0.75,0.2,11,"demo_00 -10,+5 deg",False,0.0007027729973222534,0.10778098201704753,nan
0.5,0.75,0.2,12,"demo_00 -10,+10 deg",False,0.003267334910368739,0.08068934389483765,nan
0.5,0.75,0.2,13,"demo_00 -10,+15 deg",False,0.006909587581331194,0.05514163483654719,nan
0.5,0.75,0.2,14,"demo_00 -5,-15 deg",True,0.02034157359703411,0.0,0.005834623403811894
0.5,0.75,0.2,15,"demo_00 -5,-10 deg",True,0.012402386074268478,0.0,0.005952197022440217
0.5,0.75,0.2,16,"demo_00 -5,-5 deg",True,0.0065963326332290064,0.0,0.005991387967885127
0.5,0.75,0.2,17,"demo_00 -5,+0 deg",True,0.002029768982229467,0.0,0.005995645671491018
0.5,0.75,0.2,18,"demo_00 -5,+5 deg",False,0.002003089761389773,0.16433229646923064,nan
0.5,0.75,0.2,19,"demo_00 -5,+10 deg",False,0.0058493189197187595,0.11291032402773268,nan
0.5,0.75,0.2,20,"demo_00 -5,+15 deg",False,0.009750898042154765,0.0703261344759859,nan
0.5,0.75,0.2,21,"demo_00 +0,-15 deg",True,0.01559573889929137,0.0,0.005861399645767586
0.5,0.75,0.2,22,"demo_00 +0,-10 deg",True,0.008786833967470908,0.0,0.005966957081595667
0.5,0.75,0.2,23,"demo_00 +0,-5 deg",True,0.003738187292132851,0.0,0.00599505735803677
0.5,0.75,0.2,24,demo_00,True,0.0004923595463925508,0.006759958913648877,0.005995894467776167
0.5,0.75,0.2,25,"demo_00 +0,+5 deg",False,0.004415002081336925,0.1631503530045184,nan
0.5,0.75,0.2,26,"demo_00 +0,+10 deg",False,0.008475079207679362,0.10898967037617607,nan
0.5,0.75,0.2,27,"demo_00 +0,+15 deg",False,0.012753419589024333,0.06356447222382544,nan
0.5,0.75,0.2,28,"demo_00 +5,-15 deg",True,0.011587104457057554,0.0,0.005894007460537123
0.5,0.75,0.2,29,"demo_00 +5,-10 deg",True,0.005689159517516387,0.0,0.005978625277150502
0.5,0.75,0.2,30,"demo_00 +5,-5 deg",True,0.0012855535514081087,0.00011796688921827947,0.005995295132033208
0.5,0.75,0.2,31,"demo_00 +5,+0 deg",True,0.0029343015685122332,0.0,0.0059996294267495075
0.5,0.75,0.2,32,"demo_00 +5,+5 deg",False,0.006953174779289112,0.11454650204592773,nan
0.5,0.75,0.2,33,"demo_00 +5,+10 deg",False,0.011328531297456203,0.07704793406002067,nan
0.5,0.75,0.2,34,"demo_00 +5,+15 deg",False,0.016071380515452878,0.0368599183040523,nan
0.5,0.75,0.2,35,"demo_00 +10,-15 deg",True,0.008074244942432172,0.0,0.005931142625418037
0.5,0.75,0.2,36,"demo_00 +10,-10 deg",True,0.0029301456339229388,0.0,0.00598998535398704
0.5,0.75,0.2,37,"demo_00 +10,-5 deg",True,0.0017733459450423141,0.0,0.0059980035376264295
0.5,0.75,0.2,38,"demo_00 +10,+0 deg",False,0.005554198827870382,0.12596970156736245,nan
0.5,0.75,0.2,39,"demo_00 +10,+5 deg",False,0.009807811967290456,0.06426325562142937,nan
0.5,0.75,0.2,40,"demo_00 +10,+10 deg",False,0.014595666722799593,0.02637874717327071,nan
0.5,0.75,0.2,41,"demo_00 +10,+15 deg",False,0.019869711922384372,0.0,nan
0.5,0.75,0.2,42,"demo_00 +15,-15 deg",True,0.00481305704295655,0.0,0.0059658065676796955
0.5,0.75,0.2,43,"demo_00 +15,-10 deg",True,0.0012682026566551727,0.0,0.00600101952152909
0.5,0.75,0.2,44,"demo_00 +15,-5 deg",True,0.004493594928768458,0.0,0.00599964009181376
0.5,0.75,0.2,45,"demo_00 +15,+0 deg",False,0.008567260310304924,0.07566935462316185,nan
0.5,0.75,0.2,46,"demo_00 +15,+5 deg",False,0.013182434147017474,0.0154316727369746,nan
0.5,0.75,0.2,47,"demo_00 +15,+10 deg",False,0.01846414042299086,0.0,nan
0.5,0.75,0.2,48,"demo_00 +15,+15 deg",False,0.024316004193133307,0.0,nan
0.5,0.75,0.3,0,"demo_00 -15,-15 deg",True,0.03260714262853125,0.0,0.005952429285770587
0.5,0.75,0.3,1,"demo_00 -15,-10 deg",True,0.020230446886211607,0.0,0.0060324592583951
0.5,0.75,0.3,2,"demo_00 -15,-5 deg",True,0.011905557175899691,0.0,0.006065297372399224
0.5,0.75,0.3,3,"demo_00 -15,+0 deg",True,0.006609780660766198,0.0,0.0060708675038973195
0.5,0.75,0.3,4,"demo_00 -15,+5 deg",False,0.00340532909110708,0.0,nan
0.5,0.75,0.3,5,"demo_00 -15,+10 deg",False,0.0024476946377159025,0.0,nan
0.5,0.75,0.3,6,"demo_00 -15,+15 deg",False,0.006108907132692268,0.0,nan
0.5,0.75,0.3,7,"demo_00 -10,-15 deg",True,0.024562775884366703,0.0,0.005942177798480516
0.5,0.75,0.3,8,"demo_00 -10,-10 deg",True,0.014477762806821016,0.0,0.006030577078720825
0.5,0.75,0.3,9,"demo_00 -10,-5 deg",True,0.007903333418820687,0.0,0.006063079176908209
0.5,0.75,0.3,10,"demo_00 -10,+0 deg",True,0.003668250351093226,0.0,0.006071892049577589
0.5,0.75,0.3,11,"demo_00 -10,+5 deg",False,0.0008395381373758661,0.0,nan
0.5,0.75,0.3,12,"demo_00 -10,+10 deg",False,0.0019643118820397306,0.0,nan
0.5,0.75,0.3,13,"demo_00 -10,+15 deg",False,0.006086712463698005,0.0,nan
0.5,0.75,0.3,14,"demo_00 -5,-15 deg",True,0.018286080172008407,0.0,0.005949704834837015
0.5,0.75,0.3,15,"demo_00 -5,-10 deg",True,0.010177478611029673,0.0,0.006038755447947848
0.5,0.75,0.3,16,"demo_00 -5,-5 deg",True,0.0050241992336623785,0.0,0.006065858461326426
0.5,0.75,0.3,17,"demo_00 -5,+0 deg",True,0.0014971625641687935,0.0,0.006069341035029775
0.5,0.75,0.3,18,"demo_00 -5,+5 deg",False,0.0012957224821951137,0.03297433388668983,nan
0.5,0.75,0.3,19,"demo_00 -5,+10 deg",False,0.004111164606235229,0.0027844915405050574,nan
0.5,0.75,0.3,20,"demo_00 -5,+15 deg",False,0.008116843045847567,0.0,nan
0.5,0.75,0.3,21,"demo_00 +0,-15 deg",True,0.013411457776283688,0.0,0.005973609567451503
0.5,0.75,0.3,22,"demo_00 +0,-10 deg",True,0.006906722815024992,0.0,0.006051930046898243
0.5,0.75,0.3,23,"demo_00 +0,-5 deg",True,0.002808048685933691,0.0,0.0060678071448217056
0.5,0.75,0.3,24,demo_00,True,0.00037077416188629136,0.005933212588863341,0.006069258953667191
0.5,0.75,0.3,25,"demo_00 +0,+5 deg",False,0.003389601460103734,0.039479336633700554,nan
0.5,0.75,0.3,26,"demo_00 +0,+10 deg",False,0.00684436700600937,0.0,nan
0.5,0.75,0.3,27,"demo_00 +0,+15 deg",False,0.011402711222767377,0.0,nan
0.5,0.75,0.3,28,"demo_00 +5,-15 deg",True,0.009583192797135074,0.0,0.006006585209611262
0.5,0.75,0.3,29,"demo_00 +5,-10 deg",True,0.004282945987949601,0.0,0.006061218950190281
0.5,0.75,0.3,30,"demo_00 +5,-5 deg",True,0.0009251668419386427,7.931630212174891e-05,0.006070651592410076
0.5,0.75,0.3,31,"demo_00 +5,+0 deg",False,0.0022764327427684944,0.03556916731547597,nan
0.5,0.75,0.3,32,"demo_00 +5,+5 deg",False,0.005771064621675408,0.0,nan
0.5,0.75,0.3,33,"demo_00 +5,+10 deg",False,0.010111230249747145,0.0,nan
0.5,0.75,0.3,34,"demo_00 +5,+15 deg",False,0.01563271225902878,0.0,nan
0.5,0.75,0.3,35,"demo_00 +10,-15 deg",True,0.0064589026851197984,0.0,0.0060373432460431
0.5,0.75,0.3,36,"demo_00 +10,-10 deg",True,0.002008296686714531,0.0,0.006067487348207537
0.5,0.75,0.3,37,"demo_00 +10,-5 deg",True,0.0014341728272369138,0.0,0.006071677193045175
0.5,0.75,0.3,38,"demo_00 +10,+0 deg",False,0.00456774861788469,0.0,nan
0.5,0.75,0.3,39,"demo_00 +10,+5 deg",False,0.008726074223648251,0.0,nan
0.5,0.75,0.3,40,"demo_00 +10,+10 deg",False,0.014117419063735722,0.0,nan
0.5,0.75,0.3,41,"demo_00 +10,+15 deg",False,0.020824535291171096,0.0,nan
0.5,0.75,0.3,42,"demo_00 +15,-15 deg",True,0.0037011631487221487,0.0,0.00605645336846642
0.5,0.75,0.3,43,"demo_00 +15,-10 deg",True,0.0010389053435759846,0.0,0.006072963111328037
0.5,0.75,0.3,44,"demo_00 +15,-5 deg",True,0.003873878813683786,0.0,0.006070874023199549
0.5,0.75,0.3,45,"demo_00 +15,+0 deg",False,0.0075290619062523025,0.0,nan
0.5,0.75,0.3,46,"demo_00 +15,+5 deg",False,0.012532008292183695,0.0,nan
0.5,0.75,0.3,47,"demo_00 +15,+10 deg",False,0.019096184118502908,0.0,nan
0.5,0.75,0.3,48,"demo_00 +15,+15 deg",False,0.027102233794500528,0.0,nan
0.5,0.9,0.07,0,"demo_00 -15,-15 deg",True,0.07488050989062243,0.0,0.005484855562195128
0.5,0.9,0.07,1,"demo_00 -15,-10 deg",True,0.055530100593698,0.0,0.0054840588575294814
0.5,0.9,0.07,2,"demo_00 -15,-5 deg",True,0.03812453271776792,0.0,0.00548588450595511
0.5,0.9,0.07,3,"demo_00 -15,+0 deg",False,0.02272545625799062,0.45972300176986647,nan
0.5,0.9,0.07,4,"demo_00 -15,+5 deg",False,0.009632602036852426,0.47733825048518513,nan
0.5,0.9,0.07,5,"demo_00 -15,+10 deg",False,0.004838399122372873,0.46594047637579794,nan
0.5,0.9,0.07,6,"demo_00 -15,+15 deg",False,0.013043147202681885,0.42962464241228304,nan
0.5,0.9,0.07,7,"demo_00 -10,-15 deg",True,0.06464234126629738,0.0,0.005484163002997461
0.5,0.9,0.07,8,"demo_00 -10,-10 deg",True,0.046096181088808655,0.0,0.005485866821281389
0.5,0.9,0.07,9,"demo_00 -10,-5 deg",True,0.029391178362742246,0.0,0.0054844121875624275
0.5,0.9,0.07,10,"demo_00 -10,+0 deg",False,0.014602003711015357,0.5393482119886948,nan
0.5,0.9,0.07,11,"demo_00 -10,+5 deg",False,0.0027996514553187764,0.5472271153030668,nan
0.5,0.9,0.07,12,"demo_00 -10,+10 deg",False,0.01000222626572824,0.5168333021036652,nan
0.5,0.9,0.07,13,"demo_00 -10,+15 deg",False,0.018984085274658412,0.4629092535231881,nan
0.5,0.9,0.07,14,"demo_00 -5,-15 deg",True,0.05448740049539091,0.0,0.005485262065994856
0.5,0.9,0.07,15,"demo_00 -5,-10 deg",True,0.03673686315466655,0.0,0.0054852960015631625
0.5,0.9,0.07,16,"demo_00 -5,-5 deg",True,0.020723180833908724,0.0,0.005487465825613139
0.5,0.9,0.07,17,"demo_00 -5,+0 deg",False,0.006515150838695925,0.6192040800168119,nan
0.5,0.9,0.07,18,"demo_00 -5,+5 deg",False,0.006053211135303747,0.6037784297096731,nan
0.5,0.9,0.07,19,"demo_00 -5,+10 deg",False,0.016574040721786348,0.5436229035745316,nan
0.5,0.9,0.07,20,"demo_00 -5,+15 deg",False,0.02520006181276084,0.475802404099517,nan
0.5,0.9,0.07,21,"demo_00 +0,-15 deg",True,0.04436077151046576,0.0,0.0054870637028794
0.5,0.9,0.07,22,"demo_00 +0,-10 deg",True,0.02740499603991773,0.0,0.005486705329765517
0.5,0.9,0.07,23,"demo_00 +0,-5 deg",True,0.01209719338843616,0.0,0.005486602743682944
0.5,0.9,0.07,24,demo_00,True,0.0016112720782515677,0.006327050852273151,0.005485227359942796
0.5,0.9,0.07,25,"demo_00 +0,+5 deg",False,0.013404664804039942,0.6025964862114156,nan
0.5,0.9,0.07,26,"demo_00 +0,+10 deg",False,0.023440692941364284,0.5345152077148158,nan
0.5,0.9,0.07,27,"demo_00 +0,+15 deg",False,0.03158065724946607,0.4662889226472348,nan
0.5,0.9,0.07,28,"demo_00 +5,-15 deg",True,0.034207536003626214,0.0,0.005484671420888435
0.5,0.9,0.07,29,"demo_00 +5,-10 deg",True,0.018067905348729374,0.0,0.005487722708412346
0.5,0.9,0.07,30,"demo_00 +5,-5 deg",True,0.003768646356289528,0.0,0.005486881594139787
0.5,0.9,0.07,31,"demo_00 +5,+0 deg",True,0.009766591561880953,0.0,0.005483793488666719
0.5,0.9,0.07,32,"demo_00 +5,+5 deg",False,0.02098434788590712,0.5539830688300844,nan
0.5,0.9,0.07,33,"demo_00 +5,+10 deg",False,0.030479176875130666,0.49809589253278175,nan
0.5,0.9,0.07,34,"demo_00 +5,+15 deg",False,0.03811527500946278,0.4370989695646076,nan
0.5,0.9,0.07,35,"demo_00 +10,-15 deg",True,0.02397745608045686,0.0,0.005486158524371028
0.5,0.9,0.07,36,"demo_00 +10,-10 deg",True,0.008798819567299325,0.0,0.0054868625650931
0.5,0.9,0.07,37,"demo_00 +10,-5 deg",True,0.006050733761043319,0.0,0.005485086434202183
0.5,0.9,0.07,38,"demo_00 +10,+0 deg",True,0.01805646246624686,0.0,0.005486968491881856
0.5,0.9,0.07,39,"demo_00 +10,+5 deg",False,0.028724622233998635,0.502722668139438,nan
0.5,0.9,0.07,40,"demo_00 +10,+10 deg",False,0.03769121528971095,0.44400259611088455,nan
0.5,0.9,0.07,41,"demo_00 +10,+15 deg",False,0.044824747983677395,0.39493037760028304,nan
0.5,0.9,0.07,42,"demo_00 +15,-15 deg",True,0.013651569051440401,0.0,0.005487195938300395
0.5,0.9,0.07,43,"demo_00 +15,-10 deg",True,0.0031803684057759222,0.0,0.005487427653837636
0.5,0.9,0.07,44,"demo_00 +15,-5 deg",True,0.014877378148827582,0.0,0.0054856286777899554
0.5,0.9,0.07,45,"demo_00 +15,+0 deg",True,0.026524413566386417,0.0,0.005487131427454247
0.5,0.9,0.07,46,"demo_00 +15,+5 deg",False,0.03665840152399597,0.4523040236185655,nan
0.5,0.9,0.07,47,"demo_00 +15,+10 deg",False,0.04510863690599009,0.39218956106916986,nan
0.5,0.9,0.07,48,"demo_00 +15,+15 deg",False,0.051742827407565126,0.3432740364374974,nan
0.5,0.9,0.1,0,"demo_00 -15,-15 deg",True,0.04945863570892717,0.0,0.005886499194693586
0.5,0.9,0.1,1,"demo_00 -15,-10 deg",True,0.03607412070581896,0.0,0.005906604708078062
0.5,0.9,0.1,2,"demo_00 -15,-5 deg",True,0.02457787407707412,0.0,0.005907860435980657
0.5,0.9,0.1,3,"demo_00 -15,+0 deg",False,0.014746074341442742,0.1380628997677887,nan
0.5,0.9,0.1,4,"demo_00 -15,+5 deg",False,0.006420538700718694,0.15567814851514766,nan
0.5,0.9,0.1,5,"demo_00 -15,+10 deg",False,0.001657150188230337,0.14428037440625946,nan
0.5,0.9,0.1,6,"demo_00 -15,+15 deg",False,0.007012695050571033,0.10805493056694074,nan
0.5,0.9,0.1,7,"demo_00 -10,-15 deg",True,0.04219293487014546,0.0,0.005883572868998843
0.5,0.9,0.1,8,"demo_00 -10,-10 deg",True,0.02959044904998979,0.0,0.005904817887969577
0.5,0.9,0.1,9,"demo_00 -10,-5 deg",True,0.01870646907482011,0.0,0.005908690567717288
0.5,0.9,0.1,10,"demo_00 -10,+0 deg",False,0.009348629383062131,0.21768810957328436,nan
0.5,0.9,0.1,11,"demo_00 -10,+5 deg",False,0.0016507151832018366,0.22556701333295978,nan
0.5,0.9,0.1,12,"demo_00 -10,+10 deg",False,0.005753262785634186,0.19517320013413686,nan
0.5,0.9,0.1,13,"demo_00 -10,+15 deg",False,0.011459540898780768,0.1426350868503137,nan
0.5,0.9,0.1,14,"demo_00 -5,-15 deg",True,0.035274410782263975,0.0,0.005882093160379971
0.5,0.9,0.1,15,"demo_00 -5,-10 deg",True,0.023404863480673867,0.0,0.005905373050473265
0.5,0.9,0.1,16,"demo_00 -5,-5 deg",True,0.013080072342238548,0.0,0.005906710942800208
0.5,0.9,0.1,17,"demo_00 -5,+0 deg",True,0.004129891408547654,0.0,0.005908440357396939
0.5,0.9,0.1,18,"demo_00 -5,+5 deg",False,0.0036788936573463036,0.2821183277394713,nan
0.5,0.9,0.1,19,"demo_00 -5,+10 deg",False,0.010299144956533243,0.22196280160501228,nan
0.5,0.9,0.1,20,"demo_00 -5,+15 deg",False,0.015873313399160753,0.1574264859900451,nan
0.5,0.9,0.1,21,"demo_00 +0,-15 deg",True,0.028611145039746023,0.0,0.005879655791963545
0.5,0.9,0.1,22,"demo_00 +0,-10 deg",True,0.017432967136502695,0.0,0.005904523247194913
0.5,0.9,0.1,23,"demo_00 +0,-5 deg",True,0.007633675411464665,0.0,0.0059078098552249325
0.5,0.9,0.1,24,demo_00,True,0.0010155709813969463,0.006778489997362397,0.005908720355933532
0.5,0.9,0.1,25,"demo_00 +0,+5 deg",False,0.008445756710589856,0.28093638424108974,nan
0.5,0.9,0.1,26,"demo_00 +0,+10 deg",False,0.01488909650495938,0.21285510574530347,nan
0.5,0.9,0.1,27,"demo_00 +0,+15 deg",False,0.02031764242406837,0.1499386310907167,nan
0.5,0.9,0.1,28,"demo_00 +5,-15 deg",True,0.022106271259341233,0.0,0.0058840282319742665
0.5,0.9,0.1,29,"demo_00 +5,-10 deg",True,0.011596496881114764,0.0,0.005906269448075583
0.5,0.9,0.1,30,"demo_00 +5,-5 deg",True,0.002491430898859891,0.0,0.005910602965178819
0.5,0.9,0.1,31,"demo_00 +5,+0 deg",True,0.006122229248980789,0.0,0.005907698380603087
0.5,0.9,0.1,32,"demo_00 +5,+5 deg",False,0.01330422607431,0.23232296685959092,nan
0.5,0.9,0.1,33,"demo_00 +5,+10 deg",False,0.019567655138206477,0.1764357905632761,nan
0.5,0.9,0.1,34,"demo_00 +5,+15 deg",False,0.024864624469781126,0.12273012080095949,nan
0.5,0.9,0.1,35,"demo_00 +10,-15 deg",True,0.015661000070617336,0.0,0.005888970209680301
0.5,0.9,0.1,36,"demo_00 +10,-10 deg",True,0.005890224407167672,0.0,0.0059066206526188336
0.5,0.9,0.1,37,"demo_00 +10,-5 deg",True,0.0037183260583036884,0.0,0.005909964504606885
0.5,0.9,0.1,38,"demo_00 +10,+0 deg",True,0.011331383413328911,0.0,0.005906798698295342
0.5,0.9,0.1,39,"demo_00 +10,+5 deg",False,0.018301934830205285,0.18106256616872438,nan
0.5,0.9,0.1,40,"demo_00 +10,+10 deg",False,0.024411194921957292,0.1223424941413837,nan
0.5,0.9,0.1,41,"demo_00 +10,+15 deg",False,0.02959198020713773,0.08241914799380201,nan
0.5,0.9,0.1,42,"demo_00 +15,-15 deg",True,0.009195362982216276,0.0,0.005898125297351635
0.5,0.9,0.1,43,"demo_00 +15,-10 deg",True,0.0021871210012924295,0.0,0.005909204245236054
0.5,0.9,0.1,44,"demo_00 +15,-5 deg",True,0.009202343000288583,0.0,0.005908890019645188
0.5,0.9,0.1,45,"demo_00 +15,+0 deg",True,0.016734577487018284,0.0,0.005909988097634367
0.5,0.9,0.1,46,"demo_00 +15,+5 deg",False,0.023528178680502297,0.13064392164756136,nan
0.5,0.9,0.1,47,"demo_00 +15,+10 deg",False,0.029506040764669526,0.07052945909967284,nan
0.5,0.9,0.1,48,"demo_00 +15,+15 deg",False,0.03458162329340605,0.03239877058769053,nan
0.5,0.9,0.15,0,"demo_00 -15,-15 deg",True,0.034810643765991196,0.0,0.005909827483066059
0.5,0.9,0.15,1,"demo_00 -15,-10 deg",True,0.024384934026350037,0.0,0.005981219448993609
0.5,0.9,0.15,2,"demo_00 -15,-5 deg",True,0.016221366874833124,0.0,0.006005764098672971
0.5,0.9,0.15,3,"demo_00 -15,+0 deg",True,0.00964117549549065,0.0,0.006010614336529097
0.5,0.9,0.15,4,"demo_00 -15,+5 deg",False,0.004083242443416537,0.0,nan
0.5,0.9,0.15,5,"demo_00 -15,+10 deg",False,0.0009318066447159063,0.001015968820825247,nan
0.5,0.9,0.15,6,"demo_00 -15,+15 deg",False,0.005521027760239512,0.01565165669522081,nan
0.5,0.9,0.15,7,"demo_00 -10,-15 deg",True,0.02885966071851312,0.0,0.005908587063828301
0.5,0.9,0.15,8,"demo_00 -10,-10 deg",True,0.019455127484974744,0.0,0.005981525135019807
0.5,0.9,0.15,9,"demo_00 -10,-5 deg",True,0.012056637079290423,0.0,0.006007371929580274
0.5,0.9,0.15,10,"demo_00 -10,+0 deg",True,0.006009957427188883,0.0,0.0060110179818846695
0.5,0.9,0.15,11,"demo_00 -10,+5 deg",False,0.0008020654393561194,0.04117861963573402,nan
0.5,0.9,0.15,12,"demo_00 -10,+10 deg",False,0.003968755611137286,0.0504036647499638,nan
0.5,0.9,0.15,13,"demo_00 -10,+15 deg",False,0.008447549810849395,0.04744414383106446,nan
0.5,0.9,0.15,14,"demo_00 -5,-15 deg",True,0.023561507417916138,0.0,0.0059150472767036475
0.5,0.9,0.15,15,"demo_00 -5,-10 deg",True,0.015047937028449641,0.0,0.005986448334468065
0.5,0.9,0.15,16,"demo_00 -5,-5 deg",True,0.008275661544921297,0.0,0.0060084368895202515
0.5,0.9,0.15,17,"demo_00 -5,+0 deg",True,0.002625218807557562,0.0,0.006012101785365013
0.5,0.9,0.15,18,"demo_00 -5,+5 deg",False,0.0023955842077583566,0.09772994337970291,nan
0.5,0.9,0.15,19,"demo_00 -5,+10 deg",False,0.007066728258421876,0.08815373643588603,nan
0.5,0.9,0.15,20,"demo_00 -5,+15 deg",False,0.01153209252691724,0.06608761065464408,nan
0.5,0.9,0.15,21,"demo_00 +0,-15 deg",True,0.018786734986727203,0.0,0.005921960543858557
0.5,0.9,0.15,22,"demo_00 +0,-10 deg",True,0.011043105091512767,0.0,0.005992508258891175
0.5,0.9,0.15,23,"demo_00 +0,-5 deg",True,0.004773632778361517,0.0,0.006009370350896231
0.5,0.9,0.15,24,demo_00,True,0.0006460348469936375,0.006552924214491436,0.006013465678357156
0.5,0.9,0.15,25,"demo_00 +0,+5 deg",False,0.0055327667053211875,0.103592208851029,nan
0.5,0.9,0.15,26,"demo_00 +0,+10 deg",False,0.010232600007493512,0.09073924441915382,nan
0.5,0.9,0.15,27,"demo_00 +0,+15 deg",False,0.014788285654564786,0.06435602624732512,nan
0.5,0.9,0.15,28,"demo_00 +5,-15 deg",True,0.014395935818272672,0.0,0.005939292203912524
0.5,0.9,0.15,29,"demo_00 +5,-10 deg",True,0.007316197389032367,0.0,0.006000076530984602
0.5,0.9,0.15,30,"demo_00 +5,-5 deg",True,0.001557755277514239,0.0,0.006010478479409839
0.5,0.9,0.15,31,"demo_00 +5,+0 deg",True,0.0038861434107494686,0.0,0.006010562123098336
0.5,0.9,0.15,32,"demo_00 +5,+5 deg",False,0.008770362213992806,0.0675352714812276,nan
0.5,0.9,0.15,33,"demo_00 +5,+10 deg",False,0.013575652657814253,0.06549822766189398,nan
0.5,0.9,0.15,34,"demo_00 +5,+15 deg",False,0.018297510181263597,0.04347835550433424,nan
0.5,0.9,0.15,35,"demo_00 +10,-15 deg",True,0.010232578583195307,0.0,0.005958567296899458
0.5,0.9,0.15,36,"demo_00 +10,-10 deg",True,0.003779368353301971,0.0,0.0060090948335238025
0.5,0.9,0.15,37,"demo_00 +10,-5 deg",True,0.002347303791467297,0.0,0.006016382828200178
0.5,0.9,0.15,38,"demo_00 +10,+0 deg",True,0.007279456143184329,0.0,0.006013835728087898
0.5,0.9,0.15,39,"demo_00 +10,+5 deg",False,0.012243566290897182,0.028547544820930887,nan
0.5,0.9,0.15,40,"demo_00 +10,+10 deg",False,0.017221793845931834,0.021560976072549115,nan
0.5,0.9,0.15,41,"demo_00 +10,+15 deg",False,0.02216442402294857,0.009170239960624882,nan
0.5,0.9,0.15,42,"demo_00 +15,-15 deg",True,0.006133532223192328,0.0,0.005986648011677539
0.5,0.9,0.15,43,"demo_00 +15,-10 deg",True,0.001514510029791644,0.0,0.006014140803585372
0.5,0.9,0.15,44,"demo_00 +15,-5 deg",True,0.005894519041232056,0.0,0.006016982034183611
0.5,0.9,0.15,45,"demo_00 +15,+0 deg",False,0.010983437805539405,0.009066495123260465,nan
0.5,0.9,0.15,46,"demo_00 +15,+5 deg",False,0.016104943400936787,0.0,nan
0.5,0.9,0.15,47,"demo_00 +15,+10 deg",False,0.021308609609903436,0.0,nan
0.5,0.9,0.15,48,"demo_00 +15,+15 deg",False,0.026505798492307886,0.0,nan
0.5,0.9,0.2,0,"demo_00 -15,-15 deg",True,0.02983934780626849,0.0,0.005939620040094852
0.5,0.9,0.2,1,"demo_00 -15,-10 deg",True,0.01996790890001868,0.0,0.005975330863336988
0.5,0.9,0.2,2,"demo_00 -15,-5 deg",True,0.012791561180012047,0.0,0.005992200811371669
0.5,0.9,0.2,3,"demo_00 -15,+0 deg",True,0.007309091024380237,0.0,0.005999773592693812
0.5,0.9,0.2,4,"demo_00 -15,+5 deg",True,0.002809130402088263,0.0,0.005998892772689019
0.5,0.9,0.2,5,"demo_00 -15,+10 deg",False,0.0017048493566358721,0.0,nan
0.5,0.9,0.2,6,"demo_00 -15,+15 deg",False,0.005834277308370424,0.0,nan
0.5,0.9,0.2,7,"demo_00 -10,-15 deg",True,0.024128113257961877,0.0,0.005939825328073685
0.5,0.9,0.2,8,"demo_00 -10,-10 deg",True,0.015576177847096579,0.0,0.005976224064500447
0.5,0.9,0.2,9,"demo_00 -10,-5 deg",True,0.009386072022477713,0.0,0.005991693120434917
0.5,0.9,0.2,10,"demo_00 -10,+0 deg",True,0.004527432800371912,0.0,0.005996044403209944
0.5,0.9,0.2,11,"demo_00 -10,+5 deg",False,0.0003284942832713591,0.0,nan
0.5,0.9,0.2,12,"demo_00 -10,+10 deg",False,0.0037895032872199918,0.024078714765669473,nan
0.5,0.9,0.2,13,"demo_00 -10,+15 deg",False,0.007951862946312836,0.010867648059509266,nan
0.5,0.9,0.2,14,"demo_00 -5,-15 deg",True,0.019272260692454694,0.0,0.005941237629180796
0.5,0.9,0.2,15,"demo_00 -5,-10 deg",True,0.011824648307581034,0.0,0.00598060816006502
0.5,0.9,0.2,16,"demo_00 -5,-5 deg",True,0.006405108838609964,0.0,0.005996007303349113
0.5,0.9,0.2,17,"demo_00 -5,+0 deg",True,0.001986015336951093,0.0,0.005999246755625727
0.5,0.9,0.2,18,"demo_00 -5,+5 deg",False,0.002115145437097503,0.05029491237913164,nan
0.5,0.9,0.2,19,"demo_00 -5,+10 deg",False,0.006219485517514074,0.05557707494364009,nan
0.5,0.9,0.2,20,"demo_00 -5,+15 deg",False,0.010481998769081296,0.02350648051441756,nan
0.5,0.9,0.2,21,"demo_00 +0,-15 deg",True,0.015093445040558448,0.0,0.0059467410607375384
0.5,0.9,0.2,22,"demo_00 +0,-10 deg",True,0.008549948732376482,0.0,0.005982578164124841
0.5,0.9,0.2,23,"demo_00 +0,-5 deg",True,0.0036964081683526057,0.0,0.005998660449343725
0.5,0.9,0.2,24,demo_00,True,0.0004930582445457889,0.006156996314531665,0.005996501932344437
0.5,0.9,0.2,25,"demo_00 +0,+5 deg",False,0.004572317084843706,0.07234304034993728,nan
0.5,0.9,0.2,26,"demo_00 +0,+10 deg",False,0.008861636060571625,0.05699473906646679,nan
0.5,0.9,0.2,27,"demo_00 +0,+15 deg",False,0.01338740041746524,0.019320012099733802,nan
0.5,0.9,0.2,28,"demo_00 +5,-15 deg",True,0.011430297773646616,0.0,0.005956578996674993
0.5,0.9,0.2,29,"demo_00 +5,-10 deg",True,0.005608318488516866,0.0,0.005989542315410279
0.5,0.9,0.2,30,"demo_00 +5,-5 deg",True,0.0012049831987608877,0.0,0.005997256364520882
0.5,0.9,0.2,31,"demo_00 +5,+0 deg",True,0.0030203984255517177,0.0,0.005997420723555218
0.5,0.9,0.2,32,"demo_00 +5,+5 deg",False,0.00723983442667723,0.044060268424117144,nan
0.5,0.9,0.2,33,"demo_00 +5,+10 deg",False,0.011831094997077036,0.031481179926902414,nan
0.5,0.9,0.2,34,"demo_00 +5,+15 deg",False,0.016746465335243325,0.0,nan
0.5,0.9,0.2,35,"demo_00 +10,-15 deg",True,0.008102421903778962,0.0,0.005967709987949502
0.5,0.9,0.2,36,"demo_00 +10,-10 deg",True,0.002879752750358473,0.0,0.00599619283289567
0.5,0.9,0.2,37,"demo_00 +10,-5 deg",True,0.0018130533930597128,0.0,0.005998012475973271
0.5,0.9,0.2,38,"demo_00 +10,+0 deg",False,0.005800599671167559,0.0,nan
0.5,0.9,0.2,39,"demo_00 +10,+5 deg",False,0.010281297414395294,0.009002101361084952,nan
0.5,0.9,0.2,40,"demo_00 +10,+10 deg",False,0.015273460539739036,0.0,nan
0.5,0.9,0.2,41,"demo_00 +10,+15 deg",False,0.020669162729359605,0.0,nan
0.5,0.9,0.2,42,"demo_00 +15,-15 deg",True,0.004896082948081605,0.0,0.005980519091362988
0.5,0.9,0.2,43,"demo_00 +15,-10 deg",True,0.0012487477428567268,0.0,0.006001160937975689
0.5,0.9,0.2,44,"demo_00 +15,-5 deg",True,0.004729407199580069,0.0,0.006000613505556465
0.5,0.9,0.2,45,"demo_00 +15,+0 deg",False,0.009028814420875768,0.0,nan
0.5,0.9,0.2,46,"demo_00 +15,+5 deg",False,0.013880913975255881,0.0,nan
0.5,0.9,0.2,47,"demo_00 +15,+10 deg",False,0.019347913685812807,0.0,nan
0.5,0.9,0.2,48,"demo_00 +15,+15 deg",False,0.025278032058622904,0.0,nan
0.5,0.9,0.3,0,"demo_00 -15,-15 deg",True,0.02693156991859151,0.0,0.006008513563692529
0.5,0.9,0.3,1,"demo_00 -15,-10 deg",True,0.016626887659174028,0.0,0.006013149622867271
0.5,0.9,0.3,2,"demo_00 -15,-5 deg",True,0.010059923822648408,0.0,0.006015089627976767
0.5,0.9,0.3,3,"demo_00 -15,+0 deg",True,0.006115670218155834,0.0,0.006016331566850888
0.5,0.9,0.3,4,"demo_00 -15,+5 deg",True,0.004040154090108753,0.0,0.006016022420071855
0.5,0.9,0.3,5,"demo_00 -15,+10 deg",True,0.0044967808721947475,0.0,0.006014329377684398
0.5,0.9,0.3,6,"demo_00 -15,+15 deg",True,0.009175473047056178,0.0,0.006016392935305023
0.5,0.9,0.3,7,"demo_00 -10,-15 deg",True,0.02092310195283141,0.0,0.006005593818962088
0.5,0.9,0.3,8,"demo_00 -10,-10 deg",True,0.012420851541791591,0.0,0.00601213526839426
0.5,0.9,0.3,9,"demo_00 -10,-5 deg",True,0.007035179245221942,0.0,0.006015134970165217
0.5,0.9,0.3,10,"demo_00 -10,+0 deg",True,0.003557837247601099,0.0,0.006015487597157584
0.5,0.9,0.3,11,"demo_00 -10,+5 deg",True,0.0014340186760231862,0.0,0.006014416524280451
0.5,0.9,0.3,12,"demo_00 -10,+10 deg",True,0.002694069604850275,0.0,0.006015938498695115
0.5,0.9,0.3,13,"demo_00 -10,+15 deg",True,0.007592702231505271,0.0,0.0060135898389858415
0.5,0.9,0.3,14,"demo_00 -5,-15 deg",True,0.016387472514399315,0.0,0.006005888867777104
0.5,0.9,0.3,15,"demo_00 -5,-10 deg",True,0.009348710547683818,0.0,0.0060111425621921346
0.5,0.9,0.3,16,"demo_00 -5,-5 deg",True,0.004830557180157482,0.0,0.006013473058568784
0.5,0.9,0.3,17,"demo_00 -5,+0 deg",True,0.0015439801771468637,0.0,0.006014954312192743
0.5,0.9,0.3,18,"demo_00 -5,+5 deg",True,0.0010410695156478095,0.002029844182776172,0.006013778561262779
0.5,0.9,0.3,19,"demo_00 -5,+10 deg",True,0.0036327306178029588,0.0,0.006014097787247781
0.5,0.9,0.3,20,"demo_00 -5,+15 deg",True,0.007935366844743042,0.0,0.006014923303089822
0.5,0.9,0.3,21,"demo_00 +0,-15 deg",True,0.012734810904901596,0.0,0.006004410756295999
0.5,0.9,0.3,22,"demo_00 +0,-10 deg",True,0.006827565949782754,0.0,0.006014039977592896
0.5,0.9,0.3,23,"demo_00 +0,-5 deg",True,0.002901494363006654,0.0,0.006016300751870598
0.5,0.9,0.3,24,demo_00,True,0.00039258049153057526,0.005280108825954904,0.006014449016357984
0.5,0.9,0.3,25,"demo_00 +0,+5 deg",True,0.0033344483939607918,0.007610748709075479,0.006014263779202319
0.5,0.9,0.3,26,"demo_00 +0,+10 deg",True,0.006240523230819555,0.0,0.006014204595653263
0.5,0.9,0.3,27,"demo_00 +0,+15 deg",True,0.010288799141140045,0.0,0.0060146739084155345
0.5,0.9,0.3,28,"demo_00 +5,-15 deg",True,0.009587727073342033,0.0,0.006004767858992469
0.5,0.9,0.3,29,"demo_00 +5,-10 deg",True,0.00451305746727802,0.0,0.0060137377503391085
0.5,0.9,0.3,30,"demo_00 +5,-5 deg",True,0.0009659670407353929,0.0,0.00601450510504476
0.5,0.9,0.3,31,"demo_00 +5,+0 deg",True,0.002536117507063461,0.0,0.006014859262436875
0.5,0.9,0.3,32,"demo_00 +5,+5 deg",True,0.006018355500275488,0.0,0.006015212527161158
0.5,0.9,0.3,33,"demo_00 +5,+10 deg",True,0.0096666687604152,0.0,0.006013580316430121
0.5,0.9,0.3,34,"demo_00 +5,+15 deg",True,0.01424067881373239,0.0,0.006014449864021084
0.5,0.9,0.3,35,"demo_00 +10,-15 deg",True,0.006730780772995491,0.0,0.006007670577448528
0.5,0.9,0.3,36,"demo_00 +10,-10 deg",True,0.0022491144438480134,0.0,0.0060136884143062305
0.5,0.9,0.3,37,"demo_00 +10,-5 deg",True,0.0015213204489017234,0.0,0.006016128230796201
0.5,0.9,0.3,38,"demo_00 +10,+0 deg",True,0.0051411483991046355,0.0,0.0060157423269318056
0.5,0.9,0.3,39,"demo_00 +10,+5 deg",True,0.009288781920184182,0.0,0.006013695501702401
0.5,0.9,0.3,40,"demo_00 +10,+10 deg",True,0.013906422992742067,0.0,0.006015625119489711
0.5,0.9,0.3,41,"demo_00 +10,+15 deg",True,0.019479229827785972,0.0,0.006013855836596293
0.5,0.9,0.3,42,"demo_00 +15,-15 deg",True,0.003971333438453765,0.0,0.00601113093889523
0.5,0.9,0.3,43,"demo_00 +15,-10 deg",True,0.0011209756174527811,0.0,0.006014474202928686
0.5,0.9,0.3,44,"demo_00 +15,-5 deg",True,0.004279883474870699,0.0,0.006014792746475959
0.5,0.9,0.3,45,"demo_00 +15,+0 deg",True,0.008409853273265492,0.0,0.00601530067817939
0.5,0.9,0.3,46,"demo_00 +15,+5 deg",True,0.013342092513366615,0.0,0.006014992473804408
0.5,0.9,0.3,47,"demo_00 +15,+10 deg",True,0.019073252353482714,0.0,0.006016038395165334
0.5,0.9,0.3,48,"demo_00 +15,+15 deg",True,0.025892126822132662,0.0,0.006015533333589979
0.5,1.05,0.07,0,"demo_00 -15,-15 deg",True,0.07144530623614515,0.0,0.005728362439109445
0.5,1.05,0.07,1,"demo_00 -15,-10 deg",True,0.05293991906275749,0.0,0.0057274051102065345
0.5,1.05,0.07,2,"demo_00 -15,-5 deg",True,0.03634682095155418,0.0,0.005726542009131868
0.5,1.05,0.07,3,"demo_00 -15,+0 deg",False,0.021736248912402,0.39198584469139164,nan
0.5,1.05,0.07,4,"demo_00 -15,+5 deg",False,0.009450662820115868,0.4096010922749271,nan
0.5,1.05,0.07,5,"demo_00 -15,+10 deg",False,0.00496840698609709,0.39820331941746545,nan
0.5,1.05,0.07,6,"demo_00 -15,+15 deg",False,0.012357147376515554,0.36188750882687104,nan
0.5,1.05,0.07,7,"demo_00 -10,-15 deg",True,0.0614600906058236,0.0,0.005726277714730374
0.5,1.05,0.07,8,"demo_00 -10,-10 deg",True,0.043792475555097035,0.0,0.00572890238747514
0.5,1.05,0.07,9,"demo_00 -10,-5 deg",True,0.0279124301705896,0.0,0.005727808462579933
0.5,1.05,0.07,10,"demo_00 -10,+0 deg",False,0.013905180169023267,0.471611055247935,nan
0.5,1.05,0.07,11,"demo_00 -10,+5 deg",False,0.0029687216535054027,0.4794899582150898,nan
0.5,1.05,0.07,12,"demo_00 -10,+10 deg",False,0.009531833316588308,0.4490961489717643,nan
0.5,1.05,0.07,13,"demo_00 -10,+15 deg",False,0.017969894553189304,0.3951721329306316,nan
0.5,1.05,0.07,14,"demo_00 -5,-15 deg",True,0.05164640368315787,0.0,0.005724930504162801
0.5,1.05,0.07,15,"demo_00 -5,-10 deg",True,0.03479819862793596,0.0,0.005726438232579055
0.5,1.05,0.07,16,"demo_00 -5,-5 deg",True,0.019613929315267745,0.0,0.005729733806866814
0.5,1.05,0.07,17,"demo_00 -5,+0 deg",False,0.006171313247660567,0.5514669233014589,nan
0.5,1.05,0.07,18,"demo_00 -5,+5 deg",False,0.005767270264388705,0.5360412733397212,nan
0.5,1.05,0.07,19,"demo_00 -5,+10 deg",False,0.01569999174926435,0.4758857525932655,nan
0.5,1.05,0.07,20,"demo_00 -5,+15 deg",False,0.023863056857181243,0.4080652905393056,nan
0.5,1.05,0.07,21,"demo_00 +0,-15 deg",True,0.041946141956348174,0.0,0.0057278917144881775
0.5,1.05,0.07,22,"demo_00 +0,-10 deg",True,0.025907444466489755,0.0,0.005729565988151697
0.5,1.05,0.07,23,"demo_00 +0,-5 deg",True,0.011428835854663552,0.0,0.005727018999109771
0.5,1.05,0.07,24,demo_00,True,0.0015379518421025126,0.006791594295351104,0.005727298829570491
0.5,1.05,0.07,25,"demo_00 +0,+5 deg",False,0.012680821682685398,0.5348593298174438,nan
0.5,1.05,0.07,26,"demo_00 +0,+10 deg",False,0.022173035047412994,0.4667780571479312,nan
0.5,1.05,0.07,27,"demo_00 +0,+15 deg",False,0.02989580237094304,0.3985518112675814,nan
0.5,1.05,0.07,28,"demo_00 +5,-15 deg",True,0.032298164437123585,0.0,0.005726147395538636
0.5,1.05,0.07,29,"demo_00 +5,-10 deg",True,0.0170838566396675,0.0,0.005727534981066625
0.5,1.05,0.07,30,"demo_00 +5,-5 deg",True,0.0036349394007793843,0.0,0.005729571215091845
0.5,1.05,0.07,31,"demo_00 +5,+0 deg",True,0.009224997336810953,0.0,0.005727605927864001
0.5,1.05,0.07,32,"demo_00 +5,+5 deg",False,0.01980738128807221,0.4862459122735489,nan
0.5,1.05,0.07,33,"demo_00 +5,+10 deg",False,0.028787427884544442,0.4303587412546451,nan
0.5,1.05,0.07,34,"demo_00 +5,+15 deg",False,0.03604625792650118,0.36936185635901275,nan
0.5,1.05,0.07,35,"demo_00 +10,-15 deg",True,0.022644142617404682,0.0,0.005724063224013475
0.5,1.05,0.07,36,"demo_00 +10,-10 deg",True,0.008400106681942203,0.0,0.005727957673039091
0.5,1.05,0.07,37,"demo_00 +10,-5 deg",True,0.005726225834318209,0.0,0.0057300232215425195
0.5,1.05,0.07,38,"demo_00 +10,+0 deg",True,0.016988821731993724,0.0,0.005730443923599524
0.5,1.05,0.07,39,"demo_00 +10,+5 deg",False,0.027049770586711954,0.4349855115915946,nan
0.5,1.05,0.07,40,"demo_00 +10,+10 deg",False,0.03553357569859287,0.37626544349246094,nan
0.5,1.05,0.07,41,"demo_00 +10,+15 deg",False,0.042329936386469584,0.3271932607174094,nan
0.5,1.05,0.07,42,"demo_00 +15,-15 deg",True,0.012956104784308949,0.0,0.00572622724291545
0.5,1.05,0.07,43,"demo_00 +15,-10 deg",True,0.003116223290966304,0.0,0.005730224175545889
0.5,1.05,0.07,44,"demo_00 +15,-5 deg",True,0.013922568856965908,0.0,0.005728876474580774
0.5,1.05,0.07,45,"demo_00 +15,+0 deg",True,0.024877942699923754,0.0,0.005727034591038982
0.5,1.05,0.07,46,"demo_00 +15,+5 deg",False,0.03443686775003568,0.3845668665564068,nan
0.5,1.05,0.07,47,"demo_00 +15,+10 deg",False,0.04243932825945212,0.32445240745386544,nan
0.5,1.05,0.07,48,"demo_00 +15,+15 deg",False,0.04877823708739886,0.27553691444281175,nan
0.5,1.05,0.1,0,"demo_00 -15,-15 deg",True,0.049216575319267826,0.0,0.005913984364632007
0.5,1.05,0.1,1,"demo_00 -15,-10 deg",True,0.036004366957728885,0.0,0.005937346843079684
0.5,1.05,0.1,2,"demo_00 -15,-5 deg",True,0.024657810491404596,0.0,0.00594114700311369
0.5,1.05,0.1,3,"demo_00 -15,+0 deg",False,0.014927543818849375,0.02886098603362322,nan
0.5,1.05,0.1,4,"demo_00 -15,+5 deg",False,0.00658025514812822,0.04647443705382592,nan
0.5,1.05,0.1,5,"demo_00 -15,+10 deg",False,0.0008255672416762582,0.03508290966931407,nan
0.5,1.05,0.1,6,"demo_00 -15,+15 deg",False,0.006949463840927567,0.03180252478546339,nan
0.5,1.05,0.1,7,"demo_00 -10,-15 deg",True,0.041671998509437834,0.0,0.005910765477314226
0.5,1.05,0.1,8,"demo_00 -10,-10 deg",True,0.02930014211785054,0.0,0.005934321552626021
0.5,1.05,0.1,9,"demo_00 -10,-5 deg",True,0.018610994731505674,0.0,0.005941864774026094
0.5,1.05,0.1,10,"demo_00 -10,+0 deg",False,0.00939298747442815,0.10848620145200147,nan
0.5,1.05,0.1,11,"demo_00 -10,+5 deg",False,0.0015999067677950108,0.11636443923845438,nan
0.5,1.05,0.1,12,"demo_00 -10,+10 deg",False,0.005553369715469294,0.08869976452973613,nan
0.5,1.05,0.1,13,"demo_00 -10,+15 deg",False,0.01147432131491866,0.06824414081090843,nan
0.5,1.05,0.1,14,"demo_00 -5,-15 deg",True,0.03457131857158755,0.0,0.005911919232823026
0.5,1.05,0.1,15,"demo_00 -5,-10 deg",True,0.022983988866183906,0.0,0.005936798374766628
0.5,1.05,0.1,16,"demo_00 -5,-5 deg",True,0.012890770553520677,0.0,0.0059404888614771004
0.5,1.05,0.1,17,"demo_00 -5,+0 deg",True,0.004110388777033909,0.0,0.005942179143337036
0.5,1.05,0.1,18,"demo_00 -5,+5 deg",False,0.0035874470947739132,0.1729176482868996,nan
0.5,1.05,0.1,19,"demo_00 -5,+10 deg",False,0.010218239701726112,0.12016720906203834,nan
0.5,1.05,0.1,20,"demo_00 -5,+15 deg",False,0.015954515148388564,0.0863490921137256,nan
0.5,1.05,0.1,21,"demo_00 +0,-15 deg",True,0.027841445266067244,0.0,0.00591067256673183
0.5,1.05,0.1,22,"demo_00 +0,-10 deg",True,0.01698645853256301,0.0,0.005937385138944105
0.5,1.05,0.1,23,"demo_00 +0,-5 deg",True,0.007444543272261578,0.0,0.005939702390939086
0.5,1.05,0.1,24,demo_00,True,0.0010103065751224942,0.006690702045120674,0.005942243882143387
0.5,1.05,0.1,25,"demo_00 +0,+5 deg",False,0.008348221767342073,0.17173819291366593,nan
0.5,1.05,0.1,26,"demo_00 +0,+10 deg",False,0.01480811435502258,0.11555513983240534,nan
0.5,1.05,0.1,27,"demo_00 +0,+15 deg",False,0.0204089706239852,0.08233875474065822,nan
0.5,1.05,0.1,28,"demo_00 +5,-15 deg",True,0.021388362357448194,0.0,0.005912494647910174
0.5,1.05,0.1,29,"demo_00 +5,-10 deg",True,0.011231604163745247,0.0,0.005937531092795705
0.5,1.05,0.1,30,"demo_00 +5,-5 deg",True,0.002400165668322992,0.0,0.005941343150100971
0.5,1.05,0.1,31,"demo_00 +5,+0 deg",True,0.006008886454002644,0.0,0.005942313250606792
0.5,1.05,0.1,32,"demo_00 +5,+5 deg",False,0.013095614697071371,0.12312724600639377,nan
0.5,1.05,0.1,33,"demo_00 +5,+10 deg",False,0.019392746532459832,0.08326183403208895,nan
0.5,1.05,0.1,34,"demo_00 +5,+15 deg",False,0.024894337875250735,0.05860773900852148,nan
0.5,1.05,0.1,35,"demo_00 +10,-15 deg",True,0.015103819629028657,0.0,0.005914977441945371
0.5,1.05,0.1,36,"demo_00 +10,-10 deg",True,0.005706743164170991,0.0,0.005938564018951415
0.5,1.05,0.1,37,"demo_00 +10,-5 deg",True,0.0036103374260719806,0.0,0.005942063021809299
0.5,1.05,0.1,38,"demo_00 +10,+0 deg",True,0.011017996331020357,0.0,0.005940697046379427
0.5,1.05,0.1,39,"demo_00 +10,+5 deg",False,0.017891360645802545,0.071868603231241,nan
0.5,1.05,0.1,40,"demo_00 +10,+10 deg",False,0.024052699906490928,0.03294143105806968,nan
0.5,1.05,0.1,41,"demo_00 +10,+15 deg",False,0.029481946121837275,0.021769079126232826,nan
0.5,1.05,0.1,42,"demo_00 +15,-15 deg",True,0.008889782504217915,0.0,0.005928217455826212
0.5,1.05,0.1,43,"demo_00 +15,-10 deg",True,0.0021342793578592,0.0,0.005941602690060856
0.5,1.05,0.1,44,"demo_00 +15,-5 deg",True,0.008818451347651187,0.0,0.005942565556609328
0.5,1.05,0.1,45,"demo_00 +15,+0 deg",True,0.016133331628765214,0.0,0.00594353515268511
0.5,1.05,0.1,46,"demo_00 +15,+5 deg",False,0.022827648662245122,0.02145072477181939,nan
0.5,1.05,0.1,47,"demo_00 +15,+10 deg",False,0.028877314733844767,0.0,nan
0.5,1.05,0.1,48,"demo_00 +15,+15 deg",False,0.03425353283986404,0.0,nan
0.5,1.05,0.15,0,"demo_00 -15,-15 deg",True,0.03664708276367085,0.0,0.005933125385305724
0.5,1.05,0.15,1,"demo_00 -15,-10 deg",True,0.026160277537625107,0.0,0.005947450219741
0.5,1.05,0.15,2,"demo_00 -15,-5 deg",True,0.01763601159161032,0.0,0.005955157275092577
0.5,1.05,0.15,3,"demo_00 -15,+0 deg",True,0.010374941297676953,0.0,0.005957744052763437
0.5,1.05,0.15,4,"demo_00 -15,+5 deg",True,0.00423520122518981,0.0,0.005953407649658927
0.5,1.05,0.15,5,"demo_00 -15,+10 deg",True,0.004236024613158817,0.0,0.005957795597333741
0.5,1.05,0.15,6,"demo_00 -15,+15 deg",True,0.010090458874097794,0.0,0.0059577708493890776
0.5,1.05,0.15,7,"demo_00 -10,-15 deg",True,0.030330265701161815,0.0,0.0059336619372153164
0.5,1.05,0.15,8,"demo_00 -10,-10 deg",True,0.02087198316970376,0.0,0.005949083554471527
0.5,1.05,0.15,9,"demo_00 -10,-5 deg",True,0.013161953410120015,0.0,0.005952911392776498
0.5,1.05,0.15,10,"demo_00 -10,+0 deg",True,0.006497409789794057,0.0,0.005956645558865351
0.5,1.05,0.15,11,"demo_00 -10,+5 deg",True,0.0010676009108346455,0.0,0.00595834190910393
0.5,1.05,0.15,12,"demo_00 -10,+10 deg",True,0.0058425983827029996,0.002423248386884763,0.005955676760743848
0.5,1.05,0.15,13,"demo_00 -10,+15 deg",True,0.011769213905787184,0.0,0.005957059053695986
0.5,1.05,0.15,14,"demo_00 -5,-15 deg",True,0.024536894580567938,0.0,0.005936037958279642
0.5,1.05,0.15,15,"demo_00 -5,-10 deg",True,0.016003518863397105,0.0,0.005950459263441607
0.5,1.05,0.15,16,"demo_00 -5,-5 deg",True,0.008993737497823154,0.0,0.005956590347596564
0.5,1.05,0.15,17,"demo_00 -5,+0 deg",True,0.0028249433462756977,0.0,0.005955074238566229
0.5,1.05,0.15,18,"demo_00 -5,+5 deg",True,0.0029785650969613464,0.020114950287411573,0.0059550884612211965
0.5,1.05,0.15,19,"demo_00 -5,+10 deg",True,0.008629814108758096,0.026096630833088497,0.005958588468441764
0.5,1.05,0.15,20,"demo_00 -5,+15 deg",True,0.014297878650930405,0.004227419845628494,0.005957231063112522
0.5,1.05,0.15,21,"demo_00 +0,-15 deg",True,0.01930064644650975,0.0,0.005935078335004826
0.5,1.05,0.15,22,"demo_00 +0,-10 deg",True,0.011580727850566797,0.0,0.005951477672703518
0.5,1.05,0.15,23,"demo_00 +0,-5 deg",True,0.005147122066568722,0.0,0.005956142744071127
0.5,1.05,0.15,24,demo_00,True,0.0006745483960352382,0.006182262379327308,0.005958447017228058
0.5,1.05,0.15,25,"demo_00 +0,+5 deg",True,0.006231789968578982,0.03957800016325186,0.005953554591499282
0.5,1.05,0.15,26,"demo_00 +0,+10 deg",True,0.011776697517519363,0.03313609717817251,0.005955188437392548
0.5,1.05,0.15,27,"demo_00 +0,+15 deg",True,0.01736826283799788,0.007104669306202072,0.005955528025315246
0.5,1.05,0.15,28,"demo_00 +5,-15 deg",True,0.014581886222206228,0.0,0.0059362126969430455
0.5,1.05,0.15,29,"demo_00 +5,-10 deg",True,0.007568777149465251,0.0,0.005953779977584016
0.5,1.05,0.15,30,"demo_00 +5,-5 deg",True,0.0016821404134137311,0.0,0.005956994386943621
0.5,1.05,0.15,31,"demo_00 +5,+0 deg",True,0.004030060796917932,0.0,0.005955327344915212
0.5,1.05,0.15,32,"demo_00 +5,+5 deg",True,0.009506203920423993,0.013138200320172544,0.00595612729131783
0.5,1.05,0.15,33,"demo_00 +5,+10 deg",True,0.015112840774035703,0.014884206759621155,0.005953689264911985
0.5,1.05,0.15,34,"demo_00 +5,+15 deg",True,0.020833431233667304,0.0,0.005955167001900029
0.5,1.05,0.15,35,"demo_00 +10,-15 deg",True,0.010260499469488621,0.0,0.005940753252917285
0.5,1.05,0.15,36,"demo_00 +10,-10 deg",True,0.003923099739224414,0.0,0.005955293189329857
0.5,1.05,0.15,37,"demo_00 +10,-5 deg",True,0.0022532160437634453,0.0,0.005954301979251931
0.5,1.05,0.15,38,"demo_00 +10,+0 deg",True,0.007387823591231736,0.0,0.005953698402858507
0.5,1.05,0.15,39,"demo_00 +10,+5 deg",True,0.012872449975544199,0.0,0.005954066152073987
0.5,1.05,0.15,40,"demo_00 +10,+10 deg",True,0.01866083723382913,0.0,0.005956329718615987
0.5,1.05,0.15,41,"demo_00 +10,+15 deg",True,0.024659865800614075,0.0,0.0059553863346948855
0.5,1.05,0.15,42,"demo_00 +15,-15 deg",True,0.006163985590218909,0.0,0.005945879188584371
0.5,1.05,0.15,43,"demo_00 +15,-10 deg",True,0.001638434613462414,0.0,0.0059602595620570215
0.5,1.05,0.15,44,"demo_00 +15,-5 deg",True,0.005708931686101516,0.0,0.0059569890979544945
0.5,1.05,0.15,45,"demo_00 +15,+0 deg",True,0.010897207766954036,0.0,0.0059557645250081235
0.5,1.05,0.15,46,"demo_00 +15,+5 deg",True,0.016470118632734083,0.0,0.005957196053324241
0.5,1.05,0.15,47,"demo_00 +15,+10 deg",True,0.02252042067048782,0.0,0.005958344979578918
0.5,1.05,0.15,48,"demo_00 +15,+15 deg",True,0.028886520935179284,0.0,0.005958590567054746
0.5,1.05,0.2,0,"demo_00 -15,-15 deg",True,0.031183369547424823,0.0,0.005926974758509754
0.5,1.05,0.2,1,"demo_00 -15,-10 deg",True,0.02138473991204976,0.0,0.00592789838700378
0.5,1.05,0.2,2,"demo_00 -15,-5 deg",True,0.013808546816986105,0.0,0.005927145198718718
0.5,1.05,0.2,3,"demo_00 -15,+0 deg",True,0.0075620128097061146,0.0,0.005929775454900554
0.5,1.05,0.2,4,"demo_00 -15,+5 deg",True,0.0030375115139514228,0.0,0.005928816407230774
0.5,1.05,0.2,5,"demo_00 -15,+10 deg",True,0.004989610324372066,0.0,0.00593079128714219
0.5,1.05,0.2,6,"demo_00 -15,+15 deg",True,0.010332128784248933,0.0,0.005927234988475534
0.5,1.05,0.2,7,"demo_00 -10,-15 deg",True,0.025976106432505426,0.0,0.005924685163810332
0.5,1.05,0.2,8,"demo_00 -10,-10 deg",True,0.017359530170244875,0.0,0.005928567286151544
0.5,1.05,0.2,9,"demo_00 -10,-5 deg",True,0.010663126335565421,0.0,0.005929896967775399
0.5,1.05,0.2,10,"demo_00 -10,+0 deg",True,0.0049207076047021675,0.0,0.005927389890444747
0.5,1.05,0.2,11,"demo_00 -10,+5 deg",True,0.0014530702172436355,0.0,0.005930731583524721
0.5,1.05,0.2,12,"demo_00 -10,+10 deg",True,0.005805617278236949,0.0,0.005929860538672057
0.5,1.05,0.2,13,"demo_00 -10,+15 deg",True,0.010970111189739139,0.0,0.005928280765455247
0.5,1.05,0.2,14,"demo_00 -5,-15 deg",True,0.020919547795134837,0.0,0.005925017629421342
0.5,1.05,0.2,15,"demo_00 -5,-10 deg",True,0.013356720786959998,0.0,0.005928414441454517
0.5,1.05,0.2,16,"demo_00 -5,-5 deg",True,0.007464321340512886,0.0,0.005929712818307704
0.5,1.05,0.2,17,"demo_00 -5,+0 deg",True,0.0022118242355727495,0.0,0.00592894009826662
0.5,1.05,0.2,18,"demo_00 -5,+5 deg",True,0.0028613198958049283,0.013839727099204821,0.005929529469716472
0.5,1.05,0.2,19,"demo_00 -5,+10 deg",True,0.00768999375555874,0.010701180663742843,0.005928485040990833
0.5,1.05,0.2,20,"demo_00 -5,+15 deg",True,0.012632231888568978,0.0,0.005927287577252961
0.5,1.05,0.2,21,"demo_00 +0,-15 deg",True,0.016221545444305645,0.0,0.005924368259729041
0.5,1.05,0.2,22,"demo_00 +0,-10 deg",True,0.009572223366254611,0.0,0.005926494786276725
0.5,1.05,0.2,23,"demo_00 +0,-5 deg",True,0.004350092025118379,0.0,0.005927800666837823
0.5,1.05,0.2,24,demo_00,True,0.0005247306496527225,0.008208763449821185,0.005930202265613495
0.5,1.05,0.2,25,"demo_00 +0,+5 deg",True,0.005372041305327793,0.037189147858585514,0.005927858051421061
0.5,1.05,0.2,26,"demo_00 +0,+10 deg",True,0.010247855733435125,0.018569689653532784,0.005929303511929784
0.5,1.05,0.2,27,"demo_00 +0,+15 deg",True,0.015249656246171079,0.0,0.005927542443542711
0.5,1.05,0.2,28,"demo_00 +5,-15 deg",True,0.012036216133486355,0.0,0.0059250014177073314
0.5,1.05,0.2,29,"demo_00 +5,-10 deg",True,0.00615748012559016,0.0,0.005928704624364935
0.5,1.05,0.2,30,"demo_00 +5,-5 deg",True,0.001491451989033158,0.0,0.005929385034130348
0.5,1.05,0.2,31,"demo_00 +5,+0 deg",True,0.0032260948821689834,0.0,0.005928104364576474
0.5,1.05,0.2,32,"demo_00 +5,+5 deg",True,0.00811714680995949,0.01584156200419437,0.005929716163357966
0.5,1.05,0.2,33,"demo_00 +5,+10 deg",True,0.013282245005226912,0.00024443934670534406,0.005929384560133276
0.5,1.05,0.2,34,"demo_00 +5,+15 deg",True,0.018662410036620742,0.0,0.005930546936198404
0.5,1.05,0.2,35,"demo_00 +10,-15 deg",True,0.008361422873301268,0.0,0.0059265707682848385
0.5,1.05,0.2,36,"demo_00 +10,-10 deg",True,0.003177496521168017,0.0,0.005930944002082789
0.5,1.05,0.2,37,"demo_00 +10,-5 deg",True,0.0017131959319467598,0.0,0.005929739666981791
0.5,1.05,0.2,38,"demo_00 +10,+0 deg",True,0.005983062649819503,0.0,0.005927392038827829
0.5,1.05,0.2,39,"demo_00 +10,+5 deg",True,0.011083807963014948,0.0,0.005928655944194414
0.5,1.05,0.2,40,"demo_00 +10,+10 deg",True,0.016755044036575892,0.0,0.0059291998878464175
0.5,1.05,0.2,41,"demo_00 +10,+15 deg",True,0.02273564342157429,0.0,0.005927394878306529
0.5,1.05,0.2,42,"demo_00 +15,-15 deg",True,0.005034417195901652,0.0,0.005926550149025346
0.5,1.05,0.2,43,"demo_00 +15,-10 deg",True,0.0015206470853286454,0.0,0.005928577982615587
0.5,1.05,0.2,44,"demo_00 +15,-5 deg",True,0.004534705231907384,0.0,0.00592859945691847
0.5,1.05,0.2,45,"demo_00 +15,+0 deg",True,0.008954044472407326,0.0,0.005928297566533378
0.5,1.05,0.2,46,"demo_00 +15,+5 deg",True,0.014406558157935805,0.0,0.00593114866554353
0.5,1.05,0.2,47,"demo_00 +15,+10 deg",True,0.02072529187489537,0.0,0.005928444335879591
0.5,1.05,0.2,48,"demo_00 +15,+15 deg",True,0.02740833175351659,0.0,0.0059276147658932216
0.5,1.05,0.3,0,"demo_00 -15,-15 deg",True,0.025228565328954698,0.0,0.005985993367270475
0.5,1.05,0.3,1,"demo_00 -15,-10 deg",True,0.01513758728642694,0.0,0.005986504946557997
0.5,1.05,0.3,2,"demo_00 -15,-5 deg",True,0.008745075684417061,0.0,0.005985738634600424
0.5,1.05,0.3,3,"demo_00 -15,+0 deg",True,0.00504802619857882,0.0,0.005986239906824719
0.5,1.05,0.3,4,"demo_00 -15,+5 deg",True,0.004025016307035879,0.0,0.005986738881949786
0.5,1.05,0.3,5,"demo_00 -15,+10 deg",True,0.007639934623351275,0.0,0.005986279360443526
0.5,1.05,0.3,6,"demo_00 -15,+15 deg",True,0.015731350685698357,0.0,0.005985525750232924
0.5,1.05,0.3,7,"demo_00 -10,-15 deg",True,0.02220135760245312,0.0,0.0059866559147340485
0.5,1.05,0.3,8,"demo_00 -10,-10 deg",True,0.013318851816489433,0.0,0.005985274571020069
0.5,1.05,0.3,9,"demo_00 -10,-5 deg",True,0.007243990524359283,0.0,0.00598560602197944
0.5,1.05,0.3,10,"demo_00 -10,+0 deg",True,0.0032439162006471355,0.0,0.005986913838020279
0.5,1.05,0.3,11,"demo_00 -10,+5 deg",True,0.002050517936393378,0.0,0.00598512275122072
0.5,1.05,0.3,12,"demo_00 -10,+10 deg",True,0.005760348507834344,0.0,0.005985568227499115
0.5,1.05,0.3,13,"demo_00 -10,+15 deg",True,0.013224452199456045,0.0,0.005986597237159335
0.5,1.05,0.3,14,"demo_00 -5,-15 deg",True,0.019261418237580055,0.0,0.005984880279744726
0.5,1.05,0.3,15,"demo_00 -5,-10 deg",True,0.011532343982836582,0.0,0.0059864883669688415
0.5,1.05,0.3,16,"demo_00 -5,-5 deg",True,0.005843940485186604,0.0,0.005986760019662176
0.5,1.05,0.3,17,"demo_00 -5,+0 deg",True,0.0015913211690503594,0.0,0.005986799326302406
0.5,1.05,0.3,18,"demo_00 -5,+5 deg",True,0.0012515751225903237,0.0,0.005985755680099926
0.5,1.05,0.3,19,"demo_00 -5,+10 deg",True,0.004547223449998018,0.0,0.005985922329308751
0.5,1.05,0.3,20,"demo_00 -5,+15 deg",True,0.011025058076150802,0.0,0.005985692138740338
0.5,1.05,0.3,21,"demo_00 +0,-15 deg",True,0.015624103218169033,0.0,0.005986218182855786
0.5,1.05,0.3,22,"demo_00 +0,-10 deg",True,0.008959171420489992,0.0,0.005986847210616313
0.5,1.05,0.3,23,"demo_00 +0,-5 deg",True,0.003850644022625728,0.0,0.00598501920585344
0.5,1.05,0.3,24,demo_00,True,0.0004196111126961735,0.007765036253078345,0.005986696840361195
0.5,1.05,0.3,25,"demo_00 +0,+5 deg",True,0.0031226146936221156,0.0,0.005985125598301603
0.5,1.05,0.3,26,"demo_00 +0,+10 deg",True,0.005311425344122028,0.0,0.0059856501924738246
0.5,1.05,0.3,27,"demo_00 +0,+15 deg",True,0.01038696716280714,0.0,0.005986576507048898
0.5,1.05,0.3,28,"demo_00 +5,-15 deg",True,0.01162561421126462,0.0,0.0059849653509120955
0.5,1.05,0.3,29,"demo_00 +5,-10 deg",True,0.005889498046333648,0.0,0.005984926554302828
0.5,1.05,0.3,30,"demo_00 +5,-5 deg",True,0.001405118454808038,0.0,0.005985371528473941
0.5,1.05,0.3,31,"demo_00 +5,+0 deg",True,0.0028666367445437306,0.0,0.00598725671084102
0.5,1.05,0.3,32,"demo_00 +5,+5 deg",True,0.006041385841081231,0.0,0.005987169296010183
0.5,1.05,0.3,33,"demo_00 +5,+10 deg",True,0.008563347240325684,0.0,0.005986014737503264
0.5,1.05,0.3,34,"demo_00 +5,+15 deg",True,0.012911562755648443,0.0,0.005986479360202184
0.5,1.05,0.3,35,"demo_00 +10,-15 deg",True,0.007790687675456725,0.0,0.005987152250384123
0.5,1.05,0.3,36,"demo_00 +10,-10 deg",True,0.002910391188580842,0.0,0.0059861654751839685
0.5,1.05,0.3,37,"demo_00 +10,-5 deg",True,0.0016248176060639132,0.0,0.005985198875420889
0.5,1.05,0.3,38,"demo_00 +10,+0 deg",True,0.00572188683559971,0.0,0.005985019342680754
0.5,1.05,0.3,39,"demo_00 +10,+5 deg",True,0.00968725110285486,0.0,0.005986747269768689
0.5,1.05,0.3,40,"demo_00 +10,+10 deg",True,0.013324340248618467,0.0,0.005986051795705198
0.5,1.05,0.3,41,"demo_00 +10,+15 deg",True,0.018113972337096624,0.0,0.005985486097577852
0.5,1.05,0.3,42,"demo_00 +15,-15 deg",True,0.004352016646171581,0.0,0.005985948565543537
0.5,1.05,0.3,43,"demo_00 +15,-10 deg",True,0.001496768195916659,0.0,0.005986842408448703
0.5,1.05,0.3,44,"demo_00 +15,-5 deg",True,0.004446864319610025,0.0,0.00598641751476897
0.5,1.05,0.3,45,"demo_00 +15,+0 deg",True,0.009010307826280674,0.0,0.005986139356509694
0.5,1.05,0.3,46,"demo_00 +15,+5 deg",True,0.01406455711515295,0.0,0.00598736897250224
0.5,1.05,0.3,47,"demo_00 +15,+10 deg",True,0.01903041405684341,0.0,0.0059865129577732195
0.5,1.05,0.3,48,"demo_00 +15,+15 deg",True,0.024817389503494575,0.0,0.005986016017172836
0.5,1.2,0.07,0,"demo_00 -15,-15 deg",True,0.06826286707221983,0.0,0.005880729482003818
0.5,1.2,0.07,1,"demo_00 -15,-10 deg",True,0.0506851812276049,0.0,0.005887298768124366
0.5,1.2,0.07,2,"demo_00 -15,-5 deg",True,0.03493197845158452,0.0,0.005887227823756669
0.5,1.2,0.07,3,"demo_00 -15,+0 deg",False,0.020998428272403988,0.3078329429053718,nan
0.5,1.2,0.07,4,"demo_00 -15,+5 deg",False,0.009155199969374798,0.3254467927686205,nan
0.5,1.2,0.07,5,"demo_00 -15,+10 deg",False,0.004611118278154776,0.31405082878657264,nan
0.5,1.2,0.07,6,"demo_00 -15,+15 deg",False,0.011990579531587088,0.2777572232332006,nan
0.5,1.2,0.07,7,"demo_00 -10,-15 deg",True,0.058222700585987046,0.0,0.005878219906192784
0.5,1.2,0.07,8,"demo_00 -10,-10 deg",True,0.04160252564364805,0.0,0.005886378968721886
0.5,1.2,0.07,9,"demo_00 -10,-5 deg",True,0.02662785869644724,0.0,0.005886553919808363
0.5,1.2,0.07,10,"demo_00 -10,+0 deg",False,0.013314192894355854,0.38745829587814684,nan
0.5,1.2,0.07,11,"demo_00 -10,+5 deg",False,0.0027896596242198896,0.39533712815130373,nan
0.5,1.2,0.07,12,"demo_00 -10,+10 deg",False,0.009372737029245999,0.36494715685274215,nan
0.5,1.2,0.07,13,"demo_00 -10,+15 deg",False,0.01785568233539026,0.311052562090783,nan
0.5,1.2,0.07,14,"demo_00 -5,-15 deg",True,0.04863834421595095,0.0,0.0058773367300306925
0.5,1.2,0.07,15,"demo_00 -5,-10 deg",True,0.03290039935999797,0.0,0.005887036360954063
0.5,1.2,0.07,16,"demo_00 -5,-5 deg",True,0.018636256975333523,0.0,0.005886259264808638
0.5,1.2,0.07,17,"demo_00 -5,+0 deg",False,0.005861251762819414,0.467314419874579,nan
0.5,1.2,0.07,18,"demo_00 -5,+5 deg",False,0.0056765397582245886,0.4518890234962335,nan
0.5,1.2,0.07,19,"demo_00 -5,+10 deg",False,0.01550600964625738,0.3917389537498046,nan
0.5,1.2,0.07,20,"demo_00 -5,+15 deg",False,0.02385899646170589,0.3239511909653292,nan
0.5,1.2,0.07,21,"demo_00 +0,-15 deg",True,0.03938728397070773,0.0,0.005875046351886135
0.5,1.2,0.07,22,"demo_00 +0,-10 deg",True,0.024469464790432258,0.0,0.0058851309611107705
0.5,1.2,0.07,23,"demo_00 +0,-5 deg",True,0.010882186131381519,0.0,0.005888658277992827
0.5,1.2,0.07,24,demo_00,True,0.0014766739514954128,0.007157759018184538,0.00588652208654888
0.5,1.2,0.07,25,"demo_00 +0,+5 deg",False,0.012324359404269467,0.4507071706775482,nan
0.5,1.2,0.07,26,"demo_00 +0,+10 deg",False,0.021839144251024692,0.38263159748686126,nan
0.5,1.2,0.07,27,"demo_00 +0,+15 deg",False,0.029914848053673657,0.31443841194541017,nan
0.5,1.2,0.07,28,"demo_00 +5,-15 deg",True,0.03033970300409397,0.0,0.00587552154162063
0.5,1.2,0.07,29,"demo_00 +5,-10 deg",True,0.016213072151708478,0.0,0.005884251081146011
0.5,1.2,0.07,30,"demo_00 +5,-5 deg",True,0.0035829531185221876,0.0,0.005886801964258382
0.5,1.2,0.07,31,"demo_00 +5,+0 deg",True,0.008745585999065855,0.0,0.0058877521485018675
0.5,1.2,0.07,32,"demo_00 +5,+5 deg",False,0.019132001950451897,0.40209358098971176,nan
0.5,1.2,0.07,33,"demo_00 +5,+10 deg",False,0.028261902006822257,0.3462113764006238,nan
0.5,1.2,0.07,34,"demo_00 +5,+15 deg",False,0.03603061982546613,0.285245027167254,nan
0.5,1.2,0.07,35,"demo_00 +10,-15 deg",True,0.02137087321132094,0.0,0.005876190237003831
0.5,1.2,0.07,36,"demo_00 +10,-10 deg",True,0.00814668695494006,0.0,0.00588820095897959
0.5,1.2,0.07,37,"demo_00 +10,-5 deg",True,0.005283515811546839,0.0,0.005888359342850751
0.5,1.2,0.07,38,"demo_00 +10,+0 deg",True,0.0160757126135676,0.0,0.005889077504257251
0.5,1.2,0.07,39,"demo_00 +10,+5 deg",False,0.026039272559566517,0.35083304412391014,nan
0.5,1.2,0.07,40,"demo_00 +10,+10 deg",False,0.03478898518536001,0.2921169411687584,nan
0.5,1.2,0.07,41,"demo_00 +10,+15 deg",False,0.04223768642850127,0.24307096971882336,nan
0.5,1.2,0.07,42,"demo_00 +15,-15 deg",True,0.012394729132092643,0.0,0.005881660371997641
0.5,1.2,0.07,43,"demo_00 +15,-10 deg",True,0.003005609468948662,0.0,0.005889917895766196
0.5,1.2,0.07,44,"demo_00 +15,-5 deg",True,0.012939773132235677,0.0,0.005887724876253259
0.5,1.2,0.07,45,"demo_00 +15,+0 deg",True,0.023538868837147085,0.0,0.005889056879375136
0.5,1.2,0.07,46,"demo_00 +15,+5 deg",False,0.03309084952854844,0.3004142610805467,nan
0.5,1.2,0.07,47,"demo_00 +15,+10 deg",False,0.04145917769744534,0.24030243634821052,nan
0.5,1.2,0.07,48,"demo_00 +15,+15 deg",False,0.04857444676899643,0.19140874345986542,nan
0.5,1.2,0.1,0,"demo_00 -15,-15 deg",True,0.05104046065997765,0.0,0.005891524194790864
0.5,1.2,0.1,1,"demo_00 -15,-10 deg",True,0.03772467472330344,0.0,0.005922720537703523
0.5,1.2,0.1,2,"demo_00 -15,-5 deg",True,0.026259260419931166,0.0,0.005931939545497169
0.5,1.2,0.1,3,"demo_00 -15,+0 deg",True,0.016168805478656737,0.0,0.005933483660197144
0.5,1.2,0.1,4,"demo_00 -15,+5 deg",False,0.007114598544789063,0.0,nan
0.5,1.2,0.1,5,"demo_00 -15,+10 deg",False,0.0013074132762983367,0.0003244288146754537,nan
0.5,1.2,0.1,6,"demo_00 -15,+15 deg",False,0.009139860515142723,0.007569914810266171,nan
0.5,1.2,0.1,7,"demo_00 -10,-15 deg",True,0.042126878768850594,0.0,0.005895705780262667
0.5,1.2,0.1,8,"demo_00 -10,-10 deg",True,0.029919084229440337,0.0,0.005925238203453539
0.5,1.2,0.1,9,"demo_00 -10,-5 deg",True,0.019328492706094744,0.0,0.0059334157641892
0.5,1.2,0.1,10,"demo_00 -10,+0 deg",True,0.0099140427710967,0.0,0.0059314074013226475
0.5,1.2,0.1,11,"demo_00 -10,+5 deg",False,0.001408100316842889,0.050610444650535547,nan
0.5,1.2,0.1,12,"demo_00 -10,+10 deg",False,0.0066014621999836865,0.052063577364445196,nan
0.5,1.2,0.1,13,"demo_00 -10,+15 deg",False,0.014159990502941255,0.038492646120429214,nan
0.5,1.2,0.1,14,"demo_00 -5,-15 deg",True,0.03421614375871554,0.0,0.00590104692918873
0.5,1.2,0.1,15,"demo_00 -5,-10 deg",True,0.02298350857857279,0.0,0.0059265409947284065
0.5,1.2,0.1,16,"demo_00 -5,-5 deg",True,0.013123451849933363,0.0,0.0059337021799137375
0.5,1.2,0.1,17,"demo_00 -5,+0 deg",True,0.004236136804202829,0.0,0.00593430608022502
0.5,1.2,0.1,18,"demo_00 -5,+5 deg",False,0.004007820071586574,0.10867129871424656,nan
0.5,1.2,0.1,19,"demo_00 -5,+10 deg",False,0.011744766741878191,0.09010777306856058,nan
0.5,1.2,0.1,20,"demo_00 -5,+15 deg",False,0.019199627829394807,0.057257287071637464,nan
0.5,1.2,0.1,21,"demo_00 +0,-15 deg",True,0.027153515126033097,0.0,0.005903924286507771
0.5,1.2,0.1,22,"demo_00 +0,-10 deg",True,0.016763564447459033,0.0,0.005926823418200692
0.5,1.2,0.1,23,"demo_00 +0,-5 deg",True,0.007512766592961011,0.0,0.0059319794061447155
0.5,1.2,0.1,24,demo_00,True,0.0010179506949956098,0.00639753968887778,0.005931555771157136
0.5,1.2,0.1,25,"demo_00 +0,+5 deg",False,0.008951835998657114,0.11214909975104508,nan
0.5,1.2,0.1,26,"demo_00 +0,+10 deg",False,0.01660926210420336,0.0888097086878179,nan
0.5,1.2,0.1,27,"demo_00 +0,+15 deg",False,0.024096148274254527,0.05291525466968877,nan
0.5,1.2,0.1,28,"demo_00 +5,-15 deg",True,0.020723898574985505,0.0,0.005908744731135882
0.5,1.2,0.1,29,"demo_00 +5,-10 deg",True,0.011068954454933973,0.0,0.005927235586957482
0.5,1.2,0.1,30,"demo_00 +5,-5 deg",True,0.002511969955242749,0.0,0.005931239249562009
0.5,1.2,0.1,31,"demo_00 +5,+0 deg",True,0.005972347226964438,0.0,0.005931129769447644
0.5,1.2,0.1,32,"demo_00 +5,+5 deg",False,0.013692557093237573,0.06640547057774052,nan
0.5,1.2,0.1,33,"demo_00 +5,+10 deg",False,0.021292542336899235,0.05671360697810182,nan
0.5,1.2,0.1,34,"demo_00 +5,+15 deg",False,0.028869657145742494,0.02680939838380711,nan
0.5,1.2,0.1,35,"demo_00 +10,-15 deg",True,0.014682417463027281,0.0,0.00591236728767887
0.5,1.2,0.1,36,"demo_00 +10,-10 deg",True,0.0057716871219509564,0.0,0.0059297132449056805
0.5,1.2,0.1,37,"demo_00 +10,-5 deg",True,0.0033655756753559938,0.0,0.005932613070807366
0.5,1.2,0.1,38,"demo_00 +10,+0 deg",True,0.010831917806899672,0.0,0.005932492498817406
0.5,1.2,0.1,39,"demo_00 +10,+5 deg",False,0.018361788864802518,0.014289639939912807,nan
0.5,1.2,0.1,40,"demo_00 +10,+10 deg",False,0.025908849429196103,0.003765879334452299,nan
0.5,1.2,0.1,41,"demo_00 +10,+15 deg",False,0.033593751088345274,0.0,nan
0.5,1.2,0.1,42,"demo_00 +15,-15 deg",True,0.00880725235236038,0.0,0.005919949075390405
0.5,1.2,0.1,43,"demo_00 +15,-10 deg",True,0.002229546663399473,0.0,0.005936647851465751
0.5,1.2,0.1,44,"demo_00 +15,-5 deg",True,0.00833303987780992,0.0,0.00593314431072774
0.5,1.2,0.1,45,"demo_00 +15,+0 deg",True,0.01574092073863835,0.0,0.005930873748875594
0.5,1.2,0.1,46,"demo_00 +15,+5 deg",False,0.023086668562908943,0.0,nan
0.5,1.2,0.1,47,"demo_00 +15,+10 deg",False,0.03057149927471334,0.0,nan
0.5,1.2,0.1,48,"demo_00 +15,+15 deg",False,0.03836230904617208,0.0,nan
0.5,1.2,0.15,0,"demo_00 -15,-15 deg",True,0.04293998211684523,0.0,0.005872025093177689
0.5,1.2,0.15,1,"demo_00 -15,-10 deg",True,0.031470026505773546,0.0,0.005870013266745799
0.5,1.2,0.15,2,"demo_00 -15,-5 deg",True,0.02168575755801124,0.0,0.005868818468691662
0.5,1.2,0.15,3,"demo_00 -15,+0 deg",True,0.01249590004850821,0.0,0.0058696597361644716
0.5,1.2,0.15,4,"demo_00 -15,+5 deg",True,0.005283309324532556,0.0,0.0058678326516731156
0.5,1.2,0.15,5,"demo_00 -15,+10 deg",True,0.008843810127143015,0.0,0.005869573084641552
0.5,1.2,0.15,6,"demo_00 -15,+15 deg",True,0.018083237555130277,0.0,0.005868109276160094
0.5,1.2,0.15,7,"demo_00 -10,-15 deg",True,0.03396132080296179,0.0,0.005873819987599348
0.5,1.2,0.15,8,"demo_00 -10,-10 deg",True,0.023979988408359857,0.0,0.0058694375109526855
0.5,1.2,0.15,9,"demo_00 -10,-5 deg",True,0.015657856617969257,0.0,0.005869634454384576
0.5,1.2,0.15,10,"demo_00 -10,+0 deg",True,0.007611668851196513,0.0,0.005868216195320258
0.5,1.2,0.15,11,"demo_00 -10,+5 deg",True,0.00215328744025359,0.0,0.005869843270719195
0.5,1.2,0.15,12,"demo_00 -10,+10 deg",True,0.009835239829806913,0.0,0.005869305799427381
0.5,1.2,0.15,13,"demo_00 -10,+15 deg",True,0.01917498010586279,0.0,0.005869617493016191
0.5,1.2,0.15,14,"demo_00 -5,-15 deg",True,0.02618937667566755,0.0,0.005871064249897625
0.5,1.2,0.15,15,"demo_00 -5,-10 deg",True,0.01746062618649119,0.0,0.0058687288732928375
0.5,1.2,0.15,16,"demo_00 -5,-5 deg",True,0.01028873452690815,0.0,0.005868081989611398
0.5,1.2,0.15,17,"demo_00 -5,+0 deg",True,0.003177919223964335,0.0,0.005868719681764608
0.5,1.2,0.15,18,"demo_00 -5,+5 deg",True,0.00452774143960027,0.0307730158419791,0.0058697734532719625
0.5,1.2,0.15,19,"demo_00 -5,+10 deg",True,0.012785186866956844,0.02832363697360768,0.005870028871178934
0.5,1.2,0.15,20,"demo_00 -5,+15 deg",True,0.021925425319425484,0.0,0.005867709410754762
0.5,1.2,0.15,21,"demo_00 +0,-15 deg",True,0.019767593868220492,0.0,0.005872084068460621
0.5,1.2,0.15,22,"demo_00 +0,-10 deg",True,0.012073156732386202,0.0,0.005869167736728826
0.5,1.2,0.15,23,"demo_00 +0,-5 deg",True,0.0057540281671837525,0.0,0.005869534552821621
0.5,1.2,0.15,24,demo_00,True,0.0006947520082695919,0.007422643903466401,0.005870841016947999
0.5,1.2,0.15,25,"demo_00 +0,+5 deg",True,0.008013075685647707,0.058378508618981015,0.005871091700032674
0.5,1.2,0.15,26,"demo_00 +0,+10 deg",True,0.016345420779137056,0.03892660495830491,0.005871568320555497
0.5,1.2,0.15,27,"demo_00 +0,+15 deg",True,0.025636491761956228,0.0,0.005870535517170951
0.5,1.2,0.15,28,"demo_00 +5,-15 deg",True,0.014561569859006035,0.0,0.0058722640659720415
0.5,1.2,0.15,29,"demo_00 +5,-10 deg",True,0.007691091400196366,0.0,0.005870337646309542
0.5,1.2,0.15,30,"demo_00 +5,-5 deg",True,0.002065098647851703,0.0,0.005869430673245777
0.5,1.2,0.15,31,"demo_00 +5,+0 deg",True,0.004080758495866707,0.0,0.005870025692536818
0.5,1.2,0.15,32,"demo_00 +5,+5 deg",True,0.011256512497728237,0.027106298282199237,0.005871170583143774
0.5,1.2,0.15,33,"demo_00 +5,+10 deg",True,0.019957558309387367,0.014485258200182066,0.005869434996807669
0.5,1.2,0.15,34,"demo_00 +5,+15 deg",True,0.029784793194438594,0.0,0.005868668439036179
0.5,1.2,0.15,35,"demo_00 +10,-15 deg",True,0.010215998857938125,0.0,0.005871223024677961
0.5,1.2,0.15,36,"demo_00 +10,-10 deg",True,0.00407679171735269,0.0,0.005869767909360928
0.5,1.2,0.15,37,"demo_00 +10,-5 deg",True,0.002124249186170694,0.0,0.0058714325266678025
0.5,1.2,0.15,38,"demo_00 +10,+0 deg",True,0.007272490644916197,0.0,0.005868831250003457
0.5,1.2,0.15,39,"demo_00 +10,+5 deg",True,0.014359523451301044,0.0,0.005869389113928743
0.5,1.2,0.15,40,"demo_00 +10,+10 deg",True,0.023548179658086463,0.0,0.00587155205498268
0.5,1.2,0.15,41,"demo_00 +10,+15 deg",True,0.03413938061901798,0.0,0.005871349671962477
0.5,1.2,0.15,42,"demo_00 +15,-15 deg",True,0.006293509697583835,0.0,0.005869252143649456
0.5,1.2,0.15,43,"demo_00 +15,-10 deg",True,0.002074554613456314,0.0,0.005869859665680394
0.5,1.2,0.15,44,"demo_00 +15,-5 deg",True,0.0054457340296948376,0.0,0.00587012351417103
0.5,1.2,0.15,45,"demo_00 +15,+0 deg",True,0.01054429061695822,0.0,0.005868660038101331
0.5,1.2,0.15,46,"demo_00 +15,+5 deg",True,0.017563186259590687,0.0,0.005870571345581986
0.5,1.2,0.15,47,"demo_00 +15,+10 deg",True,0.0272502526660541,0.0,0.005870135570310556
0.5,1.2,0.15,48,"demo_00 +15,+15 deg",True,0.03868458465276905,0.0,0.005869324738768046
0.5,1.2,0.2,0,"demo_00 -15,-15 deg",True,0.03973311786673374,0.0,0.005926456383578066
0.5,1.2,0.2,1,"demo_00 -15,-10 deg",True,0.027225093662297514,0.0,0.005925985880345241
0.5,1.2,0.2,2,"demo_00 -15,-5 deg",True,0.016838366146408577,0.0,0.0059232931750594735
0.5,1.2,0.2,3,"demo_00 -15,+0 deg",True,0.008638000696694969,0.0,0.005923189320729945
0.5,1.2,0.2,4,"demo_00 -15,+5 deg",True,0.005603614296836639,0.0,0.005923030857373704
0.5,1.2,0.2,5,"demo_00 -15,+10 deg",True,0.010334204289020044,0.0,0.005922749631845171
0.5,1.2,0.2,6,"demo_00 -15,+15 deg",True,0.01867360433863578,0.0,0.005924499660193677
0.5,1.2,0.2,7,"demo_00 -10,-15 deg",True,0.03215546637426873,0.0,0.005925685207147258
0.5,1.2,0.2,8,"demo_00 -10,-10 deg",True,0.021716415414467605,0.0,0.00592553993509276
0.5,1.2,0.2,9,"demo_00 -10,-5 deg",True,0.013215141054241748,0.0,0.005923083523126595
0.5,1.2,0.2,10,"demo_00 -10,+0 deg",True,0.005766163927558818,0.0,0.005924264548976173
0.5,1.2,0.2,11,"demo_00 -10,+5 deg",True,0.003292941215141101,0.0,0.005922714033514503
0.5,1.2,0.2,12,"demo_00 -10,+10 deg",True,0.009227386546344798,0.0,0.005924318283479671
0.5,1.2,0.2,13,"demo_00 -10,+15 deg",True,0.017352525638949453,0.0,0.0059234635154664685
0.5,1.2,0.2,14,"demo_00 -5,-15 deg",True,0.02467554062602353,0.0,0.005925470194967006
0.5,1.2,0.2,15,"demo_00 -5,-10 deg",True,0.01585492540939406,0.0,0.005923165554650319
0.5,1.2,0.2,16,"demo_00 -5,-5 deg",True,0.00903556920898343,0.0,0.005923513225880626
0.5,1.2,0.2,17,"demo_00 -5,+0 deg",True,0.0025575633476650835,0.0,0.00592334653108226
0.5,1.2,0.2,18,"demo_00 -5,+5 deg",True,0.0038017847515263298,0.004061028417212717,0.005923299308922195
0.5,1.2,0.2,19,"demo_00 -5,+10 deg",True,0.010417644367749482,0.0,0.005923638366553317
0.5,1.2,0.2,20,"demo_00 -5,+15 deg",True,0.018312454785847778,0.0,0.005924475337209311
0.5,1.2,0.2,21,"demo_00 +0,-15 deg",True,0.018196249617645703,0.0,0.005925265507200623
0.5,1.2,0.2,22,"demo_00 +0,-10 deg",True,0.010684994677362203,0.0,0.005923498426838768
0.5,1.2,0.2,23,"demo_00 +0,-5 deg",True,0.005126431748792272,0.0,0.005924150854965698
0.5,1.2,0.2,24,demo_00,True,0.000551700135186945,0.00891955585702202,0.005923051527580993
0.5,1.2,0.2,25,"demo_00 +0,+5 deg",True,0.006608671878854418,0.03087988371373994,0.00592382905789633
0.5,1.2,0.2,26,"demo_00 +0,+10 deg",True,0.013518800696350987,0.0,0.005924572531795153
0.5,1.2,0.2,27,"demo_00 +0,+15 deg",True,0.021541519008121172,0.0,0.005923825245360914
0.5,1.2,0.2,28,"demo_00 +5,-15 deg",True,0.013028144422329536,0.0,0.005923677269399441
0.5,1.2,0.2,29,"demo_00 +5,-10 deg",True,0.006597428627306162,0.0,0.005923718606117301
0.5,1.2,0.2,30,"demo_00 +5,-5 deg",True,0.001980700591701735,0.0,0.005923882515308547
0.5,1.2,0.2,31,"demo_00 +5,+0 deg",True,0.003306875783876978,0.0,0.005923187231396655
0.5,1.2,0.2,32,"demo_00 +5,+5 deg",True,0.00973884264894683,0.0,0.0059227938266432556
0.5,1.2,0.2,33,"demo_00 +5,+10 deg",True,0.01753276368072534,0.0,0.005923389687062279
0.5,1.2,0.2,34,"demo_00 +5,+15 deg",True,0.02619112619248659,0.0,0.005923282381513442
0.5,1.2,0.2,35,"demo_00 +10,-15 deg",True,0.008967886870222019,0.0,0.0059234658590948935
0.5,1.2,0.2,36,"demo_00 +10,-10 deg",True,0.003468651322832928,0.0,0.005924603924713159
0.5,1.2,0.2,37,"demo_00 +10,-5 deg",True,0.0017555348506983204,0.0,0.005923795793799306
0.5,1.2,0.2,38,"demo_00 +10,+0 deg",True,0.0059211512692944,0.0,0.005924638210197011
0.5,1.2,0.2,39,"demo_00 +10,+5 deg",True,0.012890771082063154,0.0,0.005924281300512199
0.5,1.2,0.2,40,"demo_00 +10,+10 deg",True,0.021905455042065588,0.0,0.005924776069925307
0.5,1.2,0.2,41,"demo_00 +10,+15 deg",True,0.03147694618889308,0.0,0.005922363018701258
0.5,1.2,0.2,42,"demo_00 +15,-15 deg",True,0.005497264903862502,0.0,0.005923228053717913
0.5,1.2,0.2,43,"demo_00 +15,-10 deg",True,0.002014321040925845,0.0,0.005924275273816371
0.5,1.2,0.2,44,"demo_00 +15,-5 deg",True,0.004513889444680452,0.0,0.005922995032201772
0.5,1.2,0.2,45,"demo_00 +15,+0 deg",True,0.00875099886968386,0.0,0.0059235032406255335
0.5,1.2,0.2,46,"demo_00 +15,+5 deg",True,0.016245080334150508,0.0,0.005923038249367955
0.5,1.2,0.2,47,"demo_00 +15,+10 deg",True,0.026518008898335624,0.0,0.005924183858709034
0.5,1.2,0.2,48,"demo_00 +15,+15 deg",True,0.0370364566548475,0.0,0.005923347476243604
0.5,1.2,0.3,0,"demo_00 -15,-15 deg",True,0.03363049871311092,0.0,0.005942502132289779
0.5,1.2,0.3,1,"demo_00 -15,-10 deg",True,0.019025804100623638,0.0,0.005942285029455831
0.5,1.2,0.3,2,"demo_00 -15,-5 deg",True,0.009444393997443245,0.0,0.0059425506703839615
0.5,1.2,0.3,3,"demo_00 -15,+0 deg",True,0.004876707447302991,0.0,0.005942542976982152
0.5,1.2,0.3,4,"demo_00 -15,+5 deg",True,0.006290367664466508,0.0,0.005942462760166334
0.5,1.2,0.3,5,"demo_00 -15,+10 deg",True,0.014492563770373846,0.0,0.005942763420586686
0.5,1.2,0.3,6,"demo_00 -15,+15 deg",True,0.02688224481621336,0.0,0.005942330427151189
0.5,1.2,0.3,7,"demo_00 -10,-15 deg",True,0.03364345953734958,0.0,0.00594241275731445
0.5,1.2,0.3,8,"demo_00 -10,-10 deg",True,0.019247294723096116,0.0,0.0059426288566464675
0.5,1.2,0.3,9,"demo_00 -10,-5 deg",True,0.008539105071152076,0.0,0.005942399832265865
0.5,1.2,0.3,10,"demo_00 -10,+0 deg",True,0.002742781144779551,0.0,0.005942453894052928
0.5,1.2,0.3,11,"demo_00 -10,+5 deg",True,0.003842780480227537,0.0,0.005942542236239733
0.5,1.2,0.3,12,"demo_00 -10,+10 deg",True,0.011744024202677027,0.0,0.005942823320749854
0.5,1.2,0.3,13,"demo_00 -10,+15 deg",True,0.02326260813816786,0.0,0.005942804351858437
0.5,1.2,0.3,14,"demo_00 -5,-15 deg",True,0.02963198524799525,0.0,0.005942332071504269
0.5,1.2,0.3,15,"demo_00 -5,-10 deg",True,0.017689826167928645,0.0,0.005942556924060124
0.5,1.2,0.3,16,"demo_00 -5,-5 deg",True,0.007884948879959117,0.0,0.005942403192236557
0.5,1.2,0.3,17,"demo_00 -5,+0 deg",True,0.0014021182102818208,0.0,0.005942512942526124
0.5,1.2,0.3,18,"demo_00 -5,+5 deg",True,0.0019176599376027818,0.0,0.005942611630232319
0.5,1.2,0.3,19,"demo_00 -5,+10 deg",True,0.008588023301425557,0.0,0.005942752506624998
0.5,1.2,0.3,20,"demo_00 -5,+15 deg",True,0.018954184792498358,0.0,0.005942735566245164
0.5,1.2,0.3,21,"demo_00 +0,-15 deg",True,0.02302863609703576,0.0,0.005942467140669577
0.5,1.2,0.3,22,"demo_00 +0,-10 deg",True,0.013184210397822721,0.0,0.005942397380501172
0.5,1.2,0.3,23,"demo_00 +0,-5 deg",True,0.005483386126759392,0.0,0.00594275730854732
0.5,1.2,0.3,24,demo_00,True,0.0004210752701243043,0.007883399946939573,0.0059427419213717355
0.5,1.2,0.3,25,"demo_00 +0,+5 deg",True,0.003132126826556069,0.0,0.005942297295954408
0.5,1.2,0.3,26,"demo_00 +0,+10 deg",True,0.006848296035276596,0.0,0.0059424927222893305
0.5,1.2,0.3,27,"demo_00 +0,+15 deg",True,0.015470386407701943,0.0,0.0059425544990351605
0.5,1.2,0.3,28,"demo_00 +5,-15 deg",True,0.01641408917861435,0.0,0.005942590359333551
0.5,1.2,0.3,29,"demo_00 +5,-10 deg",True,0.00816828212600688,0.0,0.005942707317468428
0.5,1.2,0.3,30,"demo_00 +5,-5 deg",True,0.0020439419107991107,0.0,0.005942567691632912
0.5,1.2,0.3,31,"demo_00 +5,+0 deg",True,0.0034112153374758077,0.0,0.005942240231682622
0.5,1.2,0.3,32,"demo_00 +5,+5 deg",True,0.007221461928033731,0.0,0.005942648275248505
0.5,1.2,0.3,33,"demo_00 +5,+10 deg",True,0.010393128261958194,0.0,0.005942420933879725
0.5,1.2,0.3,34,"demo_00 +5,+15 deg",True,0.016379753685275198,0.0,0.005942284266230274
0.5,1.2,0.3,35,"demo_00 +10,-15 deg",True,0.010704313919896817,0.0,0.005942711040485324
0.5,1.2,0.3,36,"demo_00 +10,-10 deg",True,0.00398968225521545,0.0,0.005942381652194158
0.5,1.2,0.3,37,"demo_00 +10,-5 deg",True,0.002151747028092131,0.0,0.005942381281077108
0.5,1.2,0.3,38,"demo_00 +10,+0 deg",True,0.007240640549532506,0.0,0.005942371310063553
0.5,1.2,0.3,39,"demo_00 +10,+5 deg",True,0.01260751054293044,0.0,0.005942387535394673
0.5,1.2,0.3,40,"demo_00 +10,+10 deg",True,0.017113256027566477,0.0,0.005942704380577275
0.5,1.2,0.3,41,"demo_00 +10,+15 deg",True,0.022179650194791026,0.0,0.005942580916157267
0.5,1.2,0.3,42,"demo_00 +15,-15 deg",True,0.005864704432594997,0.0,0.005942270088601319
0.5,1.2,0.3,43,"demo_00 +15,-10 deg",True,0.002024900578331834,0.0,0.005942822442062151
0.5,1.2,0.3,44,"demo_00 +15,-5 deg",True,0.005624945437678437,0.0,0.005942552252917075
0.5,1.2,0.3,45,"demo_00 +15,+0 deg",True,0.011469270138597274,0.0,0.0059424013758819
0.5,1.2,0.3,46,"demo_00 +15,+5 deg",True,0.018522720120581673,0.0,0.005942524978205933
0.5,1.2,0.3,47,"demo_00 +15,+10 deg",True,0.024365494742721136,0.0,0.005942363531319137
0.5,1.2,0.3,48,"demo_00 +15,+15 deg",True,0.029872178003017058,0.0,0.0059424265479032425
0.7,0.75,0.07,0,"demo_00 -15,-15 deg",True,0.07591547575065916,0.0,0.005237122300332308
0.7,0.75,0.07,1,"demo_00 -15,-10 deg",True,0.05653101290451681,0.0,0.005237250251434973
0.7,0.75,0.07,2,"demo_00 -15,-5 deg",True,0.03910651105001866,0.0,0.0052372907017719005
0.7,0.75,0.07,3,"demo_00 -15,+0 deg",False,0.02366852094991671,0.30383898628018624,nan
0.7,0.75,0.07,4,"demo_00 -15,+5 deg",False,0.010312790664660322,0.3214542349957585,nan
0.7,0.75,0.07,5,"demo_00 -15,+10 deg",False,0.0028643897240047404,0.31005646088641203,nan
0.7,0.75,0.07,6,"demo_00 -15,+15 deg",False,0.01137539046241891,0.27374062692291234,nan
0.7,0.75,0.07,7,"demo_00 -10,-15 deg",True,0.06535704263733262,0.0,0.005239638717482611
0.7,0.75,0.07,8,"demo_00 -10,-10 deg",True,0.0467467183302169,0.0,0.0052374717610318795
0.7,0.75,0.07,9,"demo_00 -10,-5 deg",True,0.03001172947232127,0.0,0.005237388596139176
0.7,0.75,0.07,10,"demo_00 -10,+0 deg",False,0.015193136870701878,0.38346419649825303,nan
0.7,0.75,0.07,11,"demo_00 -10,+5 deg",False,0.002684647986793872,0.3913430998135957,nan
0.7,0.75,0.07,12,"demo_00 -10,+10 deg",False,0.009004303627829216,0.3609492866142693,nan
0.7,0.75,0.07,13,"demo_00 -10,+15 deg",False,0.018013632400275103,0.307025238033814,nan
0.7,0.75,0.07,14,"demo_00 -5,-15 deg",True,0.05491444491754149,0.0,0.005237773327401343
0.7,0.75,0.07,15,"demo_00 -5,-10 deg",True,0.03706216713331091,0.0,0.005239744649925056
0.7,0.75,0.07,16,"demo_00 -5,-5 deg",True,0.020998538084113345,0.0,0.005238554107100317
0.7,0.75,0.07,17,"demo_00 -5,+0 deg",False,0.00676969672282574,0.46332006449361207,nan
0.7,0.75,0.07,18,"demo_00 -5,+5 deg",False,0.00568143282676778,0.44789441422010146,nan
0.7,0.75,0.07,19,"demo_00 -5,+10 deg",False,0.016165826041003892,0.3877388880851197,nan
0.7,0.75,0.07,20,"demo_00 -5,+15 deg",False,0.0247504061470747,0.31991838861013655,nan
0.7,0.75,0.07,21,"demo_00 +0,-15 deg",True,0.044529415262662075,0.0,0.005239346219401164
0.7,0.75,0.07,22,"demo_00 +0,-10 deg",True,0.027425930670838004,0.0,0.005237872209564711
0.7,0.75,0.07,23,"demo_00 +0,-5 deg",True,0.012031983627561315,0.0,0.005237760771866563
0.7,0.75,0.07,24,demo_00,True,0.0016745333187303303,0.005624033753578018,0.005237193762516715
0.7,0.75,0.07,25,"demo_00 +0,+5 deg",False,0.01347348574007257,0.4467124707215252,nan
0.7,0.75,0.07,26,"demo_00 +0,+10 deg",False,0.023468714853779337,0.37863119222537533,nan
0.7,0.75,0.07,27,"demo_00 +0,+15 deg",False,0.03157244916246445,0.3104049071578458,nan
0.7,0.75,0.07,28,"demo_00 +5,-15 deg",True,0.03414415917907915,0.0,0.005237977195741576
0.7,0.75,0.07,29,"demo_00 +5,-10 deg",True,0.01779765715857862,0.0,0.0052404002599990285
0.7,0.75,0.07,30,"demo_00 +5,-5 deg",True,0.0032903983833054173,0.0,0.005238058825658245
0.7,0.75,0.07,31,"demo_00 +5,+0 deg",True,0.010138429123314174,0.0,0.0052387884704539305
0.7,0.75,0.07,32,"demo_00 +5,+5 deg",False,0.021399183359258032,0.39809905333788215,nan
0.7,0.75,0.07,33,"demo_00 +5,+10 deg",False,0.030883766216279546,0.34221187704328226,nan
0.7,0.75,0.07,34,"demo_00 +5,+15 deg",False,0.03850412193017781,0.28121495407520714,nan
0.7,0.75,0.07,35,"demo_00 +10,-15 deg",True,0.02370515755148274,0.0,0.005239505795997277
0.7,0.75,0.07,36,"demo_00 +10,-10 deg",True,0.008221400047929803,0.0,0.005239452256982345
0.7,0.75,0.07,37,"demo_00 +10,-5 deg",True,0.006460768656147204,0.0,0.005237294482016658
0.7,0.75,0.07,38,"demo_00 +10,+0 deg",True,0.01871721983960559,0.0,0.005238770780391412
0.7,0.75,0.07,39,"demo_00 +10,+5 deg",True,0.029453031705299268,0.0,0.005238250526419508
0.7,0.75,0.07,40,"demo_00 +10,+10 deg",False,0.038437961592127846,0.2881185806212383,nan
0.7,0.75,0.07,41,"demo_00 +10,+15 deg",False,0.04557951242116216,0.23904636211086416,nan
0.7,0.75,0.07,42,"demo_00 +15,-15 deg",True,0.01318511757950702,0.0,0.005238476624990694
0.7,0.75,0.07,43,"demo_00 +15,-10 deg",True,0.003099096125244269,0.0,0.005240199311530736
0.7,0.75,0.07,44,"demo_00 +15,-5 deg",True,0.015629958290835324,0.0,0.005238800637639442
0.7,0.75,0.07,45,"demo_00 +15,+0 deg",True,0.027453073974091847,0.0,0.005238574081901227
0.7,0.75,0.07,46,"demo_00 +15,+5 deg",True,0.03767563234662033,0.0,0.0052393744103142945
0.7,0.75,0.07,47,"demo_00 +15,+10 deg",False,0.04616977904310961,0.23630554557897493,nan
0.7,0.75,0.07,48,"demo_00 +15,+15 deg",False,0.052836184621701414,0.18739002094804275,nan
0.7,0.75,0.1,0,"demo_00 -15,-15 deg",True,0.04924634614571351,0.0,0.006038471443940966
0.7,0.75,0.1,1,"demo_00 -15,-10 deg",True,0.036026194010199075,0.0,0.006038589536474955
0.7,0.75,0.1,2,"demo_00 -15,-5 deg",True,0.02465940435200031,0.0,0.006040944769684856
0.7,0.75,0.1,3,"demo_00 -15,+0 deg",False,0.014949967136115952,0.04054717469862776,nan
0.7,0.75,0.1,4,"demo_00 -15,+5 deg",False,0.006715856525729617,0.05816247172985489,nan
0.7,0.75,0.1,5,"demo_00 -15,+10 deg",False,0.0005466420811028304,0.0467647035081713,nan
0.7,0.75,0.1,6,"demo_00 -15,+15 deg",False,0.006094985344349877,0.028462496870548054,nan
0.7,0.75,0.1,7,"demo_00 -10,-15 deg",True,0.04183236634777184,0.0,0.006040347266930445
0.7,0.75,0.1,8,"demo_00 -10,-10 deg",True,0.02939864856269953,0.0,0.006040684200507654
0.7,0.75,0.1,9,"demo_00 -10,-5 deg",True,0.018658490930932706,0.0,0.0060399321008805925
0.7,0.75,0.1,10,"demo_00 -10,+0 deg",False,0.009442135958821367,0.12017226225867209,nan
0.7,0.75,0.1,11,"demo_00 -10,+5 deg",False,0.00168330574446648,0.12805133359261686,nan
0.7,0.75,0.1,12,"demo_00 -10,+10 deg",False,0.005134538580221969,0.09765752870019839,nan
0.7,0.75,0.1,13,"demo_00 -10,+15 deg",False,0.010656538527293886,0.05457417942082063,nan
0.7,0.75,0.1,14,"demo_00 -5,-15 deg",True,0.03483964806962801,0.0,0.006038098071495071
0.7,0.75,0.1,15,"demo_00 -5,-10 deg",True,0.02313403630149433,0.0,0.006039109068444427
0.7,0.75,0.1,16,"demo_00 -5,-5 deg",True,0.01295746850651434,0.0,0.006040583037980752
0.7,0.75,0.1,17,"demo_00 -5,+0 deg",True,0.004162815811700043,0.0,0.0060407651172257075
0.7,0.75,0.1,18,"demo_00 -5,+5 deg",False,0.003418244005155742,0.1846026428917894,nan
0.7,0.75,0.1,19,"demo_00 -5,+10 deg",False,0.009817757982526796,0.12444712942087957,nan
0.7,0.75,0.1,20,"demo_00 -5,+15 deg",False,0.01515800584624657,0.062188945220018166,nan
0.7,0.75,0.1,21,"demo_00 +0,-15 deg",True,0.02815909105967865,0.0,0.006039367601564602
0.7,0.75,0.1,22,"demo_00 +0,-10 deg",True,0.017131478374088148,0.0,0.006039639714097801
0.7,0.75,0.1,23,"demo_00 +0,-5 deg",True,0.007472207238201897,0.0,0.00604050701753381
0.7,0.75,0.1,24,demo_00,True,0.001007402065823046,0.00627673518807065,0.006040987670096103
0.7,0.75,0.1,25,"demo_00 +0,+5 deg",False,0.00825609440298043,0.18342068925609423,nan
0.7,0.75,0.1,26,"demo_00 +0,+10 deg",False,0.014474380203167384,0.11533943248005118,nan
0.7,0.75,0.1,27,"demo_00 +0,+15 deg",False,0.019665378479583277,0.048351634743859895,nan
0.7,0.75,0.1,28,"demo_00 +5,-15 deg",True,0.021679867492047058,0.0,0.006037892519009013
0.7,0.75,0.1,29,"demo_00 +5,-10 deg",True,0.01129978255642089,0.0,0.006040499908126906
0.7,0.75,0.1,30,"demo_00 +5,-5 deg",True,0.0022948811280314478,0.0,0.006040495319323918
0.7,0.75,0.1,31,"demo_00 +5,+0 deg",True,0.006115870047749766,0.0,0.006039552219269623
0.7,0.75,0.1,32,"demo_00 +5,+5 deg",False,0.01313276708372614,0.13480724604499472,nan
0.7,0.75,0.1,33,"demo_00 +5,+10 deg",False,0.01918676480300862,0.07892011567505255,nan
0.7,0.75,0.1,34,"demo_00 +5,+15 deg",False,0.024255871363949733,0.01792319769997172,nan
0.7,0.75,0.1,35,"demo_00 +10,-15 deg",True,0.015293577424551716,0.0,0.006038873259689754
0.7,0.75,0.1,36,"demo_00 +10,-10 deg",True,0.005625419459929372,0.0,0.006040474933182962
0.7,0.75,0.1,37,"demo_00 +10,-5 deg",True,0.0037695429623366716,0.0,0.006040758679083479
0.7,0.75,0.1,38,"demo_00 +10,+0 deg",True,0.011306495753124342,0.0,0.006038318760823698
0.7,0.75,0.1,39,"demo_00 +10,+5 deg",False,0.01812460907185402,0.08354672487974282,nan
0.7,0.75,0.1,40,"demo_00 +10,+10 deg",False,0.024041587028067083,0.02482681667054265,nan
0.7,0.75,0.1,41,"demo_00 +10,+15 deg",False,0.029009210804360145,0.0,nan
0.7,0.75,0.1,42,"demo_00 +15,-15 deg",True,0.008917002185140395,0.0,0.006039179224631272
0.7,0.75,0.1,43,"demo_00 +15,-10 deg",True,0.0021493447161350663,0.0,0.006038713564833619
0.7,0.75,0.1,44,"demo_00 +15,-5 deg",True,0.009244072838417177,0.0,0.006040927424509593
0.7,0.75,0.1,45,"demo_00 +15,+0 deg",True,0.016671059431472603,0.0,0.00604065610212337
0.7,0.75,0.1,46,"demo_00 +15,+5 deg",True,0.02332393672453648,0.0,0.006038476404365534
0.7,0.75,0.1,47,"demo_00 +15,+10 deg",False,0.02912617307995635,0.0,nan
0.7,0.75,0.1,48,"demo_00 +15,+15 deg",False,0.03400544522869753,0.0,nan
0.7,0.75,0.15,0,"demo_00 -15,-15 deg",True,0.03468057048473231,0.0,0.006134566540963726
0.7,0.75,0.15,1,"demo_00 -15,-10 deg",True,0.02422158409748218,0.0,0.006139790747870831
0.7,0.75,0.15,2,"demo_00 -15,-5 deg",True,0.016053128334880155,0.0,0.00614186732348616
0.7,0.75,0.15,3,"demo_00 -15,+0 deg",False,0.009590128455123265,0.02169945614955654,nan
0.7,0.75,0.15,4,"demo_00 -15,+5 deg",False,0.004321441047595131,0.03931479346672803,nan
0.7,0.75,0.15,5,"demo_00 -15,+10 deg",False,0.00032845089151753063,0.02791702122933787,nan
0.7,0.75,0.15,6,"demo_00 -15,+15 deg",False,0.004250689999220528,0.022464581665658095,nan
0.7,0.75,0.15,7,"demo_00 -10,-15 deg",True,0.028137483003447167,0.0,0.006134307558089815
0.7,0.75,0.15,8,"demo_00 -10,-10 deg",True,0.018878569654249527,0.0,0.0061407382426422715
0.7,0.75,0.15,9,"demo_00 -10,-5 deg",True,0.011627835699640382,0.0,0.006141879620625532
0.7,0.75,0.15,10,"demo_00 -10,+0 deg",False,0.0058112831013690065,0.10132170743072236,nan
0.7,0.75,0.15,11,"demo_00 -10,+5 deg",False,0.0010302134916691178,0.10920365811818253,nan
0.7,0.75,0.15,12,"demo_00 -10,+10 deg",False,0.0034221336761770566,0.07880984700523738,nan
0.7,0.75,0.15,13,"demo_00 -10,+15 deg",False,0.007364798846557015,0.05197799533734723,nan
0.7,0.75,0.15,14,"demo_00 -5,-15 deg",True,0.02253084048766566,0.0,0.006130585413217459
0.7,0.75,0.15,15,"demo_00 -5,-10 deg",True,0.01431751455900371,0.0,0.006139944051854853
0.7,0.75,0.15,16,"demo_00 -5,-5 deg",True,0.007820807855073192,0.0,0.006139941754023572
0.7,0.75,0.15,17,"demo_00 -5,+0 deg",True,0.0024828631157435854,0.0,0.006142627462326319
0.7,0.75,0.15,18,"demo_00 -5,+5 deg",False,0.002183420502705397,0.16575497226560648,nan
0.7,0.75,0.15,19,"demo_00 -5,+10 deg",False,0.006415043649177292,0.10559944851350997,nan
0.7,0.75,0.15,20,"demo_00 -5,+15 deg",False,0.010428340133316562,0.0636700248232297,nan
0.7,0.75,0.15,21,"demo_00 +0,-15 deg",True,0.01767571603283179,0.0,0.006132471093308915
0.7,0.75,0.15,22,"demo_00 +0,-10 deg",True,0.010356425530601227,0.0,0.0061403347376180655
0.7,0.75,0.15,23,"demo_00 +0,-5 deg",True,0.004464172816978427,0.0,0.0061401862352001915
0.7,0.75,0.15,24,demo_00,True,0.0005939891385937755,0.007110517232666002,0.006141389940836493
0.7,0.75,0.15,25,"demo_00 +0,+5 deg",False,0.005084021118191071,0.16457302834800774,nan
0.7,0.75,0.15,26,"demo_00 +0,+10 deg",False,0.00937865541610057,0.09649175267601873,nan
0.7,0.75,0.15,27,"demo_00 +0,+15 deg",False,0.013551338967635978,0.053456883263138244,nan
0.7,0.75,0.15,28,"demo_00 +5,-15 deg",True,0.013378681851387722,0.0,0.00613149383710986
0.7,0.75,0.15,29,"demo_00 +5,-10 deg",True,0.006816372676857472,0.0,0.0061386178130244775
0.7,0.75,0.15,30,"demo_00 +5,-5 deg",True,0.0015295098844092835,0.0,0.006141044972942482
0.7,0.75,0.15,31,"demo_00 +5,+0 deg",True,0.003554640775711122,0.0,0.006141003143852369
0.7,0.75,0.15,32,"demo_00 +5,+5 deg",False,0.00803797697220329,0.11595961025063742,nan
0.7,0.75,0.15,33,"demo_00 +5,+10 deg",False,0.012469534897240687,0.06007243749468896,nan
0.7,0.75,0.15,34,"demo_00 +5,+15 deg",False,0.016870976323839895,0.023379142902271693,nan
0.7,0.75,0.15,35,"demo_00 +10,-15 deg",True,0.00943985861765743,0.0,0.006133793664379232
0.7,0.75,0.15,36,"demo_00 +10,-10 deg",True,0.0035750745681910286,0.0,0.006140689804202928
0.7,0.75,0.15,37,"demo_00 +10,-5 deg",True,0.002166405868924952,0.0,0.006141193197733082
0.7,0.75,0.15,38,"demo_00 +10,+0 deg",True,0.006624555927148657,0.0,0.006141940128877698
0.7,0.75,0.15,39,"demo_00 +10,+5 deg",False,0.011202978746699283,0.06469920822864383,nan
0.7,0.75,0.15,40,"demo_00 +10,+10 deg",False,0.01584679003042095,0.005979141042355252,nan
0.7,0.75,0.15,41,"demo_00 +10,+15 deg",False,0.020529971730959353,0.0,nan
0.7,0.75,0.15,42,"demo_00 +15,-15 deg",True,0.005670634678571018,0.0,0.00613658163493566
0.7,0.75,0.15,43,"demo_00 +15,-10 deg",True,0.0015634953278678952,0.0,0.006143034350956635
0.7,0.75,0.15,44,"demo_00 +15,-5 deg",True,0.005331360748526027,0.0,0.006142553785027251
0.7,0.75,0.15,45,"demo_00 +15,+0 deg",True,0.009983246344009298,0.0,0.006142148345281386
0.7,0.75,0.15,46,"demo_00 +15,+5 deg",False,0.014750357583320205,0.014280560838598078,nan
0.7,0.75,0.15,47,"demo_00 +15,+10 deg",False,0.019668548460171673,0.0,nan
0.7,0.75,0.15,48,"demo_00 +15,+15 deg",False,0.024670209999461807,0.0,nan
0.7,0.75,0.2,0,"demo_00 -15,-15 deg",True,0.03176179955575774,0.0,0.006008907311106409
0.7,0.75,0.2,1,"demo_00 -15,-10 deg",True,0.02105995019615776,0.0,0.00601681486033651
0.7,0.75,0.2,2,"demo_00 -15,-5 deg",True,0.013319154712799172,0.0,0.006020283466375563
0.7,0.75,0.2,3,"demo_00 -15,+0 deg",False,0.00762722785962353,0.0192218994961664,nan
0.7,0.75,0.2,4,"demo_00 -15,+5 deg",False,0.0032094069285084595,0.03683714833727869,nan
0.7,0.75,0.2,5,"demo_00 -15,+10 deg",False,0.000690369000635344,0.025439374228040684,nan
0.7,0.75,0.2,6,"demo_00 -15,+15 deg",False,0.004368389741821234,0.016299318993736628,nan
0.7,0.75,0.2,7,"demo_00 -10,-15 deg",True,0.024416723922043006,0.0,0.00600724788273318
0.7,0.75,0.2,8,"demo_00 -10,-10 deg",True,0.0154914457516783,0.0,0.0060137147036438375
0.7,0.75,0.2,9,"demo_00 -10,-5 deg",True,0.009133097051784705,0.0,0.0060179104204632445
0.7,0.75,0.2,10,"demo_00 -10,+0 deg",True,0.004381863617854268,0.0,0.006019521809171615
0.7,0.75,0.2,11,"demo_00 -10,+5 deg",False,0.0006836942758909014,0.10672601315517358,nan
0.7,0.75,0.2,12,"demo_00 -10,+10 deg",False,0.0032878758656590536,0.0772120152525281,nan
0.7,0.75,0.2,13,"demo_00 -10,+15 deg",False,0.007023200181927414,0.045083033746932594,nan
0.7,0.75,0.2,14,"demo_00 -5,-15 deg",True,0.018510546232900355,0.0,0.006004210927454822
0.7,0.75,0.2,15,"demo_00 -5,-10 deg",True,0.011116472809139312,0.0,0.006014839650383896
0.7,0.75,0.2,16,"demo_00 -5,-5 deg",True,0.005875103602700789,0.0,0.006018917911820269
0.7,0.75,0.2,17,"demo_00 -5,+0 deg",True,0.0017924774002258614,0.0,0.00602002309690175
0.7,0.75,0.2,18,"demo_00 -5,+5 deg",False,0.0019387513163290297,0.16327732756179508,nan
0.7,0.75,0.2,19,"demo_00 -5,+10 deg",False,0.0056619043371985015,0.10565251920976818,nan
0.7,0.75,0.2,20,"demo_00 -5,+15 deg",False,0.00969408116037491,0.05696165267756903,nan
0.7,0.75,0.2,21,"demo_00 +0,-15 deg",True,0.013797296536387423,0.0,0.006005215311747074
0.7,0.75,0.2,22,"demo_00 +0,-10 deg",True,0.007674791834551158,0.0,0.006016306602912855
0.7,0.75,0.2,23,"demo_00 +0,-5 deg",True,0.003286760658571495,0.0,0.006020804675897824
0.7,0.75,0.2,24,demo_00,True,0.0004313063029222405,0.007357658680108616,0.006021873866155963
0.7,0.75,0.2,25,"demo_00 +0,+5 deg",False,0.004042463761565366,0.1620953840635519,nan
0.7,0.75,0.2,26,"demo_00 +0,+10 deg",False,0.00803634798246097,0.09803528441266166,nan
0.7,0.75,0.2,27,"demo_00 +0,+15 deg",False,0.012514167959358622,0.04729854416472856,nan
0.7,0.75,0.2,28,"demo_00 +5,-15 deg",True,0.010015664086003144,0.0,0.0060071221323831055
0.7,0.75,0.2,29,"demo_00 +5,-10 deg",True,0.004905235297933718,0.0,0.006017267568099403
0.7,0.75,0.2,30,"demo_00 +5,-5 deg",True,0.0012319733011348954,0.00020581489665436395,0.0060208913461319265
0.7,0.75,0.2,31,"demo_00 +5,+0 deg",True,0.002519794434521342,0.0,0.006021791156228872
0.7,0.75,0.2,32,"demo_00 +5,+5 deg",False,0.006262808664776327,0.1134819666822286,nan
0.7,0.75,0.2,33,"demo_00 +5,+10 deg",False,0.010645862449112033,0.06269479927855556,nan
0.7,0.75,0.2,34,"demo_00 +5,+15 deg",False,0.015677681123923464,0.01794239853615401,nan
0.7,0.75,0.2,35,"demo_00 +10,-15 deg",True,0.0068869768711295664,0.0,0.006009859049865014
0.7,0.75,0.2,36,"demo_00 +10,-10 deg",True,0.002591378706610665,0.0,0.0060198403736077665
0.7,0.75,0.2,37,"demo_00 +10,-5 deg",True,0.001545544988372878,0.0,0.006019334922458242
0.7,0.75,0.2,38,"demo_00 +10,+0 deg",True,0.004780165463314972,0.0,0.006019646408277646
0.7,0.75,0.2,39,"demo_00 +10,+5 deg",False,0.008833685693900799,0.06222156599157855,nan
0.7,0.75,0.2,40,"demo_00 +10,+10 deg",False,0.01372481630180618,0.009083032672109359,nan
0.7,0.75,0.2,41,"demo_00 +10,+15 deg",False,0.019390729905291424,0.0,nan
0.7,0.75,0.2,42,"demo_00 +15,-15 deg",True,0.0041260729699623445,0.0,0.006013366548951535
0.7,0.75,0.2,43,"demo_00 +15,-10 deg",True,0.0012874797116838922,0.0,0.0060227363076181895
0.7,0.75,0.2,44,"demo_00 +15,-5 deg",True,0.003816172560632331,0.0,0.0060226487827847374
0.7,0.75,0.2,45,"demo_00 +15,+0 deg",True,0.0074791982454364735,0.0,0.006020771660353874
0.7,0.75,0.2,46,"demo_00 +15,+5 deg",False,0.012003536643221064,0.0118029214706796,nan
0.7,0.75,0.2,47,"demo_00 +15,+10 deg",False,0.01750201814369874,0.0,nan
0.7,0.75,0.2,48,"demo_00 +15,+15 deg",False,0.023854731300973857,0.0,nan
0.7,0.75,0.3,0,"demo_00 -15,-15 deg",True,0.034589932965193006,0.0,0.006078589459759191
0.7,0.75,0.3,1,"demo_00 -15,-10 deg",True,0.021269970846162483,0.0,0.006085885534245643
0.7,0.75,0.3,2,"demo_00 -15,-5 deg",True,0.012450481858964206,0.0,0.006090469194540294
0.7,0.75,0.3,3,"demo_00 -15,+0 deg",False,0.00693281621969069,0.0,nan
0.7,0.75,0.3,4,"demo_00 -15,+5 deg",False,0.003508500078720483,0.0,nan
0.7,0.75,0.3,5,"demo_00 -15,+10 deg",False,0.0026203443368298224,0.0,nan
0.7,0.75,0.3,6,"demo_00 -15,+15 deg",False,0.0075748225207753084,0.0,nan
0.7,0.75,0.3,7,"demo_00 -10,-15 deg",True,0.024788814206901395,0.0,0.006077503650646468
0.7,0.75,0.3,8,"demo_00 -10,-10 deg",True,0.014263430155533358,0.0,0.006085173449383484
0.7,0.75,0.3,9,"demo_00 -10,-5 deg",True,0.00765712608871215,0.0,0.006090373711049768
0.7,0.75,0.3,10,"demo_00 -10,+0 deg",True,0.003558863770359836,0.0,0.0060918420912081
0.7,0.75,0.3,11,"demo_00 -10,+5 deg",False,0.0007231357369633958,0.0,nan
0.7,0.75,0.3,12,"demo_00 -10,+10 deg",False,0.0025135084444813365,0.0,nan
0.7,0.75,0.3,13,"demo_00 -10,+15 deg",False,0.007840044384128312,0.0,nan
0.7,0.75,0.3,14,"demo_00 -5,-15 deg",True,0.01731949210289134,0.0,0.0060760948193411875
0.7,0.75,0.3,15,"demo_00 -5,-10 deg",True,0.009266452792548733,0.0,0.006085290339654224
0.7,0.75,0.3,16,"demo_00 -5,-5 deg",True,0.004482422687357203,0.0,0.00608896604057223
0.7,0.75,0.3,17,"demo_00 -5,+0 deg",True,0.001327893694133025,0.0,0.0060909643602972165
0.7,0.75,0.3,18,"demo_00 -5,+5 deg",False,0.0013771230179429124,0.041174498962222195,nan
0.7,0.75,0.3,19,"demo_00 -5,+10 deg",False,0.004634714487146495,0.0010316237471955925,nan
0.7,0.75,0.3,20,"demo_00 -5,+15 deg",False,0.009884761686304021,0.0,nan
0.7,0.75,0.3,21,"demo_00 +0,-15 deg",True,0.011802001547471514,0.0,0.006075353522881172
0.7,0.75,0.3,22,"demo_00 +0,-10 deg",True,0.005813329548326583,0.0,0.00608678214907467
0.7,0.75,0.3,23,"demo_00 +0,-5 deg",True,0.0023977967710822937,0.0,0.00609099457695037
0.7,0.75,0.3,24,demo_00,True,0.00031740488991080973,0.0070845610953336425,0.006092037715668059
0.7,0.75,0.3,25,"demo_00 +0,+5 deg",False,0.003272302474107355,0.04196925131468583,nan
0.7,0.75,0.3,26,"demo_00 +0,+10 deg",False,0.00725543401777692,0.0,nan
0.7,0.75,0.3,27,"demo_00 +0,+15 deg",False,0.013107445819839223,0.0,nan
0.7,0.75,0.3,28,"demo_00 +5,-15 deg",True,0.007832999014794343,0.0,0.006077694508700502
0.7,0.75,0.3,29,"demo_00 +5,-10 deg",True,0.0034340951135628946,0.0,0.0060879508106178775
0.7,0.75,0.3,30,"demo_00 +5,-5 deg",True,0.0009641776306511805,0.0003766455422198958,0.006092392653267846
0.7,0.75,0.3,31,"demo_00 +5,+0 deg",True,0.001837455386008029,0.0,0.006090840468121046
0.7,0.75,0.3,32,"demo_00 +5,+5 deg",False,0.00539315067209777,0.0,nan
0.7,0.75,0.3,33,"demo_00 +5,+10 deg",False,0.010423803641198423,0.0,nan
0.7,0.75,0.3,34,"demo_00 +5,+15 deg",False,0.017338000599265633,0.0,nan
0.7,0.75,0.3,35,"demo_00 +10,-15 deg",True,0.004995576788789689,0.0,0.006080441551678442
0.7,0.75,0.3,36,"demo_00 +10,-10 deg",True,0.0017156457752755933,0.0,0.006089644712860351
0.7,0.75,0.3,37,"demo_00 +10,-5 deg",True,0.0010512782325349942,0.0,0.006092266484446936
0.7,0.75,0.3,38,"demo_00 +10,+0 deg",False,0.00370585214806737,0.0025463231363861,nan
0.7,0.75,0.3,39,"demo_00 +10,+5 deg",False,0.008130937150752807,0.0,nan
0.7,0.75,0.3,40,"demo_00 +10,+10 deg",False,0.0144265012879026,0.0,nan
0.7,0.75,0.3,41,"demo_00 +10,+15 deg",False,0.022667195545277914,0.0,nan
0.7,0.75,0.3,42,"demo_00 +15,-15 deg",True,0.002852165122758941,0.0,0.006085959097802497
0.7,0.75,0.3,43,"demo_00 +15,-10 deg",True,0.000971592193661294,0.0,0.0060927797949145
0.7,0.75,0.3,44,"demo_00 +15,-5 deg",True,0.0028526882124308164,0.0,0.006092397651423751
0.7,0.75,0.3,45,"demo_00 +15,+0 deg",False,0.006331809624615098,0.0,nan
0.7,0.75,0.3,46,"demo_00 +15,+5 deg",False,0.01186332853047124,0.0,nan
0.7,0.75,0.3,47,"demo_00 +15,+10 deg",False,0.019570491938019165,0.0,nan
0.7,0.75,0.3,48,"demo_00 +15,+15 deg",False,0.02926644224863784,0.0,nan
0.7,0.9,0.07,0,"demo_00 -15,-15 deg",True,0.07060153739195854,0.0,0.0057025011216574216
0.7,0.9,0.07,1,"demo_00 -15,-10 deg",True,0.052415956772935285,0.0,0.005700884102886088
0.7,0.9,0.07,2,"demo_00 -15,-5 deg",True,0.036163423122034445,0.0,0.005702731939885012
0.7,0.9,0.07,3,"demo_00 -15,+0 deg",False,0.02185786903830932,0.2720481855392115,nan
0.7,0.9,0.07,4,"demo_00 -15,+5 deg",False,0.009611227653829612,0.28966343425453434,nan
0.7,0.9,0.07,5,"demo_00 -15,+10 deg",False,0.0030726337879623043,0.2782656601451467,nan
0.7,0.9,0.07,6,"demo_00 -15,+15 deg",False,0.010467743846967165,0.24194982618163272,nan
0.7,0.9,0.07,7,"demo_00 -10,-15 deg",True,0.06075122043498833,0.0,0.005702233955405207
0.7,0.9,0.07,8,"demo_00 -10,-10 deg",True,0.04332578019829096,0.0,0.005700493064678501
0.7,0.9,0.07,9,"demo_00 -10,-5 deg",True,0.027733200655220596,0.0,0.0057029860800662325
0.7,0.9,0.07,10,"demo_00 -10,+0 deg",False,0.014006452138782755,0.35167339575802714,nan
0.7,0.9,0.07,11,"demo_00 -10,+5 deg",False,0.002667958024989553,0.3595522990724159,nan
0.7,0.9,0.07,12,"demo_00 -10,+10 deg",False,0.00838746266038479,0.32915848587301355,nan
0.7,0.9,0.07,13,"demo_00 -10,+15 deg",False,0.016561151651216584,0.2752344372925376,nan
0.7,0.9,0.07,14,"demo_00 -5,-15 deg",True,0.05103776734390183,0.0,0.005702639239591241
0.7,0.9,0.07,15,"demo_00 -5,-10 deg",True,0.03435847539216061,0.0,0.00570072369478383
0.7,0.9,0.07,16,"demo_00 -5,-5 deg",True,0.019409694438945118,0.0,0.005702313140367098
0.7,0.9,0.07,17,"demo_00 -5,+0 deg",False,0.006230127853583681,0.4315292637857476,nan
0.7,0.9,0.07,18,"demo_00 -5,+5 deg",False,0.005302456116445285,0.4161036134790214,nan
0.7,0.9,0.07,19,"demo_00 -5,+10 deg",False,0.01491945030326794,0.3559480873438804,nan
0.7,0.9,0.07,20,"demo_00 -5,+15 deg",False,0.02275101947526442,0.2881275878688662,nan
0.7,0.9,0.07,21,"demo_00 +0,-15 deg",True,0.04140374090483943,0.0,0.005701128698621838
0.7,0.9,0.07,22,"demo_00 +0,-10 deg",True,0.025463776079818992,0.0,0.005704010360001292
0.7,0.9,0.07,23,"demo_00 +0,-5 deg",True,0.011162096793322359,0.0,0.005702374407873205
0.7,0.9,0.07,24,demo_00,True,0.0015420537739315012,0.005973342402413896,0.00570045424428237
0.7,0.9,0.07,25,"demo_00 +0,+5 deg",False,0.01242431659850889,0.4149216699807603,nan
0.7,0.9,0.07,26,"demo_00 +0,+10 deg",False,0.02160975970520824,0.34684039148416473,nan
0.7,0.9,0.07,27,"demo_00 +0,+15 deg",False,0.029013172882966762,0.2786141064165839,nan
0.7,0.9,0.07,28,"demo_00 +5,-15 deg",True,0.03179134416486568,0.0,0.005703553791209428
0.7,0.9,0.07,29,"demo_00 +5,-10 deg",True,0.016603975050110853,0.0,0.005701752397761304
0.7,0.9,0.07,30,"demo_00 +5,-5 deg",True,0.00321230152173751,0.0,0.00570324269560227
0.7,0.9,0.07,31,"demo_00 +5,+0 deg",True,0.009318673998808664,0.0,0.005701147440283031
0.7,0.9,0.07,32,"demo_00 +5,+5 deg",False,0.019691652585318607,0.36630825259941563,nan
0.7,0.9,0.07,33,"demo_00 +5,+10 deg",False,0.028406583459393137,0.3104210763021311,nan
0.7,0.9,0.07,34,"demo_00 +5,+15 deg",False,0.03537261139079037,0.24942415333395665,nan
0.7,0.9,0.07,35,"demo_00 +10,-15 deg",True,0.022146726431800302,0.0,0.005700972567388785
0.7,0.9,0.07,36,"demo_00 +10,-10 deg",True,0.00784034240338979,0.0,0.005702565425668644
0.7,0.9,0.07,37,"demo_00 +10,-5 deg",True,0.005947232321134187,0.0,0.00570337730368931
0.7,0.9,0.07,38,"demo_00 +10,+0 deg",True,0.01719345308436957,0.0,0.005703777395542426
0.7,0.9,0.07,39,"demo_00 +10,+5 deg",False,0.0270796471187068,0.3150478519084672,nan
0.7,0.9,0.07,40,"demo_00 +10,+10 deg",False,0.03533588188718386,0.2563277798802332,nan
0.7,0.9,0.07,41,"demo_00 +10,+15 deg",False,0.04186800081178888,0.20725556136963147,nan
0.7,0.9,0.07,42,"demo_00 +15,-15 deg",True,0.012445344264098202,0.0,0.005703767115200437
0.7,0.9,0.07,43,"demo_00 +15,-10 deg",True,0.0030550662879504607,0.0,0.005700796159175775
0.7,0.9,0.07,44,"demo_00 +15,-5 deg",True,0.014328051471128209,0.0,0.005704085875225211
0.7,0.9,0.07,45,"demo_00 +15,+0 deg",True,0.02521584850659079,0.0,0.005701634583091656
0.7,0.9,0.07,46,"demo_00 +15,+5 deg",True,0.03463147649978305,0.0,0.005701588252357261
0.7,0.9,0.07,47,"demo_00 +15,+10 deg",False,0.042440772967741035,0.20451474483851534,nan
0.7,0.9,0.07,48,"demo_00 +15,+15 deg",False,0.04854373217947017,0.15559922020684658,nan
0.7,0.9,0.1,0,"demo_00 -15,-15 deg",True,0.04595593652842716,0.0,0.00607887457502969
0.7,0.9,0.1,1,"demo_00 -15,-10 deg",True,0.033423146597817706,0.0,0.006081234676519012
0.7,0.9,0.1,2,"demo_00 -15,-5 deg",True,0.022811457829199303,0.0,0.006078978652895218
0.7,0.9,0.1,3,"demo_00 -15,+0 deg",False,0.01385602135644301,0.030465894137316096,nan
0.7,0.9,0.1,4,"demo_00 -15,+5 deg",False,0.006309199114378315,0.04808114858036988,nan
0.7,0.9,0.1,5,"demo_00 -15,+10 deg",False,0.0004415952310172956,0.03668337493910315,nan
0.7,0.9,0.1,6,"demo_00 -15,+15 deg",False,0.005541830205658943,0.02410350886841664,nan
0.7,0.9,0.1,7,"demo_00 -10,-15 deg",True,0.038986545269168574,0.0,0.006079472770159983
0.7,0.9,0.1,8,"demo_00 -10,-10 deg",True,0.027235675257818816,0.0,0.006079925388914212
0.7,0.9,0.1,9,"demo_00 -10,-5 deg",True,0.017230658149187728,0.0,0.0060802742004117645
0.7,0.9,0.1,10,"demo_00 -10,+0 deg",False,0.008741029311005835,0.11009108790518368,nan
0.7,0.9,0.1,11,"demo_00 -10,+5 deg",False,0.001652459828953678,0.1179700132464237,nan
0.7,0.9,0.1,12,"demo_00 -10,+10 deg",False,0.004646035228449728,0.08757620065627797,nan
0.7,0.9,0.1,13,"demo_00 -10,+15 deg",False,0.009774417991022388,0.05274178600953841,nan
0.7,0.9,0.1,14,"demo_00 -5,-15 deg",True,0.032428466056965595,0.0,0.006077419950931922
0.7,0.9,0.1,15,"demo_00 -5,-10 deg",True,0.02140238173991064,0.0,0.006080908195080096
0.7,0.9,0.1,16,"demo_00 -5,-5 deg",True,0.011942119968483171,0.0,0.00608043640992645
0.7,0.9,0.1,17,"demo_00 -5,+0 deg",True,0.0038462062660052326,0.0,0.006080630131919826
0.7,0.9,0.1,18,"demo_00 -5,+5 deg",False,0.0031171215518313736,0.17452132741502707,nan
0.7,0.9,0.1,19,"demo_00 -5,+10 deg",False,0.008999927239525878,0.11436580211099084,nan
0.7,0.9,0.1,20,"demo_00 -5,+15 deg",False,0.013970302546746104,0.06336623483529857,nan
0.7,0.9,0.1,21,"demo_00 +0,-15 deg",True,0.026182980776964612,0.0,0.006078877257215586
0.7,0.9,0.1,22,"demo_00 +0,-10 deg",True,0.015831912159509375,0.0,0.006079182098668543
0.7,0.9,0.1,23,"demo_00 +0,-5 deg",True,0.0068716568437697965,0.0,0.006079263579499737
0.7,0.9,0.1,24,demo_00,True,0.0009385834547463944,0.006564278347876114,0.006080319988987472
0.7,0.9,0.1,25,"demo_00 +0,+5 deg",False,0.007592770583821591,0.1733393835210128,nan
0.7,0.9,0.1,26,"demo_00 +0,+10 deg",False,0.01333071230268768,0.10525810622813056,nan
0.7,0.9,0.1,27,"demo_00 +0,+15 deg",False,0.018181817510718578,0.05227365227438918,nan
0.7,0.9,0.1,28,"demo_00 +5,-15 deg",True,0.02014656418535717,0.0,0.006077033809694303
0.7,0.9,0.1,29,"demo_00 +5,-10 deg",True,0.010439274496221446,0.0,0.006080306066506591
0.7,0.9,0.1,30,"demo_00 +5,-5 deg",True,0.002132031750666439,0.0,0.006079964857770442
0.7,0.9,0.1,31,"demo_00 +5,+0 deg",True,0.005663423129222729,0.0,0.006079778243281179
0.7,0.9,0.1,32,"demo_00 +5,+5 deg",False,0.01211474959709166,0.12472596541836509,nan
0.7,0.9,0.1,33,"demo_00 +5,+10 deg",False,0.01772284332148273,0.06883879101373905,nan
0.7,0.9,0.1,34,"demo_00 +5,+15 deg",False,0.022487053759794876,0.02168262132619239,nan
0.7,0.9,0.1,35,"demo_00 +10,-15 deg",True,0.014213782542062186,0.0,0.006078406321024006
0.7,0.9,0.1,36,"demo_00 +10,-10 deg",True,0.005215004033436067,0.0,0.006080204674554797
0.7,0.9,0.1,37,"demo_00 +10,-5 deg",True,0.0035570834924510586,0.0,0.006078650610142662
0.7,0.9,0.1,38,"demo_00 +10,+0 deg",True,0.010470782962440245,0.0,0.006078812749380661
0.7,0.9,0.1,39,"demo_00 +10,+5 deg",False,0.016759773044388936,0.07346556319873296,nan
0.7,0.9,0.1,40,"demo_00 +10,+10 deg",False,0.02226971511811477,0.014745494546953869,nan
0.7,0.9,0.1,41,"demo_00 +10,+15 deg",False,0.02697290507544407,0.0,nan
0.7,0.9,0.1,42,"demo_00 +15,-15 deg",True,0.008298837605194807,0.0,0.006076519335986276
0.7,0.9,0.1,43,"demo_00 +15,-10 deg",True,0.002097877637921585,0.0,0.006081688073083032
0.7,0.9,0.1,44,"demo_00 +15,-5 deg",True,0.00861074763340931,0.0,0.006079485757947734
0.7,0.9,0.1,45,"demo_00 +15,+0 deg",True,0.015461601659474812,0.0,0.006081165547628575
0.7,0.9,0.1,46,"demo_00 +15,+5 deg",False,0.021629289497673714,0.023046914370715682,nan
0.7,0.9,0.1,47,"demo_00 +15,+10 deg",False,0.02706990353451976,0.0,nan
0.7,0.9,0.1,48,"demo_00 +15,+15 deg",False,0.03173116737168241,0.0,nan
0.7,0.9,0.15,0,"demo_00 -15,-15 deg",True,0.03223756755036436,0.0,0.006007876349289898
0.7,0.9,0.15,1,"demo_00 -15,-10 deg",True,0.02225078656780659,0.0,0.006013516403944073
0.7,0.9,0.15,2,"demo_00 -15,-5 deg",True,0.014624961132023176,0.0,0.006016980260240736
0.7,0.9,0.15,3,"demo_00 -15,+0 deg",True,0.008605675482408395,0.0,0.0060153445803718345
0.7,0.9,0.15,4,"demo_00 -15,+5 deg",False,0.0035476986545860084,0.0,nan
0.7,0.9,0.15,5,"demo_00 -15,+10 deg",False,0.001084770875147352,0.0019146329624393499,nan
0.7,0.9,0.15,6,"demo_00 -15,+15 deg",False,0.0055721780859460165,0.009739623922361135,nan
0.7,0.9,0.15,7,"demo_00 -10,-15 deg",True,0.02626914768525794,0.0,0.006004913070803689
0.7,0.9,0.15,8,"demo_00 -10,-10 deg",True,0.01743958049323755,0.0,0.0060141932414539976
0.7,0.9,0.15,9,"demo_00 -10,-5 deg",True,0.010687598595548287,0.0,0.006014476784868914
0.7,0.9,0.15,10,"demo_00 -10,+0 deg",True,0.005280197374582681,0.0,0.006017724462795588
0.7,0.9,0.15,11,"demo_00 -10,+5 deg",False,0.0006469432674709064,0.05175143044487912,nan
0.7,0.9,0.15,12,"demo_00 -10,+10 deg",False,0.003774366878703026,0.04531943308770564,nan
0.7,0.9,0.15,13,"demo_00 -10,+15 deg",False,0.0081040497973387,0.03395634740622483,nan
0.7,0.9,0.15,14,"demo_00 -5,-15 deg",True,0.0211011260650742,0.0,0.0060030399492806115
0.7,0.9,0.15,15,"demo_00 -5,-10 deg",True,0.013273938678207534,0.0,0.006014794420251406
0.7,0.9,0.15,16,"demo_00 -5,-5 deg",True,0.007233334433411434,0.0,0.006017050966276196
0.7,0.9,0.15,17,"demo_00 -5,+0 deg",True,0.0022772904604434147,0.0,0.006015819250574815
0.7,0.9,0.15,18,"demo_00 -5,+5 deg",False,0.0021792012710793772,0.10830274498828495,nan
0.7,0.9,0.15,19,"demo_00 -5,+10 deg",False,0.006463547311953908,0.0751909896258093,nan
0.7,0.9,0.15,20,"demo_00 -5,+15 deg",False,0.010787767046336973,0.045829049311966685,nan
0.7,0.9,0.15,21,"demo_00 +0,-15 deg",True,0.01658562280764935,0.0,0.006002645465577015
0.7,0.9,0.15,22,"demo_00 +0,-10 deg",True,0.009613228073737653,0.0,0.00601186502855831
0.7,0.9,0.15,23,"demo_00 +0,-5 deg",True,0.00413619683479992,0.0,0.006016753364367647
0.7,0.9,0.15,24,demo_00,True,0.0005615030633943132,0.007025984612822759,0.00601806340246818
0.7,0.9,0.15,25,"demo_00 +0,+5 deg",False,0.004870410404391363,0.10712080161906258,nan
0.7,0.9,0.15,26,"demo_00 +0,+10 deg",False,0.009205537530519052,0.07055656233764898,nan
0.7,0.9,0.15,27,"demo_00 +0,+15 deg",False,0.01365128860425359,0.03807892757606704,nan
0.7,0.9,0.15,28,"demo_00 +5,-15 deg",True,0.012565699668237297,0.0,0.006004489119206337
0.7,0.9,0.15,29,"demo_00 +5,-10 deg",True,0.006314836776386843,0.0,0.006014274854026973
0.7,0.9,0.15,30,"demo_00 +5,-5 deg",True,0.001402179966050014,3.708426879143502e-05,0.006017794234223874
0.7,0.9,0.15,31,"demo_00 +5,+0 deg",True,0.00334981336733449,0.0,0.006017143210354057
0.7,0.9,0.15,32,"demo_00 +5,+5 deg",False,0.007667487837757585,0.05850738435511932,nan
0.7,0.9,0.15,33,"demo_00 +5,+10 deg",False,0.01214419117557233,0.03896078127215358,nan
0.7,0.9,0.15,34,"demo_00 +5,+15 deg",False,0.016805578192112196,0.011811317151012635,nan
0.7,0.9,0.15,35,"demo_00 +10,-15 deg",True,0.008867194939489181,0.0,0.006005809132016332
0.7,0.9,0.15,36,"demo_00 +10,-10 deg",True,0.0032799891609976398,0.0,0.006014572081396463
0.7,0.9,0.15,37,"demo_00 +10,-5 deg",True,0.0021058198711448495,0.0,0.0060157253895541975
0.7,0.9,0.15,38,"demo_00 +10,+0 deg",True,0.0062957569839376375,0.0,0.006018594128408342
0.7,0.9,0.15,39,"demo_00 +10,+5 deg",False,0.010734171618512358,0.008132713778588707,nan
0.7,0.9,0.15,40,"demo_00 +10,+10 deg",False,0.015439876164391703,0.0,nan
0.7,0.9,0.15,41,"demo_00 +10,+15 deg",False,0.020388698019168816,0.0,nan
0.7,0.9,0.15,42,"demo_00 +15,-15 deg",True,0.005309288343971543,0.0,0.006007895557115026
0.7,0.9,0.15,43,"demo_00 +15,-10 deg",True,0.0015009792355287317,0.0,0.006017238108294461
0.7,0.9,0.15,44,"demo_00 +15,-5 deg",True,0.0051605580680351764,0.0,0.006017953145757611
0.7,0.9,0.15,45,"demo_00 +15,+0 deg",True,0.00958482409577515,0.0,0.006016014413992996
0.7,0.9,0.15,46,"demo_00 +15,+5 deg",False,0.014252158300280844,0.0,nan
0.7,0.9,0.15,47,"demo_00 +15,+10 deg",False,0.019262030221440164,0.0,nan
0.7,0.9,0.15,48,"demo_00 +15,+15 deg",False,0.024548563458602315,0.0,nan
0.7,0.9,0.2,0,"demo_00 -15,-15 deg",True,0.028579482781496815,0.0,0.005974214673254539
0.7,0.9,0.2,1,"demo_00 -15,-10 deg",True,0.018655208891289795,0.0,0.005978384198208555
0.7,0.9,0.2,2,"demo_00 -15,-5 deg",True,0.011685755817212262,0.0,0.005981634926043101
0.7,0.9,0.2,3,"demo_00 -15,+0 deg",True,0.006532349342946287,0.0,0.005985587557098719
0.7,0.9,0.2,4,"demo_00 -15,+5 deg",False,0.002293471908113213,0.0,nan
0.7,0.9,0.2,5,"demo_00 -15,+10 deg",False,0.001884369467388238,0.001076304659984706,nan
0.7,0.9,0.2,6,"demo_00 -15,+15 deg",False,0.006408420146821873,0.0,nan
0.7,0.9,0.2,7,"demo_00 -10,-15 deg",True,0.022297329771041607,0.0,0.005974814342017816
0.7,0.9,0.2,8,"demo_00 -10,-10 deg",True,0.013993922671112694,0.0,0.005980636265857586
0.7,0.9,0.2,9,"demo_00 -10,-5 deg",True,0.008252512278835002,0.0,0.005983010780573835
0.7,0.9,0.2,10,"demo_00 -10,+0 deg",True,0.0038880899472539246,0.0,0.00598357648695089
0.7,0.9,0.2,11,"demo_00 -10,+5 deg",False,8.698465093982389e-05,0.021285241062279553,nan
0.7,0.9,0.2,12,"demo_00 -10,+10 deg",False,0.003919638623116969,0.03461596692977595,nan
0.7,0.9,0.2,13,"demo_00 -10,+15 deg",False,0.008346425521610652,0.012571629759650399,nan
0.7,0.9,0.2,14,"demo_00 -5,-15 deg",True,0.01716827271980112,0.0,0.005971174425533173
0.7,0.9,0.2,15,"demo_00 -5,-10 deg",True,0.010229714030584888,0.0,0.0059787304817933125
0.7,0.9,0.2,16,"demo_00 -5,-5 deg",True,0.005456886443394871,0.0,0.005984040626650196
0.7,0.9,0.2,17,"demo_00 -5,+0 deg",True,0.0016486890786607056,0.0,0.005983170675099162
0.7,0.9,0.2,18,"demo_00 -5,+5 deg",False,0.0020494158227640897,0.08038437444797146,nan
0.7,0.9,0.2,19,"demo_00 -5,+10 deg",False,0.00605773534058425,0.061882271275031264,nan
0.7,0.9,0.2,20,"demo_00 -5,+15 deg",False,0.010618657042828048,0.021859840327276975,nan
0.7,0.9,0.2,21,"demo_00 +0,-15 deg",True,0.012979215839044154,0.0,0.005972594610606817
0.7,0.9,0.2,22,"demo_00 +0,-10 deg",True,0.007158684896131513,0.0,0.005979197050231022
0.7,0.9,0.2,23,"demo_00 +0,-5 deg",True,0.0031041447488169725,0.0,0.005983918988887954
0.7,0.9,0.2,24,demo_00,True,0.0004127999906839197,0.0071494889389712695,0.00598374655195454
0.7,0.9,0.2,25,"demo_00 +0,+5 deg",False,0.004083403186175596,0.08744187447659095,nan
0.7,0.9,0.2,26,"demo_00 +0,+10 deg",False,0.008340355320160982,0.05713855468410303,nan
0.7,0.9,0.2,27,"demo_00 +0,+15 deg",False,0.013241632495570088,0.013082303344458063,nan
0.7,0.9,0.2,28,"demo_00 +5,-15 deg",True,0.009535365006631361,0.0,0.005972250672689735
0.7,0.9,0.2,29,"demo_00 +5,-10 deg",True,0.00459847605741534,0.0,0.00598234834595349
0.7,0.9,0.2,30,"demo_00 +5,-5 deg",True,0.0011171244138423757,7.738490693151232e-05,0.00598221799790225
0.7,0.9,0.2,31,"demo_00 +5,+0 deg",True,0.002466781755760611,0.0,0.005984970786383248
0.7,0.9,0.2,32,"demo_00 +5,+5 deg",False,0.0063145541655849225,0.04814292589339658,nan
0.7,0.9,0.2,33,"demo_00 +5,+10 deg",False,0.010962090891401134,0.026032686747945705,nan
0.7,0.9,0.2,34,"demo_00 +5,+15 deg",False,0.0163589336652742,0.0,nan
0.7,0.9,0.2,35,"demo_00 +10,-15 deg",True,0.006623138066422191,0.0,0.005974964227556923
0.7,0.9,0.2,36,"demo_00 +10,-10 deg",True,0.002396974617908568,0.0,0.005982152149589902
0.7,0.9,0.2,37,"demo_00 +10,-5 deg",True,0.001522252965433774,0.0,0.0059856891286904496
0.7,0.9,0.2,38,"demo_00 +10,+0 deg",False,0.004777253376240938,0.03947287232855254,nan
0.7,0.9,0.2,39,"demo_00 +10,+5 deg",False,0.008974069140230046,0.005709171037098393,nan
0.7,0.9,0.2,40,"demo_00 +10,+10 deg",False,0.014141829123112567,0.0,nan
0.7,0.9,0.2,41,"demo_00 +10,+15 deg",False,0.020148535161711032,0.0,nan
0.7,0.9,0.2,42,"demo_00 +15,-15 deg",True,0.00399255733587927,0.0,0.005976546540244864
0.7,0.9,0.2,43,"demo_00 +15,-10 deg",True,0.0012328865045850444,0.0,0.00598352318187048
0.7,0.9,0.2,44,"demo_00 +15,-5 deg",True,0.0038802152513012994,0.0,0.005985357238590543
0.7,0.9,0.2,45,"demo_00 +15,+0 deg",False,0.007601342788956387,0.0,nan
0.7,0.9,0.2,46,"demo_00 +15,+5 deg",False,0.012309409845630817,0.0,nan
0.7,0.9,0.2,47,"demo_00 +15,+10 deg",False,0.018102719981934055,0.0,nan
0.7,0.9,0.2,48,"demo_00 +15,+15 deg",False,0.024790022484449153,0.0,nan
0.7,0.9,0.3,0,"demo_00 -15,-15 deg",True,0.02857813959300213,0.0,0.006039962094464565
0.7,0.9,0.3,1,"demo_00 -15,-10 deg",True,0.01703883575226483,0.0,0.0060417984015781745
0.7,0.9,0.3,2,"demo_00 -15,-5 deg",True,0.009941434965203007,0.0,0.00604586974525358
0.7,0.9,0.3,3,"demo_00 -15,+0 deg",True,0.005928084382804248,0.0,0.006045793038310503
0.7,0.9,0.3,4,"demo_00 -15,+5 deg",False,0.0037096136513204694,0.0,nan
0.7,0.9,0.3,5,"demo_00 -15,+10 deg",False,0.004206930877218072,0.0,nan
0.7,0.9,0.3,6,"demo_00 -15,+15 deg",False,0.010141420332924974,0.0,nan
0.7,0.9,0.3,7,"demo_00 -10,-15 deg",True,0.020792427756813517,0.0,0.006038307080399544
0.7,0.9,0.3,8,"demo_00 -10,-10 deg",True,0.011678281526325376,0.0,0.006041301637084184
0.7,0.9,0.3,9,"demo_00 -10,-5 deg",True,0.006323909416588231,0.0,0.006044971806053691
0.7,0.9,0.3,10,"demo_00 -10,+0 deg",True,0.0031931601721963453,0.0,0.006045340477302123
0.7,0.9,0.3,11,"demo_00 -10,+5 deg",False,0.001140789135976314,0.0,nan
0.7,0.9,0.3,12,"demo_00 -10,+10 deg",False,0.0030709060944329723,0.0,nan
0.7,0.9,0.3,13,"demo_00 -10,+15 deg",False,0.00922832171802956,0.0,nan
0.7,0.9,0.3,14,"demo_00 -5,-15 deg",True,0.015088855878338893,0.0,0.006038388308805792
0.7,0.9,0.3,15,"demo_00 -5,-10 deg",True,0.008008253200623676,0.0,0.006040786007282657
0.7,0.9,0.3,16,"demo_00 -5,-5 deg",True,0.0039769791884513486,0.0,0.006045193359649072
0.7,0.9,0.3,17,"demo_00 -5,+0 deg",True,0.0012868845985776983,0.0,0.006044203142322165
0.7,0.9,0.3,18,"demo_00 -5,+5 deg",False,0.0010928658865804418,0.005705944855023418,nan
0.7,0.9,0.3,19,"demo_00 -5,+10 deg",False,0.004314181502011122,0.0,nan
0.7,0.9,0.3,20,"demo_00 -5,+15 deg",False,0.009997810370738592,0.0,nan
0.7,0.9,0.3,21,"demo_00 +0,-15 deg",True,0.010827362523365408,0.0,0.006037088134978316
0.7,0.9,0.3,22,"demo_00 +0,-10 deg",True,0.005382015869202004,0.0,0.006042657071585401
0.7,0.9,0.3,23,"demo_00 +0,-5 deg",True,0.002281566080230303,0.0,0.006045011757782208
0.7,0.9,0.3,24,demo_00,True,0.00032796796210977653,0.005747736760017868,0.0060455660792135164
0.7,0.9,0.3,25,"demo_00 +0,+5 deg",False,0.0031525849827689816,0.006978096420929003,nan
0.7,0.9,0.3,26,"demo_00 +0,+10 deg",False,0.006804991731944453,0.0,nan
0.7,0.9,0.3,27,"demo_00 +0,+15 deg",False,0.012440867419069369,0.0,nan
0.7,0.9,0.3,28,"demo_00 +5,-15 deg",True,0.007563537535200072,0.0,0.006036705880750222
0.7,0.9,0.3,29,"demo_00 +5,-10 deg",True,0.0033770087946807673,0.0,0.006043814887357479
0.7,0.9,0.3,30,"demo_00 +5,-5 deg",True,0.0008701351038703263,8.757344290147816e-05,0.006046210304898343
0.7,0.9,0.3,31,"demo_00 +5,+0 deg",False,0.0020350841310463426,0.0,nan
0.7,0.9,0.3,32,"demo_00 +5,+5 deg",False,0.005583882135997504,0.0,nan
0.7,0.9,0.3,33,"demo_00 +5,+10 deg",False,0.010159586103611727,0.0,nan
0.7,0.9,0.3,34,"demo_00 +5,+15 deg",False,0.0164587639599786,0.0,nan
0.7,0.9,0.3,35,"demo_00 +10,-15 deg",True,0.005018179737675631,0.0,0.006037258512588237
0.7,0.9,0.3,36,"demo_00 +10,-10 deg",True,0.0017508349008204512,0.0,0.006045377083190734
0.7,0.9,0.3,37,"demo_00 +10,-5 deg",True,0.0011127240216682092,0.0,0.0060461564733033215
0.7,0.9,0.3,38,"demo_00 +10,+0 deg",False,0.00419847129768994,0.0,nan
0.7,0.9,0.3,39,"demo_00 +10,+5 deg",False,0.008690664821384817,0.0,nan
0.7,0.9,0.3,40,"demo_00 +10,+10 deg",False,0.014489537812478942,0.0,nan
0.7,0.9,0.3,41,"demo_00 +10,+15 deg",False,0.021946523650001323,0.0,nan
0.7,0.9,0.3,42,"demo_00 +15,-15 deg",True,0.0029290284194756376,0.0,0.006040099974923235
0.7,0.9,0.3,43,"demo_00 +15,-10 deg",True,0.001020382947079947,0.0,0.006046884299642118
0.7,0.9,0.3,44,"demo_00 +15,-5 deg",True,0.0031834366717541796,0.0,0.006046158103606525
0.7,0.9,0.3,45,"demo_00 +15,+0 deg",False,0.0071249592944714986,0.0,nan
0.7,0.9,0.3,46,"demo_00 +15,+5 deg",False,0.012747950425333962,0.0,nan
0.7,0.9,0.3,47,"demo_00 +15,+10 deg",False,0.019959924043057832,0.0,nan
0.7,0.9,0.3,48,"demo_00 +15,+15 deg",False,0.02884574370176571,0.0,nan
0.7,1.05,0.07,0,"demo_00 -15,-15 deg",True,0.06633747032829443,0.0,0.005858054589347757
0.7,1.05,0.07,1,"demo_00 -15,-10 deg",True,0.04907470654416065,0.0,0.0058589240520016276
0.7,1.05,0.07,2,"demo_00 -15,-5 deg",True,0.03377449537430292,0.0,0.005858120929680282
0.7,1.05,0.07,3,"demo_00 -15,+0 deg",False,0.020454592260795917,0.26221743423241173,nan
0.7,1.05,0.07,4,"demo_00 -15,+5 deg",False,0.00926571941833314,0.27983268294773017,nan
0.7,1.05,0.07,5,"demo_00 -15,+10 deg",False,0.003484100823698194,0.268434908838343,nan
0.7,1.05,0.07,6,"demo_00 -15,+15 deg",False,0.00953846230128337,0.23211907487482827,nan
0.7,1.05,0.07,7,"demo_00 -10,-15 deg",True,0.05689914914001662,0.0,0.005858280302017516
0.7,1.05,0.07,8,"demo_00 -10,-10 deg",True,0.04043610918118099,0.0,0.005860948685649446
0.7,1.05,0.07,9,"demo_00 -10,-5 deg",True,0.025809356618945786,0.0,0.005859082288657057
0.7,1.05,0.07,10,"demo_00 -10,+0 deg",False,0.013058469871209611,0.34184264445124,nan
0.7,1.05,0.07,11,"demo_00 -10,+5 deg",False,0.0028630483956536014,0.34972154776561204,nan
0.7,1.05,0.07,12,"demo_00 -10,+10 deg",False,0.00774409182891962,0.3193277345662104,nan
0.7,1.05,0.07,13,"demo_00 -10,+15 deg",False,0.015103737036763773,0.2654036859857335,nan
0.7,1.05,0.07,14,"demo_00 -5,-15 deg",True,0.04767265402224589,0.0,0.005861759989286032
0.7,1.05,0.07,15,"demo_00 -5,-10 deg",True,0.03198539540908367,0.0,0.00586129206829063
0.7,1.05,0.07,16,"demo_00 -5,-5 deg",True,0.018008068812908375,0.0,0.005859182299033962
0.7,1.05,0.07,17,"demo_00 -5,+0 deg",False,0.005784002334173917,0.4216985124793614,nan
0.7,1.05,0.07,18,"demo_00 -5,+5 deg",False,0.004908686127333614,0.40627286217221836,nan
0.7,1.05,0.07,19,"demo_00 -5,+10 deg",False,0.013690342272537768,0.34611733603707673,nan
0.7,1.05,0.07,20,"demo_00 -5,+15 deg",False,0.0208152879912282,0.27829683656206194,nan
0.7,1.05,0.07,21,"demo_00 +0,-15 deg",True,0.038596617372153245,0.0,0.0058619271134243145
0.7,1.05,0.07,22,"demo_00 +0,-10 deg",True,0.02366949734235508,0.0,0.005859293924468387
0.7,1.05,0.07,23,"demo_00 +0,-5 deg",True,0.010341865990988677,0.0,0.005859836527446049
0.7,1.05,0.07,24,demo_00,True,0.0014384969803670406,0.006500757839660674,0.0058593114336846054
0.7,1.05,0.07,25,"demo_00 +0,+5 deg",False,0.011445240064680192,0.40509091867396085,nan
0.7,1.05,0.07,26,"demo_00 +0,+10 deg",False,0.019848182095622547,0.337009640177361,nan
0.7,1.05,0.07,27,"demo_00 +0,+15 deg",False,0.026596279886128844,0.26878335510977974,nan
0.7,1.05,0.07,28,"demo_00 +5,-15 deg",True,0.029606987797156273,0.0,0.005861259634426456
0.7,1.05,0.07,29,"demo_00 +5,-10 deg",True,0.015448292407430985,0.0,0.005858560134356339
0.7,1.05,0.07,30,"demo_00 +5,-5 deg",True,0.003077115562481949,0.0,0.00586027201515628
0.7,1.05,0.07,31,"demo_00 +5,+0 deg",True,0.008626004536944724,0.0,0.005861048836601029
0.7,1.05,0.07,32,"demo_00 +5,+5 deg",False,0.01813982556832635,0.3564775012926293,nan
0.7,1.05,0.07,33,"demo_00 +5,+10 deg",False,0.026102296279691985,0.300590324995327,nan
0.7,1.05,0.07,34,"demo_00 +5,+15 deg",False,0.03245518246139656,0.23959340202715293,nan
0.7,1.05,0.07,35,"demo_00 +10,-15 deg",True,0.02064269504589507,0.0,0.005858491779196836
0.7,1.05,0.07,36,"demo_00 +10,-10 deg",True,0.007390589819073318,0.0,0.005860440102674418
0.7,1.05,0.07,37,"demo_00 +10,-5 deg",True,0.0055663832030255845,0.0,0.005859070993162736
0.7,1.05,0.07,38,"demo_00 +10,+0 deg",True,0.015868484907661923,0.0,0.0058581461660545085
0.7,1.05,0.07,39,"demo_00 +10,+5 deg",False,0.024925519344038836,0.3052171006019829,nan
0.7,1.05,0.07,40,"demo_00 +10,+10 deg",False,0.0324625109847866,0.2464970285734296,nan
0.7,1.05,0.07,41,"demo_00 +10,+15 deg",False,0.03842313135278329,0.19742481006282808,nan
0.7,1.05,0.07,42,"demo_00 +15,-15 deg",True,0.011673019459936474,0.0,0.0058608831748948684
0.7,1.05,0.07,43,"demo_00 +15,-10 deg",True,0.0030056888643079055,0.0,0.005858997673491669
0.7,1.05,0.07,44,"demo_00 +15,-5 deg",True,0.013214949523225248,0.0,0.005862125533399982
0.7,1.05,0.07,45,"demo_00 +15,+0 deg",True,0.02321817443526526,0.0,0.005861900850667957
0.7,1.05,0.07,46,"demo_00 +15,+5 deg",True,0.03183892051150853,0.0,0.005861050706239831
0.7,1.05,0.07,47,"demo_00 +15,+10 deg",False,0.03896568747994017,0.19468399353171478,nan
0.7,1.05,0.07,48,"demo_00 +15,+15 deg",False,0.04454073310028755,0.1457684689000423,nan
0.7,1.05,0.1,0,"demo_00 -15,-15 deg",True,0.04460257387590011,0.0,0.005976300993280914
0.7,1.05,0.1,1,"demo_00 -15,-10 deg",True,0.032266737563515946,0.0,0.0059782924319577305
0.7,1.05,0.1,2,"demo_00 -15,-5 deg",True,0.02193993646506485,0.0,0.00597935930548344
0.7,1.05,0.1,3,"demo_00 -15,+0 deg",False,0.01331557961487036,0.000878868205096528,nan
0.7,1.05,0.1,4,"demo_00 -15,+5 deg",False,0.006065204855899248,0.018494116923655407,nan
0.7,1.05,0.1,5,"demo_00 -15,+10 deg",False,0.00020222036625423568,0.007096342814450485,nan
0.7,1.05,0.1,6,"demo_00 -15,+15 deg",False,0.0057333247274984666,0.008092553380726758,nan
0.7,1.05,0.1,7,"demo_00 -10,-15 deg",True,0.03758163116737273,0.0,0.0059749581371737704
0.7,1.05,0.1,8,"demo_00 -10,-10 deg",True,0.02611496983478895,0.0,0.005979109775159669
0.7,1.05,0.1,9,"demo_00 -10,-5 deg",True,0.016460565732571292,0.0,0.005978580467856204
0.7,1.05,0.1,10,"demo_00 -10,+0 deg",False,0.008353610291610455,0.080504078415009,nan
0.7,1.05,0.1,11,"demo_00 -10,+5 deg",False,0.0016118704950322648,0.08838298174149853,nan
0.7,1.05,0.1,12,"demo_00 -10,+10 deg",False,0.004459204780417233,0.05839381729126586,nan
0.7,1.05,0.1,13,"demo_00 -10,+15 deg",False,0.009614224009478253,0.032679626943082046,nan
0.7,1.05,0.1,14,"demo_00 -5,-15 deg",True,0.03104397281119213,0.0,0.00597488684484518
0.7,1.05,0.1,15,"demo_00 -5,-10 deg",True,0.02037818267688266,0.0,0.005977824712729638
0.7,1.05,0.1,16,"demo_00 -5,-5 deg",True,0.011322762073656768,0.0,0.005980438599084917
0.7,1.05,0.1,17,"demo_00 -5,+0 deg",True,0.0036478981751618443,0.0,0.005977682754877217
0.7,1.05,0.1,18,"demo_00 -5,+5 deg",False,0.0029546419123304716,0.14493429614802855,nan
0.7,1.05,0.1,19,"demo_00 -5,+10 deg",False,0.008590110763188687,0.08565038131123459,nan
0.7,1.05,0.1,20,"demo_00 -5,+15 deg",False,0.01354773718243968,0.04356045606707609,nan
0.7,1.05,0.1,21,"demo_00 +0,-15 deg",True,0.024906858294733797,0.0,0.00597600965623707
0.7,1.05,0.1,22,"demo_00 +0,-10 deg",True,0.014977185615013001,0.0,0.005978223094144187
0.7,1.05,0.1,23,"demo_00 +0,-5 deg",True,0.006464365967480365,0.0,0.005981162070627611
0.7,1.05,0.1,24,demo_00,True,0.0008999434886207434,0.007012345333917378,0.005980779937464214
0.7,1.05,0.1,25,"demo_00 +0,+5 deg",False,0.007167978751052485,0.14375235264962172,nan
0.7,1.05,0.1,26,"demo_00 +0,+10 deg",False,0.012660865670232955,0.0767223612851364,nan
0.7,1.05,0.1,27,"demo_00 +0,+15 deg",False,0.017501142635812855,0.03359560846506798,nan
0.7,1.05,0.1,28,"demo_00 +5,-15 deg",True,0.019068552753251772,0.0,0.0059739935280895985
0.7,1.05,0.1,29,"demo_00 +5,-10 deg",True,0.009829557052927195,0.0,0.005979893890488816
0.7,1.05,0.1,30,"demo_00 +5,-5 deg",True,0.0020279654794349102,0.0,0.005978381574852878
0.7,1.05,0.1,31,"demo_00 +5,+0 deg",True,0.005344394561009543,0.0,0.005981184138025263
0.7,1.05,0.1,32,"demo_00 +5,+5 deg",False,0.011391078872275156,0.09513893526797887,nan
0.7,1.05,0.1,33,"demo_00 +5,+10 deg",False,0.01675583129898571,0.040239372924834704,nan
0.7,1.05,0.1,34,"demo_00 +5,+15 deg",False,0.021528860669146777,0.004547749457917388,nan
0.7,1.05,0.1,35,"demo_00 +10,-15 deg",True,0.01341511369871513,0.0,0.00597328214791257
0.7,1.05,0.1,36,"demo_00 +10,-10 deg",True,0.004925842392799114,0.0,0.005978234836602801
0.7,1.05,0.1,37,"demo_00 +10,-5 deg",True,0.0034109848688467794,0.0,0.00598134801597913
0.7,1.05,0.1,38,"demo_00 +10,+0 deg",True,0.009817798796882903,0.0,0.005979783373287126
0.7,1.05,0.1,39,"demo_00 +10,+5 deg",False,0.015692889435341945,0.043878534576586914,nan
0.7,1.05,0.1,40,"demo_00 +10,+10 deg",False,0.020965165652229313,0.0,nan
0.7,1.05,0.1,41,"demo_00 +10,+15 deg",False,0.025708421483946173,0.0,nan
0.7,1.05,0.1,42,"demo_00 +15,-15 deg",True,0.007845889434827247,0.0,0.005974167626555939
0.7,1.05,0.1,43,"demo_00 +15,-10 deg",True,0.002074708211800574,0.0,0.005982084114138096
0.7,1.05,0.1,44,"demo_00 +15,-5 deg",True,0.008071723083599481,0.0,0.005978748653887165
0.7,1.05,0.1,45,"demo_00 +15,+0 deg",True,0.014420757600215288,0.0,0.005978080961694581
0.7,1.05,0.1,46,"demo_00 +15,+5 deg",False,0.020170568166723715,0.0,nan
0.7,1.05,0.1,47,"demo_00 +15,+10 deg",False,0.02538551073524018,0.0,nan
0.7,1.05,0.1,48,"demo_00 +15,+15 deg",False,0.030129325480050293,0.0,nan
0.7,1.05,0.15,0,"demo_00 -15,-15 deg",True,0.032971260356970206,0.0,0.0059078447829200255
0.7,1.05,0.15,1,"demo_00 -15,-10 deg",True,0.022856794926688143,0.0,0.005911601948439976
0.7,1.05,0.15,2,"demo_00 -15,-5 deg",True,0.015023373719224574,0.0,0.005911783810824958
0.7,1.05,0.15,3,"demo_00 -15,+0 deg",True,0.00863885290010493,0.0,0.005913950014803957
0.7,1.05,0.15,4,"demo_00 -15,+5 deg",True,0.003262276823989848,0.0,0.005916457306488374
0.7,1.05,0.15,5,"demo_00 -15,+10 deg",True,0.0037863183950760794,0.0,0.005916318428071256
0.7,1.05,0.15,6,"demo_00 -15,+15 deg",True,0.009536326760975792,0.0,0.0059141346697243
0.7,1.05,0.15,7,"demo_00 -10,-15 deg",True,0.026844220413522395,0.0,0.005909390270908909
0.7,1.05,0.15,8,"demo_00 -10,-10 deg",True,0.017919409459495446,0.0,0.005912302606339645
0.7,1.05,0.15,9,"demo_00 -10,-5 deg",True,0.011023849787387198,0.0,0.005915130623850731
0.7,1.05,0.15,10,"demo_00 -10,+0 deg",True,0.0053314180477352395,0.0,0.005915339032011719
0.7,1.05,0.15,11,"demo_00 -10,+5 deg",True,0.0006653631725219131,0.0,0.005914496438199319
0.7,1.05,0.15,12,"demo_00 -10,+10 deg",True,0.005249523674278713,0.0030011297491532307,0.005914943916848981
0.7,1.05,0.15,13,"demo_00 -10,+15 deg",True,0.01088166962861783,0.0,0.005914882273435997
0.7,1.05,0.15,14,"demo_00 -5,-15 deg",True,0.02138047262662222,0.0,0.005911617734651691
0.7,1.05,0.15,15,"demo_00 -5,-10 deg",True,0.013517883879405695,0.0,0.005911683792446089
0.7,1.05,0.15,16,"demo_00 -5,-5 deg",True,0.007420734316201,0.0,0.005912219093393655
0.7,1.05,0.15,17,"demo_00 -5,+0 deg",True,0.0022922338373283515,0.0,0.005912585921992035
0.7,1.05,0.15,18,"demo_00 -5,+5 deg",True,0.0025311087251779687,0.02190494936482683,0.005916758148122931
0.7,1.05,0.15,19,"demo_00 -5,+10 deg",True,0.007506710970091477,0.018915105657143244,0.005913656604853755
0.7,1.05,0.15,20,"demo_00 -5,+15 deg",True,0.012908376522850193,0.0,0.0059153664205857225
0.7,1.05,0.15,21,"demo_00 +0,-15 deg",True,0.016581581113688588,0.0,0.005909379238434295
0.7,1.05,0.15,22,"demo_00 +0,-10 deg",True,0.009639797432503884,0.0,0.0059113991343071595
0.7,1.05,0.15,23,"demo_00 +0,-5 deg",True,0.00418877627029905,0.0,0.005912854257311732
0.7,1.05,0.15,24,demo_00,True,0.0005608192445648468,0.006679454860363226,0.005912384229222385
0.7,1.05,0.15,25,"demo_00 +0,+5 deg",True,0.0051503139762284844,0.029104518868920987,0.005915693867914955
0.7,1.05,0.15,26,"demo_00 +0,+10 deg",True,0.010055193971512505,0.015317978541019323,0.005916052395929239
0.7,1.05,0.15,27,"demo_00 +0,+15 deg",True,0.015445049199626562,0.0,0.005915813616311652
0.7,1.05,0.15,28,"demo_00 +5,-15 deg",True,0.01238045518269713,0.0,0.005908142270698925
0.7,1.05,0.15,29,"demo_00 +5,-10 deg",True,0.006220729232429936,0.0,0.005914538005505718
0.7,1.05,0.15,30,"demo_00 +5,-5 deg",True,0.0013885708607202043,0.0,0.0059160149576495446
0.7,1.05,0.15,31,"demo_00 +5,+0 deg",True,0.0033004872904669824,0.0,0.0059152813553160185
0.7,1.05,0.15,32,"demo_00 +5,+5 deg",True,0.007826480338719553,0.0,0.005912039571602193
0.7,1.05,0.15,33,"demo_00 +5,+10 deg",True,0.012845292584262927,0.0,0.005912009810895295
0.7,1.05,0.15,34,"demo_00 +5,+15 deg",True,0.01844065569847914,0.0,0.005916379809026426
0.7,1.05,0.15,35,"demo_00 +10,-15 deg",True,0.008635151409794845,0.0,0.005909245730050433
0.7,1.05,0.15,36,"demo_00 +10,-10 deg",True,0.003204362425317215,0.0,0.005915268110927546
0.7,1.05,0.15,37,"demo_00 +10,-5 deg",True,0.002037252777266503,0.0,0.00591624220312472
0.7,1.05,0.15,38,"demo_00 +10,+0 deg",True,0.006097793772177375,0.0,0.005912483093755023
0.7,1.05,0.15,39,"demo_00 +10,+5 deg",True,0.010685168198460012,0.0,0.005914087614728976
0.7,1.05,0.15,40,"demo_00 +10,+10 deg",True,0.015958333548610804,0.0,0.00591684457074016
0.7,1.05,0.15,41,"demo_00 +10,+15 deg",True,0.021920551425049475,0.0,0.005916301498094938
0.7,1.05,0.15,42,"demo_00 +15,-15 deg",True,0.005157822668641741,0.0,0.005909962243869682
0.7,1.05,0.15,43,"demo_00 +15,-10 deg",True,0.0015709392145219785,0.0,0.0059132504598450285
0.7,1.05,0.15,44,"demo_00 +15,-5 deg",True,0.004915930272602477,0.0,0.0059161565525037195
0.7,1.05,0.15,45,"demo_00 +15,+0 deg",True,0.0091221929445234,0.0,0.005913934125065323
0.7,1.05,0.15,46,"demo_00 +15,+5 deg",True,0.013892941453203349,0.0,0.005912519715034804
0.7,1.05,0.15,47,"demo_00 +15,+10 deg",True,0.019528014058204143,0.0,0.005915307183797098
0.7,1.05,0.15,48,"demo_00 +15,+15 deg",True,0.02595886748502462,0.0,0.005912950167361972
0.7,1.05,0.2,0,"demo_00 -15,-15 deg",True,0.028803000079028012,0.0,0.005929825365864426
0.7,1.05,0.2,1,"demo_00 -15,-10 deg",True,0.018954343680196304,0.0,0.005928568407847558
0.7,1.05,0.2,2,"demo_00 -15,-5 deg",True,0.011882390433067947,0.0,0.005931899570717915
0.7,1.05,0.2,3,"demo_00 -15,+0 deg",True,0.006470984611798635,0.0,0.005933255328918045
0.7,1.05,0.2,4,"demo_00 -15,+5 deg",True,0.00244840292862041,0.0,0.0059317551695309894
0.7,1.05,0.2,5,"demo_00 -15,+10 deg",True,0.004244894700525896,0.0,0.005933236821484368
0.7,1.05,0.2,6,"demo_00 -15,+15 deg",True,0.009825575052795561,0.0,0.005932452182302214
0.7,1.05,0.2,7,"demo_00 -10,-15 deg",True,0.023312285449237927,0.0,0.005930079599193385
0.7,1.05,0.2,8,"demo_00 -10,-10 deg",True,0.01486663375376864,0.0,0.0059306823566812935
0.7,1.05,0.2,9,"demo_00 -10,-5 deg",True,0.008835411870912841,0.0,0.005929218354212686
0.7,1.05,0.2,10,"demo_00 -10,+0 deg",True,0.004050317469674111,0.0,0.005930708742395811
0.7,1.05,0.2,11,"demo_00 -10,+5 deg",True,0.0009832312291152355,0.0,0.005930149385678151
0.7,1.05,0.2,12,"demo_00 -10,+10 deg",True,0.005085176061384042,0.0,0.005933130610196844
0.7,1.05,0.2,13,"demo_00 -10,+15 deg",True,0.010376373474894115,0.0,0.0059333287071878646
0.7,1.05,0.2,14,"demo_00 -5,-15 deg",True,0.01824685589838659,0.0,0.005929390841583657
0.7,1.05,0.2,15,"demo_00 -5,-10 deg",True,0.011070272396699141,0.0,0.0059321616411618025
0.7,1.05,0.2,16,"demo_00 -5,-5 deg",True,0.005978570849659342,0.0,0.005931461236307465
0.7,1.05,0.2,17,"demo_00 -5,+0 deg",True,0.0017636801166875638,0.0,0.005932678795925219
0.7,1.05,0.2,18,"demo_00 -5,+5 deg",True,0.0023700935944673132,0.015054697305990072,0.005930129245566595
0.7,1.05,0.2,19,"demo_00 -5,+10 deg",True,0.006790382040416652,0.006166656619285615,0.005932119359297825
0.7,1.05,0.2,20,"demo_00 -5,+15 deg",True,0.011895480113197097,0.0,0.005930683245108254
0.7,1.05,0.2,21,"demo_00 +0,-15 deg",True,0.01375211088221542,0.0,0.005927587924659544
0.7,1.05,0.2,22,"demo_00 +0,-10 deg",True,0.007689410153105835,0.0,0.0059322641151252015
0.7,1.05,0.2,23,"demo_00 +0,-5 deg",True,0.003378580329745801,0.0,0.0059304569970371115
0.7,1.05,0.2,24,demo_00,True,0.0004292974950997248,0.007450212304316816,0.0059324729705092834
0.7,1.05,0.2,25,"demo_00 +0,+5 deg",True,0.004442956458862294,0.027199717390429493,0.005930267990955589
0.7,1.05,0.2,26,"demo_00 +0,+10 deg",True,0.009038163612173999,0.005546889203823013,0.005930060988065693
0.7,1.05,0.2,27,"demo_00 +0,+15 deg",True,0.014346445526383467,0.0,0.0059326758674270305
0.7,1.05,0.2,28,"demo_00 +5,-15 deg",True,0.00993166143713105,0.0,0.005930298229402151
0.7,1.05,0.2,29,"demo_00 +5,-10 deg",True,0.00481159648888051,0.0,0.005929913133923408
0.7,1.05,0.2,30,"demo_00 +5,-5 deg",True,0.0011650937896615955,0.0,0.005932354723221046
0.7,1.05,0.2,31,"demo_00 +5,+0 deg",True,0.0025507254801646565,0.0,0.005932667578987746
0.7,1.05,0.2,32,"demo_00 +5,+5 deg",True,0.006714617013730963,0.0,0.005932422914379181
0.7,1.05,0.2,33,"demo_00 +5,+10 deg",True,0.01177458961684706,0.0,0.00593203634160847
0.7,1.05,0.2,34,"demo_00 +5,+15 deg",True,0.017646551003304957,0.0,0.005933007834917948
0.7,1.05,0.2,35,"demo_00 +10,-15 deg",True,0.006746761936666434,0.0,0.005927029285265849
0.7,1.05,0.2,36,"demo_00 +10,-10 deg",True,0.0024634460920186793,0.0,0.00592975040657843
0.7,1.05,0.2,37,"demo_00 +10,-5 deg",True,0.0014976476174913633,0.0,0.0059336994762007
0.7,1.05,0.2,38,"demo_00 +10,+0 deg",True,0.0047574382795977374,0.0,0.005930004861632666
0.7,1.05,0.2,39,"demo_00 +10,+5 deg",True,0.009288338092556362,0.0,0.005932092383624641
0.7,1.05,0.2,40,"demo_00 +10,+10 deg",True,0.015051096418654453,0.0,0.005930308454266788
0.7,1.05,0.2,41,"demo_00 +10,+15 deg",True,0.021715490625099327,0.0,0.005931469808525691
0.7,1.05,0.2,42,"demo_00 +15,-15 deg",True,0.0040155583847548545,0.0,0.005927627642312865
0.7,1.05,0.2,43,"demo_00 +15,-10 deg",True,0.0014116470614259748,0.0,0.005933659538778606
0.7,1.05,0.2,44,"demo_00 +15,-5 deg",True,0.003686186642640264,0.0,0.005933114547887398
0.7,1.05,0.2,45,"demo_00 +15,+0 deg",True,0.00726037697324405,0.0,0.005932050454167736
0.7,1.05,0.2,46,"demo_00 +15,+5 deg",True,0.012351575999989118,0.0,0.005932941233768143
0.7,1.05,0.2,47,"demo_00 +15,+10 deg",True,0.01896923103640626,0.0,0.005931738928698119
0.7,1.05,0.2,48,"demo_00 +15,+15 deg",True,0.026524489227995697,0.0,0.005931485445366499
0.7,1.05,0.3,0,"demo_00 -15,-15 deg",True,0.025142292894296047,0.0,0.006003875624559386
0.7,1.05,0.3,1,"demo_00 -15,-10 deg",True,0.014284719205858434,0.0,0.006004214851745924
0.7,1.05,0.3,2,"demo_00 -15,-5 deg",True,0.007887461471972803,0.0,0.006005034842078766
0.7,1.05,0.3,3,"demo_00 -15,+0 deg",True,0.00462760250014909,0.0,0.0060030743693035606
0.7,1.05,0.3,4,"demo_00 -15,+5 deg",True,0.0037112496811679396,0.0,0.006003771086514711
0.7,1.05,0.3,5,"demo_00 -15,+10 deg",True,0.0076786104034329925,0.0,0.0060040988167948854
0.7,1.05,0.3,6,"demo_00 -15,+15 deg",True,0.016611247292982006,0.0,0.006002869126522148
0.7,1.05,0.3,7,"demo_00 -10,-15 deg",True,0.02098156107720228,0.0,0.0060036490376111805
0.7,1.05,0.3,8,"demo_00 -10,-10 deg",True,0.011711920161602492,0.0,0.006003713642288661
0.7,1.05,0.3,9,"demo_00 -10,-5 deg",True,0.006012097172999349,0.0,0.006004632522242608
0.7,1.05,0.3,10,"demo_00 -10,+0 deg",True,0.0027820716813377294,0.0,0.006003393496305084
0.7,1.05,0.3,11,"demo_00 -10,+5 deg",True,0.001908497402704858,0.0,0.006004084140546053
0.7,1.05,0.3,12,"demo_00 -10,+10 deg",True,0.005924322184462051,0.0,0.006004993818488665
0.7,1.05,0.3,13,"demo_00 -10,+15 deg",True,0.013956815427241236,0.0,0.006004604335135953
0.7,1.05,0.3,14,"demo_00 -5,-15 deg",True,0.01744789169602856,0.0,0.006002821126929328
0.7,1.05,0.3,15,"demo_00 -5,-10 deg",True,0.009622896904528642,0.0,0.006002685279420056
0.7,1.05,0.3,16,"demo_00 -5,-5 deg",True,0.004575097438607361,0.0,0.006004015102413152
0.7,1.05,0.3,17,"demo_00 -5,+0 deg",True,0.0012891709767273065,0.0,0.006005157210326818
0.7,1.05,0.3,18,"demo_00 -5,+5 deg",True,0.0011713265760468709,0.0,0.006002767969842308
0.7,1.05,0.3,19,"demo_00 -5,+10 deg",True,0.0047094965407887155,0.0,0.006004753153620552
0.7,1.05,0.3,20,"demo_00 -5,+15 deg",True,0.011627116620769333,0.0,0.006004914897993506
0.7,1.05,0.3,21,"demo_00 +0,-15 deg",True,0.013596180349696963,0.0,0.006003478596856602
0.7,1.05,0.3,22,"demo_00 +0,-10 deg",True,0.00713247482554114,0.0,0.006003398227108665
0.7,1.05,0.3,23,"demo_00 +0,-5 deg",True,0.002875698846047005,0.0,0.006005207377064681
0.7,1.05,0.3,24,demo_00,True,0.00035071266863743615,0.006587157630467461,0.006005231494140215
0.7,1.05,0.3,25,"demo_00 +0,+5 deg",True,0.002754257751208058,0.0,0.006005396540938125
0.7,1.05,0.3,26,"demo_00 +0,+10 deg",True,0.0054591879996272056,0.0,0.006004517707908998
0.7,1.05,0.3,27,"demo_00 +0,+15 deg",True,0.011218603337141303,0.0,0.006003398026084235
0.7,1.05,0.3,28,"demo_00 +5,-15 deg",True,0.009681634595403771,0.0,0.006002524562004183
0.7,1.05,0.3,29,"demo_00 +5,-10 deg",True,0.004471283589468625,0.0,0.0060041189173537885
0.7,1.05,0.3,30,"demo_00 +5,-5 deg",True,0.0010181895946371556,0.0,0.006003417407728815
0.7,1.05,0.3,31,"demo_00 +5,+0 deg",True,0.0023142987832633958,0.0,0.006003275469225455
0.7,1.05,0.3,32,"demo_00 +5,+5 deg",True,0.005486061531982005,0.0,0.00600478989785867
0.7,1.05,0.3,33,"demo_00 +5,+10 deg",True,0.008888913486086777,0.0,0.006003586701432051
0.7,1.05,0.3,34,"demo_00 +5,+15 deg",True,0.014354858618169642,0.0,0.006003313572893869
0.7,1.05,0.3,35,"demo_00 +10,-15 deg",True,0.006194515975169247,0.0,0.00600414140694905
0.7,1.05,0.3,36,"demo_00 +10,-10 deg",True,0.0021778504109937705,0.0,0.006004249593220435
0.7,1.05,0.3,37,"demo_00 +10,-5 deg",True,0.0013614597697186922,0.0,0.006005216269907846
0.7,1.05,0.3,38,"demo_00 +10,+0 deg",True,0.0046759772607907445,0.0,0.006004655966614935
0.7,1.05,0.3,39,"demo_00 +10,+5 deg",True,0.009009160639382632,0.0,0.006004229932547929
0.7,1.05,0.3,40,"demo_00 +10,+10 deg",True,0.013859179015070337,0.0,0.006003444510871494
0.7,1.05,0.3,41,"demo_00 +10,+15 deg",True,0.020157569343272178,0.0,0.006003656248788453
0.7,1.05,0.3,42,"demo_00 +15,-15 deg",True,0.0033436254454858143,0.0,0.006003566656176038
0.7,1.05,0.3,43,"demo_00 +15,-10 deg",True,0.0014436460839405037,0.0,0.0060046734802119564
0.7,1.05,0.3,44,"demo_00 +15,-5 deg",True,0.003433957704845879,0.0,0.0060039512484890735
0.7,1.05,0.3,45,"demo_00 +15,+0 deg",True,0.00753170624197297,0.0,0.006003330008700444
0.7,1.05,0.3,46,"demo_00 +15,+5 deg",True,0.013272285359208828,0.0,0.0060028383081445124
0.7,1.05,0.3,47,"demo_00 +15,+10 deg",True,0.019747470308001832,0.0,0.0060033749086478155
0.7,1.05,0.3,48,"demo_00 +15,+15 deg",True,0.027386019302282343,0.0,0.006004382794296972
0.7,1.2,0.07,0,"demo_00 -15,-15 deg",True,0.061185079122627314,0.0,0.005928731074160531
0.7,1.2,0.07,1,"demo_00 -15,-10 deg",True,0.04516519151499981,0.0,0.005928087102487974
0.7,1.2,0.07,2,"demo_00 -15,-5 deg",True,0.031079693106947078,0.0,0.005928414306145434
0.7,1.2,0.07,3,"demo_00 -15,+0 deg",False,0.01887907785455377,0.23049375917462725,nan
0.7,1.2,0.07,4,"demo_00 -15,+5 deg",False,0.00867317986752184,0.2481090078899469,nan
0.7,1.2,0.07,5,"demo_00 -15,+10 deg",False,0.0034075001030228883,0.23671123378055925,nan
0.7,1.2,0.07,6,"demo_00 -15,+15 deg",False,0.008928311894427384,0.200395399817044,nan
0.7,1.2,0.07,7,"demo_00 -10,-15 deg",True,0.05203246627293889,0.0,0.005927498981719306
0.7,1.2,0.07,8,"demo_00 -10,-10 deg",True,0.0369456136281781,0.0,0.005929496031238872
0.7,1.2,0.07,9,"demo_00 -10,-5 deg",True,0.0235988560716717,0.0,0.005930358950438623
0.7,1.2,0.07,10,"demo_00 -10,+0 deg",False,0.011966486907827307,0.3101189693934566,nan
0.7,1.2,0.07,11,"demo_00 -10,+5 deg",False,0.0027309412618482898,0.31799787270782875,nan
0.7,1.2,0.07,12,"demo_00 -10,+10 deg",False,0.007332166992376901,0.28760405950842577,nan
0.7,1.2,0.07,13,"demo_00 -10,+15 deg",False,0.014375602582832164,0.23368001092794985,nan
0.7,1.2,0.07,14,"demo_00 -5,-15 deg",True,0.043347897884985484,0.0,0.005930188353451607
0.7,1.2,0.07,15,"demo_00 -5,-10 deg",True,0.02910579167448828,0.0,0.00592825952227786
0.7,1.2,0.07,16,"demo_00 -5,-5 deg",True,0.016417830546285404,0.0,0.005930375183987462
0.7,1.2,0.07,17,"demo_00 -5,+0 deg",False,0.005264707769161084,0.38997483742157724,nan
0.7,1.2,0.07,18,"demo_00 -5,+5 deg",False,0.004642392022054445,0.3745491871144347,nan
0.7,1.2,0.07,19,"demo_00 -5,+10 deg",False,0.01293098726396964,0.3143936609792932,nan
0.7,1.2,0.07,20,"demo_00 -5,+15 deg",False,0.019941934865826193,0.24657316150427822,nan
0.7,1.2,0.07,21,"demo_00 +0,-15 deg",True,0.03500737616317143,0.0,0.005927638951257404
0.7,1.2,0.07,22,"demo_00 +0,-10 deg",True,0.021535336024859613,0.0,0.0059299655372672695
0.7,1.2,0.07,23,"demo_00 +0,-5 deg",True,0.009459813509475778,0.0,0.005930620555929378
0.7,1.2,0.07,24,demo_00,True,0.0013378134613199377,0.007275877624973306,0.005927620560753963
0.7,1.2,0.07,25,"demo_00 +0,+5 deg",False,0.010661218225456253,0.37336724361617696,nan
0.7,1.2,0.07,26,"demo_00 +0,+10 deg",False,0.01873321351326164,0.3052859651195767,nan
0.7,1.2,0.07,27,"demo_00 +0,+15 deg",False,0.025561810913371414,0.237059680051996,nan
0.7,1.2,0.07,28,"demo_00 +5,-15 deg",True,0.026880657789582936,0.0,0.005930509489579242
0.7,1.2,0.07,29,"demo_00 +5,-10 deg",True,0.014138490137568488,0.0,0.005931166801946785
0.7,1.2,0.07,30,"demo_00 +5,-5 deg",True,0.0029594604644854637,0.0,0.005930232830346215
0.7,1.2,0.07,31,"demo_00 +5,+0 deg",True,0.007896315164176142,0.0,0.005928525189455248
0.7,1.2,0.07,32,"demo_00 +5,+5 deg",False,0.01684946908483695,0.32475382623484556,nan
0.7,1.2,0.07,33,"demo_00 +5,+10 deg",False,0.024634961203730953,0.2688666499375433,nan
0.7,1.2,0.07,34,"demo_00 +5,+15 deg",False,0.031252021321580774,0.2078697269693692,nan
0.7,1.2,0.07,35,"demo_00 +10,-15 deg",True,0.018843865453032228,0.0,0.0059300279658151935
0.7,1.2,0.07,36,"demo_00 +10,-10 deg",True,0.006940688756665976,0.0,0.005929668503731558
0.7,1.2,0.07,37,"demo_00 +10,-5 deg",True,0.005047762376336637,0.0,0.005927908510023342
0.7,1.2,0.07,38,"demo_00 +10,+0 deg",True,0.014528140244777388,0.0,0.0059281442011856755
0.7,1.2,0.07,39,"demo_00 +10,+5 deg",False,0.023150826864781888,0.27349342554419853,nan
0.7,1.2,0.07,40,"demo_00 +10,+10 deg",False,0.03065408194933794,0.21477335351564542,nan
0.7,1.2,0.07,41,"demo_00 +10,+15 deg",False,0.03704641238340028,0.16570113500504463,nan
0.7,1.2,0.07,42,"demo_00 +15,-15 deg",True,0.010814818254597142,0.0,0.005929168979269786
0.7,1.2,0.07,43,"demo_00 +15,-10 deg",True,0.002906265398357281,0.0,0.005927938507969838
0.7,1.2,0.07,44,"demo_00 +15,-5 deg",True,0.01197297033503943,0.0,0.00592916238845279
0.7,1.2,0.07,45,"demo_00 +15,+0 deg",True,0.02130248298826288,0.0,0.005930532837381724
0.7,1.2,0.07,46,"demo_00 +15,+5 deg",True,0.029608031818805673,0.0,0.005929630320675152
0.7,1.2,0.07,47,"demo_00 +15,+10 deg",False,0.036828172672593786,0.16296031847393144,nan
0.7,1.2,0.07,48,"demo_00 +15,+15 deg",False,0.04298280350349488,0.11404479384225824,nan
0.7,1.2,0.1,0,"demo_00 -15,-15 deg",True,0.044427118394552136,0.0,0.0059333942172335495
0.7,1.2,0.1,1,"demo_00 -15,-10 deg",True,0.03204392737273042,0.0,0.0059339998668914914
0.7,1.2,0.1,2,"demo_00 -15,-5 deg",True,0.021876509099686522,0.0,0.005937232724655222
0.7,1.2,0.1,3,"demo_00 -15,+0 deg",False,0.013443270616322623,0.0,nan
0.7,1.2,0.1,4,"demo_00 -15,+5 deg",False,0.00626139017029771,0.0,nan
0.7,1.2,0.1,5,"demo_00 -15,+10 deg",False,0.00040250536710927635,0.0,nan
0.7,1.2,0.1,6,"demo_00 -15,+15 deg",False,0.006807018115944745,0.00036648165035296776,nan
0.7,1.2,0.1,7,"demo_00 -10,-15 deg",True,0.03645014294464888,0.0,0.005929888483997157
0.7,1.2,0.1,8,"demo_00 -10,-10 deg",True,0.025259597328535506,0.0,0.005936040540877977
0.7,1.2,0.1,9,"demo_00 -10,-5 deg",True,0.0160029823235302,0.0,0.005934830322540006
0.7,1.2,0.1,10,"demo_00 -10,+0 deg",False,0.008232287503253333,0.05497645903393869,nan
0.7,1.2,0.1,11,"demo_00 -10,+5 deg",False,0.0015655238375093554,0.06285536234832378,nan
0.7,1.2,0.1,12,"demo_00 -10,+10 deg",False,0.004744696118198013,0.03860836960181299,nan
0.7,1.2,0.1,13,"demo_00 -10,+15 deg",False,0.010962388036279,0.011256374137938813,nan
0.7,1.2,0.1,14,"demo_00 -5,-15 deg",True,0.02946328195417826,0.0,0.005928952841652237
0.7,1.2,0.1,15,"demo_00 -5,-10 deg",True,0.019305587323138803,0.0,0.005934534794322464
0.7,1.2,0.1,16,"demo_00 -5,-5 deg",True,0.010792422250437589,0.0,0.005937345390724172
0.7,1.2,0.1,17,"demo_00 -5,+0 deg",True,0.0035142307814867535,0.0,0.00593578616462973
0.7,1.2,0.1,18,"demo_00 -5,+5 deg",False,0.00299569902444176,0.11940667675492976,nan
0.7,1.2,0.1,19,"demo_00 -5,+10 deg",False,0.009067780834318221,0.06533546127821088,nan
0.7,1.2,0.1,20,"demo_00 -5,+15 deg",False,0.015244794159077906,0.01825387867523251,nan
0.7,1.2,0.1,21,"demo_00 +0,-15 deg",True,0.023301707285592582,0.0,0.005931029070323053
0.7,1.2,0.1,22,"demo_00 +0,-10 deg",True,0.014015185210279361,0.0,0.005935980253581887
0.7,1.2,0.1,23,"demo_00 +0,-5 deg",True,0.006101646295551587,0.0,0.005934538051837233
0.7,1.2,0.1,24,demo_00,True,0.0008723162047309246,0.007284137531760034,0.005933947698123758
0.7,1.2,0.1,25,"demo_00 +0,+5 deg",False,0.007138871086193248,0.11822473325667222,nan
0.7,1.2,0.1,26,"demo_00 +0,+10 deg",False,0.01322418516836189,0.055350947871333434,nan
0.7,1.2,0.1,27,"demo_00 +0,+15 deg",False,0.019497732687776662,0.0055299867145539305,nan
0.7,1.2,0.1,28,"demo_00 +5,-15 deg",True,0.017743397203828372,0.0,0.005927945047380063
0.7,1.2,0.1,29,"demo_00 +5,-10 deg",True,0.0091931641506153,0.0,0.005933536724543848
0.7,1.2,0.1,30,"demo_00 +5,-5 deg",True,0.001976480935106271,0.0,0.005937195174883454
0.7,1.2,0.1,31,"demo_00 +5,+0 deg",True,0.005059204323998928,0.0,0.005936371196106594
0.7,1.2,0.1,32,"demo_00 +5,+5 deg",False,0.01119489248873778,0.0696113158753408,nan
0.7,1.2,0.1,33,"demo_00 +5,+10 deg",False,0.017309470380322583,0.01713245404680319,nan
0.7,1.2,0.1,34,"demo_00 +5,+15 deg",False,0.0237380273744936,0.0,nan
0.7,1.2,0.1,35,"demo_00 +10,-15 deg",True,0.0125405700565365,0.0,0.005929207191725438
0.7,1.2,0.1,36,"demo_00 +10,-10 deg",True,0.004721031974014662,0.0,0.005933740917010885
0.7,1.2,0.1,37,"demo_00 +10,-5 deg",True,0.0031441545148813772,0.0,0.005935525094071814
0.7,1.2,0.1,38,"demo_00 +10,+0 deg",True,0.009234059897885019,0.0,0.005937167026789688
0.7,1.2,0.1,39,"demo_00 +10,+5 deg",False,0.015271604305846977,0.018350915184694033,nan
0.7,1.2,0.1,40,"demo_00 +10,+10 deg",False,0.021421987431758317,0.0,nan
0.7,1.2,0.1,41,"demo_00 +10,+15 deg",False,0.028025888046379312,0.0,nan
0.7,1.2,0.1,42,"demo_00 +15,-15 deg",True,0.007473847038131966,0.0,0.005930835437243368
0.7,1.2,0.1,43,"demo_00 +15,-10 deg",True,0.002076468525129887,0.0,0.005938118778184553
0.7,1.2,0.1,44,"demo_00 +15,-5 deg",True,0.007437459598100297,0.0,0.005935833785565107
0.7,1.2,0.1,45,"demo_00 +15,+0 deg",True,0.013526296062958899,0.0,0.005934878983121837
0.7,1.2,0.1,46,"demo_00 +15,+5 deg",True,0.019475322391531377,0.0,0.005936618921883232
0.7,1.2,0.1,47,"demo_00 +15,+10 deg",False,0.025655113824453287,0.0,nan
0.7,1.2,0.1,48,"demo_00 +15,+15 deg",False,0.03243821659036205,0.0,nan
0.7,1.2,0.15,0,"demo_00 -15,-15 deg",True,0.03791085254582431,0.0,0.005888042090978745
0.7,1.2,0.15,1,"demo_00 -15,-10 deg",True,0.026423647276793423,0.0,0.005888063454614138
0.7,1.2,0.15,2,"demo_00 -15,-5 deg",True,0.017462191045127872,0.0,0.005888915102385419
0.7,1.2,0.15,3,"demo_00 -15,+0 deg",True,0.009930142284929049,0.0,0.005889306094020208
0.7,1.2,0.15,4,"demo_00 -15,+5 deg",True,0.004058188311721032,0.0,0.005887159761059192
0.7,1.2,0.15,5,"demo_00 -15,+10 deg",True,0.006545203838293334,0.0,0.005887819415770289
0.7,1.2,0.15,6,"demo_00 -15,+15 deg",True,0.014636087082923247,0.0,0.005891077023916507
0.7,1.2,0.15,7,"demo_00 -10,-15 deg",True,0.029559561397389095,0.0,0.0058898530072117395
0.7,1.2,0.15,8,"demo_00 -10,-10 deg",True,0.01975994577194683,0.0,0.005888340972227207
0.7,1.2,0.15,9,"demo_00 -10,-5 deg",True,0.012331584982207456,0.0,0.005887564059932383
0.7,1.2,0.15,10,"demo_00 -10,+0 deg",True,0.005970963424840444,0.0,0.005889006711623624
0.7,1.2,0.15,11,"demo_00 -10,+5 deg",True,0.001343081177975453,0.0,0.005887389573277061
0.7,1.2,0.15,12,"demo_00 -10,+10 deg",True,0.007458881817015343,0.0,0.005890734111613256
0.7,1.2,0.15,13,"demo_00 -10,+15 deg",True,0.01565959702344505,0.0,0.0058871630452999
0.7,1.2,0.15,14,"demo_00 -5,-15 deg",True,0.022461699319303946,0.0,0.005890442731158716
0.7,1.2,0.15,15,"demo_00 -5,-10 deg",True,0.014121843185693648,0.0,0.005890001857261222
0.7,1.2,0.15,16,"demo_00 -5,-5 deg",True,0.007914228662588608,0.0,0.0058872925385525165
0.7,1.2,0.15,17,"demo_00 -5,+0 deg",True,0.002461637603274911,0.0,0.0058872897819539334
0.7,1.2,0.15,18,"demo_00 -5,+5 deg",True,0.003266733155555676,0.019875920842801348,0.005891266102747591
0.7,1.2,0.15,19,"demo_00 -5,+10 deg",True,0.009936987449817409,0.0076996068868697976,0.005889886648935339
0.7,1.2,0.15,20,"demo_00 -5,+15 deg",True,0.01809395662381418,0.0,0.005888376257992507
0.7,1.2,0.15,21,"demo_00 +0,-15 deg",True,0.016729575864685233,0.0,0.005889573151013142
0.7,1.2,0.15,22,"demo_00 +0,-10 deg",True,0.009602663183566245,0.0,0.005888966923462168
0.7,1.2,0.15,23,"demo_00 +0,-5 deg",True,0.004299280043384369,0.0,0.00588836860507406
0.7,1.2,0.15,24,demo_00,True,0.0005662660982107943,0.006635400046089719,0.005891286290824658
0.7,1.2,0.15,25,"demo_00 +0,+5 deg",True,0.006063481919572321,0.031050899138381563,0.005888536284655997
0.7,1.2,0.15,26,"demo_00 +0,+10 deg",True,0.012924893978456467,0.0042772268926083434,0.005887703358004049
0.7,1.2,0.15,27,"demo_00 +0,+15 deg",True,0.021385476887771607,0.0,0.005888573891978057
0.7,1.2,0.15,28,"demo_00 +5,-15 deg",True,0.01219661207128721,0.0,0.005889006296364444
0.7,1.2,0.15,29,"demo_00 +5,-10 deg",True,0.006022271398650943,0.0,0.0058895215483919985
0.7,1.2,0.15,30,"demo_00 +5,-5 deg",True,0.001469597423644749,0.0,0.005889560107030236
0.7,1.2,0.15,31,"demo_00 +5,+0 deg",True,0.0032295030266697652,0.0,0.005889806832179947
0.7,1.2,0.15,32,"demo_00 +5,+5 deg",True,0.00870289138162958,0.0,0.005888618685031759
0.7,1.2,0.15,33,"demo_00 +5,+10 deg",True,0.016016908654861675,0.0,0.005891070889616317
0.7,1.2,0.15,34,"demo_00 +5,+15 deg",True,0.025118590731628445,0.0,0.005888886575963581
0.7,1.2,0.15,35,"demo_00 +10,-15 deg",True,0.008488142757791617,0.0,0.005889928090334288
0.7,1.2,0.15,36,"demo_00 +10,-10 deg",True,0.0031303012902362533,0.0,0.005891200230431118
0.7,1.2,0.15,37,"demo_00 +10,-5 deg",True,0.0019715124206697875,0.0,0.005889664411933003
0.7,1.2,0.15,38,"demo_00 +10,+0 deg",True,0.005793900240991359,0.0,0.0058897738931533465
0.7,1.2,0.15,39,"demo_00 +10,+5 deg",True,0.011290870190749562,0.0,0.005890405716329476
0.7,1.2,0.15,40,"demo_00 +10,+10 deg",True,0.01916244335636206,0.0,0.005891379047168017
0.7,1.2,0.15,41,"demo_00 +10,+15 deg",True,0.029109548780018982,0.0,0.005891426178020988
0.7,1.2,0.15,42,"demo_00 +15,-15 deg",True,0.005171193396749612,0.0,0.005886883587948472
0.7,1.2,0.15,43,"demo_00 +15,-10 deg",True,0.0018211053567473614,0.0,0.005889829141561507
0.7,1.2,0.15,44,"demo_00 +15,-5 deg",True,0.004675800095312191,0.0,0.0058877871906836445
0.7,1.2,0.15,45,"demo_00 +15,+0 deg",True,0.00846963462582064,0.0,0.0058908237717273295
0.7,1.2,0.15,46,"demo_00 +15,+5 deg",True,0.014001923431712516,0.0,0.005890595802235501
0.7,1.2,0.15,47,"demo_00 +15,+10 deg",True,0.02246075174249606,0.0,0.005889715470675465
0.7,1.2,0.15,48,"demo_00 +15,+15 deg",True,0.03334922450416907,0.0,0.005889023648407622
0.7,1.2,0.2,0,"demo_00 -15,-15 deg",True,0.03629813660921723,0.0,0.0059378983615839594
0.7,1.2,0.2,1,"demo_00 -15,-10 deg",True,0.023314672821216735,0.0,0.005937429179576542
0.7,1.2,0.2,2,"demo_00 -15,-5 deg",True,0.013594112676772567,0.0,0.00593591234289349
0.7,1.2,0.2,3,"demo_00 -15,+0 deg",True,0.006906980334573655,0.0,0.005934839392001782
0.7,1.2,0.2,4,"demo_00 -15,+5 deg",True,0.00471704160081803,0.0,0.005934664563994522
0.7,1.2,0.2,5,"demo_00 -15,+10 deg",True,0.009081765498935995,0.0,0.005937539267846588
0.7,1.2,0.2,6,"demo_00 -15,+15 deg",True,0.0171595428207775,0.0,0.0059369786669639085
0.7,1.2,0.2,7,"demo_00 -10,-15 deg",True,0.028998903160036553,0.0,0.005934661649806779
0.7,1.2,0.2,8,"demo_00 -10,-10 deg",True,0.018197356999321887,0.0,0.00593615645460936
0.7,1.2,0.2,9,"demo_00 -10,-5 deg",True,0.010369217229621976,0.0,0.005937555362804713
0.7,1.2,0.2,10,"demo_00 -10,+0 deg",True,0.004545749749109045,0.0,0.005937149448481061
0.7,1.2,0.2,11,"demo_00 -10,+5 deg",True,0.0027146235889787813,0.0,0.005936898865290504
0.7,1.2,0.2,12,"demo_00 -10,+10 deg",True,0.007783257441522954,0.0,0.005938025768769428
0.7,1.2,0.2,13,"demo_00 -10,+15 deg",True,0.01545035795414618,0.0,0.005937349412213534
0.7,1.2,0.2,14,"demo_00 -5,-15 deg",True,0.021860074103828207,0.0,0.005935228970514487
0.7,1.2,0.2,15,"demo_00 -5,-10 deg",True,0.012918856592638934,0.0,0.00593560446025423
0.7,1.2,0.2,16,"demo_00 -5,-5 deg",True,0.006831983485119397,0.0,0.005937834601325729
0.7,1.2,0.2,17,"demo_00 -5,+0 deg",True,0.0019848309184970106,0.0,0.005936033584792052
0.7,1.2,0.2,18,"demo_00 -5,+5 deg",True,0.002825002487164891,0.0,0.005936920457381172
0.7,1.2,0.2,19,"demo_00 -5,+10 deg",True,0.008557787475746717,0.0,0.005937950342643647
0.7,1.2,0.2,20,"demo_00 -5,+15 deg",True,0.016070586446975094,0.0,0.005935672419073536
0.7,1.2,0.2,21,"demo_00 +0,-15 deg",True,0.015799346748301444,0.0,0.0059346699226405526
0.7,1.2,0.2,22,"demo_00 +0,-10 deg",True,0.008445418981105315,0.0,0.005936949184338522
0.7,1.2,0.2,23,"demo_00 +0,-5 deg",True,0.0036888222559730856,0.0,0.00593620883768609
0.7,1.2,0.2,24,demo_00,True,0.00045004045429267105,0.007805095231940711,0.005935918466081864
0.7,1.2,0.2,25,"demo_00 +0,+5 deg",True,0.005113162836317985,0.0023486169746369245,0.0059366766740534885
0.7,1.2,0.2,26,"demo_00 +0,+10 deg",True,0.011298826518838715,0.0,0.005937250764595989
0.7,1.2,0.2,27,"demo_00 +0,+15 deg",True,0.019167949257438543,0.0,0.0059375272627551585
0.7,1.2,0.2,28,"demo_00 +5,-15 deg",True,0.01109590034372678,0.0,0.005935934114784381
0.7,1.2,0.2,29,"demo_00 +5,-10 deg",True,0.005056915995621687,0.0,0.005936991628416749
0.7,1.2,0.2,30,"demo_00 +5,-5 deg",True,0.001336802223887999,0.0,0.005935974540579924
0.7,1.2,0.2,31,"demo_00 +5,+0 deg",True,0.002579667937019237,0.0,0.005936588433927894
0.7,1.2,0.2,32,"demo_00 +5,+5 deg",True,0.007739953990241035,0.0,0.005936596730355296
0.7,1.2,0.2,33,"demo_00 +5,+10 deg",True,0.014971251247419704,0.0,0.005937416019700774
0.7,1.2,0.2,34,"demo_00 +5,+15 deg",True,0.023750628286966915,0.0,0.005937300876558568
0.7,1.2,0.2,35,"demo_00 +10,-15 deg",True,0.007491990426087432,0.0,0.005934909269316172
0.7,1.2,0.2,36,"demo_00 +10,-10 deg",True,0.0025708724341626174,0.0,0.00593764461265233
0.7,1.2,0.2,37,"demo_00 +10,-5 deg",True,0.0016833068787930653,0.0,0.005937587148264049
0.7,1.2,0.2,38,"demo_00 +10,+0 deg",True,0.0045845808512101705,0.0,0.005936307060311326
0.7,1.2,0.2,39,"demo_00 +10,+5 deg",True,0.010351451383276375,0.0,0.005935313319265253
0.7,1.2,0.2,40,"demo_00 +10,+10 deg",True,0.0189558683169955,0.0,0.0059380654675833516
0.7,1.2,0.2,41,"demo_00 +10,+15 deg",True,0.028926267845498125,0.0,0.005934829523644754
0.7,1.2,0.2,42,"demo_00 +15,-15 deg",True,0.004467090120172443,0.0,0.005937856676660576
0.7,1.2,0.2,43,"demo_00 +15,-10 deg",True,0.0018672563657205902,0.0,0.0059378866053997675
0.7,1.2,0.2,44,"demo_00 +15,-5 deg",True,0.0038715041485816435,0.0,0.005935190189785703
0.7,1.2,0.2,45,"demo_00 +15,+0 deg",True,0.006698838959455438,0.0,0.005937849217753633
0.7,1.2,0.2,46,"demo_00 +15,+5 deg",True,0.013047282197099972,0.0,0.005936816930284844
0.7,1.2,0.2,47,"demo_00 +15,+10 deg",True,0.023112094864289542,0.0,0.005936357661081182
0.7,1.2,0.2,48,"demo_00 +15,+15 deg",True,0.034326617618823385,0.0,0.005936005462876314
0.7,1.2,0.3,0,"demo_00 -15,-15 deg",True,0.031186678841990664,0.0,0.005940151416540099
0.7,1.2,0.3,1,"demo_00 -15,-10 deg",True,0.016514424001827743,0.0,0.005939053064540337
0.7,1.2,0.3,2,"demo_00 -15,-5 deg",True,0.007652394049384482,0.0,0.005939520928471276
0.7,1.2,0.3,3,"demo_00 -15,+0 deg",True,0.004003484814270097,0.0,0.005939716168604883
0.7,1.2,0.3,4,"demo_00 -15,+5 deg",True,0.006733148630158021,0.0,0.005938399693891016
0.7,1.2,0.3,5,"demo_00 -15,+10 deg",True,0.01600599476564169,0.0,0.005939584638092232
0.7,1.2,0.3,6,"demo_00 -15,+15 deg",True,0.029222795667111282,0.0,0.005938919642957803
0.7,1.2,0.3,7,"demo_00 -10,-15 deg",True,0.031065051573197642,0.0,0.005939531615975742
0.7,1.2,0.3,8,"demo_00 -10,-10 deg",True,0.01624473207131321,0.0,0.005940243893179975
0.7,1.2,0.3,9,"demo_00 -10,-5 deg",True,0.006456637967018841,0.0,0.005939654187664901
0.7,1.2,0.3,10,"demo_00 -10,+0 deg",True,0.0022371522768839217,0.0,0.005939944350642009
0.7,1.2,0.3,11,"demo_00 -10,+5 deg",True,0.004488132826807009,0.0,0.00593841580215138
0.7,1.2,0.3,12,"demo_00 -10,+10 deg",True,0.012355992011038675,0.0,0.005940206305793753
0.7,1.2,0.3,13,"demo_00 -10,+15 deg",True,0.023713082610006386,0.0,0.0059394277540060995
0.7,1.2,0.3,14,"demo_00 -5,-15 deg",True,0.027176519151350893,0.0,0.005938851289572118
0.7,1.2,0.3,15,"demo_00 -5,-10 deg",True,0.014683297884341003,0.0,0.005939061859079763
0.7,1.2,0.3,16,"demo_00 -5,-5 deg",True,0.005791498918918193,0.0,0.005938909417184262
0.7,1.2,0.3,17,"demo_00 -5,+0 deg",True,0.0011351948290595864,0.0,0.005938508567916468
0.7,1.2,0.3,18,"demo_00 -5,+5 deg",True,0.00211959505646917,0.0,0.005939420555232183
0.7,1.2,0.3,19,"demo_00 -5,+10 deg",True,0.007908211850520744,0.0,0.005940338304077336
0.7,1.2,0.3,20,"demo_00 -5,+15 deg",True,0.017609382165574,0.0,0.005939670417632275
0.7,1.2,0.3,21,"demo_00 +0,-15 deg",True,0.020677228664375973,0.0,0.0059390177937217485
0.7,1.2,0.3,22,"demo_00 +0,-10 deg",True,0.010539408236833208,0.0,0.005940415076791213
0.7,1.2,0.3,23,"demo_00 +0,-5 deg",True,0.003878130284243874,0.0,0.005939496427093722
0.7,1.2,0.3,24,demo_00,True,0.0003590643063406901,0.007445510673426277,0.005939055122779341
0.7,1.2,0.3,25,"demo_00 +0,+5 deg",True,0.002474429197418673,0.0,0.0059400092961585434
0.7,1.2,0.3,26,"demo_00 +0,+10 deg",True,0.005231598610287056,0.0,0.005938522441457413
0.7,1.2,0.3,27,"demo_00 +0,+15 deg",True,0.013403512291999894,0.0,0.00593855499776289
0.7,1.2,0.3,28,"demo_00 +5,-15 deg",True,0.014354797302173032,0.0,0.005939964944794057
0.7,1.2,0.3,29,"demo_00 +5,-10 deg",True,0.006199689005398577,0.0,0.005939168115570498
0.7,1.2,0.3,30,"demo_00 +5,-5 deg",True,0.0013290526311763595,0.0,0.005938876372197912
0.7,1.2,0.3,31,"demo_00 +5,+0 deg",True,0.0027742275753345016,0.0,0.005940202025065819
0.7,1.2,0.3,32,"demo_00 +5,+5 deg",True,0.006486662540558776,0.0,0.0059400159182379855
0.7,1.2,0.3,33,"demo_00 +5,+10 deg",True,0.009777708337299114,0.0,0.005938874759616756
0.7,1.2,0.3,34,"demo_00 +5,+15 deg",True,0.015603393529068914,0.0,0.005939941499888041
0.7,1.2,0.3,35,"demo_00 +10,-15 deg",True,0.00915966065015569,0.0,0.005938622091986693
0.7,1.2,0.3,36,"demo_00 +10,-10 deg",True,0.002853136820140745,0.0,0.0059385461727695914
0.7,1.2,0.3,37,"demo_00 +10,-5 deg",True,0.00209713057043734,0.0,0.005938409256430297
0.7,1.2,0.3,38,"demo_00 +10,+0 deg",True,0.005817882449390608,0.0,0.00593870913851313
0.7,1.2,0.3,39,"demo_00 +10,+5 deg",True,0.011417765277549256,0.0,0.005939579403059324
0.7,1.2,0.3,40,"demo_00 +10,+10 deg",True,0.016860517073281088,0.0,0.005938831995132339
0.7,1.2,0.3,41,"demo_00 +10,+15 deg",True,0.022712828668670644,0.0,0.005939918919563502
0.7,1.2,0.3,42,"demo_00 +15,-15 deg",True,0.004855915998464711,0.0,0.005938592827215159
0.7,1.2,0.3,43,"demo_00 +15,-10 deg",True,0.0022124530403326405,0.0,0.005938296514720184
0.7,1.2,0.3,44,"demo_00 +15,-5 deg",True,0.004867629208832565,0.0,0.005939366983810953
0.7,1.2,0.3,45,"demo_00 +15,+0 deg",True,0.009096352509655906,0.0,0.005939607469021273
0.7,1.2,0.3,46,"demo_00 +15,+5 deg",True,0.016591678079079946,0.0,0.005938894208546634
0.7,1.2,0.3,47,"demo_00 +15,+10 deg",True,0.023931952929730452,0.0,0.005939486842601818
0.7,1.2,0.3,48,"demo_00 +15,+15 deg",True,0.030971224795532153,0.0,0.005938657040398107
1.0,0.75,0.07,0,"demo_00 -15,-15 deg",True,0.07326561045166072,0.0,0.00558243307097087
1.0,0.75,0.07,1,"demo_00 -15,-10 deg",True,0.0547257690056451,0.0,0.0055800410302960885
1.0,0.75,0.07,2,"demo_00 -15,-5 deg",False,0.038107971330568015,0.059685794676928805,nan
1.0,0.75,0.07,3,"demo_00 -15,+0 deg",False,0.02339949419568792,0.1009272426901319,nan
1.0,0.75,0.07,4,"demo_00 -15,+5 deg",False,0.0105853658194543,0.11854249286713286,nan
1.0,0.75,0.07,5,"demo_00 -15,+10 deg",False,0.001031832596765548,0.10714471910720808,nan
1.0,0.75,0.07,6,"demo_00 -15,+15 deg",False,0.009721878345453249,0.07082888528212736,nan
1.0,0.75,0.07,7,"demo_00 -10,-15 deg",True,0.06288812047309536,0.0,0.005581055806525665
1.0,0.75,0.07,8,"demo_00 -10,-10 deg",True,0.045074868412907185,0.0,0.00558147019645175
1.0,0.75,0.07,9,"demo_00 -10,-5 deg",True,0.029106668159622373,0.0,0.0055805996831803165
1.0,0.75,0.07,10,"demo_00 -10,+0 deg",False,0.014987872836051862,0.18055244903224357,nan
1.0,0.75,0.07,11,"demo_00 -10,+5 deg",False,0.0027936289927344474,0.18843135728243973,nan
1.0,0.75,0.07,12,"demo_00 -10,+10 deg",False,0.007859197827515848,0.15803754471763753,nan
1.0,0.75,0.07,13,"demo_00 -10,+15 deg",False,0.016546766794236646,0.104113496343718,nan
1.0,0.75,0.07,14,"demo_00 -5,-15 deg",True,0.052668381831419316,0.0,0.0055806420746781936
1.0,0.75,0.07,15,"demo_00 -5,-10 deg",True,0.035559999618255886,0.0,0.005582538174180077
1.0,0.75,0.07,16,"demo_00 -5,-5 deg",True,0.020216990389278856,0.0,0.0055805355974401045
1.0,0.75,0.07,17,"demo_00 -5,+0 deg",False,0.006656796895832056,0.2604081895793923,nan
1.0,0.75,0.07,18,"demo_00 -5,+5 deg",False,0.005145503073878463,0.24498267074494118,nan
1.0,0.75,0.07,19,"demo_00 -5,+10 deg",False,0.015135383490026598,0.18482714599328767,nan
1.0,0.75,0.07,20,"demo_00 -5,+15 deg",False,0.02336505195706221,0.11700664684908807,nan
1.0,0.75,0.07,21,"demo_00 +0,-15 deg",True,0.04254651231105687,0.0,0.00558108666851464
1.0,0.75,0.07,22,"demo_00 +0,-10 deg",True,0.02612694265839505,0.0,0.0055818655618681545
1.0,0.75,0.07,23,"demo_00 +0,-5 deg",True,0.01139583554122101,0.0,0.005581984601956045
1.0,0.75,0.07,24,demo_00,True,0.001660110367150652,0.005544950798985318,0.005582967489788247
1.0,0.75,0.07,25,"demo_00 +0,+5 deg",False,0.012916324474649122,0.24380072387495566,nan
1.0,0.75,0.07,26,"demo_00 +0,+10 deg",False,0.02244532892627767,0.17571944976987763,nan
1.0,0.75,0.07,27,"demo_00 +0,+15 deg",False,0.0302188689904847,0.1074931652892287,nan
1.0,0.75,0.07,28,"demo_00 +5,-15 deg",True,0.03246254608056493,0.0,0.005581677187736046
1.0,0.75,0.07,29,"demo_00 +5,-10 deg",True,0.016729213871846803,0.0,0.005580977840747737
1.0,0.75,0.07,30,"demo_00 +5,-5 deg",True,0.0027570817518439163,0.0,0.00558320975072725
1.0,0.75,0.07,31,"demo_00 +5,+0 deg",True,0.009981375257460198,0.0,0.0055811736195202095
1.0,0.75,0.07,32,"demo_00 +5,+5 deg",False,0.020753102325775798,0.19518724339386984,nan
1.0,0.75,0.07,33,"demo_00 +5,+10 deg",False,0.02982230289714774,0.13930013377212605,nan
1.0,0.75,0.07,34,"demo_00 +5,+15 deg",False,0.03715053196378586,0.0783032120314788,nan
1.0,0.75,0.07,35,"demo_00 +10,-15 deg",True,0.022359457351725842,0.0,0.005582933452961186
1.0,0.75,0.07,36,"demo_00 +10,-10 deg",True,0.007386452434468464,0.0,0.005580361324678452
1.0,0.75,0.07,37,"demo_00 +10,-5 deg",True,0.006551805784424865,0.0,0.005581554080426203
1.0,0.75,0.07,38,"demo_00 +10,+0 deg",True,0.01838855316790153,0.0,0.005582602349359975
1.0,0.75,0.07,39,"demo_00 +10,+5 deg",True,0.028688029123961484,0.0,0.005581731035508438
1.0,0.75,0.07,40,"demo_00 +10,+10 deg",False,0.03730968452293271,0.08520683472215124,nan
1.0,0.75,0.07,41,"demo_00 +10,+15 deg",False,0.04420246531592934,0.03613461975116228,nan
1.0,0.75,0.07,42,"demo_00 +15,-15 deg",True,0.01220135988564751,0.0,0.005582610779475068
1.0,0.75,0.07,43,"demo_00 +15,-10 deg",True,0.003101016125800086,0.0,0.00558287434007052
1.0,0.75,0.07,44,"demo_00 +15,-5 deg",True,0.015523030599866105,0.0,0.005582480410720712
1.0,0.75,0.07,45,"demo_00 +15,+0 deg",True,0.02692902976509609,0.0,0.005580916413991413
1.0,0.75,0.07,46,"demo_00 +15,+5 deg",True,0.036768925612944606,0.0,0.005582161820284853
1.0,0.75,0.07,47,"demo_00 +15,+10 deg",False,0.044952864247762986,0.03339377292625573,nan
1.0,0.75,0.07,48,"demo_00 +15,+15 deg",False,0.05141711501212688,0.0,nan
1.0,0.75,0.1,0,"demo_00 -15,-15 deg",True,0.0472611574742941,0.0,0.006422558507833032
1.0,0.75,0.1,1,"demo_00 -15,-10 deg",True,0.03467074268727293,0.0,0.006423779384293414
1.0,0.75,0.1,2,"demo_00 -15,-5 deg",True,0.023935744684240454,0.0,0.006422925392477966
1.0,0.75,0.1,3,"demo_00 -15,+0 deg",False,0.01483127131979908,0.0,nan
1.0,0.75,0.1,4,"demo_00 -15,+5 deg",False,0.0071467927704371515,0.0,nan
1.0,0.75,0.1,5,"demo_00 -15,+10 deg",False,0.0014060227409631394,0.0,nan
1.0,0.75,0.1,6,"demo_00 -15,+15 deg",False,0.0055798224440419455,0.0,nan
1.0,0.75,0.1,7,"demo_00 -10,-15 deg",True,0.03993709837071681,0.0,0.006422722932427684
1.0,0.75,0.1,8,"demo_00 -10,-10 deg",True,0.028101703926303102,0.0,0.006422673558498221
1.0,0.75,0.1,9,"demo_00 -10,-5 deg",True,0.01796562009648612,0.0,0.0064230472985725385
1.0,0.75,0.1,10,"demo_00 -10,+0 deg",False,0.009329062224694484,0.0,nan
1.0,0.75,0.1,11,"demo_00 -10,+5 deg",False,0.0019996430987374927,0.0,nan
1.0,0.75,0.1,12,"demo_00 -10,+10 deg",False,0.004264284102656294,0.0052306831580624935,nan
1.0,0.75,0.1,13,"demo_00 -10,+15 deg",False,0.009634310150846674,0.0,nan
1.0,0.75,0.1,14,"demo_00 -5,-15 deg",True,0.03308869518103958,0.0,0.006422808284103235
1.0,0.75,0.1,15,"demo_00 -5,-10 deg",True,0.021943616877224414,0.0,0.006422862983185518
1.0,0.75,0.1,16,"demo_00 -5,-5 deg",True,0.012336677981058931,0.0,0.00642356159611206
1.0,0.75,0.1,17,"demo_00 -5,+0 deg",True,0.004096482579132321,0.0,0.006422718159261755
1.0,0.75,0.1,18,"demo_00 -5,+5 deg",False,0.002939128662908627,0.021291101389526043,nan
1.0,0.75,0.1,19,"demo_00 -5,+10 deg",False,0.008924411985793608,0.010948267542723988,nan
1.0,0.75,0.1,20,"demo_00 -5,+15 deg",False,0.014022801733824105,0.0,nan
1.0,0.75,0.1,21,"demo_00 +0,-15 deg",True,0.026601404919156527,0.0,0.006424229476913862
1.0,0.75,0.1,22,"demo_00 +0,-10 deg",True,0.0160890886746563,0.0,0.006424217295760455
1.0,0.75,0.1,23,"demo_00 +0,-5 deg",True,0.006952671292081192,0.0,0.006423564055985286
1.0,0.75,0.1,24,demo_00,True,0.0009887110796336156,0.005578749638357181,0.0064226598111440224
1.0,0.75,0.1,25,"demo_00 +0,+5 deg",False,0.00776771246485334,0.01964152811154432,nan
1.0,0.75,0.1,26,"demo_00 +0,+10 deg",False,0.013577001473911571,0.0,nan
1.0,0.75,0.1,27,"demo_00 +0,+15 deg",False,0.01850308605169916,0.0,nan
1.0,0.75,0.1,28,"demo_00 +5,-15 deg",True,0.02035859349421932,0.0,0.006423591272065955
1.0,0.75,0.1,29,"demo_00 +5,-10 deg",True,0.010438569571169308,0.0,0.0064225713816251405
1.0,0.75,0.1,30,"demo_00 +5,-5 deg",True,0.0018584616016855274,0.0,0.006422509469408354
1.0,0.75,0.1,31,"demo_00 +5,+0 deg",True,0.005990021788842759,0.0,0.00642289738268435
1.0,0.75,0.1,32,"demo_00 +5,+5 deg",False,0.012587360990968558,0.0,nan
1.0,0.75,0.1,33,"demo_00 +5,+10 deg",False,0.018271390224496076,0.0,nan
1.0,0.75,0.1,34,"demo_00 +5,+15 deg",False,0.023088163171441446,0.0,nan
1.0,0.75,0.1,35,"demo_00 +10,-15 deg",True,0.014245280589525221,0.0,0.0064234675352672676
1.0,0.75,0.1,36,"demo_00 +10,-10 deg",True,0.004963520542010809,0.0,0.006422779695992271
1.0,0.75,0.1,37,"demo_00 +10,-5 deg",True,0.0038297992374976488,0.0,0.006423207316775876
1.0,0.75,0.1,38,"demo_00 +10,+0 deg",True,0.011049675322267761,0.0,0.006422684910135543
1.0,0.75,0.1,39,"demo_00 +10,+5 deg",True,0.017499319472362027,0.0,0.006422764825139174
1.0,0.75,0.1,40,"demo_00 +10,+10 deg",False,0.023094497055892307,0.0,nan
1.0,0.75,0.1,41,"demo_00 +10,+15 deg",False,0.027840904054874775,0.0,nan
1.0,0.75,0.1,42,"demo_00 +15,-15 deg",True,0.008170427214134609,0.0,0.006422959968396104
1.0,0.75,0.1,43,"demo_00 +15,-10 deg",True,0.0020365387669239805,0.0,0.006423200384092002
1.0,0.75,0.1,44,"demo_00 +15,-5 deg",True,0.00916450460054867,0.0,0.006424114995173964
1.0,0.75,0.1,45,"demo_00 +15,+0 deg",True,0.016267517699174866,0.0,0.006423316750521015
1.0,0.75,0.1,46,"demo_00 +15,+5 deg",True,0.02260512629390324,0.0,0.006423624108931221
1.0,0.75,0.1,47,"demo_00 +15,+10 deg",False,0.028138372312945432,0.0,nan
1.0,0.75,0.1,48,"demo_00 +15,+15 deg",False,0.03283801692006066,0.0,nan
1.0,0.75,0.15,0,"demo_00 -15,-15 deg",True,0.0335702268829267,0.0,0.006406279321658216
1.0,0.75,0.15,1,"demo_00 -15,-10 deg",True,0.02340346778258915,0.0,0.006405463239900272
1.0,0.75,0.15,2,"demo_00 -15,-5 deg",True,0.015577295410513082,0.0,0.00640615847595576
1.0,0.75,0.15,3,"demo_00 -15,+0 deg",False,0.009470491356330145,0.0,nan
1.0,0.75,0.15,4,"demo_00 -15,+5 deg",False,0.004524805768707416,0.0,nan
1.0,0.75,0.15,5,"demo_00 -15,+10 deg",False,0.0007896773838936078,0.0,nan
1.0,0.75,0.15,6,"demo_00 -15,+15 deg",False,0.004158478568293717,0.0,nan
1.0,0.75,0.15,7,"demo_00 -10,-15 deg",True,0.026914758854714817,0.0,0.006405406934129137
1.0,0.75,0.15,8,"demo_00 -10,-10 deg",True,0.017987784705166657,0.0,0.006407006367199555
1.0,0.75,0.15,9,"demo_00 -10,-5 deg",True,0.011111962499085436,0.0,0.006406638110827692
1.0,0.75,0.15,10,"demo_00 -10,+0 deg",False,0.005675028802034784,0.003543975022115148,nan
1.0,0.75,0.15,11,"demo_00 -10,+5 deg",False,0.0011431384986502543,0.011462541334638865,nan
1.0,0.75,0.15,12,"demo_00 -10,+10 deg",False,0.002921279805232561,0.01346074091247701,nan
1.0,0.75,0.15,13,"demo_00 -10,+15 deg",False,0.006881784826519677,0.0025808344637601732,nan
1.0,0.75,0.15,14,"demo_00 -5,-15 deg",True,0.02130536277581134,0.0,0.0064065852493154895
1.0,0.75,0.15,15,"demo_00 -5,-10 deg",True,0.013451169465682228,0.0,0.006406199613540278
1.0,0.75,0.15,16,"demo_00 -5,-5 deg",True,0.007347739733281117,0.0,0.00640601417405868
1.0,0.75,0.15,17,"demo_00 -5,+0 deg",True,0.002401730023801274,0.0,0.0064071685365630175
1.0,0.75,0.15,18,"demo_00 -5,+5 deg",False,0.0018877155021233543,0.06801316072573942,nan
1.0,0.75,0.15,19,"demo_00 -5,+10 deg",False,0.005868713852507741,0.02938210135144545,nan
1.0,0.75,0.15,20,"demo_00 -5,+15 deg",False,0.009822498274104996,0.001884465390604051,nan
1.0,0.75,0.15,21,"demo_00 +0,-15 deg",True,0.016540185053096953,0.0,0.006404806830494485
1.0,0.75,0.15,22,"demo_00 +0,-10 deg",True,0.00959340576054834,0.0,0.006406674778362454
1.0,0.75,0.15,23,"demo_00 +0,-5 deg",True,0.004094977731867786,0.0,0.006407255733983555
1.0,0.75,0.15,24,demo_00,True,0.0005692351002830691,0.006815494503511907,0.0064056946971443535
1.0,0.75,0.15,25,"demo_00 +0,+5 deg",False,0.004727935458745687,0.06682982317680476,nan
1.0,0.75,0.15,26,"demo_00 +0,+10 deg",False,0.008781107908027802,0.012458717793049912,nan
1.0,0.75,0.15,27,"demo_00 +0,+15 deg",False,0.012885167687965257,0.0,nan
1.0,0.75,0.15,28,"demo_00 +5,-15 deg",True,0.012408744013821589,0.0,0.006405581950061391
1.0,0.75,0.15,29,"demo_00 +5,-10 deg",True,0.006217728222016896,0.0,0.006406718370619079
1.0,0.75,0.15,30,"demo_00 +5,-5 deg",True,0.0013056203145218363,0.0,0.0064054668838973
1.0,0.75,0.15,31,"demo_00 +5,+0 deg",True,0.003397892393216285,0.0,0.006406384803700907
1.0,0.75,0.15,32,"demo_00 +5,+5 deg",False,0.007588583210764245,0.018212818157103183,nan
1.0,0.75,0.15,33,"demo_00 +5,+10 deg",False,0.011818714532055453,0.0,nan
1.0,0.75,0.15,34,"demo_00 +5,+15 deg",False,0.016176061193297217,0.0,nan
1.0,0.75,0.15,35,"demo_00 +10,-15 deg",True,0.008693408210564076,0.0,0.006406345847683611
1.0,0.75,0.15,36,"demo_00 +10,-10 deg",True,0.0031883653688332724,0.0,0.0064072035028808596
1.0,0.75,0.15,37,"demo_00 +10,-5 deg",True,0.002143998621317497,0.0,0.006406065365802752
1.0,0.75,0.15,38,"demo_00 +10,+0 deg",True,0.006328514179361041,0.0,0.006406211970739635
1.0,0.75,0.15,39,"demo_00 +10,+5 deg",False,0.010663119661632007,0.0,nan
1.0,0.75,0.15,40,"demo_00 +10,+10 deg",False,0.015158626941694685,0.0,nan
1.0,0.75,0.15,41,"demo_00 +10,+15 deg",False,0.019840165582106117,0.0,nan
1.0,0.75,0.15,42,"demo_00 +15,-15 deg",True,0.005188087590022901,0.0,0.0064066552079587065
1.0,0.75,0.15,43,"demo_00 +15,-10 deg",True,0.0015177014136646455,0.0,0.006407210947393684
1.0,0.75,0.15,44,"demo_00 +15,-5 deg",True,0.005161826581292985,0.0,0.006405984043186483
1.0,0.75,0.15,45,"demo_00 +15,+0 deg",True,0.009562061925815395,0.0,0.00640618907807027
1.0,0.75,0.15,46,"demo_00 +15,+5 deg",True,0.014145207745466007,0.0,0.006405749536115041
1.0,0.75,0.15,47,"demo_00 +15,+10 deg",False,0.01897691811394256,0.0,nan
1.0,0.75,0.15,48,"demo_00 +15,+15 deg",False,0.02402901439607437,0.0,nan
1.0,0.75,0.2,0,"demo_00 -15,-15 deg",True,0.03190380601401125,0.0,0.006128689229242666
1.0,0.75,0.2,1,"demo_00 -15,-10 deg",True,0.021056930882296,0.0,0.00612842856721391
1.0,0.75,0.2,2,"demo_00 -15,-5 deg",True,0.013315144869494743,0.0,0.006128380320935348
1.0,0.75,0.2,3,"demo_00 -15,+0 deg",False,0.007700117552407263,0.0,nan
1.0,0.75,0.2,4,"demo_00 -15,+5 deg",False,0.003337515048950478,0.0022624258301384426,nan
1.0,0.75,0.2,5,"demo_00 -15,+10 deg",False,0.0005475600871260713,0.000823067639426911,nan
1.0,0.75,0.2,6,"demo_00 -15,+15 deg",False,0.004718974806371578,0.00012491409863635283,nan
1.0,0.75,0.2,7,"demo_00 -10,-15 deg",True,0.02398506769756239,0.0,0.006128329417570056
1.0,0.75,0.2,8,"demo_00 -10,-10 deg",True,0.015077549330318608,0.0,0.006128519241672729
1.0,0.75,0.2,9,"demo_00 -10,-5 deg",True,0.008858851660841598,0.0,0.006129461853890865
1.0,0.75,0.2,10,"demo_00 -10,+0 deg",False,0.0042958536588739065,0.06427238733102258,nan
1.0,0.75,0.2,11,"demo_00 -10,+5 deg",False,0.0006845661990749785,0.07215129064800962,nan
1.0,0.75,0.2,12,"demo_00 -10,+10 deg",False,0.003170605113642017,0.045164795952044035,nan
1.0,0.75,0.2,13,"demo_00 -10,+15 deg",False,0.007177852690431499,0.017729896135375234,nan
1.0,0.75,0.2,14,"demo_00 -5,-15 deg",True,0.01774515678034679,0.0,0.006128552655306836
1.0,0.75,0.2,15,"demo_00 -5,-10 deg",True,0.01051258364406605,0.0,0.006128840054630792
1.0,0.75,0.2,16,"demo_00 -5,-5 deg",True,0.005524906022992034,0.0,0.006129701171012175
1.0,0.75,0.2,17,"demo_00 -5,+0 deg",False,0.0017065402181871698,0.1441282547885042,nan
1.0,0.75,0.2,18,"demo_00 -5,+5 deg",False,0.001842140058331492,0.12870260505459602,nan
1.0,0.75,0.2,19,"demo_00 -5,+10 deg",False,0.0055179901079902794,0.07096480377010467,nan
1.0,0.75,0.2,20,"demo_00 -5,+15 deg",False,0.009766631964572767,0.02445707193401847,nan
1.0,0.75,0.2,21,"demo_00 +0,-15 deg",True,0.012903474162059366,0.0,0.006128593018446025
1.0,0.75,0.2,22,"demo_00 +0,-10 deg",True,0.007063894543855946,0.0,0.006130092667061273
1.0,0.75,0.2,23,"demo_00 +0,-5 deg",True,0.0030166754741610107,0.0,0.0061290111709028225
1.0,0.75,0.2,24,demo_00,True,0.0004055186046002597,0.007443601221324363,0.006129143434604402
1.0,0.75,0.2,25,"demo_00 +0,+5 deg",False,0.003828559507470406,0.12752066155630076,nan
1.0,0.75,0.2,26,"demo_00 +0,+10 deg",False,0.007807805891826922,0.060992635170163484,nan
1.0,0.75,0.2,27,"demo_00 +0,+15 deg",False,0.012521141264849564,0.011056353717954381,nan
1.0,0.75,0.2,28,"demo_00 +5,-15 deg",True,0.009162618167908225,0.0,0.006128043864335295
1.0,0.75,0.2,29,"demo_00 +5,-10 deg",True,0.004431599328967254,0.0,0.006129255227142591
1.0,0.75,0.2,30,"demo_00 +5,-5 deg",True,0.0011796356007669818,0.0001355584095378646,0.006128910400909586
1.0,0.75,0.2,31,"demo_00 +5,+0 deg",True,0.002323308694139362,0.0,0.006128963704554983
1.0,0.75,0.2,32,"demo_00 +5,+5 deg",False,0.00590379790539881,0.07890724417488623,nan
1.0,0.75,0.2,33,"demo_00 +5,+10 deg",False,0.010327236238136589,0.02365445223255544,nan
1.0,0.75,0.2,34,"demo_00 +5,+15 deg",False,0.015647675878251666,0.0,nan
1.0,0.75,0.2,35,"demo_00 +10,-15 deg",True,0.006206770376938467,0.0,0.006129072303019186
1.0,0.75,0.2,36,"demo_00 +10,-10 deg",True,0.0023656490307673293,0.0,0.00612824095075601
1.0,0.75,0.2,37,"demo_00 +10,-5 deg",True,0.0014966979489472476,0.0,0.006128675101847037
1.0,0.75,0.2,38,"demo_00 +10,+0 deg",True,0.004403685884781386,0.0,0.006129067045313409
1.0,0.75,0.2,39,"demo_00 +10,+5 deg",False,0.008354723640360042,0.027646843484014555,nan
1.0,0.75,0.2,40,"demo_00 +10,+10 deg",False,0.013359977393229926,0.0,nan
1.0,0.75,0.2,41,"demo_00 +10,+15 deg",False,0.01938432616384253,0.0,nan
1.0,0.75,0.2,42,"demo_00 +15,-15 deg",True,0.003712480794680894,0.0,0.006127542609008787
1.0,0.75,0.2,43,"demo_00 +15,-10 deg",True,0.0013331969057641696,0.0,0.00612911164104733
1.0,0.75,0.2,44,"demo_00 +15,-5 deg",True,0.0035281138916742837,0.0,0.006130612858409069
1.0,0.75,0.2,45,"demo_00 +15,+0 deg",True,0.006965493461779793,0.0,0.006128592137201195
1.0,0.75,0.2,46,"demo_00 +15,+5 deg",False,0.01147576214054332,0.0,nan
1.0,0.75,0.2,47,"demo_00 +15,+10 deg",False,0.01717591164728558,0.0,nan
1.0,0.75,0.2,48,"demo_00 +15,+15 deg",False,0.02396280786867966,0.0,nan
1.0,0.75,0.3,0,"demo_00 -15,-15 deg",True,0.038761066170059914,0.0,0.006157373694187357
1.0,0.75,0.3,1,"demo_00 -15,-10 deg",True,0.023914505029537427,0.0,0.006157461948339233
1.0,0.75,0.3,2,"demo_00 -15,-5 deg",True,0.01410114368569961,0.0,0.006158080801597036
1.0,0.75,0.3,3,"demo_00 -15,+0 deg",False,0.00794818115955693,0.0,nan
1.0,0.75,0.3,4,"demo_00 -15,+5 deg",False,0.004082621516639256,0.0,nan
1.0,0.75,0.3,5,"demo_00 -15,+10 deg",False,0.0038306486176498578,0.0,nan
1.0,0.75,0.3,6,"demo_00 -15,+15 deg",False,0.010432965800586967,0.0,nan
1.0,0.75,0.3,7,"demo_00 -10,-15 deg",True,0.026847030706250753,0.0,0.006157122712336649
1.0,0.75,0.3,8,"demo_00 -10,-10 deg",True,0.01528275745184596,0.0,0.006156925777148666
1.0,0.75,0.3,9,"demo_00 -10,-5 deg",True,0.0081676819431012,0.0,0.0061578340237588
1.0,0.75,0.3,10,"demo_00 -10,+0 deg",False,0.0038445594237081354,0.0,nan
1.0,0.75,0.3,11,"demo_00 -10,+5 deg",False,0.000790920052226019,0.0,nan
1.0,0.75,0.3,12,"demo_00 -10,+10 deg",False,0.003449774538082966,0.0,nan
1.0,0.75,0.3,13,"demo_00 -10,+15 deg",False,0.010363924439371326,0.0,nan
1.0,0.75,0.3,14,"demo_00 -5,-15 deg",True,0.017874439500093115,0.0,0.0061568489399527375
1.0,0.75,0.3,15,"demo_00 -5,-10 deg",True,0.009264311239094034,0.0,0.006156695574975806
1.0,0.75,0.3,16,"demo_00 -5,-5 deg",True,0.004396712733344526,0.0,0.006157470176090045
1.0,0.75,0.3,17,"demo_00 -5,+0 deg",True,0.0013173194236952056,0.0,0.006157964610392268
1.0,0.75,0.3,18,"demo_00 -5,+5 deg",False,0.001491034717943427,0.028246982764240383,nan
1.0,0.75,0.3,19,"demo_00 -5,+10 deg",False,0.005376707645965576,0.0,nan
1.0,0.75,0.3,20,"demo_00 -5,+15 deg",False,0.012126715954080733,0.0,nan
1.0,0.75,0.3,21,"demo_00 +0,-15 deg",True,0.011429259182585248,0.0,0.00615652555173261
1.0,0.75,0.3,22,"demo_00 +0,-10 deg",True,0.005349018713860873,0.0,0.0061574752000516835
1.0,0.75,0.3,23,"demo_00 +0,-5 deg",True,0.002209554138461448,0.0,0.006157397188410302
1.0,0.75,0.3,24,demo_00,True,0.0002938400892045656,0.007455163113625148,0.006157299922825399
1.0,0.75,0.3,25,"demo_00 +0,+5 deg",False,0.003321979531044892,0.02707797634147216,nan
1.0,0.75,0.3,26,"demo_00 +0,+10 deg",False,0.007898964223412628,0.0,nan
1.0,0.75,0.3,27,"demo_00 +0,+15 deg",False,0.015166013813933834,0.0,nan
1.0,0.75,0.3,28,"demo_00 +5,-15 deg",True,0.007039940517830185,0.0,0.006156271681700562
1.0,0.75,0.3,29,"demo_00 +5,-10 deg",True,0.0029877870668183265,0.0,0.006156892073708815
1.0,0.75,0.3,30,"demo_00 +5,-5 deg",True,0.0010682104556389437,0.0005456319229460802,0.006157275456566855
1.0,0.75,0.3,31,"demo_00 +5,+0 deg",True,0.0015787789788359893,0.0,0.006158213133711693
1.0,0.75,0.3,32,"demo_00 +5,+5 deg",False,0.005278669308177512,0.0,nan
1.0,0.75,0.3,33,"demo_00 +5,+10 deg",False,0.010993570250579805,0.0,nan
1.0,0.75,0.3,34,"demo_00 +5,+15 deg",False,0.019329335472526344,0.0,nan
1.0,0.75,0.3,35,"demo_00 +10,-15 deg",True,0.004204548897240015,0.0,0.006156894573033147
1.0,0.75,0.3,36,"demo_00 +10,-10 deg",True,0.0016322545103699192,0.0,0.006157207278670446
1.0,0.75,0.3,37,"demo_00 +10,-5 deg",True,0.0009591549871012882,0.0,0.00615815884224412
1.0,0.75,0.3,38,"demo_00 +10,+0 deg",True,0.0031676713977507203,0.0,0.006157493624173773
1.0,0.75,0.3,39,"demo_00 +10,+5 deg",False,0.007890428015163745,0.0,nan
1.0,0.75,0.3,40,"demo_00 +10,+10 deg",False,0.015020793921669325,0.0,nan
1.0,0.75,0.3,41,"demo_00 +10,+15 deg",False,0.024750600498958816,0.0,nan
1.0,0.75,0.3,42,"demo_00 +15,-15 deg",True,0.002386098990434189,0.0,0.006156759875828845
1.0,0.75,0.3,43,"demo_00 +15,-10 deg",True,0.0010754877488750312,0.0,0.00615802933553168
1.0,0.75,0.3,44,"demo_00 +15,-5 deg",True,0.0022324562038876926,0.0,0.006158217491476531
1.0,0.75,0.3,45,"demo_00 +15,+0 deg",True,0.005628314883499899,0.0,0.006157831857787923
1.0,0.75,0.3,46,"demo_00 +15,+5 deg",False,0.011663709018197067,0.0,nan
1.0,0.75,0.3,47,"demo_00 +15,+10 deg",False,0.02038097519744066,0.0,nan
1.0,0.75,0.3,48,"demo_00 +15,+15 deg",False,0.031653744318932524,0.0,nan
1.0,0.9,0.07,0,"demo_00 -15,-15 deg",True,0.0677597166379044,0.0,0.00604480003804354
1.0,0.9,0.07,1,"demo_00 -15,-10 deg",True,0.05039482623919985,0.0,0.00604702551771871
1.0,0.9,0.07,2,"demo_00 -15,-5 deg",False,0.03496541519062231,0.06286151080811886,nan
1.0,0.9,0.07,3,"demo_00 -15,+0 deg",False,0.021441293665777825,0.1041028502477778,nan
1.0,0.9,0.07,4,"demo_00 -15,+5 deg",False,0.009796759432746473,0.1217180989845219,nan
1.0,0.9,0.07,5,"demo_00 -15,+10 deg",False,0.0012431803972488482,0.11032032487965926,nan
1.0,0.9,0.07,6,"demo_00 -15,+15 deg",False,0.008482387872904574,0.07400449091782421,nan
1.0,0.9,0.07,7,"demo_00 -10,-15 deg",True,0.05811172350306182,0.0,0.006046954318186314
1.0,0.9,0.07,8,"demo_00 -10,-10 deg",True,0.04147126018501187,0.0,0.006047134549584048
1.0,0.9,0.07,9,"demo_00 -10,-5 deg",True,0.02667165735018097,0.0,0.006047292770109353
1.0,0.9,0.07,10,"demo_00 -10,+0 deg",False,0.013705236385088821,0.18372806041445114,nan
1.0,0.9,0.07,11,"demo_00 -10,+5 deg",False,0.0026974292650944116,0.1916069637978919,nan
1.0,0.9,0.07,12,"demo_00 -10,+10 deg",False,0.0070518676113891345,0.16121315060633506,nan
1.0,0.9,0.07,13,"demo_00 -10,+15 deg",False,0.014751191409503463,0.10728910202827005,nan
1.0,0.9,0.07,14,"demo_00 -5,-15 deg",True,0.04864652958771364,0.0,0.006045395593404207
1.0,0.9,0.07,15,"demo_00 -5,-10 deg",True,0.03271138139255228,0.0,0.006046517801778823
1.0,0.9,0.07,16,"demo_00 -5,-5 deg",True,0.018519339690727613,0.0,0.006047368777926301
1.0,0.9,0.07,17,"demo_00 -5,+0 deg",False,0.006078250619423866,0.2635839274579997,nan
1.0,0.9,0.07,18,"demo_00 -5,+5 deg",False,0.004685300833616417,0.24815827819472558,nan
1.0,0.9,0.07,19,"demo_00 -5,+10 deg",False,0.013669290518949481,0.18800275207532094,nan
1.0,0.9,0.07,20,"demo_00 -5,+15 deg",False,0.020981217599076334,0.1201822526039586,nan
1.0,0.9,0.07,21,"demo_00 +0,-15 deg",True,0.03930483049506402,0.0,0.006045138558472189
1.0,0.9,0.07,22,"demo_00 +0,-10 deg",True,0.02406190700188113,0.0,0.006046872916781862
1.0,0.9,0.07,23,"demo_00 +0,-5 deg",True,0.010468953218495888,0.0,0.006045710755557643
1.0,0.9,0.07,24,demo_00,True,0.0015062624562140175,0.005382864054698796,0.006046244960838173
1.0,0.9,0.07,25,"demo_00 +0,+5 deg",False,0.011733437434826601,0.2469763346677798,nan
1.0,0.9,0.07,26,"demo_00 +0,+10 deg",False,0.020311096483218674,0.17889505621237956,nan
1.0,0.9,0.07,27,"demo_00 +0,+15 deg",False,0.02721915193101846,0.1106687711507588,nan
1.0,0.9,0.07,28,"demo_00 +5,-15 deg",True,0.030026603845793563,0.0,0.006046543639013169
1.0,0.9,0.07,29,"demo_00 +5,-10 deg",True,0.015479175262038304,0.0,0.006046672065124747
1.0,0.9,0.07,30,"demo_00 +5,-5 deg",True,0.0026857475797299212,0.0,0.0060464460224842
1.0,0.9,0.07,31,"demo_00 +5,+0 deg",True,0.009073385768138662,0.0,0.0060453598092245564
1.0,0.9,0.07,32,"demo_00 +5,+5 deg",False,0.018844104143513722,0.1983629171015744,nan
1.0,0.9,0.07,33,"demo_00 +5,+10 deg",False,0.027002578444329284,0.1424757410240817,nan
1.0,0.9,0.07,34,"demo_00 +5,+15 deg",False,0.03351345968197564,0.08147881806674898,nan
1.0,0.9,0.07,35,"demo_00 +10,-15 deg",True,0.020754713139214207,0.0,0.006044521710295035
1.0,0.9,0.07,36,"demo_00 +10,-10 deg",True,0.007003806679868462,0.0,0.006044787487686737
1.0,0.9,0.07,37,"demo_00 +10,-5 deg",True,0.005964096152354942,0.0,0.006046351261956048
1.0,0.9,0.07,38,"demo_00 +10,+0 deg",True,0.016706384672801233,0.0,0.006046869484229715
1.0,0.9,0.07,39,"demo_00 +10,+5 deg",True,0.02603895388934579,0.0,0.006047305444172497
1.0,0.9,0.07,40,"demo_00 +10,+10 deg",False,0.03379085623598632,0.08838244458725575,nan
1.0,0.9,0.07,41,"demo_00 +10,+15 deg",False,0.039914108491775936,0.03931022610020268,nan
1.0,0.9,0.07,42,"demo_00 +15,-15 deg",True,0.011457299562596116,0.0,0.006046753292736414
1.0,0.9,0.07,43,"demo_00 +15,-10 deg",True,0.0029795706083604856,0.0,0.006044785416102756
1.0,0.9,0.07,44,"demo_00 +15,-5 deg",True,0.014088114319242872,0.0,0.006046459374019639
1.0,0.9,0.07,45,"demo_00 +15,+0 deg",True,0.02445944522670047,0.0,0.006047226819622134
1.0,0.9,0.07,46,"demo_00 +15,+5 deg",True,0.033370486226856386,0.0,0.006045668511947195
1.0,0.9,0.07,47,"demo_00 +15,+10 deg",False,0.04072827578582367,0.036569409491768234,nan
1.0,0.9,0.07,48,"demo_00 +15,+15 deg",False,0.0464724302735243,0.0,nan
1.0,0.9,0.1,0,"demo_00 -15,-15 deg",True,0.04391213634484379,0.0,0.006378197631760089
1.0,0.9,0.1,1,"demo_00 -15,-10 deg",True,0.03189339452626318,0.0,0.0063801102641465966
1.0,0.9,0.1,2,"demo_00 -15,-5 deg",True,0.02185016902941361,0.0,0.006378951284358479
1.0,0.9,0.1,3,"demo_00 -15,+0 deg",False,0.013485484831116723,0.0,nan
1.0,0.9,0.1,4,"demo_00 -15,+5 deg",False,0.006508920699626013,0.0,nan
1.0,0.9,0.1,5,"demo_00 -15,+10 deg",False,0.0011657270593742781,0.0,nan
1.0,0.9,0.1,6,"demo_00 -15,+15 deg",False,0.0050181105260488365,0.0,nan
1.0,0.9,0.1,7,"demo_00 -10,-15 deg",True,0.037058765203623154,0.0,0.006378365258372228
1.0,0.9,0.1,8,"demo_00 -10,-10 deg",True,0.02581732142902442,0.0,0.006378973046380316
1.0,0.9,0.1,9,"demo_00 -10,-5 deg",True,0.016374433017962455,0.0,0.0063788650844471585
1.0,0.9,0.1,10,"demo_00 -10,+0 deg",False,0.008467889818233484,0.0,nan
1.0,0.9,0.1,11,"demo_00 -10,+5 deg",False,0.0018386682915643652,0.005535723412482735,nan
1.0,0.9,0.1,12,"demo_00 -10,+10 deg",False,0.0037739621708069173,0.009976240853366874,nan
1.0,0.9,0.1,13,"demo_00 -10,+15 deg",False,0.008648152862397823,0.0,nan
1.0,0.9,0.1,14,"demo_00 -5,-15 deg",True,0.03066972452557311,0.0,0.006380187841965251
1.0,0.9,0.1,15,"demo_00 -5,-10 deg",True,0.020143164595750215,0.0,0.006379906653019469
1.0,0.9,0.1,16,"demo_00 -5,-5 deg",True,0.011232981945811927,0.0,0.006378167993597185
1.0,0.9,0.1,17,"demo_00 -5,+0 deg",True,0.0037121876807569947,0.0,0.006379681797139937
1.0,0.9,0.1,18,"demo_00 -5,+5 deg",False,0.002642793218941963,0.062086126010514844,nan
1.0,0.9,0.1,19,"demo_00 -5,+10 deg",False,0.008015071159111441,0.0232604713150584,nan
1.0,0.9,0.1,20,"demo_00 -5,+15 deg",False,0.012620997295143342,0.0,nan
1.0,0.9,0.1,21,"demo_00 +0,-15 deg",True,0.02464010665159701,0.0,0.006379380878567641
1.0,0.9,0.1,22,"demo_00 +0,-10 deg",True,0.014772712162070762,0.0,0.006379742433264918
1.0,0.9,0.1,23,"demo_00 +0,-5 deg",True,0.006340554088554414,0.0,0.006379593681632489
1.0,0.9,0.1,24,demo_00,True,0.0008970450863025778,0.005980665113039357,0.0063780584031184195
1.0,0.9,0.1,25,"demo_00 +0,+5 deg",False,0.00700470469387908,0.06090226746156398,nan
1.0,0.9,0.1,26,"demo_00 +0,+10 deg",False,0.012229910915493343,0.004418151295080247,nan
1.0,0.9,0.1,27,"demo_00 +0,+15 deg",False,0.01668783699194138,0.0,nan
1.0,0.9,0.1,28,"demo_00 +5,-15 deg",True,0.018860800716451024,0.0,0.006379504143662183
1.0,0.9,0.1,29,"demo_00 +5,-10 deg",True,0.009614000354898282,0.0,0.006380043564009164
1.0,0.9,0.1,30,"demo_00 +5,-5 deg",True,0.0017823145280398771,0.0,0.006379609337516496
1.0,0.9,0.1,31,"demo_00 +5,+0 deg",True,0.005424085364302405,0.0,0.006379367027504439
1.0,0.9,0.1,32,"demo_00 +5,+5 deg",False,0.011363526640299012,0.012283322293809962,nan
1.0,0.9,0.1,33,"demo_00 +5,+10 deg",False,0.016488631766905133,0.0,nan
1.0,0.9,0.1,34,"demo_00 +5,+15 deg",False,0.02086828049919092,0.0,nan
1.0,0.9,0.1,35,"demo_00 +10,-15 deg",True,0.013221021915738027,0.0,0.006379564895008751
1.0,0.9,0.1,36,"demo_00 +10,-10 deg",True,0.004649706960709719,0.0,0.006378702824147999
1.0,0.9,0.1,37,"demo_00 +10,-5 deg",True,0.0035250109546319766,0.0,0.006379430142308187
1.0,0.9,0.1,38,"demo_00 +10,+0 deg",True,0.0100124843082198,0.0,0.006379436918718873
1.0,0.9,0.1,39,"demo_00 +10,+5 deg",False,0.015825037552745766,0.0,nan
1.0,0.9,0.1,40,"demo_00 +10,+10 deg",False,0.02089049552608772,0.0,nan
1.0,0.9,0.1,41,"demo_00 +10,+15 deg",False,0.025237289784206265,0.0,nan
1.0,0.9,0.1,42,"demo_00 +15,-15 deg",True,0.007629881991001467,0.0,0.006378776388078695
1.0,0.9,0.1,43,"demo_00 +15,-10 deg",True,0.0020126560712621843,0.0,0.006379185012666869
1.0,0.9,0.1,44,"demo_00 +15,-5 deg",True,0.008356185930019452,0.0,0.0063792857601228745
1.0,0.9,0.1,45,"demo_00 +15,+0 deg",True,0.014771065785272245,0.0,0.006379865704054016
1.0,0.9,0.1,46,"demo_00 +15,+5 deg",True,0.02050168354970914,0.0,0.006378467712097567
1.0,0.9,0.1,47,"demo_00 +15,+10 deg",False,0.025542413577775154,0.0,nan
1.0,0.9,0.1,48,"demo_00 +15,+15 deg",False,0.0298878191974472,0.0,nan
1.0,0.9,0.15,0,"demo_00 -15,-15 deg",True,0.03127293190319023,0.0,0.006105025201219491
1.0,0.9,0.15,1,"demo_00 -15,-10 deg",True,0.02132929602379094,0.0,0.006104581889964027
1.0,0.9,0.15,2,"demo_00 -15,-5 deg",True,0.013894111000975177,0.0,0.006103211660597206
1.0,0.9,0.15,3,"demo_00 -15,+0 deg",False,0.008155527405169118,0.0,nan
1.0,0.9,0.15,4,"demo_00 -15,+5 deg",False,0.0033988134413292614,0.0,nan
1.0,0.9,0.15,5,"demo_00 -15,+10 deg",False,0.0013069373923674966,0.0,nan
1.0,0.9,0.15,6,"demo_00 -15,+15 deg",False,0.00580109942984634,0.0,nan
1.0,0.9,0.15,7,"demo_00 -10,-15 deg",True,0.025136969433859492,0.0,0.006103242288455672
1.0,0.9,0.15,8,"demo_00 -10,-10 deg",True,0.016458930411353295,0.0,0.006104979390569127
1.0,0.9,0.15,9,"demo_00 -10,-5 deg",True,0.009984377262024877,0.0,0.006104164737453251
1.0,0.9,0.15,10,"demo_00 -10,+0 deg",False,0.004922503592499683,0.012296547696591803,nan
1.0,0.9,0.15,11,"demo_00 -10,+5 deg",False,0.0005981198168825189,0.020175684450833287,nan
1.0,0.9,0.15,12,"demo_00 -10,+10 deg",False,0.003546379197299953,0.021509603292606455,nan
1.0,0.9,0.15,13,"demo_00 -10,+15 deg",False,0.00788402120389094,0.006428408164132232,nan
1.0,0.9,0.15,14,"demo_00 -5,-15 deg",True,0.019926793964436217,0.0,0.006102367638813685
1.0,0.9,0.15,15,"demo_00 -5,-10 deg",True,0.012345038063945131,0.0,0.006103980858472928
1.0,0.9,0.15,16,"demo_00 -5,-5 deg",True,0.006654532378499203,0.0,0.006103691235184582
1.0,0.9,0.15,17,"demo_00 -5,+0 deg",True,0.002095281350166448,0.0,0.006103541391746643
1.0,0.9,0.15,18,"demo_00 -5,+5 deg",False,0.001985666483162797,0.07672699790648492,nan
1.0,0.9,0.15,19,"demo_00 -5,+10 deg",False,0.005996675659507113,0.042085499582359354,nan
1.0,0.9,0.15,20,"demo_00 -5,+15 deg",False,0.0102576747297734,0.009753922160626288,nan
1.0,0.9,0.15,21,"demo_00 +0,-15 deg",True,0.015472054480684243,0.0,0.006104603234527422
1.0,0.9,0.15,22,"demo_00 +0,-10 deg",True,0.008823717240578323,0.0,0.006105620107995912
1.0,0.9,0.15,23,"demo_00 +0,-5 deg",True,0.003755316846735839,0.0,0.006102877111614425
1.0,0.9,0.15,24,demo_00,True,0.0005126406036034045,0.0071164782497335904,0.00610609677708126
1.0,0.9,0.15,25,"demo_00 +0,+5 deg",False,0.0044336008402282865,0.07554505289067827,nan
1.0,0.9,0.15,26,"demo_00 +0,+10 deg",False,0.00849169629445945,0.030665651382233233,nan
1.0,0.9,0.15,27,"demo_00 +0,+15 deg",False,0.012855935962885904,0.0,nan
1.0,0.9,0.15,28,"demo_00 +5,-15 deg",True,0.011597412289592497,0.0,0.0061024854560859905
1.0,0.9,0.15,29,"demo_00 +5,-10 deg",True,0.005733852481783882,0.0,0.006104805074677722
1.0,0.9,0.15,30,"demo_00 +5,-5 deg",True,0.0012919575253209923,4.721067487178238e-06,0.00610574887984237
1.0,0.9,0.15,31,"demo_00 +5,+0 deg",True,0.003044029631963227,0.0,0.00610581651581147
1.0,0.9,0.15,32,"demo_00 +5,+5 deg",False,0.006972451053547097,0.026931633202171068,nan
1.0,0.9,0.15,33,"demo_00 +5,+10 deg",False,0.011189089103607948,0.0,nan
1.0,0.9,0.15,34,"demo_00 +5,+15 deg",False,0.0157843791245635,0.0,nan
1.0,0.9,0.15,35,"demo_00 +10,-15 deg",True,0.008113397277242335,0.0,0.006102326638728778
1.0,0.9,0.15,36,"demo_00 +10,-10 deg",True,0.002968666319131333,0.0,0.006103932424674626
1.0,0.9,0.15,37,"demo_00 +10,-5 deg",True,0.002010081408634161,0.0,0.006103560175434746
1.0,0.9,0.15,38,"demo_00 +10,+0 deg",True,0.005731881791460862,0.0,0.006105569507489414
1.0,0.9,0.15,39,"demo_00 +10,+5 deg",False,0.009800445118343345,0.0,nan
1.0,0.9,0.15,40,"demo_00 +10,+10 deg",False,0.014281017350665134,0.0,nan
1.0,0.9,0.15,41,"demo_00 +10,+15 deg",False,0.01920328141737179,0.0,nan
1.0,0.9,0.15,42,"demo_00 +15,-15 deg",True,0.004826607954680355,0.0,0.006104051653071111
1.0,0.9,0.15,43,"demo_00 +15,-10 deg",True,0.0015144821108921105,0.0,0.0061058184552021675
1.0,0.9,0.15,44,"demo_00 +15,-5 deg",True,0.004794402980401322,0.0,0.0061029366376024715
1.0,0.9,0.15,45,"demo_00 +15,+0 deg",True,0.008788659815801453,0.0,0.006105791882104362
1.0,0.9,0.15,46,"demo_00 +15,+5 deg",False,0.013130301613987181,0.0,nan
1.0,0.9,0.15,47,"demo_00 +15,+10 deg",False,0.017969994984609057,0.0,nan
1.0,0.9,0.15,48,"demo_00 +15,+15 deg",False,0.023289346833687337,0.0,nan
1.0,0.9,0.2,0,"demo_00 -15,-15 deg",True,0.02932402679750163,0.0,0.006010413375781616
1.0,0.9,0.2,1,"demo_00 -15,-10 deg",True,0.01878939969107159,0.0,0.006010170709226365
1.0,0.9,0.2,2,"demo_00 -15,-5 deg",True,0.011567486563200073,0.0,0.006009191524053112
1.0,0.9,0.2,3,"demo_00 -15,+0 deg",False,0.006395933994966766,0.0,nan
1.0,0.9,0.2,4,"demo_00 -15,+5 deg",False,0.002207690511756354,0.0,nan
1.0,0.9,0.2,5,"demo_00 -15,+10 deg",False,0.0022857079212321206,0.0,nan
1.0,0.9,0.2,6,"demo_00 -15,+15 deg",False,0.007437123358460537,0.0,nan
1.0,0.9,0.2,7,"demo_00 -10,-15 deg",True,0.02225657122593597,0.0,0.006008804921515068
1.0,0.9,0.2,8,"demo_00 -10,-10 deg",True,0.013621218391733397,0.0,0.006008729144330176
1.0,0.9,0.2,9,"demo_00 -10,-5 deg",True,0.00785279575698109,0.0,0.006010785520947797
1.0,0.9,0.2,10,"demo_00 -10,+0 deg",False,0.0036358052616361465,0.012303633643607204,nan
1.0,0.9,0.2,11,"demo_00 -10,+5 deg",False,0.00015676509711329923,0.020182536994870798,nan
1.0,0.9,0.2,12,"demo_00 -10,+10 deg",False,0.004068976652690904,0.024346483394465268,nan
1.0,0.9,0.2,13,"demo_00 -10,+15 deg",False,0.008961046198756798,0.0,nan
1.0,0.9,0.2,14,"demo_00 -5,-15 deg",True,0.016638465300325873,0.0,0.006008799892363445
1.0,0.9,0.2,15,"demo_00 -5,-10 deg",True,0.009618833822327016,0.0,0.006010525550783474
1.0,0.9,0.2,16,"demo_00 -5,-5 deg",True,0.0050130298612050496,0.0,0.006010144366600561
1.0,0.9,0.2,17,"demo_00 -5,+0 deg",True,0.001476614478871323,0.0,0.00600873475412366
1.0,0.9,0.2,18,"demo_00 -5,+5 deg",False,0.00202210688142238,0.07685891322280626,nan
1.0,0.9,0.2,19,"demo_00 -5,+10 deg",False,0.006018751281340709,0.04643400590672775,nan
1.0,0.9,0.2,20,"demo_00 -5,+15 deg",False,0.010946733241487818,0.0034889557876652544,nan
1.0,0.9,0.2,21,"demo_00 +0,-15 deg",True,0.012202293893083183,0.0,0.006009151029597845
1.0,0.9,0.2,22,"demo_00 +0,-10 deg",True,0.0065229966610793645,0.0,0.0060092442958412495
1.0,0.9,0.2,23,"demo_00 +0,-5 deg",True,0.002804459596719571,0.0,0.006010217755210698
1.0,0.9,0.2,24,demo_00,True,0.0003655411549568512,0.007618734993211019,0.006009774051060905
1.0,0.9,0.2,25,"demo_00 +0,+5 deg",False,0.0037988290400127783,0.07677316545132963,nan
1.0,0.9,0.2,26,"demo_00 +0,+10 deg",False,0.00806041078168186,0.037087872006148576,nan
1.0,0.9,0.2,27,"demo_00 +0,+15 deg",False,0.01332094813490501,0.0,nan
1.0,0.9,0.2,28,"demo_00 +5,-15 deg",True,0.008707543085329372,0.0,0.006009261934818994
1.0,0.9,0.2,29,"demo_00 +5,-10 deg",True,0.004104666766098747,0.0,0.006009770365836197
1.0,0.9,0.2,30,"demo_00 +5,-5 deg",True,0.0011270501878588813,0.00022800991248191765,0.006011202275894512
1.0,0.9,0.2,31,"demo_00 +5,+0 deg",True,0.002124250527384598,0.0,0.006009882733315426
1.0,0.9,0.2,32,"demo_00 +5,+5 deg",False,0.005733511309828392,0.03011773457660047,nan
1.0,0.9,0.2,33,"demo_00 +5,+10 deg",False,0.01043459212223709,0.002035883515006498,nan
1.0,0.9,0.2,34,"demo_00 +5,+15 deg",False,0.016241817340030835,0.0,nan
1.0,0.9,0.2,35,"demo_00 +10,-15 deg",True,0.005906307390249307,0.0,0.006007129791798056
1.0,0.9,0.2,36,"demo_00 +10,-10 deg",True,0.002181099257963933,0.0,0.006010520324819008
1.0,0.9,0.2,37,"demo_00 +10,-5 deg",True,0.0014074581640449784,0.0,0.006009556717249316
1.0,0.9,0.2,38,"demo_00 +10,+0 deg",True,0.004132929298877132,0.0,0.006010172666082539
1.0,0.9,0.2,39,"demo_00 +10,+5 deg",False,0.008135590148919302,0.0,nan
1.0,0.9,0.2,40,"demo_00 +10,+10 deg",False,0.013437894732356317,0.0,nan
1.0,0.9,0.2,41,"demo_00 +10,+15 deg",False,0.019946799553676314,0.0,nan
1.0,0.9,0.2,42,"demo_00 +15,-15 deg",True,0.0035226835373307194,0.0,0.006009559177645693
1.0,0.9,0.2,43,"demo_00 +15,-10 deg",True,0.0012903334320893169,0.0,0.006010650006142997
1.0,0.9,0.2,44,"demo_00 +15,-5 deg",True,0.003405097004196341,0.0,0.00600949965735445
1.0,0.9,0.2,45,"demo_00 +15,+0 deg",True,0.006721048600434527,0.0,0.006009913898665538
1.0,0.9,0.2,46,"demo_00 +15,+5 deg",False,0.011329912538684003,0.0,nan
1.0,0.9,0.2,47,"demo_00 +15,+10 deg",False,0.017372690526273275,0.0,nan
1.0,0.9,0.2,48,"demo_00 +15,+15 deg",False,0.02468135772575632,0.0,nan
1.0,0.9,0.3,0,"demo_00 -15,-15 deg",True,0.034078979327788105,0.0,0.006100229815846736
1.0,0.9,0.3,1,"demo_00 -15,-10 deg",True,0.020034168101128593,0.0,0.006100363598103289
1.0,0.9,0.3,2,"demo_00 -15,-5 deg",True,0.011409571591600207,0.0,0.006100367140820285
1.0,0.9,0.3,3,"demo_00 -15,+0 deg",False,0.00655886773321193,0.0,nan
1.0,0.9,0.3,4,"demo_00 -15,+5 deg",False,0.0037826752799830343,0.0,nan
1.0,0.9,0.3,5,"demo_00 -15,+10 deg",False,0.004981788295177876,0.0,nan
1.0,0.9,0.3,6,"demo_00 -15,+15 deg",False,0.012980798274127495,0.0,nan
1.0,0.9,0.3,7,"demo_00 -10,-15 deg",True,0.02379621522923544,0.0,0.006099647772963417
1.0,0.9,0.3,8,"demo_00 -10,-10 deg",True,0.012880429771309118,0.0,0.0061005150731847065
1.0,0.9,0.3,9,"demo_00 -10,-5 deg",True,0.006677318020918491,0.0,0.006100022915436354
1.0,0.9,0.3,10,"demo_00 -10,+0 deg",False,0.0032709151396944068,0.0,nan
1.0,0.9,0.3,11,"demo_00 -10,+5 deg",False,0.000986864464592255,0.0,nan
1.0,0.9,0.3,12,"demo_00 -10,+10 deg",False,0.004148440614181154,0.0,nan
1.0,0.9,0.3,13,"demo_00 -10,+15 deg",False,0.012133058936624575,0.0,nan
1.0,0.9,0.3,14,"demo_00 -5,-15 deg",True,0.016330183026085986,0.0,0.006099700772423359
1.0,0.9,0.3,15,"demo_00 -5,-10 deg",True,0.00810141494494513,0.0,0.006100451515105079
1.0,0.9,0.3,16,"demo_00 -5,-5 deg",True,0.003776557116209364,0.0,0.006101011777579767
1.0,0.9,0.3,17,"demo_00 -5,+0 deg",True,0.0011948755460192563,0.0,0.006101238551751159
1.0,0.9,0.3,18,"demo_00 -5,+5 deg",False,0.0013004193592183438,0.008887375992615798,nan
1.0,0.9,0.3,19,"demo_00 -5,+10 deg",False,0.005363145557535949,0.0,nan
1.0,0.9,0.3,20,"demo_00 -5,+15 deg",False,0.01283169167357057,0.0,nan
1.0,0.9,0.3,21,"demo_00 +0,-15 deg",True,0.010948978996357812,0.0,0.006099574358466421
1.0,0.9,0.3,22,"demo_00 +0,-10 deg",True,0.004955996510790019,0.0,0.006099736190903383
1.0,0.9,0.3,23,"demo_00 +0,-5 deg",True,0.0020223697811796153,0.0,0.0060998677010152885
1.0,0.9,0.3,24,demo_00,True,0.0002883405991097514,0.006945245653343757,0.006101285998468086
1.0,0.9,0.3,25,"demo_00 +0,+5 deg",False,0.0031817446855708204,0.007294641192280835,nan
1.0,0.9,0.3,26,"demo_00 +0,+10 deg",False,0.007653974523652633,0.0,nan
1.0,0.9,0.3,27,"demo_00 +0,+15 deg",False,0.01508415319699759,0.0,nan
1.0,0.9,0.3,28,"demo_00 +5,-15 deg",True,0.0070810654526385335,0.0,0.006098499947546319
1.0,0.9,0.3,29,"demo_00 +5,-10 deg",True,0.002907717178855171,0.0,0.00609972315494327
1.0,0.9,0.3,30,"demo_00 +5,-5 deg",True,0.0009431068043001959,0.00042383637366985236,0.006100400213141138
1.0,0.9,0.3,31,"demo_00 +5,+0 deg",True,0.0016708042410267185,0.0,0.00610083255608085
1.0,0.9,0.3,32,"demo_00 +5,+5 deg",False,0.005373817323257708,0.0,nan
1.0,0.9,0.3,33,"demo_00 +5,+10 deg",False,0.010866110069245042,0.0,nan
1.0,0.9,0.3,34,"demo_00 +5,+15 deg",False,0.01900387430509008,0.0,nan
1.0,0.9,0.3,35,"demo_00 +10,-15 deg",True,0.004345578162087744,0.0,0.006098447212071276
1.0,0.9,0.3,36,"demo_00 +10,-10 deg",True,0.0015997718037868856,0.0,0.006100408392013312
1.0,0.9,0.3,37,"demo_00 +10,-5 deg",True,0.0009061211139136887,0.0,0.006101241391727192
1.0,0.9,0.3,38,"demo_00 +10,+0 deg",False,0.0034908747645395004,0.0,nan
1.0,0.9,0.3,39,"demo_00 +10,+5 deg",False,0.008327022710519391,0.0,nan
1.0,0.9,0.3,40,"demo_00 +10,+10 deg",False,0.015249011438897122,0.0,nan
1.0,0.9,0.3,41,"demo_00 +10,+15 deg",False,0.02467439527125616,0.0,nan
1.0,0.9,0.3,42,"demo_00 +15,-15 deg",True,0.0024335354687606615,0.0,0.006098864061496259
1.0,0.9,0.3,43,"demo_00 +15,-10 deg",True,0.0010796851618562644,0.0,0.00610163700215019
1.0,0.9,0.3,44,"demo_00 +15,-5 deg",True,0.0024412406567981973,0.0,0.006101608714488828
1.0,0.9,0.3,45,"demo_00 +15,+0 deg",False,0.0062330638180803895,0.0,nan
1.0,0.9,0.3,46,"demo_00 +15,+5 deg",False,0.012480882654792507,0.0,nan
1.0,0.9,0.3,47,"demo_00 +15,+10 deg",False,0.021099326639631117,0.0,nan
1.0,0.9,0.3,48,"demo_00 +15,+15 deg",False,0.03213103330315921,0.0,nan
1.0,1.05,0.07,0,"demo_00 -15,-15 deg",True,0.06314041098893515,0.0,0.006114091309989796
1.0,1.05,0.07,1,"demo_00 -15,-10 deg",True,0.04667821057617543,0.0,0.006111077279879377
1.0,1.05,0.07,2,"demo_00 -15,-5 deg",False,0.032233338352228455,0.09434238548189111,nan
1.0,1.05,0.07,3,"demo_00 -15,+0 deg",False,0.0197758655757296,0.1355836930862658,nan
1.0,1.05,0.07,4,"demo_00 -15,+5 deg",False,0.009292177244020698,0.15319894180158466,nan
1.0,1.05,0.07,5,"demo_00 -15,+10 deg",False,0.0019942809682673623,0.14180116769219725,nan
1.0,1.05,0.07,6,"demo_00 -15,+15 deg",False,0.007172419054028648,0.10548533372868238,nan
1.0,1.05,0.07,7,"demo_00 -10,-15 deg",True,0.053998128721131,0.0,0.006114331395732757
1.0,1.05,0.07,8,"demo_00 -10,-10 deg",True,0.038308155731512576,0.0,0.006112853696939711
1.0,1.05,0.07,9,"demo_00 -10,-5 deg",True,0.024510678398770427,0.0,0.006111302388827292
1.0,1.05,0.07,10,"demo_00 -10,+0 deg",False,0.01260271298276475,0.21520890330508916,nan
1.0,1.05,0.07,11,"demo_00 -10,+5 deg",False,0.002830773831866172,0.22308780661946634,nan
1.0,1.05,0.07,12,"demo_00 -10,+10 deg",False,0.006230811956677551,0.1926939934200646,nan
1.0,1.05,0.07,13,"demo_00 -10,+15 deg",False,0.012903249087910674,0.1387699448395878,nan
1.0,1.05,0.07,14,"demo_00 -5,-15 deg",True,0.045100689845106255,0.0,0.006114359181081652
1.0,1.05,0.07,15,"demo_00 -5,-10 deg",True,0.030154293219356903,0.0,0.006114229980490329
1.0,1.05,0.07,16,"demo_00 -5,-5 deg",True,0.01697460492014304,0.0,0.006111563365599293
1.0,1.05,0.07,17,"demo_00 -5,+0 deg",False,0.005573714357142082,0.2950647713331657,nan
1.0,1.05,0.07,18,"demo_00 -5,+5 deg",False,0.004216613701342441,0.27963912102607247,nan
1.0,1.05,0.07,19,"demo_00 -5,+10 deg",False,0.012195348458126047,0.21948359489093092,nan
1.0,1.05,0.07,20,"demo_00 -5,+15 deg",False,0.018602552611813098,0.15166309541591622,nan
1.0,1.05,0.07,21,"demo_00 +0,-15 deg",True,0.03638458284969445,0.0,0.006113799959415916
1.0,1.05,0.07,22,"demo_00 +0,-10 deg",True,0.022160472430484048,0.0,0.006113091698201643
1.0,1.05,0.07,23,"demo_00 +0,-5 deg",True,0.009588104196874503,0.0,0.006113846946868005
1.0,1.05,0.07,24,demo_00,True,0.0013784344550389705,0.00595261558030201,0.006112673326989104
1.0,1.05,0.07,25,"demo_00 +0,+5 deg",False,0.010600139047627969,0.2784571775278126,nan
1.0,1.05,0.07,26,"demo_00 +0,+10 deg",False,0.018232493833897818,0.2103758990312154,nan
1.0,1.05,0.07,27,"demo_00 +0,+15 deg",False,0.024296098415237888,0.14214961396363401,nan
1.0,1.05,0.07,28,"demo_00 +5,-15 deg",True,0.027783990270747606,0.0,0.00611362001196379
1.0,1.05,0.07,29,"demo_00 +5,-10 deg",True,0.014281890330144445,0.0,0.0061126563503758205
1.0,1.05,0.07,30,"demo_00 +5,-5 deg",True,0.0025786572085968918,0.0,0.006114581806297577
1.0,1.05,0.07,31,"demo_00 +5,+0 deg",True,0.008283094779625392,0.0,0.006112520998800418
1.0,1.05,0.07,32,"demo_00 +5,+5 deg",False,0.01706586687002344,0.22984376014646957,nan
1.0,1.05,0.07,33,"demo_00 +5,+10 deg",False,0.02431205267659965,0.1739565838491813,nan
1.0,1.05,0.07,34,"demo_00 +5,+15 deg",False,0.030026457410425013,0.1129596608810072,nan
1.0,1.05,0.07,35,"demo_00 +10,-15 deg",True,0.019235878287499262,0.0,0.0061117759255882856
1.0,1.05,0.07,36,"demo_00 +10,-10 deg",True,0.006573949320523573,0.0,0.006112266760033208
1.0,1.05,0.07,37,"demo_00 +10,-5 deg",True,0.005522797280527033,0.0,0.006111704985129123
1.0,1.05,0.07,38,"demo_00 +10,+0 deg",True,0.015222013901067501,0.0,0.006113541594632996
1.0,1.05,0.07,39,"demo_00 +10,+5 deg",True,0.023594894416476796,0.0,0.006113076581345488
1.0,1.05,0.07,40,"demo_00 +10,+10 deg",False,0.03046848440201712,0.11986328742728375,nan
1.0,1.05,0.07,41,"demo_00 +10,+15 deg",False,0.03584035143042595,0.07079106891668258,nan
1.0,1.05,0.07,42,"demo_00 +15,-15 deg",True,0.010705332155088681,0.0,0.0061136323091792125
1.0,1.05,0.07,43,"demo_00 +15,-10 deg",True,0.0029099591522684667,0.0,0.006112785280232419
1.0,1.05,0.07,44,"demo_00 +15,-5 deg",True,0.01286567483895492,0.0,0.0061145293406786256
1.0,1.05,0.07,45,"demo_00 +15,+0 deg",True,0.022249956033212517,0.0,0.006113804480122848
1.0,1.05,0.07,46,"demo_00 +15,+5 deg",True,0.03023293597177514,0.0,0.006111991329508255
1.0,1.05,0.07,47,"demo_00 +15,+10 deg",False,0.03674869477624653,0.06805025238556361,nan
1.0,1.05,0.07,48,"demo_00 +15,+15 deg",False,0.041787181220176724,0.019134727753896574,nan
1.0,1.05,0.1,0,"demo_00 -15,-15 deg",True,0.042079624792188665,0.0,0.006117544562095331
1.0,1.05,0.1,1,"demo_00 -15,-10 deg",True,0.030141564239316188,0.0,0.006118240951680919
1.0,1.05,0.1,2,"demo_00 -15,-5 deg",True,0.020360173582560426,0.0,0.006120110571557857
1.0,1.05,0.1,3,"demo_00 -15,+0 deg",False,0.012389474030468724,0.0,nan
1.0,1.05,0.1,4,"demo_00 -15,+5 deg",False,0.00583194065438154,0.0,nan
1.0,1.05,0.1,5,"demo_00 -15,+10 deg",False,0.0007061524070597844,0.0,nan
1.0,1.05,0.1,6,"demo_00 -15,+15 deg",False,0.00519964666673171,0.0,nan
1.0,1.05,0.1,7,"demo_00 -10,-15 deg",True,0.03533035059712014,0.0,0.006118326137862359
1.0,1.05,0.1,8,"demo_00 -10,-10 deg",True,0.024291906388185718,0.0,0.006117445644471311
1.0,1.05,0.1,9,"demo_00 -10,-5 deg",True,0.015201512774853041,0.0,0.0061191197892114585
1.0,1.05,0.1,10,"demo_00 -10,+0 deg",False,0.007756941156611805,0.035697700677462224,nan
1.0,1.05,0.1,11,"demo_00 -10,+5 deg",False,0.0016420998614410742,0.04357660529331453,nan
1.0,1.05,0.1,12,"demo_00 -10,+10 deg",False,0.0036361332723612457,0.020955834029605352,nan
1.0,1.05,0.1,13,"demo_00 -10,+15 deg",False,0.008366080971694083,0.0018300612879802447,nan
1.0,1.05,0.1,14,"demo_00 -5,-15 deg",True,0.029085925861173863,0.0,0.0061202306394328295
1.0,1.05,0.1,15,"demo_00 -5,-10 deg",True,0.01887114385539774,0.0,0.0061184230862520875
1.0,1.05,0.1,16,"demo_00 -5,-5 deg",True,0.010392160310647873,0.0,0.006117821823491345
1.0,1.05,0.1,17,"demo_00 -5,+0 deg",False,0.003386123281649424,0.1155535373291035,nan
1.0,1.05,0.1,18,"demo_00 -5,+5 deg",False,0.0024895324356686154,0.1001279196460075,nan
1.0,1.05,0.1,19,"demo_00 -5,+10 deg",False,0.00745099049282364,0.04272707505469875,nan
1.0,1.05,0.1,20,"demo_00 -5,+15 deg",False,0.011890376153751547,0.003711047623635222,nan
1.0,1.05,0.1,21,"demo_00 +0,-15 deg",True,0.023256418044523938,0.0,0.006117779410205338
1.0,1.05,0.1,22,"demo_00 +0,-10 deg",True,0.013792068029023288,0.0,0.006119610035811077
1.0,1.05,0.1,23,"demo_00 +0,-5 deg",True,0.00586003641303279,0.0,0.006118053160825858
1.0,1.05,0.1,24,demo_00,True,0.0008300195323521402,0.006781088099572437,0.006120990653015318
1.0,1.05,0.1,25,"demo_00 +0,+5 deg",False,0.006398003432975064,0.09894597602874576,nan
1.0,1.05,0.1,26,"demo_00 +0,+10 deg",False,0.011219649217253122,0.03100700755451488,nan
1.0,1.05,0.1,27,"demo_00 +0,+15 deg",False,0.015519878424950794,0.0,nan
1.0,1.05,0.1,28,"demo_00 +5,-15 deg",True,0.01773601400584142,0.0,0.006117343953201728
1.0,1.05,0.1,29,"demo_00 +5,-10 deg",True,0.008967972420319695,0.0,0.006117587640690987
1.0,1.05,0.1,30,"demo_00 +5,-5 deg",True,0.001752074698216787,0.0,0.0061178012207804885
1.0,1.05,0.1,31,"demo_00 +5,+0 deg",True,0.0049572361599992685,0.0,0.0061178769806813265
1.0,1.05,0.1,32,"demo_00 +5,+5 deg",False,0.010317659212661909,0.05033255830624342,nan
1.0,1.05,0.1,33,"demo_00 +5,+10 deg",False,0.0150275425146075,0.0,nan
1.0,1.05,0.1,34,"demo_00 +5,+15 deg",False,0.019266020160910644,0.0,nan
1.0,1.05,0.1,35,"demo_00 +10,-15 deg",True,0.01240951701568926,0.0,0.006117696848301813
1.0,1.05,0.1,36,"demo_00 +10,-10 deg",True,0.004392869825262557,0.0,0.006117769870911379
1.0,1.05,0.1,37,"demo_00 +10,-5 deg",True,0.0033284816736850425,0.0,0.00611733656301504
1.0,1.05,0.1,38,"demo_00 +10,+0 deg",True,0.009126939955853203,0.0,0.00611779309243013
1.0,1.05,0.1,39,"demo_00 +10,+5 deg",False,0.01433353587204162,0.0,nan
1.0,1.05,0.1,40,"demo_00 +10,+10 deg",False,0.018972500558015745,0.0,nan
1.0,1.05,0.1,41,"demo_00 +10,+15 deg",False,0.023200363555258424,0.0,nan
1.0,1.05,0.1,42,"demo_00 +15,-15 deg",True,0.007178035296308573,0.0,0.006117617334301336
1.0,1.05,0.1,43,"demo_00 +15,-10 deg",True,0.0020315190225057354,0.0,0.00611855777546003
1.0,1.05,0.1,44,"demo_00 +15,-5 deg",True,0.007703191778701838,0.0,0.006118349902031328
1.0,1.05,0.1,45,"demo_00 +15,+0 deg",True,0.013441409524753032,0.0,0.006117804264702894
1.0,1.05,0.1,46,"demo_00 +15,+5 deg",True,0.018547749874805185,0.0,0.0061208545460774404
1.0,1.05,0.1,47,"demo_00 +15,+10 deg",False,0.023158096348113236,0.0,nan
1.0,1.05,0.1,48,"demo_00 +15,+15 deg",False,0.02741652852694196,0.0,nan
1.0,1.05,0.15,0,"demo_00 -15,-15 deg",True,0.03167936094065366,0.0,0.005902603114554535
1.0,1.05,0.15,1,"demo_00 -15,-10 deg",True,0.021277471799239108,0.0,0.005900444786015129
1.0,1.05,0.15,2,"demo_00 -15,-5 deg",True,0.013542400363429324,0.0,0.005901738938403276
1.0,1.05,0.15,3,"demo_00 -15,+0 deg",True,0.007555252440549849,0.0,0.00590203912100384
1.0,1.05,0.15,4,"demo_00 -15,+5 deg",False,0.002703632841874695,0.0,nan
1.0,1.05,0.15,5,"demo_00 -15,+10 deg",False,0.0038636753318559303,0.0,nan
1.0,1.05,0.15,6,"demo_00 -15,+15 deg",False,0.009721508411760078,0.0,nan
1.0,1.05,0.15,7,"demo_00 -10,-15 deg",True,0.025515648050925332,0.0,0.0059004981363440555
1.0,1.05,0.15,8,"demo_00 -10,-10 deg",True,0.01647583835248148,0.0,0.00589968413799662
1.0,1.05,0.15,9,"demo_00 -10,-5 deg",True,0.009800799363988495,0.0,0.005900417321597678
1.0,1.05,0.15,10,"demo_00 -10,+0 deg",True,0.004582664783817468,0.0,0.005901246116800738
1.0,1.05,0.15,11,"demo_00 -10,+5 deg",False,0.00048437236336435337,0.0,nan
1.0,1.05,0.15,12,"demo_00 -10,+10 deg",False,0.004973235447854793,0.0017068774137252996,nan
1.0,1.05,0.15,13,"demo_00 -10,+15 deg",False,0.010548638331068134,0.0,nan
1.0,1.05,0.15,14,"demo_00 -5,-15 deg",True,0.020119732324769754,0.0,0.005901034167257624
1.0,1.05,0.15,15,"demo_00 -5,-10 deg",True,0.012299471574865828,0.0,0.005902929043899197
1.0,1.05,0.15,16,"demo_00 -5,-5 deg",True,0.006535083092414985,0.0,0.0058998272222622085
1.0,1.05,0.15,17,"demo_00 -5,+0 deg",True,0.001950688785683991,0.0,0.005899959976723277
1.0,1.05,0.15,18,"demo_00 -5,+5 deg",False,0.0022769606126965707,0.024629545198337655,nan
1.0,1.05,0.15,19,"demo_00 -5,+10 deg",False,0.006804761236987481,0.01121118455499498,nan
1.0,1.05,0.15,20,"demo_00 -5,+15 deg",False,0.012087866711251578,0.0,nan
1.0,1.05,0.15,21,"demo_00 +0,-15 deg",True,0.015455110570684046,0.0,0.0058994912780157205
1.0,1.05,0.15,22,"demo_00 +0,-10 deg",True,0.008691053203377755,0.0,0.00590316821886111
1.0,1.05,0.15,23,"demo_00 +0,-5 deg",True,0.0036728991137329027,0.0,0.005900838233196239
1.0,1.05,0.15,24,demo_00,True,0.0004835656103690253,0.0073682924590525115,0.005900618900892945
1.0,1.05,0.15,25,"demo_00 +0,+5 deg",False,0.004459668094335625,0.02304490228985767,nan
1.0,1.05,0.15,26,"demo_00 +0,+10 deg",False,0.00892325317049833,0.0,nan
1.0,1.05,0.15,27,"demo_00 +0,+15 deg",False,0.014185595763210027,0.0,nan
1.0,1.05,0.15,28,"demo_00 +5,-15 deg",True,0.011429320222961415,0.0,0.005900111464256661
1.0,1.05,0.15,29,"demo_00 +5,-10 deg",True,0.005559048323628203,0.0,0.0059020632698395786
1.0,1.05,0.15,30,"demo_00 +5,-5 deg",True,0.0012846588054642673,1.395212171727972e-05,0.005899757698879123
1.0,1.05,0.15,31,"demo_00 +5,+0 deg",True,0.002835928480803106,0.0,0.005901271687468139
1.0,1.05,0.15,32,"demo_00 +5,+5 deg",False,0.006730116123199618,0.0,nan
1.0,1.05,0.15,33,"demo_00 +5,+10 deg",False,0.0113288375352212,0.0,nan
1.0,1.05,0.15,34,"demo_00 +5,+15 deg",False,0.016822666386194413,0.0,nan
1.0,1.05,0.15,35,"demo_00 +10,-15 deg",True,0.007888607519931761,0.0,0.005898962601927338
1.0,1.05,0.15,36,"demo_00 +10,-10 deg",True,0.002848046371600351,0.0,0.0059015837124883255
1.0,1.05,0.15,37,"demo_00 +10,-5 deg",True,0.0019560130420125917,0.0,0.005903118995397105
1.0,1.05,0.15,38,"demo_00 +10,+0 deg",True,0.005302624362271765,0.0,0.005902007942043615
1.0,1.05,0.15,39,"demo_00 +10,+5 deg",False,0.009261338689287081,0.0,nan
1.0,1.05,0.15,40,"demo_00 +10,+10 deg",False,0.01414863132386268,0.0,nan
1.0,1.05,0.15,41,"demo_00 +10,+15 deg",False,0.02006095378149031,0.0,nan
1.0,1.05,0.15,42,"demo_00 +15,-15 deg",True,0.004646537917535663,0.0,0.005900972261420402
1.0,1.05,0.15,43,"demo_00 +15,-10 deg",True,0.0015882817567958512,0.0,0.005904078658633638
1.0,1.05,0.15,44,"demo_00 +15,-5 deg",True,0.004530110775394123,0.0,0.005903556020783981
1.0,1.05,0.15,45,"demo_00 +15,+0 deg",True,0.008068726903144694,0.0,0.005900424769762689
1.0,1.05,0.15,46,"demo_00 +15,+5 deg",False,0.012249606297333316,0.0,nan
1.0,1.05,0.15,47,"demo_00 +15,+10 deg",False,0.01755539707507119,0.0,nan
1.0,1.05,0.15,48,"demo_00 +15,+15 deg",False,0.02401057695052917,0.0,nan
1.0,1.05,0.2,0,"demo_00 -15,-15 deg",True,0.029549445495068504,0.0,0.005954936857078664
1.0,1.05,0.2,1,"demo_00 -15,-10 deg",True,0.018604752319455173,0.0,0.005955122597202061
1.0,1.05,0.2,2,"demo_00 -15,-5 deg",True,0.01121089511006516,0.0,0.005954547406160591
1.0,1.05,0.2,3,"demo_00 -15,+0 deg",True,0.006060883156763752,0.0,0.005955238316482053
1.0,1.05,0.2,4,"demo_00 -15,+5 deg",True,0.002356980393798012,0.0,0.00595638249958081
1.0,1.05,0.2,5,"demo_00 -15,+10 deg",True,0.004090834108382598,0.0,0.0059558756334624485
1.0,1.05,0.2,6,"demo_00 -15,+15 deg",True,0.010221120210243614,0.0,0.005955124300856647
1.0,1.05,0.2,7,"demo_00 -10,-15 deg",True,0.023398620371156316,0.0,0.005955395853941387
1.0,1.05,0.2,8,"demo_00 -10,-10 deg",True,0.014142796965147362,0.0,0.005956170172581201
1.0,1.05,0.2,9,"demo_00 -10,-5 deg",True,0.007976637191651545,0.0,0.005954335501885045
1.0,1.05,0.2,10,"demo_00 -10,+0 deg",True,0.003568263065925629,0.0,0.005955415141357128
1.0,1.05,0.2,11,"demo_00 -10,+5 deg",True,0.0006999735132428759,0.0,0.00595464937883204
1.0,1.05,0.2,12,"demo_00 -10,+10 deg",True,0.004751100783734261,0.0,0.00595616440840731
1.0,1.05,0.2,13,"demo_00 -10,+15 deg",True,0.010436437106316778,0.0,0.005955029214135749
1.0,1.05,0.2,14,"demo_00 -5,-15 deg",True,0.017963716934580477,0.0,0.005954401436057163
1.0,1.05,0.2,15,"demo_00 -5,-10 deg",True,0.010266852522943319,0.0,0.005955509855151178
1.0,1.05,0.2,16,"demo_00 -5,-5 deg",True,0.005223246452580955,0.0,0.0059567300149367865
1.0,1.05,0.2,17,"demo_00 -5,+0 deg",True,0.0014801847288710293,0.0,0.005955622933819954
1.0,1.05,0.2,18,"demo_00 -5,+5 deg",True,0.002105391525850108,0.020821739177666623,0.005955191407110522
1.0,1.05,0.2,19,"demo_00 -5,+10 deg",True,0.006311906266771981,0.003654013464180178,0.005956524762048979
1.0,1.05,0.2,20,"demo_00 -5,+15 deg",True,0.011729354977670617,0.0,0.0059561227656543215
1.0,1.05,0.2,21,"demo_00 +0,-15 deg",True,0.01328699848178028,0.0,0.005954498570464251
1.0,1.05,0.2,22,"demo_00 +0,-10 deg",True,0.006980262485506612,0.0,0.005956414616588471
1.0,1.05,0.2,23,"demo_00 +0,-5 deg",True,0.0029009126193832763,0.0,0.005956559844085092
1.0,1.05,0.2,24,demo_00,True,0.00036361228558760156,0.007262390402025888,0.005954452565969863
1.0,1.05,0.2,25,"demo_00 +0,+5 deg",True,0.0038723916512309817,0.024472749448581535,0.005955666286020613
1.0,1.05,0.2,26,"demo_00 +0,+10 deg",True,0.008329214706941904,0.0,0.0059558742486682725
1.0,1.05,0.2,27,"demo_00 +0,+15 deg",True,0.013998674984298484,0.0,0.005955462012077079
1.0,1.05,0.2,28,"demo_00 +5,-15 deg",True,0.009397861685080569,0.0,0.005953734012522501
1.0,1.05,0.2,29,"demo_00 +5,-10 deg",True,0.004283225567042082,0.0,0.005956039190928136
1.0,1.05,0.2,30,"demo_00 +5,-5 deg",True,0.0010933411611536805,0.0,0.005955228692192934
1.0,1.05,0.2,31,"demo_00 +5,+0 deg",True,0.0020967387435168717,0.0,0.00595574464954866
1.0,1.05,0.2,32,"demo_00 +5,+5 deg",True,0.005792692264905972,0.0,0.005955160019058811
1.0,1.05,0.2,33,"demo_00 +5,+10 deg",True,0.010835685651568928,0.0,0.005956669695435385
1.0,1.05,0.2,34,"demo_00 +5,+15 deg",True,0.017193892866945223,0.0,0.005956286506275247
1.0,1.05,0.2,35,"demo_00 +10,-15 deg",True,0.006221346787144319,0.0,0.005955733368882412
1.0,1.05,0.2,36,"demo_00 +10,-10 deg",True,0.002174163149188517,0.0,0.005955526959656103
1.0,1.05,0.2,37,"demo_00 +10,-5 deg",True,0.0014437731059537085,0.0,0.005954963480067832
1.0,1.05,0.2,38,"demo_00 +10,+0 deg",True,0.003965063397418651,0.0,0.00595703008400253
1.0,1.05,0.2,39,"demo_00 +10,+5 deg",True,0.008102725185048096,0.0,0.005955956765364916
1.0,1.05,0.2,40,"demo_00 +10,+10 deg",True,0.013988811209375928,0.0,0.005954561068109096
1.0,1.05,0.2,41,"demo_00 +10,+15 deg",True,0.021299369512300013,0.0,0.0059553205034942784
1.0,1.05,0.2,42,"demo_00 +15,-15 deg",True,0.0035855103740138707,0.0,0.005954104217659387
1.0,1.05,0.2,43,"demo_00 +15,-10 deg",True,0.0014160182283447778,0.0,0.005957210394896386
1.0,1.05,0.2,44,"demo_00 +15,-5 deg",True,0.0032962328825532363,0.0,0.0059567266787959846
1.0,1.05,0.2,45,"demo_00 +15,+0 deg",True,0.006246841243988578,0.0,0.005956225310927985
1.0,1.05,0.2,46,"demo_00 +15,+5 deg",True,0.011075570731703266,0.0,0.0059557904430475326
1.0,1.05,0.2,47,"demo_00 +15,+10 deg",True,0.017973784444468906,0.0,0.0059548991651127234
1.0,1.05,0.2,48,"demo_00 +15,+15 deg",True,0.026353624751790924,0.0,0.0059552866299394
1.0,1.05,0.3,0,"demo_00 -15,-15 deg",True,0.030977374387604496,0.0,0.0060297244133921514
1.0,1.05,0.3,1,"demo_00 -15,-10 deg",True,0.017087724716734247,0.0,0.00603121245299631
1.0,1.05,0.3,2,"demo_00 -15,-5 deg",True,0.009105268233497166,0.0,0.006030637538509239
1.0,1.05,0.3,3,"demo_00 -15,+0 deg",True,0.005242167877600432,0.0,0.006031540994975152
1.0,1.05,0.3,4,"demo_00 -15,+5 deg",True,0.0037016256007646716,0.0,0.00603142687512624
1.0,1.05,0.3,5,"demo_00 -15,+10 deg",True,0.007835631818020867,0.0,0.006031343329832106
1.0,1.05,0.3,6,"demo_00 -15,+15 deg",True,0.018262397597548607,0.0,0.006031026762257515
1.0,1.05,0.3,7,"demo_00 -10,-15 deg",True,0.024584323506214655,0.0,0.006030451325841985
1.0,1.05,0.3,8,"demo_00 -10,-10 deg",True,0.012842159080133224,0.0,0.00603096057943545
1.0,1.05,0.3,9,"demo_00 -10,-5 deg",True,0.006136184614983245,0.0,0.006030703436839236
1.0,1.05,0.3,10,"demo_00 -10,+0 deg",True,0.002840220257170194,0.0,0.0060307128151330805
1.0,1.05,0.3,11,"demo_00 -10,+5 deg",True,0.0016563817563059473,0.0,0.006030800387787071
1.0,1.05,0.3,12,"demo_00 -10,+10 deg",True,0.006093531111980229,0.0,0.006030162828274022
1.0,1.05,0.3,13,"demo_00 -10,+15 deg",True,0.015417800574953042,0.0,0.006031930537366547
1.0,1.05,0.3,14,"demo_00 -5,-15 deg",True,0.019631181717664613,0.0,0.006030185190711933
1.0,1.05,0.3,15,"demo_00 -5,-10 deg",True,0.009830491073350853,0.0,0.00602983455442303
1.0,1.05,0.3,16,"demo_00 -5,-5 deg",True,0.004172648124013318,0.0,0.006030747003373199
1.0,1.05,0.3,17,"demo_00 -5,+0 deg",True,0.0011555905049058057,0.0,0.0060299369612296745
1.0,1.05,0.3,18,"demo_00 -5,+5 deg",True,0.0010987048825348723,0.0,0.006030795838098351
1.0,1.05,0.3,19,"demo_00 -5,+10 deg",True,0.005055642527867923,0.0,0.0060299377618131655
1.0,1.05,0.3,20,"demo_00 -5,+15 deg",True,0.013080402365772415,0.0,0.006030821162384305
1.0,1.05,0.3,21,"demo_00 +0,-15 deg",True,0.014865393943895862,0.0,0.006031150867533954
1.0,1.05,0.3,22,"demo_00 +0,-10 deg",True,0.006947751214710779,0.0,0.006031061431208137
1.0,1.05,0.3,23,"demo_00 +0,-5 deg",True,0.002439069953956747,0.0,0.006030138508678426
1.0,1.05,0.3,24,demo_00,True,0.0003026461982551333,0.005588824544474709,0.006031776825369698
1.0,1.05,0.3,25,"demo_00 +0,+5 deg",True,0.0026634142206540903,0.0,0.006030499064240889
1.0,1.05,0.3,26,"demo_00 +0,+10 deg",True,0.0060668419448422165,0.0,0.006030692891859102
1.0,1.05,0.3,27,"demo_00 +0,+15 deg",True,0.013038328234571225,0.0,0.006030142790753258
1.0,1.05,0.3,28,"demo_00 +5,-15 deg",True,0.010309486720801302,0.0,0.006029836623615317
1.0,1.05,0.3,29,"demo_00 +5,-10 deg",True,0.004183762908595147,0.0,0.006029785975933361
1.0,1.05,0.3,30,"demo_00 +5,-5 deg",True,0.00092135120656919,0.0,0.006030739018137561
1.0,1.05,0.3,31,"demo_00 +5,+0 deg",True,0.0018705549189255337,0.0,0.00603162913517521
1.0,1.05,0.3,32,"demo_00 +5,+5 deg",True,0.005214884387583006,0.0,0.0060299230472717425
1.0,1.05,0.3,33,"demo_00 +5,+10 deg",True,0.009700285948485885,0.0,0.006030544553192336
1.0,1.05,0.3,34,"demo_00 +5,+15 deg",True,0.0167418132942243,0.0,0.006031353851726253
1.0,1.05,0.3,35,"demo_00 +10,-15 deg",True,0.006332343530946311,0.0,0.00603073420487885
1.0,1.05,0.3,36,"demo_00 +10,-10 deg",True,0.001955044624397945,0.0,0.006031111009941095
1.0,1.05,0.3,37,"demo_00 +10,-5 deg",True,0.0013062687681501348,0.0,0.006031189895406583
1.0,1.05,0.3,38,"demo_00 +10,+0 deg",True,0.003852408698257521,0.0,0.006031742759738563
1.0,1.05,0.3,39,"demo_00 +10,+5 deg",True,0.008625942678176023,0.0,0.00603097035879818
1.0,1.05,0.3,40,"demo_00 +10,+10 deg",True,0.014891851190214488,0.0,0.006029910183390432
1.0,1.05,0.3,41,"demo_00 +10,+15 deg",True,0.0231742680445607,0.0,0.00603143249163858
1.0,1.05,0.3,42,"demo_00 +15,-15 deg",True,0.003165371502660993,0.0,0.006029327408915491
1.0,1.05,0.3,43,"demo_00 +15,-10 deg",True,0.0015222332410481621,0.0,0.006032152464777035
1.0,1.05,0.3,44,"demo_00 +15,-5 deg",True,0.002959372199321704,0.0,0.006031070479931481
1.0,1.05,0.3,45,"demo_00 +15,+0 deg",True,0.0065064732351959005,0.0,0.006031599960120571
1.0,1.05,0.3,46,"demo_00 +15,+5 deg",True,0.012930522860491905,0.0,0.006031446664423979
1.0,1.05,0.3,47,"demo_00 +15,+10 deg",True,0.021169597429122115,0.0,0.006030841732976901
1.0,1.05,0.3,48,"demo_00 +15,+15 deg",True,0.031212960085076593,0.0,0.006030432738407825
1.0,1.2,0.07,0,"demo_00 -15,-15 deg",True,0.05705973382394528,0.0,0.006048183904009236
1.0,1.2,0.07,1,"demo_00 -15,-10 deg",True,0.04197528550990573,0.0,0.006047976745606398
1.0,1.2,0.07,2,"demo_00 -15,-5 deg",False,0.028881975528883427,0.10799407561867314,nan
1.0,1.2,0.07,3,"demo_00 -15,+0 deg",False,0.017697541239415703,0.14923538322239097,nan
1.0,1.2,0.07,4,"demo_00 -15,+5 deg",False,0.008404043415463705,0.1668506319377095,nan
1.0,1.2,0.07,5,"demo_00 -15,+10 deg",False,0.00239871539666686,0.1554528578283223,nan
1.0,1.2,0.07,6,"demo_00 -15,+15 deg",False,0.006771385657332337,0.11913702386480754,nan
1.0,1.2,0.07,7,"demo_00 -10,-15 deg",True,0.04836860899889804,0.0,0.006049832955756013
1.0,1.2,0.07,8,"demo_00 -10,-10 deg",True,0.034217774871079694,0.0,0.006048077636629009
1.0,1.2,0.07,9,"demo_00 -10,-5 deg",True,0.021853779328548806,0.0,0.006050371554028534
1.0,1.2,0.07,10,"demo_00 -10,+0 deg",False,0.011219900576174845,0.22886059344121942,nan
1.0,1.2,0.07,11,"demo_00 -10,+5 deg",False,0.0026569552572825858,0.2367394967555914,nan
1.0,1.2,0.07,12,"demo_00 -10,+10 deg",False,0.0059236460380498865,0.20634568355618954,nan
1.0,1.2,0.07,13,"demo_00 -10,+15 deg",False,0.01213430241929139,0.1524216349757128,nan
1.0,1.2,0.07,14,"demo_00 -5,-15 deg",True,0.040161659243780706,0.0,0.006050557565769166
1.0,1.2,0.07,15,"demo_00 -5,-10 deg",True,0.026843867188617872,0.0,0.006050350078883375
1.0,1.2,0.07,16,"demo_00 -5,-5 deg",True,0.015118158181772808,0.0,0.0060479631097640485
1.0,1.2,0.07,17,"demo_00 -5,+0 deg",False,0.004940876781542093,0.30871646146934073,nan
1.0,1.2,0.07,18,"demo_00 -5,+5 deg",False,0.003953504091231678,0.2932908111621978,nan
1.0,1.2,0.07,19,"demo_00 -5,+10 deg",False,0.01131718055495228,0.2331352850270563,nan
1.0,1.2,0.07,20,"demo_00 -5,+15 deg",False,0.017523157620111824,0.16531478555204127,nan
1.0,1.2,0.07,21,"demo_00 +0,-15 deg",True,0.032315950788829116,0.0,0.006047637501942322
1.0,1.2,0.07,22,"demo_00 +0,-10 deg",True,0.019743256336239676,0.0,0.006049522179951248
1.0,1.2,0.07,23,"demo_00 +0,-5 deg",True,0.008594517936323568,0.0,0.0060486332395257945
1.0,1.2,0.07,24,demo_00,True,0.0012484220314123678,0.006850587646037214,0.006047505426611229
1.0,1.2,0.07,25,"demo_00 +0,+5 deg",False,0.009657379194759827,0.29210886766394034,nan
1.0,1.2,0.07,26,"demo_00 +0,+10 deg",False,0.016860769599159105,0.2240275891673404,nan
1.0,1.2,0.07,27,"demo_00 +0,+15 deg",False,0.022942738025666924,0.15580130409975912,nan
1.0,1.2,0.07,28,"demo_00 +5,-15 deg",True,0.02470322329778991,0.0,0.0060501314709184
1.0,1.2,0.07,29,"demo_00 +5,-10 deg",True,0.012820879764308946,0.0,0.006050384423227791
1.0,1.2,0.07,30,"demo_00 +5,-5 deg",True,0.002509373487770216,0.0,0.006049315891010006
1.0,1.2,0.07,31,"demo_00 +5,+0 deg",True,0.007409718910415059,0.0,0.006048685382508095
1.0,1.2,0.07,32,"demo_00 +5,+5 deg",False,0.015511707866958198,0.2434954502826086,nan
1.0,1.2,0.07,33,"demo_00 +5,+10 deg",False,0.02249699593350044,0.1876082739853067,nan
1.0,1.2,0.07,34,"demo_00 +5,+15 deg",False,0.028432640655657367,0.12661135101713225,nan
1.0,1.2,0.07,35,"demo_00 +10,-15 deg",True,0.017202260440667888,0.0,0.006048572111499158
1.0,1.2,0.07,36,"demo_00 +10,-10 deg",True,0.0061046919984908575,0.0,0.006048963318045718
1.0,1.2,0.07,37,"demo_00 +10,-5 deg",True,0.004923473936224174,0.0,0.0060482215669216905
1.0,1.2,0.07,38,"demo_00 +10,+0 deg",True,0.013651176775235191,0.0,0.006050216133757193
1.0,1.2,0.07,39,"demo_00 +10,+5 deg",True,0.021484866497157636,0.0,0.006050867697087579
1.0,1.2,0.07,40,"demo_00 +10,+10 deg",False,0.02825703955234851,0.13351497756340924,nan
1.0,1.2,0.07,41,"demo_00 +10,+15 deg",False,0.03403570216813162,0.08444275905280768,nan
1.0,1.2,0.07,42,"demo_00 +15,-15 deg",True,0.00973454435503197,0.0,0.006048081415477304
1.0,1.2,0.07,43,"demo_00 +15,-10 deg",True,0.0028195109205132692,0.0,0.00604975869296464
1.0,1.2,0.07,44,"demo_00 +15,-5 deg",True,0.0114500680693406,0.0,0.006047397782310495
1.0,1.2,0.07,45,"demo_00 +15,+0 deg",True,0.020039478952694544,0.0,0.006048931301097817
1.0,1.2,0.07,46,"demo_00 +15,+5 deg",True,0.02762187170424918,0.0,0.006048810944467922
1.0,1.2,0.07,47,"demo_00 +15,+10 deg",False,0.03418211834461012,0.0817019425216941,nan
1.0,1.2,0.07,48,"demo_00 +15,+15 deg",False,0.03979357157363809,0.0327864178900219,nan
1.0,1.2,0.1,0,"demo_00 -15,-15 deg",True,0.04079319476372837,0.0,0.005961403571966531
1.0,1.2,0.1,1,"demo_00 -15,-10 deg",True,0.028747622299749528,0.0,0.00596347504020617
1.0,1.2,0.1,2,"demo_00 -15,-5 deg",True,0.019188240669493192,0.0,0.005962895346379652
1.0,1.2,0.1,3,"demo_00 -15,+0 deg",False,0.011659120499189502,0.0,nan
1.0,1.2,0.1,4,"demo_00 -15,+5 deg",False,0.005613972031703454,0.0017544433873853404,nan
1.0,1.2,0.1,5,"demo_00 -15,+10 deg",False,0.00034375429552786877,0.0,nan
1.0,1.2,0.1,6,"demo_00 -15,+15 deg",False,0.005423185959152019,0.0,nan
1.0,1.2,0.1,7,"demo_00 -10,-15 deg",True,0.033330653979614815,0.0,0.005960781060614257
1.0,1.2,0.1,8,"demo_00 -10,-10 deg",True,0.022592189767914238,0.0,0.005964284742332719
1.0,1.2,0.1,9,"demo_00 -10,-5 deg",True,0.014009929525758953,0.0,0.005961079514106341
1.0,1.2,0.1,10,"demo_00 -10,+0 deg",False,0.0071544838802031245,0.06376440489078,nan
1.0,1.2,0.1,11,"demo_00 -10,+5 deg",False,0.0016152173764476345,0.07164330820526621,nan
1.0,1.2,0.1,12,"demo_00 -10,+10 deg",False,0.0036489054726840707,0.04124949500587033,nan
1.0,1.2,0.1,13,"demo_00 -10,+15 deg",False,0.008973223338687294,0.0014666849207909394,nan
1.0,1.2,0.1,14,"demo_00 -5,-15 deg",True,0.026839898428473962,0.0,0.005960489957132987
1.0,1.2,0.1,15,"demo_00 -5,-10 deg",True,0.017223900281866728,0.0,0.005964472158734159
1.0,1.2,0.1,16,"demo_00 -5,-5 deg",True,0.009433112282353308,0.0,0.005964754795347771
1.0,1.2,0.1,17,"demo_00 -5,+0 deg",False,0.003067199648711192,0.14362027291704488,nan
1.0,1.2,0.1,18,"demo_00 -5,+5 deg",False,0.0024253972459370504,0.12819462261187037,nan
1.0,1.2,0.1,19,"demo_00 -5,+10 deg",False,0.007446856486538356,0.06803909647673664,nan
1.0,1.2,0.1,20,"demo_00 -5,+15 deg",False,0.012791432645783953,0.007146657109649401,nan
1.0,1.2,0.1,21,"demo_00 +0,-15 deg",True,0.021153391442501245,0.0,0.00596054781316378
1.0,1.2,0.1,22,"demo_00 +0,-10 deg",True,0.012469721767555666,0.0,0.005964655822345459
1.0,1.2,0.1,23,"demo_00 +0,-5 deg",True,0.005306997909638245,0.0,0.005962835266292483
1.0,1.2,0.1,24,demo_00,True,0.0007735298593424942,0.007304776652235696,0.005962234816426013
1.0,1.2,0.1,25,"demo_00 +0,+5 deg",False,0.006049037810941174,0.12701267911360248,nan
1.0,1.2,0.1,26,"demo_00 +0,+10 deg",False,0.011169680122444698,0.05893140061701754,nan
1.0,1.2,0.1,27,"demo_00 +0,+15 deg",False,0.016678455433601025,0.0,nan
1.0,1.2,0.1,28,"demo_00 +5,-15 deg",True,0.01605029581298725,0.0,0.005960845814578367
1.0,1.2,0.1,29,"demo_00 +5,-10 deg",True,0.0081354325790276,0.0,0.0059608698552514935
1.0,1.2,0.1,30,"demo_00 +5,-5 deg",True,0.001709535085952027,2.376126128356658e-05,0.005963079836907229
1.0,1.2,0.1,31,"demo_00 +5,+0 deg",True,0.0045038415095482835,0.0,0.0059615636529437716
1.0,1.2,0.1,32,"demo_00 +5,+5 deg",False,0.009698391487267416,0.07839926173220704,nan
1.0,1.2,0.1,33,"demo_00 +5,+10 deg",False,0.014917474998027012,0.022512085434982232,nan
1.0,1.2,0.1,34,"demo_00 +5,+15 deg",False,0.020647088067682187,0.0,nan
1.0,1.2,0.1,35,"demo_00 +10,-15 deg",True,0.011287733695500922,0.0,0.00596087025651668
1.0,1.2,0.1,36,"demo_00 +10,-10 deg",True,0.004117886378917233,0.0,0.005961571163900732
1.0,1.2,0.1,37,"demo_00 +10,-5 deg",True,0.0030216767894784124,0.0,0.0059640656145803885
1.0,1.2,0.1,38,"demo_00 +10,+0 deg",True,0.008300595732653517,0.0,0.005964426636772826
1.0,1.2,0.1,39,"demo_00 +10,+5 deg",False,0.013458375884994676,0.02713886099211424,nan
1.0,1.2,0.1,40,"demo_00 +10,+10 deg",False,0.01878291398993764,0.0,nan
1.0,1.2,0.1,41,"demo_00 +10,+15 deg",False,0.02475389145385551,0.0,nan
1.0,1.2,0.1,42,"demo_00 +15,-15 deg",True,0.006655938062601433,0.0,0.005963487954518238
1.0,1.2,0.1,43,"demo_00 +15,-10 deg",True,0.0020279861109792478,0.0,0.005961617839963896
1.0,1.2,0.1,44,"demo_00 +15,-5 deg",True,0.006957600913166963,0.0,0.005961612739114241
1.0,1.2,0.1,45,"demo_00 +15,+0 deg",True,0.0122819943550052,0.0,0.005963434854143793
1.0,1.2,0.1,46,"demo_00 +15,+5 deg",True,0.01742175542810702,0.0,0.005960820218292264
1.0,1.2,0.1,47,"demo_00 +15,+10 deg",False,0.022850369304203286,0.0,nan
1.0,1.2,0.1,48,"demo_00 +15,+15 deg",False,0.02907091555501097,0.0,nan
1.0,1.2,0.15,0,"demo_00 -15,-15 deg",True,0.03610483537459914,0.0,0.005897581767230259
1.0,1.2,0.15,1,"demo_00 -15,-10 deg",True,0.023801910837735717,0.0,0.005895969652525194
1.0,1.2,0.15,2,"demo_00 -15,-5 deg",True,0.01481079647456699,0.0,0.005896949336969847
1.0,1.2,0.15,3,"demo_00 -15,+0 deg",True,0.00813814140477825,0.0,0.005896538062986305
1.0,1.2,0.15,4,"demo_00 -15,+5 deg",False,0.0032197118340994485,0.0,nan
1.0,1.2,0.15,5,"demo_00 -15,+10 deg",False,0.005112437908577652,0.0,nan
1.0,1.2,0.15,6,"demo_00 -15,+15 deg",False,0.012751777496140428,0.0,nan
1.0,1.2,0.15,7,"demo_00 -10,-15 deg",True,0.027919413979180505,0.0,0.005895852927151396
1.0,1.2,0.15,8,"demo_00 -10,-10 deg",True,0.017603984673631636,0.0,0.005894876720218909
1.0,1.2,0.15,9,"demo_00 -10,-5 deg",True,0.010286690863778897,0.0,0.005894886798565938
1.0,1.2,0.15,10,"demo_00 -10,+0 deg",True,0.004817382713424982,0.0,0.005895767060227263
1.0,1.2,0.15,11,"demo_00 -10,+5 deg",False,0.0007011898138893514,0.0,nan
1.0,1.2,0.15,12,"demo_00 -10,+10 deg",False,0.005886255174932072,0.0,nan
1.0,1.2,0.15,13,"demo_00 -10,+15 deg",False,0.013543686061996086,0.0,nan
1.0,1.2,0.15,14,"demo_00 -5,-15 deg",True,0.021032395542353477,0.0,0.00589790874455009
1.0,1.2,0.15,15,"demo_00 -5,-10 deg",True,0.012471911352039716,0.0,0.005897064661992477
1.0,1.2,0.15,16,"demo_00 -5,-5 deg",True,0.006521804213037734,0.0,0.005896811049732414
1.0,1.2,0.15,17,"demo_00 -5,+0 deg",True,0.001972281091999302,0.0,0.005894028317567652
1.0,1.2,0.15,18,"demo_00 -5,+5 deg",False,0.002471221960073217,0.02433869043814671,nan
1.0,1.2,0.15,19,"demo_00 -5,+10 deg",False,0.008074644473606708,0.00299399882553511,nan
1.0,1.2,0.15,20,"demo_00 -5,+15 deg",False,0.015728093697491563,0.0,nan
1.0,1.2,0.15,21,"demo_00 +0,-15 deg",True,0.01552420780443371,0.0,0.005895811448972627
1.0,1.2,0.15,22,"demo_00 +0,-10 deg",True,0.008428839105758524,0.0,0.005897111791005589
1.0,1.2,0.15,23,"demo_00 +0,-5 deg",True,0.003511638683746431,0.0,0.005895996654833882
1.0,1.2,0.15,24,demo_00,True,0.0004771658004743502,0.0072976043402049485,0.0058974737370298584
1.0,1.2,0.15,25,"demo_00 +0,+5 deg",False,0.00481086422262579,0.025993251127962427,nan
1.0,1.2,0.15,26,"demo_00 +0,+10 deg",False,0.01073140202969834,0.0,nan
1.0,1.2,0.15,27,"demo_00 +0,+15 deg",False,0.01879090945272026,0.0,nan
1.0,1.2,0.15,28,"demo_00 +5,-15 deg",True,0.011206688932908403,0.0,0.00589398917468956
1.0,1.2,0.15,29,"demo_00 +5,-10 deg",True,0.00525255817055905,0.0,0.005897483947680099
1.0,1.2,0.15,30,"demo_00 +5,-5 deg",True,0.0012395479161024395,0.0,0.005897757041666704
1.0,1.2,0.15,31,"demo_00 +5,+0 deg",True,0.002702411731843132,0.0,0.005894196429048068
1.0,1.2,0.15,32,"demo_00 +5,+5 deg",False,0.007097996789299891,0.0,nan
1.0,1.2,0.15,33,"demo_00 +5,+10 deg",False,0.01357313348972321,0.0,nan
1.0,1.2,0.15,34,"demo_00 +5,+15 deg",False,0.022373390237865026,0.0,nan
1.0,1.2,0.15,35,"demo_00 +10,-15 deg",True,0.007702832957333938,0.0,0.0058975414669900925
1.0,1.2,0.15,36,"demo_00 +10,-10 deg",True,0.002697022690436155,0.0,0.005896316550353136
1.0,1.2,0.15,37,"demo_00 +10,-5 deg",True,0.0019387362079166697,0.0,0.0058967815741313954
1.0,1.2,0.15,38,"demo_00 +10,+0 deg",True,0.004961232468347714,0.0,0.005895663399546043
1.0,1.2,0.15,39,"demo_00 +10,+5 deg",False,0.009476665126312225,0.0,nan
1.0,1.2,0.15,40,"demo_00 +10,+10 deg",False,0.016598790637392627,0.0,nan
1.0,1.2,0.15,41,"demo_00 +10,+15 deg",False,0.02633623699069815,0.0,nan
1.0,1.2,0.15,42,"demo_00 +15,-15 deg",True,0.004597581519255935,0.0,0.005896015756316239
1.0,1.2,0.15,43,"demo_00 +15,-10 deg",True,0.0017436205318911934,0.0,0.005896304568564409
1.0,1.2,0.15,44,"demo_00 +15,-5 deg",True,0.004359528153176689,0.0,0.005894677386588386
1.0,1.2,0.15,45,"demo_00 +15,+0 deg",True,0.0074274470508743215,0.0,0.0058960859354194595
1.0,1.2,0.15,46,"demo_00 +15,+5 deg",False,0.012096839838885248,0.0,nan
1.0,1.2,0.15,47,"demo_00 +15,+10 deg",False,0.019914249282536566,0.0,nan
1.0,1.2,0.15,48,"demo_00 +15,+15 deg",False,0.03069598501170956,0.0,nan
1.0,1.2,0.2,0,"demo_00 -15,-15 deg",True,0.03735069087191953,0.0,0.00595014127322124
1.0,1.2,0.2,1,"demo_00 -15,-10 deg",True,0.02248929966015221,0.0,0.0059533300955958105
1.0,1.2,0.2,2,"demo_00 -15,-5 deg",True,0.01220208868155626,0.0,0.005950590875524427
1.0,1.2,0.2,3,"demo_00 -15,+0 deg",True,0.006115039571488753,0.0,0.005950999643567398
1.0,1.2,0.2,4,"demo_00 -15,+5 deg",True,0.0042156957447533035,0.0,0.005952082209815932
1.0,1.2,0.2,5,"demo_00 -15,+10 deg",True,0.008245751454942813,0.0,0.005949883248037611
1.0,1.2,0.2,6,"demo_00 -15,+15 deg",True,0.01643496784141966,0.0,0.0059522297024844776
1.0,1.2,0.2,7,"demo_00 -10,-15 deg",True,0.029648054172727856,0.0,0.005952538968249313
1.0,1.2,0.2,8,"demo_00 -10,-10 deg",True,0.01724644466246398,0.0,0.005951086084961964
1.0,1.2,0.2,9,"demo_00 -10,-5 deg",True,0.008912015955133024,0.0,0.005952303754803119
1.0,1.2,0.2,10,"demo_00 -10,+0 deg",True,0.0037727676942853118,0.0,0.005951267448890502
1.0,1.2,0.2,11,"demo_00 -10,+5 deg",True,0.002194068675947243,0.0,0.005952859552222102
1.0,1.2,0.2,12,"demo_00 -10,+10 deg",True,0.006811598671702506,0.0,0.005951000271696773
1.0,1.2,0.2,13,"demo_00 -10,+15 deg",True,0.014512923846984957,0.0,0.005952839556657414
1.0,1.2,0.2,14,"demo_00 -5,-15 deg",True,0.02223897161979307,0.0,0.005950390079442761
1.0,1.2,0.2,15,"demo_00 -5,-10 deg",True,0.012111535300052696,0.0,0.005952587049638343
1.0,1.2,0.2,16,"demo_00 -5,-5 deg",True,0.005678142255407467,0.0,0.00595282866935815
1.0,1.2,0.2,17,"demo_00 -5,+0 deg",True,0.0015876006595709337,0.0,0.005952384541868744
1.0,1.2,0.2,18,"demo_00 -5,+5 deg",True,0.0021806015621345745,0.0,0.005952118802712946
1.0,1.2,0.2,19,"demo_00 -5,+10 deg",True,0.007437620179541046,0.0,0.005951130838309627
1.0,1.2,0.2,20,"demo_00 -5,+15 deg",True,0.015040992035492261,0.0,0.005949918714941845
1.0,1.2,0.2,21,"demo_00 +0,-15 deg",True,0.01598639047693195,0.0,0.005953235563097297
1.0,1.2,0.2,22,"demo_00 +0,-10 deg",True,0.007873343823499506,0.0,0.00595009261474901
1.0,1.2,0.2,23,"demo_00 +0,-5 deg",True,0.0029677730276742886,0.0,0.005952778434959177
1.0,1.2,0.2,24,demo_00,True,0.00037703870571234593,0.006386392845265914,0.005953035038617977
1.0,1.2,0.2,25,"demo_00 +0,+5 deg",True,0.004169505346452407,0.0,0.0059513392714710695
1.0,1.2,0.2,26,"demo_00 +0,+10 deg",True,0.010047973386416852,0.0,0.005951824948205427
1.0,1.2,0.2,27,"demo_00 +0,+15 deg",True,0.01819617833629583,0.0,0.005953058299337269
1.0,1.2,0.2,28,"demo_00 +5,-15 deg",True,0.011099506530306561,0.0,0.005952312321949703
1.0,1.2,0.2,29,"demo_00 +5,-10 deg",True,0.004652427969921768,0.0,0.005950530372226512
1.0,1.2,0.2,30,"demo_00 +5,-5 deg",True,0.0010682056033217604,0.0,0.0059512477442369505
1.0,1.2,0.2,31,"demo_00 +5,+0 deg",True,0.0021231454391881744,0.0,0.005950499172365712
1.0,1.2,0.2,32,"demo_00 +5,+5 deg",True,0.006482874600389152,0.0,0.005952090771261548
1.0,1.2,0.2,33,"demo_00 +5,+10 deg",True,0.013599923532725088,0.0,0.005953041761512689
1.0,1.2,0.2,34,"demo_00 +5,+15 deg",True,0.022889428292772244,0.0,0.005951969597278289
1.0,1.2,0.2,35,"demo_00 +10,-15 deg",True,0.007286405678058548,0.0,0.005951587870397606
1.0,1.2,0.2,36,"demo_00 +10,-10 deg",True,0.002238214664840704,0.0,0.005952582036120047
1.0,1.2,0.2,37,"demo_00 +10,-5 deg",True,0.0017890367256758184,0.0,0.005952396040616527
1.0,1.2,0.2,38,"demo_00 +10,+0 deg",True,0.0038575012135335157,0.0,0.005949904506785822
1.0,1.2,0.2,39,"demo_00 +10,+5 deg",True,0.008880985347548725,0.0,0.00595259429355584
1.0,1.2,0.2,40,"demo_00 +10,+10 deg",True,0.017527645402028495,0.0,0.005950552982046733
1.0,1.2,0.2,41,"demo_00 +10,+15 deg",True,0.028231957650407393,0.0,0.005952766814150207
1.0,1.2,0.2,42,"demo_00 +15,-15 deg",True,0.00409640095444598,0.0,0.0059513811033941235
1.0,1.2,0.2,43,"demo_00 +15,-10 deg",True,0.0018720541290977004,0.0,0.005951324206071833
1.0,1.2,0.2,44,"demo_00 +15,-5 deg",True,0.0037888580281830093,0.0,0.0059508283430885775
1.0,1.2,0.2,45,"demo_00 +15,+0 deg",True,0.005739656372647584,0.0,0.005953525031057227
1.0,1.2,0.2,46,"demo_00 +15,+5 deg",True,0.011477773720595432,0.0,0.00595347226530777
1.0,1.2,0.2,47,"demo_00 +15,+10 deg",True,0.02175730252306405,0.0,0.005951263647364389
1.0,1.2,0.2,48,"demo_00 +15,+15 deg",True,0.03392912160729076,0.0,0.005953025053315561
1.0,1.2,0.3,0,"demo_00 -15,-15 deg",True,0.03772266346781508,0.0,0.005948448029302269
1.0,1.2,0.3,1,"demo_00 -15,-10 deg",True,0.020255360568534664,0.0,0.005950056464209884
1.0,1.2,0.3,2,"demo_00 -15,-5 deg",True,0.01007067256423506,0.0,0.005948927423594823
1.0,1.2,0.3,3,"demo_00 -15,+0 deg",True,0.005531634961449952,0.0,0.005949289254026957
1.0,1.2,0.3,4,"demo_00 -15,+5 deg",True,0.006700537829230228,0.0,0.005948583417537824
1.0,1.2,0.3,5,"demo_00 -15,+10 deg",True,0.015943198856483667,0.0,0.005948756535546328
1.0,1.2,0.3,6,"demo_00 -15,+15 deg",True,0.030048266327019978,0.0,0.005947741601547158
1.0,1.2,0.3,7,"demo_00 -10,-15 deg",True,0.03606929121109182,0.0,0.005948904291419702
1.0,1.2,0.3,8,"demo_00 -10,-10 deg",True,0.017841969996341012,0.0,0.005948236702424468
1.0,1.2,0.3,9,"demo_00 -10,-5 deg",True,0.0068979670103504675,0.0,0.00594762793021239
1.0,1.2,0.3,10,"demo_00 -10,+0 deg",True,0.0027038515314074005,0.0,0.005949805728311404
1.0,1.2,0.3,11,"demo_00 -10,+5 deg",True,0.0043320518686803065,0.0,0.005949280111573197
1.0,1.2,0.3,12,"demo_00 -10,+10 deg",True,0.011836723944164308,0.0,0.00594793087350579
1.0,1.2,0.3,13,"demo_00 -10,+15 deg",True,0.02337829040242068,0.0,0.005947917434812789
1.0,1.2,0.3,14,"demo_00 -5,-15 deg",True,0.031556928974165226,0.0,0.005947797328292619
1.0,1.2,0.3,15,"demo_00 -5,-10 deg",True,0.015498375825525865,0.0,0.005950058161359438
1.0,1.2,0.3,16,"demo_00 -5,-5 deg",True,0.005186802598940329,0.0,0.0059492929547516026
1.0,1.2,0.3,17,"demo_00 -5,+0 deg",True,0.0010545729958994778,0.0,0.005948116231048227
1.0,1.2,0.3,18,"demo_00 -5,+5 deg",True,0.0018947474933932573,0.0,0.005947902238288133
1.0,1.2,0.3,19,"demo_00 -5,+10 deg",True,0.006764020223063696,0.0,0.005948256333058205
1.0,1.2,0.3,20,"demo_00 -5,+15 deg",True,0.016291976439160753,0.0,0.0059490815899056314
1.0,1.2,0.3,21,"demo_00 +0,-15 deg",True,0.02434426388658952,0.0,0.005949955505066259
1.0,1.2,0.3,22,"demo_00 +0,-10 deg",True,0.011161358484590897,0.0,0.005949611076861532
1.0,1.2,0.3,23,"demo_00 +0,-5 deg",True,0.0032148013836861087,0.0,0.0059497758669280615
1.0,1.2,0.3,24,demo_00,True,0.0003117172859239904,0.006244895951002204,0.005948478154942077
1.0,1.2,0.3,25,"demo_00 +0,+5 deg",True,0.0023080894372863895,0.0,0.0059497892577638906
1.0,1.2,0.3,26,"demo_00 +0,+10 deg",True,0.004726232665078178,0.0,0.005947565426579483
1.0,1.2,0.3,27,"demo_00 +0,+15 deg",True,0.012653115254540456,0.0,0.005948891035267191
1.0,1.2,0.3,28,"demo_00 +5,-15 deg",True,0.01713195824512804,0.0,0.0059488965086961785
1.0,1.2,0.3,29,"demo_00 +5,-10 deg",True,0.006603856908674402,0.0,0.005949369149664745
1.0,1.2,0.3,30,"demo_00 +5,-5 deg",True,0.0010077569240929942,0.0,0.005949405983411835
1.0,1.2,0.3,31,"demo_00 +5,+0 deg",True,0.0022589933640320276,0.0,0.005948853073301926
1.0,1.2,0.3,32,"demo_00 +5,+5 deg",True,0.0063761949370573275,0.0,0.00594984999883354
1.0,1.2,0.3,33,"demo_00 +5,+10 deg",True,0.010698709396540489,0.0,0.0059479757588654855
1.0,1.2,0.3,34,"demo_00 +5,+15 deg",True,0.016971100966711738,0.0,0.005949318992806021
1.0,1.2,0.3,35,"demo_00 +10,-15 deg",True,0.010851731143297665,0.0,0.005949532275544264
1.0,1.2,0.3,36,"demo_00 +10,-10 deg",True,0.002714012803942974,0.0,0.0059486177783782184
1.0,1.2,0.3,37,"demo_00 +10,-5 deg",True,0.002371521169344965,0.0,0.005949885071972294
1.0,1.2,0.3,38,"demo_00 +10,+0 deg",True,0.0047765727487455115,0.0,0.005949879573879008
1.0,1.2,0.3,39,"demo_00 +10,+5 deg",True,0.010962829858120963,0.0,0.005948283553453493
1.0,1.2,0.3,40,"demo_00 +10,+10 deg",True,0.01796052248123186,0.0,0.0059493748825181145
1.0,1.2,0.3,41,"demo_00 +10,+15 deg",True,0.02528668219110014,0.0,0.005949594899809022
1.0,1.2,0.3,42,"demo_00 +15,-15 deg",True,0.0053600733373282035,0.0,0.005947824392781749
1.0,1.2,0.3,43,"demo_00 +15,-10 deg",True,0.0025905591725018553,0.0,0.005947565598770242
1.0,1.2,0.3,44,"demo_00 +15,-5 deg",True,0.005096182244628992,0.0,0.005948358037149867
1.0,1.2,0.3,45,"demo_00 +15,+0 deg",True,0.007559191970759351,0.0,0.0059495822615604245
1.0,1.2,0.3,46,"demo_00 +15,+5 deg",True,0.01572388437460596,0.0,0.00595028228899592
1.0,1.2,0.3,47,"demo_00 +15,+10 deg",True,0.025048790286482128,0.0,0.005949838130066107
1.0,1.2,0.3,48,"demo_00 +15,+15 deg",True,0.03427278013685631,0.0,0.005950252791556251
