law,omega,damping,arm,start,origin,replayed,first_step_m,reach_path_distance_m,reach_joint_error_deg,arrival_delay_s,arrived,arrival_time_s,left_goal,hold_error_m,hold_observed_s,success,training_path_distance_deg,demonstrator_training_path_distance_deg,training_path_ratio,tracking_error_deg,peak_reference_speed_dps,peak_hand_speed_mps,settling_time_s,final_distance_m,peak_torque_nm,effort_n2m2s,peak_external_force_n,reference_lead
,,,demonstrator,0,demo_00,,2.248695229651626e-09,0.0,0.0,0.0,True,1.11,False,1.055388501426935e-11,1.9999999999999998,True,0.0,0.0,nan,nan,nan,0.8572022752378818,1.11,5.420799638382024e-15,2.7066665931740523,3.5913335976138443,0.0,nan
,,,demonstrator,1,"demo_00 -15,-15 deg",,1.3006090637896707e-08,0.0,0.0,0.0,True,1.17,False,8.185356725659577e-12,2.0,True,10.762550191362198,10.762550191362198,1.0,nan,nan,1.385800316339431,1.17,5.420799638382024e-15,4.121841562631286,9.211992662269815,0.0,nan
,,,demonstrator,2,"demo_00 -15,-12.5 deg",,1.1891942404062492e-08,0.0,0.0,0.0,True,1.17,False,6.248673843711098e-12,2.0,True,9.73889307555764,9.73889307555764,1.0,nan,nan,1.3547937902688993,1.17,5.420799638382024e-15,4.099493370129581,8.986231367057671,0.0,nan
,,,demonstrator,3,"demo_00 -15,-10 deg",,1.0763121931103982e-08,0.0,0.0,0.0,True,1.16,False,4.748817466130098e-12,2.0,True,8.852111935220934,8.852111935220934,1.0,nan,nan,1.3272904748649692,1.16,6.265632927836534e-15,4.079974039484794,8.776472939874724,0.0,nan
,,,demonstrator,4,"demo_00 -15,-7.5 deg",,9.621936348533312e-09,0.0,0.0,0.0,True,1.16,False,2.4694152165633344e-12,2.0,True,7.972485786834196,7.972485786834196,1.0,nan,nan,1.3033264119002346,1.16,6.265632927836534e-15,4.062966665753825,8.58226217005907,0.0,nan
,,,demonstrator,5,"demo_00 -15,-5 deg",,8.472175791485815e-09,0.0,0.0,0.0,True,1.16,False,1.480573045881041e-13,2.0,True,7.20764547919915,7.20764547919915,1.0,nan,nan,1.283159961473271,1.16,3.9283700765566935e-15,4.048295341563624,8.4032498288265,0.0,nan
,,,demonstrator,6,"demo_00 -15,-2.5 deg",,7.32035292939856e-09,0.0,0.0,0.0,True,1.1500000000000001,False,2.5016067505620075e-12,1.9999999999999998,True,6.644371103904945,6.644371103904945,1.0,nan,nan,1.2670256684557932,1.1500000000000001,4.632437998758358e-15,4.0358518991321874,8.239193415750579,0.0,nan
,,,demonstrator,7,"demo_00 -15,+0 deg",,6.178288539991243e-09,0.0,0.0,0.0,True,1.1500000000000001,False,5.203006750940128e-12,1.9999999999999998,True,6.199678792285735,6.199678792285735,1.0,nan,nan,1.255125193217512,1.1500000000000001,5.111850690840453e-15,4.0254792424416435,8.089960934976036,0.0,nan
,,,demonstrator,8,"demo_00 -15,+2.5 deg",,5.06897241305203e-09,0.0,0.0,0.0,True,1.1500000000000001,False,7.94505989592018e-12,1.9999999999999998,True,5.961964530068546,5.961964530068546,1.0,nan,nan,1.2476187592773142,1.1500000000000001,5.512120354514498e-15,4.017264748207377,7.955538557028797,0.0,nan
,,,demonstrator,9,"demo_00 -15,+5 deg",,4.040757837302626e-09,0.0,0.0,0.0,True,1.1500000000000001,False,1.0722617108911373e-11,1.9999999999999998,True,6.177549531491353,6.177549531491353,1.0,nan,nan,1.2446179827123596,1.1500000000000001,5.512120354514498e-15,4.011338975206503,7.836043278782191,0.0,nan
,,,demonstrator,10,"demo_00 -15,+7.5 deg",,3.2007731824011957e-09,0.0,0.0,0.0,True,1.1500000000000001,False,1.352995965141884e-11,1.9999999999999998,True,6.916481093223364,6.916481093223364,1.0,nan,nan,1.2461809139262696,1.1500000000000001,5.4840971920226826e-15,4.0077810490855,7.731742052151308,0.0,nan
,,,demonstrator,11,"demo_00 -15,+10 deg",,2.760720745170359e-09,0.0,0.0,0.0,True,1.1500000000000001,False,1.6360106243626884e-11,1.9999999999999998,True,7.80203127141555,7.80203127141555,1.0,nan,nan,1.2523099352721858,1.1500000000000001,5.512120354514498e-15,4.006957266053331,7.6430793537183,0.0,nan
,,,demonstrator,12,"demo_00 -15,+12.5 deg",,2.937957652209379e-09,0.0,0.0,0.0,True,1.16,False,1.7214676738351456e-11,2.0,True,8.723299870928011,8.723299870928011,1.0,nan,nan,1.262994933912,1.16,5.512120354514498e-15,4.009056268234277,7.570715873681638,0.0,nan
,,,demonstrator,13,"demo_00 -15,+15 deg",,3.6665478353415965e-09,0.0,0.0,0.0,True,1.16,False,1.9775131177903494e-11,2.0,True,9.790680141901253,9.790680141901253,1.0,nan,nan,1.2783097830280905,1.16,5.512120354514498e-15,4.014607447779893,7.515582000749986,0.0,nan
,,,demonstrator,14,"demo_00 -12.5,-15 deg",,1.198498414317404e-08,0.0,0.0,0.0,True,1.16,False,9.507601913692582e-12,2.0,True,10.180198083558139,10.180198083558139,1.0,nan,nan,1.3109696527635448,1.16,5.420799638382024e-15,3.905800931772159,8.231561675415382,0.0,nan
,,,demonstrator,15,"demo_00 -12.5,-12.5 deg",,1.0885163048830756e-08,0.0,0.0,0.0,True,1.16,False,7.289123577337771e-12,2.0,True,9.077758779604899,9.077758779604899,1.0,nan,nan,1.2807475767369545,1.16,5.420799638382024e-15,3.884484230674614,8.026912764793586,0.0,nan
,,,demonstrator,16,"demo_00 -12.5,-10 deg",,9.773451943252488e-09,0.0,0.0,0.0,True,1.16,False,5.012579680130072e-12,2.0,True,8.032024963473367,8.032024963473367,1.0,nan,nan,1.254073728938317,1.16,5.0206146149789415e-15,3.865535161474111,7.837013384213697,0.0,nan
,,,demonstrator,17,"demo_00 -12.5,-7.5 deg",,8.653030721340699e-09,0.0,0.0,0.0,True,1.1500000000000001,False,2.9957732768444013e-12,1.9999999999999998,True,7.126269995158935,7.126269995158935,1.0,nan,nan,1.2312877358903587,1.1500000000000001,6.265632927836534e-15,3.848741715647046,7.661452194139329,0.0,nan
,,,demonstrator,18,"demo_00 -12.5,-5 deg",,7.529224401927114e-09,0.0,0.0,0.0,True,1.1500000000000001,False,3.5007252708724314e-13,1.9999999999999998,True,6.269358219504453,6.269358219504453,1.0,nan,nan,1.2124953318266123,1.1500000000000001,4.242156220644677e-15,3.8339458039085903,7.499915833654316,0.0,nan
,,,demonstrator,19,"demo_00 -12.5,-2.5 deg",,6.411441420695562e-09,0.0,0.0,0.0,True,1.1500000000000001,False,2.3533221572295944e-12,1.9999999999999998,True,5.569025933559436,5.569025933559436,1.0,nan,nan,1.1979331876505177,1.1500000000000001,4.632437998758358e-15,3.8209569797321397,7.35218948524307,0.0,nan
,,,demonstrator,20,"demo_00 -12.5,+0 deg",,5.317428480540089e-09,0.0,0.0,0.0,True,1.1500000000000001,False,5.093096658051559e-12,1.9999999999999998,True,5.069712412845691,5.069712412845691,1.0,nan,nan,1.1877979279847828,1.1500000000000001,5.111850690840453e-15,3.8098411921659157,7.218160415732983,0.0,nan
,,,demonstrator,21,"demo_00 -12.5,+2.5 deg",,4.283331476881593e-09,0.0,0.0,0.0,True,1.1500000000000001,False,7.869439500443058e-12,1.9999999999999998,True,4.811325794731997,4.811325794731997,1.0,nan,nan,1.1822366878366766,1.1500000000000001,5.420799638382024e-15,3.8006468572304626,7.097825305623489,0.0,nan
,,,demonstrator,22,"demo_00 -12.5,+5 deg",,3.387913338106368e-09,0.0,0.0,0.0,True,1.1500000000000001,False,1.0675523614621582e-11,1.9999999999999998,True,5.151697470863624,5.151697470863624,1.0,nan,nan,1.1813397013970426,1.1500000000000001,5.512120354514498e-15,3.7934259744183576,6.9913024250992555,0.0,nan
,,,demonstrator,23,"demo_00 -12.5,+7.5 deg",,2.7974702929495475e-09,0.0,0.0,0.0,True,1.1500000000000001,False,1.350517085984208e-11,1.9999999999999998,True,5.9817120350538255,5.9817120350538255,1.0,nan,nan,1.1851358745601712,1.1500000000000001,5.4840971920226826e-15,3.788410546163372,6.8988500588820685,0.0,nan
,,,demonstrator,24,"demo_00 -12.5,+10 deg",,2.74737799595257e-09,0.0,0.0,0.0,True,1.1500000000000001,False,1.635276759209539e-11,1.9999999999999998,True,6.956066060007412,6.956066060007412,1.0,nan,nan,1.1936377859218608,1.1500000000000001,5.4840971920226826e-15,3.7858600299042138,6.820893064240173,0.0,nan
,,,demonstrator,25,"demo_00 -12.5,+12.5 deg",,3.286184884156925e-09,0.0,0.0,0.0,True,1.1500000000000001,False,1.9211380546076832e-11,1.9999999999999998,True,8.03119072923262,8.03119072923262,1.0,nan,nan,1.2068886034931174,1.1500000000000001,5.4840971920226826e-15,3.786035603245714,6.75806012486996,0.0,nan
,,,demonstrator,26,"demo_00 -12.5,+15 deg",,4.210193868795532e-09,0.0,0.0,0.0,True,1.16,False,1.9785423361222944e-11,2.0,True,9.101599835869152,9.101599835869152,1.0,nan,nan,1.2245893173994868,1.16,5.512120354514498e-15,3.7894324614482855,6.711235220074674,0.0,nan
,,,demonstrator,27,"demo_00 -10,-15 deg",,1.0977999294765777e-08,0.0,0.0,0.0,True,1.16,False,9.721006485487938e-12,2.0,True,9.582090238800468,9.582090238800468,1.0,nan,nan,1.2353609828366903,1.16,5.420799638382024e-15,3.6900136492300475,7.30666332972808,0.0,nan
,,,demonstrator,28,"demo_00 -10,-12.5 deg",,9.894654218979339e-09,0.0,0.0,0.0,True,1.1500000000000001,False,8.310430727210037e-12,1.9999999999999998,True,8.48223193744255,8.48223193744255,1.0,nan,nan,1.2060517486601001,1.1500000000000001,5.420799638382024e-15,3.669338359150715,7.121857908878798,0.0,nan
,,,demonstrator,29,"demo_00 -10,-10 deg",,8.8025932986154e-09,0.0,0.0,0.0,True,1.1500000000000001,False,5.717112648126525e-12,1.9999999999999998,True,7.347989614561788,7.347989614561788,1.0,nan,nan,1.1804249131038627,1.1500000000000001,5.063396036227354e-15,3.6506838244813933,6.950635173973301,0.0,nan
,,,demonstrator,30,"demo_00 -10,-7.5 deg",,7.70620504688926e-09,0.0,0.0,0.0,True,1.1500000000000001,False,3.0702673207999392e-12,1.9999999999999998,True,6.283607093735563,6.283607093735563,1.0,nan,nan,1.1588533027045107,1.1500000000000001,6.265632927836534e-15,3.6338374195888505,6.7926252866183345,0.0,nan
,,,demonstrator,31,"demo_00 -10,-5 deg",,6.613046371623631e-09,0.0,0.0,0.0,True,1.1400000000000001,False,4.220600113256641e-13,2.0,True,5.371905275532018,5.371905275532018,1.0,nan,nan,1.1415896949169695,1.1400000000000001,4.39625888431457e-15,3.6185867954570305,6.647549175005652,0.0,nan
,,,demonstrator,32,"demo_00 -10,-2.5 deg",,5.5369791098869046e-09,0.0,0.0,0.0,True,1.1400000000000001,False,2.6359738633227643e-12,2.0,True,4.5715470818324935,4.5715470818324935,1.0,nan,nan,1.1287742500817772,1.1400000000000001,4.555974381910842e-15,3.6049730221433522,6.5152190777500305,0.0,nan
,,,demonstrator,33,"demo_00 -10,+0 deg",,4.5053978624616545e-09,0.0,0.0,0.0,True,1.1400000000000001,False,5.730613243399441e-12,2.0,True,4.000538462351017,4.000538462351017,1.0,nan,nan,1.1205951682187396,1.1400000000000001,5.111850690840453e-15,3.5929792476311544,6.395542027274809,0.0,nan
,,,demonstrator,34,"demo_00 -10,+2.5 deg",,3.5766846947716477e-09,0.0,0.0,0.0,True,1.1400000000000001,False,8.860582403851514e-12,2.0,True,3.720676610262821,3.720676610262821,1.0,nan,nan,1.1171814294260687,1.1400000000000001,5.512120354514498e-15,3.5826327962157407,6.288527046188187,0.0,nan
,,,demonstrator,35,"demo_00 -10,+5 deg",,2.8777196182804195e-09,0.0,0.0,0.0,True,1.1400000000000001,False,1.2016843259459575e-11,2.0,True,4.2628121970554735,4.2628121970554735,1.0,nan,nan,1.1185954812294523,1.1400000000000001,5.512120354514498e-15,3.5740674523621356,6.194297066766844,0.0,nan
,,,demonstrator,36,"demo_00 -10,+7.5 deg",,2.6279056345224363e-09,0.0,0.0,0.0,True,1.1400000000000001,False,1.519413597549882e-11,2.0,True,5.208742494885825,5.208742494885825,1.0,nan,nan,1.1248897752913958,1.1400000000000001,5.512120354514498e-15,3.5675733615011502,6.113106914586723,0.0,nan
,,,demonstrator,37,"demo_00 -10,+10 deg",,2.967535199643352e-09,0.0,0.0,0.0,True,1.1500000000000001,False,1.6479345338398504e-11,1.9999999999999998,True,6.236982057553702,6.236982057553702,1.0,nan,nan,1.1360616194993496,1.1500000000000001,5.4840971920226826e-15,3.563227787320326,6.0453691610963025,0.0,nan
,,,demonstrator,38,"demo_00 -10,+12.5 deg",,3.757303209766413e-09,0.0,0.0,0.0,True,1.1500000000000001,False,1.9346242952964997e-11,1.9999999999999998,True,7.395006322751494,7.395006322751494,1.0,nan,nan,1.1518725146478277,1.1500000000000001,5.4840971920226826e-15,3.561542788541348,5.991690301152609,0.0,nan
,,,demonstrator,39,"demo_00 -10,+15 deg",,4.792199571050257e-09,0.0,0.0,0.0,True,1.1500000000000001,False,2.221097634384334e-11,1.9999999999999998,True,8.60959182713233,8.60959182713233,1.0,nan,nan,1.1721205866872795,1.1500000000000001,5.512120354514498e-15,3.5628969208724923,5.952920626491927,0.0,nan
,,,demonstrator,40,"demo_00 -7.5,-15 deg",,9.987037153485205e-09,0.0,0.0,0.0,True,1.1500000000000001,False,1.0904180782940557e-11,1.9999999999999998,True,9.126774210355928,9.126774210355928,1.0,nan,nan,1.1590290144251114,1.1500000000000001,5.420799638382024e-15,3.473823712261943,6.436452872405535,0.0,nan
,,,demonstrator,41,"demo_00 -7.5,-12.5 deg",,8.922428967286782e-09,0.0,0.0,0.0,True,1.1500000000000001,False,8.31420396148772e-12,1.9999999999999998,True,7.8924157718108505,7.8924157718108505,1.0,nan,nan,1.1307336810403144,1.1500000000000001,5.420799638382024e-15,3.4535266867506937,6.270309852499109,0.0,nan
,,,demonstrator,42,"demo_00 -7.5,-10 deg",,7.85282216143244e-09,0.0,0.0,0.0,True,1.1400000000000001,False,6.326662420085554e-12,2.0,True,6.740215512319023,6.740215512319023,1.0,nan,nan,1.1063419058772446,1.1400000000000001,5.0206146149789415e-15,3.434882207097691,6.116660713490587,0.0,nan
,,,demonstrator,43,"demo_00 -7.5,-7.5 deg",,6.784331560989521e-09,0.0,0.0,0.0,True,1.1400000000000001,False,3.3240415391399806e-12,2.0,True,5.572951719560627,5.572951719560627,1.0,nan,nan,1.0861718073215998,1.1400000000000001,6.265632927836534e-15,3.417667469255278,5.975174999894657,0.0,nan
,,,demonstrator,44,"demo_00 -7.5,-5 deg",,5.727883601919532e-09,0.0,0.0,0.0,True,1.1400000000000001,False,2.7778135061231134e-13,2.0,True,4.49589082033599,4.49589082033599,1.0,nan,nan,1.0705556394903446,1.1400000000000001,3.9283700765566935e-15,3.4018960553117523,5.845606599053205,0.0,nan
,,,demonstrator,45,"demo_00 -7.5,-2.5 deg",,4.7044772650828305e-09,0.0,0.0,0.0,True,1.1400000000000001,False,2.8221338278161836e-12,2.0,True,3.5776302118395775,3.5776302118395775,1.0,nan,nan,1.0596861615641888,1.1400000000000001,4.491946442396235e-15,3.3874977650460902,5.72779441749944,0.0,nan
,,,demonstrator,46,"demo_00 -7.5,+0 deg",,3.757785419972084e-09,0.0,0.0,0.0,True,1.1300000000000001,False,6.63634018687123e-12,1.9999999999999998,True,2.9439415675816205,2.9439415675816205,1.0,nan,nan,1.053680318723238,1.1300000000000001,5.3302268750589315e-15,3.374478503572956,5.621665975564814,0.0,nan
,,,demonstrator,47,"demo_00 -7.5,+2.5 deg",,2.9833849009199473e-09,0.0,0.0,0.0,True,1.1300000000000001,False,1.0157446768884036e-11,1.9999999999999998,True,2.65161482227211,2.65161482227211,1.0,nan,nan,1.0526419825787714,1.1300000000000001,5.512120354514498e-15,3.3629102396336954,5.527244659883047,0.0,nan
,,,demonstrator,48,"demo_00 -7.5,+5 deg",,2.568511381109801e-09,0.0,0.0,0.0,True,1.1400000000000001,False,1.2282390481256144e-11,2.0,True,3.4683880323559872,3.4683880323559872,1.0,nan,nan,1.0566801569519566,1.1400000000000001,5.512120354514498e-15,3.353057702977761,5.444661602010268,0.0,nan
,,,demonstrator,49,"demo_00 -7.5,+7.5 deg",,2.7085703191560943e-09,0.0,0.0,0.0,True,1.1400000000000001,False,1.5474734671017936e-11,2.0,True,4.540546377596946,4.540546377596946,1.0,nan,nan,1.0657353450451237,1.1400000000000001,5.512120354514498e-15,3.344938189975979,5.374173470714148,0.0,nan
,,,demonstrator,50,"demo_00 -7.5,+10 deg",,3.3526282310028725e-09,0.0,0.0,0.0,True,1.1400000000000001,False,1.867564416381163e-11,2.0,True,5.723848330371508,5.723848330371508,1.0,nan,nan,1.07964364031542,1.1400000000000001,5.512120354514498e-15,3.3390023020351567,5.316187912122488,0.0,nan
,,,demonstrator,51,"demo_00 -7.5,+12.5 deg",,4.292373849452168e-09,0.0,0.0,0.0,True,1.1400000000000001,False,2.187619612948762e-11,2.0,True,6.971047485370299,6.971047485370299,1.0,nan,nan,1.0982038941117551,1.1400000000000001,5.512120354514498e-15,3.3354953264411424,5.271298997006174,0.0,nan
,,,demonstrator,52,"demo_00 -7.5,+15 deg",,5.384705915598517e-09,0.0,0.0,0.0,True,1.1500000000000001,False,2.2470761083848304e-11,1.9999999999999998,True,8.188533735092438,8.188533735092438,1.0,nan,nan,1.121161127734598,1.1500000000000001,5.512120354514498e-15,3.334885358076542,5.240335908108763,0.0,nan
,,,demonstrator,53,"demo_00 -5,-15 deg",,9.013996171861456e-09,0.0,0.0,0.0,True,1.1400000000000001,False,1.2031167171534369e-11,2.0,True,8.690804127997184,8.690804127997184,1.0,nan,nan,1.0820311623179162,1.1400000000000001,5.420799638382024e-15,3.2567434317750736,5.620368747147735,0.0,nan
,,,demonstrator,54,"demo_00 -5,-12.5 deg",,7.970550576528306e-09,0.0,0.0,0.0,True,1.1400000000000001,False,9.08640611064496e-12,2.0,True,7.432521381958587,7.432521381958587,1.0,nan,nan,1.0548638218897304,1.1400000000000001,5.420799638382024e-15,3.236511293138646,5.471782892738027,0.0,nan
,,,demonstrator,55,"demo_00 -5,-10 deg",,6.9266035428942745e-09,0.0,0.0,0.0,True,1.1400000000000001,False,6.086107631810465e-12,2.0,True,6.165456649857062,6.165456649857062,1.0,nan,nan,1.0318519794742127,1.1400000000000001,5.0206146149789415e-15,3.2175830865377764,5.334672673016947,0.0,nan
,,,demonstrator,56,"demo_00 -5,-7.5 deg",,5.8908282543742885e-09,0.0,0.0,0.0,True,1.1300000000000001,False,3.3896404401496153e-12,1.9999999999999998,True,4.957913960028026,4.957913960028026,1.0,nan,nan,1.0133297402881134,1.1300000000000001,6.265632927836534e-15,3.199940838770546,5.208745146669449,0.0,nan
,,,demonstrator,57,"demo_00 -5,-5 deg",,4.879459468617566e-09,0.0,0.0,0.0,True,1.1300000000000001,False,8.080143375332903e-14,1.9999999999999998,True,3.75368464849518,3.75368464849518,1.0,nan,nan,0.9995883175659616,1.1300000000000001,3.884194229483362e-15,3.1834708163382057,5.093786083471478,0.0,nan
,,,demonstrator,58,"demo_00 -5,-2.5 deg",,3.925442813573592e-09,0.0,0.0,0.0,True,1.1300000000000001,False,3.5459494454001544e-12,1.9999999999999998,True,2.6786179951776896,2.6786179951776896,1.0,nan,nan,0.9908584136860563,1.1300000000000001,4.577566798522238e-15,3.1681599605294704,4.989660919095671,0.0,nan
,,,demonstrator,59,"demo_00 -5,+0 deg",,3.1004715288948265e-09,0.0,0.0,0.0,True,1.1300000000000001,False,7.066572325987941e-12,1.9999999999999998,True,1.8908796364316314,1.8908796364316314,1.0,nan,nan,0.9872946318853695,1.1300000000000001,5.3302268750589315e-15,3.1540503035985186,4.896318620833399,0.0,nan
,,,demonstrator,60,"demo_00 -5,+2.5 deg",,2.5558982988085895e-09,0.0,0.0,0.0,True,1.1300000000000001,False,1.0611793670167054e-11,1.9999999999999998,True,1.8423910691393575,1.8423910691393575,1.0,nan,nan,0.9889642626005631,1.1300000000000001,5.512120354514498e-15,3.141325765908172,4.8137991752650855,0.0,nan
,,,demonstrator,61,"demo_00 -5,+5 deg",,2.5059638703414746e-09,0.0,0.0,0.0,True,1.1300000000000001,False,1.4174833277514584e-11,1.9999999999999998,True,2.8962570253240454,2.8962570253240454,1.0,nan,nan,0.9958423308989035,1.1300000000000001,5.512120354514498e-15,3.1300411225384877,4.742245630711656,0.0,nan
,,,demonstrator,62,"demo_00 -5,+7.5 deg",,2.9940307419163825e-09,0.0,0.0,0.0,True,1.1300000000000001,False,1.7746961787328747e-11,1.9999999999999998,True,4.112408088240441,4.112408088240441,1.0,nan,nan,1.0078137947593182,1.1300000000000001,5.512120354514498e-15,3.1204972291753124,4.681921936498671,0.0,nan
,,,demonstrator,63,"demo_00 -5,+10 deg",,3.832856458260762e-09,0.0,0.0,0.0,True,1.1400000000000001,False,1.911241148869807e-11,2.0,True,5.35504335643123,5.35504335643123,1.0,nan,nan,1.024682514000245,1.1400000000000001,5.512120354514498e-15,3.1129173529879672,4.633238252087861,0.0,nan
,,,demonstrator,64,"demo_00 -5,+12.5 deg",,4.853554839727505e-09,0.0,0.0,0.0,True,1.1400000000000001,False,2.2310756869405538e-11,2.0,True,6.667287798282184,6.667287798282184,1.0,nan,nan,1.0461854576372835,1.1400000000000001,5.512120354514498e-15,3.107690688831333,4.596785999469857,0.0,nan
,,,demonstrator,65,"demo_00 -5,+15 deg",,5.9706536056044636e-09,0.0,0.0,0.0,True,1.1500000000000001,False,2.2853463696667816e-11,1.9999999999999998,True,7.932950423380334,7.932950423380334,1.0,nan,nan,1.0720099185383267,1.1500000000000001,5.512120354514498e-15,3.105364492085878,4.573385765587662,0.0,nan
,,,demonstrator,66,"demo_00 -2.5,-15 deg",,8.060780516263939e-09,0.0,0.0,0.0,True,1.1400000000000001,False,1.1700196685466373e-11,2.0,True,8.120902212103429,8.120902212103429,1.0,nan,nan,1.0044293117914116,1.1400000000000001,5.420799638382024e-15,3.0382213127455886,4.8580989963797325,0.0,nan
,,,demonstrator,67,"demo_00 -2.5,-12.5 deg",,7.041178234712892e-09,0.0,0.0,0.0,True,1.1300000000000001,False,9.710109846173695e-12,1.9999999999999998,True,6.938359574781361,6.938359574781361,1.0,nan,nan,0.978522181652345,1.1300000000000001,5.420799638382024e-15,3.017791299359836,4.7260305084320455,0.0,nan
,,,demonstrator,68,"demo_00 -2.5,-10 deg",,6.026737968830051e-09,0.0,0.0,0.0,True,1.1300000000000001,False,6.312810395239974e-12,1.9999999999999998,True,5.676262714408268,5.676262714408268,1.0,nan,nan,0.9570607338242083,1.1300000000000001,5.0206146149789415e-15,2.998519747525417,4.60448335085236,0.0,nan
,,,demonstrator,69,"demo_00 -2.5,-7.5 deg",,5.030089356376903e-09,0.0,0.0,0.0,True,1.12,False,3.1989441612768734e-12,2.0,True,4.439265681005834,4.439265681005834,1.0,nan,nan,0.9403958485411729,1.12,6.265632927836534e-15,2.9802591521183155,4.493200482119453,0.0,nan
,,,demonstrator,70,"demo_00 -2.5,-5 deg",,4.076247322437642e-09,0.0,0.0,0.0,True,1.12,False,6.907904727215477e-13,2.0,True,3.145426020257325,3.145426020257325,1.0,nan,nan,0.9288220402815105,1.12,3.7105374255538066e-15,2.962978210986333,4.391998740991285,0.0,nan
,,,demonstrator,71,"demo_00 -2.5,-2.5 deg",,3.218966804459608e-09,0.0,0.0,0.0,True,1.12,False,4.614614650194499e-12,2.0,True,1.8929585974569376,1.8929585974569376,1.0,nan,nan,0.9225566071177497,1.12,4.930190325141863e-15,2.9466940994569413,4.300770217888565,0.0,nan
,,,demonstrator,72,"demo_00 -2.5,+0 deg",,2.5765494696997505e-09,0.0,0.0,0.0,True,1.12,False,8.569588072906966e-12,2.0,True,0.8980090771678382,0.8980090771678382,1.0,nan,nan,0.921722586026464,1.12,5.420799638382024e-15,2.931524656309479,4.219486542843671,0.0,nan
,,,demonstrator,73,"demo_00 -2.5,+2.5 deg",,2.3548202162638333e-09,0.0,0.0,0.0,True,1.12,False,1.2544217609271818e-11,2.0,True,1.3426102757979932,1.3426102757979932,1.0,nan,nan,0.926338507032286,1.12,5.512120354514498e-15,2.917554886787044,4.148206777800483,0.0,nan
,,,demonstrator,74,"demo_00 -2.5,+5 deg",,2.679333090475305e-09,0.0,0.0,0.0,True,1.12,False,1.6532952106758355e-11,2.0,True,2.6081337614895856,2.6081337614895856,1.0,nan,nan,0.9363169168290246,1.12,5.512120354514498e-15,2.904970039142289,4.087089817475143,0.0,nan
,,,demonstrator,75,"demo_00 -2.5,+7.5 deg",,3.410813404864496e-09,0.0,0.0,0.0,True,1.1300000000000001,False,1.8396928053226972e-11,1.9999999999999998,True,3.9123409319262543,3.9123409319262543,1.0,nan,nan,0.9514719716074004,1.1300000000000001,5.512120354514498e-15,2.893974757293806,4.036412503618613,0.0,nan
,,,demonstrator,76,"demo_00 -2.5,+10 deg",,4.358673709460432e-09,0.0,0.0,0.0,True,1.1300000000000001,False,2.1970328237686047e-11,1.9999999999999998,True,5.26196166850563,5.26196166850563,1.0,nan,nan,0.9715346249481005,1.1300000000000001,5.512120354514498e-15,2.8848916174401085,3.996595074620379,0.0,nan
,,,demonstrator,77,"demo_00 -2.5,+12.5 deg",,5.41770722617668e-09,0.0,0.0,0.0,True,1.1400000000000001,False,2.2885082242365977e-11,2.0,True,6.567441649231515,6.567441649231515,1.0,nan,nan,0.9961726578393981,1.1400000000000001,5.512120354514498e-15,2.8780899792565586,3.968236149724616,0.0,nan
,,,demonstrator,78,"demo_00 -2.5,+15 deg",,6.539195351452728e-09,0.0,0.0,0.0,True,1.1400000000000001,False,2.6059358597348366e-11,2.0,True,7.921503102770436,7.921503102770436,1.0,nan,nan,1.0250123632816455,1.1400000000000001,5.512120354514498e-15,2.874236243215602,3.9521602418489987,0.0,nan
,,,demonstrator,79,"demo_00 +0,-15 deg",,7.1293269710023785e-09,0.0,0.0,0.0,True,1.1300000000000001,False,1.2464555791349802e-11,1.9999999999999998,True,7.5568923326608894,7.5568923326608894,1.0,nan,nan,0.9262923556533346,1.1300000000000001,5.420799638382024e-15,2.8178131821315535,4.149551456701889,0.0,nan
,,,demonstrator,80,"demo_00 +0,-12.5 deg",,6.136652786812952e-09,0.0,0.0,0.0,True,1.12,False,1.0119384723595034e-11,2.0,True,6.377246175289189,6.377246175289189,1.0,nan,nan,0.9018029946362918,1.12,5.420799638382024e-15,2.7971156402647295,4.033016908999813,0.0,nan
,,,demonstrator,81,"demo_00 +0,-10 deg",,5.156632535617896e-09,0.0,0.0,0.0,True,1.12,False,6.279697364441072e-12,2.0,True,5.122756451871138,5.122756451871138,1.0,nan,nan,0.8820976724419406,1.12,5.420799638382024e-15,2.777302928319899,3.9261074850285227,0.0,nan
,,,demonstrator,82,"demo_00 +0,-7.5 deg",,4.208336770469893e-09,0.0,0.0,0.0,True,1.11,False,2.670350183419194e-12,1.9999999999999998,True,3.8891417906546457,3.8891417906546457,1.0,nan,nan,0.8675439471940947,1.11,5.978733960281817e-15,2.7583239575669154,3.8286006939069708,0.0,nan
,,,demonstrator,83,"demo_00 +0,-5 deg",,3.3320856204315783e-09,0.0,0.0,0.0,True,1.11,False,1.7079916702922692e-12,1.9999999999999998,True,2.6022551723041376,2.6022551723041376,1.0,nan,nan,0.8584343356204575,1.11,4.242156220644677e-15,2.74017525073152,3.7403439077772553,0.0,nan
,,,demonstrator,84,"demo_00 +0,-2.5 deg",,2.6183955009126554e-09,0.0,0.0,0.0,True,1.11,False,6.118671387034696e-12,1.9999999999999998,True,1.3056205598504806,1.3056205598504806,1.0,nan,nan,0.8549618455065551,1.11,5.0206146149789415e-15,2.7229181217707517,3.661256279955478,0.0,nan
,,,demonstrator,85,"demo_00 +0,+2.5 deg",,2.406355402191245e-09,0.0,0.0,0.0,True,1.11,False,1.500397048391294e-11,1.9999999999999998,True,1.3499602816745566,1.3499602816745566,1.0,nan,nan,0.8651069252921887,1.11,5.512120354514498e-15,2.6915119664758738,3.530656739138553,0.0,nan
,,,demonstrator,86,"demo_00 +0,+5 deg",,3.023430423546049e-09,0.0,0.0,0.0,True,1.12,False,1.7443250005920373e-11,2.0,True,2.6929104496170755,2.6929104496170755,1.0,nan,nan,0.8785073250612598,1.12,5.512120354514498e-15,2.6776467670430497,3.479404618805106,0.0,nan
,,,demonstrator,87,"demo_00 +0,+7.5 deg",,3.897105707376733e-09,0.0,0.0,0.0,True,1.12,False,2.143390799968036e-11,2.0,True,4.054850195212392,4.054850195212392,1.0,nan,nan,0.8971309316666065,1.12,5.4840971920226826e-15,2.6653390232430816,3.437872795132814,0.0,nan
,,,demonstrator,88,"demo_00 +0,+10 deg",,4.89915587402376e-09,0.0,0.0,0.0,True,1.1300000000000001,False,2.2779378606086703e-11,1.9999999999999998,True,5.376867912810926,5.376867912810926,1.0,nan,nan,0.9206245071965501,1.1300000000000001,5.512120354514498e-15,2.654876971737181,3.4064993243378483,0.0,nan
,,,demonstrator,89,"demo_00 +0,+12.5 deg",,5.97046271357047e-09,0.0,0.0,0.0,True,1.1300000000000001,False,2.6325913345708606e-11,1.9999999999999998,True,6.735418744753007,6.735418744753007,1.0,nan,nan,0.9485808043473737,1.1300000000000001,5.512120354514498e-15,2.646819025466831,3.385899996682573,0.0,nan
,,,demonstrator,90,"demo_00 +0,+15 deg",,7.083099961302476e-09,0.0,0.0,0.0,True,1.1400000000000001,False,2.6753028183583827e-11,2.0,True,8.028795054611413,8.028795054611413,1.0,nan,nan,0.9805644491205098,1.1400000000000001,5.512120354514498e-15,2.641679365798739,3.376915851708389,0.0,nan
,,,demonstrator,91,"demo_00 +2.5,-15 deg",,6.221645592107592e-09,0.0,0.0,0.0,True,1.12,False,1.3007463764019973e-11,2.0,True,6.932563639303647,6.932563639303647,1.0,nan,nan,0.8477000430297071,1.12,5.420799638382024e-15,2.5952720664492293,3.4948272012644463,0.0,nan
,,,demonstrator,92,"demo_00 +2.5,-12.5 deg",,5.259659365797909e-09,0.0,0.0,0.0,True,1.11,False,1.0231817370602544e-11,1.9999999999999998,True,5.754825556150323,5.754825556150323,1.0,nan,nan,0.8248218959836214,1.11,5.512120354514498e-15,2.5741104396301027,3.3928916779689655,0.0,nan
,,,demonstrator,93,"demo_00 +2.5,-10 deg",,4.320848362397161e-09,0.0,0.0,0.0,True,1.11,False,5.898841171310609e-12,1.9999999999999998,True,4.507387300457787,4.507387300457787,1.0,nan,nan,0.807127689930382,1.11,6.265632927836534e-15,2.5536647043762097,3.2997380258531384,0.0,nan
,,,demonstrator,94,"demo_00 +2.5,-7.5 deg",,3.4354306731278907e-09,0.0,0.0,0.0,True,1.1,False,1.7005270230627615e-12,2.0,True,3.2759776969961907,3.2759776969961907,1.0,nan,nan,0.7949996289666094,1.1,4.890025172686938e-15,2.533914108615261,3.215177236558949,0.0,nan
,,,demonstrator,95,"demo_00 +2.5,-5 deg",,2.6716525568590387e-09,0.0,0.0,0.0,True,1.1,False,3.2201659310963773e-12,2.0,True,1.996431528752648,1.996431528752648,1.0,nan,nan,0.788718489118506,1.1,4.555974381910842e-15,2.514869835956094,3.139086976074449,0.0,nan
,,,demonstrator,96,"demo_00 +2.5,-2.5 deg",,2.1800152531160984e-09,0.0,0.0,0.0,True,1.1,False,8.167110843869849e-12,2.0,True,0.7073414776894524,0.7073414776894524,1.0,nan,nan,0.7884355790748803,1.1,5.3302268750589315e-15,2.4966760349968644,3.0714141718181915,0.0,nan
,,,demonstrator,97,"demo_00 +2.5,+0 deg",,2.1729192070444448e-09,0.0,0.0,0.0,True,1.1,False,1.3132668386661927e-11,2.0,True,0.5903960363225216,0.5903960363225216,1.0,nan,nan,0.7941563913216193,1.1,5.512120354514498e-15,2.479343933954772,3.0121805642213095,0.0,nan
,,,demonstrator,98,"demo_00 +2.5,+2.5 deg",,2.6680103035955716e-09,0.0,0.0,0.0,True,1.11,False,1.6229542296807796e-11,1.9999999999999998,True,1.8801197193375954,1.8801197193375954,1.0,nan,nan,0.8057399027482046,1.11,5.512120354514498e-15,2.4630610649057294,2.961491881182021,0.0,nan
,,,demonstrator,99,"demo_00 +2.5,+5 deg",,3.4658893279543377e-09,0.0,0.0,0.0,True,1.11,False,2.068559624330653e-11,1.9999999999999998,True,3.181669085347461,3.181669085347461,1.0,nan,nan,0.8229136987489346,1.11,5.512120354514498e-15,2.448051654328507,2.919551503828615,0.0,nan
,,,demonstrator,100,"demo_00 +2.5,+7.5 deg",,4.41230635976509e-09,0.0,0.0,0.0,True,1.12,False,2.2525529477086606e-11,2.0,True,4.456120563634844,4.456120563634844,1.0,nan,nan,0.845301234604958,1.12,5.512120354514498e-15,2.4345545789648466,2.8866797806034468,0.0,nan
,,,demonstrator,101,"demo_00 +2.5,+10 deg",,5.435371923270253e-09,0.0,0.0,0.0,True,1.12,False,2.6489346278815573e-11,2.0,True,5.776323540623945,5.776323540623945,1.0,nan,nan,0.8724552134241127,1.12,5.512120354514498e-15,2.423014273125793,2.863340541760409,0.0,nan
,,,demonstrator,102,"demo_00 +2.5,+12.5 deg",,6.5025311371964764e-09,0.0,0.0,0.0,True,1.1300000000000001,False,2.7271680297947197e-11,1.9999999999999998,True,7.050747946832506,7.050747946832506,1.0,nan,nan,0.903890923859294,1.1300000000000001,5.512120354514498e-15,2.413887613249653,2.8501769041591327,0.0,nan
,,,demonstrator,103,"demo_00 +2.5,+15 deg",,7.597306240592079e-09,0.0,0.0,0.0,True,1.1400000000000001,False,2.7577927953434652e-11,2.0,True,8.311541876891955,8.311541876891955,1.0,nan,nan,0.9391512786670838,1.1400000000000001,5.512120354514498e-15,2.4078679996434986,2.848059180528263,0.0,nan
,,,demonstrator,104,"demo_00 +5,-15 deg",,5.33990405654175e-09,0.0,0.0,0.0,True,1.1,False,1.4773949389906632e-11,2.0,True,6.303718035010635,6.303718035010635,1.0,nan,nan,0.7687491159936226,1.1,5.420799638382024e-15,2.370248458830512,2.894196767570498,0.0,nan
,,,demonstrator,105,"demo_00 +5,-12.5 deg",,4.413550561726693e-09,0.0,0.0,0.0,True,1.1,False,9.944940734019849e-12,2.0,True,5.0747277119413345,5.0747277119413345,1.0,nan,nan,0.7477274289912007,1.1,5.512120354514498e-15,2.348533646980398,2.805967075871376,0.0,nan
,,,demonstrator,106,"demo_00 +5,-10 deg",,3.526280638030129e-09,0.0,0.0,0.0,True,1.1,False,5.066280339001732e-12,2.0,True,3.833980455516702,3.833980455516702,1.0,nan,nan,0.7323693348648487,1.1,6.169484474161015e-15,2.327405076038223,2.7257244580778703,0.0,nan
,,,demonstrator,107,"demo_00 +5,-7.5 deg",,2.7289284319467467e-09,0.0,0.0,0.0,True,1.09,False,1.7200722977624683e-13,1.9999999999999998,True,2.603958954829355,2.603958954829355,1.0,nan,nan,0.7230655878036096,1.09,3.2652638748082423e-15,2.306837969304595,2.6533126210251616,0.0,nan
,,,demonstrator,108,"demo_00 +5,-5 deg",,2.1407853071712115e-09,0.0,0.0,0.0,True,1.09,False,5.3521077435517255e-12,1.9999999999999998,True,1.3314368562388694,1.3314368562388694,1.0,nan,nan,0.7200675589429292,1.09,4.577566798522238e-15,2.2869792263614954,2.5886396019823605,0.0,nan
,,,demonstrator,109,"demo_00 +5,-2.5 deg",,1.9768214080237903e-09,0.0,0.0,0.0,True,1.09,False,1.0892252713367885e-11,1.9999999999999998,True,0.049527184991027776,0.049527184991027776,nan,nan,nan,0.7234569339560948,1.09,5.420799638382024e-15,2.2677979075164947,2.531681138847694,0.0,nan
,,,demonstrator,110,"demo_00 +5,+0 deg",,2.342089804751677e-09,0.0,0.0,0.0,True,1.1,False,1.4738673330813776e-11,2.0,True,1.2304911090449369,1.2304911090449369,1.0,nan,nan,0.7331351824922723,1.1,5.512120354514498e-15,2.249473406367896,2.4824870468452946,0.0,nan
,,,demonstrator,111,"demo_00 +5,+2.5 deg",,3.062129699993377e-09,0.0,0.0,0.0,True,1.1,False,1.9712437144971707e-11,2.0,True,2.5177304823931896,2.5177304823931896,1.0,nan,nan,0.7488357975166522,1.1,5.512120354514498e-15,2.2321952200845563,2.441191254484343,0.0,nan
,,,demonstrator,112,"demo_00 +5,+5 deg",,3.954533388658091e-09,0.0,0.0,0.0,True,1.11,False,2.2118073039584715e-11,1.9999999999999998,True,3.7798274251830413,3.7798274251830413,1.0,nan,nan,0.7701558225604429,1.11,5.512120354514498e-15,2.216162686285562,2.4080263607132286,0.0,nan
,,,demonstrator,113,"demo_00 +5,+7.5 deg",,4.931643981809948e-09,0.0,0.0,0.0,True,1.11,False,2.654596138364966e-11,1.9999999999999998,True,5.068561153787403,5.068561153787403,1.0,nan,nan,0.7965983796976256,1.11,5.512120354514498e-15,2.20174479098812,2.3833438605086883,0.0,nan
,,,demonstrator,114,"demo_00 +5,+10 deg",,5.955422612705357e-09,0.0,0.0,0.0,True,1.12,False,2.773874881830991e-11,2.0,True,6.309209214827455,6.309209214827455,1.0,nan,nan,0.827616726646087,1.12,5.512120354514498e-15,2.189349362475932,2.3676415734927265,0.0,nan
,,,demonstrator,115,"demo_00 +5,+12.5 deg",,7.007624576614479e-09,0.0,0.0,0.0,True,1.1300000000000001,False,2.8366464704723908e-11,1.9999999999999998,True,7.533454409007347,7.533454409007347,1.0,nan,nan,0.8627647505451472,1.1300000000000001,5.512120354514498e-15,2.1795694235844163,2.361600332054404,0.0,nan
,,,demonstrator,116,"demo_00 +5,+15 deg",,8.078118242953889e-09,0.0,0.0,0.0,True,1.1300000000000001,False,3.183067985006994e-11,1.9999999999999998,True,8.819526418586488,8.819526418586488,1.0,nan,nan,0.901503629391172,1.1300000000000001,5.512120354514498e-15,2.1733368632587386,2.3661326789589214,0.0,nan
,,,demonstrator,117,"demo_00 +7.5,-15 deg",,4.486601223998357e-09,0.0,0.0,0.0,True,1.09,False,1.4576185328025246e-11,1.9999999999999998,True,5.562520723070491,5.562520723070491,1.0,nan,nan,0.689563596116237,1.09,5.420799638382024e-15,2.1425201969649996,2.3480787807658454,0.0,nan
,,,demonstrator,118,"demo_00 +7.5,-12.5 deg",,3.603058265675031e-09,0.0,0.0,0.0,True,1.09,False,9.136658802669771e-12,1.9999999999999998,True,4.339819089031135,4.339819089031135,1.0,nan,nan,0.6707202949641452,1.09,5.512120354514498e-15,2.1202057211500063,2.2726976357459394,0.0,nan
,,,demonstrator,119,"demo_00 +7.5,-10 deg",,2.784927773166014e-09,0.0,0.0,0.0,True,1.08,False,4.075684666642106e-12,2.0,True,3.1315453422783905,3.1315453422783905,1.0,nan,nan,0.6581248687693894,1.08,6.265632927836534e-15,2.098354068612496,2.204553327288061,0.0,nan
,,,demonstrator,120,"demo_00 +7.5,-7.5 deg",,2.123348992045962e-09,0.0,0.0,0.0,True,1.08,False,2.079441456769378e-12,2.0,True,1.8760230911927496,1.8760230911927496,1.0,nan,nan,0.6521620647617706,1.08,4.318467880798754e-15,2.0770538618964034,2.143521833571453,0.0,nan
,,,demonstrator,121,"demo_00 +7.5,-5 deg",,1.8157730646992571e-09,0.0,0.0,0.0,True,1.08,False,8.259119887702648e-12,2.0,True,0.6103677855520978,0.6103677855520978,1.0,nan,nan,0.6530219272026649,1.08,5.111850690840453e-15,2.056300013992659,2.0895419802968496,0.0,nan
,,,demonstrator,122,"demo_00 +7.5,-2.5 deg",,2.04356891868467e-09,0.0,0.0,0.0,True,1.08,False,1.4451059590345111e-11,2.0,True,0.6645621753617241,0.6645621753617241,1.0,nan,nan,0.6606718193764358,1.08,5.420799638382024e-15,2.036248364028443,2.0426197003554263,0.0,nan
,,,demonstrator,123,"demo_00 +7.5,+0 deg",,2.6830500214034933e-09,0.0,0.0,0.0,True,1.09,False,1.850507311671237e-11,1.9999999999999998,True,1.9314785811357724,1.9314785811357724,1.0,nan,nan,0.6748609824136319,1.09,5.512120354514498e-15,2.0170611051910194,2.002835354430148,0.0,nan
,,,demonstrator,124,"demo_00 +7.5,+2.5 deg",,3.523353886510042e-09,0.0,0.0,0.0,True,1.09,False,2.4044705095939258e-11,1.9999999999999998,True,3.211505148251083,3.211505148251083,1.0,nan,nan,0.6951561079538777,1.09,5.512120354514498e-15,1.9989063180179123,1.9703547661349143,0.0,nan
,,,demonstrator,125,"demo_00 +7.5,+5 deg",,4.457154434999074e-09,0.0,0.0,0.0,True,1.1,False,2.6498865833602138e-11,2.0,True,4.460410487854896,4.460410487854896,1.0,nan,nan,0.7209966919001016,1.1,5.512120354514498e-15,1.9821035733694032,1.94544483519089,0.0,nan
,,,demonstrator,126,"demo_00 +7.5,+7.5 deg",,5.439924996851956e-09,0.0,0.0,0.0,True,1.11,False,2.8158960033123976e-11,1.9999999999999998,True,5.693833919778704,5.693833919778704,1.0,nan,nan,0.7517551204271806,1.11,5.512120354514498e-15,1.9670219870276875,1.9284948761626424,0.0,nan
,,,demonstrator,127,"demo_00 +7.5,+10 deg",,6.4515037289005436e-09,0.0,0.0,0.0,True,1.12,False,2.9156590866690205e-11,2.0,True,6.911025327211308,6.911025327211308,1.0,nan,nan,0.7869755794208605,1.12,5.512120354514498e-15,1.954187874518353,1.9200452123575191,0.0,nan
,,,demonstrator,128,"demo_00 +7.5,+12.5 deg",,7.48129199956745e-09,0.0,0.0,0.0,True,1.12,False,3.303046697706813e-11,2.0,True,8.178860971562937,8.178860971562937,1.0,nan,nan,0.8259029401043689,1.12,5.512120354514498e-15,1.9444174837899515,1.920825063464457,0.0,nan
,,,demonstrator,129,"demo_00 +7.5,+15 deg",,8.52273582855353e-09,0.0,0.0,0.0,True,1.1300000000000001,False,3.303506501013332e-11,1.9999999999999998,True,9.37096411880275,9.37096411880275,1.0,nan,nan,0.8679117362506127,1.1300000000000001,5.512120354514498e-15,1.9387955149999683,1.9318024318492677,0.0,nan
,,,demonstrator,130,"demo_00 +10,-15 deg",,3.6649449561992152e-09,0.0,0.0,0.0,True,1.08,False,1.3774549145462761e-11,2.0,True,4.769092664657462,4.769092664657462,1.0,nan,nan,0.6103129800244926,1.08,5.512120354514498e-15,1.911927531936525,1.8570206434913226,0.0,nan
,,,demonstrator,131,"demo_00 +10,-12.5 deg",,2.8360141894227837e-09,0.0,0.0,0.0,True,1.07,False,8.545145157684023e-12,2.0,True,3.582040881979665,3.582040881979665,1.0,nan,nan,0.5940870728157125,1.07,5.4840971920226826e-15,1.888977688609053,1.7936617431863195,0.0,nan
,,,demonstrator,132,"demo_00 +10,-10 deg",,2.12095671377848e-09,0.0,0.0,0.0,True,1.07,False,1.6821605112965963e-12,2.0,True,2.3436148542106263,2.3436148542106263,1.0,nan,nan,0.5848315478754714,1.07,4.39625888431457e-15,1.8664468259621607,1.7368306816670736,0.0,nan
,,,demonstrator,133,"demo_00 +10,-7.5 deg",,1.6873199025934791e-09,0.0,0.0,0.0,True,1.07,False,5.210185815624194e-12,2.0,True,1.094528654425864,1.094528654425864,1.0,nan,nan,0.5828928604883991,1.07,4.577566798522238e-15,1.8443558691349191,1.6864356127413562,0.0,nan
,,,demonstrator,134,"demo_00 +10,-5 deg",,1.7708778187256263e-09,0.0,0.0,0.0,True,1.07,False,1.2119323133230407e-11,2.0,True,0.16468781077512382,0.16468781077512382,nan,nan,nan,0.588342088408644,1.07,5.420799638382024e-15,1.8228422353644116,1.6424469311323489,0.0,nan
,,,demonstrator,135,"demo_00 +10,-2.5 deg",,2.3260409174831875e-09,0.0,0.0,0.0,True,1.07,False,1.902918427165352e-11,2.0,True,1.432586354651375,1.432586354651375,1.0,nan,nan,0.600961829522679,1.07,5.512120354514498e-15,1.8020467781328162,1.6049025205086818,0.0,nan
,,,demonstrator,136,"demo_00 +10,+0 deg",,3.116501129207039e-09,0.0,0.0,0.0,True,1.08,False,2.324096295706235e-11,2.0,True,2.686001826844875,2.686001826844875,1.0,nan,nan,0.620283774582543,1.08,5.512120354514498e-15,1.7821130942288592,1.5739161300426112,0.0,nan
,,,demonstrator,137,"demo_00 +10,+2.5 deg",,4.010033502571871e-09,0.0,0.0,0.0,True,1.09,False,2.6355817302662797e-11,1.9999999999999998,True,3.9256849915608307,3.9256849915608307,1.0,nan,nan,0.6456625423714101,1.09,5.512120354514498e-15,1.7633288129118985,1.5496895407260791,0.0,nan
,,,demonstrator,138,"demo_00 +10,+5 deg",,4.9544172721971484e-09,0.0,0.0,0.0,True,1.09,False,3.1844138750357035e-11,1.9999999999999998,True,5.194264115654449,5.194264115654449,1.0,nan,nan,0.6763831107974638,1.09,5.512120354514498e-15,1.7460345075122392,1.5325293949717707,0.0,nan
,,,demonstrator,139,"demo_00 +10,+7.5 deg",,5.927492682372467e-09,0.0,0.0,0.0,True,1.1,False,3.3425848005132735e-11,2.0,True,6.414062478601573,6.414062478601573,1.0,nan,nan,0.7118854026531819,1.1,5.512120354514498e-15,1.7307501085797439,1.522869847883453,0.0,nan
,,,demonstrator,140,"demo_00 +10,+10 deg",,6.918260586516894e-09,0.0,0.0,0.0,True,1.11,False,3.4293072411270673e-11,1.9999999999999998,True,7.617615021782961,7.617615021782961,1.0,nan,nan,0.7512410559196789,1.11,5.512120354514498e-15,1.7181808869351243,1.5213025780496767,0.0,nan
,,,demonstrator,141,"demo_00 +10,+12.5 deg",,7.92025646855034e-09,0.0,0.0,0.0,True,1.12,False,3.457282825633047e-11,2.0,True,8.804187100211541,8.804187100211541,1.0,nan,nan,0.7937901067983518,1.12,5.512120354514498e-15,1.7093027431693375,1.5286161951146071,0.0,nan
,,,demonstrator,142,"demo_00 +10,+15 deg",,8.92898019184565e-09,0.0,0.0,0.0,True,1.1300000000000001,False,3.437616513672866e-11,1.9999999999999998,True,9.97297993755837,9.97297993755837,1.0,nan,nan,0.8389523377935215,1.1300000000000001,5.512120354514498e-15,1.7056122623819008,1.545847724682135,0.0,nan
,,,demonstrator,143,"demo_00 +12.5,-15 deg",,2.8797893478914044e-09,0.0,0.0,0.0,True,1.06,False,1.3607752673120789e-11,2.0,True,3.9579765236116633,3.9579765236116633,1.0,nan,nan,0.5312464415344788,1.06,5.60415245948141e-15,1.6783418602614473,1.4216810161223712,0.0,nan
,,,demonstrator,144,"demo_00 +12.5,-12.5 deg",,2.128053078191617e-09,0.0,0.0,0.0,True,1.05,False,6.642177915213779e-12,2.0,True,2.7596798603089296,2.7596798603089296,1.0,nan,nan,0.5182623627137274,1.05,6.265632927836534e-15,1.6547636255692098,1.369544943794848,0.0,nan
,,,demonstrator,145,"demo_00 +12.5,-10 deg",,1.5887699880895675e-09,0.0,0.0,0.0,True,1.05,False,1.93359122205485e-12,2.0,True,1.516706683541626,1.516706683541626,1.0,nan,nan,0.5131522734108678,1.05,4.318467880798754e-15,1.6315628704016674,1.3232661894956368,0.0,nan
,,,demonstrator,146,"demo_00 +12.5,-7.5 deg",,1.5232181787935602e-09,0.0,0.0,0.0,True,1.05,False,1.0529124847353197e-11,2.0,True,0.26330498336686575,0.26330498336686575,1.0,nan,nan,0.5161545220479612,1.05,5.111850690840453e-15,1.6088113886545445,1.2827853607297481,0.0,nan
,,,demonstrator,147,"demo_00 +12.5,-5 deg",,1.9886891341076327e-09,0.0,0.0,0.0,True,1.06,False,1.7148437414425025e-11,2.0,True,0.9911850700444864,0.9911850700444864,1.0,nan,nan,0.5271181339006481,1.06,5.420799638382024e-15,1.5866386767364054,1.2481055891775374,0.0,nan
,,,demonstrator,148,"demo_00 +12.5,-2.5 deg",,2.7320120820018926e-09,0.0,0.0,0.0,True,1.06,False,2.4845822904762553e-11,2.0,True,2.2526435050616405,2.2526435050616405,1.0,nan,nan,0.5455350962924226,1.06,5.512120354514498e-15,1.5652135494308563,1.2192988590213065,0.0,nan
,,,demonstrator,149,"demo_00 +12.5,+0 deg",,3.588775443542157e-09,0.0,0.0,0.0,True,1.07,False,2.914826361668715e-11,2.0,True,3.4923037600663442,3.4923037600663442,1.0,nan,nan,0.5706415791980413,1.07,5.512120354514498e-15,1.5447805629073166,1.1965155456391363,0.0,nan
,,,demonstrator,150,"demo_00 +12.5,+2.5 deg",,4.497616396466618e-09,0.0,0.0,0.0,True,1.08,False,3.225921491705287e-11,2.0,True,4.7180863712175976,4.7180863712175976,1.0,nan,nan,0.6016371414113688,1.08,5.512120354514498e-15,1.5256605303466615,1.179997840637734,0.0,nan
,,,demonstrator,151,"demo_00 +12.5,+5 deg",,5.434417125376291e-09,0.0,0.0,0.0,True,1.09,False,3.436872300960629e-11,1.9999999999999998,True,5.929263764800514,5.929263764800514,1.0,nan,nan,0.6376735659297258,1.09,5.512120354514498e-15,1.508392615052262,1.1700979556609425,0.0,nan
,,,demonstrator,152,"demo_00 +12.5,+7.5 deg",,6.387928145482759e-09,0.0,0.0,0.0,True,1.1,False,3.564783074526683e-11,2.0,True,7.125109482887996,7.125109482887996,1.0,nan,nan,0.6777556567944117,1.1,5.512120354514498e-15,1.4935938087593803,1.1673022853625852,0.0,nan
,,,demonstrator,153,"demo_00 +12.5,+10 deg",,7.351865572561873e-09,0.0,0.0,0.0,True,1.11,False,3.624018749422724e-11,1.9999999999999998,True,8.304952561329905,8.304952561329905,1.0,nan,nan,0.7211217948880958,1.11,5.512120354514498e-15,1.4823080802202517,1.17226308968877,0.0,nan
,,,demonstrator,154,"demo_00 +12.5,+12.5 deg",,8.322031223624993e-09,0.0,0.0,0.0,True,1.12,False,3.6271911595339367e-11,2.0,True,9.467983691238246,9.467983691238246,1.0,nan,nan,0.7671205222182608,1.12,5.512120354514498e-15,1.475919600148406,1.1858397491332913,0.0,nan
,,,demonstrator,155,"demo_00 +12.5,+15 deg",,9.295114573067458e-09,0.0,0.0,0.0,True,1.1300000000000001,False,3.5850639601623567e-11,1.9999999999999998,True,10.613412350526854,10.613412350526854,1.0,nan,nan,0.8152558781641647,1.1300000000000001,5.512120354514498e-15,1.4763968348782377,1.209152271564562,0.0,nan
,,,demonstrator,156,"demo_00 +15,-15 deg",,2.140307626390518e-09,0.0,0.0,0.0,True,1.04,False,1.1999712642314648e-11,2.0,True,3.0830208578634846,3.0830208578634846,1.0,nan,nan,0.4527618459267076,1.04,5.4840971920226826e-15,1.4416672327980582,1.0428138575782786,0.0,nan
,,,demonstrator,157,"demo_00 +15,-12.5 deg",,1.5171661822345068e-09,0.0,0.0,0.0,True,1.03,False,2.7174329495690855e-12,2.0,True,1.8724277575672243,1.8724277575672243,1.0,nan,nan,0.44394981925145016,1.03,4.318467880798754e-15,1.4175312301567111,1.00112476578209,0.0,nan
,,,demonstrator,158,"demo_00 +15,-10 deg",,1.3009249834997662e-09,0.0,0.0,0.0,True,1.03,False,7.976975660050495e-12,2.0,True,0.6247274958728081,0.6247274958728081,1.0,nan,nan,0.44414071000726807,1.03,4.930190325141863e-15,1.3937323994270836,0.9646587362111488,0.0,nan
,,,demonstrator,159,"demo_00 +15,-7.5 deg",,1.6688001299441939e-09,0.0,0.0,0.0,True,1.04,False,1.6745406540391564e-11,2.0,True,0.6276785256171862,0.6276785256171862,1.0,nan,nan,0.4533156614903407,1.04,5.420799638382024e-15,1.370397689457168,0.9333895076455869,0.0,nan
,,,demonstrator,160,"demo_00 +15,-5 deg",,2.368326269571643e-09,0.0,0.0,0.0,True,1.04,False,2.632671239156831e-11,2.0,True,1.8845069184258154,1.8845069184258154,1.0,nan,nan,0.47092460584698737,1.04,5.512120354514498e-15,1.3477241630222454,0.9073545273442862,0.0,nan
,,,demonstrator,161,"demo_00 +15,-2.5 deg",,3.192372431692544e-09,0.0,0.0,0.0,True,1.05,False,3.2160464855827943e-11,2.0,True,3.1231814216714904,3.1231814216714904,1.0,nan,nan,0.4960289155176389,1.05,5.512120354514498e-15,1.3259202854402294,0.8866624453743415,0.0,nan
,,,demonstrator,162,"demo_00 +15,+0 deg",,4.068701927370725e-09,0.0,0.0,0.0,True,1.06,False,3.646257540478625e-11,2.0,True,4.348695644200389,4.348695644200389,1.0,nan,nan,0.5276688785674913,1.06,5.512120354514498e-15,1.3053394807782928,0.8715039168008473,0.0,nan
,,,demonstrator,163,"demo_00 +15,+2.5 deg",,4.9714897489118556e-09,0.0,0.0,0.0,True,1.08,False,3.538981494365224e-11,2.0,True,5.513385272396162,5.513385272396162,1.0,nan,nan,0.5646359027878634,1.08,5.512120354514498e-15,1.2864607158109,0.8621664099195501,0.0,nan
,,,demonstrator,164,"demo_00 +15,+5 deg",,5.889502834164231e-09,0.0,0.0,0.0,True,1.09,False,3.71301249979799e-11,1.9999999999999998,True,6.700443578972736,6.700443578972736,1.0,nan,nan,0.6058216699903063,1.09,5.512120354514498e-15,1.2699874952376518,0.8590539412146077,0.0,nan
,,,demonstrator,165,"demo_00 +15,+7.5 deg",,6.816779420039433e-09,0.0,0.0,0.0,True,1.1,False,3.8072932682228187e-11,2.0,True,7.872313936761244,7.872313936761244,1.0,nan,nan,0.6503375246845412,1.1,5.512120354514498e-15,1.2569291723519336,0.8627129511930721,0.0,nan
,,,demonstrator,166,"demo_00 +15,+10 deg",,7.749486368431717e-09,0.0,0.0,0.0,True,1.11,False,3.836218591715027e-11,1.9999999999999998,True,9.028289614813424,9.028289614813424,1.0,nan,nan,0.697559306611642,1.11,5.512120354514498e-15,1.2487792684481394,0.8738659184462191,0.0,nan
,,,demonstrator,167,"demo_00 +15,+12.5 deg",,8.6846805881019e-09,0.0,0.0,0.0,True,1.12,False,3.812105828485294e-11,2.0,True,10.167635263933715,10.167635263933715,1.0,nan,nan,0.7468645274839281,1.12,5.512120354514498e-15,1.2476012014789315,0.8934548010087379,0.0,nan
,,,demonstrator,168,"demo_00 +15,+15 deg",,9.619745557223777e-09,0.0,0.0,0.0,True,1.1300000000000001,False,3.745639707993587e-11,1.9999999999999998,True,11.289608751464488,11.289608751464488,1.0,nan,nan,0.7976846824274055,1.1300000000000001,5.512120354514498e-15,1.2562157122837552,0.9226970058956813,0.0,nan
computed_torque,10.0,1.0,esn,0,demo_00,,0.0025562851333208905,0.0027473772329670654,1.1958744299613202,-0.09000000000000008,True,1.02,False,0.0005217363792659504,2.0,True,0.06601432520339659,0.0,nan,0.050124468461605745,59.20529590635744,1.0187101238852376,1.02,0.0005216411092583715,51.609982658368835,32.513237521407795,0.0,nan
computed_torque,10.0,1.0,replay,0,demo_00,demo_00,6.85188059910264e-10,0.0006585458924724052,0.07039705429931219,0.0,True,1.11,False,2.703764097021894e-09,1.9999999999999998,True,0.01466971352612456,0.0,nan,0.0377287733862333,52.13113668892076,0.8688969390724433,1.11,7.026054108426267e-15,3.0211337908741043,3.7630564231023125,0.0,nan
computed_torque,10.0,1.0,esn,1,"demo_00 -15,-15 deg",,0.13346617449272966,0.10237973735595082,18.575814048290614,-0.5999999999999999,True,0.5700000000000001,False,0.000521824749324381,1.9999999999999998,True,1.4949629342792075,10.762550191362198,0.13890415447066012,0.5310631145971998,1991.963187667075,14.68009302185932,0.5700000000000001,0.0005216411102302062,2221.9274160116433,53136.119905550826,0.0,nan
computed_torque,10.0,1.0,replay,1,"demo_00 -15,-15 deg",demo_00,0.12887031092693815,0.17743722690875366,10.034182100506841,-0.05999999999999983,True,1.11,False,2.7038104157454306e-09,1.9999999999999998,True,0.7306474912605581,10.762550191362198,0.06788795204383444,0.5521275358983189,1500.0000148619056,13.985779351087398,1.11,7.026054108426267e-15,1758.1085942915586,33191.75268943853,0.0,nan
computed_torque,10.0,1.0,esn,2,"demo_00 -15,-12.5 deg",,0.120737742429895,0.09543057061691618,18.070878222819182,-0.58,True,0.59,False,0.0005218089331301671,2.0,True,1.313499976673487,9.73889307555764,0.1348715882270098,0.4952468979352942,1902.93263507327,13.323461090791891,0.59,0.0005216411102137523,2056.438521759245,45587.03127241743,0.0,nan
computed_torque,10.0,1.0,replay,2,"demo_00 -15,-12.5 deg",demo_00,0.11773122474512705,0.1589113258933699,9.298085352701028,-0.05999999999999983,True,1.11,False,2.7038357279171615e-09,1.9999999999999998,True,0.6609957717574563,9.73889307555764,0.06787175571486682,0.508441618355586,1500.0000148619056,12.822385288380042,1.11,7.026054108426267e-15,1682.7808766505855,30385.364863006118,0.0,nan
computed_torque,10.0,1.0,esn,3,"demo_00 -15,-10 deg",,0.10768843957272371,0.0878059619628809,17.375552544592534,-0.5299999999999999,True,0.63,False,0.0005217848193046226,2.0,True,1.109505441443,8.852111935220934,0.12533793625320988,0.45762238531639043,1791.4047827979016,11.921882019234356,0.63,0.0005216411101862902,1877.7944353822593,38073.63162851555,0.0,nan
computed_torque,10.0,1.0,replay,3,"demo_00 -15,-10 deg",demo_00,0.10707174318658443,0.13905361551639658,8.689552659904278,-0.04999999999999982,True,1.11,False,2.7038620625711696e-09,1.9999999999999998,True,0.5950558765942836,8.852111935220934,0.06722191053941208,0.4696919230562131,1500.0000148619056,11.710466961058408,1.11,7.026054108426267e-15,1614.3729552795487,27956.060967191286,0.0,nan
computed_torque,10.0,1.0,esn,4,"demo_00 -15,-7.5 deg",,0.09453315200474126,0.07869540656460393,16.119258828302602,-0.47999999999999987,True,0.68,False,0.0005217704310745885,2.0,True,0.9064060723208728,7.972485786834196,0.11369177651187744,0.4188282322132468,1661.6999349077173,10.499226484157138,0.68,0.0005216411101374158,1691.1320463396387,30929.624892410397,0.0,nan
computed_torque,10.0,1.0,replay,4,"demo_00 -15,-7.5 deg",demo_00,0.09704437191798639,0.11789228509995037,8.1560487979,-0.04999999999999982,True,1.11,False,2.7038875834350596e-09,1.9999999999999998,True,0.5337760793003936,7.972485786834196,0.0669522773163013,0.43719296177059547,1500.0000148619056,10.666757891490551,1.11,7.026054108426267e-15,1552.8455588147363,25875.831635418395,0.0,nan
computed_torque,10.0,1.0,esn,5,"demo_00 -15,-5 deg",,0.08154262868513541,0.06725982447086223,14.043336192058696,-0.3899999999999999,True,0.77,False,0.0005217510666830209,2.0,True,0.6888903469281248,7.20764547919915,0.09557772353207752,0.3797736824083998,1516.556182229292,9.085300341344327,0.77,0.0005216411100311502,1500.035072548968,24356.02742320083,0.0,nan
computed_torque,10.0,1.0,replay,5,"demo_00 -15,-5 deg",demo_00,0.087857366626572,0.09550046876877688,7.762718629369937,-0.04999999999999982,True,1.11,False,2.7039133050505376e-09,1.9999999999999998,True,0.4782831479672565,7.20764547919915,0.06635775154973342,0.4124250586331426,1500.0000148619056,9.713701861953988,1.11,7.026054108426267e-15,1498.1346904913573,24118.918393851804,0.0,nan
computed_torque,10.0,1.0,esn,6,"demo_00 -15,-2.5 deg",,0.068861825687879,0.053019349483529085,10.806943492160615,-0.2400000000000001,True,0.91,False,0.0005217362980225738,2.0,True,0.5408066727881702,6.644371103904945,0.08139320702155456,0.34034207244443376,1355.0740729538597,7.697825243220187,0.91,0.0005216411097425253,1304.3359524150178,18396.212363045954,0.0,nan
computed_torque,10.0,1.0,replay,6,"demo_00 -15,-2.5 deg",demo_00,0.07978985327044597,0.07200340941181331,7.565758284894016,-0.040000000000000036,True,1.11,False,2.703939234664356e-09,1.9999999999999998,True,0.4296623644789705,6.644371103904945,0.0646656181239568,0.39683842062564634,1500.0000148619056,8.88072948097687,1.11,7.026054108426267e-15,1450.1519446372392,22661.831450662987,0.0,nan
computed_torque,10.0,1.0,esn,7,"demo_00 -15,+0 deg",,0.057011782690600754,0.03572717378049371,7.557303456902263,-0.07000000000000006,True,1.08,False,0.0005217350285238781,2.0,True,0.50037769531252,6.199678792285735,0.08071026130178555,0.30100013444825613,1186.4700153141223,6.397774569028334,1.08,0.0005216411089683552,1113.0070233148879,13341.59761718262,0.0,nan
computed_torque,10.0,1.0,replay,7,"demo_00 -15,+0 deg",demo_00,0.07319762305869859,0.047583157690127116,7.51707693022333,-0.040000000000000036,True,1.11,False,2.703964605874304e-09,1.9999999999999998,True,0.3887779256912096,6.199678792285735,0.06270936587472342,0.3915310908600582,1500.0000148619056,8.204412233145092,1.11,7.026054108426267e-15,1408.7848913941232,21483.33463905428,0.0,nan
computed_torque,10.0,1.0,esn,8,"demo_00 -15,+2.5 deg",,0.04711569266715745,0.015669578109397737,7.086671100995376,0.05999999999999983,True,1.21,False,0.0005217344454828783,2.0,True,0.5516659470960824,5.961964530068546,0.09253090056370056,0.2677236037565716,1034.1604681984365,5.312363661654706,1.21,0.0005216411078360564,947.1824544406029,9602.66539761451,0.0,nan
computed_torque,10.0,1.0,replay,8,"demo_00 -15,+2.5 deg",demo_00,0.0684889482908957,0.022480411958016835,7.655166570295568,-0.040000000000000036,True,1.11,False,2.703990888837788e-09,1.9999999999999998,True,0.3560793584119336,5.961964530068546,0.0597251722340991,0.3969156309151597,1500.0000148619056,7.7255950178894635,1.11,7.026054108426267e-15,1373.89752852222,20564.399034266888,0.0,nan
computed_torque,10.0,1.0,esn,9,"demo_00 -15,+5 deg",,0.04073833145272425,0.012139948145716709,7.599397928637659,0.11999999999999988,True,1.27,False,0.0005217331073239342,2.0,True,0.6155429950771276,6.177549531491353,0.09964193600379377,0.2513386926433143,928.6025922424736,4.616087460684685,1.27,0.0005216411070773272,832.8034692402263,7393.698120330879,0.0,nan
computed_torque,10.0,1.0,replay,9,"demo_00 -15,+5 deg",demo_00,0.06604543739955421,0.01346311601915974,7.971849558436638,-0.040000000000000036,True,1.11,False,2.704016820679239e-09,1.9999999999999998,True,0.3315632347127414,6.177549531491353,0.05367229077201701,0.41257363094215543,1500.0000148619056,7.481549777295654,1.11,7.026054108426267e-15,1345.3307989753566,19888.127107659726,0.0,nan
computed_torque,10.0,1.0,esn,10,"demo_00 -15,+7.5 deg",,0.039596627934547046,0.030309618369686906,8.009574768938196,0.1299999999999999,True,1.28,False,0.0005217330655246612,2.0,True,0.6384943406005754,6.916481093223364,0.09231491158504862,0.26171497050276193,898.98667021817,4.4968505237092815,1.28,0.0005216411069229395,793.024283567049,6741.66138871242,0.0,nan
computed_torque,10.0,1.0,replay,10,"demo_00 -15,+7.5 deg",demo_00,0.06609372283427242,0.02980610197623871,8.448425256929525,-0.040000000000000036,True,1.11,False,2.7040416830698986e-09,1.9999999999999998,True,0.3367669780864659,6.916481093223364,0.04869050801229309,0.43740318215819163,1500.0000148619056,7.494185264917465,1.11,7.026054108426267e-15,1322.9031727690403,19439.649599089145,0.0,nan
computed_torque,10.0,1.0,esn,11,"demo_00 -15,+10 deg",,0.04435492582046328,0.0535651599796451,8.354338042468655,0.09999999999999987,True,1.25,False,0.0005217334363065456,2.0,True,0.6158835029940302,7.80203127141555,0.07893886624762121,0.3025819956771763,955.5668888627132,5.025252086511624,1.25,0.0005216411073349109,833.2679102566444,7576.6941470033535,0.0,nan
computed_torque,10.0,1.0,replay,11,"demo_00 -15,+10 deg",demo_00,0.06860198635689901,0.053887677448077244,9.060891801994462,-0.040000000000000036,True,1.11,False,2.7040675127114435e-09,1.9999999999999998,True,0.3985616974598707,7.80203127141555,0.05108435016405135,0.46995281306183473,1500.0000148619056,7.760919812115536,1.11,7.026054108426267e-15,1306.4112915025655,19205.99757911085,0.0,nan
computed_torque,10.0,1.0,esn,12,"demo_00 -15,+12.5 deg",,0.05378144371342643,0.07552945975184613,9.002495230103865,0.010000000000000009,True,1.17,False,0.0005217317796925537,2.0,True,0.5932988082950974,8.723299870928011,0.06801311626032414,0.36830770904073534,1081.8313809336892,6.065221290097365,1.17,0.0005216411082548548,935.8157505038035,9782.57232649989,0.0,nan
computed_torque,10.0,1.0,replay,12,"demo_00 -15,+12.5 deg",demo_00,0.07329106213366894,0.07863543949044044,9.742977503920025,-0.04999999999999982,True,1.11,False,2.7040935504194838e-09,1.9999999999999998,True,0.4648274834413,8.723299870928011,0.05328573937833117,0.5087428713767455,1500.0000148619056,8.255632189951417,1.11,7.026054108426267e-15,1295.6306737391587,19175.95243212456,0.0,nan
computed_torque,10.0,1.0,esn,13,"demo_00 -15,+15 deg",,0.06560965016703542,0.09463885618072017,11.496587492646269,-0.1399999999999999,True,1.02,False,0.000521729698681065,2.0,True,0.6544885058820552,9.790680141901253,0.06684811436960701,0.44643746609351187,1239.0312041653424,7.36802136621264,1.02,0.0005216411092730037,1065.4106353268578,12955.690747204852,0.0,nan
computed_torque,10.0,1.0,replay,13,"demo_00 -15,+15 deg",demo_00,0.07975037647131226,0.10256532935387107,10.552930422144765,-0.04999999999999982,True,1.11,False,2.7041188704910815e-09,1.9999999999999998,True,0.53462363666539,9.790680141901253,0.05460536233610134,0.5524604345814123,1500.0000148619056,8.938882392941718,1.11,7.026054108426267e-15,1290.3164792955847,19339.876717974166,0.0,nan
computed_torque,10.0,1.0,esn,14,"demo_00 -12.5,-15 deg",,0.11967830091436725,0.10559542037180408,17.20411412826251,-0.5899999999999999,True,0.5700000000000001,False,0.0005218226154690708,1.9999999999999998,True,1.3922664038833483,10.180198083558139,0.13676221154595936,0.4754387281924474,1752.7200316239687,13.173985732527125,0.5700000000000001,0.0005216411102212899,1962.135194167963,41489.92122280612,0.0,nan
computed_torque,10.0,1.0,replay,14,"demo_00 -12.5,-15 deg",demo_00,0.11614916765455485,0.18338691544562613,9.191811035556082,-0.04999999999999982,True,1.11,False,2.703777051403918e-09,1.9999999999999998,True,0.6815992463263382,10.180198083558139,0.06695343653746554,0.5083883623232862,1499.9999942598195,12.634197822385621,1.11,7.026054108426267e-15,1487.3649729711676,23957.243000288297,0.0,nan
computed_torque,10.0,1.0,esn,15,"demo_00 -12.5,-12.5 deg",,0.10719460680966426,0.09855358157226494,16.632926534098473,-0.5599999999999999,True,0.6,False,0.0005217994278005707,2.0,True,1.1940760880290224,9.077758779604899,0.13153864483728808,0.43838425302523215,1661.623960189913,11.835992140659133,0.6,0.0005216411101976962,1800.7863345568933,34997.46764560185,0.0,nan
computed_torque,10.0,1.0,replay,15,"demo_00 -12.5,-12.5 deg",demo_00,0.1050863160375911,0.1636537128684001,8.373014953452282,-0.04999999999999982,True,1.11,False,2.7038024683083244e-09,1.9999999999999998,True,0.6089689270856247,9.077758779604899,0.06708362073398577,0.4605722422428983,1250.0000148618783,11.465705769207453,1.11,7.026054108426267e-15,1418.2788132373266,21729.43315380473,0.0,nan
computed_torque,10.0,1.0,esn,16,"demo_00 -12.5,-10 deg",,0.09434231672892596,0.09104442505957333,15.718862859522636,-0.5199999999999999,True,0.64,False,0.0005217816811642242,2.0,True,0.9937721824432747,8.032024963473367,0.1237262317986532,0.39939944576445763,1546.3663870459613,10.447806253369759,0.64,0.0005216411101688282,1624.5899111392187,28530.591804703356,0.0,nan
computed_torque,10.0,1.0,replay,16,"demo_00 -12.5,-10 deg",demo_00,0.09447197165213364,0.1424489380599768,7.641283047344093,-0.04999999999999982,True,1.11,False,2.703828852325494e-09,1.9999999999999998,True,0.5398418003699008,8.032024963473367,0.06721117063566144,0.41740198086837976,1250.0000148618783,10.345605471747916,1.11,7.026054108426267e-15,1356.0276699785804,19821.38761403222,0.0,nan
computed_torque,10.0,1.0,esn,17,"demo_00 -12.5,-7.5 deg",,0.08124471154750662,0.08187389138777597,14.184766713988322,-0.44000000000000017,True,0.71,False,0.0005217625262673145,2.0,True,0.7666635230811942,7.126269995158935,0.10758272190107998,0.3585632801726502,1409.0537196487812,9.023173820417009,0.71,0.0005216411101007529,1436.5939944364084,22342.622326926285,0.0,nan
computed_torque,10.0,1.0,replay,17,"demo_00 -12.5,-7.5 deg",demo_00,0.08446969282777303,0.11980337026744692,7.056219190151027,-0.040000000000000036,True,1.11,False,2.7038545743456403e-09,1.9999999999999998,True,0.47537771231319503,7.126269995158935,0.06670778859573548,0.38046234619256236,1250.0000148618783,9.292074916345497,1.11,7.026054108426267e-15,1300.560552054151,18207.894561383775,0.0,nan
computed_torque,10.0,1.0,esn,18,"demo_00 -12.5,-5 deg",,0.06815792543096201,0.06998679319610686,11.379492142305178,-0.32000000000000006,True,0.8300000000000001,False,0.0005217440528124054,2.0,True,0.5646358691353368,6.269358219504453,0.09006278623204389,0.3165564142855947,1251.8895928986808,7.591206503104245,0.8300000000000001,0.0005216411099223195,1240.052173844829,16650.96072115168,0.0,nan
computed_torque,10.0,1.0,replay,18,"demo_00 -12.5,-5 deg",demo_00,0.07531518521845598,0.095807791854316,6.590505962994685,-0.040000000000000036,True,1.11,False,2.7038800970612237e-09,1.9999999999999998,True,0.41704214290173464,6.269358219504453,0.06652070727180409,0.35172196410965684,1250.0000148618783,8.330875321109614,1.11,7.026054108426267e-15,1251.801926614602,16866.03800327346,0.0,nan
computed_torque,10.0,1.0,esn,19,"demo_00 -12.5,-2.5 deg",,0.05540165494399235,0.054591640369865475,7.446904019684699,-0.14000000000000012,True,1.01,False,0.0005217329163665715,2.0,True,0.45030508320503015,5.569025933559436,0.08085885908547354,0.27351262535503884,1078.4107189874385,6.190269614769124,1.01,0.0005216411093778551,1039.1431025272132,11658.599904861407,0.0,nan
computed_torque,10.0,1.0,replay,19,"demo_00 -12.5,-2.5 deg",demo_00,0.06734310794373748,0.07062160259656043,6.312975890335658,-0.040000000000000036,True,1.11,False,2.703905875981508e-09,1.9999999999999998,True,0.3664530350768668,5.569025933559436,0.065801998311516,0.3333086304512096,1250.0000148618783,7.497819699907377,1.11,7.026054108426267e-15,1209.6520575551292,15775.193917438755,0.0,nan
computed_torque,10.0,1.0,esn,20,"demo_00 -12.5,+0 deg",,0.04381952691099019,0.0355242554118772,5.880905749732751,0.019999999999999796,True,1.17,False,0.0005217354700704321,2.0,True,0.4563738053381474,5.069712412845691,0.09001966347869805,0.23177309279192423,906.2438672898418,4.917411592095553,1.17,0.0005216411082446537,850.5654755047451,7753.405307423082,0.0,nan
computed_torque,10.0,1.0,replay,20,"demo_00 -12.5,+0 deg",demo_00,0.06100296182781997,0.04447475170294509,6.250883554936591,-0.040000000000000036,True,1.11,False,2.7039312965029916e-09,1.9999999999999998,True,0.3249915262737368,5.069712412845691,0.06410452897688433,0.3269717207323452,1250.0000148618783,6.839801739666976,1.11,7.026054108426267e-15,1173.9874118049743,14916.994476231195,0.0,nan
computed_torque,10.0,1.0,esn,21,"demo_00 -12.5,+2.5 deg",,0.03489699355139028,0.013468701162807474,6.453837607398028,0.10999999999999988,True,1.26,False,0.0005217317776845596,2.0,True,0.5364745644533041,4.811325794731997,0.11150243973099877,0.20163255006875588,766.8935523767235,3.93925432704402,1.26,0.000521641107256838,702.3817917535822,5235.871704250746,0.0,nan
computed_torque,10.0,1.0,replay,21,"demo_00 -12.5,+2.5 deg",demo_00,0.056823851059997016,0.017670875766399956,6.412460387059911,-0.040000000000000036,True,1.11,False,2.7039575324223114e-09,1.9999999999999998,True,0.2933640929247359,4.811325794731997,0.06097364955953416,0.3334005535589033,1250.0000148618783,6.410504233282898,1.11,7.026054108426267e-15,1144.6611322675835,14275.262035119065,0.0,nan
computed_torque,10.0,1.0,esn,22,"demo_00 -12.5,+5 deg",,0.03072802612017497,0.012182129240667318,6.8971330457386255,0.1299999999999999,True,1.28,False,0.0005217346875360694,2.0,True,0.5917153072460597,5.151697470863624,0.11485831817427457,0.19618567865347553,698.1723064447546,3.4871473389282164,1.28,0.0005216411068894771,626.3558437173772,4152.538544829181,0.0,nan
computed_torque,10.0,1.0,replay,22,"demo_00 -12.5,+5 deg",demo_00,0.0552750224818496,0.013579826643374544,6.783490889072301,-0.040000000000000036,True,1.11,False,2.7039834654049624e-09,1.9999999999999998,True,0.27166409460982804,5.151697470863624,0.052732928543703206,0.3518961665000028,1250.0000148618783,6.256373655440898,1.11,7.026054108426267e-15,1121.503576058584,13835.91489985774,0.0,nan
computed_torque,10.0,1.0,esn,23,"demo_00 -12.5,+7.5 deg",,0.03306905585528785,0.035627540000133316,7.110340376036828,0.11999999999999988,True,1.27,False,0.0005217305369214825,2.0,True,0.5722434838055221,5.9817120350538255,0.0956655018583443,0.22440679851445086,724.398446625064,3.752027707211833,1.27,0.0005216411071268385,640.3771344719395,4403.340557878659,0.0,nan
computed_torque,10.0,1.0,replay,23,"demo_00 -12.5,+7.5 deg",demo_00,0.056547913048914315,0.03644575984108337,7.333763237305802,-0.040000000000000036,True,1.11,False,2.7040083288892555e-09,1.9999999999999998,True,0.314079121966993,5.9817120350538255,0.052506560016001645,0.3807038938738557,1250.0000148618783,6.396194523263861,1.11,7.026054108426267e-15,1104.322916524598,13586.847192084024,0.0,nan
computed_torque,10.0,1.0,esn,24,"demo_00 -12.5,+10 deg",,0.041325225565781894,0.05977326670135206,7.384843977662941,0.04999999999999982,True,1.2,False,0.0005217338667637023,2.0,True,0.5270983124473668,6.956066060007412,0.07577534599302024,0.28382135859284474,836.8599660434965,4.666450916128202,1.2,0.0005216411079276305,732.7073716223869,5916.74118606346,0.0,nan
computed_torque,10.0,1.0,replay,24,"demo_00 -12.5,+10 deg",demo_00,0.0604387826276956,0.0629863263782125,8.027781147547254,-0.040000000000000036,True,1.11,False,2.704034159664442e-09,1.9999999999999998,True,0.37917590485418606,6.956066060007412,0.05451010694596279,0.41769553212038973,1250.0000148618783,6.810503154735722,1.11,7.026054108426267e-15,1092.9058073656406,13517.785409452956,0.0,nan
computed_torque,10.0,1.0,esn,25,"demo_00 -12.5,+12.5 deg",,0.052890138209460036,0.08122016325484845,9.048224017680994,-0.08000000000000007,True,1.07,False,0.0005217291779691957,2.0,True,0.5406953694640623,8.03119072923262,0.06732443390940682,0.3612144796274504,995.3566464621558,5.944108020938535,1.07,0.0005216411090241723,865.5288439644291,8465.894509862066,0.0,nan
computed_torque,10.0,1.0,replay,25,"demo_00 -12.5,+12.5 deg",demo_00,0.06646403212275166,0.08871655002258258,8.832792650995922,-0.040000000000000036,True,1.11,False,2.7040602467057478e-09,1.9999999999999998,True,0.44873109228900127,8.03119072923262,0.05587354446155427,0.4609047843375676,1250.0000148618783,7.452110080155846,1.11,7.026054108426267e-15,1087.0181070277995,13620.12452114023,0.0,nan
computed_torque,10.0,1.0,esn,26,"demo_00 -12.5,+15 deg",,0.06575041255886675,0.09897529115596895,13.491615609784006,-0.2799999999999999,True,0.88,False,0.000521729483663076,2.0,True,0.7007960173971016,9.101599835869152,0.07699701481439383,0.44338973127200465,1294.1295651002206,7.362123086613792,0.88,0.0005216411097348318,1005.6846763829567,11661.78622234885,0.0,nan
computed_torque,10.0,1.0,replay,26,"demo_00 -12.5,+15 deg",demo_00,0.07408006441393805,0.11336649392964257,9.680601748821395,-0.04999999999999982,True,1.11,False,2.7040856715619373e-09,1.9999999999999998,True,0.5216019287025427,9.101599835869152,0.05730881802196181,0.5087498823847396,1500.0000057405152,8.266607068003761,1.11,7.026054108426267e-15,1086.405661381426,13886.746650193963,0.0,nan
computed_torque,10.0,1.0,esn,27,"demo_00 -10,-15 deg",,0.10606176579733038,0.10875203531430393,15.765428577606079,-0.58,True,0.58,False,0.0005218101968079287,2.0,True,1.2838117680463994,9.582090238800468,0.13398034625554864,0.421534169495156,1516.2294891811218,11.685326566195226,0.58,0.0005216411102121473,1705.1777114828828,31387.94386604668,0.0,nan
computed_torque,10.0,1.0,replay,27,"demo_00 -10,-15 deg",demo_00,0.10384653073555183,0.1893192098583252,8.418471660832582,-0.04999999999999982,True,1.11,False,2.703743703261646e-09,1.9999999999999998,True,0.636323336662498,9.582090238800468,0.06640757087486539,0.4695766156056537,1499.9999942598195,11.33012576376847,1.11,7.026054108426267e-15,1216.6213516507762,16261.327286297643,0.0,nan
computed_torque,10.0,1.0,esn,28,"demo_00 -10,-12.5 deg",,0.09381698828768392,0.10162142210861726,15.187171506056144,-0.5400000000000001,True,0.61,False,0.0005217913877103206,2.0,True,1.0902776402049368,8.48223193744255,0.12853664557228117,0.3831570812654412,1422.918909056981,10.365715977877569,0.61,0.0005216411101899149,1547.7893834769277,25895.204820582258,0.0,nan
computed_torque,10.0,1.0,replay,28,"demo_00 -10,-12.5 deg",demo_00,0.09282544106005247,0.168226203567636,7.543709187213,-0.040000000000000036,True,1.11,False,2.703769121298432e-09,1.9999999999999998,True,0.5605002591587014,8.48223193744255,0.06607933658174595,0.4173371075072976,1249.9999942597947,10.152371683752955,1.11,7.026054108426267e-15,1153.7767498240673,14548.77670741716,0.0,nan
computed_torque,10.0,1.0,esn,29,"demo_00 -10,-10 deg",,0.08116362698780383,0.09406996168454897,14.096805292705993,-0.4900000000000001,True,0.66,False,0.0005217722804197197,2.0,True,0.8784420583343282,7.347989614561788,0.11954862546260088,0.342746984568968,1303.706686390576,8.991549597886591,0.66,0.000521641110147851,1373.8063193502178,20435.39851839007,0.0,nan
computed_torque,10.0,1.0,replay,29,"demo_00 -10,-10 deg",demo_00,0.08220229450833791,0.1454793212074882,6.709598331956736,-0.040000000000000036,True,1.11,False,2.7037952028217776e-09,1.9999999999999998,True,0.4877455793038843,7.347989614561788,0.06637809862132908,0.36914480168458835,1000.0000148618514,9.017649524034455,1.11,7.026054108426267e-15,1097.6823846776115,13101.154587126624,0.0,nan
computed_torque,10.0,1.0,esn,30,"demo_00 -10,-7.5 deg",,0.06811015781489721,0.08482065736002792,12.045703262262357,-0.40000000000000013,True,0.75,False,0.0005217534140133473,2.0,True,0.6350386714918373,6.283607093735563,0.10106275933849185,0.29968096659192645,1157.8095203086677,7.56415325051386,0.75,0.000521641110049286,1183.524345791223,15188.780504091186,0.0,nan
computed_torque,10.0,1.0,replay,30,"demo_00 -10,-7.5 deg",demo_00,0.0721475955087235,0.12113510740607479,5.987087322398615,-0.040000000000000036,True,1.11,False,2.703820925977967e-09,1.9999999999999998,True,0.419381291648042,6.283607093735563,0.06674212524620514,0.32679514661061904,1000.0000148618514,7.945145713798343,1.11,7.026054108426267e-15,1048.2755452935648,11896.057425297608,0.0,nan
computed_torque,10.0,1.0,esn,31,"demo_00 -10,-5 deg",,0.05493767683284371,0.07224559545461326,8.410699658592888,-0.2300000000000001,True,0.91,False,0.0005217360333038901,2.0,True,0.454913693582218,5.371905275532018,0.08468386359198501,0.2546028911079547,987.9528815751214,6.116630752532789,0.91,0.0005216411097396891,980.9006315037958,10427.110885419945,0.0,nan
computed_torque,10.0,1.0,replay,31,"demo_00 -10,-5 deg",demo_00,0.0629259895177283,0.09530047905069267,5.447206947878114,-0.030000000000000027,True,1.11,False,2.7038467053132475e-09,1.9999999999999998,True,0.35729683123056055,5.371905275532018,0.06651212426584997,0.2928341015234762,1000.0000148618514,6.964200677387464,1.11,7.026054108426267e-15,1005.4691627378463,10913.41276640539,0.0,nan
computed_torque,10.0,1.0,esn,32,"demo_00 -10,-2.5 deg",,0.042249279955316736,0.055164025533382996,5.032595936896765,-0.040000000000000036,True,1.1,False,0.000521735667708441,2.0,True,0.38278425764583995,4.5715470818324935,0.08373188568199146,0.20822596498915422,805.299649541262,4.7196999457393165,1.1,0.000521641108829487,777.4392553510555,6513.164426076915,0.0,nan
computed_torque,10.0,1.0,replay,32,"demo_00 -10,-2.5 deg",demo_00,0.05494643361061053,0.06817811217938137,5.09748854046872,-0.030000000000000027,True,1.11,False,2.7038723335447724e-09,1.9999999999999998,True,0.30390490376851187,4.5715470818324935,0.06647747432728886,0.27044059257287517,1000.0000148618514,6.119279572282502,1.11,7.026054108426267e-15,969.1521704730184,10135.4541645816,0.0,nan
computed_torque,10.0,1.0,esn,33,"demo_00 -10,+0 deg",,0.031267050676985056,0.03390433657251726,5.369809656987236,0.08999999999999986,True,1.23,False,0.0005217321971132826,2.0,True,0.4350074972239948,4.000538462351017,0.10873723657898586,0.16676391637869187,638.034312492732,3.5116730115378214,1.23,0.0005216411076457554,599.3947039402925,3822.8625526439714,0.0,nan
computed_torque,10.0,1.0,replay,33,"demo_00 -10,+0 deg",demo_00,0.04880560482826343,0.040061716647399895,5.012012654748064,-0.030000000000000027,True,1.11,False,2.7038977551970065e-09,1.9999999999999998,True,0.26154527858089544,4.000538462351017,0.06537751881210306,0.2625908930952815,1000.0000148618514,5.473669089205088,1.11,7.026054108426267e-15,939.1899322158255,9546.665209141525,0.0,nan
computed_torque,10.0,1.0,esn,34,"demo_00 -10,+2.5 deg",,0.023952683038982504,0.00955158164456665,5.97402172230125,0.1299999999999999,True,1.27,False,0.0005217356587498647,2.0,True,0.5206834676940163,3.720676610262821,0.1399432206114888,0.144115290831677,527.6715659248434,2.7107341246783316,1.27,0.0005216411070243217,483.24035316988045,2451.16644187453,0.0,nan
computed_torque,10.0,1.0,replay,34,"demo_00 -10,+2.5 deg",demo_00,0.045237984726806374,0.01133362194789731,5.206227190882336,-0.030000000000000027,True,1.11,False,2.703924040471122e-09,1.9999999999999998,True,0.23150797870956938,3.720676610262821,0.06222201039214105,0.2705538765039046,1000.0000148618514,5.103103950893122,1.11,7.026054108426267e-15,915.4247360129467,9133.694452813017,0.0,nan
computed_torque,10.0,1.0,esn,35,"demo_00 -10,+5 deg",,0.023030476272487176,0.01686848171432519,6.124831819412914,0.1299999999999999,True,1.27,False,0.000521733645887594,2.0,True,0.5312131191525511,4.2628121970554735,0.12461565149867151,0.15510610206455427,514.308230517122,2.6170373078703353,1.27,0.0005216411070621632,461.70200363985583,2248.506400471466,0.0,nan
computed_torque,10.0,1.0,replay,35,"demo_00 -10,+5 deg",demo_00,0.044838500119231885,0.017620867025673004,5.653439291366673,-0.030000000000000027,True,1.11,False,2.703949926421303e-09,1.9999999999999998,True,0.23030406685188853,4.2628121970554735,0.05402632257901732,0.2930433124562042,1000.0000148618514,5.067400562372469,1.11,7.026054108426267e-15,897.6763531418111,8885.243404152341,0.0,nan
computed_torque,10.0,1.0,esn,36,"demo_00 -10,+7.5 deg",,0.029479100749732493,0.04296289605930293,6.069015494197478,0.07999999999999985,True,1.22,False,0.0005217337409439195,2.0,True,0.47061762730189943,5.208742494885825,0.09035148651790192,0.20422733604206642,604.4579959183322,3.335184782507651,1.22,0.0005216411077114095,535.9392195906355,3115.7276983021875,0.0,nan
computed_torque,10.0,1.0,replay,36,"demo_00 -10,+7.5 deg",demo_00,0.047662419687896966,0.04612105964661752,6.301713624417297,-0.030000000000000027,True,1.11,False,2.7039747910135094e-09,1.9999999999999998,True,0.2934205383572051,5.208742494885825,0.056332317952998916,0.3270763302176155,1000.0000148618514,5.3720370138905515,1.11,7.026054108426267e-15,885.7426602801551,8791.930037811591,0.0,nan
computed_torque,10.0,1.0,esn,37,"demo_00 -10,+10 deg",,0.04054704100959939,0.06693565533240937,6.910044074702721,-0.050000000000000044,True,1.1,False,0.0005217328459029911,2.0,True,0.4463842439682864,6.236982057553702,0.07157055124564032,0.2788560376743595,765.0460552215942,4.561723215555534,1.1,0.0005216411088053079,668.3928607338244,4994.711067397112,0.0,nan
computed_torque,10.0,1.0,replay,37,"demo_00 -10,+10 deg",demo_00,0.05317475067687174,0.07392715546792622,7.066962016702389,-0.040000000000000036,True,1.11,False,2.7040006711208066e-09,1.9999999999999998,True,0.36255009807571126,6.236982057553702,0.05812909107805135,0.36947669551846213,1000.0000148618514,5.963679345063017,1.11,7.026054108426267e-15,879.4003232287146,8846.130538509598,0.0,nan
computed_torque,10.0,1.0,esn,38,"demo_00 -10,+12.5 deg",,0.05347204815125066,0.08683424547052747,11.181244935358304,-0.2400000000000001,True,0.91,False,0.0005217288281902067,2.0,True,0.5663564172696236,7.395006322751494,0.07658633306737955,0.36255804974532285,1064.49386722035,5.99122727727412,0.91,0.0005216411096666062,817.3376547679493,7642.930640325515,0.0,nan
computed_torque,10.0,1.0,replay,38,"demo_00 -10,+12.5 deg",demo_00,0.06062372537658139,0.10060388554212214,7.9636542445097716,-0.040000000000000036,True,1.11,False,2.7040269111840275e-09,1.9999999999999998,True,0.4358462010896462,7.395006322751494,0.05893790783501032,0.4177040713270172,1250.0000057404905,6.765926791883717,1.11,7.026054108426267e-15,878.4055403164398,9041.80222415628,0.0,nan
computed_torque,10.0,1.0,esn,39,"demo_00 -10,+15 deg",,0.067059706917984,0.1021786074951112,16.09299490441246,-0.40000000000000013,True,0.75,False,0.0005217232950644677,2.0,True,0.7549931190220414,8.60959182713233,0.08769209205049078,0.44478571668212824,1373.6088013488375,7.489310777501138,0.75,0.0005216411099682362,962.9617017482113,10796.771354154112,0.0,nan
computed_torque,10.0,1.0,replay,39,"demo_00 -10,+15 deg",demo_00,0.0693666229791658,0.12588690654715393,8.934146021619918,-0.040000000000000036,True,1.11,False,2.7040520334411612e-09,1.9999999999999998,True,0.5119972558620077,8.60959182713233,0.059468238000377184,0.4699679923190443,1500.0000057405152,7.711737814696177,1.11,7.026054108426267e-15,882.4948434672668,9374.290788331371,0.0,nan
computed_torque,10.0,1.0,esn,40,"demo_00 -7.5,-15 deg",,0.09269065970927638,0.11162972142641416,14.412168563771543,-0.5700000000000002,True,0.58,False,0.0005218090635338265,2.0,True,1.205344944269006,9.126774210355928,0.1320669183314879,0.3698974687729046,1283.8173345450782,10.222712428662627,0.58,0.0005216411101979774,1452.4246625805447,22825.307342590102,0.0,nan
computed_torque,10.0,1.0,replay,40,"demo_00 -7.5,-15 deg",demo_00,0.09213280547254951,0.19519657287298867,7.819934487574737,-0.040000000000000036,True,1.11,False,2.703710197845175e-09,1.9999999999999998,True,0.5957984347811132,9.126774210355928,0.06528028644612192,0.4370071267506615,1499.9999942598195,10.093375412001887,1.11,7.026054108426267e-15,945.8777303303847,10102.358718959285,0.0,nan
computed_torque,10.0,1.0,esn,41,"demo_00 -7.5,-12.5 deg",,0.08068607035932573,0.10447797172278785,13.690428354853635,-0.5300000000000001,True,0.62,False,0.0005217843761324007,2.0,True,1.0016797437861504,7.8924157718108505,0.12691674802078037,0.330181662882661,1188.2142718538914,8.922138203902627,0.62,0.0005216411101756815,1298.8743623898172,18276.005138165056,0.0,nan
computed_torque,10.0,1.0,replay,41,"demo_00 -7.5,-12.5 deg",demo_00,0.08112555868849908,0.17254344575265584,6.8173349227370545,-0.040000000000000036,True,1.11,False,2.703735617003096e-09,1.9999999999999998,True,0.5167580038720931,7.8924157718108505,0.06547526369781292,0.3803199866030797,1249.9999942597947,8.903008637455214,1.11,7.026054108426267e-15,889.274686410809,8841.802597966449,0.0,nan
computed_torque,10.0,1.0,esn,42,"demo_00 -7.5,-10 deg",,0.06824845406526248,0.09686955781364885,12.455003890263146,-0.4600000000000001,True,0.68,False,0.000521765377319413,2.0,True,0.7786864926372472,6.740215512319023,0.11552842653384747,0.2883793342012377,1064.929414529023,7.564477954559349,0.68,0.0005216411101239314,1126.9658401952383,13784.827789434552,0.0,nan
computed_torque,10.0,1.0,replay,42,"demo_00 -7.5,-10 deg",demo_00,0.07043814836016005,0.1480312357438889,5.89778964445756,-0.030000000000000027,True,1.11,False,2.7037618997103896e-09,1.9999999999999998,True,0.4400775447556179,6.740215512319023,0.06529131656863088,0.3267122824718457,999.9999942597702,7.7470817630435445,1.11,7.026054108426267e-15,839.337099376643,7793.823857997049,0.0,nan
computed_torque,10.0,1.0,esn,43,"demo_00 -7.5,-7.5 deg",,0.05526856588000701,0.08737213446036407,9.834935207807185,-0.3400000000000001,True,0.8,False,0.0005217436502198819,2.0,True,0.5359115382110041,5.572951719560627,0.0961629608830086,0.24317248429835697,909.9458004859663,6.138654277243082,0.8,0.0005216411099779273,933.8981389795964,9483.132523884087,0.0,nan
computed_torque,10.0,1.0,replay,43,"demo_00 -7.5,-7.5 deg",demo_00,0.06023612568841962,0.12172020974430561,5.042485413510029,-0.030000000000000027,True,1.11,False,2.703787375772448e-09,1.9999999999999998,True,0.3670795178930735,5.572951719560627,0.06586805993754674,0.27797139916808866,750.0000148618233,6.644429452757335,1.11,7.026054108426267e-15,795.9905385329794,6938.83765866215,0.0,nan
computed_torque,10.0,1.0,esn,44,"demo_00 -7.5,-5 deg",,0.042134986266670615,0.07357412797968532,5.502921705379295,-0.15000000000000013,True,0.99,False,0.0005217347533263067,2.0,True,0.38593859754126514,4.49589082033599,0.08584251997303237,0.19563947701276485,728.6433764940303,4.691035393059682,0.99,0.0005216411094528465,726.3722359033152,5729.6978624617905,0.0,nan
computed_torque,10.0,1.0,replay,44,"demo_00 -7.5,-5 deg",demo_00,0.05080480986855121,0.09375438770558579,4.340238013663201,-0.030000000000000027,True,1.11,False,2.703813204441586e-09,1.9999999999999998,True,0.29999916319771436,4.49589082033599,0.06672741291686762,0.23711778069615644,750.0000148618233,5.627115860275021,1.11,7.026054108426267e-15,759.1363988610912,6259.615718438652,0.0,nan
computed_torque,10.0,1.0,esn,45,"demo_00 -7.5,-2.5 deg",,0.02984899875809428,0.05422327645277022,4.191159016641831,0.029999999999999805,True,1.17,False,0.0005217331066698632,2.0,True,0.3262957859307634,3.5776302118395775,0.09120444724861203,0.14821203267242566,543.6320807143164,3.3363841221304886,1.17,0.0005216411082845961,526.7278774596567,2984.659245153855,0.0,nan
computed_torque,10.0,1.0,replay,45,"demo_00 -7.5,-2.5 deg",demo_00,0.04264666210836119,0.06438567486443143,3.8788074705617595,-0.030000000000000027,True,1.11,False,2.7038390338467415e-09,1.9999999999999998,True,0.24238270108425503,3.5776302118395775,0.06774951203233062,0.20883281595184428,750.0000148618233,4.7506749008055555,1.11,7.026054108426267e-15,728.6522833909079,5741.240571634944,0.0,nan
computed_torque,10.0,1.0,esn,46,"demo_00 -7.5,+0 deg",,0.020002259910696995,0.030330716275153033,5.14118059978778,0.11999999999999988,True,1.25,False,0.0005217332317181456,2.0,True,0.41435403391258036,2.9439415675816205,0.1407480496472498,0.1112403367429077,395.88351862687745,2.2518924382681966,1.25,0.0005216411073668602,372.5727554582463,1462.6119679437388,0.0,nan
computed_torque,10.0,1.0,replay,46,"demo_00 -7.5,+0 deg",demo_00,0.0366060910707917,0.033993329153328075,3.7681421480367243,-0.020000000000000018,True,1.11,False,2.7038647603242282e-09,1.9999999999999998,True,0.1985171252416808,2.9439415675816205,0.06743242713365333,0.19856235303749437,750.0000148618233,4.106318306413055,1.11,7.026054108426267e-15,704.3924526266767,5371.029917497561,0.0,nan
computed_torque,10.0,1.0,esn,47,"demo_00 -7.5,+2.5 deg",,0.015146243213904391,0.0034218292041391356,5.366001156769269,0.1299999999999999,True,1.26,False,0.0005217359804151002,2.0,True,0.46497250777847016,2.65161482227211,0.17535446848198172,0.10095711659782726,335.88691975391447,1.7213757391222955,1.26,0.0005216411071612855,307.4730721588286,981.5302905502807,0.0,nan
computed_torque,10.0,1.0,replay,47,"demo_00 -7.5,+2.5 deg",demo_00,0.03381598279209257,0.003075973566864333,4.0116487345351635,-0.020000000000000018,True,1.11,False,2.7038904948244252e-09,1.9999999999999998,True,0.1711131687296029,2.65161482227211,0.06453168359610383,0.20897949899092746,750.0000148618233,3.813074033867703,1.11,7.026054108426267e-15,686.1883397583101,5138.433058622922,0.0,nan
computed_torque,10.0,1.0,esn,48,"demo_00 -7.5,+5 deg",,0.018665446743989088,0.025079631980094965,5.026004229904157,0.08999999999999986,True,1.23,False,0.0005217319482788589,2.0,True,0.41139295165723655,3.4683880323559872,0.11861214714715408,0.1330874303544396,392.549478293887,2.118266245213388,1.23,0.0005216411076315648,352.8007725659635,1324.163277107889,0.0,nan
computed_torque,10.0,1.0,replay,48,"demo_00 -7.5,+5 deg",demo_00,0.03503817112298922,0.02778430353328286,4.549951657538844,-0.030000000000000027,True,1.11,False,2.7039166301515755e-09,1.9999999999999998,True,0.2077747694462807,3.4683880323559872,0.05990528381138042,0.23737610217229854,750.0000148618233,3.9489977036154422,1.11,7.026054108426267e-15,673.8491302250386,5034.901732836222,0.0,nan
computed_torque,10.0,1.0,esn,49,"demo_00 -7.5,+7.5 deg",,0.028818771857369363,0.05169683045119029,5.119035513538777,-0.020000000000000018,True,1.12,False,0.0005217331737270653,2.0,True,0.3581674070830139,4.540546377596946,0.07888200610618401,0.2013173636850891,546.4182087511999,3.247432991442124,1.12,0.0005216411086656118,478.50080853413453,2529.755962701611,0.0,nan
computed_torque,10.0,1.0,replay,49,"demo_00 -7.5,+7.5 deg",demo_00,0.03988311939741721,0.057997772115089156,5.323681468136642,-0.030000000000000027,True,1.11,False,2.7039414958437468e-09,1.9999999999999998,True,0.2760728186813208,4.540546377596946,0.06080167357026986,0.2783019164429732,750.0000148618233,4.473921429015645,1.11,7.026054108426267e-15,667.1624040357125,5053.737921480842,0.0,nan
computed_torque,10.0,1.0,esn,50,"demo_00 -7.5,+10 deg",,0.04167394496531168,0.0740685949346915,9.134173191540633,-0.22000000000000008,True,0.92,False,0.0005217334412413252,2.0,True,0.4505422429829222,5.723848330371508,0.07871316935361207,0.2849581126501012,842.3193290107096,4.673579660047087,0.92,0.000521641109621686,634.0474366269248,4563.984523356354,0.0,nan
computed_torque,10.0,1.0,replay,50,"demo_00 -7.5,+10 deg",demo_00,0.04722818442253637,0.08705273719664557,6.23624915363822,-0.030000000000000027,True,1.11,False,2.703967480771799e-09,1.9999999999999998,True,0.3499808530051666,5.723848330371508,0.06114432682433621,0.32708723521172656,1000.0000057404657,5.271532944810236,1.11,7.026054108426267e-15,665.8948390917888,5189.921464829209,0.0,nan
computed_torque,10.0,1.0,esn,51,"demo_00 -7.5,+12.5 deg",,0.055372075327275824,0.09112324435561156,14.454320098179824,-0.3900000000000001,True,0.75,False,0.000521723858719987,2.0,True,0.628056875086618,6.971047485370299,0.09009505047909681,0.368523484019951,1151.949720196292,6.188525669058852,0.75,0.0005216411099686855,788.7244413244366,7195.992050237322,0.0,nan
computed_torque,10.0,1.0,replay,51,"demo_00 -7.5,+12.5 deg",demo_00,0.0560804468951409,0.11457867790927481,7.236439096389865,-0.030000000000000027,True,1.11,False,2.7039934182627927e-09,1.9999999999999998,True,0.4273050175420709,6.971047485370299,0.06129710326013833,0.3807226314659729,1250.0000057404905,6.236634445690725,1.11,7.026054108426267e-15,669.7929736050804,5439.920529606353,0.0,nan
computed_torque,10.0,1.0,esn,52,"demo_00 -7.5,+15 deg",,0.06901573978962489,0.10402303080645246,17.694538381566495,-0.4900000000000001,True,0.66,False,0.0005217151967437931,2.0,True,0.7680371360402627,8.188533735092438,0.0937942201726293,0.44943903091558846,1461.7589522318372,7.691023818919859,0.66,0.0005216411100588864,925.8512867935926,10069.065133212263,0.0,nan
computed_torque,10.0,1.0,replay,52,"demo_00 -7.5,+15 deg",demo_00,0.06581686243132318,0.14034433539383862,8.257728300385347,-0.040000000000000036,True,1.11,False,2.7040186935015536e-09,1.9999999999999998,True,0.5067661627324439,8.188533735092438,0.06188729009696425,0.4374276451158549,1500.0000057405152,7.301632236601699,1.11,7.026054108426267e-15,678.5840255531081,5801.488152282023,0.0,nan
computed_torque,10.0,1.0,esn,53,"demo_00 -5,-15 deg",,0.07965836741726386,0.11403269662724211,13.088824111482005,-0.5500000000000002,True,0.59,False,0.0005217975489705469,2.0,True,1.1241925062342393,8.690804127997184,0.12935425648504542,0.32121834702520996,1057.1959833367766,8.79688913115547,0.59,0.000521641110193838,1205.6410930257352,15778.989298577693,0.0,nan
computed_torque,10.0,1.0,replay,53,"demo_00 -5,-15 deg",demo_00,0.08126555619457625,0.20095912911466424,7.391849900695767,-0.030000000000000027,True,1.11,False,2.703676171297794e-09,1.9999999999999998,True,0.5603508662371726,8.690804127997184,0.06447629678271287,0.4121623705135884,1499.9999942598195,8.953210102412202,1.11,7.026054108426267e-15,675.1341090099937,5479.048003186594,0.0,nan
computed_torque,10.0,1.0,esn,54,"demo_00 -5,-12.5 deg",,0.06792578819547827,0.1065956375287112,12.297040874761079,-0.5100000000000001,True,0.63,False,0.0005217775228742043,2.0,True,0.9286613675838356,7.432521381958587,0.1249456705012692,0.2803554806668253,959.7523764671315,7.51951630253512,0.63,0.0005216411101634371,1056.330818429036,12126.19653881271,0.0,nan
computed_torque,10.0,1.0,replay,54,"demo_00 -5,-12.5 deg",demo_00,0.07027001392766168,0.1765126820246059,6.300956662343877,-0.030000000000000027,True,1.11,False,2.7037016397961123e-09,1.9999999999999998,True,0.47918339085867867,7.432521381958587,0.06447117555851636,0.3514909430501426,1249.9999942597947,7.749989425023018,1.11,7.026054108426267e-15,624.7726229975502,4607.268429566755,0.0,nan
computed_torque,10.0,1.0,esn,55,"demo_00 -5,-10 deg",,0.055760633950900015,0.09887990147851475,10.800147861542818,-0.44000000000000006,True,0.7000000000000001,False,0.000521759478669905,2.0,True,0.6968505471700086,6.165456649857062,0.11302496907283649,0.2374845111440755,832.7746788223433,6.185574422724129,0.7000000000000001,0.0005216411100979543,886.834930035067,8568.59680745424,0.0,nan
computed_torque,10.0,1.0,replay,55,"demo_00 -5,-10 deg",demo_00,0.059482916884327844,0.14995145073974747,5.241403042506871,-0.030000000000000027,True,1.11,False,2.7037279791424588e-09,1.9999999999999998,True,0.39873478630573933,6.165456649857062,0.06467238502357867,0.29264911815085803,999.9999942597702,6.568738968391609,1.11,7.026054108426267e-15,580.9918140756746,3898.2004989928937,0.0,nan
computed_torque,10.0,1.0,esn,56,"demo_00 -5,-7.5 deg",,0.04298875075518656,0.08890131161160546,7.631847138845984,-0.29000000000000015,True,0.84,False,0.0005217440100096439,2.0,True,0.46646100881940067,4.957913960028026,0.09408412743345869,0.19099698349851166,669.70379335633,4.77772525514345,0.84,0.0005216411098843743,691.9225640938985,5232.617860607993,0.0,nan
computed_torque,10.0,1.0,replay,56,"demo_00 -5,-7.5 deg",demo_00,0.04903828748235858,0.12134691501258965,4.259027928245323,-0.020000000000000018,True,1.11,False,2.703753504556779e-09,1.9999999999999998,True,0.3207058110894388,4.957913960028026,0.0646856346590625,0.23700356451322996,749.9999942597391,5.4248368739657655,1.11,7.026054108426267e-15,543.7055317723938,3335.0879627031004,0.0,nan
computed_torque,10.0,1.0,esn,57,"demo_00 -5,-5 deg",,0.030251472962860015,0.0732546750186533,3.5307008148951144,-0.07000000000000006,True,1.06,False,0.0005217317505793928,2.0,True,0.3311960890418456,3.75368464849518,0.08823226244501367,0.1435328573736924,482.1039691429644,3.3713978345073787,1.06,0.0005216411091259713,484.3634467672119,2563.9762094651605,0.0,nan
computed_torque,10.0,1.0,replay,57,"demo_00 -5,-5 deg",demo_00,0.03920416362908507,0.09087318137456521,3.3703417669718685,-0.020000000000000018,True,1.11,False,2.703779230732556e-09,1.9999999999999998,True,0.2472117307283694,3.75368464849518,0.0658584174958529,0.18742313826948453,500.00001486179553,4.34873487033362,1.11,7.026054108426267e-15,512.8036349843359,2903.546956515674,0.0,nan
computed_torque,10.0,1.0,esn,58,"demo_00 -5,-2.5 deg",,0.01901655505378415,0.05106396302110824,4.12604701936665,0.06999999999999984,True,1.2,False,0.0005217322103377075,2.0,True,0.285489299408299,2.6786179951776896,0.10658081888580784,0.10045238517090688,307.8658916858959,2.1309343787339494,1.2,0.0005216411079948018,300.73844364902743,976.8689163939835,0.0,nan
computed_torque,10.0,1.0,replay,58,"demo_00 -5,-2.5 deg",demo_00,0.03056448975871003,0.058858801995459335,2.720444864805778,-0.020000000000000018,True,1.11,False,2.703805013114391e-09,1.9999999999999998,True,0.18285367772095465,2.6786179951776896,0.06826418625206944,0.15004577919717912,500.00001486179553,3.405955219903428,1.11,7.026054108426267e-15,488.15239630879745,2591.5000223012366,0.0,nan
computed_torque,10.0,1.0,esn,59,"demo_00 -5,+0 deg",,0.01094651735910876,0.024026848681939852,4.7166930738399495,0.10999999999999988,True,1.24,False,0.0005217342232041997,2.0,True,0.354430877292692,1.8908796364316314,0.18744232602851196,0.07269941477255878,201.51956209231702,1.2383561829293463,1.24,0.0005216411074755311,190.3112122080775,379.0343964233758,0.0,nan
computed_torque,10.0,1.0,replay,59,"demo_00 -5,+0 deg",demo_00,0.024404959661475482,0.025798359111030213,2.508098640373804,-0.020000000000000018,True,1.11,False,2.7038304370362835e-09,1.9999999999999998,True,0.13603009069267205,1.8908796364316314,0.07194011087314943,0.13538684899316594,500.00001486179553,2.738053687032553,1.11,7.026054108426267e-15,469.594973037528,2389.0813052822828,0.0,nan
computed_torque,10.0,1.0,esn,60,"demo_00 -5,+2.5 deg",,0.009688625573728214,0.007712008892676633,4.26990318452781,0.08999999999999986,True,1.22,False,0.0005217335486416404,2.0,True,0.33425568557276836,1.8423910691393575,0.18142493804472812,0.07787722473516039,213.11062830859296,1.1049657537064128,1.22,0.000521641107726814,194.77770358231396,395.18006800694974,0.0,nan
computed_torque,10.0,1.0,replay,60,"demo_00 -5,+2.5 deg",demo_00,0.02280890060397443,0.007635129217202437,2.8377425170646764,-0.020000000000000018,True,1.11,False,2.7038565246029884e-09,1.9999999999999998,True,0.12298514173816232,1.8423910691393575,0.06675300580761759,0.15024986467551582,500.00001486179553,2.568733899101291,1.11,7.026054108426267e-15,456.9519435036736,2288.515075201744,0.0,nan
computed_torque,10.0,1.0,esn,61,"demo_00 -5,+5 deg",,0.018090528604155012,0.03547238300539765,3.5807167722072557,-0.010000000000000009,True,1.12,False,0.0005217346629162634,2.0,True,0.2687748433955686,2.8962570253240454,0.09280075664745155,0.13197729418945828,343.79376603188985,2.0438575464485385,1.12,0.0005216411086525928,303.47152391008126,1004.4299649604295,0.0,nan
computed_torque,10.0,1.0,replay,61,"demo_00 -5,+5 deg",demo_00,0.0265897256519727,0.04066660334422029,3.56506950909746,-0.020000000000000018,True,1.11,False,2.703882612921984e-09,1.9999999999999998,True,0.18928666671028885,2.8962570253240454,0.06535561763172958,0.18774984612250764,500.00001486179553,2.9831678687220378,1.11,7.026054108426267e-15,450.02190730826595,2283.9700138338017,0.0,nan
computed_torque,10.0,1.0,esn,62,"demo_00 -5,+7.5 deg",,0.030612371926039945,0.06054014645611825,7.50911373302691,-0.21000000000000008,True,0.92,False,0.000521732964366137,2.0,True,0.3442631277195744,4.112408088240441,0.08371326977592657,0.21248016718122506,631.3460689079731,3.4377731630638966,0.92,0.0005216411096294981,460.81757543744646,2392.8234823709026,0.0,nan
computed_torque,10.0,1.0,replay,62,"demo_00 -5,+7.5 deg",demo_00,0.033980255138086876,0.07256149981670473,4.503481923413619,-0.020000000000000018,True,1.11,False,2.703907279691765e-09,1.9999999999999998,True,0.2642190716072365,4.112408088240441,0.06424923449663937,0.23739112774563328,750.000005740441,3.793514125652008,1.11,7.026054108426267e-15,448.5821477912699,2371.3919764180123,0.0,nan
computed_torque,10.0,1.0,esn,63,"demo_00 -5,+10 deg",,0.044305082767768046,0.07939467229931907,13.05399910173545,-0.40000000000000013,True,0.74,False,0.0005217236683188765,2.0,True,0.5107880557994174,5.35504335643123,0.09538448557768965,0.29598167428076877,939.1722057479603,4.956922515986276,0.74,0.0005216411099825571,622.819670941873,4457.399186189942,0.0,nan
computed_torque,10.0,1.0,replay,63,"demo_00 -5,+10 deg",demo_00,0.043148509408370145,0.10276333733314111,5.524351307251581,-0.030000000000000027,True,1.11,False,2.70393316209748e-09,1.9999999999999998,True,0.3433080080167755,5.35504335643123,0.06410928636170125,0.2930676547743936,1000.0000057404657,4.802149517013949,1.11,7.026054108426267e-15,452.38935495486317,2548.3181677021676,0.0,nan
computed_torque,10.0,1.0,esn,64,"demo_00 -5,+12.5 deg",,0.057968665176803276,0.09340939237511918,16.386319492276826,-0.5000000000000001,True,0.64,False,0.0005217181205979338,2.0,True,0.6482383240195019,6.667287798282184,0.09722669001726901,0.3777602941241224,1249.1282107267432,6.466183626460482,0.64,0.0005216411100697797,766.1996153416283,6851.472296578595,0.0,nan
computed_torque,10.0,1.0,replay,64,"demo_00 -5,+12.5 deg",demo_00,0.05316862443696886,0.13093953499920954,6.622176428914181,-0.030000000000000027,True,1.11,False,2.7039594044998465e-09,1.9999999999999998,True,0.4245402158273176,6.667287798282184,0.06367509978145831,0.35192657323209736,1250.0000057404905,5.9070806837952015,1.11,7.026054108426267e-15,461.18040689372117,2813.6758720314697,0.0,nan
computed_torque,10.0,1.0,esn,65,"demo_00 -5,+15 deg",,0.07119298828671602,0.10515926928406122,18.446453876301476,-0.5600000000000002,True,0.59,False,0.0005217097106664942,2.0,True,0.8104222561301646,7.932950423380334,0.10215899670085586,0.4580761587384663,1552.9187521540432,7.919639235397078,0.59,0.0005216411100987211,883.554213228731,9254.19477687082,0.0,nan
computed_torque,10.0,1.0,replay,65,"demo_00 -5,+15 deg",demo_00,0.06362651771152383,0.15695311739512474,7.720455630406375,-0.040000000000000036,True,1.11,False,2.703984832756218e-09,1.9999999999999998,True,0.5069788687679329,7.932950423380334,0.06390798400475854,0.4126082107134007,1500.0000057405152,7.0619453816464395,1.11,7.026054108426267e-15,474.67320763894924,3167.5690393252885,0.0,nan
computed_torque,10.0,1.0,esn,66,"demo_00 -2.5,-15 deg",,0.0670811990814288,0.11559903802518115,11.766877162145489,-0.5500000000000002,True,0.59,False,0.0005217953345476935,2.0,True,1.066149504808401,8.120902212103429,0.13128461308392642,0.27633732809792155,838.5374193066417,7.421123956903418,0.59,0.0005216411101842547,967.0621390420768,10200.919435280603,0.0,nan
computed_torque,10.0,1.0,replay,66,"demo_00 -2.5,-15 deg",demo_00,0.07163340956698817,0.20654934769634173,7.135407592142915,-0.030000000000000027,True,1.11,False,2.7036433586686227e-09,1.9999999999999998,True,0.5278901541924447,8.120902212103429,0.06500388016071353,0.3964971253782239,1499.9999942598195,7.952503494504022,1.11,7.026054108426267e-15,404.39048768960237,2390.463377313567,0.0,nan
computed_torque,10.0,1.0,esn,67,"demo_00 -2.5,-12.5 deg",,0.055718812567657386,0.1077043085524332,10.992722926614565,-0.5000000000000001,True,0.63,False,0.0005217778393520079,2.0,True,0.8775426327461645,6.938359574781361,0.12647696091389402,0.23492676345488817,741.0203202968804,6.178561334732092,0.63,0.0005216411101517567,823.7188193243771,7409.584954677709,0.0,nan
computed_torque,10.0,1.0,replay,67,"demo_00 -2.5,-12.5 deg",demo_00,0.06071580326675484,0.18002502587597824,6.01052850752266,-0.020000000000000018,True,1.11,False,2.703668731897395e-09,1.9999999999999998,True,0.4461365815456327,6.938359574781361,0.06430000877544476,0.3329835338452835,1249.9999942597947,6.7441872894391155,1.11,7.026054108426267e-15,360.27055958429145,1844.2823363234093,0.0,nan
computed_torque,10.0,1.0,esn,68,"demo_00 -2.5,-10 deg",,0.04397587085961433,0.0995111857762162,9.352227690914,-0.42000000000000015,True,0.71,False,0.0005217587290798074,2.0,True,0.6386191944007349,5.676262714408268,0.11250698329725017,0.19198953905757016,612.220136474981,4.886182279460438,0.71,0.0005216411100751084,658.4294308490237,4754.055125985634,0.0,nan
computed_torque,10.0,1.0,replay,68,"demo_00 -2.5,-10 deg",demo_00,0.049875071722419645,0.15106717682765672,4.860730977205625,-0.020000000000000018,True,1.11,False,2.7036947687070693e-09,1.9999999999999998,True,0.36455782480865295,5.676262714408268,0.06422497392223978,0.2701400694459993,999.9999942597702,5.543120583961515,1.11,7.026054108426267e-15,322.64652877470604,1413.4326832904048,0.0,nan
computed_torque,10.0,1.0,esn,69,"demo_00 -2.5,-7.5 deg",,0.03176309847713489,0.08854322713743143,5.797564777233205,-0.2400000000000001,True,0.88,False,0.0005217379279865561,2.0,True,0.4139254448263089,4.439265681005834,0.09324187254602952,0.14663048415045435,445.5981261190028,3.537042744756294,0.88,0.0005216411098021723,466.0157692092727,2401.4929713848555,0.0,nan
computed_torque,10.0,1.0,replay,69,"demo_00 -2.5,-7.5 deg",demo_00,0.03917371865167927,0.11974974096266,3.743665061522791,-0.010000000000000009,True,1.11,False,2.703720495279473e-09,1.9999999999999998,True,0.28344460555829726,4.439265681005834,0.06384943500251945,0.20857334527161234,749.9999942597391,4.356567430764612,1.11,7.026054108426267e-15,291.4205250118082,1083.9963083696268,0.0,nan
computed_torque,10.0,1.0,esn,70,"demo_00 -2.5,-5 deg",,0.020184176076534242,0.07034428258565943,2.7550373760563653,-0.040000000000000036,True,1.08,False,0.0005217365759267233,2.0,True,0.2901684670281639,3.145426020257325,0.09225092727007625,0.10503052943627911,263.6159747471047,2.257802098927248,1.08,0.0005216411089540996,269.66763500007,815.2396823672003,0.0,nan
computed_torque,10.0,1.0,replay,70,"demo_00 -2.5,-5 deg",demo_00,0.028764178145201467,0.08628686074900006,2.648589371166045,-0.010000000000000009,True,1.11,False,2.703746326247298e-09,1.9999999999999998,True,0.2034454317898435,3.145426020257325,0.0646797700787125,0.14986521786123952,499.999994259708,3.201972674177032,1.11,7.026054108426267e-15,266.4708711075806,844.4336397302793,0.0,nan
computed_torque,10.0,1.0,esn,71,"demo_00 -2.5,-2.5 deg",,0.011009139292505774,0.04464319812888063,3.79443731191378,0.06999999999999984,True,1.19,False,0.0005217308991359835,2.0,True,0.21584854556188193,1.8929585974569376,0.11402708218333983,0.07341210853560313,170.2243243119533,1.2412254514213699,1.19,0.0005216411081175432,121.60676909176782,170.6461063564982,0.0,nan
computed_torque,10.0,1.0,replay,71,"demo_00 -2.5,-2.5 deg",demo_00,0.019121131144921324,0.05108070980882938,1.6922088184317208,-0.010000000000000009,True,1.11,False,2.7037719579087357e-09,1.9999999999999998,True,0.1286702386833103,1.8929585974569376,0.06797308660430824,0.09922644113694239,250.0000148617692,2.133120383750302,1.11,7.026054108426267e-15,247.6525092266869,685.4979044419755,0.0,nan
computed_torque,10.0,1.0,esn,72,"demo_00 -2.5,+0 deg",,0.0048971532721987536,0.013943009625870731,3.5414874624244876,0.06999999999999984,True,1.19,False,0.0005217328440719149,2.0,True,0.2099034769497618,0.8980090771678382,0.23374315726491346,0.05450117191905674,81.87721378212066,1.0170782249709474,1.19,0.0005216411080765119,77.63195226288502,66.57280952467143,0.0,nan
computed_torque,10.0,1.0,replay,72,"demo_00 -2.5,+0 deg",demo_00,0.012202749777871447,0.014810272817515891,1.2597096754934913,-0.010000000000000009,True,1.11,False,2.703797382945165e-09,1.9999999999999998,True,0.07433179415819134,0.8980090771678382,0.08277398976034928,0.0752445987836521,250.0000148617692,1.369179730174145,1.11,7.026054108426267e-15,234.7974934483793,600.1217007493467,0.0,nan
computed_torque,10.0,1.0,esn,73,"demo_00 -2.5,+2.5 deg",,0.008963852448467488,0.01835642193787417,2.1740040924618533,-0.020000000000000018,True,1.1,False,0.0005217321442527612,2.0,True,0.1652969445119381,1.3426102757979932,0.12311610263350047,0.07736951296830286,170.63909064818105,1.0176130811974453,1.1,0.0005216411088305253,155.45896355497908,261.1946459135449,0.0,nan
computed_torque,10.0,1.0,replay,73,"demo_00 -2.5,+2.5 deg",demo_00,0.01329515688600722,0.021555734897638554,1.7913377791645488,-0.010000000000000009,True,1.11,False,2.703823623521078e-09,1.9999999999999998,True,0.10217358038374444,1.3426102757979932,0.07610069893366234,0.09953478085988472,250.0000148617692,1.4917504224651628,1.11,7.026054108426267e-15,227.71554724903703,583.2781765812172,0.0,nan
computed_torque,10.0,1.0,esn,74,"demo_00 -2.5,+5 deg",,0.020681441733209533,0.04621281801526057,6.5975251715806795,-0.2300000000000001,True,0.89,False,0.0005217342387404348,2.0,True,0.2514347923626222,2.6081337614895856,0.09640410168956212,0.14803820970949622,437.41878260297415,2.327619615981813,0.89,0.0005216411097097931,305.80966969165496,1046.4659523429586,0.0,nan
computed_torque,10.0,1.0,replay,74,"demo_00 -2.5,+5 deg",demo_00,0.021180258478489263,0.0569235333454937,2.784108964455474,-0.010000000000000009,True,1.11,False,2.703849609299095e-09,1.9999999999999998,True,0.17930290716668035,2.6081337614895856,0.06874758872193538,0.15027360208912197,500.00000574040354,2.3661426682481106,1.11,7.026054108426267e-15,226.19468439149335,631.8193907012219,0.0,nan
computed_torque,10.0,1.0,esn,75,"demo_00 -2.5,+7.5 deg",,0.0341391573645561,0.06686160411923406,12.113934301079857,-0.42000000000000015,True,0.71,False,0.0005217260884249302,2.0,True,0.404357063994304,3.9123409319262543,0.1033542503145853,0.22891241809738194,739.4184927525216,3.8258661036312644,0.71,0.0005216411100132185,471.1895600952718,2531.7976951937953,0.0,nan
computed_torque,10.0,1.0,replay,75,"demo_00 -2.5,+7.5 deg",demo_00,0.031044595318513293,0.09040257843663924,3.8858774182376896,-0.020000000000000018,True,1.11,False,2.7038744772055558e-09,1.9999999999999998,True,0.2612847786503255,3.9123409319262543,0.06678476727785608,0.20901363184768126,750.000005740441,3.462386206797917,1.11,7.026054108426267e-15,230.00189154682718,744.2946840666252,0.0,nan
computed_torque,10.0,1.0,esn,76,"demo_00 -2.5,+10 deg",,0.04771796087043822,0.08193900783492686,15.2797957713947,-0.5100000000000001,True,0.62,False,0.0005217159033607293,2.0,True,0.5300405581650823,5.26196166850563,0.10073060040279828,0.31118386540144294,1047.7127067459521,5.330389505559688,0.62,0.0005216411100859265,619.3107049210372,4441.21540929838,0.0,nan
computed_torque,10.0,1.0,replay,76,"demo_00 -2.5,+10 deg",demo_00,0.04149092266596301,0.12148214387865099,5.044481075293225,-0.020000000000000018,True,1.11,False,2.7039002643887243e-09,1.9999999999999998,True,0.3448557756639546,5.26196166850563,0.06553749293310451,0.27059342386831503,1000.0000057404657,4.624329292904804,1.11,7.026054108426267e-15,238.88387081793758,920.7521071608012,0.0,nan
computed_torque,10.0,1.0,esn,77,"demo_00 -2.5,+12.5 deg",,0.060921602868939294,0.09436790329812593,17.26974765732906,-0.5700000000000001,True,0.5700000000000001,False,0.0005217067113131162,1.9999999999999998,True,0.6903432309704367,6.567441649231515,0.10511600526381788,0.39280645651046786,1351.8132475085208,6.785568150255024,0.5700000000000001,0.0005216411101108334,741.0212554218099,6463.285358710545,0.0,nan
computed_torque,10.0,1.0,replay,77,"demo_00 -2.5,+12.5 deg",demo_00,0.0521627320067305,0.1499749153185164,6.19691842011406,-0.030000000000000027,True,1.11,False,2.7039265561181177e-09,1.9999999999999998,True,0.4291036511701637,6.567441649231515,0.06533802264088254,0.33344334408217124,1250.0000057404905,5.811652659349687,1.11,7.026054108426267e-15,252.56784018236172,1162.526132080036,0.0,nan
computed_torque,10.0,1.0,esn,78,"demo_00 -2.5,+15 deg",,0.07389918082125173,0.10532243557374664,18.9237399905985,-0.6000000000000001,True,0.54,False,0.0005216956667303696,2.0,True,0.8834760106393206,7.921503102770436,0.11152883476500022,0.4724363988191439,1651.463483141649,8.208935458799669,0.54,0.0005216411101215157,843.0132373437,8512.560300913228,0.0,nan
computed_torque,10.0,1.0,replay,78,"demo_00 -2.5,+15 deg",demo_00,0.0629380777211332,0.17589104662436772,7.382847358904822,-0.030000000000000027,True,1.11,False,2.70395183360973e-09,1.9999999999999998,True,0.5136949944491498,7.921503102770436,0.06484817184121182,0.396960560149152,1500.0000057405152,7.010398161283013,1.11,7.026054108426267e-15,270.76238972479035,1472.0150241242843,0.0,nan
computed_torque,10.0,1.0,esn,79,"demo_00 +0,-15 deg",,0.055120048981604025,0.11561044062728168,10.58030427778173,-0.5400000000000001,True,0.59,False,0.0005217911039071243,2.0,True,1.0176849708446238,7.5568923326608894,0.13466977244682835,0.23624185544946089,635.148337200135,6.113414434653842,0.59,0.0005216411101774748,739.914434719762,6017.826861360507,0.0,nan
computed_torque,10.0,1.0,replay,79,"demo_00 +0,-15 deg",demo_00,0.0638003009096976,0.21191009326169735,7.133673225727511,-0.020000000000000018,True,1.11,False,2.7036095139611306e-09,1.9999999999999998,True,0.49930166807368936,7.5568923326608894,0.06607235436129048,0.39111594333178484,1499.9999942598195,7.151105379027933,1.11,7.026054108426267e-15,248.5348858570244,836.030613094831,0.0,nan
computed_torque,10.0,1.0,esn,80,"demo_00 +0,-12.5 deg",,0.044325535533886615,0.10665254959225874,9.84829681165652,-0.4900000000000001,True,0.63,False,0.0005217736808584796,2.0,True,0.8360116668991543,6.377246175289189,0.1310928955727891,0.19544819518427003,537.3833011654717,4.9283097732335674,0.63,0.0005216411101445723,606.5182912973505,4049.680861765785,0.0,nan
computed_torque,10.0,1.0,replay,80,"demo_00 +0,-12.5 deg",demo_00,0.05317122539443623,0.18297123292358314,5.981461370797157,-0.010000000000000009,True,1.11,False,2.7036354402441915e-09,1.9999999999999998,True,0.4177086649655855,6.377246175289189,0.06549984954072181,0.32655741379918174,1249.9999942597947,5.961687481625662,1.11,7.026054108426267e-15,207.1124047575048,552.3029823329082,0.0,nan
computed_torque,10.0,1.0,esn,81,"demo_00 +0,-10 deg",,0.03332975369611122,0.09752844970483994,8.266856317215035,-0.41000000000000014,True,0.71,False,0.0005217559147417767,2.0,True,0.6021928120312555,5.122756451871138,0.11755249692014902,0.15463047022100604,412.0729732605007,3.71483098759273,0.71,0.0005216411100677711,450.6130692393417,2254.6093418304367,0.0,nan
computed_torque,10.0,1.0,replay,81,"demo_00 +0,-10 deg",demo_00,0.04253980020141246,0.15121024689857085,4.793586865307212,-0.010000000000000009,True,1.11,False,2.7036614782176596e-09,1.9999999999999998,True,0.336042100300542,5.122756451871138,0.06559790680226447,0.26217812230505866,999.9999942597702,4.7709428466099375,1.11,7.026054108426267e-15,165.68992366050523,339.0116848926833,0.0,nan
computed_torque,10.0,1.0,esn,82,"demo_00 +0,-7.5 deg",,0.022364132546569482,0.08479378300224895,4.889010422111431,-0.2400000000000001,True,0.87,False,0.0005217413523109208,2.0,True,0.38849671538586533,3.8891417906546457,0.09989265917725026,0.11451472636038679,307.20543403110554,2.5020528970195612,0.87,0.0005216411098035044,271.5132895014102,842.138453665339,0.0,nan
computed_torque,10.0,1.0,replay,82,"demo_00 +0,-7.5 deg",demo_00,0.031906495141670814,0.11669164464843268,3.6177035634265,0.0,True,1.11,False,2.7036870058892696e-09,1.9999999999999998,True,0.2544187739272874,3.8891417906546457,0.06541771620120386,0.198152847703252,749.9999942597391,3.57913646710112,1.11,7.026054108426267e-15,124.26744256637396,185.08593633436027,0.0,nan
computed_torque,10.0,1.0,esn,83,"demo_00 +0,-5 deg",,0.013079571490159796,0.06331159255692495,2.1366219946155818,-0.06000000000000005,True,1.05,False,0.0005217330491657107,2.0,True,0.2567305999527119,2.6022551723041376,0.09865696595979583,0.08449531914894681,241.28436224687064,1.4749879272649131,1.05,0.0005216411091595438,106.04730319872095,147.65344922929043,0.0,nan
computed_torque,10.0,1.0,replay,83,"demo_00 +0,-5 deg",demo_00,0.021271780109329105,0.07963859803188872,2.4168791285402413,0.0,True,1.11,False,2.70371283800401e-09,1.9999999999999998,True,0.1730350091106067,2.6022551723041376,0.06649425119881491,0.13498627419005885,499.999994259708,2.386533572504289,1.11,7.026054108426267e-15,82.84496147545364,81.82998912767341,0.0,nan
computed_torque,10.0,1.0,esn,84,"demo_00 +0,-2.5 deg",,0.006490612996036722,0.03344726953224484,2.0817291385061236,-0.010000000000000009,True,1.1,False,0.0005217360240264533,2.0,True,0.14884956499590948,1.3056205598504806,0.11400675630671418,0.06239066138296896,145.804592454979,1.0170527253164248,1.1,0.0005216411088081052,24.56312927252107,15.744349394089435,0.0,nan
computed_torque,10.0,1.0,replay,84,"demo_00 +0,-2.5 deg",demo_00,0.010636125060811262,0.04048165858285815,1.2131464524355107,0.0,True,1.11,False,2.7037383671282138e-09,1.9999999999999998,True,0.09230540434550752,1.3056205598504806,0.07069849172417927,0.07488389223204188,249.9999942596833,1.1933995694839035,1.11,7.026054108426267e-15,41.42248038808153,22.81811007771613,0.0,nan
computed_torque,10.0,1.0,esn,85,"demo_00 +0,+2.5 deg",,0.01244641808586599,0.031076249409353936,6.832946266382469,-0.28,True,0.8300000000000001,False,0.0005217299510349478,2.0,True,0.17381892317320666,1.3499602816745566,0.12875854610892196,0.0959864039952639,269.26823826268566,1.4061434917435143,0.8300000000000001,0.0005216411098575561,181.57279345059948,366.35748427009196,0.0,nan
computed_torque,10.0,1.0,replay,85,"demo_00 +0,+2.5 deg",demo_00,0.010636125072126386,0.03994758688560475,1.210158255264709,0.0,True,1.11,False,2.703790035024543e-09,1.9999999999999998,True,0.1002729311314938,1.3499602816745566,0.07427843062694434,0.07529198693049774,250.00000574037884,1.1933996032894838,1.11,7.026054108426267e-15,41.42248177470606,22.360488171851994,0.0,nan
computed_torque,10.0,1.0,esn,86,"demo_00 +0,+5 deg",,0.025268312872142047,0.05333073202525289,11.610785405815925,-0.45000000000000007,True,0.67,False,0.000521723596788485,2.0,True,0.3066270836812039,2.6929104496170755,0.11386456750717626,0.17019857211546785,558.8749643808976,2.839456149075078,0.67,0.0005216411100544438,342.8450999419714,1324.3849671735734,0.0,nan
computed_torque,10.0,1.0,replay,86,"demo_00 +0,+5 deg",demo_00,0.021271780119079837,0.07757144307116697,2.4123691042569115,-0.010000000000000009,True,1.11,False,2.7038161738225455e-09,1.9999999999999998,True,0.18582748784212133,2.6929104496170755,0.06900618914696754,0.13543952960622951,500.00000574040354,2.3865336051156967,1.11,7.026054108426267e-15,82.84496284948423,78.1120226263641,0.0,nan
computed_torque,10.0,1.0,esn,87,"demo_00 +0,+7.5 deg",,0.03855874442350032,0.06934025313987296,14.379502888769709,-0.5300000000000001,True,0.59,False,0.0005217130033922381,2.0,True,0.4232605920541164,4.054850195212392,0.1043837803314818,0.25219683572584545,862.1894920930996,4.316706068129579,0.59,0.0005216411101060925,492.2251660095357,2772.3787463519166,0.0,nan
computed_torque,10.0,1.0,replay,87,"demo_00 +0,+7.5 deg",demo_00,0.03190649514881682,0.11218294116986734,3.6230953536747434,-0.010000000000000009,True,1.11,False,2.7038408427826203e-09,1.9999999999999998,True,0.2713423546288435,4.054850195212392,0.06691797269088276,0.1986162354725187,750.000005740441,3.579136497723609,1.11,7.026054108426267e-15,124.26744391944102,172.1298739874849,0.0,nan
computed_torque,10.0,1.0,esn,88,"demo_00 +0,+10 deg",,0.05162534702121475,0.08244705484060508,16.21970480160911,-0.5900000000000001,True,0.54,False,0.0005217038656794898,2.0,True,0.5882044881157911,5.376867912810926,0.10939537620300008,0.3345179704787989,1164.8473123164604,5.760524013282946,0.54,0.000521641110123359,616.3551377036629,4426.219433890245,0.0,nan
computed_torque,10.0,1.0,replay,88,"demo_00 +0,+10 deg",demo_00,0.04253980020491572,0.14359220555778696,4.815023001578347,-0.020000000000000018,True,1.11,False,2.7038669830440754e-09,1.9999999999999998,True,0.3568229631401215,5.376867912810926,0.06636260531711316,0.26264522027993303,1000.0000057404657,4.770942874450724,1.11,7.026054108426267e-15,165.68992498427963,306.9262239794016,0.0,nan
computed_torque,10.0,1.0,esn,89,"demo_00 +0,+12.5 deg",,0.06451007534554123,0.09401524049133082,17.800640101300548,-0.6200000000000001,True,0.51,False,0.0005216913060948288,2.0,True,0.7792925045944592,6.735418744753007,0.11570067639841099,0.41470292013768656,1464.2752827940476,7.176699363424987,0.51,0.0005216411101324844,720.0909370007723,6162.267584416423,0.0,nan
computed_torque,10.0,1.0,replay,89,"demo_00 +0,+12.5 deg",demo_00,0.05317122539326621,0.17188166996337498,6.0247724669331,-0.020000000000000018,True,1.11,False,2.703892772117404e-09,1.9999999999999998,True,0.4422792764608118,6.735418744753007,0.06566470374323112,0.3270262595080374,1250.0000057404905,5.961687505895038,1.11,7.026054108426267e-15,207.11240604371338,486.19063650785523,0.0,nan
computed_torque,10.0,1.0,esn,90,"demo_00 +0,+15 deg",,0.07732544355427026,0.10397702537376997,19.166430329063246,-0.6600000000000001,True,0.48,False,0.0005216802761609663,2.0,True,1.007244699034769,8.028795054611413,0.12545403042219253,0.49276914340297573,1760.3765002253188,8.579539084782512,0.48,0.0005216411101368601,810.3515800257808,7964.531904109443,0.0,nan
computed_torque,10.0,1.0,replay,90,"demo_00 +0,+15 deg",demo_00,0.06380030090282796,0.1972573529355229,7.204719359021298,-0.030000000000000027,True,1.11,False,2.7039183544983416e-09,1.9999999999999998,True,0.5277024668277013,8.028795054611413,0.0657262345393423,0.39158574668780466,1500.0000057405152,7.15110539893981,1.11,7.026054108426267e-15,248.53488709746443,714.5589587258853,0.0,nan
computed_torque,10.0,1.0,esn,91,"demo_00 +2.5,-15 deg",,0.044037597433193326,0.11334980425038209,9.500704412279172,-0.5300000000000001,True,0.59,False,0.0005217835677818138,2.0,True,0.9774995444397145,6.932563639303647,0.14100116425875334,0.20189128237070644,599.3247471530523,4.902239746314751,0.59,0.0005216411101733475,530.124119804161,3132.600950395617,0.0,nan
computed_torque,10.0,1.0,replay,91,"demo_00 +2.5,-15 deg",demo_00,0.058495104356181465,0.21704111542136376,7.356800035420808,-0.010000000000000009,True,1.11,False,2.703576415705826e-09,1.9999999999999998,True,0.47513099916989215,6.932563639303647,0.06853611793423325,0.39643782835740043,1499.9999942598195,6.622592707443306,1.11,7.026054108426267e-15,226.26041072606122,815.5330157056522,0.0,nan
computed_torque,10.0,1.0,esn,92,"demo_00 +2.5,-12.5 deg",,0.03410009278132584,0.10227051484198241,8.93355873637756,-0.4900000000000001,True,0.62,False,0.0005217704057021435,2.0,True,0.8122694045274205,5.754825556150323,0.14114579088489107,0.1632661168753505,461.48972732720927,3.807272598513282,0.62,0.0005216411101458856,413.3140218352251,1908.5075703000468,0.0,nan
computed_torque,10.0,1.0,replay,92,"demo_00 +2.5,-12.5 deg",demo_00,0.048583310577614815,0.18537688197121865,6.2198976943335875,0.0,True,1.11,False,2.70360194304381e-09,1.9999999999999998,True,0.3946936505115253,5.754825556150323,0.06858481576208796,0.33291292424841334,1249.9999942597947,5.499468368265015,1.11,7.026054108426267e-15,187.95870858010792,731.1395616829062,0.0,nan
computed_torque,10.0,1.0,esn,93,"demo_00 +2.5,-10 deg",,0.024390080497865497,0.09080681814599863,7.775019087559966,-0.43000000000000005,True,0.68,False,0.0005217569439970069,2.0,True,0.6010976334588065,4.507387300457787,0.13335832787161575,0.1277865165362863,356.11976067716483,2.7330213722531855,0.68,0.0005216411100883878,277.8700136692892,880.1412119856426,0.0,nan
computed_torque,10.0,1.0,replay,93,"demo_00 +2.5,-10 deg",demo_00,0.03879011073665159,0.15060336840742947,5.055761750655634,0.0,True,1.11,False,2.703628182213737e-09,1.9999999999999998,True,0.31444877513104147,4.507387300457787,0.06976298111748792,0.2700530289402918,999.9999942597702,4.388912208384572,1.11,7.026054108426267e-15,194.04404182723104,674.7718786296779,0.0,nan
computed_torque,10.0,1.0,esn,94,"demo_00 +2.5,-7.5 deg",,0.015522033960182771,0.0750171905993009,5.52138680952638,-0.30000000000000004,True,0.8,False,0.0005217394204597763,2.0,True,0.3751231120270295,3.2759776969961907,0.11450722401772985,0.09623220287646388,279.63149484163677,1.7497845982118128,0.8,0.0005216411099411304,131.76290446498248,220.2429035297383,0.0,nan
computed_torque,10.0,1.0,replay,94,"demo_00 +2.5,-7.5 deg",demo_00,0.02924341881329164,0.11379460665056329,3.9235208945666322,0.010000000000000009,True,1.11,False,2.7036537110156443e-09,1.9999999999999998,True,0.23474175729044858,3.2759776969961907,0.0716554808983248,0.20846059982003304,749.9999942597391,3.3054441343122973,1.11,7.026054108426267e-15,213.14948850936315,638.2153569933947,0.0,nan
computed_torque,10.0,1.0,esn,95,"demo_00 +2.5,-5 deg",,0.00887106799389947,0.04961904856552273,3.3203090192307614,-0.21000000000000008,True,0.89,False,0.0005217390953214277,2.0,True,0.23678547160127764,1.996431528752648,0.11860435391401528,0.07313177201598979,201.07719162038532,1.015814995342557,0.89,0.000521641109735606,33.901070863103186,23.70773138372957,0.0,nan
computed_torque,10.0,1.0,replay,95,"demo_00 +2.5,-5 deg",demo_00,0.020306766500025365,0.07862255762832364,2.806558513861527,0.010000000000000009,True,1.11,False,2.7036795442707103e-09,1.9999999999999998,True,0.15639969226700898,1.996431528752648,0.07833962247867628,0.14970826578426963,499.999994259708,2.290041880781881,1.11,7.026054108426267e-15,226.19465664593028,615.6172877044469,0.0,nan
computed_torque,10.0,1.0,esn,96,"demo_00 +2.5,-2.5 deg",,0.003199340575240101,0.01639554283076213,4.189965366949249,-0.2400000000000001,True,0.86,False,0.0005217344633973428,2.0,True,0.12621361156127936,0.7073414776894524,0.17843377709668473,0.05232146566959699,70.96856956920479,1.0209965219422308,0.86,0.0005216411098059694,12.004270816120195,8.927106668599661,0.0,nan
computed_torque,10.0,1.0,replay,96,"demo_00 +2.5,-2.5 deg",demo_00,0.013295155691946834,0.05088420027719804,1.8072791941800204,0.010000000000000009,True,1.11,False,2.7037050745251864e-09,1.9999999999999998,True,0.08223752393236267,0.7073414776894524,0.11626283277066328,0.0989892314357468,249.9999942596833,1.4917484299526749,1.11,7.026054108426267e-15,233.34726493753428,603.3630353880634,0.0,nan
computed_torque,10.0,1.0,esn,97,"demo_00 +2.5,+0 deg",,0.006643468025112588,0.015325073390941357,8.14946511405259,-0.3800000000000001,True,0.72,False,0.0005217317269886267,2.0,True,0.11758247222557697,0.5903960363225216,0.19915864096578048,0.06319524195860045,138.44856385115318,1.0234542977504284,0.72,0.0005216411100127043,104.82159965501505,120.22413643973972,0.0,nan
computed_torque,10.0,1.0,replay,97,"demo_00 +2.5,+0 deg",demo_00,0.012202748487512502,0.046701497277557194,1.2601585564398057,0.010000000000000009,True,1.11,False,2.7037308055515896e-09,1.9999999999999998,True,0.06844057331383067,0.5903960363225216,0.11592315852954498,0.07493150849709039,249.99998513828822,1.369177589307064,1.11,7.026054108426267e-15,234.79746572991843,599.9269490985837,0.0,nan
computed_torque,10.0,1.0,esn,98,"demo_00 +2.5,+2.5 deg",,0.01819726454611764,0.03853806568083045,11.422317036720642,-0.5000000000000001,True,0.61,False,0.0005217228887008454,2.0,True,0.23433869769377647,1.8801197193375954,0.12464030629727069,0.12503901092675704,406.0416019158142,2.0547751662154194,0.61,0.0005216411100985482,250.05361021390013,686.4198943332086,0.0,nan
computed_torque,10.0,1.0,replay,98,"demo_00 +2.5,+2.5 deg",demo_00,0.018148142455060003,0.07039959877824144,1.6850554952819514,0.0,True,1.11,False,2.703756744702103e-09,1.9999999999999998,True,0.13509816720377282,1.8801197193375954,0.07185615140049204,0.0992983077416831,250.00000574037884,2.0483546592990294,1.11,7.026054108426267e-15,230.75724526023637,605.700586762929,0.0,nan
computed_torque,10.0,1.0,esn,99,"demo_00 +2.5,+5 deg",,0.030836726270339575,0.055488874448391574,13.632090669407392,-0.5700000000000001,True,0.54,False,0.0005217143841420784,2.0,True,0.3529236402172553,3.181669085347461,0.11092405613222771,0.2042950276610849,698.522409584202,3.4641517148270613,0.54,0.0005216411101267593,393.7935817564257,1737.327127336655,0.0,nan
computed_torque,10.0,1.0,replay,99,"demo_00 +2.5,+5 deg",demo_00,0.026807996272325788,0.10431094028219495,2.655900863559419,0.0,True,1.11,False,2.7037826845983317e-09,1.9999999999999998,True,0.21412858416372138,3.181669085347461,0.06730070865944156,0.15011707699118207,500.00000574040354,3.031491189989296,1.11,7.026054108426267e-15,221.4597614420519,622.801084428842,0.0,nan
computed_torque,10.0,1.0,esn,100,"demo_00 +2.5,+7.5 deg",,0.04353097648351837,0.06942363696724049,15.258615293501741,-0.6200000000000001,True,0.5,False,0.0005217006162619806,2.0,True,0.5127917373144909,4.456120563634844,0.11507582211739088,0.28531810200988933,996.1127123323231,4.869832529712995,0.5,0.0005216411101383228,515.7588339364693,3049.483275662603,0.0,nan
computed_torque,10.0,1.0,replay,100,"demo_00 +2.5,+7.5 deg",demo_00,0.03629629114933375,0.1385066936922996,3.75616222861459,-0.010000000000000009,True,1.11,False,2.7038075547080404e-09,1.9999999999999998,True,0.2964003080398866,4.456120563634844,0.06651532511456866,0.20890112402209515,750.000005740441,4.105644543987125,1.11,7.026054108426267e-15,207.15862094205823,654.8627238586722,0.0,nan
computed_torque,10.0,1.0,esn,101,"demo_00 +2.5,+10 deg",,0.056126394543080195,0.08155450909892104,16.728372100976117,-0.6500000000000001,True,0.47000000000000003,False,0.0005216862865158959,2.0,True,0.7047886648657048,5.776323540623945,0.12201336367484276,0.3643322893359418,1292.3164701597793,6.256313916798462,0.47000000000000003,0.0005216411101419956,616.9814703973223,4472.06595802528,0.0,nan
computed_torque,10.0,1.0,replay,101,"demo_00 +2.5,+10 deg",demo_00,0.04611065059399952,0.16932048929613236,4.917293611545581,-0.010000000000000009,True,1.11,False,2.703833696119785e-09,1.9999999999999998,True,0.3801476769720453,5.776323540623945,0.06581135462695753,0.27050652923786206,1000.0000057404657,5.2145793083702054,1.11,7.026054108426267e-15,191.29376370698188,706.8149396742169,0.0,nan
computed_torque,10.0,1.0,esn,102,"demo_00 +2.5,+12.5 deg",,0.06863667859775444,0.09237204002539953,18.02013930257068,-0.6800000000000002,True,0.45,False,0.0005216696483948651,2.0,True,0.9178216249866159,7.050747946832506,0.13017365418642432,0.44089885283607066,1584.9144418409676,7.6273626903389085,0.45,0.0005216411101441594,702.6799514580969,5947.256572422013,0.0,nan
computed_torque,10.0,1.0,replay,102,"demo_00 +2.5,+12.5 deg",demo_00,0.056085378180710285,0.19672472783667166,6.073750005302602,-0.020000000000000018,True,1.11,False,2.7038596863927264e-09,1.9999999999999998,True,0.4645578995633586,7.050747946832506,0.06588774738034106,0.3333728318748215,1250.0000057404905,6.33965801367263,1.11,7.026054108426267e-15,198.32135387016052,784.6501581781234,0.0,nan
computed_torque,10.0,1.0,esn,103,"demo_00 +2.5,+15 deg",,0.08103741569725438,0.10221864967538151,19.244842437961672,-0.7100000000000002,True,0.43,False,0.0005216534304225638,2.0,True,1.160125445276047,8.311541876891955,0.1395800517472539,0.514968676123196,1872.36592017279,8.982528002304003,0.43,0.0005216411101446154,776.4386521576395,7444.164130011904,0.0,nan
computed_torque,10.0,1.0,replay,103,"demo_00 +2.5,+15 deg",demo_00,0.0661524356647902,0.22102382917209795,7.231998133249176,-0.030000000000000027,True,1.11,False,2.7038850698444727e-09,1.9999999999999998,True,0.5492967928878912,8.311541876891955,0.06608843473616681,0.3969013323654448,1500.0000057405152,7.473096883158204,1.11,7.026054108426267e-15,237.39296052531122,895.1849725607166,0.0,nan
computed_torque,10.0,1.0,esn,104,"demo_00 +5,-15 deg",,0.034238729120519965,0.10741176310491929,8.586172758356243,-0.53,True,0.5700000000000001,False,0.0005217896559932472,1.9999999999999998,True,0.9688351528284938,6.303718035010635,0.15369265367638849,0.17332874573743032,549.3916030323634,3.830171529572226,0.5700000000000001,0.0005216411101743797,349.0269092848066,1397.6276430806095,0.0,nan
computed_torque,10.0,1.0,replay,104,"demo_00 +5,-15 deg",demo_00,0.05643630534921284,0.22225746134620297,7.822233730600277,0.010000000000000009,True,1.11,False,2.7035429819293272e-09,1.9999999999999998,True,0.45538486666980527,6.303718035010635,0.07224067830137916,0.4120482766696809,1499.9999942598195,6.435065629221619,1.11,7.026054108426267e-15,407.8403762715716,2329.1114237419315,0.0,nan
computed_torque,10.0,1.0,esn,105,"demo_00 +5,-12.5 deg",,0.025447944306724014,0.09274974006185341,8.25975812521337,-0.5100000000000001,True,0.59,False,0.0005217746051433024,2.0,True,0.8060833936475529,5.0747277119413345,0.15884268859406175,0.1378787732605323,410.8648548086888,2.8578186387108446,0.59,0.0005216411101550897,257.2623449519454,761.0243322044861,0.0,nan
computed_torque,10.0,1.0,replay,105,"demo_00 +5,-12.5 deg",demo_00,0.047811796200563916,0.18868495193314794,6.699811093779372,0.010000000000000009,True,1.11,False,2.7035683030560716e-09,1.9999999999999998,True,0.3770479115906514,5.0747277119413345,0.07429914135164739,0.3513571483339311,1249.9999942597947,5.4402281030786295,1.11,7.026054108426267e-15,433.2356306554851,2380.9517984522154,0.0,nan
computed_torque,10.0,1.0,esn,106,"demo_00 +5,-10 deg",,0.017559557913544584,0.07693210382433338,7.839391700503726,-0.4800000000000001,True,0.62,False,0.0005217600643385803,2.0,True,0.6107149589857294,3.833980455516702,0.1592900553540834,0.10939222482526845,304.4745918269306,1.9813850899682732,0.62,0.0005216411101266229,159.54004244335798,303.8386520818716,0.0,nan
computed_torque,10.0,1.0,replay,106,"demo_00 +5,-10 deg",demo_00,0.039657167751879406,0.1554833972509063,5.604389153298291,0.010000000000000009,True,1.11,False,2.703594447024596e-09,1.9999999999999998,True,0.29954398753548817,3.833980455516702,0.07812872053233222,0.29248840830629225,999.9999942597702,4.497917834995558,1.11,7.026054108426267e-15,452.38932712819957,2420.8907401581855,0.0,nan
computed_torque,10.0,1.0,esn,107,"demo_00 +5,-7.5 deg",,0.010977403578710486,0.056447994795081294,7.404212565229821,-0.43000000000000005,True,0.66,False,0.0005217449217624091,2.0,True,0.39909154011092074,2.603958954829355,0.15326337589567512,0.08647466796012582,218.09401557090717,1.2451736621960097,0.66,0.0005216411100903648,71.28246409438141,73.91485363116898,0.0,nan
computed_torque,10.0,1.0,replay,107,"demo_00 +5,-7.5 deg",demo_00,0.032342979964770556,0.12547702811681752,4.579623156342834,0.020000000000000018,True,1.11,False,2.7036201770100368e-09,1.9999999999999998,True,0.2236898264387181,2.603958954829355,0.08590374515076685,0.23680509333848843,749.9999942597391,3.6508336350362294,1.11,7.026054108426267e-15,465.4344952699487,2443.5783504662845,0.0,nan
computed_torque,10.0,1.0,esn,108,"demo_00 +5,-5 deg",,0.0056638684069069065,0.028787519998403222,7.742822063183032,-0.43000000000000005,True,0.66,False,0.0005217371545519551,2.0,True,0.22326996517165246,1.3314368562388694,0.16769099047052083,0.06589054934292293,112.4014252505124,1.03328448161665,0.66,0.0005216411100814277,36.86425025331609,23.943910421326066,0.0,nan
computed_torque,10.0,1.0,replay,108,"demo_00 +5,-5 deg",demo_00,0.026589724457223275,0.10174993425135588,3.6280870327198125,0.020000000000000018,True,1.11,False,2.703645707673502e-09,1.9999999999999998,True,0.1512550664732045,1.3314368562388694,0.11360288380515451,0.18717210101362802,499.999994259708,2.983165876300437,1.11,7.026054108426267e-15,472.5274205226856,2446.003880408571,0.0,nan
computed_torque,10.0,1.0,esn,109,"demo_00 +5,-2.5 deg",,0.004575512894244198,0.003860627681046788,9.393136467386563,-0.4900000000000001,True,0.6,False,0.0005217338164551445,2.0,True,0.07550799215417144,0.049527184991027776,nan,0.05846671510658517,95.84577608640977,1.0331784065228031,0.6,0.0005216411101099114,90.5959617253158,85.0079954450064,0.0,nan
computed_torque,10.0,1.0,replay,109,"demo_00 +5,-2.5 deg",demo_00,0.023590430982295036,0.0895054814827063,2.879426567057974,0.020000000000000018,True,1.11,False,2.7036718465532974e-09,1.9999999999999998,True,0.08723924494810403,0.049527184991027776,nan,0.14973208905896587,499.9999851383161,2.6368204373821094,1.11,7.026054108426267e-15,473.8471520196448,2427.353580711671,0.0,nan
computed_torque,10.0,1.0,esn,110,"demo_00 +5,+0 deg",,0.013542448749965732,0.023026057713197108,11.262039514606755,-0.56,True,0.54,False,0.0005217226204801076,2.0,True,0.20594905127194343,1.2304911090449369,0.16737142573244085,0.10058502340002948,290.5736502619261,1.543462916871164,0.54,0.0005216411101340553,205.77198840435616,441.76751668472883,0.0,nan
computed_torque,10.0,1.0,replay,110,"demo_00 +5,+0 deg",demo_00,0.024404958371202098,0.09338808630345392,2.514938626024268,0.010000000000000009,True,1.11,False,2.7036972267991352e-09,1.9999999999999998,True,0.12541772571961293,1.2304911090449369,0.10192493452224752,0.1350391110729472,499.9999851383161,2.738051546880156,1.11,7.026054108426267e-15,469.5949453190671,2388.8445798415087,0.0,nan
computed_torque,10.0,1.0,esn,111,"demo_00 +5,+2.5 deg",,0.02489665934407385,0.04054512165899833,12.924188736119532,-0.6100000000000001,True,0.49,False,0.0005217106731495845,2.0,True,0.3478528224166079,2.5177304823931896,0.13816126263283027,0.1707965333300518,562.893885525585,2.8124859214818265,0.49,0.0005216411101452809,332.40820560963107,1194.7850774796768,0.0,nan
computed_torque,10.0,1.0,replay,111,"demo_00 +5,+2.5 deg",demo_00,0.028729892620389053,0.11170314333956317,2.718742085862652,0.010000000000000009,True,1.11,False,2.7037233189873057e-09,1.9999999999999998,True,0.18508865667530408,2.5177304823931896,0.07351408658299713,0.14993660151572155,499.9999851383161,3.2461538596230235,1.11,7.026054108426267e-15,459.993641514873,2333.537500522502,0.0,nan
computed_torque,10.0,1.0,esn,112,"demo_00 +5,+5 deg",,0.03679302953033191,0.05525157258751481,14.316688855772048,-0.6500000000000001,True,0.46,False,0.0005216927552919078,2.0,True,0.47654447453713983,3.7798274251830413,0.12607572275976667,0.24647918918790834,848.877392493592,4.131025380069934,0.46,0.0005216411101501849,443.6386273647883,2201.3922652339975,0.0,nan
computed_torque,10.0,1.0,replay,112,"demo_00 +5,+5 deg",demo_00,0.03531425212327089,0.1387915677908534,3.366603842614301,0.0,True,1.11,False,2.703749260044625e-09,1.9999999999999998,True,0.25637442129991134,3.7798274251830413,0.0678270176018674,0.18749924628674847,500.00000574040354,4.009826583726401,1.11,7.026054108426267e-15,445.28698435882455,2266.13076656,0.0,nan
computed_torque,10.0,1.0,esn,113,"demo_00 +5,+7.5 deg",,0.04878069855206658,0.06849252955774214,15.65512985802114,-0.6800000000000002,True,0.43,False,0.0005216766049706007,2.0,True,0.6573420685170341,5.068561153787403,0.12969007348877412,0.32149116428506797,1136.7930409133266,5.4510613898677365,0.43,0.000521641110151169,535.1495685790428,3310.6030451232264,0.0,nan
computed_torque,10.0,1.0,replay,113,"demo_00 +5,+7.5 deg",demo_00,0.04314977326001441,0.169536699904668,4.278943556228535,0.0,True,1.11,False,2.7037743313231438e-09,1.9999999999999998,True,0.33357142740702045,5.068561153787403,0.06581185809660488,0.23719298086456314,750.000005740441,4.911498128015467,1.11,7.026054108426267e-15,425.7388771865008,2192.7397594755444,0.0,nan
computed_torque,10.0,1.0,esn,114,"demo_00 +5,+10 deg",,0.060748204255076176,0.08059097560884242,16.85985716241937,-0.7100000000000001,True,0.41000000000000003,False,0.0005216574453181785,2.0,True,0.8666317603472462,6.309209214827455,0.13735980704373377,0.3945089550985622,1421.8304267469057,6.7631095730316995,0.41000000000000003,0.000521641110151649,610.2873688694503,4447.443002782665,0.0,nan
computed_torque,10.0,1.0,replay,114,"demo_00 +5,+10 deg",demo_00,0.0516828133791025,0.19856001247563573,5.292957432212782,-0.010000000000000009,True,1.11,False,2.7037999700634094e-09,1.9999999999999998,True,0.41368352833975197,6.309209214827455,0.06556820581691004,0.2929071745690716,1000.0000057404657,5.888149332065764,1.11,7.026054108426267e-15,401.6325815928396,2120.6641565034497,0.0,nan
computed_torque,10.0,1.0,esn,115,"demo_00 +5,+12.5 deg",,0.07265062053193268,0.09165475649727224,18.018987332878254,-0.7300000000000001,True,0.4,False,0.0005216370002456422,2.0,True,1.091352687732095,7.533454409007347,0.14486749749586633,0.46536596804052754,1701.9506863626248,8.064777773049165,0.4,0.0005216411101498417,673.0610554375414,5584.271022074163,0.0,nan
computed_torque,10.0,1.0,replay,115,"demo_00 +5,+12.5 deg",demo_00,0.06063056686929306,0.22433973715645497,6.363097431761373,-0.020000000000000018,True,1.11,False,2.7038262171071586e-09,1.9999999999999998,True,0.4953895334902396,7.533454409007347,0.06575861571524598,0.3517929441958155,1250.0000057404905,6.90795232944219,1.11,7.026054108426267e-15,374.7063309345119,2058.1469160614256,0.0,nan
computed_torque,10.0,1.0,esn,116,"demo_00 +5,+15 deg",,0.08447503503456064,0.1017528982167708,19.22872379076975,-0.7400000000000001,True,0.39,False,0.0005216175982932146,2.0,True,1.3415488422318484,8.819526418586488,0.1521112108020489,0.5343188511725895,1976.7132175718589,9.35656745144972,0.39,0.0005216411101484905,727.1239441649775,6721.984901329399,0.0,nan
computed_torque,10.0,1.0,replay,116,"demo_00 +5,+15 deg",demo_00,0.06984373017361631,0.2470371527327106,7.493388422810866,-0.020000000000000018,True,1.11,False,2.703851546132672e-09,1.9999999999999998,True,0.5781515981070409,8.819526418586488,0.06555358764940371,0.41249424018667963,1500.0000057405152,7.954124507806286,1.11,7.026054108426267e-15,362.6055071750046,2014.128472443154,0.0,nan
computed_torque,10.0,1.0,esn,117,"demo_00 +7.5,-15 deg",,0.026091588748042314,0.09633680215955458,7.740614478669068,-0.54,True,0.55,False,0.0005217902589427067,2.0,True,0.9650397643408005,5.562520723070491,0.1734896483779933,0.14806997852814618,479.60483541723687,2.934589444409407,0.55,0.0005216411101786319,212.4791724721614,549.5838160776648,0.0,nan
computed_torque,10.0,1.0,replay,117,"demo_00 +7.5,-15 deg",demo_00,0.057971184264291875,0.23043237593367646,8.43338915237815,0.020000000000000018,True,1.11,False,2.7035096871911494e-09,1.9999999999999998,True,0.4396920398118269,5.562520723070491,0.07904546548262001,0.4368457082191364,1499.9999942598195,6.617740869390928,1.11,7.026054108426267e-15,678.5839975919624,5377.2642092201995,0.0,nan
computed_torque,10.0,1.0,esn,118,"demo_00 +7.5,-12.5 deg",,0.01860266592999854,0.07725064199481675,7.727325527582829,-0.53,True,0.56,False,0.0005217718736728795,2.0,True,0.7844985245110646,4.339819089031135,0.18076756390465207,0.11499367268642016,337.88939947707223,2.1022071525823463,0.56,0.0005216411101686628,154.45260754935796,285.9401390411491,0.0,nan
computed_torque,10.0,1.0,replay,118,"demo_00 +7.5,-12.5 deg",demo_00,0.051030204030966794,0.20068930716621566,7.376652636438047,0.020000000000000018,True,1.11,False,2.7035350094330838e-09,1.9999999999999998,True,0.3640879310489395,4.339819089031135,0.08389472546659132,0.3801344974721143,1249.9999942597947,5.796385333403171,1.11,7.026054108426267e-15,697.7376940687435,5502.249946710803,0.0,nan
computed_torque,10.0,1.0,esn,119,"demo_00 +7.5,-10 deg",,0.012675247044812444,0.056766612022714526,8.01224244168036,-0.53,True,0.55,False,0.000521765303251429,2.0,True,0.5768979050040032,3.1315453422783905,0.18422147596441146,0.09060395140904055,223.86346288077834,1.4394928692669051,0.55,0.0005216411101597432,111.10371795171983,144.27665332584348,0.0,nan
computed_torque,10.0,1.0,replay,119,"demo_00 +7.5,-10 deg",demo_00,0.0448740166199174,0.17413776188608399,6.397839988234672,0.030000000000000027,True,1.11,False,2.703561354612223e-09,1.9999999999999998,True,0.2900622041063321,3.1315453422783905,0.09262589948491506,0.3264963391472761,999.9999942597702,5.0662783973569345,1.11,7.026054108426267e-15,710.7346124291678,5577.888845961846,0.0,nan
computed_torque,10.0,1.0,esn,120,"demo_00 +7.5,-7.5 deg",,0.008249674661339147,0.03457011297620868,8.61984429094384,-0.54,True,0.54,False,0.0005217495173120597,2.0,True,0.34338661968531775,1.8760230911927496,0.18303965516063944,0.07293958054252035,116.41403589456854,0.9830426179774613,0.54,0.0005216411101545063,97.30955952949802,101.1394386797356,0.0,nan
computed_torque,10.0,1.0,replay,120,"demo_00 +7.5,-7.5 deg",demo_00,0.03988311820152129,0.15254975841333762,5.46505974714234,0.030000000000000027,True,1.11,False,2.703586885682938e-09,1.9999999999999998,True,0.21878099604127435,1.8760230911927496,0.11661956458231887,0.2777175592469353,749.9999942597391,4.473919436745996,1.11,7.026054108426267e-15,717.7195020305342,5601.703966596042,0.0,nan
computed_torque,10.0,1.0,esn,121,"demo_00 +7.5,-5 deg",,0.006797515753900099,0.012651833413805715,9.638998931331665,-0.5700000000000001,True,0.51,False,0.0005217373160839284,2.0,True,0.14079788499735868,0.6103677855520978,0.2306771234166665,0.06783074324337664,136.0857317368093,1.0157827038744027,0.51,0.0005216411101565226,133.15333490719377,172.35887491275741,0.0,nan
computed_torque,10.0,1.0,replay,121,"demo_00 +7.5,-5 deg",demo_00,0.03655656698384467,0.13831741260836294,4.663133535402692,0.030000000000000027,True,1.11,False,2.7036124174767107e-09,1.9999999999999998,True,0.1525572545452329,0.6103677855520978,0.24994316239550524,0.23682015514073246,749.9999851383424,4.081329388961963,1.11,7.026054108426267e-15,718.8601843994406,5573.5251741393995,0.0,nan
computed_torque,10.0,1.0,esn,122,"demo_00 +7.5,-2.5 deg",,0.012007644747638224,0.008774096402596968,10.897509154657863,-0.6100000000000001,True,0.47000000000000003,False,0.000521724494396752,2.0,True,0.19892099255349804,0.6645621753617241,0.29932638348733054,0.09616616622883638,229.61819634347123,1.3875853655216575,0.47000000000000003,0.0005216411101591578,214.63449945165456,455.76627984530177,0.0,nan
computed_torque,10.0,1.0,replay,122,"demo_00 +7.5,-2.5 deg",demo_00,0.035387877004779224,0.13382849520892942,4.07350321488344,0.030000000000000027,True,1.11,False,2.703638557506882e-09,1.9999999999999998,True,0.13890692402732416,0.6645621753617241,0.20902020785597147,0.20849481762621078,749.9999851383424,3.950002578940132,1.11,7.026054108426267e-15,714.3470391017551,5495.329150546239,0.0,nan
computed_torque,10.0,1.0,esn,123,"demo_00 +7.5,+0 deg",,0.021048180458282273,0.025626800190861596,12.133443168729716,-0.6500000000000001,True,0.44,False,0.0005217045500658296,2.0,True,0.37872298313343405,1.9314785811357724,0.19607930775537394,0.15177883063696862,459.7505986496893,2.3978892482176453,0.44,0.0005216411101600424,311.6519565119715,1006.316496754225,0.0,nan
computed_torque,10.0,1.0,replay,123,"demo_00 +7.5,+0 deg",demo_00,0.03660608978066084,0.14001418074015193,3.782373939666772,0.020000000000000018,True,1.11,False,2.7036639388779815e-09,1.9999999999999998,True,0.18383001449989625,1.9314785811357724,0.09517579759636692,0.1982068414621367,749.9999851383424,4.1063161674516095,1.11,7.026054108426267e-15,704.3924249082156,5371.056773988275,0.0,nan
computed_torque,10.0,1.0,esn,124,"demo_00 +7.5,+2.5 deg",,0.03146465930394497,0.04109598278941316,13.38402861796143,-0.6700000000000002,True,0.42,False,0.0005216816460458204,2.0,True,0.5031040934482154,3.211505148251083,0.15665679182304756,0.21737601783269378,724.624989765677,3.550414071229149,0.42,0.0005216411101602361,400.3036899573004,1738.0450747242937,0.0,nan
computed_torque,10.0,1.0,replay,124,"demo_00 +7.5,+2.5 deg",demo_00,0.040014927715831844,0.15557341964727373,3.893406734393347,0.020000000000000018,True,1.11,False,2.7036900322190594e-09,1.9999999999999998,True,0.2401143221048263,3.211505148251083,0.074766911781408,0.20864173829104543,749.9999851383424,4.521485580653978,1.11,7.026054108426267e-15,689.2300377695093,5206.410708997392,0.0,nan
computed_torque,10.0,1.0,esn,125,"demo_00 +7.5,+5 deg",,0.04240280358487183,0.05556379053488686,14.535532612780363,-0.7000000000000001,True,0.4,False,0.0005216603303525861,2.0,True,0.6340351390183715,4.460410487854896,0.14214726217346246,0.28514278141482474,997.3096527219734,4.752976936420775,0.4,0.0005216411101588334,472.7162760643754,2532.2695775326974,0.0,nan
computed_torque,10.0,1.0,replay,125,"demo_00 +7.5,+5 deg",demo_00,0.04514065175194091,0.17800869205322348,4.341361883253727,0.010000000000000009,True,1.11,False,2.703715974424253e-09,1.9999999999999998,True,0.3058915430358728,4.460410487854896,0.06857923589516587,0.2370788009104221,749.9999851383424,5.133782422404097,1.11,7.026054108426267e-15,669.1142072755969,5008.636275102911,0.0,nan
computed_torque,10.0,1.0,esn,126,"demo_00 +7.5,+7.5 deg",,0.053559197199142296,0.06906737992182917,15.656264501334693,-0.7300000000000001,True,0.38,False,0.0005216390902737623,2.0,True,0.8259285192428818,5.693833919778704,0.14505665793549916,0.3525486634185115,1269.9754708019886,5.9753498319012,0.38,0.0005216411101567364,530.5213812892382,3328.6637712026977,0.0,nan
computed_torque,10.0,1.0,replay,126,"demo_00 +7.5,+7.5 deg",demo_00,0.05149150156043591,0.20455790903197124,5.043726582409388,0.0,True,1.11,False,2.703741046805265e-09,1.9999999999999998,True,0.3780804382373372,5.693833919778704,0.06640173274531191,0.27804837826256396,750.000005740441,5.882451885683475,1.11,7.026054108426267e-15,644.3191334309432,4786.288854750735,0.0,nan
computed_torque,10.0,1.0,esn,127,"demo_00 +7.5,+10 deg",,0.06481310870121687,0.08154903026493968,16.75565471361745,-0.7500000000000001,True,0.37,False,0.000521616861573226,2.0,True,1.0456041116979737,6.911025327211308,0.15129507738613499,0.41896545461465595,1539.5814871315995,7.206766270006378,0.37,0.0005216411101554212,577.7536977149382,4116.7412509268515,0.0,nan
computed_torque,10.0,1.0,replay,127,"demo_00 +7.5,+10 deg",demo_00,0.05868817242263167,0.2308413601366925,5.904956294456353,-0.010000000000000009,True,1.11,False,2.7037668867435054e-09,1.9999999999999998,True,0.45426629502137833,6.911025327211308,0.06573066564128494,0.3268715395947794,1000.0000057404657,6.722397988147797,1.11,7.026054108426267e-15,615.1380657297649,4548.991257467256,0.0,nan
computed_torque,10.0,1.0,esn,128,"demo_00 +7.5,+12.5 deg",,0.07611219758708339,0.09304544650192764,17.91831798509423,-0.7600000000000001,True,0.36,False,0.0005215952251475598,2.0,True,1.3014378199250252,8.178860971562937,0.15912213503200398,0.48442553891807383,1805.399428792571,8.443033658942102,0.36,0.0005216411101522472,618.3226046014929,4911.223130720459,0.0,nan
computed_torque,10.0,1.0,replay,128,"demo_00 +7.5,+12.5 deg",demo_00,0.06647235078119913,0.25436601681804544,6.890874575992796,-0.010000000000000009,True,1.11,False,2.703792934884965e-09,1.9999999999999998,True,0.5329552687407806,8.178860971562937,0.06516252942724073,0.38053733860028116,1250.0000057404905,7.623689495882706,1.11,7.026054108426267e-15,581.8824266630758,4307.184575235738,0.0,nan
computed_torque,10.0,1.0,esn,129,"demo_00 +7.5,+15 deg",,0.08743765052980727,0.10351494870544459,18.995541684627376,-0.78,True,0.35000000000000003,False,0.0005215735961787498,2.0,True,1.5889103011349208,9.37096411880275,0.1695567586206832,0.5491812311849898,2067.822003679022,9.682805043483045,0.35000000000000003,0.0005216411101482674,655.3410442961003,5735.572276091038,0.0,nan
computed_torque,10.0,1.0,replay,129,"demo_00 +7.5,+15 deg",demo_00,0.07467526606169417,0.27499112722698604,7.906635540420447,-0.020000000000000018,True,1.11,False,2.7038182650255312e-09,1.9999999999999998,True,0.6132836536865376,9.37096411880275,0.06544509678102277,0.4372663818202955,1500.0000057405152,8.567056778784085,1.11,7.026054108426267e-15,551.8116704691979,4071.876142571323,0.0,nan
computed_torque,10.0,1.0,esn,130,"demo_00 +10,-15 deg",,0.019600496461963757,0.08006295883620285,6.976954941054061,-0.55,True,0.53,False,0.000521785431010754,2.0,True,0.9924476469927861,4.769092664657462,0.2080998875001034,0.12188153345865088,387.3246256373285,2.2147382112555873,0.53,0.0005216411101873287,132.54055760788262,229.4221553128078,0.0,nan
computed_torque,10.0,1.0,replay,130,"demo_00 +10,-15 deg",demo_00,0.06283670205135901,0.24741703592992537,9.189375644064791,0.030000000000000027,True,1.11,False,2.703475664197951e-09,1.9999999999999998,True,0.42747170623718866,4.769092664657462,0.08963375977260271,0.469376312996093,1499.9999942598195,7.142120512502072,1.11,7.026054108426267e-15,949.3276189123543,9960.847277577635,0.0,nan
computed_torque,10.0,1.0,esn,131,"demo_00 +10,-12.5 deg",,0.013455907787907456,0.05748200918400675,7.282259807852675,-0.55,True,0.52,False,0.0005217733504034046,2.0,True,0.7956010772226628,3.582040881979665,0.22210831853570662,0.09009711102809786,241.6489325622019,1.5286907657340663,0.52,0.0005216411101817319,114.0022617966196,150.7468149951484,0.0,nan
computed_torque,10.0,1.0,replay,131,"demo_00 +10,-12.5 deg",demo_00,0.05757276647036778,0.22334692807736348,8.241843574704875,0.040000000000000036,True,1.11,False,2.7035010912638332e-09,1.9999999999999998,True,0.35489928110999236,3.582040881979665,0.09907739548574115,0.41711171954370296,1249.9999942597947,6.499737948975767,1.11,7.026054108426267e-15,962.2397574820026,10095.894790519824,0.0,nan
computed_torque,10.0,1.0,esn,132,"demo_00 +10,-10 deg",,0.009741669098552225,0.035827717019586806,7.962346865221397,-0.5800000000000001,True,0.49,False,0.0005217649676469989,2.0,True,0.5198748802746201,2.3436148542106263,0.2218260732306733,0.0705002529113159,116.77999656306288,1.1160210730581905,0.49,0.0005216411101796983,128.14761473029995,166.18246828493642,0.0,nan
computed_torque,10.0,1.0,replay,132,"demo_00 +10,-10 deg",demo_00,0.05317474947937337,0.2032507655805747,7.317827848742717,0.040000000000000036,True,1.11,False,2.703527333932935e-09,1.9999999999999998,True,0.2845557454490167,2.3436148542106263,0.12141745258943598,0.36888996989468414,999.9999942597702,5.963677353007215,1.11,7.026054108426267e-15,969.0798977301366,10146.629873351174,0.0,nan
computed_torque,10.0,1.0,esn,133,"demo_00 +10,-7.5 deg",,0.009434835634831796,0.017345599571425733,8.979769381436503,-0.6100000000000001,True,0.46,False,0.0005217436239817833,2.0,True,0.21055047134525537,1.094528654425864,0.19236634006233472,0.07112565752041895,179.50775934280858,1.1062677605213984,0.46,0.0005216411101765858,180.32324207564594,312.40270558821027,0.0,nan
computed_torque,10.0,1.0,replay,133,"demo_00 +10,-7.5 deg",demo_00,0.04988853148871694,0.1884458302195977,6.490111594254662,0.040000000000000036,True,1.11,False,2.7035528661503982e-09,1.9999999999999998,True,0.21780709871846582,1.094528654425864,0.19899625088638428,0.32650726351247206,999.9999851383719,5.566158011388055,1.11,7.026054108426267e-15,970.00450879112,10113.456524949168,0.0,nan
computed_torque,10.0,1.0,esn,134,"demo_00 +10,-5 deg",,0.012988429121841907,0.0018082341360692088,10.114082273942769,-0.6500000000000001,True,0.42,False,0.0005217242429811297,2.0,True,0.14676945288281704,0.16468781077512382,nan,0.09793548812394695,264.06360981725925,1.5203058418296784,0.42,0.0005216411101750116,252.82875742119623,622.1004977713774,0.0,nan
computed_torque,10.0,1.0,replay,134,"demo_00 +10,-5 deg",demo_00,0.04796207821240926,0.18026296433703076,5.802625445054872,0.040000000000000036,True,1.11,False,2.7035787028513233e-09,1.9999999999999998,True,0.16417331295869644,0.16468781077512382,nan,0.2925127968024791,999.9999851383719,5.339597273840349,1.11,7.026054108426267e-15,965.1929482761964,9999.043637747687,0.0,nan
computed_torque,10.0,1.0,esn,135,"demo_00 +10,-2.5 deg",,0.01930206712350569,0.013091975467051582,11.239184511967261,-0.68,True,0.39,False,0.0005216991466856737,2.0,True,0.40129385749671537,1.432586354651375,0.2801184418613087,0.1420079480300484,388.2774665705842,2.2176742057800185,0.39,0.0005216411101726916,322.4788291128512,1048.9617184230513,0.0,nan
computed_torque,10.0,1.0,replay,135,"demo_00 +10,-2.5 deg",demo_00,0.04758170226603838,0.17961086203169893,5.312628874623879,0.040000000000000036,True,1.11,False,2.7036045402881757e-09,1.9999999999999998,True,0.19781033232848688,1.432586354651375,0.13807916827228522,0.2700926496395533,999.9999851383719,5.307231775223757,1.11,7.026054108426267e-15,954.8469261838659,9808.147653548538,0.0,nan
computed_torque,10.0,1.0,esn,136,"demo_00 +10,+0 deg",,0.0275040908952901,0.02844772281221068,12.297962211510796,-0.7100000000000001,True,0.37,False,0.0005216714494006958,2.0,True,0.5722291536547712,2.686001826844875,0.21304123769973118,0.1954787147147818,623.0417131453255,3.1217780755861284,0.37,0.0005216411101692947,380.6450031837562,1529.5274023217312,0.0,nan
computed_torque,10.0,1.0,replay,136,"demo_00 +10,+0 deg",demo_00,0.04880560353833194,0.18654957715428588,5.056688497949284,0.030000000000000027,True,1.11,False,2.703630074687559e-09,1.9999999999999998,True,0.24338657002913908,2.686001826844875,0.09061295774137067,0.26223253500419136,999.9999851383719,5.473666951910609,1.11,7.026054108426267e-15,939.1899044973649,9547.41398114599,0.0,nan
computed_torque,10.0,1.0,esn,137,"demo_00 +10,+2.5 deg",,0.03689746815223269,0.04391441432029982,13.349368326445124,-0.7300000000000001,True,0.36,False,0.0005216434418463775,2.0,True,0.6699317916088952,3.9256849915608307,0.1706534765395259,0.253676477484655,873.1502473559144,4.150776787622793,0.36,0.0005216411101653663,425.68863114647473,2012.4089323294406,0.0,nan
computed_torque,10.0,1.0,replay,137,"demo_00 +10,+2.5 deg",demo_00,0.05154203212708743,0.20025537417738087,5.094844002023404,0.020000000000000018,True,1.11,False,2.703656017311636e-09,1.9999999999999998,True,0.29761576776534554,3.9256849915608307,0.07581244251771081,0.2702060794457389,999.9999851383719,5.8228764250649405,1.11,7.026054108426267e-15,918.4664340241463,9225.160143113217,0.0,nan
computed_torque,10.0,1.0,esn,138,"demo_00 +10,+5 deg",,0.04698660442834081,0.05879389137957334,14.464417681770843,-0.74,True,0.35000000000000003,False,0.0005216176870986471,2.0,True,0.8144845368170477,5.194264115654449,0.15680460575009228,0.3139600750169631,1128.6285179494857,5.2546290492922925,0.35000000000000003,0.0005216411101620655,460.21215233920736,2482.8267947231984,0.0,nan
computed_torque,10.0,1.0,replay,138,"demo_00 +10,+5 deg",demo_00,0.05559024224281156,0.21940696847300153,5.439393028922335,0.020000000000000018,True,1.11,False,2.7036821607409305e-09,1.9999999999999998,True,0.35960099232987625,5.194264115654449,0.06923040190546191,0.29272223737436043,999.9999851383719,6.325490430004757,1.11,7.026054108426267e-15,892.9414301923699,8851.143831772404,0.0,nan
computed_torque,10.0,1.0,esn,139,"demo_00 +10,+7.5 deg",,0.05748028949708308,0.07268121263596479,15.519725668572669,-0.76,True,0.34,False,0.0005215928983327445,1.9999999999999998,True,1.023893783764846,6.414062478601573,0.1596326489149012,0.375123426580355,1384.7653757430735,6.4036111255991734,0.34,0.0005216411101585744,488.0992556457872,2953.9717659815856,0.0,nan
computed_torque,10.0,1.0,replay,139,"demo_00 +10,+7.5 deg",demo_00,0.06070993827127858,0.24229932346407687,5.992941514748962,0.010000000000000009,True,1.11,False,2.703707034180919e-09,1.9999999999999998,True,0.42766120533727586,6.414062478601573,0.06667555964165113,0.32678869482705436,999.9999851383719,6.948975981638723,1.11,7.026054108426267e-15,862.8993896753865,8436.31923171417,0.0,nan
computed_torque,10.0,1.0,esn,140,"demo_00 +10,+10 deg",,0.06821468135560972,0.08539414550171592,16.576396025883657,-0.77,True,0.34,False,0.000521570894781431,1.9999999999999998,True,1.2496234871818535,7.617615021782961,0.16404392760837755,0.43670253350836247,1639.8576563545782,7.580563170025869,0.34,0.0005216411101551741,512.8072958687045,3448.9916826006133,0.0,nan
computed_torque,10.0,1.0,replay,140,"demo_00 +10,+10 deg",demo_00,0.06667548709307071,0.26545590235322436,6.716522914210258,0.0,True,1.11,False,2.7037329790124892e-09,1.9999999999999998,True,0.5000983064377519,7.617615021782961,0.06565024683023428,0.36922209279699025,1000.0000057404657,7.664428837118991,1.11,7.026054108426267e-15,828.6435498666912,7992.585106307769,0.0,nan
computed_torque,10.0,1.0,esn,141,"demo_00 +10,+12.5 deg",,0.07910152443430267,0.0968941936417876,17.634214809669544,-0.79,True,0.33,False,0.0005215472282121061,2.0,True,1.5419895559018417,8.804187100211541,0.1751427517782751,0.4985800104792837,1893.6775411220035,8.77581875289718,0.33,0.0005216411101505908,536.9400891301112,3991.3448066799324,0.0,nan
computed_torque,10.0,1.0,replay,141,"demo_00 +10,+12.5 deg",demo_00,0.0733004893406731,0.2862846321238864,7.556898859690409,-0.010000000000000009,True,1.11,False,2.7037589727511013e-09,1.9999999999999998,True,0.5756130199192981,8.804187100211541,0.06537946244980047,0.4174788814794268,1250.0000057404905,8.448935678604352,1.11,7.026054108426267e-15,790.4949933744357,7532.528246886438,0.0,nan
computed_torque,10.0,1.0,esn,142,"demo_00 +10,+15 deg",,0.09009274313698422,0.1072320033412093,18.69240889059541,-0.8,True,0.33,False,0.0005215279046134876,2.0,True,1.8209000586958968,9.97297993755837,0.18258334721384165,0.5607622154381087,2146.5477104883716,9.983757092088226,0.33,0.0005216411101474803,562.2166786904166,4600.532066697603,0.0,nan
computed_torque,10.0,1.0,replay,142,"demo_00 +10,+15 deg",demo_00,0.08044108074594686,0.3044720747250842,8.475263090725953,-0.020000000000000018,True,1.11,False,2.7037842558615e-09,1.9999999999999998,True,0.6532889941975817,9.97297993755837,0.06550589676183816,0.46976785658720843,1500.0000057405152,9.285324914840832,1.11,7.026054108426267e-15,748.791699846004,7069.1659445271125,0.0,nan
computed_torque,10.0,1.0,esn,143,"demo_00 +12.5,-15 deg",,0.014533245756114865,0.06029331832405335,6.403739843911309,-0.5700000000000001,True,0.49,False,0.0005217879099490417,2.0,True,0.997005249042755,3.9579765236116633,0.2518977166981742,0.09375293621474001,275.8723971423719,1.6483254729591883,0.49,0.0005216411101969186,109.36551930838678,146.0157750500935,0.0,nan
computed_torque,10.0,1.0,replay,143,"demo_00 +12.5,-15 deg",demo_00,0.07034437732725565,0.27271794903033103,10.106112608202837,0.050000000000000044,True,1.11,False,2.7034426212456517e-09,1.9999999999999998,True,0.41801107702234486,3.9579765236116633,0.10561231844824302,0.5081570953390661,1499.9999942598195,7.940391718494435,1.11,7.026054108426267e-15,1220.0712402327454,16081.074067672029,0.0,nan
computed_torque,10.0,1.0,esn,144,"demo_00 +12.5,-12.5 deg",,0.01011720081210331,0.037755799619636904,6.996291178929524,-0.5900000000000001,True,0.46,False,0.000521779281150281,2.0,True,0.7500557596916204,2.7596798603089296,0.27179085896132027,0.06794696665233971,131.5321984687258,1.1568849586716803,0.46,0.0005216411101938235,125.30429956996453,161.26154178985905,0.0,nan
computed_torque,10.0,1.0,replay,144,"demo_00 +12.5,-12.5 deg",demo_00,0.06646403092319661,0.25382011269937116,9.22913891184803,0.06000000000000005,True,1.11,False,2.70346789755877e-09,1.9999999999999998,True,0.3485442976855098,2.7596798603089296,0.12629881556134281,0.460316952677538,1249.9999942597947,7.452108088376746,1.11,7.026054108426267e-15,1226.7418208952613,16163.09764393154,0.0,nan
computed_torque,10.0,1.0,esn,145,"demo_00 +12.5,-10 deg",,0.009574410213582251,0.01924514660504464,7.929334897290429,-0.6200000000000001,True,0.43,False,0.0005217540862185331,2.0,True,0.382350477755886,1.516706683541626,0.2520925647027996,0.06520474974554825,172.4767971355141,1.1071230046647973,0.43,0.0005216411101892041,178.1448969945576,307.9931113532824,0.0,nan
computed_torque,10.0,1.0,replay,145,"demo_00 +12.5,-10 deg",demo_00,0.06335753259145713,0.2389716327865573,8.381276431070516,0.06000000000000005,True,1.11,False,2.703494293261319e-09,1.9999999999999998,True,0.28182121476524324,1.516706683541626,0.18581128297474708,0.4171202707020254,1249.9999851383982,7.065215244449679,1.11,7.026054108426267e-15,1227.425183031105,16128.320600463489,0.0,nan
computed_torque,10.0,1.0,esn,146,"demo_00 +12.5,-7.5 deg",,0.013081696582445559,0.005719504650390028,9.050869607043184,-0.66,True,0.39,False,0.000521725238076401,2.0,True,0.0751696812251483,0.26330498336686575,0.2854852204616787,0.0913301852602339,265.34602528824087,1.5145700023095194,0.39,0.0005216411101856511,259.73246196765615,662.2149679161795,0.0,nan
computed_torque,10.0,1.0,replay,146,"demo_00 +12.5,-7.5 deg",demo_00,0.06115976582318632,0.22898467174102163,7.637234044073415,0.06000000000000005,True,1.11,False,2.7035198266090645e-09,1.9999999999999998,True,0.2194616454508452,0.26330498336686575,0.8334883853871724,0.3801532631295342,1249.9999851383982,6.798331016086722,1.11,7.026054108426267e-15,1222.2895155517053,15980.035614815566,0.0,nan
computed_torque,10.0,1.0,esn,147,"demo_00 +12.5,-5 deg",,0.01826425005020374,0.0063259084860935585,10.107113459756697,-0.71,True,0.35000000000000003,False,0.0005216939012329298,2.0,True,0.3798936929623493,0.9911850700444864,0.38327221065315165,0.13151030254739726,347.5215573511512,2.1016517414476645,0.35000000000000003,0.0005216411101814998,328.93977738203745,1090.2047457557169,0.0,nan
computed_torque,10.0,1.0,replay,147,"demo_00 +12.5,-5 deg",demo_00,0.05998981682906681,0.2245161880214152,6.999437375439564,0.050000000000000044,True,1.11,False,2.7035453125094346e-09,1.9999999999999998,True,0.21933337395037766,0.9911850700444864,0.22128397670531247,0.35138760170905065,1249.9999851383982,6.66714897374103,1.11,7.026054108426267e-15,1211.5257121529517,15723.748802035534,0.0,nan
computed_torque,10.0,1.0,esn,148,"demo_00 +12.5,-2.5 deg",,0.024467467743666083,0.01956136045776574,11.156972336092203,-0.72,True,0.34,False,0.0005216549243216445,1.9999999999999998,True,0.6068064161202482,2.2526435050616405,0.26937525389914896,0.17614911379320342,539.4515259714625,2.7879570752680896,0.34,0.0005216411101758635,367.8169440772449,1411.2006679131634,0.0,nan
computed_torque,10.0,1.0,replay,148,"demo_00 +12.5,-2.5 deg",demo_00,0.059928951739567894,0.2258850187644624,6.575529718291055,0.050000000000000044,True,1.11,False,2.7035715030274484e-09,1.9999999999999998,True,0.25818932411470125,2.2526435050616405,0.1146161492195971,0.33295577744040533,1249.9999851383982,6.680883514014818,1.11,7.026054108426267e-15,1195.3468132659762,15366.985502534353,0.0,nan
computed_torque,10.0,1.0,esn,149,"demo_00 +12.5,+0 deg",,0.03210874247171319,0.034662723991884,12.148349514109642,-0.74,True,0.33,False,0.0005216225958392622,2.0,True,0.7373986685558702,3.4923037600663442,0.21114963623377986,0.22507146068118214,763.1779690911036,3.6237571399000177,0.33,0.0005216411101705805,386.4571693892992,1635.430685997419,0.0,nan
computed_torque,10.0,1.0,replay,149,"demo_00 +12.5,+0 deg",demo_00,0.06100296053814505,0.23296413093874074,6.3381359971369875,0.040000000000000036,True,1.11,False,2.70359688666539e-09,1.9999999999999998,True,0.30389869782350976,3.4923037600663442,0.08701954890021837,0.32661202175724396,1249.9999851383982,6.839799604515114,1.11,7.026054108426267e-15,1173.9873840865134,14919.076275192409,0.0,nan
computed_torque,10.0,1.0,esn,150,"demo_00 +12.5,+2.5 deg",,0.04100182628261949,0.050289155999223595,13.152984705576795,-0.76,True,0.32,False,0.0005215931626601787,1.9999999999999998,True,0.8362529468155883,4.7180863712175976,0.1772440945373741,0.2779962041027208,998.2935253037219,4.596187725564767,0.32,0.00052164111016645,396.169807179338,1831.8635019688713,0.0,nan
computed_torque,10.0,1.0,replay,150,"demo_00 +12.5,+2.5 deg",demo_00,0.06317737004379237,0.2452218809101614,6.339361827946,0.030000000000000027,True,1.11,False,2.7036229823290017e-09,1.9999999999999998,True,0.35665734305433544,4.7180863712175976,0.0755936443279424,0.33304779793757366,1249.9999851383982,7.135243931465769,1.11,7.026054108426267e-15,1147.7028302787828,14390.926185174323,0.0,nan
computed_torque,10.0,1.0,esn,151,"demo_00 +12.5,+5 deg",,0.05070924366760186,0.06522772137938862,14.175284739718297,-0.78,True,0.31,False,0.0005215646199757209,2.0,True,1.0299440887844662,5.929263764800514,0.1737052237242001,0.3338138295794531,1238.98861964971,5.660680901218976,0.31,0.0005216411101619934,403.3317344869179,2047.9106625594256,0.0,nan
computed_torque,10.0,1.0,replay,151,"demo_00 +12.5,+5 deg",demo_00,0.06636791484507096,0.2618723007110261,6.5739306439750385,0.020000000000000018,True,1.11,False,2.7036489268465905e-09,1.9999999999999998,True,0.41595131137995617,5.929263764800514,0.07015226980612331,0.3515619697792717,1249.9999851383982,7.5521437503743245,1.11,7.026054108426267e-15,1116.7686531091422,13794.770673914994,0.0,nan
computed_torque,10.0,1.0,esn,152,"demo_00 +12.5,+7.5 deg",,0.0608991393435999,0.0789296335342058,15.212482204475714,-0.79,True,0.31,False,0.0005215402078107325,2.0,True,1.2555741420809121,7.125109482887996,0.17621822444923255,0.39156273834361865,1482.208197961309,6.78126632702142,0.31,0.0005216411101581524,411.26729559957454,2310.4584620937403,0.0,nan
computed_torque,10.0,1.0,replay,152,"demo_00 +12.5,+7.5 deg",demo_00,0.07046052597232884,0.2816781837947278,7.013588262822793,0.010000000000000009,True,1.11,False,2.703674001448576e-09,1.9999999999999998,True,0.4807520664309052,7.125109482887996,0.06747293744545292,0.38039500707606516,1249.9999851383982,8.072528319772594,1.11,7.026054108426267e-15,1081.4796459198287,13143.92146051302,0.0,nan
computed_torque,10.0,1.0,esn,153,"demo_00 +12.5,+10 deg",,0.0713762727555688,0.0912772338314611,16.260611200991143,-0.8,True,0.31,False,0.0005215179290143416,2.0,True,1.5171550794010271,8.304952561329905,0.18268076406183337,0.45065551045714974,1726.7019937815,7.935900099958223,0.31,0.000521641110154399,421.8610450841089,2636.385183446828,0.0,nan
computed_torque,10.0,1.0,replay,153,"demo_00 +12.5,+10 deg",demo_00,0.07533188697238224,0.3016392990742046,7.618350651252462,0.0,True,1.11,False,2.7036998436838958e-09,1.9999999999999998,True,0.5499119239769614,8.304952561329905,0.06621493860633225,0.417414020070025,1249.9999851383982,8.678521929638801,1.11,7.026054108426267e-15,1042.1490340036164,12452.506047509038,0.0,nan
computed_torque,10.0,1.0,esn,154,"demo_00 +12.5,+12.5 deg",,0.08203183355660218,0.1023112210966314,17.31591176466198,-0.8,True,0.32,False,0.0005215037925520099,1.9999999999999998,True,1.747651788573471,9.467983691238246,0.18458542447541004,0.5107578288460473,1972.0690372346387,9.111801180227994,0.32,0.0005216411101495019,436.12954025313695,3036.947468825591,0.0,nan
computed_torque,10.0,1.0,replay,154,"demo_00 +12.5,+12.5 deg",demo_00,0.08086446622401833,0.3195145962852166,8.34818463312877,-0.010000000000000009,True,1.11,False,2.703725942311809e-09,1.9999999999999998,True,0.6223991099787102,9.467983691238246,0.06573723934005968,0.4606496790652771,1250.0000057404905,9.35412297199884,1.11,7.026054108426267e-15,999.1075600857946,11735.204488306268,0.0,nan
computed_torque,10.0,1.0,esn,155,"demo_00 +12.5,+15 deg",,0.09280267521398322,0.11216220210937766,18.375014707628825,-0.81,True,0.32,False,0.0005214856274587063,1.9999999999999998,True,2.043624232380272,10.613412350526854,0.19255110089817867,0.5716624289776632,2218.188039059084,10.301280981608931,0.32,0.0005216411101457365,454.50015255800724,3519.9271131463966,0.0,nan
computed_torque,10.0,1.0,replay,155,"demo_00 +12.5,+15 deg",demo_00,0.08695461393662722,0.3349958110944993,9.16936103112912,-0.020000000000000018,True,1.11,False,2.70375122653978e-09,1.9999999999999998,True,0.697392687214555,10.613412350526854,0.06570862076982585,0.5085187798146398,1500.0000057405152,10.085884866651078,1.11,7.026054108426267e-15,952.7025177601627,11006.987117276134,0.0,nan
computed_torque,10.0,1.0,esn,156,"demo_00 +15,-15 deg",,0.011010793004437226,0.03953897994885981,6.114583536380094,-0.6200000000000001,True,0.42,False,0.0005217974983080659,2.0,True,0.9457835094002081,3.0830208578634846,0.3067716869277461,0.06960165499889127,154.33325407241855,1.2557603214829616,0.42,0.0005216411102131237,127.95074380196888,171.72632836884847,0.0,nan
computed_torque,10.0,1.0,replay,156,"demo_00 +15,-15 deg",demo_00,0.0797503752692514,0.3042250420217045,11.122429426557595,0.07000000000000006,True,1.11,False,2.7034093244800393e-09,1.9999999999999998,True,0.41070922667601517,3.0830208578634846,0.13321649304722324,0.5518719994839102,1499.9999942598195,8.93888040150361,1.11,7.026054108426267e-15,1490.814861553136,23739.51555178182,0.0,nan
computed_torque,10.0,1.0,esn,157,"demo_00 +15,-12.5 deg",,0.00897957233554057,0.02174830666608412,6.871069832143572,-0.64,True,0.39,False,0.0005217726048464475,2.0,True,0.578975174656854,1.8724277575672243,0.3092109547708772,0.0598683015266643,148.1520541065651,1.0351734642317798,0.39,0.0005216411102026778,158.49235279570306,246.2692874150835,0.0,nan
computed_torque,10.0,1.0,replay,157,"demo_00 +15,-12.5 deg",demo_00,0.07689225374486262,0.28958755739687336,10.311373026947983,0.08000000000000007,True,1.11,False,2.7034347056105704e-09,1.9999999999999998,True,0.34426721304469365,1.8724277575672243,0.18386141289209856,0.5081641144288597,1499.9999851384246,8.5701937085435,1.11,7.026054108426267e-15,1491.2438843085197,23705.42035098941,0.0,nan
computed_torque,10.0,1.0,esn,158,"demo_00 +15,-10 deg",,0.010899274977619226,0.008064141984948,7.830880204432881,-0.67,True,0.36,False,0.0005217334219429489,2.0,True,0.16534326937987692,0.6247274958728081,0.2646646265326861,0.0762003831379483,217.46110244343924,1.2592573203710744,0.36,0.0005216411101952189,217.45083875343056,464.4577750055838,0.0,nan
computed_torque,10.0,1.0,replay,158,"demo_00 +15,-10 deg",demo_00,0.07465478203290223,0.2786982934892711,9.529557144497975,0.08000000000000007,True,1.11,False,2.7034611024728e-09,1.9999999999999998,True,0.2810355688591667,0.6247274958728081,0.44985304907467116,0.46939151089624925,1499.9999851384246,8.289140999118512,1.11,7.026054108426267e-15,1485.7704683320733,23524.510906262985,0.0,nan
computed_torque,10.0,1.0,esn,159,"demo_00 +15,-7.5 deg",,0.015434837090637947,0.003160186485975097,8.839557201635941,-0.71,True,0.33,False,0.0005216888549952494,2.0,True,0.2811880887212335,0.6276785256171862,0.44798105597884813,0.11114113020395001,295.994875802493,1.7716229553677083,0.33,0.000521641110188132,284.328798936813,815.711775212144,0.0,nan
computed_torque,10.0,1.0,replay,159,"demo_00 +15,-7.5 deg",demo_00,0.07311221524778835,0.27201844722455426,8.811450361140977,0.07000000000000006,True,1.11,False,2.7034865887781327e-09,1.9999999999999998,True,0.2491428593156862,0.6276785256171862,0.3969274862011697,0.43687020239307406,1499.9999851384246,8.106044822799928,1.11,7.026054108426267e-15,1474.5745223122908,23202.97609520866,0.0,nan
computed_torque,10.0,1.0,esn,160,"demo_00 +15,-5 deg",,0.020921506018275957,0.014752662297065212,9.876249417323475,-0.73,True,0.31,False,0.0005216429021483335,2.0,True,0.5964009378441469,1.8845069184258154,0.3164758547781498,0.15195763191344636,459.32213845303767,2.3827778427046917,0.31,0.0005216411101820038,325.1970066906669,1102.9299402240927,0.0,nan
computed_torque,10.0,1.0,replay,160,"demo_00 +15,-5 deg",demo_00,0.07232844952082051,0.2698585690040908,8.27082426292201,0.07000000000000006,True,1.11,False,2.7035123240357016e-09,1.9999999999999998,True,0.279753565283719,1.8845069184258154,0.14844921106334033,0.41208290052581775,1499.9999851384246,8.028810031049126,1.11,7.026054108426267e-15,1457.8584760297067,22749.157259756452,0.0,nan
computed_torque,10.0,1.0,esn,161,"demo_00 +15,-2.5 deg",,0.027464817837407122,0.02878390475740403,10.85327823957273,-0.75,True,0.3,False,0.0005216022203804009,2.0000000000000004,True,0.7824579493013475,3.1231814216714904,0.250532339835252,0.19540571549055116,660.8043196695407,3.1032108824598423,0.3,0.0005216411101762715,334.43834313200864,1222.954747677825,0.0,nan
computed_torque,10.0,1.0,replay,161,"demo_00 +15,-2.5 deg",demo_00,0.07234949753497615,0.2723112085196567,7.854496032597218,0.06000000000000005,True,1.11,False,2.70353816374668e-09,1.9999999999999998,True,0.31962313799968467,3.1231814216714904,0.10233895981253181,0.39648281173573896,1499.9999851384246,8.061659162621249,1.11,7.026054108426267e-15,1435.8467003480862,22173.33761447853,0.0,nan
computed_torque,10.0,1.0,esn,162,"demo_00 +15,+0 deg",,0.035425859128010925,0.04430578064704925,11.842927463734872,-0.77,True,0.29,False,0.0005215663803197906,2.0,True,0.8865669286748723,4.348695644200389,0.20386962004509024,0.24291611842141503,876.7169610227725,3.9774210971597737,0.29,0.0005216411101703816,328.0118225529816,1267.8546578515818,0.0,nan
computed_torque,10.0,1.0,replay,162,"demo_00 +15,+0 deg",demo_00,0.07319762176933722,0.279227775777908,7.627058198464923,0.050000000000000044,True,1.11,False,2.7035635966680396e-09,1.9999999999999998,True,0.36529753523079617,4.348695644200389,0.08400163293054848,0.3911706571654971,1499.9999851384246,8.204410100611014,1.11,7.026054108426267e-15,1408.7848636756619,21487.513354275994,0.0,nan
computed_torque,10.0,1.0,esn,163,"demo_00 +15,+2.5 deg",,0.044502277691144856,0.05970963593698018,12.79877065716903,-0.79,True,0.29,False,0.0005215365461701519,2.0,True,1.031132844999459,5.513385272396162,0.18702354253420791,0.2944850575754027,1102.3348935943886,4.976693804802769,0.29,0.000521641110166052,318.7444709722699,1330.7779397052518,0.0,nan
computed_torque,10.0,1.0,replay,163,"demo_00 +15,+2.5 deg",demo_00,0.07486892231784459,0.29025128907832787,7.5660782553069765,0.030000000000000027,True,1.11,False,2.703589645313404e-09,1.9999999999999998,True,0.4169006259660651,5.513385272396162,0.07561608800555973,0.39656009126234537,1499.9999851384246,8.452582021330329,1.11,7.026054108426267e-15,1376.9392265334193,20705.14966886387,0.0,nan
computed_torque,10.0,1.0,esn,164,"demo_00 +15,+5 deg",,0.05426051517679496,0.07395014937504427,13.831916765414794,-0.8,True,0.29,False,0.0005215099214902527,2.0,True,1.2490383119798614,6.700443578972736,0.18641128714217978,0.34912460750985086,1333.8949205700308,6.054470777088558,0.29,0.0005216411101613057,312.28349196014335,1450.9421757452571,0.0,nan
computed_torque,10.0,1.0,replay,164,"demo_00 +15,+5 deg",demo_00,0.07733512375410856,0.30486606173348885,7.738206871743493,0.020000000000000018,True,1.11,False,2.7036158391980135e-09,1.9999999999999998,True,0.47413374666583635,6.700443578972736,0.07076154601969309,0.4122315961519858,1499.9999851384246,8.79827866311867,1.11,7.026054108426267e-15,1340.5958760259145,19840.925054508964,0.0,nan
computed_torque,10.0,1.0,esn,165,"demo_00 +15,+7.5 deg",,0.06440761721312888,0.08676764390608106,14.882004354873093,-0.8,True,0.3,False,0.0005214926085299228,2.0000000000000004,True,1.4627925141607625,7.872313936761244,0.1858148094590053,0.4059164062723879,1569.169709371383,7.177924141210824,0.3,0.0005216411101561703,310.6742884236993,1640.5046029917548,0.0,nan
computed_torque,10.0,1.0,replay,165,"demo_00 +15,+7.5 deg",demo_00,0.08054884234739856,0.32194419561350923,8.091250905987525,0.010000000000000009,True,1.11,False,2.7036407148301566e-09,1.9999999999999998,True,0.5363420481971515,7.872313936761244,0.06813016509575436,0.4370805780166082,1499.9999851384246,9.23149803469685,1.11,7.026054108426267e-15,1300.059902164271,18910.46745941176,0.0,nan
computed_torque,10.0,1.0,esn,166,"demo_00 +15,+10 deg",,0.0747783691275464,0.09819144706334543,15.943155511604783,-0.81,True,0.3,False,0.000521471304847734,2.0000000000000004,True,1.7479860023505376,9.028289614813424,0.19361208788456225,0.46424138392334957,1806.9903055266818,8.32789614417696,0.3,0.0005216411101517893,314.57048394515596,1903.1180055682828,0.0,nan
computed_torque,10.0,1.0,replay,166,"demo_00 +15,+10 deg",demo_00,0.08445058994343167,0.3386837779852967,8.598809820317761,0.0,True,1.11,False,2.7036665581975925e-09,1.9999999999999998,True,0.6027233270933445,9.028289614813424,0.06675941433075087,0.46965256777957864,1499.9999851384246,9.741442544717573,1.11,7.026054108426267e-15,1255.654518140542,17930.085906297096,0.0,nan
computed_torque,10.0,1.0,esn,167,"demo_00 +15,+12.5 deg",,0.08528211108081944,0.10836864884316082,17.01052873688745,-0.81,True,0.31,False,0.0005214604085559942,2.0,True,1.9894219139032305,10.167635263933715,0.19566220288802444,0.5237099143197416,2046.7402778623598,9.493501852979998,0.31,0.0005216411101477461,349.74754274980637,2240.6759021971525,0.0,nan
computed_torque,10.0,1.0,replay,167,"demo_00 +15,+12.5 deg",demo_00,0.08897565834247564,0.35343102616021976,9.231513011682361,-0.010000000000000009,True,1.11,False,2.703692609813783e-09,1.9999999999999998,True,0.6724851988214626,10.167635263933715,0.06613978386959639,0.5084655318641333,1499.9999851384246,10.317538682804337,1.11,7.026054108426267e-15,1207.7201267971536,16916.501302895387,0.0,nan
computed_torque,10.0,1.0,esn,168,"demo_00 +15,+15 deg",,0.09586764646149905,0.1174714271914028,18.08031324234667,-0.81,True,0.32,False,0.0005214522955789146,1.9999999999999998,True,2.229555131382803,11.289608751464488,0.19748736917863383,0.5840717985588034,2288.0576025262217,10.668358387619797,0.32,0.000521641110143341,392.0585617834833,2655.3880404416027,0.0,nan
computed_torque,10.0,1.0,replay,168,"demo_00 +15,+15 deg",demo_00,0.09405963465765571,0.3660319801854146,9.961859687736863,-0.020000000000000018,True,1.11,False,2.7037179989143184e-09,1.9999999999999998,True,0.7449272326172685,11.289608751464488,0.06598344096916879,0.5522050522180167,1500.0000057405152,10.950073161428707,1.11,7.026054108426267e-15,1156.6133356743212,15886.580177167783,0.0,nan
pd,10.0,1.0,esn,0,demo_00,,0.0011904913679727672,0.007281779250118453,5.37040064426975,0.16999999999999993,True,1.28,True,0.00046585596412309537,2.0,False,0.18229676325706398,0.0,nan,0.18240356470095478,55.38034312866251,0.7401553822516448,1.68,0.0005214834855168673,24.125570438842015,7.881144883583612,0.0,nan
pd,10.0,1.0,replay,0,demo_00,demo_00,3.188829988748285e-10,0.0061569278793411905,0.42888257752102893,-0.050000000000000044,True,1.06,False,1.7670806047307992e-07,2.0,True,0.12241700640312811,0.0,nan,0.2314834442440297,52.13113668892076,0.9106549484366454,1.06,7.547845170246429e-13,3.14184602006113,4.256529402954516,0.0,nan
pd,10.0,1.0,esn,1,"demo_00 -15,-15 deg",,0.04531442211966247,0.08332519153916068,16.328690697488316,-0.5499999999999999,True,0.62,True,0.0004314261160944228,2.0,False,5.384232655645091,10.762550191362198,0.5002748010379887,1.3246625508370382,1991.963187667075,6.1739023982980505,1.1500000000000001,0.0005214575184894367,867.7672524345738,7127.997441275777,0.0,nan
pd,10.0,1.0,replay,1,"demo_00 -15,-15 deg",demo_00,0.0411073877224976,0.13413868104415,9.26552856140611,-0.10999999999999988,True,1.06,False,1.7696646366699454e-07,2.0,True,1.5774450926698145,10.762550191362198,0.1465679661996689,1.2463983933653324,1500.0000148619056,5.656397759975638,1.06,7.558881775694469e-13,653.4512784209574,4193.975260515605,0.0,nan
pd,10.0,1.0,esn,2,"demo_00 -15,-12.5 deg",,0.04308393922586706,0.07232112212309168,15.847681959412565,-0.5199999999999999,True,0.65,True,0.00043453468310032504,2.0,False,4.7994521399902155,9.73889307555764,0.4928129000651753,1.1904231070723563,1902.93263507327,5.82381589670698,1.16,0.0005214257535662432,828.9825005448863,6483.4788159796,0.0,nan
pd,10.0,1.0,replay,2,"demo_00 -15,-12.5 deg",demo_00,0.03937484904650503,0.11933358719919111,8.63839334599794,-0.10999999999999988,True,1.06,False,1.7697071166918844e-07,2.0,True,1.4374158695767727,9.73889307555764,0.14759540518874295,1.1358507104694686,1500.0000148619056,5.352316313447195,1.06,7.558881775694469e-13,653.4512784209574,4155.026545704506,0.0,nan
pd,10.0,1.0,esn,3,"demo_00 -15,-10 deg",,0.040369544823582876,0.05980342270849429,15.257555431452847,-0.47999999999999987,True,0.68,True,0.0004399839190372055,2.0,False,4.178840250238186,8.852111935220934,0.47207268511950745,1.0530230683910982,1791.4047827979016,5.414123810423797,1.18,0.0005213866041322346,780.3971559270113,5729.576091886394,0.0,nan
pd,10.0,1.0,replay,3,"demo_00 -15,-10 deg",demo_00,0.03778421578872888,0.10319178026676448,8.139811407288333,-0.09999999999999987,True,1.06,False,1.7697582442302989e-07,2.0,True,1.3078997619113182,8.852111935220934,0.1477500252462267,1.0312279046089765,1500.0000148619056,5.070980812646049,1.06,7.558881775694469e-13,653.4512784209574,4121.624202591647,0.0,nan
pd,10.0,1.0,esn,4,"demo_00 -15,-7.5 deg",,0.037230494924876255,0.0470906414784356,14.26329125958747,-0.42999999999999994,True,0.73,True,0.0004431611632765544,2.0,False,3.3993339773501288,7.972485786834196,0.4263831969401321,0.9151898100249563,1661.6999349077173,4.951256314478366,1.21,0.0005213352946047485,723.8932907060234,4921.746760334108,0.0,nan
pd,10.0,1.0,replay,4,"demo_00 -15,-7.5 deg",demo_00,0.03634066027803175,0.08578224030880288,7.7211359237305714,-0.09999999999999987,True,1.06,False,1.7698180086130922e-07,2.0,True,1.195474726929542,7.972485786834196,0.1499500606076658,0.9351863278639607,1500.0000148619056,4.81594427631226,1.06,7.558881775694469e-13,653.4512784209574,4093.6628301819414,0.0,nan
pd,10.0,1.0,esn,5,"demo_00 -15,-5 deg",,0.03372805782564073,0.03516935647816401,12.318419275469632,-0.34999999999999987,True,0.81,True,0.0004501665910407902,2.0,False,2.5121358149685933,7.20764547919915,0.34853764966915657,0.7844452308452537,1516.556182229292,4.444830787532589,1.27,0.0005212389427480665,660.6637108374765,4100.634475987358,0.0,nan
pd,10.0,1.0,replay,5,"demo_00 -15,-5 deg",demo_00,0.03505106296440852,0.06724467849957916,7.440631374626844,-0.09999999999999987,True,1.06,False,1.7698864335017094e-07,2.0,True,1.113838871088912,7.20764547919915,0.15453574600795597,0.8512577358221733,1500.0000148619056,4.591364360600457,1.06,7.558881775694469e-13,653.4512784209574,4071.050404364944,0.0,nan
pd,10.0,1.0,esn,6,"demo_00 -15,-2.5 deg",,0.029865609907267294,0.03512344573919032,8.69436087409688,-0.16000000000000014,True,0.99,True,0.0004582886100496181,2.0,False,1.6571172968466616,6.644371103904945,0.24940167713882835,0.6696168658711787,1355.0740729538597,3.899706625723166,1.41,0.0005210669539014789,590.3165843690425,3277.29143981713,0.0,nan
pd,10.0,1.0,replay,6,"demo_00 -15,-2.5 deg",demo_00,0.03392415190466784,0.0478045265149585,7.347401935048045,-0.09000000000000008,True,1.06,False,1.7699634612351375e-07,2.0,True,1.0592959709802663,6.644371103904945,0.15942757477193145,0.7838951674783543,1500.0000148619056,4.401920647133552,1.06,7.558881775694469e-13,653.4512784209574,4053.7087744075743,0.0,nan
pd,10.0,1.0,esn,7,"demo_00 -15,+0 deg",,0.025850323265435897,0.026365056489336396,6.727362507814265,0.039999999999999813,True,1.19,True,0.0004616289572644749,2.0,False,1.2140075297500001,6.199678792285735,0.19581781095830167,0.5641937560901887,1186.4700153141223,3.3487085418980693,1.59,0.0005211723608740099,516.866893755679,2510.1368746070543,0.0,nan
pd,10.0,1.0,replay,7,"demo_00 -15,+0 deg",demo_00,0.032970560203139584,0.027868431150494036,7.389482079259943,-0.09000000000000008,True,1.06,False,1.7700490543218052e-07,2.0,True,1.02396291502104,6.199678792285735,0.16516386563367733,0.7380998902856911,1500.0000148619056,4.252599484556509,1.06,7.558881775694469e-13,653.4512784209574,4041.574290823867,0.0,nan
pd,10.0,1.0,esn,8,"demo_00 -15,+2.5 deg",,0.022191707053096227,0.01442213705560512,7.218802633247669,0.1499999999999999,True,1.3,True,0.00046391175825024017,2.0,False,1.1275507793550918,5.961964530068546,0.18912403347393414,0.483499965940786,1034.1604681984365,2.8631203091401716,1.7,0.0005215531278571259,450.5156488941085,1899.628598508872,0.0,nan
pd,10.0,1.0,replay,8,"demo_00 -15,+2.5 deg",demo_00,0.032202754687471434,0.01978609427699157,7.597764698481784,-0.09000000000000008,True,1.06,False,1.770143135901888e-07,2.0,True,1.012908424939262,5.961964530068546,0.16989507734082682,0.7183294211698599,1500.0000148619056,4.14831765651435,1.06,7.558881775694469e-13,653.4512784209574,4034.5985489284576,0.0,nan
pd,10.0,1.0,esn,9,"demo_00 -15,+5 deg",,0.019582698364998142,0.022647742268030967,7.905960633685262,0.20999999999999996,True,1.36,True,0.00046322720272946703,1.9999999999999998,False,1.2076927759179241,6.177549531491353,0.19549706072957523,0.45016317552392204,928.6025922424736,2.53543956953397,1.76,0.0005218661373124773,404.53103002250475,1523.3210421660544,0.0,nan
pd,10.0,1.0,replay,9,"demo_00 -15,+5 deg",demo_00,0.031634788241663214,0.03358388433296527,7.961157914692775,-0.09000000000000008,True,1.06,False,1.770245611923019e-07,2.0,True,1.0305660258457296,6.177549531491353,0.1668244051451475,0.726883146604734,1500.0000148619056,4.093402590778894,1.06,7.558881775694469e-13,653.4512784209574,4032.7492214725094,0.0,nan
pd,10.0,1.0,esn,10,"demo_00 -15,+7.5 deg",,0.01873583889513508,0.04237304343844382,8.509618429591038,0.22999999999999998,True,1.3800000000000001,True,0.00046392028216484503,1.9999999999999998,False,1.289950338262847,6.916481093223364,0.18650384796493052,0.47647335283485537,898.98667021817,2.458617017494215,1.78,0.0005220137370172302,391.62932207806983,1423.3973605690921,0.0,nan
pd,10.0,1.0,replay,10,"demo_00 -15,+7.5 deg",demo_00,0.03128184076797257,0.051658844996692675,8.461519579291139,-0.09000000000000008,True,1.06,False,1.7703564025414182e-07,2.0,True,1.0795674360244052,6.916481093223364,0.15608622672042646,0.7628356738912432,1500.0000148619056,4.091020396162017,1.06,7.558881775694469e-13,653.4512784209574,4036.010939887575,0.0,nan
pd,10.0,1.0,esn,11,"demo_00 -15,+10 deg",,0.01992425885719485,0.06518788613565224,8.96433855887913,0.20999999999999996,True,1.36,True,0.00046412854398836435,1.9999999999999998,False,1.3456394098255307,7.80203127141555,0.17247295774826937,0.5610261033643065,955.5668888627132,2.6697218417386885,1.76,0.0005218835743559914,416.2775993049322,1610.7627070034744,0.0,nan
pd,10.0,1.0,replay,11,"demo_00 -15,+10 deg",demo_00,0.031159544330470947,0.07163865173482516,9.077917678102885,-0.09000000000000008,True,1.06,False,1.7704754038630535e-07,2.0,True,1.159861284011237,7.80203127141555,0.14866145028931668,0.8225000109929983,1500.0000148619056,4.142708103028857,1.06,7.561089608896567e-13,653.4512784209574,4044.386166375862,0.0,nan
pd,10.0,1.0,esn,12,"demo_00 -15,+12.5 deg",,0.022688771435477,0.08714209070463855,9.252997027290078,0.10000000000000009,True,1.26,True,0.0004635147018604187,2.0,False,1.4779736526947969,8.723299870928011,0.16942827537322358,0.6896350052077947,1081.8313809336892,3.1088359532210617,1.6600000000000001,0.0005213813562268638,471.282727935246,2072.5747343815738,0.0,nan
pd,10.0,1.0,replay,12,"demo_00 -15,+12.5 deg",demo_00,0.031283135325395166,0.0920845643845508,9.748463274434092,-0.09999999999999987,True,1.06,False,1.770602508277547e-07,2.0,True,1.2674621482882786,8.723299870928011,0.14529618000549627,0.9009703497270743,1500.0000148619056,4.248167903309434,1.06,7.561102079778039e-13,653.4512784209574,4057.89597815664,0.0,nan
pd,10.0,1.0,esn,13,"demo_00 -15,+15 deg",,0.026065294982599577,0.10538762367176488,11.418386769792852,-0.08999999999999986,True,1.07,True,0.0004626344360362303,2.0,False,1.8691813408192846,9.790680141901253,0.19091435055872513,0.8389782972203909,1239.0312041653424,3.651372925003707,1.48,0.0005210583000116018,539.764344228916,2726.3933107185057,0.0,nan
pd,10.0,1.0,replay,13,"demo_00 -15,+15 deg",demo_00,0.03166652921691033,0.11227621280141295,10.535025143085779,-0.09999999999999987,True,1.06,False,1.7707376261437555e-07,2.0,True,1.3987383193559826,9.790680141901253,0.1428642646969735,0.99351091403256,1500.0000148619056,4.405393988480459,1.06,7.563335014114699e-13,653.4512784209574,4076.580660786934,0.0,nan
pd,10.0,1.0,esn,14,"demo_00 -12.5,-15 deg",,0.040260913582162695,0.06033951482163248,14.730998732344522,-0.5099999999999999,True,0.65,True,0.00043151275596332313,2.0,False,4.582442017154405,10.180198083558139,0.4501328932445261,1.1541795852779533,1752.7200316239687,5.506510361060103,1.16,0.0005214397277515704,763.5447560206485,5525.694554646112,0.0,nan
pd,10.0,1.0,replay,14,"demo_00 -12.5,-15 deg",demo_00,0.03683379882938222,0.14602290646673366,8.511880547997523,-0.09999999999999987,True,1.06,False,1.76894947197821e-07,2.0,True,1.414238138966008,10.180198083558139,0.1389204932318674,1.1059168584526753,1499.9999942598195,5.105685082012799,1.06,7.556648993484434e-13,544.5427330965115,2945.0704367228514,0.0,nan
pd,10.0,1.0,esn,15,"demo_00 -12.5,-12.5 deg",,0.03792874383814558,0.050628687005417866,14.196811704819835,-0.47999999999999987,True,0.68,True,0.00043488383420186915,2.0,False,4.005032496147562,9.077758779604899,0.4411917735846554,1.0250738172740972,1661.623960189913,5.143513393459121,1.17,0.0005214085439373672,723.8601935220336,4949.0617815174965,0.0,nan
pd,10.0,1.0,replay,15,"demo_00 -12.5,-12.5 deg",demo_00,0.034793263138842935,0.12975670434286501,7.7784547342733,-0.09999999999999987,True,1.06,False,1.76901011569698e-07,2.0,True,1.267731942948316,9.077758779604899,0.13965252588519353,0.9959951868853588,1250.0000148618783,4.765950106390303,1.06,7.558881775694469e-13,544.5427330965115,2908.6809893990117,0.0,nan
pd,10.0,1.0,esn,16,"demo_00 -12.5,-10 deg",,0.03509620064329984,0.03972886340311445,13.446978616470538,-0.44999999999999996,True,0.71,True,0.0004406703733620823,2.0,False,3.3701337130512528,8.032024963473367,0.41958705661117285,0.893581778842268,1546.3663870459613,4.719563469429042,1.19,0.0005213690338232612,673.6500550071044,4274.915053248793,0.0,nan
pd,10.0,1.0,replay,16,"demo_00 -12.5,-10 deg",demo_00,0.03292083996150776,0.11200103834914513,7.136202252214522,-0.09999999999999987,True,1.06,False,1.7690789464507948e-07,2.0,True,1.128724838256069,8.032024963473367,0.14052805405723784,0.8915827147720837,1250.0000148618783,4.45051853956374,1.06,7.558881775694469e-13,544.5427330965115,2877.8448009981744,0.0,nan
pd,10.0,1.0,esn,17,"demo_00 -12.5,-7.5 deg",,0.0317752239481493,0.038373288745882285,12.106136770638525,-0.3800000000000001,True,0.77,True,0.00044641105326476957,2.0,False,2.562608863947314,7.126269995158935,0.35960030502467105,0.763624985515594,1409.0537196487812,4.234807487888213,1.23,0.0005212997762104219,613.8319635637255,3546.3599525500726,0.0,nan
pd,10.0,1.0,replay,17,"demo_00 -12.5,-7.5 deg",demo_00,0.03123241328717031,0.09283028610724911,6.642062040435419,-0.09000000000000008,True,1.06,False,1.7691560150522088e-07,2.0,True,1.002043347753019,7.126269995158935,0.14061259935895412,0.7955687238563689,1250.0000148618783,4.16450332260824,1.06,7.558881775694469e-13,544.5427330965115,2852.468500347784,0.0,nan
pd,10.0,1.0,esn,18,"demo_00 -12.5,-5 deg",,0.028015432646377195,0.04900506609235531,8.986399339217245,-0.2400000000000001,True,0.91,True,0.0004559693371025,2.0,False,1.6849425048907514,6.269358219504453,0.26875837141491876,0.6453418217016791,1251.8895928986808,3.697622065605502,1.34,0.0005211370772297822,545.3658978775719,2802.4704415122683,0.0,nan
pd,10.0,1.0,replay,18,"demo_00 -12.5,-5 deg",demo_00,0.029747571218087437,0.0723698842501831,6.270903566669191,-0.09000000000000008,True,1.06,False,1.769241329144679e-07,2.0,True,0.8960688597529001,6.269358219504453,0.14292832350290038,0.712036815345652,1250.0000148618783,3.914172748295798,1.06,7.558881775694469e-13,544.5427330965115,2832.4711805882266,0.0,nan
pd,10.0,1.0,esn,19,"demo_00 -12.5,-2.5 deg",,0.02390701152705783,0.045579341301656896,5.880115579526874,-0.030000000000000027,True,1.12,True,0.00046220566043825425,2.0,False,1.1273412070712694,5.569025933559436,0.20243059029009236,0.5331001135231497,1078.4107189874385,3.1253351674993013,1.53,0.0005210812426305659,469.79257066879484,2079.915735973132,0.0,nan
pd,10.0,1.0,replay,19,"demo_00 -12.5,-2.5 deg",demo_00,0.028489438719689564,0.050883138702245895,6.08368775143594,-0.09000000000000008,True,1.06,False,1.7693348773839682e-07,2.0,True,0.8308416881365839,5.569025933559436,0.14918976820162738,0.6464499677593414,1250.0000148618783,3.7068477254879495,1.06,7.558881775694469e-13,544.5427330965115,2817.784741234368,0.0,nan
pd,10.0,1.0,esn,20,"demo_00 -12.5,+0 deg",,0.019824031437547733,0.029320087407062337,6.097755773360611,0.10999999999999988,True,1.26,True,0.0004654087254571555,2.0,False,0.9202674121729768,5.069712412845691,0.18152260665539796,0.43250140864755016,906.2438672898418,2.572477538864263,1.67,0.0005214062299687667,394.79080518290397,1463.9615929951058,0.0,nan
pd,10.0,1.0,replay,20,"demo_00 -12.5,+0 deg",demo_00,0.027483919815996537,0.02881623381324072,6.099873048511336,-0.09000000000000008,True,1.06,False,1.7694366441774156e-07,2.0,True,0.8052163249366657,5.069712412845691,0.1588287972501951,0.6051631487415385,1250.0000148618783,3.5504596451506374,1.06,7.558881775694469e-13,544.5427330965115,2808.3543193392443,0.0,nan
pd,10.0,1.0,esn,21,"demo_00 -12.5,+2.5 deg",,0.01645352426641782,0.00803555631184495,6.927520096515626,0.18999999999999995,True,1.34,True,0.0004646865487865255,1.9999999999999998,False,0.9852669640464947,4.811325794731997,0.2047807623265256,0.3692266436182897,766.8935523767235,2.1310435679207687,1.74,0.000521775164909748,334.08504483214574,1041.2191790599163,0.0,nan
pd,10.0,1.0,replay,21,"demo_00 -12.5,+2.5 deg",demo_00,0.026758159549773546,0.011547943202559736,6.320296292930389,-0.09000000000000008,True,1.06,False,1.7695465787314894e-07,2.0,True,0.8078581759303456,4.811325794731997,0.16790760185371015,0.5936069709291427,1250.0000148618783,3.4526528907223395,1.06,7.558881775694469e-13,544.5427330965115,2804.138790692372,0.0,nan
pd,10.0,1.0,esn,22,"demo_00 -12.5,+5 deg",,0.014699657431260223,0.01926845869002356,7.594349763676261,0.22999999999999998,True,1.3800000000000001,True,0.00046436756776832723,1.9999999999999998,False,1.0927016694839913,5.151697470863624,0.21210517031793252,0.3630332832284847,698.1723064447546,1.9184796449939208,1.78,0.0005220235588868014,304.1477211228122,857.9680906147603,0.0,nan
pd,10.0,1.0,replay,22,"demo_00 -12.5,+5 deg",demo_00,0.026338198431979945,0.02858300697953324,6.727149768818179,-0.09000000000000008,True,1.06,False,1.7696646307464627e-07,2.0,True,0.8440065938213585,5.151697470863624,0.16383077589373085,0.6136310708394941,1250.0000148618783,3.4194990331557387,1.06,7.558881775694469e-13,544.5427330965115,2805.111312043577,0.0,nan
pd,10.0,1.0,esn,23,"demo_00 -12.5,+7.5 deg",,0.015246933887172727,0.04354339399166253,8.061106815249959,0.22999999999999998,True,1.3800000000000001,True,0.0004653844411885638,1.9999999999999998,False,1.1429862575015817,5.9817120350538255,0.19108012067506633,0.42047684133411806,724.398446625064,2.0253871315303984,1.78,0.0005220466223790877,315.5727242288611,924.439981720933,0.0,nan
pd,10.0,1.0,replay,23,"demo_00 -12.5,+7.5 deg",demo_00,0.026246103315917674,0.04991512218102644,7.291342450162374,-0.09000000000000008,True,1.06,False,1.7697907304221637e-07,2.0,True,0.9155089371612578,5.9817120350538255,0.15305132239670238,0.662386643765333,1250.0000148618783,3.4542004733744456,1.06,7.558881775694469e-13,544.5427330965115,2811.259863097524,0.0,nan
pd,10.0,1.0,esn,24,"demo_00 -12.5,+10 deg",,0.01788149772947318,0.06781389974120751,8.116823365445685,0.16999999999999993,True,1.32,True,0.00046398623639670755,2.0,False,1.1960729776336831,6.956066060007412,0.17194675371332063,0.5325102345194237,836.8599660434965,2.425686256196975,1.72,0.0005216476160484735,364.56480616820915,1240.8915408540172,0.0,nan
pd,10.0,1.0,replay,24,"demo_00 -12.5,+10 deg",demo_00,0.026497214838944825,0.07234202211533207,7.981437603482508,-0.09000000000000008,True,1.06,False,1.7699248270797412e-07,2.0,True,1.0188321814215198,6.956066060007412,0.14646672021692014,0.7340498201906197,1250.0000148618783,3.5563629368948204,1.06,7.558881775694469e-13,544.5427330965115,2822.587732245931,0.0,nan
pd,10.0,1.0,esn,25,"demo_00 -12.5,+12.5 deg",,0.021539842654224355,0.08889604333726725,8.868125138130885,-0.010000000000000009,True,1.1400000000000001,True,0.0004640251526637742,2.0,False,1.4468473710490737,8.03119072923262,0.1801535313789416,0.675603586099668,995.3566464621558,2.9827631294456385,1.55,0.0005211107534038322,433.6113777808007,1764.0229930749126,0.0,nan
pd,10.0,1.0,replay,25,"demo_00 -12.5,+12.5 deg",demo_00,0.027098320137697886,0.09459917131359892,8.769442441436572,-0.09000000000000008,True,1.06,False,1.7700668464166127e-07,2.0,True,1.150081684139693,8.03119072923262,0.1432018890989012,0.8224332431278399,1250.0000148618783,3.722217395152844,1.06,7.558881775694469e-13,544.5427330965115,2839.1138727042276,0.0,nan
pd,10.0,1.0,esn,26,"demo_00 -12.5,+15 deg",,0.025325698824997588,0.10376302544333754,12.958440037004298,-0.21999999999999986,True,0.9400000000000001,True,0.0004638470337377982,2.0,False,1.976285914402664,9.101599835869152,0.21713610244807469,0.832035803379809,1294.1295651002206,3.581375197315957,1.36,0.0005211148401497228,506.3301931618418,2410.831854720529,0.0,nan
pd,10.0,1.0,replay,26,"demo_00 -12.5,+15 deg",demo_00,0.02804733671277418,0.11604895641845792,9.591997124051042,-0.09999999999999987,True,1.06,False,1.770216724749659e-07,2.0,True,1.2967813367714773,9.101599835869152,0.14247839502467446,0.9224489226255538,1500.0000057405152,3.9456470489356024,1.06,7.558881775694469e-13,544.5427330965115,2860.873036304529,0.0,nan
pd,10.0,1.0,esn,27,"demo_00 -10,-15 deg",,0.03530222840160129,0.04552621248892208,13.141367537858605,-0.47999999999999987,True,0.68,True,0.0004318742022631069,2.0,False,3.8637227732429507,9.582090238800468,0.4032233757930702,0.9965599036744478,1516.2294891811218,4.851099937875258,1.16,0.0005214252996708376,660.5213921789018,4142.446306168169,0.0,nan
pd,10.0,1.0,replay,27,"demo_00 -10,-15 deg",demo_00,0.03290091094303546,0.15825524567821217,7.862236945507488,-0.09999999999999987,True,1.06,False,1.7682631540748458e-07,2.0,True,1.2965055781146642,9.582090238800468,0.13530508957896925,0.9856567556514505,1499.9999942598195,4.594617655110143,1.06,7.556686917391825e-13,435.63418777206556,1921.6999193247254,0.0,nan
pd,10.0,1.0,esn,28,"demo_00 -10,-12.5 deg",,0.032858147483903054,0.04484157145134262,12.616690366412351,-0.45000000000000007,True,0.7000000000000001,True,0.0004375568989261936,2.0,False,3.3344752869137824,8.48223193744255,0.3931129579462017,0.8733686170480683,1422.918909056981,4.474264350664546,1.17,0.0005213953240187515,619.8721140001045,3635.2379281651524,0.0,nan
pd,10.0,1.0,replay,28,"demo_00 -10,-12.5 deg",demo_00,0.03049325530530616,0.14030252226262976,7.044668340174257,-0.09000000000000008,True,1.06,False,1.7683438653340857e-07,2.0,True,1.1450079639273476,8.48223193744255,0.13498899492160965,0.8758663253745701,1249.9999942597947,4.213473903341722,1.06,7.554453812795785e-13,435.63418777206556,1887.7385763753523,0.0,nan
pd,10.0,1.0,esn,29,"demo_00 -10,-10 deg",,0.02990026303807226,0.04906667613947829,11.679380788019749,-0.41000000000000014,True,0.74,True,0.0004428226692691253,2.0,False,2.658479272559034,7.347989614561788,0.36179681953967724,0.7497322287528987,1303.706686390576,4.035296307029132,1.2,0.0005213486739799022,567.9391949781412,3044.9110442142605,0.0,nan
pd,10.0,1.0,replay,29,"demo_00 -10,-10 deg",demo_00,0.028270692602857913,0.12070113219963374,6.273221414834348,-0.09000000000000008,True,1.06,False,1.7684323452862616e-07,2.0,True,0.9980882723364864,7.347989614561788,0.13583147564043058,0.7709074433012437,1000.0000148618514,3.856654336391311,1.06,7.554453812795785e-13,435.63418777206556,1859.284842283511,0.0,nan
pd,10.0,1.0,esn,30,"demo_00 -10,-7.5 deg",,0.026381093152530045,0.059504335222190834,9.526470173624197,-0.31000000000000016,True,0.84,True,0.000449842318272496,2.0,False,1.8314872114550629,6.283607093735563,0.2914706766565597,0.6317311207362304,1157.8095203086677,3.526797270861965,1.27,0.0005212336085548868,504.3814024783903,2402.222461087315,0.0,nan
pd,10.0,1.0,replay,30,"demo_00 -10,-7.5 deg",demo_00,0.02626457229731477,0.09950029609719643,5.616899737826591,-0.09000000000000008,True,1.06,False,1.768528646841179e-07,2.0,True,0.8602326331109607,6.283607093735563,0.13690108567872883,0.6738107977663935,1000.0000148618514,3.531139503472944,1.06,7.556686917391825e-13,435.63418777206556,1836.2564901502838,0.0,nan
pd,10.0,1.0,esn,31,"demo_00 -10,-5 deg",,0.022357447472536984,0.06318080058807457,5.854355483177009,-0.1100000000000001,True,1.03,True,0.0004595032368608995,2.0,False,1.1901391244531643,5.371905275532018,0.22154879198522287,0.5205207176664777,987.9528815751214,2.958886231360516,1.44,0.000521062090277057,430.38604472571615,1751.3702406178477,0.0,nan
pd,10.0,1.0,replay,31,"demo_00 -10,-5 deg",demo_00,0.024515522145374093,0.076846371956837,5.144794479731854,-0.08000000000000007,True,1.06,False,1.7686327921950816e-07,2.0,True,0.7376020645701675,5.371905275532018,0.13730734753082885,0.5892167691623155,1000.0000148618514,3.24621456021359,1.06,7.554453812795785e-13,435.63418777206556,1818.5828253197733,0.0,nan
pd,10.0,1.0,esn,32,"demo_00 -10,-2.5 deg",,0.01806291508898477,0.05098268391620138,5.047050147661552,0.06999999999999984,True,1.21,True,0.0004636108740036534,2.0,False,0.8316044754202899,4.5715470818324935,0.18190876316796967,0.40964970963630276,805.299649541262,2.3683406068726924,1.61,0.000521232704608517,350.81605352726064,1161.9555322700353,0.0,nan
pd,10.0,1.0,replay,32,"demo_00 -10,-2.5 deg",demo_00,0.0230733062008113,0.05299751909310712,4.86514211419688,-0.08000000000000007,True,1.06,False,1.7687447761596232e-07,2.0,True,0.6429070914785803,4.5715470818324935,0.14063228048848458,0.5238893175214607,1000.0000148618514,3.013580994394929,1.06,7.554453812795785e-13,435.63418777206556,1806.2049197912318,0.0,nan
pd,10.0,1.0,esn,33,"demo_00 -10,+0 deg",,0.014073517507732405,0.030156855787327075,6.123911424925443,0.17999999999999994,True,1.32,True,0.0004632424677669371,2.0,False,0.7636889600837773,4.000538462351017,0.19089654237069287,0.3223279753036034,638.034312492732,1.834093058833958,1.72,0.000521635616108951,277.94955536263484,724.46509076589,0.0,nan
pd,10.0,1.0,replay,33,"demo_00 -10,+0 deg",demo_00,0.021994077614801683,0.028470228190037757,4.842605193718452,-0.08000000000000007,True,1.06,False,1.7688646117488098e-07,2.0,True,0.6105441258710369,4.000538462351017,0.1526154870442704,0.48620236048036414,1000.0000148618514,2.846613670938277,1.06,7.554453812795785e-13,435.63418777206556,1799.0759052784986,0.0,nan
pd,10.0,1.0,esn,34,"demo_00 -10,+2.5 deg",,0.011307337397976762,0.006134126743624269,6.962326437116904,0.22999999999999998,True,1.37,True,0.0004657211591207825,2.0,False,0.8910950244322349,3.720676610262821,0.239498112245044,0.2824329636328191,527.6715659248434,1.4746470085347512,1.77,0.0005219854383141206,229.871770615763,490.72819887676667,0.0,nan
pd,10.0,1.0,replay,34,"demo_00 -10,+2.5 deg",demo_00,0.02133376552312307,0.006647580219498368,5.083511108792562,-0.08000000000000007,True,1.06,False,1.7689922643659474e-07,2.0,True,0.6292112875413759,3.720676610262821,0.16911206037251642,0.48303083490827753,1000.0000148618514,2.758168261510199,1.06,7.558881775694469e-13,435.63418777206556,1797.1613041710295,0.0,nan
pd,10.0,1.0,esn,35,"demo_00 -10,+5 deg",,0.010865122947643574,0.02165413024315189,7.496930320094966,0.26,True,1.4000000000000001,True,0.0004639522146740178,1.9999999999999998,False,0.9542314023472728,4.2628121970554735,0.22385020926007618,0.3055127967354283,514.308230517122,1.4340213176053047,1.8,0.0005221544745181119,224.05024493601343,464.9721435436601,0.0,nan
pd,10.0,1.0,replay,35,"demo_00 -10,+5 deg",demo_00,0.021137817315665816,0.027736374211736133,5.556321624953131,-0.08000000000000007,True,1.06,False,1.7691277029196114e-07,2.0,True,0.6881106746576339,4.2628121970554735,0.1614217663947158,0.5151751432542612,1000.0000148618514,2.757072439081494,1.06,7.558881775694469e-13,435.63418777206556,1800.439368665191,0.0,nan
pd,10.0,1.0,esn,36,"demo_00 -10,+7.5 deg",,0.013081983477424139,0.04830346380557493,7.499092575173939,0.21999999999999997,True,1.36,True,0.000465561681613723,1.9999999999999998,False,0.9744614279671406,5.208742494885825,0.18708189719954676,0.3925474682414757,604.4579959183322,1.7599937703213662,1.76,0.0005219109335828313,263.3225641807524,646.9849514324984,0.0,nan
pd,10.0,1.0,replay,36,"demo_00 -10,+7.5 deg",demo_00,0.021430467465353823,0.05228842912782358,6.21061414826458,-0.08000000000000007,True,1.06,False,1.7692708849773205e-07,2.0,True,0.7859865136400965,5.208742494885825,0.15089755625504872,0.5767534686180237,1000.0000148618514,2.8449801970878545,1.06,7.558881775694469e-13,435.63418777206556,1808.9013875490148,0.0,nan
pd,10.0,1.0,esn,37,"demo_00 -10,+10 deg",,0.016887320999158458,0.07230151879199367,7.021195538130811,0.05999999999999983,True,1.21,True,0.00046487249881380847,2.0,False,1.1109670431619194,6.236982057553702,0.17812573980654806,0.5243492778390297,765.0460552215942,2.31548751538181,1.61,0.0005212438622560731,331.04145778886163,1030.4869497220566,0.0,nan
pd,10.0,1.0,replay,37,"demo_00 -10,+10 deg",demo_00,0.022208832874912814,0.07689156182260971,6.967906429067417,-0.09000000000000008,True,1.06,False,1.769421771249945e-07,2.0,True,0.9163150859323266,6.236982057553702,0.14691642167265237,0.659436524247759,1000.0000148618514,3.0158787890567376,1.06,7.558881775694469e-13,435.63418777206556,1822.5519074604795,0.0,nan
pd,10.0,1.0,esn,38,"demo_00 -10,+12.5 deg",,0.021091191743518905,0.09021260568433791,10.2910544472628,-0.17000000000000015,True,0.98,True,0.0004651891360500928,2.0,False,1.5444511244034291,7.395006322751494,0.20885054819382196,0.6752771558201067,1064.49386722035,2.9473716685587656,1.4000000000000001,0.0005210875369636965,407.158506734484,1564.7372035196274,0.0,nan
pd,10.0,1.0,replay,38,"demo_00 -10,+12.5 deg",demo_00,0.023445260008033566,0.10063682425270715,7.846046908419489,-0.09000000000000008,True,1.06,False,1.7695803006411067e-07,2.0,True,1.0639408615662496,7.395006322751494,0.14387288058063272,0.7561059767344142,1250.0000057404905,3.258618707444244,1.06,7.558881775694469e-13,435.63418777206556,1841.4088010627213,0.0,nan
pd,10.0,1.0,esn,39,"demo_00 -10,+15 deg",,0.025156348150650158,0.10007476653773105,15.01798852441775,-0.3400000000000001,True,0.81,True,0.00046903363970155284,2.0,False,2.1136722830062857,8.60959182713233,0.2455020313907616,0.8417119202221784,1373.6088013488375,3.5831991373045042,1.24,0.0005212498410254601,481.62001000157096,2193.196422908087,0.0,nan
pd,10.0,1.0,replay,39,"demo_00 -10,+15 deg",demo_00,0.02509624173451163,0.12313723464744243,8.79194733347315,-0.09000000000000008,True,1.06,False,1.7697464305757445e-07,2.0,True,1.2218833454817983,8.60959182713233,0.14192117001774074,0.861778388412269,1500.0000057405152,3.56046677093077,1.06,7.558881775694469e-13,435.63418777206556,1865.503099029207,0.0,nan
pd,10.0,1.0,esn,40,"demo_00 -7.5,-15 deg",,0.03047691769799123,0.06088756432179066,11.709207518511148,-0.45000000000000007,True,0.7000000000000001,True,0.00043431095276499996,2.0,False,3.29251561727005,9.126774210355928,0.36075348654227835,0.853185636869022,1283.8173345450782,4.212228953457485,1.16,0.000521414740200921,559.2747134703858,2977.4121466795227,0.0,nan
pd,10.0,1.0,replay,40,"demo_00 -7.5,-15 deg",demo_00,0.029445012980433796,0.17058508961463154,7.415733552997687,-0.09000000000000008,True,1.06,False,1.767609502977665e-07,2.0,True,1.2185192628559216,9.126774210355928,0.13351039861085834,0.8881627954539779,1499.9999942598195,4.137296253195796,1.06,7.554453812795785e-13,326.7256424476197,1124.1254859535443,0.0,nan
pd,10.0,1.0,esn,41,"demo_00 -7.5,-12.5 deg",,0.02791208144166857,0.06154957563675323,11.047216321704282,-0.43000000000000016,True,0.72,True,0.0004404216861698344,2.0,False,2.7666979182681177,7.8924157718108505,0.3505514658958877,0.7372247579268754,1188.2142718538914,3.8209585805124067,1.18,0.0005213827164133826,517.6267515253546,2541.294822561969,0.0,nan
pd,10.0,1.0,replay,41,"demo_00 -7.5,-12.5 deg",demo_00,0.026611249772209435,0.1507119569608557,6.4486480189115305,-0.09000000000000008,True,1.06,False,1.7677123766188568e-07,2.0,True,1.061434467344045,7.8924157718108505,0.13448790560871673,0.7781946119367879,1249.9999942597947,3.709470821110923,1.06,7.556686917391825e-13,326.7256424476197,1092.4463999357615,0.0,nan
pd,10.0,1.0,esn,42,"demo_00 -7.5,-10 deg",,0.024826304046688247,0.0678399715730288,9.804401834632245,-0.3600000000000001,True,0.78,True,0.0004459422045990708,2.0,False,2.0897048417202377,6.740215512319023,0.31003531532499307,0.6243631094497123,1064.929414529023,3.366938157075016,1.22,0.0005213152174169088,463.91965363822743,2038.526753280212,0.0,nan
pd,10.0,1.0,replay,42,"demo_00 -7.5,-10 deg",demo_00,0.023958081296801333,0.12897278781998323,5.5626151058061675,-0.08000000000000007,True,1.06,False,1.7678225905640614e-07,2.0,True,0.9080557587601267,6.740215512319023,0.1347220659488532,0.6721328342429002,999.9999942597702,3.303258881071812,1.06,7.556686917391825e-13,326.7256424476197,1066.1761800543493,0.0,nan
pd,10.0,1.0,esn,43,"demo_00 -7.5,-7.5 deg",,0.02110974053388835,0.07604900698760363,6.827748563892539,-0.2300000000000001,True,0.91,True,0.0004579289452562354,2.0,False,1.3961384405125246,5.572951719560627,0.2505204621838347,0.5186140856774073,909.9458004859663,2.8353625395004,1.33,0.0005211488582294786,396.403493820016,1490.6135503901148,0.0,nan
pd,10.0,1.0,replay,43,"demo_00 -7.5,-7.5 deg",demo_00,0.021534775286721,0.10543398662141731,4.743019807377803,-0.08000000000000007,True,1.06,False,1.767940200375949e-07,2.0,True,0.7609010701060851,5.572951719560627,0.1365346603372467,0.5729617364311553,750.0000148618233,2.92727250033866,1.06,7.552272438011246e-13,326.7256424476197,1045.2428893060742,0.0,nan
pd,10.0,1.0,esn,44,"demo_00 -7.5,-5 deg",,0.0168657605917068,0.0712025564923048,4.189258839512452,-0.020000000000000018,True,1.12,True,0.00046316386822044855,2.0,False,0.9091306027804507,4.49589082033599,0.2022136744665229,0.4098565656385944,728.6433764940303,2.2436212535745104,1.53,0.000521088860052569,317.4219607769945,957.110159223129,0.0,nan
pd,10.0,1.0,replay,44,"demo_00 -7.5,-5 deg",demo_00,0.019413664244677227,0.08026101801195627,4.078129737080954,-0.08000000000000007,True,1.06,False,1.768065242715493e-07,2.0,True,0.6250973719342335,4.49589082033599,0.13903748932397747,0.4857227792302838,750.0000148618233,2.594580282059107,1.06,7.554453812795785e-13,326.7256424476197,1029.5851782486889,0.0,nan
pd,10.0,1.0,esn,45,"demo_00 -7.5,-2.5 deg",,0.012532013469506253,0.053209460365072826,5.345282898388125,0.1299999999999999,True,1.27,True,0.00046512424198799705,2.0,False,0.6566273113958553,3.5776302118395775,0.18353694275692758,0.30934970506904746,543.6320807143164,1.6544947707986049,1.68,0.0005214388841676586,236.82471640916555,530.9902945485792,0.0,nan
pd,10.0,1.0,replay,45,"demo_00 -7.5,-2.5 deg",demo_00,0.017694658223504436,0.05371975820948218,3.657291694117281,-0.08000000000000007,True,1.06,False,1.7681977263915765e-07,2.0,True,0.5110701315925278,3.5776302118395775,0.14285158088760133,0.41869046619112366,750.0000148618233,2.324128017095268,1.06,7.556686917391825e-13,326.7256424476197,1019.1524583244482,0.0,nan
pd,10.0,1.0,esn,46,"demo_00 -7.5,+0 deg",,0.008901728837056595,0.02860725331554695,6.579871172402006,0.22999999999999998,True,1.36,True,0.0004645691414339613,1.9999999999999998,False,0.7015649412729916,2.9439415675816205,0.23830803878669063,0.24292260243090438,395.88351862687745,1.1706679541121847,1.76,0.0005218904234988755,172.4603925262863,278.55115141017603,0.0,nan
pd,10.0,1.0,replay,46,"demo_00 -7.5,+0 deg",demo_00,0.016500899554473012,0.026343492093548353,3.586909766717772,-0.07000000000000006,True,1.06,False,1.7683376660235682e-07,2.0,True,0.44502782318464823,2.9439415675816205,0.15116734247895697,0.38323015813864353,750.0000148618233,2.140377789147815,1.06,7.554453812795785e-13,326.7256424476197,1013.9051148962425,0.0,nan
pd,10.0,1.0,esn,47,"demo_00 -7.5,+2.5 deg",,0.00716272811509929,0.0072952625026901155,7.284778607032715,0.27,True,1.4000000000000001,True,0.0004661859617691139,1.9999999999999998,False,0.7674520484660452,2.65161482227211,0.28942817864037756,0.22826347095201496,335.88691975391447,0.9438111266950626,1.8,0.0005222131051973496,146.3238232956147,198.52352609436227,0.0,nan
pd,10.0,1.0,replay,47,"demo_00 -7.5,+2.5 deg",demo_00,0.01595470973835425,0.005815220354279771,3.8642613792066713,-0.07000000000000006,True,1.06,False,1.768485036119622e-07,2.0,True,0.4805710444842498,2.65161482227211,0.18123712405275333,0.38847364911877047,750.0000148618233,2.0677818221508404,1.06,7.556686917391825e-13,326.7256424476197,1013.8147391913963,0.0,nan
pd,10.0,1.0,esn,48,"demo_00 -7.5,+5 deg",,0.008515571004300955,0.02840130225836019,7.345601727269051,0.26,True,1.4000000000000001,True,0.00046381451595377406,1.9999999999999998,False,0.7722322147061251,3.4683880323559872,0.22264873696429163,0.2784936646398741,392.549478293887,1.1386198027125276,1.79,0.000522145527367924,171.00797059541068,272.6230071605151,0.0,nan
pd,10.0,1.0,replay,48,"demo_00 -7.5,+5 deg",demo_00,0.016133007265984305,0.03162390097462101,4.4215478185218045,-0.08000000000000007,True,1.06,False,1.7686398145430308e-07,2.0,True,0.5683387531330506,3.4683880323559872,0.16386250553026865,0.433099809122375,750.0000148618233,2.1193834044729636,1.06,7.554453812795785e-13,326.7256424476197,1018.8643503046294,0.0,nan
pd,10.0,1.0,esn,49,"demo_00 -7.5,+7.5 deg",,0.012254409027497165,0.0554331044160684,6.155981718083599,0.1299999999999999,True,1.27,True,0.0004657404711495686,2.0,False,0.8386996350585986,4.540546377596946,0.18471337264535878,0.3895311778109115,546.4182087511999,1.666825754303786,1.67,0.0005214451289867963,234.2689414295186,517.2367056138781,0.0,nan
pd,10.0,1.0,replay,49,"demo_00 -7.5,+7.5 deg",demo_00,0.017030170021670527,0.058949826772797406,5.197511466915922,-0.08000000000000007,True,1.06,False,1.7688019688624147e-07,2.0,True,0.6973121842580379,4.540546377596946,0.15357450982079512,0.5067880455889536,750.0000148618233,2.2886214941302847,1.06,7.554453812795785e-13,326.7256424476197,1029.0485689227933,0.0,nan
pd,10.0,1.0,esn,50,"demo_00 -7.5,+10 deg",,0.016786822835488043,0.07655013344030996,7.771910441262001,-0.1100000000000001,True,1.03,True,0.00046396563347154057,2.0,False,1.1719475282536724,5.723848330371508,0.20474818000245767,0.5316409266511741,842.3193290107096,2.322044336944523,1.44,0.0005210727344064157,312.5216175220096,925.5627433543402,0.0,nan
pd,10.0,1.0,replay,50,"demo_00 -7.5,+10 deg",demo_00,0.018564075220805575,0.08537888364898659,6.101321747001882,-0.08000000000000007,True,1.06,False,1.768971451739978e-07,2.0,True,0.8475160222764073,5.723848330371508,0.14806751915129782,0.5987604960582312,1000.0000057404657,2.5541452700220977,1.06,7.558881775694469e-13,326.7256424476197,1044.3736935073484,0.0,nan
pd,10.0,1.0,esn,51,"demo_00 -7.5,+12.5 deg",,0.02127224481777869,0.08883604670031894,12.914534016290451,-0.31000000000000005,True,0.8300000000000001,True,0.00046742966638025203,2.0,False,1.6959827118799187,6.971047485370299,0.24328950784500772,0.6928683920929031,1151.949720196292,2.993136231325211,1.25,0.000521236019312525,390.6151523003334,1448.8396603189924,0.0,nan
pd,10.0,1.0,replay,51,"demo_00 -7.5,+12.5 deg",demo_00,0.02061821041136555,0.1103971958877895,7.086042403110531,-0.08000000000000007,True,1.06,False,1.7691482298511566e-07,2.0,True,1.007737966487959,6.971047485370299,0.14456047941185823,0.701639526661157,1250.0000057404905,2.8914891877565845,1.06,7.558881775694469e-13,326.7256424476197,1064.8576175445542,0.0,nan
pd,10.0,1.0,esn,52,"demo_00 -7.5,+15 deg",,0.025317633503395495,0.09456742575769404,16.601239778803286,-0.44000000000000017,True,0.71,True,0.00047301078978303514,2.0,False,2.1902778314543214,8.188533735092438,0.2674810780918882,0.8634779540418527,1461.7589522318372,3.6236381327922325,1.1300000000000001,0.0005213741052953904,459.701090176282,2010.944994586318,0.0,nan
pd,10.0,1.0,replay,52,"demo_00 -7.5,+15 deg",demo_00,0.02308134219190821,0.13370589433848623,8.089159839307323,-0.09000000000000008,True,1.06,False,1.7693322148499952e-07,2.0,True,1.1721197127445904,8.188533735092438,0.14314158684129286,0.8110085406048488,1500.0000057405152,3.2804627281127425,1.06,7.558881775694469e-13,326.7256424476197,1090.5295137312053,0.0,nan
pd,10.0,1.0,esn,53,"demo_00 -5,-15 deg",,0.025835298673686433,0.07616239549562624,10.367452423078007,-0.42000000000000015,True,0.72,True,0.0004366340725821655,2.0,False,2.8232251255839125,8.690804127997184,0.3248520026459889,0.72557137372423,1057.1959833367766,3.5958503887375195,1.16,0.0005214058558424277,460.55070667217075,2026.8575503473535,0.0,nan
pd,10.0,1.0,replay,53,"demo_00 -5,-15 deg",demo_00,0.026651734564027633,0.18266007956485356,7.1637262690313275,-0.08000000000000007,True,1.06,False,1.7669926225015438e-07,2.0,True,1.1672463029533178,8.690804127997184,0.13430820505930702,0.8153792860305181,1499.9999942598195,3.7529030713864087,1.06,7.550078923448795e-13,217.81709712317385,552.5901989449485,0.0,nan
pd,10.0,1.0,esn,54,"demo_00 -5,-12.5 deg",,0.023152073342535846,0.07749040372861765,9.564213469899967,-0.3900000000000001,True,0.75,True,0.0004421111226605325,2.0,False,2.306461255299391,7.432521381958587,0.3103201641502176,0.6186957217362342,959.7523764671315,3.1911324452411645,1.18,0.0005213662461719302,418.1009407708143,1664.6089885339236,0.0,nan
pd,10.0,1.0,replay,54,"demo_00 -5,-12.5 deg",demo_00,0.023356181327828105,0.16054737283990456,6.08902521019194,-0.08000000000000007,True,1.06,False,1.767119881563941e-07,2.0,True,1.0072327181941905,7.432521381958587,0.1355169620687682,0.7053091729097409,1249.9999942597947,3.2759687709569554,1.06,7.552259299714415e-13,217.81709712317385,523.0311101921244,0.0,nan
pd,10.0,1.0,esn,55,"demo_00 -5,-10 deg",,0.01995193876442908,0.08357631208773014,7.850014370552367,-0.32000000000000006,True,0.8200000000000001,True,0.0004514291360611386,1.9999999999999998,False,1.7125832529007714,6.165456649857062,0.2777707070473807,0.5188177764796905,832.7746788223433,2.7243739426837736,1.24,0.0005212688812992395,362.78511541425564,1253.1821432680995,0.0,nan
pd,10.0,1.0,replay,55,"demo_00 -5,-10 deg",demo_00,0.020200233016629238,0.1363264932850037,5.042953773248794,-0.08000000000000007,True,1.06,False,1.7672540748122926e-07,2.0,True,0.8476711362110012,6.165456649857062,0.13748716183588014,0.5981463000595957,999.9999942597702,2.8140761504142593,1.06,7.554453812795785e-13,217.81709712317385,498.7285533907053,0.0,nan
pd,10.0,1.0,esn,56,"demo_00 -5,-7.5 deg",,0.01608547299379765,0.08648049595616382,4.602267249266722,-0.14000000000000012,True,0.99,True,0.000460801858642488,2.0,False,1.1110510309141841,4.957913960028026,0.2240964728052488,0.4225110131037738,669.70379335633,2.176877275625526,1.4000000000000001,0.0005210889652682837,291.74586373077256,813.2103363859173,0.0,nan
pd,10.0,1.0,replay,56,"demo_00 -5,-7.5 deg",demo_00,0.017240493078214444,0.11006537635086483,4.0683388277193675,-0.07000000000000006,True,1.06,False,1.7673952517662464e-07,2.0,True,0.6916004047163854,4.957913960028026,0.13949423291574745,0.4965987998616216,749.9999942597391,2.375606513553267,1.06,7.554453812795785e-13,217.81709712317385,479.62005970745724,0.0,nan
pd,10.0,1.0,esn,57,"demo_00 -5,-5 deg",,0.011771565963102753,0.07476088769828317,4.286822043109795,0.05999999999999983,True,1.19,True,0.0004647153228198047,2.0,False,0.7285613726715315,3.75368464849518,0.19409232284965802,0.32207887424062054,482.1039691429644,1.5821972148142118,1.59,0.0005211970085376606,210.02096789798378,422.90386190288785,0.0,nan
pd,10.0,1.0,replay,57,"demo_00 -5,-5 deg",demo_00,0.014580676205174881,0.08196247215875493,3.1822689463406872,-0.07000000000000006,True,1.06,False,1.767543435680687e-07,2.0,True,0.5431753309278544,3.75368464849518,0.1447045721183874,0.40574601354761874,500.00001486179553,1.9761557833555448,1.06,7.552272438011246e-13,217.81709712317385,465.65279713212175,0.0,nan
pd,10.0,1.0,esn,58,"demo_00 -5,-2.5 deg",,0.007690908464287924,0.052028884388912865,6.214539355182322,0.19999999999999996,True,1.33,True,0.0004636636770503184,2.0,False,0.5467044879598428,2.6786179951776896,0.20409946059649933,0.24229619612288097,307.8658916858959,1.0315903155088608,1.73,0.0005216916546103081,134.1169056740826,172.29891296835268,0.0,nan
pd,10.0,1.0,replay,58,"demo_00 -5,-2.5 deg",demo_00,0.012405187978606536,0.0523242492575255,2.53060797133539,-0.07000000000000006,True,1.06,False,1.7676986477765954e-07,2.0,True,0.41235077211047166,2.6786179951776896,0.15394161200022768,0.3352165114684134,500.00001486179553,1.644863684154971,1.06,7.556686917391825e-13,217.81709712317385,456.7837291183021,0.0,nan
pd,10.0,1.0,esn,59,"demo_00 -5,+0 deg",,0.00475493527769784,0.023535700266876153,7.318803010772394,0.27,True,1.4000000000000001,True,0.0004651016216354167,1.9999999999999998,False,0.5858623403149442,1.8908796364316314,0.30983587163726234,0.19992511290362236,201.51956209231702,0.7467791873814904,1.8,0.0005221812792487569,87.78880944756456,73.27023995108964,0.0,nan
pd,10.0,1.0,replay,59,"demo_00 -5,+0 deg",demo_00,0.011004250949285909,0.02170872042614656,2.3258727192438866,-0.07000000000000006,True,1.06,False,1.7678608969743505e-07,2.0,True,0.32433405964378326,1.8908796364316314,0.17152549183714805,0.30036670703571916,500.00001486179553,1.4310347331047881,1.06,7.554453812795785e-13,217.81709712317385,452.9798052726428,0.0,nan
pd,10.0,1.0,esn,60,"demo_00 -5,+2.5 deg",,0.004552018392171494,0.009492989783956686,7.525229220144408,0.2899999999999998,True,1.42,True,0.00046408919216286396,2.0,False,0.5708461284462015,1.8423910691393575,0.30983982608690286,0.20518756723171552,213.11062830859296,0.7442890051481766,1.81,0.0005223083317821468,92.83827408905971,81.12496372059518,0.0,nan
pd,10.0,1.0,replay,60,"demo_00 -5,+2.5 deg",demo_00,0.01069669257844092,0.010057737309607776,2.677780262765394,-0.07000000000000006,True,1.06,False,1.768030147683973e-07,2.0,True,0.36729412465499794,1.8423910691393575,0.19935730844948857,0.3137277634346472,500.00001486179553,1.391724989615142,1.06,7.552272438011246e-13,217.81709712317385,454.21816477804526,0.0,nan
pd,10.0,1.0,esn,61,"demo_00 -5,+5 deg",,0.00785332666150331,0.03805487183756925,6.061222446663652,0.18999999999999995,True,1.32,True,0.0004645659554355545,2.0,False,0.5992250796514532,2.8962570253240454,0.20689637501506256,0.27928349318292445,343.79376603188985,1.0621583149532885,1.72,0.0005216520960039058,146.86934604107591,204.2756466479881,0.0,nan
pd,10.0,1.0,replay,61,"demo_00 -5,+5 deg",demo_00,0.011588860215099073,0.0404819489219947,3.42235159659348,-0.07000000000000006,True,1.06,False,1.7682063859750144e-07,2.0,True,0.49260140681225795,2.8962570253240454,0.17008207576368112,0.3702542651624449,500.00001486179553,1.5424394016563954,1.06,7.554453812795785e-13,217.81709712317385,460.48632611659093,0.0,nan
pd,10.0,1.0,esn,62,"demo_00 -5,+7.5 deg",,0.012564092255122929,0.06255482063933748,5.591400766323032,-0.07000000000000006,True,1.06,True,0.0004656911813157564,2.0,False,0.875435310975519,4.112408088240441,0.21287656579580552,0.4046919532113945,631.3460689079731,1.723441670905307,1.47,0.0005210740105052304,224.81377697806982,481.2855985784268,0.0,nan
pd,10.0,1.0,replay,62,"demo_00 -5,+7.5 deg",demo_00,0.01346858030132526,0.07009674798975044,4.365887588770917,-0.07000000000000006,True,1.06,False,1.7683895734178583e-07,2.0,True,0.6468341176422046,4.112408088240441,0.15728840712375963,0.4540648614018266,750.000005740441,1.8391318257829752,1.06,7.556686917391825e-13,217.81709712317385,471.782328303067,0.0,nan
pd,10.0,1.0,esn,63,"demo_00 -5,+10 deg",,0.01739207554610112,0.07737452422320856,10.994038680707595,-0.30000000000000016,True,0.84,True,0.0004672100177033908,2.0,False,1.3476858271556702,5.35504335643123,0.25166665094077045,0.5578441006499711,939.1722057479603,2.4216213274597136,1.25,0.0005212307381919431,305.54056310413824,890.320950723471,0.0,nan
pd,10.0,1.0,replay,63,"demo_00 -5,+10 deg",demo_00,0.01601892379812504,0.0981151269553638,5.384371547429605,-0.08000000000000007,True,1.06,False,1.7685796493282493e-07,2.0,True,0.811338441997927,5.35504335643123,0.15150921999978514,0.5527376760860248,1000.0000057404657,2.226193228051456,1.06,7.554453812795785e-13,217.81709712317385,488.1147792819022,0.0,nan
pd,10.0,1.0,esn,64,"demo_00 -5,+12.5 deg",,0.021790700603279024,0.08464991217362944,14.959624038599987,-0.43000000000000016,True,0.71,True,0.0004723770036064115,2.0,False,1.816920196365364,6.667287798282184,0.2725126395223993,0.7252614293489594,1249.1282107267432,3.0809740841218893,1.1300000000000001,0.0005213797128774686,377.07182233072297,1358.6822249660133,0.0,nan
pd,10.0,1.0,replay,64,"demo_00 -5,+12.5 deg",demo_00,0.019000262273595827,0.12415228316870967,6.473975135792197,-0.08000000000000007,True,1.06,False,1.7687765383260865e-07,2.0,True,0.979785612498028,6.667287798282184,0.14695415019439662,0.6594172522565357,1250.0000057404905,2.666455205876678,1.06,7.554453812795785e-13,217.81709712317385,509.5027566175212,0.0,nan
pd,10.0,1.0,esn,65,"demo_00 -5,+15 deg",,0.025623744266422725,0.08869122691721172,17.545273892561163,-0.5200000000000001,True,0.63,True,0.0004792933439616761,2.0,False,2.243863680272711,7.932950423380334,0.28285361189948943,0.890520447946669,1552.9187521540432,3.679070707503625,1.04,0.0005214607251738879,434.9403412759574,1814.8594921870265,0.0,nan
pd,10.0,1.0,replay,65,"demo_00 -5,+15 deg",demo_00,0.022269174645153406,0.1480583105846018,7.562619603251965,-0.09000000000000008,True,1.06,False,1.768980169732678e-07,2.0,True,1.1501222927833126,7.932950423380334,0.14498039586805211,0.7705259120739033,1500.0000057405152,3.139374371347984,1.06,7.558881775694469e-13,217.81709712317385,535.9754946642317,0.0,nan
pd,10.0,1.0,esn,66,"demo_00 -2.5,-15 deg",,0.021442530431396233,0.08971558397559742,9.072821113159762,-0.41000000000000014,True,0.73,True,0.00044091815269187336,2.0,False,2.4807469575739667,8.120902212103429,0.305476767578441,0.6148221515817884,838.5374193066417,3.0096869132116724,1.16,0.000521396681203142,365.2955621471644,1283.0400799867316,0.0,nan
pd,10.0,1.0,replay,66,"demo_00 -2.5,-15 deg",demo_00,0.02474590930437278,0.19402983031457843,7.09175321814283,-0.08000000000000007,True,1.06,False,1.7664167999945314e-07,2.0,True,1.126987536603299,8.120902212103429,0.1387761491480136,0.7678462157783916,1499.9999942598195,3.4654452566165044,1.06,7.547845170246429e-13,108.90855179872798,207.31585688592574,0.0,nan
pd,10.0,1.0,esn,67,"demo_00 -2.5,-12.5 deg",,0.018669602038286683,0.09034395253359855,8.161272697123886,-0.3600000000000001,True,0.77,True,0.0004462186748442292,2.0,False,1.9915928751272831,6.938359574781361,0.28704088533636446,0.5188120351894872,741.0203202968804,2.5960042418398346,1.19,0.0005213470870603084,322.813780557517,998.7802924053929,0.0,nan
pd,10.0,1.0,replay,67,"demo_00 -2.5,-12.5 deg",demo_00,0.021020920586152524,0.16930152092218892,5.968950758156207,-0.07000000000000006,True,1.06,False,1.7665708886954612e-07,2.0,True,0.9647395188176988,6.938359574781361,0.1390443242988166,0.6582299707393479,1249.9999942597947,2.9441289340171566,1.06,7.550078923448795e-13,108.90855179872798,179.69630894046026,0.0,nan
pd,10.0,1.0,esn,68,"demo_00 -2.5,-10 deg",,0.015410283545359615,0.09397464945807647,6.146568385976334,-0.27000000000000013,True,0.86,True,0.0004554056590031156,2.0,False,1.4263800201169616,5.676262714408268,0.2512885840354655,0.43259336741589394,612.220136474981,2.1245554681064083,1.27,0.0005212257185687627,266.70401792726614,683.2571604063916,0.0,nan
pd,10.0,1.0,replay,68,"demo_00 -2.5,-10 deg",demo_00,0.017361152086232585,0.14216609618613152,4.819956881164665,-0.07000000000000006,True,1.06,False,1.766731518587438e-07,2.0,True,0.8029526809597716,5.676262714408268,0.14145798412776192,0.5508157457171592,999.9999942597702,2.428435303911711,1.06,7.550078923448795e-13,108.90855179872798,157.1269061378683,0.0,nan
pd,10.0,1.0,esn,69,"demo_00 -2.5,-7.5 deg",,0.01154556437567806,0.09115729243281333,3.4188105998325335,-0.07000000000000006,True,1.05,True,0.00046223096118468447,2.0,False,0.9273852544565901,4.439265681005834,0.20890510302741472,0.34704411035900146,445.5981261190028,1.5820853991057744,1.45,0.0005210720783950804,194.11777485965675,365.2956531556211,0.0,nan
pd,10.0,1.0,replay,69,"demo_00 -2.5,-7.5 deg",demo_00,0.013795310242632858,0.11269789021338428,3.699071282713582,-0.06000000000000005,True,1.06,False,1.7668987040246014e-07,2.0,True,0.641724121722088,4.439265681005834,0.14455636761453944,0.4479685394862056,749.9999942597391,1.9224737839922175,1.06,7.550078923448795e-13,108.90855179872798,139.55386001333727,0.0,nan
pd,10.0,1.0,esn,70,"demo_00 -2.5,-5 deg",,0.007514119556281366,0.07385394170270303,5.207934393001082,0.11999999999999988,True,1.24,True,0.000466181227263904,2.0,False,0.6054798318431892,3.145426020257325,0.1924953338415047,0.26513694718761677,263.6159747471047,1.030647006437099,1.6400000000000001,0.0005213422795044792,114.84012933595935,130.57010851765483,0.0,nan
pd,10.0,1.0,replay,70,"demo_00 -2.5,-5 deg",demo_00,0.010400594810396438,0.08110952578213794,2.5908326929350403,-0.06000000000000005,True,1.06,False,1.7670724928848997e-07,2.0,True,0.48180724690094956,3.145426020257325,0.1531771034505314,0.35450236278466174,499.999994259708,1.4365733921051664,1.06,7.547845170246429e-13,108.90855179872798,126.93206859729311,0.0,nan
pd,10.0,1.0,esn,71,"demo_00 -2.5,-2.5 deg",,0.004170651156956372,0.04643108266101406,7.164180177311477,0.25,True,1.37,True,0.00046453062096439123,2.0,False,0.419822747996568,1.8929585974569376,0.22178126270726237,0.21085062216461162,170.2243243119533,0.7474746346846335,1.77,0.0005219478913792771,52.863271621020786,29.769380749296253,0.0,nan
pd,10.0,1.0,replay,71,"demo_00 -2.5,-2.5 deg",demo_00,0.0074038019189339305,0.04779933932446965,1.5960417763887984,-0.06000000000000005,True,1.06,False,1.7672528671808893e-07,2.0,True,0.3306860414595749,1.8929585974569376,0.17469269634519705,0.2807713454905236,250.0000148617692,1.0012297913212624,1.06,7.554453812795785e-13,108.90855179872798,119.22530673310864,0.0,nan
pd,10.0,1.0,esn,72,"demo_00 -2.5,+0 deg",,0.0020696815915889027,0.01379305184781854,7.7116155138356435,0.2899999999999998,True,1.41,True,0.0004661502528814679,2.0,False,0.361324722361525,0.8980090771678382,0.40236199337881895,0.18451579582110159,81.87721378212066,0.7434830757227362,1.81,0.0005222833425586952,35.66851299291325,14.127468607425266,0.0,nan
pd,10.0,1.0,replay,72,"demo_00 -2.5,+0 deg",demo_00,0.005503996497482443,0.013444966683015593,1.101357855527199,-0.06000000000000005,True,1.06,False,1.7674398404908747e-07,2.0,True,0.2224189896801952,0.8980090771678382,0.2476801129690864,0.2459206701605973,250.0000148617692,0.909325126089763,1.06,7.554453812795785e-13,108.90855179872798,116.40645184818268,0.0,nan
pd,10.0,1.0,esn,73,"demo_00 -2.5,+2.5 deg",,0.003995863029041791,0.019988598514901146,6.147893593015221,0.20999999999999996,True,1.33,True,0.0004659880731368338,2.0,False,0.3750236981224523,1.3426102757979932,0.2793243168793367,0.20696459726348773,170.63909064818105,0.7407062903971736,1.73,0.0005217308322282375,74.33622055191016,53.788649887074875,0.0,nan
pd,10.0,1.0,replay,73,"demo_00 -2.5,+2.5 deg",demo_00,0.005906435108395822,0.021068644119454277,1.6534446535993705,-0.06000000000000005,True,1.06,False,1.7676333579229863e-07,2.0,True,0.30136329149671254,1.3426102757979932,0.2244607366181481,0.2660789550825157,250.0000148617692,0.9091603768219665,1.06,7.556686917391825e-13,108.90855179872798,118.45772884125293,0.0,nan
pd,10.0,1.0,esn,74,"demo_00 -2.5,+5 deg",,0.008636582179986725,0.047961424890636276,3.897198337541709,-0.050000000000000044,True,1.07,True,0.00046504651780322683,2.0,False,0.6322242546616895,2.6081337614895856,0.24240484287915,0.30051937381135085,437.41878260297415,1.1775268106060388,1.47,0.000521078738459203,147.79132674763852,209.62343302236715,0.0,nan
pd,10.0,1.0,replay,74,"demo_00 -2.5,+5 deg",demo_00,0.008312565348645759,0.0545733007990445,2.670922005736921,-0.06000000000000005,True,1.06,False,1.767833394953485e-07,2.0,True,0.4630875817896267,2.6081337614895856,0.17755515021021895,0.33145789648693097,500.00000574040354,1.1329484475332579,1.06,7.554453812795785e-13,108.90855179872798,125.37095152745343,0.0,nan
pd,10.0,1.0,esn,75,"demo_00 -2.5,+7.5 deg",,0.013676577344028324,0.06532873075173543,9.563251605843522,-0.30000000000000004,True,0.8300000000000001,True,0.0004685756274807963,2.0,False,1.0698166382705048,3.9123409319262543,0.2734466798484704,0.44050085804876216,739.4184927525216,1.888018601855598,1.24,0.0005212441827901679,229.16162748095988,502.8911563773111,0.0,nan
pd,10.0,1.0,replay,75,"demo_00 -2.5,+7.5 deg",demo_00,0.011561124299421674,0.08622970871465667,3.7833178106470866,-0.07000000000000006,True,1.06,False,1.7680398816057909e-07,2.0,True,0.6348014161297885,3.9123409319262543,0.16225615997561893,0.42145571971665685,750.000005740441,1.5976494046183374,1.06,7.556686917391825e-13,108.90855179872798,137.14773069784115,0.0,nan
pd,10.0,1.0,esn,76,"demo_00 -2.5,+10 deg",,0.018357044801993128,0.07420870164829498,13.588091287069796,-0.43000000000000005,True,0.7000000000000001,True,0.00047253736154352405,2.0,False,1.5044824202803182,5.26196166850563,0.285916643841228,0.602659004015032,1047.7127067459521,2.5688470922475313,1.11,0.0005213959840635806,302.34554522355506,876.5337942508681,0.0,nan
pd,10.0,1.0,replay,76,"demo_00 -2.5,+10 deg",demo_00,0.015149538227632396,0.11552302764709409,4.944653472585462,-0.07000000000000006,True,1.06,False,1.7682527485489716e-07,2.0,True,0.8092813822356058,5.26196166850563,0.15379841838822012,0.5233693852143443,1000.0000057404657,2.102869560418599,1.06,7.554453812795785e-13,108.90855179872798,153.7996102990084,0.0,nan
pd,10.0,1.0,esn,77,"demo_00 -2.5,+12.5 deg",,0.022492024620033073,0.07940623267796738,16.16447517980687,-0.5200000000000001,True,0.62,True,0.0004789773857529273,2.0,False,1.9116019006485772,6.567441649231515,0.2910725367270316,0.7648828224814983,1351.8132475085208,3.1910434126065947,1.02,0.0005214753860183233,362.042096543769,1262.4574899858842,0.0,nan
pd,10.0,1.0,replay,77,"demo_00 -2.5,+12.5 deg",demo_00,0.01891522546711965,0.14225506907502816,6.097749543372372,-0.08000000000000007,True,1.06,False,1.7684718583974752e-07,2.0,True,0.9844981870512098,6.567441649231515,0.14990589024364004,0.6312426363813672,1250.0000057404905,2.6270631410159218,1.06,7.556686917391825e-13,108.90855179872798,175.3480836904829,0.0,nan
pd,10.0,1.0,esn,78,"demo_00 -2.5,+15 deg",,0.02622629872866963,0.08289768581838271,18.14187682802916,-0.5700000000000001,True,0.5700000000000001,True,0.00048486439272552343,1.9999999999999998,False,2.3002483652712624,7.921503102770436,0.2903802896279599,0.9232293168330689,1651.463483141649,3.7702367612495937,0.93,0.0005215192337862981,410.94173455600946,1637.4373626458887,0.0,nan
pd,10.0,1.0,replay,78,"demo_00 -2.5,+15 deg",demo_00,0.02279943343942127,0.16643980948261713,7.282369945467841,-0.08000000000000007,True,1.06,False,1.7686970946761732e-07,2.0,True,1.1597118396268442,7.921503102770436,0.14640047786148705,0.7422382078171756,1500.0000057405152,3.1623315055995644,1.06,7.554453812795785e-13,108.90855179872798,201.8244318197587,0.0,nan
pd,10.0,1.0,esn,79,"demo_00 +0,-15 deg",,0.01738839960553139,0.09972826988628596,7.93382752441774,-0.3900000000000001,True,0.74,True,0.00044473962487224736,2.0,False,2.205757429904023,7.5568923326608894,0.2918868408870587,0.521001958829064,635.148337200135,2.4643238793342572,1.16,0.0005213885245589306,274.87195471211777,734.2379382207039,0.0,nan
pd,10.0,1.0,replay,79,"demo_00 +0,-15 deg",demo_00,0.02393987471074739,0.2042279779560894,7.259530535535092,-0.07000000000000006,True,1.06,False,1.7658866829821977e-07,2.0,True,1.0949653351151916,7.5568923326608894,0.14489624662015513,0.7440413571685955,1499.9999942598195,3.3002525228520545,1.06,7.547845170246429e-13,93.20058169982791,88.50028474549028,0.0,nan
pd,10.0,1.0,esn,80,"demo_00 +0,-12.5 deg",,0.014594379442370513,0.09794059922201068,6.96092737252389,-0.3400000000000001,True,0.78,True,0.00045065857806221544,2.0,False,1.7544997378349283,6.377246175289189,0.2751187094883266,0.4368752421026009,537.3833011654717,2.051449457877394,1.2,0.0005213338556844764,234.10253444629447,531.2850839832703,0.0,nan
pd,10.0,1.0,replay,80,"demo_00 +0,-12.5 deg",demo_00,0.01993107482212181,0.1764451455969043,6.098265426792984,-0.06000000000000005,True,1.06,False,1.7660702806154378e-07,2.0,True,0.9264497053999189,6.377246175289189,0.14527425787478043,0.6357851869385768,1249.9999942597947,2.751224398727099,1.06,7.547845170246429e-13,77.6671513570784,62.61973333268046,0.0,nan
pd,10.0,1.0,esn,81,"demo_00 +0,-10 deg",,0.011413202590847743,0.09766054180381215,4.941631635467037,-0.2400000000000001,True,0.88,True,0.00045816333866160655,2.0,False,1.218045958048438,5.122756451871138,0.23777159220667898,0.36509104765718664,412.0729732605007,1.5941507070981722,1.28,0.0005212065553944532,179.51307234126162,314.9537981507606,0.0,nan
pd,10.0,1.0,replay,81,"demo_00 +0,-10 deg",demo_00,0.015939634426098935,0.14587903651129838,4.903162705926011,-0.06000000000000005,True,1.06,False,1.7662600158955144e-07,2.0,True,0.7587884291394722,5.122756451871138,0.14812112117145784,0.5297331738154104,999.9999942597702,2.202251215156176,1.06,7.547845170246429e-13,62.133721014328884,41.5284450817524,0.0,nan
pd,10.0,1.0,esn,82,"demo_00 +0,-7.5 deg",,0.007876700627117886,0.08965719300059698,3.118271736332737,-0.040000000000000036,True,1.07,True,0.0004636965477045357,2.0,False,0.7954212640703678,3.8891417906546457,0.20452359592075386,0.29596684804050594,307.20543403110554,1.0995196127982267,1.47,0.0005210773920153892,110.28912710917605,123.01298541880189,0.0,nan
pd,10.0,1.0,replay,82,"demo_00 +0,-7.5 deg",demo_00,0.011958147691607754,0.11260264580407975,3.7233764077941687,-0.050000000000000044,True,1.06,False,1.766455923097684e-07,2.0,True,0.5923242973968829,3.8891417906546457,0.15230205769823038,0.4281886309949431,749.9999942597391,1.652978807141965,1.06,7.547845170246429e-13,46.600290671579366,25.18055985871441,0.0,nan
pd,10.0,1.0,esn,83,"demo_00 +0,-5 deg",,0.004708973038782696,0.06734279285997431,5.712003663547655,0.1499999999999999,True,1.26,True,0.0004648619951623526,2.0,False,0.5069616322714242,2.6022551723041376,0.1948162646257864,0.23695645569540477,241.28436224687064,0.7524259588969066,1.6600000000000001,0.0005213935457428976,42.589067809130924,22.445112513180447,0.0,nan
pd,10.0,1.0,replay,83,"demo_00 +0,-5 deg",demo_00,0.007979235366871246,0.0768404572696303,2.524593216521794,-0.050000000000000044,True,1.06,False,1.7666579958378682e-07,2.0,True,0.4279154209489502,2.6022551723041376,0.16444022304317576,0.3359569435466786,499.999994259708,1.103062513846034,1.06,7.550078923448795e-13,31.06686032882978,13.537960724974974,0.0,nan
pd,10.0,1.0,esn,84,"demo_00 +0,-2.5 deg",,0.0024112675811639914,0.035046413776893326,7.084873242219997,0.24,True,1.35,True,0.00046541252291515856,2.0,False,0.3015957115146666,1.3056205598504806,0.23099797964977298,0.19904069599168409,145.804592454979,0.7437479021760565,1.75,0.0005218351267521368,9.059381922208445,3.850769418412471,0.0,nan
pd,10.0,1.0,replay,84,"demo_00 +0,-2.5 deg",demo_00,0.003995585140223236,0.03903278588394523,1.343916193701411,-0.050000000000000044,True,1.06,False,1.7668662400930552e-07,2.0,True,0.26749170805566375,1.3056205598504806,0.20487706480839796,0.26369113093537955,249.9999942596833,0.9108490619865454,1.06,7.550078923448795e-13,15.533429986080264,6.5705423844233115,0.0,nan
pd,10.0,1.0,esn,85,"demo_00 +0,+2.5 deg",,0.005301206098550822,0.03256738450697497,2.932761116478578,-0.09000000000000008,True,1.02,True,0.0004660701309888385,2.0,False,0.4591005357652331,1.3499602816745566,0.3400844765564083,0.22833308431537833,269.26823826268566,0.7273094151863043,1.42,0.0005210877350607313,87.04215402890198,74.04694276937632,0.0,nan
pd,10.0,1.0,replay,85,"demo_00 +0,+2.5 deg",demo_00,0.0040145438474231574,0.03852396109043571,1.2365724731591328,-0.050000000000000044,True,1.06,False,1.767301051729004e-07,2.0,True,0.3052602776903848,1.3499602816745566,0.22612537704570465,0.25525182423890164,250.00000574037884,0.9104460502708731,1.06,7.554453812795785e-13,15.533430699418762,6.582832266267176,0.0,nan
pd,10.0,1.0,esn,86,"demo_00 +0,+5 deg",,0.01034016529020412,0.0522742691513683,8.811231251335387,-0.32000000000000006,True,0.8,True,0.00046846691574555313,2.0,False,0.8531919691180302,2.6929104496170755,0.3168289421727157,0.3467915335173291,558.8749643808976,1.4186090275890721,1.2,0.000521288325408314,165.5319902472578,263.0394971247955,0.0,nan
pd,10.0,1.0,replay,86,"demo_00 +0,+5 deg",demo_00,0.008054827553494714,0.07478053212833187,2.4112887765923925,-0.06000000000000005,True,1.06,False,1.7675274871530856e-07,2.0,True,0.4876177075267782,2.6929104496170755,0.18107460929349362,0.32289938504033355,500.00000574040354,1.1092904834945048,1.06,7.556686917391825e-13,31.066861042168277,13.545423986464307,0.0,nan
pd,10.0,1.0,esn,87,"demo_00 +0,+7.5 deg",,0.015185275090954858,0.06286068020258567,12.570979296287133,-0.45000000000000007,True,0.67,True,0.0004753716288763767,2.0,False,1.261714770159734,4.054850195212392,0.31116187020902897,0.4996633575776427,862.1894920930996,2.1075680784930055,1.07,0.000521426993203602,238.71114249258966,547.0560868639336,0.0,nan
pd,10.0,1.0,replay,87,"demo_00 +0,+7.5 deg",demo_00,0.01212730783018058,0.10806424203691074,3.618214068768699,-0.06000000000000005,True,1.06,False,1.767759825882616e-07,2.0,True,0.6694045819768469,4.054850195212392,0.16508737678329538,0.4133242310181098,750.000005740441,1.6668660448637944,1.06,7.556686917391825e-13,46.60029138491779,25.14971338459993,0.0,nan
pd,10.0,1.0,esn,88,"demo_00 +0,+10 deg",,0.01954451411519126,0.06933766344345087,14.996113382367328,-0.5300000000000001,True,0.6,True,0.00047988859018859936,2.0,False,1.6409516887576248,5.376867912810926,0.3051872791682111,0.6561427166946934,1164.8473123164604,2.7455055085149107,0.98,0.0005214975024388251,299.3215600732411,864.8319770427826,0.0,nan
pd,10.0,1.0,replay,88,"demo_00 +0,+10 deg",demo_00,0.01623802106672737,0.13816437780404495,4.813259984723435,-0.07000000000000006,True,1.06,False,1.7679979324362448e-07,2.0,True,0.8505248926936552,5.376867912810926,0.15818221806550137,0.5144854484457879,1000.0000057404657,2.226626820123102,1.06,7.552272438011246e-13,62.13372172766729,41.41088327283643,0.0,nan
pd,10.0,1.0,esn,89,"demo_00 +0,+12.5 deg",,0.023509469986783667,0.0739145978959584,16.879702445064712,-0.5800000000000001,True,0.55,True,0.0004868314859221414,2.0,False,2.0258115300292627,6.735418744753007,0.3007699456856191,0.8099498649092121,1464.2752827940476,3.3408330090726492,0.89,0.0005215358439341667,349.0506238862774,1185.9307681360015,0.0,nan
pd,10.0,1.0,replay,89,"demo_00 +0,+12.5 deg",demo_00,0.0203924730393094,0.1651513255810491,6.028492056674056,-0.07000000000000006,True,1.06,False,1.7682416323289944e-07,2.0,True,1.03087945058519,6.735418744753007,0.1530535056024929,0.6209444658701834,1250.0000057404905,2.788680511879709,1.06,7.554453812795785e-13,77.66715207041698,62.35415257192508,0.0,nan
pd,10.0,1.0,esn,90,"demo_00 +0,+15 deg",,0.02720796255552797,0.07732687106717087,18.3784206297963,-0.6200000000000001,True,0.52,False,0.000492052516672386,2.0,True,2.4013417834360573,8.028795054611413,0.2990911795733065,0.9610821786705819,1760.3765002253188,3.907710855984034,0.52,0.000521558091489352,390.90466112989674,1502.4990409488528,0.0,nan
pd,10.0,1.0,replay,90,"demo_00 +0,+15 deg",demo_00,0.02459551413270641,0.1892128372041879,7.21581727404221,-0.08000000000000007,True,1.06,False,1.7684907367371394e-07,2.0,True,1.2103642356959532,8.028795054611413,0.1507529121696498,0.7301502454454071,1500.0000057405152,3.353073553707609,1.06,7.556686917391825e-13,93.20058241316649,88.0149111660059,0.0,nan
pd,10.0,1.0,esn,91,"demo_00 +2.5,-15 deg",,0.013803532772113172,0.10443822213163204,6.94905256709108,-0.3700000000000001,True,0.75,True,0.0004471201023557927,2.0,False,1.9687079838018156,6.932563639303647,0.283979792502787,0.44281797134558315,599.3247471530523,1.975004801852999,1.16,0.0005213856936221986,191.76623687351363,364.92374533626196,0.0,nan
pd,10.0,1.0,replay,91,"demo_00 +2.5,-15 deg",demo_00,0.024342624554121974,0.21292755402261473,7.618486675530048,-0.06000000000000005,True,1.06,False,1.7654072638493926e-07,2.0,True,1.0631579373830902,6.932563639303647,0.15335711184180065,0.7404396754543204,1499.9999942598195,3.276082109403332,1.06,7.534606896747849e-13,108.90853885016382,196.314379155053,0.0,nan
pd,10.0,1.0,esn,92,"demo_00 +2.5,-12.5 deg",,0.01109180790324534,0.09833639595704077,6.08008449842839,-0.33000000000000007,True,0.78,True,0.0004531835428605291,2.0,False,1.560570091175406,5.754825556150323,0.27117591592460805,0.3702609909786548,461.48972732720927,1.5775250682704323,1.19,0.0005213379068930371,155.62357386092876,240.23641189547698,0.0,nan
pd,10.0,1.0,replay,92,"demo_00 +2.5,-12.5 deg",demo_00,0.020288060258514706,0.18164907584464018,6.45813213322942,-0.050000000000000044,True,1.06,False,1.7656233130737425e-07,2.0,True,0.8867029842936752,5.754825556150323,0.1540799066178529,0.6345485257248722,1249.9999942597947,2.727581861547979,1.06,7.539033109900399e-13,108.90853885016382,171.9501434808853,0.0,nan
pd,10.0,1.0,esn,93,"demo_00 +2.5,-10 deg",,0.008222225689688403,0.0926843311452735,4.430904537289876,-0.2500000000000001,True,0.86,True,0.00045978959600669056,2.0,False,1.0785073952222954,4.507387300457787,0.23927551003055764,0.31362679294300916,356.11976067716483,1.165311202949872,1.26,0.0005212329565966394,107.48610685031144,117.73363021818805,0.0,nan
pd,10.0,1.0,replay,93,"demo_00 +2.5,-10 deg",demo_00,0.016310784516948718,0.14727349291910619,5.274645911941239,-0.050000000000000044,True,1.06,False,1.7658451499794963e-07,2.0,True,0.7117319152017975,4.507387300457787,0.15790343002686086,0.5317919058499387,999.9999942597702,2.187070203648213,1.06,7.547845170246429e-13,108.90853885016382,152.05935232602286,0.0,nan
pd,10.0,1.0,esn,94,"demo_00 +2.5,-7.5 deg",,0.005421368887221257,0.07960088933140241,2.5075572402470363,-0.09000000000000008,True,1.01,True,0.00046417795020637905,2.0,False,0.6957211788944346,3.2759776969961907,0.21237054804504785,0.26508760445129353,279.63149484163677,0.7773287155901346,1.41,0.0005210945074237922,50.581612906357485,30.6124798854386,0.0,nan
pd,10.0,1.0,replay,94,"demo_00 +2.5,-7.5 deg",demo_00,0.012462814529235129,0.11065985502658902,4.131725494762055,-0.040000000000000036,True,1.06,False,1.766072766136104e-07,2.0,True,0.5391207925989636,3.2759776969961907,0.16456790688571973,0.43488377339422657,749.9999942597391,1.6620172772979898,1.06,7.545652002198154e-13,108.90853885016382,136.60336084096002,0.0,nan
pd,10.0,1.0,esn,95,"demo_00 +2.5,-5 deg",,0.0032764583871444652,0.05264217216388253,3.378614329486665,0.040000000000000036,True,1.1400000000000001,True,0.0004646613640289378,2.0,False,0.4232241384132094,1.996431528752648,0.2119903098693477,0.2226685287860543,201.07719162038532,0.7527247872589519,1.53,0.0005211235531286921,12.493674198202287,4.746144721347855,0.0,nan
pd,10.0,1.0,replay,95,"demo_00 +2.5,-5 deg",demo_00,0.0088959282292778,0.07544635076926315,3.0173860806753314,-0.040000000000000036,True,1.06,False,1.7663061571769194e-07,2.0,True,0.37051107573949377,1.996431528752648,0.18558666821445446,0.3492117379963064,499.999994259708,1.1735280818951566,1.06,7.547845170246429e-13,108.90853885016382,125.55033810245553,0.0,nan
pd,10.0,1.0,esn,96,"demo_00 +2.5,-2.5 deg",,0.0011861279909220776,0.016700762205132693,1.7793285830617906,0.0,True,1.1,True,0.00046534312051085586,2.0,False,0.25827807181179535,0.7073414776894524,0.3651391583248684,0.19136982352379842,70.96856956920479,0.7425666189990613,1.49,0.000521094936932138,4.409541327710465,3.097467562131536,0.0,nan
pd,10.0,1.0,replay,96,"demo_00 +2.5,-2.5 deg",demo_00,0.006117223751638548,0.047818812456095997,2.04725742213643,-0.040000000000000036,True,1.06,False,1.7665452695208837e-07,2.0,True,0.21207810336712996,0.7073414776894524,0.29982421511585616,0.2855162949718161,249.9999942596833,0.9121498077639936,1.06,7.550078923448795e-13,108.90853885016382,118.87566039463051,0.0,nan
pd,10.0,1.0,esn,97,"demo_00 +2.5,+0 deg",,0.002944533577253614,0.016671939819780473,4.052058011071864,-0.20000000000000007,True,0.9,True,0.00046728973760428756,2.0,False,0.345519829562866,0.5903960363225216,0.5852339926179914,0.19617840478678747,138.44856385115318,0.7270660171128973,1.3,0.0005211804960108483,49.725398406668134,25.312373208875247,0.0,nan
pd,10.0,1.0,replay,97,"demo_00 +2.5,+0 deg",demo_00,0.005507874084117791,0.044307812323198435,1.533336237684093,-0.040000000000000036,True,1.06,False,1.766790037445075e-07,2.0,True,0.22388400453673066,0.5903960363225216,0.3792098706001936,0.2607390259790685,249.99998513828822,0.9119106646313645,1.06,7.550078923448795e-13,108.90853885016382,116.56237937991101,0.0,nan
pd,10.0,1.0,esn,98,"demo_00 +2.5,+2.5 deg",,0.007657526846684828,0.03812032224197698,8.79961995459787,-0.3700000000000001,True,0.74,True,0.000469095017655707,2.0,False,0.6956024972323758,1.8801197193375954,0.36997776794631504,0.2838900588821137,406.0416019158142,1.0473759361940398,1.1300000000000001,0.0005213664405119193,119.97219501481263,137.6671551388011,0.0,nan
pd,10.0,1.0,replay,98,"demo_00 +2.5,+2.5 deg",demo_00,0.007634208724086801,0.0686741736967137,1.8903971007616611,-0.050000000000000044,True,1.06,False,1.7670403747247688e-07,2.0,True,0.3992258050560323,1.8801197193375954,0.2123406296683531,0.2853060437871728,250.00000574037884,1.0303961157366281,1.06,7.547845170246429e-13,108.90853885016382,118.60175899408631,0.0,nan
pd,10.0,1.0,esn,99,"demo_00 +2.5,+5 deg",,0.012473394704696324,0.050445724026416464,11.89754448454927,-0.4700000000000001,True,0.64,True,0.00047368366490994614,2.0,False,1.0584905212931497,3.181669085347461,0.33268403875431785,0.4201030491686514,698.522409584202,1.7211427468303888,1.02,0.0005214715092380095,190.00047481491316,345.21843496206304,0.0,nan
pd,10.0,1.0,replay,99,"demo_00 +2.5,+5 deg",demo_00,0.011039399373283527,0.10270403828803074,2.810178027190617,-0.050000000000000044,True,1.06,False,1.7672961574345286e-07,2.0,True,0.5791175563375849,3.181669085347461,0.18201690395918127,0.34889174004967094,500.00000574040354,1.5002904666071324,1.06,7.554453812795785e-13,108.90853885016382,124.99387036796384,0.0,nan
pd,10.0,1.0,esn,100,"demo_00 +2.5,+7.5 deg",,0.01692325681519628,0.05845778190365651,14.021003873435172,-0.55,True,0.5700000000000001,True,0.00048175164690206316,1.9999999999999998,False,1.4302659483646678,4.456120563634844,0.32096661837129564,0.5661434046701816,996.1127123323231,2.358684750339812,0.93,0.0005215258881754409,249.42070641194823,599.724025399574,0.0,nan
pd,10.0,1.0,replay,100,"demo_00 +2.5,+7.5 deg",demo_00,0.014896981615773236,0.13629185339809224,3.896990526525633,-0.06000000000000005,True,1.06,False,1.7675572172438058e-07,2.0,True,0.7606190684564191,4.456120563634844,0.17069086385669613,0.434550001588968,750.000005740441,2.024018890403676,1.06,7.554453812795785e-13,108.90853885016382,135.7482281202186,0.0,nan
pd,10.0,1.0,esn,101,"demo_00 +2.5,+10 deg",,0.021003345752997157,0.06440874864301831,15.735487402654103,-0.5900000000000001,True,0.53,False,0.0004874298236896616,2.0,True,1.7953201331445514,5.776323540623945,0.3108067130447864,0.7120319445111027,1292.3164701597793,2.9562568444165427,0.53,0.0005215553776396684,297.99090667118486,865.7712140874091,0.0,nan
pd,10.0,1.0,replay,101,"demo_00 +2.5,+10 deg",demo_00,0.01895912847026778,0.16635819642148408,5.062279484335442,-0.06000000000000005,True,1.06,False,1.7678233717809776e-07,2.0,True,0.9439324697523062,5.776323540623945,0.16341405794079614,0.5315154174873644,1000.0000057404657,2.5701298957084253,1.06,7.554453812795785e-13,108.90853885016382,150.88444374922474,0.0,nan
pd,10.0,1.0,esn,102,"demo_00 +2.5,+12.5 deg",,0.0248021499251889,0.06914809012021801,17.12761205465877,-0.6200000000000001,True,0.51,False,0.0004910015416530457,2.0,True,2.1466403153367684,7.050747946832506,0.3044556877545353,0.8560030397246124,1584.9144418409676,3.522680430469787,0.51,0.000521571833919016,337.746344092989,1127.0487288479549,0.0,nan
pd,10.0,1.0,replay,102,"demo_00 +2.5,+12.5 deg",demo_00,0.023143769974766554,0.19297618362143412,6.230756693512498,-0.07000000000000006,True,1.06,False,1.7680943732118264e-07,2.0,True,1.1274470775655134,7.050747946832506,0.15990460672644105,0.6343918105340958,1250.0000057404905,3.127970532073804,1.06,7.556686917391825e-13,108.90853885016382,170.432862417166,0.0,nan
pd,10.0,1.0,esn,103,"demo_00 +2.5,+15 deg",,0.028387511104072168,0.07318863202894539,18.364127669015144,-0.6500000000000001,True,0.49,False,0.0004980079358153169,2.0,True,2.5221674837875034,8.311541876891955,0.3034536216198012,0.9974368546787704,1872.36592017279,4.064493525444266,0.49,0.0005215806358418836,370.1260561181121,1373.7061471005406,0.0,nan
pd,10.0,1.0,replay,103,"demo_00 +2.5,+15 deg",demo_00,0.02741889565108587,0.21644853188307797,7.4051886030660174,-0.08000000000000007,True,1.06,False,1.7683699078463518e-07,2.0,True,1.3104340579752785,8.311541876891955,0.15766437532109345,0.7404689586682109,1500.0000057405152,3.6930731946700606,1.06,7.556686917391825e-13,108.90853885016382,194.43513815244165,0.0,nan
pd,10.0,1.0,esn,104,"demo_00 +5,-15 deg",,0.010836331545941767,0.1020757770476625,6.157439934823126,-0.3500000000000001,True,0.75,True,0.0004492330616765328,2.0,False,1.772040195712783,6.303718035010635,0.28111032026986804,0.37715369067062043,549.3916030323634,1.5593882959045364,1.1500000000000001,0.0005213925204915805,120.70821428069038,151.72920971825963,0.0,nan
pd,10.0,1.0,replay,104,"demo_00 +5,-15 deg",demo_00,0.02589739785389165,0.22002205541593628,8.176110334120924,-0.040000000000000036,True,1.06,False,1.7649840126962207e-07,2.0,True,1.0192566753457493,6.303718035010635,0.16169134940440424,0.7524517853720476,1499.9999942598195,3.396482040017536,1.06,7.534606896747849e-13,217.81708417460973,530.8988223016504,0.0,nan
pd,10.0,1.0,esn,105,"demo_00 +5,-12.5 deg",,0.008302000902324518,0.08975698473384203,5.535968042161858,-0.3400000000000001,True,0.76,True,0.00045500679792469207,2.0,False,1.4074762705024906,5.0747277119413345,0.27735010632995344,0.3137772003946206,410.8648548086888,1.1912878454627316,1.16,0.0005213649137014756,92.96641824552275,90.37305263635984,0.0,nan
pd,10.0,1.0,replay,105,"demo_00 +5,-12.5 deg",demo_00,0.022021425935801676,0.18566898041771124,7.009927529822026,-0.040000000000000036,True,1.06,False,1.7652358071956215e-07,2.0,True,0.8329872904593824,5.0747277119413345,0.16414423349242582,0.6499442081824621,1249.9999942597947,2.878488361892539,1.06,7.539033109900399e-13,217.81708417460973,507.8038286551028,0.0,nan
pd,10.0,1.0,esn,106,"demo_00 +5,-10 deg",,0.005938877034491135,0.07642039552210823,4.711809457374828,-0.30000000000000004,True,0.8,True,0.0004584006031354604,2.0,False,0.9753308898757884,3.833980455516702,0.2543912002661328,0.26841621874083127,304.4745918269306,0.8502195458654193,1.19,0.0005213172151208418,59.002635141098565,39.09507750289941,0.0,nan
pd,10.0,1.0,replay,106,"demo_00 +5,-10 deg",demo_00,0.01836648269809609,0.1513442809515006,5.8775233861833955,-0.040000000000000036,True,1.06,False,1.7654930616264314e-07,2.0,True,0.650013610776688,3.833980455516702,0.1695401471964693,0.5524260982760986,999.9999942597702,2.3889168809970074,1.06,7.539033109900399e-13,217.81708417460973,488.81106963501406,0.0,nan
pd,10.0,1.0,esn,107,"demo_00 +5,-7.5 deg",,0.003872372127810337,0.05688089400948218,3.745686971893984,-0.2500000000000001,True,0.84,True,0.000463638796658833,2.0,False,0.6219304721837,2.603958954829355,0.23884035154634645,0.23521295745785614,218.09401557090717,0.7570275208149978,1.23,0.0005212580549666241,25.859080928857345,11.07599263871524,0.0,nan
pd,10.0,1.0,replay,107,"demo_00 +5,-7.5 deg",demo_00,0.015076976618096979,0.12035696721229844,4.826400946976406,-0.030000000000000027,True,1.06,False,1.765755771923633e-07,2.0,True,0.47274777238852544,2.603958954829355,0.18154962523958293,0.46333777980982227,749.9999942597391,1.9490602431745323,1.06,7.545652002198154e-13,217.81708417460973,473.8884471431128,0.0,nan
pd,10.0,1.0,esn,108,"demo_00 +5,-5 deg",,0.0020411895860163267,0.027721453435430147,3.958379315867108,-0.2500000000000001,True,0.84,True,0.0004642502869149032,2.0,False,0.39228667510943316,1.3314368562388694,0.2946340814220739,0.20451839386607196,112.4014252505124,0.7411163702836138,1.23,0.0005212621559099668,14.296887940195141,5.261934401094731,0.0,nan
pd,10.0,1.0,replay,108,"demo_00 +5,-5 deg",demo_00,0.012435404190344446,0.09611239817413629,3.8615867124543577,-0.030000000000000027,True,1.06,False,1.7660238636068037e-07,2.0,True,0.30733338517643033,1.3314368562388694,0.2308283594045954,0.388763063056879,499.999994259708,1.6006123505579792,1.06,7.547845170246429e-13,217.81708417460973,463.0097693749548,0.0,nan
pd,10.0,1.0,esn,109,"demo_00 +5,-2.5 deg",,0.002122545689100497,0.006941603748144845,6.369057142325135,-0.3400000000000001,True,0.75,True,0.0004682651145902708,2.0,False,0.2711440493953525,0.049527184991027776,nan,0.19428546556698537,95.84577608640977,0.7239612340860238,1.1400000000000001,0.0005213578282594932,41.7536961962492,17.990627375147017,0.0,nan
pd,10.0,1.0,replay,109,"demo_00 +5,-2.5 deg",demo_00,0.010921331991007992,0.08449614272856573,3.1190159246294,-0.030000000000000027,True,1.06,False,1.7662972482134743e-07,2.0,True,0.20415450480284672,0.049527184991027776,nan,0.3386027691049491,499.9999851383161,1.4135718324672226,1.06,7.547845170246429e-13,217.81708417460973,456.15531605442453,0.0,nan
pd,10.0,1.0,esn,110,"demo_00 +5,+0 deg",,0.005960629899021357,0.02409561240864701,9.134888770943686,-0.44000000000000006,True,0.66,True,0.00047088057397570737,2.0,False,0.5472448322460011,1.2304911090449369,0.44473692513776303,0.25235623670553115,290.5736502619261,0.8165729594521316,1.04,0.0005214572490449546,97.7643206574989,89.86226405778496,0.0,nan
pd,10.0,1.0,replay,110,"demo_00 +5,+0 deg",demo_00,0.011019763673320694,0.09019894644347139,2.773411729848247,-0.040000000000000036,True,1.06,False,1.7665758241616742e-07,2.0,True,0.356461597350772,1.2304911090449369,0.28969051034220367,0.32444055178468995,499.9999851383161,1.4527941017933503,1.06,7.547886077849195e-13,217.81708417460973,453.31251438872494,0.0,nan
pd,10.0,1.0,esn,111,"demo_00 +5,+2.5 deg",,0.01042817961546953,0.03786795158932339,11.406401952129666,-0.5100000000000001,True,0.59,True,0.00047562261302652546,2.0,False,0.8963895351233307,2.5177304823931896,0.35603077509363973,0.3642440204160429,562.893885525585,1.4346444564401999,0.9500000000000001,0.0005215205907833085,159.5515995231756,240.5015940446963,0.0,nan
pd,10.0,1.0,replay,111,"demo_00 +5,+2.5 deg",demo_00,0.012710486961836685,0.1106773276287101,2.990560500276391,-0.040000000000000036,True,1.06,False,1.766859435687478e-07,2.0,True,0.5389109095298547,2.5177304823931896,0.2140463061072372,0.35059904700519423,499.9999851383161,1.7039205228194476,1.06,7.550078923448795e-13,217.81708417460973,454.47672664864905,0.0,nan
pd,10.0,1.0,esn,112,"demo_00 +5,+5 deg",,0.01474456846083024,0.04747119116956188,13.150021125897897,-0.5700000000000001,True,0.54,False,0.0004819320852048004,2.0,True,1.2537818116992858,3.7798274251830413,0.33170345379949995,0.4941126827261821,848.877392493592,2.0430087811618156,0.54,0.0005215560800904322,213.90738696286417,438.25004652503407,0.0,nan
pd,10.0,1.0,replay,112,"demo_00 +5,+5 deg",demo_00,0.015501360680387625,0.13949180910979206,3.6459850485348335,-0.050000000000000044,True,1.06,False,1.7671478991114268e-07,2.0,True,0.7261026042886984,3.7798274251830413,0.19209940629856567,0.40926384642517066,500.00000574040354,2.093145243829543,1.06,7.554453812795785e-13,217.81708417460973,459.65214651609705,0.0,nan
pd,10.0,1.0,esn,113,"demo_00 +5,+7.5 deg",,0.018765505806161098,0.05490042322398169,14.652484312445958,-0.6000000000000001,True,0.51,False,0.000487446381624492,2.0,True,1.6098677114796942,5.068561153787403,0.31761828705109846,0.6280876525767893,1136.7930409133266,2.6205630059847516,0.51,0.000521575334289998,258.01476436013263,648.1085790515119,0.0,nan
pd,10.0,1.0,replay,113,"demo_00 +5,+7.5 deg",demo_00,0.018933930368710314,0.17099586880831943,4.573673610912261,-0.050000000000000044,True,1.06,False,1.7674409815081554e-07,2.0,True,0.9129748137095925,5.068561153787403,0.18012504653857955,0.48865256076070956,750.000005740441,2.5592313978667995,1.06,7.552272438011246e-13,217.81708417460973,468.8527958225231,0.0,nan
pd,10.0,1.0,esn,114,"demo_00 +5,+10 deg",,0.022529875092307514,0.06112476366687037,15.91503530357616,-0.6300000000000001,True,0.49,False,0.0004936396898287436,2.0,True,1.969096494739978,6.309209214827455,0.31209877937037617,0.7621540429724974,1421.8304267469057,3.1698574337731413,0.49,0.0005215852937396265,292.89964960484593,850.5004477564555,0.0,nan
pd,10.0,1.0,replay,114,"demo_00 +5,+10 deg",demo_00,0.022741808208056078,0.20001645384117153,5.610027921398771,-0.06000000000000005,True,1.06,False,1.7677383990498841e-07,2.0,True,1.0986298567418873,6.309209214827455,0.17413115009088073,0.5800676273608287,1000.0000057404657,3.0682193922877152,1.06,7.554453812795785e-13,217.81708417460973,482.10360560598076,0.0,nan
pd,10.0,1.0,esn,115,"demo_00 +5,+12.5 deg",,0.026105922607731015,0.06658633788785086,17.068312072008844,-0.6500000000000001,True,0.48,False,0.0004993700909691595,2.0,True,2.319149741219941,7.533454409007347,0.3078467878490189,0.8949764138430231,1701.9506863626248,3.697506592393644,0.48,0.0005215896224790062,320.1349286726739,1036.393652610632,0.0,nan
pd,10.0,1.0,replay,115,"demo_00 +5,+12.5 deg",demo_00,0.026787294734341546,0.22561874055480155,6.7079348518610225,-0.07000000000000006,True,1.06,False,1.7680397990014594e-07,2.0,True,1.283871867798844,7.533454409007347,0.17042273014406079,0.6783895275620457,1250.0000057404905,3.6026683705981255,1.06,7.554453812795785e-13,217.81708417460973,499.4415551315132,0.0,nan
pd,10.0,1.0,esn,116,"demo_00 +5,+15 deg",,0.029564075232050676,0.0715451006718118,18.234875512673867,-0.6600000000000001,True,0.47000000000000003,False,0.0005072177020041472,2.0,True,2.682514115947256,8.819526418586488,0.30415625382039335,1.026173611810645,1976.7132175718589,4.21068706797903,0.47000000000000003,0.0005215903809123907,341.3032868972274,1203.6480522196423,0.0,nan
pd,10.0,1.0,replay,116,"demo_00 +5,+15 deg",demo_00,0.030998311344835015,0.24803876074029943,7.870596903603167,-0.07000000000000006,True,1.06,False,1.7683447620228916e-07,2.0,True,1.4695457625957706,8.819526418586488,0.16662411254858464,0.7807224579989703,1500.0000057405152,4.153265051306142,1.06,7.556686917391825e-13,217.81708417460973,520.9168293210876,0.0,nan
pd,10.0,1.0,esn,117,"demo_00 +7.5,-15 deg",,0.0085012927263665,0.09162856920505687,5.4559077013281225,-0.3600000000000001,True,0.73,True,0.00045332372635400293,2.0,False,1.6294919275753972,5.562520723070491,0.2929412776508136,0.31874125053537467,479.60483541723687,1.2217578926641777,1.12,0.0005214089934330539,68.28209311094142,54.633239495007686,0.0,nan
pd,10.0,1.0,replay,117,"demo_00 +7.5,-15 deg",demo_00,0.028415370776015626,0.22744815008431804,8.83098463041552,-0.030000000000000027,True,1.06,False,1.7646229659848285e-07,2.0,True,0.9574864338537477,5.562520723070491,0.1721317513268011,0.775734222952515,1499.9999942598195,3.6480095015301766,1.06,7.532401119503815e-13,326.72562949905546,1092.3603784745426,0.0,nan
pd,10.0,1.0,esn,118,"demo_00 +7.5,-12.5 deg",,0.006170694055337208,0.07233514110724325,5.198678094586591,-0.3600000000000001,True,0.73,True,0.0004562442216041554,2.0,False,1.2901285078434288,4.339819089031135,0.29727702500415754,0.2609119361620758,337.88939947707223,0.8883394625250369,1.12,0.000521405144239129,52.93666852286266,32.44568680610171,0.0,nan
pd,10.0,1.0,replay,118,"demo_00 +7.5,-12.5 deg",demo_00,0.024844623661390803,0.1954587922636193,7.710151937192588,-0.030000000000000027,True,1.06,False,1.764914189320312e-07,2.0,True,0.7613820645403121,4.339819089031135,0.1754409686027467,0.6778583739474988,1249.9999942597947,3.180655545068914,1.06,7.534636015919998e-13,326.72562949905546,1070.2606506877908,0.0,nan
pd,10.0,1.0,esn,119,"demo_00 +7.5,-10 deg",,0.00429199810645236,0.05118440745499215,5.362704953296594,-0.3600000000000001,True,0.72,True,0.0004595080692141861,2.0,False,0.9415252780457999,3.1315453422783905,0.3006583571805423,0.22038808763460116,223.86346288077834,0.6618237422134097,1.11,0.0005214119934741446,40.76884516592857,19.304292544000656,0.0,nan
pd,10.0,1.0,replay,119,"demo_00 +7.5,-10 deg",demo_00,0.021631977638663962,0.1670737729139829,6.678045231953742,-0.020000000000000018,True,1.06,False,1.7652106469675995e-07,2.0,True,0.5720011914150217,3.1315453422783905,0.18265780274439708,0.5876813281723544,999.9999942597702,2.762927097441662,1.06,7.539033109900399e-13,326.72562949905546,1051.8360803262271,0.0,nan
pd,10.0,1.0,esn,120,"demo_00 +7.5,-7.5 deg",,0.0028925403988226094,0.028085439480923555,6.103047119394007,-0.39,True,0.6900000000000001,True,0.00046377888951207324,2.0,False,0.6729801901642156,1.8760230911927496,0.3587270291733691,0.19518209055727448,116.41403589456854,0.6669849354277272,1.08,0.0005214370192252424,39.385102312983875,16.670780122260236,0.0,nan
pd,10.0,1.0,replay,120,"demo_00 +7.5,-7.5 deg",demo_00,0.018947648131663226,0.14441882056365257,5.703845955025201,-0.020000000000000018,True,1.06,False,1.7655122550585956e-07,2.0,True,0.3970700617103155,1.8760230911927496,0.2116552102020577,0.5093750869866881,749.9999942597391,2.420495844362126,1.06,7.539033109900399e-13,326.72562949905546,1037.0605008929474,0.0,nan
pd,10.0,1.0,esn,121,"demo_00 +7.5,-5 deg",,0.0029526253178020524,0.005728427251585185,7.52371947856604,-0.44000000000000006,True,0.64,True,0.0004682595525548326,2.0,False,0.41720708441053905,0.6103677855520978,0.68353391887018,0.19337851961553973,136.0857317368093,0.6833427914508505,1.02,0.0005214818239988014,59.28359633146818,33.03158277346576,0.0,nan
pd,10.0,1.0,replay,121,"demo_00 +7.5,-5 deg",demo_00,0.017036351846347535,0.13047064875497258,4.88031811385123,-0.020000000000000018,True,1.06,False,1.765818895423899e-07,2.0,True,0.27637053720233223,0.6103677855520978,0.4527934529708936,0.4492078536139416,749.9999851383424,2.1891381429231824,1.06,7.547845170246429e-13,326.72562949905546,1025.9127745852898,0.0,nan
pd,10.0,1.0,esn,122,"demo_00 +7.5,-2.5 deg",,0.005548670766942484,0.014758109931726972,9.263290466970496,-0.4900000000000001,True,0.59,True,0.00047117821648794264,2.0,False,0.39809989505984683,0.6645621753617241,0.5990408570020694,0.23793441924651854,229.61819634347123,0.7654859550991789,0.9500000000000001,0.0005215290321788977,100.02953497515063,91.53306906155804,0.0,nan
pd,10.0,1.0,replay,122,"demo_00 +7.5,-2.5 deg",demo_00,0.01617490431891957,0.1279681777620954,4.296661763912354,-0.020000000000000018,True,1.06,False,1.7661304260475946e-07,2.0,True,0.3465986427227232,0.6645621753617241,0.5215443423846204,0.4150886211894145,749.9999851383424,2.106244544222949,1.06,7.547845170246429e-13,326.72562949905546,1018.3775771606665,0.0,nan
pd,10.0,1.0,esn,123,"demo_00 +7.5,+0 deg",,0.009226271069347305,0.027470210673982278,10.86881911895797,-0.55,True,0.54,True,0.0004773043063109118,2.0,False,0.7439767377282152,1.9314785811357724,0.38518508307285115,0.3259230712175891,459.7505986496893,1.2690904121497775,0.85,0.0005215630487053859,148.22586583120705,203.80339274262013,0.0,nan
pd,10.0,1.0,replay,123,"demo_00 +7.5,+0 deg",demo_00,0.016535805977361727,0.13746468502440862,4.040952996924478,-0.030000000000000027,True,1.06,False,1.7664466950116273e-07,2.0,True,0.5273942625868231,1.9314785811357724,0.2730520895948523,0.41338167417461025,749.9999851383424,2.189432717424914,1.06,7.547886077849195e-13,326.72562949905546,1014.446339998486,0.0,nan
pd,10.0,1.0,esn,124,"demo_00 +7.5,+2.5 deg",,0.013076003660533936,0.03758888761031996,12.323840792386493,-0.5900000000000001,True,0.5,False,0.0004852404717526274,2.0,True,1.111640312423432,3.211505148251083,0.34614308902129814,0.43605637071834547,724.624989765677,1.8043122581641984,0.5,0.0005215829741445716,192.27568627184618,350.1616742215449,0.0,nan
pd,10.0,1.0,replay,124,"demo_00 +7.5,+2.5 deg",demo_00,0.01805895814870514,0.1566951496180273,4.209240309208029,-0.030000000000000027,True,1.06,False,1.76676745564302e-07,2.0,True,0.7220120895076134,3.211505148251083,0.2248204677177011,0.4442543812631129,749.9999851383424,2.4224345525655053,1.06,7.550078923448795e-13,326.72562949905546,1014.1183585652121,0.0,nan
pd,10.0,1.0,esn,125,"demo_00 +7.5,+5 deg",,0.016804500481098508,0.04613728098507982,13.565338195413325,-0.6200000000000001,True,0.48,False,0.0004911041953734205,2.0,True,1.4732554232813622,4.460410487854896,0.33029592843368133,0.5549990138007049,997.3096527219734,2.3315533870629146,0.48,0.0005215930734390959,227.71384990556197,502.52446349135516,0.0,nan
pd,10.0,1.0,replay,125,"demo_00 +7.5,+5 deg",demo_00,0.020503365079772063,0.18246743186147354,4.718881764605455,-0.040000000000000036,True,1.06,False,1.7670924550706517e-07,2.0,True,0.9196724945107377,4.460410487854896,0.20618561834496701,0.5014683042459108,749.9999851383424,2.7684488847731243,1.06,7.552259299714415e-13,326.72562949905546,1017.4020734270151,0.0,nan
pd,10.0,1.0,esn,126,"demo_00 +7.5,+7.5 deg",,0.02038141146015264,0.05374101015136954,14.701855566729053,-0.6400000000000001,True,0.47000000000000003,False,0.0004969715546165155,2.0,True,1.8262750328738708,5.693833919778704,0.32074610159069245,0.6771520866791164,1269.9754708019886,2.8447045003829308,0.47000000000000003,0.0005215970380526931,254.69818474590593,644.5000502550674,0.0,nan
pd,10.0,1.0,replay,126,"demo_00 +7.5,+7.5 deg",demo_00,0.023602724713913302,0.21134712833078803,5.481397843691499,-0.050000000000000044,True,1.06,False,1.7674213503677862e-07,2.0,True,1.116420146838869,5.693833919778704,0.1960752917222882,0.5769459888069206,750.000005740441,3.1916184121049924,1.06,7.552272438011246e-13,326.72562949905546,1024.316524677617,0.0,nan
pd,10.0,1.0,esn,127,"demo_00 +7.5,+10 deg",,0.023853710348002325,0.06064876781751599,15.776458537845336,-0.6600000000000001,True,0.46,False,0.0005052141645240795,2.0,True,2.1871858364836325,6.911025327211308,0.31647776312899023,0.8002485277545522,1539.5814871315995,3.347448391034832,0.46,0.0005215971614038589,274.7799767762331,770.7510143756399,0.0,nan
pd,10.0,1.0,replay,127,"demo_00 +7.5,+10 deg",demo_00,0.027152538024001003,0.2386265311670745,6.400602615082445,-0.06000000000000005,True,1.06,False,1.7677537459534169e-07,2.0,True,1.3113668897301636,6.911025327211308,0.1897499759647557,0.6641686369067928,1000.0000057404657,3.6658804445022426,1.06,7.554453812795785e-13,326.72562949905546,1034.8929725006096,0.0,nan
pd,10.0,1.0,esn,128,"demo_00 +7.5,+12.5 deg",,0.02727929313466672,0.06699710030648362,16.890378707743327,-0.6600000000000001,True,0.46,False,0.0005118314095962612,2.0,True,2.5221669552312656,8.178860971562937,0.3083763086327769,0.9233561071909483,1805.399428792571,3.8451014334163642,0.46,0.0005215948165279975,289.65900373032116,882.1824507888387,0.0,nan
pd,10.0,1.0,replay,128,"demo_00 +7.5,+12.5 deg",demo_00,0.031017182946396278,0.26272139279784806,7.445165335383469,-0.06000000000000005,True,1.06,False,1.7680891529865854e-07,2.0,True,1.504379567200327,8.178860971562937,0.18393509468260932,0.7587539720010571,1250.0000057404905,4.174249306461483,1.06,7.556686917391825e-13,326.72562949905546,1049.17666485492,0.0,nan
pd,10.0,1.0,esn,129,"demo_00 +7.5,+15 deg",,0.030708341053980518,0.07276178580313711,17.91671855216029,-0.6600000000000001,True,0.47000000000000003,False,0.0005161875163653173,2.0,True,2.817901593309865,9.37096411880275,0.300705621917362,1.0461168447533813,2067.822003679022,4.342327604148292,0.47000000000000003,0.0005215908398306223,300.7954046557537,982.3031075042346,0.0,nan
pd,10.0,1.0,replay,129,"demo_00 +7.5,+15 deg",demo_00,0.03511063321985948,0.28372877541921204,8.516215609342819,-0.07000000000000006,True,1.06,False,1.7684270110783276e-07,2.0,True,1.6952861776770152,9.37096411880275,0.18090840560102453,0.8579101502745184,1500.0000057405152,4.705881669023326,1.06,7.556686917391825e-13,326.72562949905546,1067.2287172632632,0.0,nan
pd,10.0,1.0,esn,130,"demo_00 +10,-15 deg",,0.006560187868155816,0.07439339520221148,4.849417621447551,-0.3700000000000001,True,0.71,True,0.0004558764643034627,2.0,False,1.5290789749106966,4.769092664657462,0.32062261784978796,0.26291903072778483,387.3246256373285,0.9395124620287322,1.09,0.0005214342056455246,39.43356435075684,21.899959530142798,0.0,nan
pd,10.0,1.0,replay,130,"demo_00 +10,-15 deg",demo_00,0.03166733550699914,0.24124563080232145,9.587664832161108,-0.020000000000000018,True,1.06,False,1.7643308457439355e-07,2.0,True,0.8736852109506176,4.769092664657462,0.18319736528192823,0.8072413251363743,1499.9999942598195,4.007162217775112,1.06,7.534578431830346e-13,435.6341748235015,1880.76769280497,0.0,nan
pd,10.0,1.0,esn,131,"demo_00 +10,-12.5 deg",,0.004450155885899245,0.05020885931729199,5.024953617483591,-0.38,True,0.6900000000000001,True,0.0004590607824868469,2.0,False,1.2722699477058443,3.582040881979665,0.35518018627489994,0.21042495191369776,241.6489325622019,0.6443275375845091,1.07,0.0005214496195332798,39.3172760918919,17.99155464110635,0.0,nan
pd,10.0,1.0,replay,131,"demo_00 +10,-12.5 deg",demo_00,0.028434819852219562,0.21446266231423403,8.56003439974729,-0.010000000000000009,True,1.06,False,1.7646657130111759e-07,2.0,True,0.6689055155370565,3.582040881979665,0.18673866032689623,0.7158581512226222,1249.9999942597947,3.5979033529370676,1.06,7.532401119503815e-13,435.6341748235015,1859.3595532906118,0.0,nan
pd,10.0,1.0,esn,132,"demo_00 +10,-10 deg",,0.0033134247446054274,0.026698660473954066,5.883447337090838,-0.42000000000000004,True,0.65,True,0.0004627047315983645,2.0,False,1.0003149123037083,2.3436148542106263,0.4268256409565356,0.18044836942560646,116.77999656306288,0.5884248144609474,1.02,0.0005214847885783711,50.85661011579521,25.201987613577902,0.0,nan
pd,10.0,1.0,replay,132,"demo_00 +10,-10 deg",demo_00,0.02564960587163115,0.19272666398558377,7.5685348424443415,-0.010000000000000009,True,1.06,False,1.7650056532949458e-07,2.0,True,0.48142472317077806,2.3436148542106263,0.20541972684028362,0.6356768590764572,999.9999942597702,3.2527472167915263,1.06,7.534606896747849e-13,435.6341748235015,1841.1431297313038,0.0,nan
pd,10.0,1.0,esn,133,"demo_00 +10,-7.5 deg",,0.003914465793838205,0.007529080518482913,7.295395451861508,-0.4800000000000001,True,0.59,True,0.0004679941741391531,2.0,False,0.6592122440842911,1.094528654425864,0.6022795670252065,0.182390265940363,179.50775934280858,0.5971920799143275,0.9500000000000001,0.0005215318170490793,78.19971577789536,55.45313276811102,0.0,nan
pd,10.0,1.0,replay,133,"demo_00 +10,-7.5 deg",demo_00,0.023461803883873197,0.17783191624990727,6.693961957921715,-0.010000000000000009,True,1.06,False,1.7653505068824395e-07,2.0,True,0.3480731779785848,1.094528654425864,0.31801193744093154,0.5712961775211495,999.9999851383719,2.993848512995333,1.06,7.534606896747849e-13,435.6341748235015,1826.097638942195,0.0,nan
pd,10.0,1.0,esn,134,"demo_00 +10,-5 deg",,0.006050979728119558,0.009119628523091472,8.812194344311331,-0.53,True,0.54,True,0.0004719963719440232,2.0,False,0.300665274706752,0.16468781077512382,nan,0.22359429508723647,264.06360981725925,0.8369081387052526,0.86,0.0005215705665199407,115.03513447326615,119.29182249603147,0.0,nan
pd,10.0,1.0,replay,134,"demo_00 +10,-5 deg",demo_00,0.02204541869020608,0.17148302682502603,5.9886888498839115,-0.010000000000000009,True,1.06,False,1.765700110261513e-07,2.0,True,0.3612923861953133,0.16468781077512382,nan,0.5283394322313583,999.9999851383719,2.844991285712495,1.06,7.545652002198154e-13,435.6341748235015,1814.206488175893,0.0,nan
pd,10.0,1.0,esn,135,"demo_00 +10,-2.5 deg",,0.008838952779453828,0.019665114518216353,10.17774746949234,-0.5800000000000001,True,0.49,False,0.00048110615579515425,2.0,True,0.6009336749408896,1.432586354651375,0.419474660630234,0.29530249782217954,388.2774665705842,1.2151263214800796,0.49,0.0005215931494439559,151.06261524238317,208.80998855931236,0.0,nan
pd,10.0,1.0,replay,135,"demo_00 +10,-2.5 deg",demo_00,0.021554113715966536,0.17451087769468285,5.518907892310983,-0.010000000000000009,True,1.06,False,1.7660542506190304e-07,2.0,True,0.5403728092637182,1.432586354651375,0.3772008629771012,0.5119899445482695,999.9999851383719,2.8239769257419547,1.06,7.547845170246429e-13,435.6341748235015,1805.4583279477508,0.0,nan
pd,10.0,1.0,esn,136,"demo_00 +10,+0 deg",,0.011914301643225746,0.02936843375247167,11.350987361386803,-0.6100000000000001,True,0.47000000000000003,False,0.00048642938671869274,2.0,True,0.9775468140076171,2.686001826844875,0.3639412319968141,0.3864991393548704,623.0417131453255,1.6381267904624577,0.47000000000000003,0.0005216037767931172,181.53079558637847,308.60697622187416,0.0,nan
pd,10.0,1.0,replay,136,"demo_00 +10,+0 deg",demo_00,0.022056139002117933,0.18634352002200336,5.323280806282068,-0.020000000000000018,True,1.06,False,1.7664126671895456e-07,2.0,True,0.743279486688851,2.686001826844875,0.27672337347660997,0.524455126895536,999.9999851383719,2.9340415668081623,1.06,7.547886077849195e-13,435.6341748235015,1799.8483191065623,0.0,nan
pd,10.0,1.0,esn,137,"demo_00 +10,+2.5 deg",,0.01510382250164409,0.038590837100394286,12.431462976213973,-0.6400000000000001,True,0.45,False,0.0004956786761558929,2.0,True,1.3633202086346818,3.9256849915608307,0.34728212058926133,0.4894092338041426,873.1502473559144,2.084063486117381,0.45,0.0005216071635959968,204.76515543692048,403.8991968302258,0.0,nan
pd,10.0,1.0,replay,137,"demo_00 +10,+2.5 deg",demo_00,0.023498503725823527,0.20534222803801294,5.45380339587578,-0.030000000000000027,True,1.06,False,1.766775058106893e-07,2.0,True,0.9528366585044542,3.9256849915608307,0.24271857282303527,0.5634999715208189,999.9999851383719,3.162072706476472,1.06,7.550078923448795e-13,435.6341748235015,1797.3796328096646,0.0,nan
pd,10.0,1.0,esn,138,"demo_00 +10,+5 deg",,0.01834322829858362,0.04741566020880302,13.52407419133994,-0.6400000000000001,True,0.45,False,0.0005014945897951358,2.0,True,1.7120990328466865,5.194264115654449,0.32961339560819986,0.5989178334539726,1128.6285179494857,2.5431499570070395,0.45,0.0005216062807752027,221.3271236012711,487.55221029831745,0.0,nan
pd,10.0,1.0,replay,138,"demo_00 +10,+5 deg",demo_00,0.025737112767188215,0.2295660905764187,5.9075415094310975,-0.030000000000000027,True,1.06,False,1.7671410267969185e-07,2.0,True,1.1634279356031725,5.194264115654449,0.22398320718748949,0.6237963384934121,999.9999851383719,3.485519407376684,1.06,7.554453812795785e-13,435.6341748235015,1798.0651996144566,0.0,nan
pd,10.0,1.0,esn,139,"demo_00 +10,+7.5 deg",,0.021630509217499778,0.055718005058235445,14.538692380664383,-0.6500000000000001,True,0.45,False,0.0005091854570819349,2.0,True,2.0542985529202613,6.414062478601573,0.3202804088319623,0.7120297768921668,1384.7653757430735,3.0123872451352187,0.45,0.0005216027902369319,232.69017342611187,559.3717000150654,0.0,nan
pd,10.0,1.0,replay,139,"demo_00 +10,+7.5 deg",demo_00,0.028600841000971957,0.2563228892589133,6.569248380237792,-0.040000000000000036,True,1.06,False,1.767510133532714e-07,2.0,True,1.3722905475544844,6.414062478601573,0.2139502931461432,0.699486587428579,999.9999851383719,3.881040713702007,1.06,7.554453812795785e-13,435.6341748235015,1801.9297186509564,0.0,nan
pd,10.0,1.0,esn,140,"demo_00 +10,+10 deg",,0.024981584572831186,0.06339903488692557,15.546296493563116,-0.6500000000000001,True,0.46,False,0.0005148838035947891,2.0,True,2.360436470372659,7.617615021782961,0.3098655502572485,0.8270729100459691,1639.8576563545782,3.491199342930328,0.46,0.0005215976331785774,240.3528815343095,622.4102468475961,0.0,nan
pd,10.0,1.0,replay,140,"demo_00 +10,+10 deg",demo_00,0.031937917473852044,0.2815273510618606,7.395153876527345,-0.050000000000000044,True,1.06,False,1.7678818176807577e-07,2.0,True,1.5794238417852424,7.617615021782961,0.20733836473342365,0.7857267079392606,1000.0000057404657,4.329234844322286,1.06,7.552272438011246e-13,435.6341748235015,1809.011928858579,0.0,nan
pd,10.0,1.0,esn,141,"demo_00 +10,+12.5 deg",,0.028413322747066014,0.07038220774717859,16.55468407204993,-0.6500000000000001,True,0.47000000000000003,False,0.0005212208244005621,2.0,True,2.6579948884223437,8.804187100211541,0.30190122701486877,0.9431434745617616,1893.6775411220035,3.979685099309563,0.47000000000000003,0.0005215913717155107,245.55174456691122,680.535930988878,0.0,nan
pd,10.0,1.0,replay,141,"demo_00 +10,+12.5 deg",demo_00,0.035631424632711496,0.3037468108909932,8.330735047417395,-0.06000000000000005,True,1.06,False,1.7682554438003672e-07,2.0,True,1.7839000683494548,8.804187100211541,0.2026195091090911,0.8789853667545149,1250.0000057404905,4.815549323377157,1.06,7.556686917391825e-13,435.6341748235015,1819.3671304962827,0.0,nan
pd,10.0,1.0,esn,142,"demo_00 +10,+15 deg",,0.03193766389423566,0.07663998644967332,17.56736840415961,-0.6400000000000001,True,0.49,False,0.0005245544480398955,2.0,True,2.9079633123142554,9.97297993755837,0.2915841935430782,1.0597345424858846,2146.5477104883716,4.477855159516806,0.49,0.000521584353285625,249.18383026556353,737.1265820506218,0.0,nan
pd,10.0,1.0,replay,142,"demo_00 +10,+15 deg",demo_00,0.039596788878168566,0.32303704569291797,9.337688470441972,-0.07000000000000006,True,1.06,False,1.768630223680985e-07,2.0,True,1.9854555671274694,9.97297993755837,0.19908348152293162,0.9767988223754243,1500.0000057405152,5.329481693109394,1.06,7.554453812795785e-13,435.6341748235015,1833.0699254587119,0.0,nan
pd,10.0,1.0,esn,143,"demo_00 +12.5,-15 deg",,0.004783284672883994,0.05308374027078412,4.567577019004704,-0.4,True,0.66,True,0.0004601130260095356,2.0,False,1.5109112401085762,3.9579765236116633,0.38173830266427805,0.21056821074335808,275.8723971423719,0.6901405557958608,1.03,0.0005214803682390409,34.1057177752616,15.033575888715166,0.0,nan
pd,10.0,1.0,replay,143,"demo_00 +12.5,-15 deg",demo_00,0.03545166740834353,0.2622270822425091,10.470854634317833,0.0,True,1.06,False,1.7641152532739414e-07,2.0,True,0.7683265911082848,3.9579765236116633,0.1941210582035451,0.8457950044538851,1499.9999942598195,4.449300869506609,1.06,7.530166378225485e-13,544.5427201479473,2896.146524217357,0.0,nan
pd,10.0,1.0,esn,144,"demo_00 +12.5,-12.5 deg",,0.0032828476389049057,0.028724017453703215,5.248778861367309,-0.43000000000000005,True,0.62,True,0.00046439248599710074,2.0,False,1.279565554340221,2.7596798603089296,0.46366448976330943,0.1713012080078695,131.5321984687258,0.56274802394852,0.98,0.0005215110263221131,47.444634411990535,22.222941936654063,0.0,nan
pd,10.0,1.0,replay,144,"demo_00 +12.5,-12.5 deg",demo_00,0.03253912313815095,0.24105942709868833,9.50095698720858,0.010000000000000009,True,1.06,False,1.7644985644553399e-07,2.0,True,0.5632428637127768,2.7596798603089296,0.20409717511571254,0.7637209213738408,1249.9999942597947,4.097167914952035,1.06,7.534578431830346e-13,544.5427201479473,2875.0934848897864,0.0,nan
pd,10.0,1.0,esn,145,"demo_00 +12.5,-10 deg",,0.003777423489959149,0.008815024196314164,6.492484128919235,-0.49,True,0.56,True,0.0004706157095139868,2.0,False,0.9277957305411344,1.516706683541626,0.6117173086985154,0.16555456322577855,172.4767971355141,0.569556814563524,0.91,0.000521552771528103,75.13678831298502,51.397885445789605,0.0,nan
pd,10.0,1.0,replay,145,"demo_00 +12.5,-10 deg",demo_00,0.030120213673788775,0.22570739466769368,8.580126937442598,0.010000000000000009,True,1.06,False,1.7648868930929826e-07,2.0,True,0.41590243437346774,1.516706683541626,0.27421415022864126,0.69701005253612,1249.9999851383982,3.8166988998592366,1.06,7.534636015919998e-13,544.5427201479473,2856.6918516079877,0.0,nan
pd,10.0,1.0,esn,146,"demo_00 +12.5,-7.5 deg",,0.0060120831194188165,0.006271670998376108,7.938409152097906,-0.54,True,0.51,False,0.00047393202146606703,2.0,True,0.4423722203740363,0.26330498336686575,1.6800753814737877,0.19998589055457686,265.34602528824087,0.8243913590755176,0.51,0.0005215902499742591,115.59379848705105,120.90487438269463,0.0,nan
pd,10.0,1.0,replay,146,"demo_00 +12.5,-7.5 deg",demo_00,0.028314102207611054,0.2173163075080562,7.792830224649538,0.010000000000000009,True,1.06,False,1.7652800056821845e-07,2.0,True,0.4063735888571126,0.26330498336686575,1.5433569986440698,0.6500824997195251,1249.9999851383982,3.624512108762593,1.06,7.539033109900399e-13,544.5427201479473,2840.9257626480944,0.0,nan
pd,10.0,1.0,esn,147,"demo_00 +12.5,-5 deg",,0.00857101182739198,0.014723843348295617,9.192488066653391,-0.6000000000000001,True,0.46,False,0.0004825993483039018,2.0,True,0.4600971028077821,0.9911850700444864,0.4641888954069213,0.26242442199994237,347.5215573511512,1.1686760845450728,0.46,0.0005216111145763278,151.39226911998284,209.69736320582646,0.0,nan
pd,10.0,1.0,replay,147,"demo_00 +12.5,-5 deg",demo_00,0.027239730511600314,0.2165885985290789,7.1499184861407885,0.0,True,1.06,False,1.7656776564672116e-07,2.0,True,0.5706406566316345,0.9911850700444864,0.5757155488692167,0.6270366133091939,1249.9999851383982,3.535161961158494,1.06,7.545652002198154e-13,544.5427201479473,2827.7827580296594,0.0,nan
pd,10.0,1.0,esn,148,"demo_00 +12.5,-2.5 deg",,0.011022429525537418,0.023323092764813987,10.302489231777264,-0.6200000000000001,True,0.44,False,0.0004895984871718002,2.0,True,0.859483441534384,2.2526435050616405,0.381544367585525,0.3395474121865324,539.4515259714625,1.5053413359105476,0.44,0.0005216179892549354,173.5522495214256,280.89409112376205,0.0,nan
pd,10.0,1.0,replay,148,"demo_00 +12.5,-2.5 deg",demo_00,0.02698594699150654,0.2234774292330927,6.768818869358361,0.0,True,1.06,False,1.766079535090544e-07,2.0,True,0.7834877702865182,2.2526435050616405,0.34780815008057797,0.6301092947834872,1249.9999851383982,3.5566815661355946,1.06,7.547845170246429e-13,544.5427201479473,2817.2551492698462,0.0,nan
pd,10.0,1.0,esn,149,"demo_00 +12.5,+0 deg",,0.013593826764401129,0.03271788125404496,11.283863970504843,-0.6400000000000001,True,0.43,False,0.0004985948423248788,2.0,True,1.257836820307534,3.4923037600663442,0.360173944400426,0.42824193495835045,763.1779690911036,1.8642862231691804,0.43,0.0005216172802456926,185.34509253472424,329.7849108540459,0.0,nan
pd,10.0,1.0,replay,149,"demo_00 +12.5,+0 deg",demo_00,0.027580901217756724,0.23718867492884202,6.621267613376354,-0.010000000000000009,True,1.06,False,1.7664852829902748e-07,2.0,True,1.0092558186314289,3.4923037600663442,0.2889942822763664,0.6585213791119834,1249.9999851383982,3.6874951051259406,1.06,7.547886077849195e-13,544.5427201479473,2809.341670905209,0.0,nan
pd,10.0,1.0,esn,150,"demo_00 +12.5,+2.5 deg",,0.01641272650349305,0.042472652839101115,12.24683596341021,-0.6500000000000001,True,0.43,False,0.0005075069295180451,2.0,True,1.622458372335684,4.7180863712175976,0.34388060003169796,0.5260537659681312,998.2935253037219,2.2619379329226525,0.43,0.0005216128396785817,191.10266625462188,364.88993987698916,0.0,nan
pd,10.0,1.0,replay,150,"demo_00 +12.5,+2.5 deg",demo_00,0.028981275905274696,0.2564909066946298,6.750714626801348,-0.020000000000000018,True,1.06,False,1.7668944770562305e-07,2.0,True,1.2379456483264522,4.7180863712175976,0.26238299830169814,0.7087971258312524,1249.9999851383982,3.917056386413398,1.06,7.547845170246429e-13,544.5427201479473,2804.049442943012,0.0,nan
pd,10.0,1.0,esn,151,"demo_00 +12.5,+5 deg",,0.019470157948917422,0.05199440540241145,13.217479679091216,-0.6500000000000001,True,0.44,False,0.000514939630605751,2.0,True,1.9477644391267557,5.929263764800514,0.32850021796800377,0.6299966613146545,1238.98861964971,2.6947253627379264,0.44,0.0005216064220323945,193.39632523157823,393.29251142590186,0.0,nan
pd,10.0,1.0,replay,151,"demo_00 +12.5,+5 deg",demo_00,0.031089796814489583,0.27997239823510983,7.13482275416373,-0.030000000000000027,True,1.06,False,1.767306585262222e-07,2.0,True,1.4654067922866132,5.929263764800514,0.2471481874336747,0.7762435136085807,1249.9999851383982,4.229664642518414,1.06,7.556686917391825e-13,544.5427201479473,2801.3962714710665,0.0,nan
pd,10.0,1.0,esn,152,"demo_00 +12.5,+7.5 deg",,0.022726375046120975,0.06087875950498111,14.203079260672181,-0.6400000000000001,True,0.46,False,0.0005200166334558821,2.0,True,2.2301499037627783,7.125109482887996,0.3129986857210844,0.7377275770357121,1482.208197961309,3.1546871364619307,0.46,0.0005215988190437076,193.6689419965782,419.5638998946133,0.0,nan
pd,10.0,1.0,replay,152,"demo_00 +12.5,+7.5 deg",demo_00,0.03378702216461354,0.30494508600271714,7.728957712230153,-0.040000000000000036,True,1.06,False,1.7677210057326174e-07,2.0,True,1.6898901136573368,7.125109482887996,0.23717391539257854,0.85633310097266,1249.9999851383982,4.608699230987855,1.06,7.554453812795785e-13,544.5427201479473,2801.413309211847,0.0,nan
pd,10.0,1.0,esn,153,"demo_00 +12.5,+10 deg",,0.026149499594472825,0.06895462491792215,15.20427786804081,-0.6300000000000001,True,0.48,False,0.0005251881947959879,2.0,True,2.497434181470418,8.304952561329905,0.3007162488921543,0.8477449410936196,1726.7019937815,3.635467849998969,0.48,0.0005215904373341596,192.8372176056851,446.8690469500742,0.0,nan
pd,10.0,1.0,replay,153,"demo_00 +12.5,+10 deg",demo_00,0.036957794889838844,0.3279481884738735,8.482829445158634,-0.050000000000000044,True,1.06,False,1.7681370103299007e-07,2.0,True,1.911204702416336,8.304952561329905,0.23012831058366542,0.9453514226091669,1249.9999851383982,5.0392915572172825,1.06,7.554453812795785e-13,544.5427201479473,2804.148087605761,0.0,nan
pd,10.0,1.0,esn,154,"demo_00 +12.5,+12.5 deg",,0.029717640152063057,0.07616520967116491,16.21930308845879,-0.6200000000000001,True,0.5,False,0.0005300401622699723,2.0,True,2.752755177744071,9.467983691238246,0.2907435487337705,0.9591275663735445,1972.0690372346387,4.132664331923887,0.5,0.0005215815131172848,191.4833584913552,477.31804237287866,0.0,nan
pd,10.0,1.0,replay,154,"demo_00 +12.5,+12.5 deg",demo_00,0.040504441692712494,0.34807873822226915,9.352024882953916,-0.06000000000000005,True,1.06,False,1.7685537377980871e-07,2.0,True,2.129055630133454,9.467983691238246,0.22486895832992412,1.0404723168864576,1250.0000057404905,5.509271189373686,1.06,7.554453812795785e-13,544.5427201479473,2809.6679156039118,0.0,nan
pd,10.0,1.0,esn,155,"demo_00 +12.5,+15 deg",,0.033415315193883986,0.08255628739132327,17.245513319900166,-0.6000000000000001,True,0.53,False,0.0005311850471456224,2.0,True,2.959251841857745,10.613412350526854,0.2788219042211101,1.0712808093955295,2218.188039059084,4.64317271753611,0.53,0.0005215721963003111,189.94725611151887,512.1808225135161,0.0,nan
pd,10.0,1.0,replay,155,"demo_00 +12.5,+15 deg",demo_00,0.04434947496440149,0.3654703966622381,10.301855552525325,-0.07000000000000006,True,1.06,False,1.7689701845770623e-07,2.0,True,2.343097196836007,10.613412350526854,0.22076756461080066,1.1395975101712592,1500.0000057405152,6.009078392515719,1.06,7.558881775694469e-13,544.5427201479473,2818.0636161795155,0.0,nan
pd,10.0,1.0,esn,156,"demo_00 +15,-15 deg",,0.003436736209867444,0.029423464739808492,4.84812453798444,-0.47,True,0.5700000000000001,True,0.0004651429546562831,1.9999999999999998,False,1.5427948378764529,3.0830208578634846,0.5004166072835462,0.1689733535489781,154.33325407241855,0.5388181838750907,0.92,0.0005215519724303506,45.937751293830324,21.198697329979062,0.0,nan
pd,10.0,1.0,replay,156,"demo_00 +15,-15 deg",demo_00,0.039615938365431265,0.2894479069494966,11.424128662954926,0.020000000000000018,True,1.06,False,1.7639848220000432e-07,2.0,True,0.6468411763143294,3.0830208578634846,0.2098075900669016,0.8922756421213237,1499.9999942598195,4.953802760307919,1.06,7.53015205554335e-13,653.4512654723931,4138.474367194991,0.0,nan
pd,10.0,1.0,esn,157,"demo_00 +15,-12.5 deg",,0.003286502385654427,0.010613563877198062,5.761136250847416,-0.5,True,0.53,False,0.0004708121504597565,2.0,True,1.1576899046566038,1.8724277575672243,0.618282814905899,0.15272033948879823,148.1520541065651,0.542380083986104,0.53,0.0005215777637068845,64.54009879829049,38.297407036859205,0.0,nan
pd,10.0,1.0,replay,157,"demo_00 +15,-12.5 deg",demo_00,0.03698682996827627,0.27383058153829565,10.513676013533246,0.030000000000000027,True,1.06,False,1.7644221158289677e-07,2.0,True,0.4794244741505608,1.8724277575672243,0.25604431050170884,0.8234317342390752,1499.9999851384246,4.654247940485011,1.06,7.534578431830346e-13,653.4512654723931,4117.403714143189,0.0,nan
pd,10.0,1.0,esn,158,"demo_00 +15,-10 deg",,0.0049196729896857335,0.004554970527695271,6.913520253726156,-0.55,True,0.48,False,0.0004781025631816284,2.0,True,0.6433377227230769,0.6247274958728081,1.0297893513143173,0.17137392990378453,217.46110244343924,0.672546719447315,0.48,0.0005216035678798845,94.73348932705038,81.50627128831778,0.0,nan
pd,10.0,1.0,replay,158,"demo_00 +15,-10 deg",demo_00,0.034870351928701145,0.2642523960919095,9.6612656048765,0.030000000000000027,True,1.06,False,1.7648644789967794e-07,2.0,True,0.46861960715707524,0.6247274958728081,0.7501184280393579,0.7744237818731413,1499.9999851384246,4.42932059945185,1.06,7.534636015919998e-13,653.4512654723931,4098.386809728556,0.0,nan
pd,10.0,1.0,esn,159,"demo_00 +15,-7.5 deg",,0.007340770969103497,0.012173774235293373,8.049338924840443,-0.6000000000000001,True,0.44,False,0.00048514414470619686,2.0,True,0.3542532699135915,0.6276785256171862,0.5643864740557438,0.22111397205925434,295.994875802493,0.98956574799439,0.44,0.0005216204976573437,128.94548538854312,152.77405780834985,0.0,nan
pd,10.0,1.0,replay,159,"demo_00 +15,-7.5 deg",demo_00,0.033358040931598026,0.26126421295532953,8.911119373026024,0.020000000000000018,True,1.06,False,1.7653116335105462e-07,2.0,True,0.6107434306790656,0.6276785256171862,0.9730194769345206,0.7486580331213047,1499.9999851384246,4.290748273968993,1.06,7.534606896747849e-13,653.4512654723931,4081.4123656437364,0.0,nan
pd,10.0,1.0,esn,160,"demo_00 +15,-5 deg",,0.009693899003669092,0.01984452570910608,9.108689641778444,-0.6200000000000001,True,0.42,False,0.0004928241813694909,2.0,True,0.7396268421914493,1.8845069184258154,0.3924776475797083,0.2886261281088155,459.32213845303767,1.308474550413095,0.42,0.0005216259259543595,151.955073009221,216.23748240872473,0.0,nan
pd,10.0,1.0,replay,160,"demo_00 +15,-5 deg",demo_00,0.03253188884739117,0.26496007321253967,8.387652455789022,0.020000000000000018,True,1.06,False,1.7657632133238587e-07,2.0,True,0.8387324958595272,1.8845069184258154,0.44506734767529826,0.7480289557875386,1499.9999851384246,4.247111743408564,1.06,7.547845170246429e-13,653.4512654723931,4066.4717670758264,0.0,nan
pd,10.0,1.0,esn,161,"demo_00 +15,-2.5 deg",,0.011966772206025591,0.02903323010785972,10.047844081416331,-0.64,True,0.41000000000000003,False,0.0005037555123589612,2.0,True,1.1651525286946058,3.1231814216714904,0.37306591304933856,0.3674966020082789,660.8043196695407,1.6265432325029314,0.41000000000000003,0.0005216232414191463,160.0092526763169,246.99299932969475,0.0,nan
pd,10.0,1.0,replay,161,"demo_00 +15,-2.5 deg",demo_00,0.03244575170075305,0.2749299296749323,8.041813396109657,0.010000000000000009,True,1.06,False,1.7662187993879924e-07,2.0,True,1.0819149273518753,3.1231814216714904,0.34641437088622506,0.7720783741851617,1499.9999851384246,4.301526599564191,1.06,7.547845170246429e-13,653.4512654723931,4053.5608088238623,0.0,nan
pd,10.0,1.0,esn,162,"demo_00 +15,+0 deg",,0.014489480858129828,0.03939774298014339,10.978144465816426,-0.6400000000000001,True,0.42,False,0.0005125753553209599,2.0,True,1.52760222983509,4.348695644200389,0.3512782578547126,0.45650350032378983,876.7169610227725,1.9837692685782755,0.42,0.0005216164853709962,159.1418983788553,256.3381836444687,0.0,nan
pd,10.0,1.0,replay,162,"demo_00 +15,+0 deg",demo_00,0.03311023153280199,0.29037884706342226,7.937631947511597,0.0,True,1.06,False,1.7666778736435715e-07,2.0,True,1.3299443963433202,4.348695644200389,0.3058260465105191,0.8181048317618284,1499.9999851384246,4.450676390205303,1.06,7.550078923448795e-13,653.4512654723931,4042.6817910158443,0.0,nan
pd,10.0,1.0,esn,163,"demo_00 +15,+2.5 deg",,0.017369565424166875,0.049836820150627924,11.879127712763607,-0.6500000000000001,True,0.43,False,0.0005228101544577661,2.0,True,1.8631970467742707,5.513385272396162,0.33794065800239464,0.553325643286002,1102.3348935943886,2.3908667331315927,0.43,0.0005216078437723837,154.61915258111176,259.8189338657988,0.0,nan
pd,10.0,1.0,replay,163,"demo_00 +15,+2.5 deg",demo_00,0.03448961376815045,0.31032284470459803,8.040081363760242,-0.020000000000000018,True,1.06,False,1.7671398979363e-07,2.0,True,1.5777959090840803,5.513385272396162,0.2861755221394781,0.8821351791114986,1499.9999851384246,4.685796098245481,1.06,7.554453812795785e-13,653.4512654723931,4033.8460150213687,0.0,nan
pd,10.0,1.0,esn,164,"demo_00 +15,+5 deg",,0.020556819436377934,0.05967427871946024,12.860271117951639,-0.6300000000000001,True,0.46,False,0.0005273830319924439,2.0,True,2.1278203798330657,6.700443578972736,0.3175641067272874,0.6553176521215032,1333.8949205700308,2.8385874327515985,0.46,0.0005215982068894105,148.87594958856306,265.0644528805959,0.0,nan
pd,10.0,1.0,replay,164,"demo_00 +15,+5 deg",demo_00,0.03651266660165745,0.33340494810287924,8.403025021549366,-0.030000000000000027,True,1.06,False,1.7676041558416622e-07,2.0,True,1.8224898524646216,6.700443578972736,0.2719954031377774,0.9600160967075959,1499.9999851384246,4.99496800757464,1.06,7.556686917391825e-13,653.4512654723931,4027.0767186192925,0.0,nan
pd,10.0,1.0,esn,165,"demo_00 +15,+7.5 deg",,0.023980711128840232,0.06857888382894906,13.867211596859136,-0.6200000000000001,True,0.48,False,0.0005344529954669134,2.0,True,2.4043102622248367,7.872313936761244,0.3054134123129236,0.7605107426553694,1569.169709371383,3.315769135143922,0.48,0.0005215879354279792,142.8881978473913,275.02003234982124,0.0,nan
pd,10.0,1.0,replay,165,"demo_00 +15,+7.5 deg",demo_00,0.0390905470938285,0.3564476885130812,8.955949884791513,-0.040000000000000036,True,1.06,False,1.7680698430801794e-07,2.0,True,2.0642055703582125,7.872313936761244,0.2622107790593841,1.048081869406802,1499.9999851384246,5.365493880619034,1.06,7.556686917391825e-13,653.4512654723931,4022.412483605325,0.0,nan
pd,10.0,1.0,esn,166,"demo_00 +15,+10 deg",,0.02758976348556273,0.07650500967878203,14.89408432463316,-0.6000000000000001,True,0.51,False,0.0005375775158614493,2.0,True,2.637399860246812,9.028289614813424,0.2921261914238354,0.8676355093125989,1806.9903055266818,3.814319533190733,0.51,0.0005215772056887995,137.0692376768974,290.80803325879106,0.0,nan
pd,10.0,1.0,replay,166,"demo_00 +15,+10 deg",demo_00,0.04213300165828451,0.37703909552239795,9.66009044808184,-0.050000000000000044,True,1.06,False,1.7685360211589075e-07,2.0,True,2.301880138160242,9.028289614813424,0.25496303689498023,1.143366394640606,1499.9999851384246,5.785515214117716,1.06,7.556636678368194e-13,653.4512654723931,4019.9111372190296,0.0,nan
pd,10.0,1.0,esn,167,"demo_00 +15,+12.5 deg",,0.03135084936664292,0.08352082008499377,15.93550092736713,-0.5700000000000001,True,0.55,False,0.000536392122965226,2.0,True,2.8208452247767277,10.167635263933715,0.27743375441315565,0.9758914429428229,2046.7402778623598,4.328937749354467,0.55,0.0005215661298720914,131.60750095784627,312.85194483929735,0.0,nan
pd,10.0,1.0,replay,167,"demo_00 +15,+12.5 deg",demo_00,0.04555830774813539,0.39489076904154785,10.479101554326355,-0.06000000000000005,True,1.06,False,1.7690015603612486e-07,2.0,True,2.5351553939634144,10.167635263933715,0.2493357922619461,1.2435565028291278,1499.9999851384246,6.244755033221886,1.06,7.558881775694469e-13,653.4512654723931,4019.654149166998,0.0,nan
pd,10.0,1.0,esn,168,"demo_00 +15,+15 deg",,0.03524270378586894,0.08973338894781063,16.98694163855405,-0.56,True,0.5700000000000001,False,0.0005400872797778203,1.9999999999999998,True,3.060350151092824,11.289608751464488,0.2710767236017666,1.0847592181320114,2288.0576025262217,4.856120378611541,0.5700000000000001,0.0005215547961262721,142.16553355614212,341.27900341834345,0.0,nan
pd,10.0,1.0,replay,168,"demo_00 +15,+15 deg",demo_00,0.04929713642010046,0.41025086171538633,11.382536915069485,-0.07000000000000006,True,1.06,False,1.7694651814063325e-07,2.0,True,2.763596596721519,11.289608751464488,0.24479117545707907,1.3468563974097418,1500.0000057405152,6.734641574915478,1.06,7.558881775694469e-13,653.4512654723931,4021.751496572509,0.0,nan
