leak_rate,spectral_radius,input_scaling,start,origin,success,first_step_m,detour_m,hold_error_m
0.3,0.9,0.01,0,"demo_00 -15,-15 deg",True,0.01879854284572534,0.0,0.004762680547464333
0.3,0.9,0.01,1,"demo_00 -15,-10 deg",True,0.013628283560850088,0.0,0.004726383543548204
0.3,0.9,0.01,2,"demo_00 -15,-5 deg",True,0.008808108160130201,0.0,0.004636712161028347
0.3,0.9,0.01,3,"demo_00 -15,+0 deg",True,0.004427637475529432,0.0,0.0054162529455227286
0.3,0.9,0.01,4,"demo_00 -15,+5 deg",False,0.0016029391696831565,1.936537935017317,nan
0.3,0.9,0.01,5,"demo_00 -15,+10 deg",False,0.004234703466826772,1.709027761338774,nan
0.3,0.9,0.01,6,"demo_00 -15,+15 deg",False,0.0076412472226781445,1.864788649406735,nan
0.3,0.9,0.01,7,"demo_00 -10,-15 deg",True,0.016828561692515297,0.0,0.004756211149647426
0.3,0.9,0.01,8,"demo_00 -10,-10 deg",True,0.011849883283122108,0.0,0.004693020925719013
0.3,0.9,0.01,9,"demo_00 -10,-5 deg",True,0.007208078175148786,0.0,0.004529948953735223
0.3,0.9,0.01,10,"demo_00 -10,+0 deg",True,0.0029715471174937037,0.0,0.005479502315485572
0.3,0.9,0.01,11,"demo_00 -10,+5 deg",False,0.0014955532611310345,2.4010157200402316,nan
0.3,0.9,0.01,12,"demo_00 -10,+10 deg",False,0.004909043969503649,1.6779747634794973,nan
0.3,0.9,0.01,13,"demo_00 -10,+15 deg",False,0.008222841570460743,2.1299871966314936,nan
0.3,0.9,0.01,14,"demo_00 -5,-15 deg",True,0.014696346207980443,0.0,0.004743128227259376
0.3,0.9,0.01,15,"demo_00 -5,-10 deg",False,0.009922186370821309,0.0,0.005606878023308372
0.3,0.9,0.01,16,"demo_00 -5,-5 deg",True,0.005474929090527019,0.0,0.005059635490257732
0.3,0.9,0.01,17,"demo_00 -5,+0 deg",True,0.001392020351769591,0.0,0.005503146008920052
0.3,0.9,0.01,18,"demo_00 -5,+5 deg",False,0.00244119317916298,2.258001968502943,nan
0.3,0.9,0.01,19,"demo_00 -5,+10 deg",False,0.005868564351284362,1.8626017864012956,nan
0.3,0.9,0.01,20,"demo_00 -5,+15 deg",False,0.009005261614301083,2.1709076635209343,nan
0.3,0.9,0.01,21,"demo_00 +0,-15 deg",True,0.012401886163866258,0.0,0.004723241057286885
0.3,0.9,0.01,22,"demo_00 +0,-10 deg",True,0.007847019365150774,0.0,0.004537231289652984
0.3,0.9,0.01,23,"demo_00 +0,-5 deg",True,0.0036191636018098423,0.0,0.005401278293306558
0.3,0.9,0.01,24,demo_00,True,0.0003423899322876304,0.005564102683778651,0.005510785068222748
0.3,0.9,0.01,25,"demo_00 +0,+5 deg",False,0.003831986091852151,2.077112618580665,nan
0.3,0.9,0.01,26,"demo_00 +0,+10 deg",False,0.007048784581703487,2.031594275276267,nan
0.3,0.9,0.01,27,"demo_00 +0,+15 deg",False,0.009968159277363253,2.1142201715250892,nan
0.3,0.9,0.01,28,"demo_00 +5,-15 deg",True,0.009946061024975134,0.0,0.00467082461610033
0.3,0.9,0.01,29,"demo_00 +5,-10 deg",True,0.005631459954591148,0.0,0.004782699997432366
0.3,0.9,0.01,30,"demo_00 +5,-5 deg",True,0.0017124372345516123,0.0,0.005504785683469123
0.3,0.9,0.01,31,"demo_00 +5,+0 deg",False,0.0021656243701756437,2.317313992682086,nan
0.3,0.9,0.01,32,"demo_00 +5,+5 deg",False,0.005429036822354239,2.010901751607585,nan
0.3,0.9,0.01,33,"demo_00 +5,+10 deg",False,0.00840640295506128,2.275494991985137,nan
0.3,0.9,0.01,34,"demo_00 +5,+15 deg",False,0.011092903967586606,1.9046757603208857,nan
0.3,0.9,0.01,35,"demo_00 +10,-15 deg",True,0.0073319407044501505,0.0,0.004881610214920437
0.3,0.9,0.01,36,"demo_00 +10,-10 deg",True,0.0033068262211602417,0.0,0.005395170521115077
0.3,0.9,0.01,37,"demo_00 +10,-5 deg",True,0.0011066721765353778,0.0,0.005525088787495892
0.3,0.9,0.01,38,"demo_00 +10,+0 deg",False,0.0041358327732479196,2.2395231930952146,nan
0.3,0.9,0.01,39,"demo_00 +10,+5 deg",False,0.007176956732865885,1.9473701937699441,nan
0.3,0.9,0.01,40,"demo_00 +10,+10 deg",False,0.00991573454712769,2.090422697366371,nan
0.3,0.9,0.01,41,"demo_00 +10,+15 deg",False,0.01236442736089925,1.554623809014163,nan
0.3,0.9,0.01,42,"demo_00 +15,-15 deg",True,0.004571250747549801,0.0,0.004681652323130998
0.3,0.9,0.01,43,"demo_00 +15,-10 deg",True,0.0012107934521559459,0.00018919251508834473,0.00554383607052899
0.3,0.9,0.01,44,"demo_00 +15,-5 deg",True,0.0031402584754222974,0.0,0.005525746961257479
0.3,0.9,0.01,45,"demo_00 +15,+0 deg",False,0.006239944178435587,1.8514899972115453,nan
0.3,0.9,0.01,46,"demo_00 +15,+5 deg",False,0.009059640178416416,1.8548651978325446,nan
0.3,0.9,0.01,47,"demo_00 +15,+10 deg",False,0.011562116501015532,1.7998398538067226,nan
0.3,0.9,0.01,48,"demo_00 +15,+15 deg",False,0.013771400189353513,1.746072916431571,nan
0.3,0.9,0.02,0,"demo_00 -15,-15 deg",True,0.015535407839050367,0.0,0.0045874302332213224
0.3,0.9,0.02,1,"demo_00 -15,-10 deg",True,0.011114364820449616,0.0,0.0050968134429100415
0.3,0.9,0.02,2,"demo_00 -15,-5 deg",True,0.007126413128547121,0.0,0.005485068425221043
0.3,0.9,0.02,3,"demo_00 -15,+0 deg",True,0.0035377298289047086,0.0,0.005506986146664171
0.3,0.9,0.02,4,"demo_00 -15,+5 deg",False,0.0009130615683788289,2.5033172612374557,nan
0.3,0.9,0.02,5,"demo_00 -15,+10 deg",False,0.0034142930357906652,2.4849574158868633,nan
0.3,0.9,0.02,6,"demo_00 -15,+15 deg",False,0.006747244251560705,2.4430667065474316,nan
0.3,0.9,0.02,7,"demo_00 -10,-15 deg",True,0.01436680611283164,0.0,0.004692530530869117
0.3,0.9,0.02,8,"demo_00 -10,-10 deg",True,0.010001919724371032,0.0,0.005311409637011074
0.3,0.9,0.02,9,"demo_00 -10,-5 deg",True,0.0060557042778589965,0.0,0.005500829752037876
0.3,0.9,0.02,10,"demo_00 -10,+0 deg",True,0.0024900212543490737,0.0,0.005508587214960723
0.3,0.9,0.02,11,"demo_00 -10,+5 deg",False,0.0011740930097432184,2.5765297733737915,nan
0.3,0.9,0.02,12,"demo_00 -10,+10 deg",False,0.004348728244248351,2.5391115700986107,nan
0.3,0.9,0.02,13,"demo_00 -10,+15 deg",False,0.007763764496136383,2.441168074303651,nan
0.3,0.9,0.02,14,"demo_00 -5,-15 deg",True,0.012921412324510259,0.0,0.004851536247629305
0.3,0.9,0.02,15,"demo_00 -5,-10 deg",True,0.008635455408018503,0.0,0.005430743701632157
0.3,0.9,0.02,16,"demo_00 -5,-5 deg",True,0.0047557823647106,0.0,0.0055099291505031935
0.3,0.9,0.02,17,"demo_00 -5,+0 deg",True,0.0012275732183684176,0.0,0.005510116646065877
0.3,0.9,0.02,18,"demo_00 -5,+5 deg",False,0.0021579735639240243,2.627164115369157,nan
0.3,0.9,0.02,19,"demo_00 -5,+10 deg",False,0.0054402225167769795,2.5616775710559203,1.6932775917959464
0.3,0.9,0.02,20,"demo_00 -5,+15 deg",False,0.00887607458259966,2.491648901080406,nan
0.3,0.9,0.02,21,"demo_00 +0,-15 deg",True,0.011197820037929185,0.0,0.005053559378494289
0.3,0.9,0.02,22,"demo_00 +0,-10 deg",True,0.007017552853171566,0.0,0.005488048672822683
0.3,0.9,0.02,23,"demo_00 +0,-5 deg",True,0.003240666114484105,0.0,0.005509536725254945
0.3,0.9,0.02,24,demo_00,True,0.0002818876418809757,0.004874419751792891,0.00551118426005063
0.3,0.9,0.02,25,"demo_00 +0,+5 deg",False,0.0034756426829026235,2.61513221172953,nan
0.3,0.9,0.02,26,"demo_00 +0,+10 deg",False,0.006699954097010946,2.5581794161074707,nan
0.3,0.9,0.02,27,"demo_00 +0,+15 deg",False,0.010099171717122902,2.4705026382250743,nan
0.3,0.9,0.02,28,"demo_00 +5,-15 deg",True,0.009196361038005871,0.0,0.005272569409147592
0.3,0.9,0.02,29,"demo_00 +5,-10 deg",True,0.005159985020484344,0.0,0.005504545213619998
0.3,0.9,0.02,30,"demo_00 +5,-5 deg",True,0.0016063525778480113,0.0,0.005509412423649766
0.3,0.9,0.02,31,"demo_00 +5,+0 deg",False,0.0019692056339852874,2.6384258634072113,nan
0.3,0.9,0.02,32,"demo_00 +5,+5 deg",False,0.00503201965977708,2.534436727479267,nan
0.3,0.9,0.02,33,"demo_00 +5,+10 deg",False,0.008135328590726115,2.51514046089107,nan
0.3,0.9,0.02,34,"demo_00 +5,+15 deg",False,0.011446257097326343,2.464617875461204,nan
0.3,0.9,0.02,35,"demo_00 +10,-15 deg",True,0.006921973486473887,0.0,0.005443667656891255
0.3,0.9,0.02,36,"demo_00 +10,-10 deg",True,0.003117974189130029,0.0,0.0055095759632746094
0.3,0.9,0.02,37,"demo_00 +10,-5 deg",True,0.0012211865392208119,0.0,0.005513158330184591
0.3,0.9,0.02,38,"demo_00 +10,+0 deg",False,0.00389653170579954,2.585377665294499,1.6964306820363042
0.3,0.9,0.02,39,"demo_00 +10,+5 deg",False,0.006805774962598855,2.514939055350193,nan
0.3,0.9,0.02,40,"demo_00 +10,+10 deg",False,0.009751252285374117,2.4690733839147625,nan
0.3,0.9,0.02,41,"demo_00 +10,+15 deg",False,0.012928447825618097,2.4299296843518485,nan
0.3,0.9,0.02,42,"demo_00 +15,-15 deg",True,0.00439837795910224,0.0,0.0054896170700111935
0.3,0.9,0.02,43,"demo_00 +15,-10 deg",True,0.0014151302027212145,0.0,0.005508065670633124
0.3,0.9,0.02,44,"demo_00 +15,-5 deg",True,0.003203173642796044,0.0,0.005510717512255591
0.3,0.9,0.02,45,"demo_00 +15,+0 deg",False,0.006049840413109926,2.5448191956918578,nan
0.3,0.9,0.02,46,"demo_00 +15,+5 deg",False,0.008790807760720342,2.482742113581768,nan
0.3,0.9,0.02,47,"demo_00 +15,+10 deg",False,0.011551002751008694,2.421220828722732,nan
0.3,0.9,0.02,48,"demo_00 +15,+15 deg",False,0.014554783311422513,2.3757258526349845,nan
0.3,0.9,0.03,0,"demo_00 -15,-15 deg",True,0.013241586892076945,0.0,0.005685466650174205
0.3,0.9,0.03,1,"demo_00 -15,-10 deg",True,0.009227632578425354,0.0,0.005692297240404882
0.3,0.9,0.03,2,"demo_00 -15,-5 deg",True,0.0058736096364273484,0.0,0.005698275072657334
0.3,0.9,0.03,3,"demo_00 -15,+0 deg",True,0.0030964851809929294,0.0,0.005697657069298981
0.3,0.9,0.03,4,"demo_00 -15,+5 deg",False,0.0007912097198906616,2.5155172945447677,nan
0.3,0.9,0.03,5,"demo_00 -15,+10 deg",False,0.0019124818446983318,2.5037532945435186,nan
0.3,0.9,0.03,6,"demo_00 -15,+15 deg",False,0.00466707163446799,2.4650204910528895,nan
0.3,0.9,0.03,7,"demo_00 -10,-15 deg",True,0.012409823283180556,0.0,0.005686600243461338
0.3,0.9,0.03,8,"demo_00 -10,-10 deg",True,0.008464494671743499,0.0,0.0056960066489640205
0.3,0.9,0.03,9,"demo_00 -10,-5 deg",True,0.0051127985862777,0.0,0.005698470351681534
0.3,0.9,0.03,10,"demo_00 -10,+0 deg",True,0.00224506937475881,0.0,0.005698733633949036
0.3,0.9,0.03,11,"demo_00 -10,+5 deg",False,0.0006430227934799785,2.5801980422654625,nan
0.3,0.9,0.03,12,"demo_00 -10,+10 deg",False,0.0032683788397286015,2.5548452200971754,nan
0.3,0.9,0.03,13,"demo_00 -10,+15 deg",False,0.006467378732186429,2.4911061406092623,nan
0.3,0.9,0.03,14,"demo_00 -5,-15 deg",True,0.011320846190472038,0.0,0.0056885281568355315
0.3,0.9,0.03,15,"demo_00 -5,-10 deg",True,0.0074446423555457894,0.0,0.0056962903077811215
0.3,0.9,0.03,16,"demo_00 -5,-5 deg",True,0.004096617655192526,0.0,0.005697935043506206
0.3,0.9,0.03,17,"demo_00 -5,+0 deg",True,0.0011380988505090733,0.0,0.005699077214813193
0.3,0.9,0.03,18,"demo_00 -5,+5 deg",False,0.0017438866961111636,2.6365926698084796,nan
0.3,0.9,0.03,19,"demo_00 -5,+10 deg",False,0.004793542920228594,2.5671347541519705,nan
0.3,0.9,0.03,20,"demo_00 -5,+15 deg",False,0.008373489198827007,2.511936952238298,nan
0.3,0.9,0.03,21,"demo_00 +0,-15 deg",True,0.009954851137665224,0.0,0.005690729860383961
0.3,0.9,0.03,22,"demo_00 +0,-10 deg",True,0.006157953389216216,0.0,0.005697141880269142
0.3,0.9,0.03,23,"demo_00 +0,-5 deg",True,0.0028327036298680286,0.0,0.005697658769816615
0.3,0.9,0.03,24,demo_00,True,0.00026171509732374784,0.004555872389688381,0.005699470202462177
0.3,0.9,0.03,25,"demo_00 +0,+5 deg",False,0.003204628242762829,2.625672510181906,nan
0.3,0.9,0.03,26,"demo_00 +0,+10 deg",False,0.006500143750869524,2.569262250493913,nan
0.3,0.9,0.03,27,"demo_00 +0,+15 deg",False,0.010400758597945143,2.491061421612954,nan
0.3,0.9,0.03,28,"demo_00 +5,-15 deg",True,0.008297728336917241,0.0,0.005688475634453217
0.3,0.9,0.03,29,"demo_00 +5,-10 deg",True,0.004608719259472696,0.0,0.0056982309376624575
0.3,0.9,0.03,30,"demo_00 +5,-5 deg",True,0.0014244604994593266,0.0001416231940435369,0.005699789559550572
0.3,0.9,0.03,31,"demo_00 +5,+0 deg",False,0.00188537870594811,2.6500134338069583,nan
0.3,0.9,0.03,32,"demo_00 +5,+5 deg",False,0.0049259832977382794,2.589806294045184,nan
0.3,0.9,0.03,33,"demo_00 +5,+10 deg",False,0.008399644057116351,2.5307154513030556,nan
0.3,0.9,0.03,34,"demo_00 +5,+15 deg",False,0.01256305151823703,2.4722258299533815,nan
0.3,0.9,0.03,35,"demo_00 +10,-15 deg",True,0.006344515073488483,0.0,0.005694954868695561
0.3,0.9,0.03,36,"demo_00 +10,-10 deg",True,0.0028590886836472418,0.0,0.005699391327241674
0.3,0.9,0.03,37,"demo_00 +10,-5 deg",True,0.0012464330691686991,0.0,0.005699370269693722
0.3,0.9,0.03,38,"demo_00 +10,+0 deg",False,0.003801529939539865,2.60115123454271,nan
0.3,0.9,0.03,39,"demo_00 +10,+5 deg",False,0.006900474280005196,2.532100372026719,nan
0.3,0.9,0.03,40,"demo_00 +10,+10 deg",False,0.010501765358254742,2.4762415886413596,nan
0.3,0.9,0.03,41,"demo_00 +10,+15 deg",False,0.01487265291017207,2.433110967502966,nan
0.3,0.9,0.03,42,"demo_00 +15,-15 deg",True,0.004118925531774994,0.0,0.005696824277467371
0.3,0.9,0.03,43,"demo_00 +15,-10 deg",True,0.001496434709419633,0.0,0.00570062052523212
0.3,0.9,0.03,44,"demo_00 +15,-5 deg",True,0.003158258338641735,0.0,0.00570064381389557
0.3,0.9,0.03,45,"demo_00 +15,+0 deg",False,0.005998332318103112,2.553294987871844,nan
0.3,0.9,0.03,46,"demo_00 +15,+5 deg",False,0.009129429398584847,2.4904490397809242,nan
0.3,0.9,0.03,47,"demo_00 +15,+10 deg",False,0.01281452501619464,2.421023086469723,nan
0.3,0.9,0.03,48,"demo_00 +15,+15 deg",False,0.01734026512941115,2.3691173723742645,nan
0.3,0.9,0.05,0,"demo_00 -15,-15 deg",True,0.026062244343293604,0.0,0.005848230404962311
0.3,0.9,0.05,1,"demo_00 -15,-10 deg",True,0.01653601640537315,0.0,0.005847445695542862
0.3,0.9,0.05,2,"demo_00 -15,-5 deg",True,0.008974053623609226,0.0,0.005848671564732974
0.3,0.9,0.05,3,"demo_00 -15,+0 deg",True,0.0035281407200396064,0.0,0.005849379915271009
0.3,0.9,0.05,4,"demo_00 -15,+5 deg",False,0.000807042947929339,2.239776580959676,nan
0.3,0.9,0.05,5,"demo_00 -15,+10 deg",False,0.002719937027683538,2.2610325882393956,nan
0.3,0.9,0.05,6,"demo_00 -15,+15 deg",False,0.005765446712577,2.286094949358312,nan
0.3,0.9,0.05,7,"demo_00 -10,-15 deg",True,0.02177067590907553,0.0,0.005848086273902353
0.3,0.9,0.05,8,"demo_00 -10,-10 deg",True,0.013256844645565712,0.0,0.00584699696369089
0.3,0.9,0.05,9,"demo_00 -10,-5 deg",True,0.0067305229712598625,0.0,0.005848683793192767
0.3,0.9,0.05,10,"demo_00 -10,+0 deg",True,0.0022253593126515003,0.0,0.0058487850495525726
0.3,0.9,0.05,11,"demo_00 -10,+5 deg",False,0.0010066157031742142,2.4187019144206596,nan
0.3,0.9,0.05,12,"demo_00 -10,+10 deg",False,0.0038619783610533615,2.281245046039429,nan
0.3,0.9,0.05,13,"demo_00 -10,+15 deg",False,0.00836613854901466,2.2409686068674706,nan
0.3,0.9,0.05,14,"demo_00 -5,-15 deg",True,0.017779427447975997,0.0,0.0058471553162861975
0.3,0.9,0.05,15,"demo_00 -5,-10 deg",True,0.010312631496066604,0.0,0.005847151242149984
0.3,0.9,0.05,16,"demo_00 -5,-5 deg",True,0.0048052828832294316,0.0,0.005849311684036346
0.3,0.9,0.05,17,"demo_00 -5,+0 deg",True,0.0010617786401182642,0.0,0.005849119719045821
0.3,0.9,0.05,18,"demo_00 -5,+5 deg",False,0.0019576960854840527,2.36614052289775,nan
0.3,0.9,0.05,19,"demo_00 -5,+10 deg",False,0.005820830762990969,2.317669972941421,nan
0.3,0.9,0.05,20,"demo_00 -5,+15 deg",False,0.011790149050869678,2.253549417612839,nan
0.3,0.9,0.05,21,"demo_00 +0,-15 deg",True,0.014077499578245199,0.0,0.005848649093663391
0.3,0.9,0.05,22,"demo_00 +0,-10 deg",True,0.007665686443710065,0.0,0.005848257941186522
0.3,0.9,0.05,23,"demo_00 +0,-5 deg",True,0.003101217472820837,0.0,0.005847858088487419
0.3,0.9,0.05,24,demo_00,True,0.0002416122990243932,0.004661553600861929,0.0058475009922201015
0.3,0.9,0.05,25,"demo_00 +0,+5 deg",False,0.003546738754987271,2.37143009067685,nan
0.3,0.9,0.05,26,"demo_00 +0,+10 deg",False,0.008537366727713715,2.317291700335209,nan
0.3,0.9,0.05,27,"demo_00 +0,+15 deg",False,0.01594749273834285,2.2475917776191126,nan
0.3,0.9,0.05,28,"demo_00 +5,-15 deg",True,0.010646795654120826,0.0,0.005848219952809236
0.3,0.9,0.05,29,"demo_00 +5,-10 deg",True,0.00527147677091507,0.0,0.005849247697546372
0.3,0.9,0.05,30,"demo_00 +5,-5 deg",True,0.001577235591705915,0.0,0.0058478330464803744
0.3,0.9,0.05,31,"demo_00 +5,+0 deg",False,0.0018057114457580416,2.3770850546220346,nan
0.3,0.9,0.05,32,"demo_00 +5,+5 deg",False,0.005795346779327175,2.328076414696906,nan
0.3,0.9,0.05,33,"demo_00 +5,+10 deg",False,0.011985714230186979,2.28295126717063,nan
0.3,0.9,0.05,34,"demo_00 +5,+15 deg",False,0.020813267348395042,2.212714464623181,nan
0.3,0.9,0.05,35,"demo_00 +10,-15 deg",True,0.007464661703847891,0.0,0.005848154616107562
0.3,0.9,0.05,36,"demo_00 +10,-10 deg",True,0.0031213016557618636,0.0,0.0058478300402950946
0.3,0.9,0.05,37,"demo_00 +10,-5 deg",True,0.0011814463086396141,0.0,0.005848545956832249
0.3,0.9,0.05,38,"demo_00 +10,+0 deg",False,0.0038522774687922952,2.332351995565809,nan
0.3,0.9,0.05,39,"demo_00 +10,+5 deg",False,0.008726776127903433,2.288129708255791,nan
0.3,0.9,0.05,40,"demo_00 +10,+10 deg",False,0.01615874321493435,2.224644597737916,nan
0.3,0.9,0.05,41,"demo_00 +10,+15 deg",False,0.026382751573967318,2.1778530131597087,nan
0.3,0.9,0.05,42,"demo_00 +15,-15 deg",True,0.0045242505440843146,0.0,0.0058479245134286095
0.3,0.9,0.05,43,"demo_00 +15,-10 deg",True,0.0016330644251308765,0.0,0.005849160977896775
0.3,0.9,0.05,44,"demo_00 +15,-5 deg",True,0.0028848033757554506,0.0,0.005848343071818071
0.3,0.9,0.05,45,"demo_00 +15,+0 deg",False,0.006453652015942552,2.293760427934931,nan
0.3,0.9,0.05,46,"demo_00 +15,+5 deg",False,0.012355574433166082,2.2305371151791316,nan
0.3,0.9,0.05,47,"demo_00 +15,+10 deg",False,0.021055537731279984,2.1749071936036186,nan
0.3,0.9,0.05,48,"demo_00 +15,+15 deg",False,0.03265623462547922,2.129449669558454,nan
0.3,0.9,0.1,0,"demo_00 -15,-15 deg",False,0.1629789108044298,1.0630961745616547,nan
0.3,0.9,0.1,1,"demo_00 -15,-10 deg",False,0.09627765656587717,1.3567600222970821,nan
0.3,0.9,0.1,2,"demo_00 -15,-5 deg",False,0.04771480963995966,2.156324380499103,nan
0.3,0.9,0.1,3,"demo_00 -15,+0 deg",False,0.0217055934092623,1.0061903484611,nan
0.3,0.9,0.1,4,"demo_00 -15,+5 deg",False,0.012929967744847575,1.1352152606452346,nan
0.3,0.9,0.1,5,"demo_00 -15,+10 deg",True,0.0007762593925607933,0.0,0.005917072230787826
0.3,0.9,0.1,6,"demo_00 -15,+15 deg",False,0.027150652047716283,1.9328516856745415,nan
0.3,0.9,0.1,7,"demo_00 -10,-15 deg",False,0.13731220598214403,2.1562961996447263,nan
0.3,0.9,0.1,8,"demo_00 -10,-10 deg",False,0.07632627204846143,2.1790926087806244,nan
0.3,0.9,0.1,9,"demo_00 -10,-5 deg",True,0.03239615158916483,0.0,0.005917193249375731
0.3,0.9,0.1,10,"demo_00 -10,+0 deg",False,0.009156064592438855,1.448344905051656,nan
0.3,0.9,0.1,11,"demo_00 -10,+5 deg",False,0.003197375559619855,2.5674052281587953,nan
0.3,0.9,0.1,12,"demo_00 -10,+10 deg",False,0.011178427306245315,1.9074293844291281,nan
0.3,0.9,0.1,13,"demo_00 -10,+15 deg",False,0.03933389315416357,1.01566052487129,nan
0.3,0.9,0.1,14,"demo_00 -5,-15 deg",False,0.11025089742572074,2.0755736762720773,nan
0.3,0.9,0.1,15,"demo_00 -5,-10 deg",False,0.056783162546200194,1.8859669144021203,nan
0.3,0.9,0.1,16,"demo_00 -5,-5 deg",True,0.01990843206764758,0.0,0.005917295725322296
0.3,0.9,0.1,17,"demo_00 -5,+0 deg",False,0.002034097288791048,2.2518464879583853,nan
0.3,0.9,0.1,18,"demo_00 -5,+5 deg",False,0.002281542529929265,2.265962082128174,nan
0.3,0.9,0.1,19,"demo_00 -5,+10 deg",False,0.020480124225552794,2.43812252366687,nan
0.3,0.9,0.1,20,"demo_00 -5,+15 deg",False,0.052044147197386044,2.206507992747308,nan
0.3,0.9,0.1,21,"demo_00 +0,-15 deg",False,0.08290659800161805,2.3669492075392813,nan
0.3,0.9,0.1,22,"demo_00 +0,-10 deg",True,0.03826823989278841,0.0,0.005916761484898653
0.3,0.9,0.1,23,"demo_00 +0,-5 deg",True,0.0100708249225888,0.0,0.005917366449096455
0.3,0.9,0.1,24,demo_00,True,0.00021934427616779122,0.003991161121630692,0.005917149471728971
0.3,0.9,0.1,25,"demo_00 +0,+5 deg",False,0.00838215182150639,1.1984670611238621,nan
0.3,0.9,0.1,26,"demo_00 +0,+10 deg",False,0.03259585047692234,2.431938993057205,nan
0.3,0.9,0.1,27,"demo_00 +0,+15 deg",False,0.06860982347871326,1.986669549434627,nan
0.3,0.9,0.1,28,"demo_00 +5,-15 deg",False,0.056748516488053964,1.2873311780689123,nan
0.3,0.9,0.1,29,"demo_00 +5,-10 deg",True,0.021801854459970307,0.0,0.005917446790153721
0.3,0.9,0.1,30,"demo_00 +5,-5 deg",True,0.002907294843832573,0.0,0.005917073437904614
0.3,0.9,0.1,31,"demo_00 +5,+0 deg",False,0.0036916092556574954,2.2704782539570485,nan
0.3,0.9,0.1,32,"demo_00 +5,+5 deg",False,0.01954269461740008,2.109798227885948,nan
0.3,0.9,0.1,33,"demo_00 +5,+10 deg",False,0.05033451957516779,1.3152832661987366,nan
0.3,0.9,0.1,34,"demo_00 +5,+15 deg",False,0.09124977955367283,2.1819469162420058,nan
0.3,0.9,0.1,35,"demo_00 +10,-15 deg",True,0.03347041939736951,0.0,0.005916442177497069
0.3,0.9,0.1,36,"demo_00 +10,-10 deg",True,0.008621477717831423,0.0,0.005917351176696838
0.3,0.9,0.1,37,"demo_00 +10,-5 deg",True,0.0031804497191994397,0.0,0.005917221165984022
0.3,0.9,0.1,38,"demo_00 +10,+0 deg",False,0.01269571206463085,2.5091588634661472,nan
0.3,0.9,0.1,39,"demo_00 +10,+5 deg",False,0.03693701866176157,2.3436409831383713,nan
0.3,0.9,0.1,40,"demo_00 +10,+10 deg",False,0.0746546876190298,2.354502973893719,nan
0.3,0.9,0.1,41,"demo_00 +10,+15 deg",False,0.12069578284896064,1.8864906610201644,nan
0.3,0.9,0.1,42,"demo_00 +15,-15 deg",True,0.014856762083243552,0.0,0.005916686791993133
0.3,0.9,0.1,43,"demo_00 +15,-10 deg",True,0.0019950985324531925,0.0,0.0059170048909351364
0.3,0.9,0.1,44,"demo_00 +15,-5 deg",False,0.009550432697754725,2.2175447568967734,nan
0.3,0.9,0.1,45,"demo_00 +15,+0 deg",False,0.027578446096925134,1.75637070128484,nan
0.3,0.9,0.1,46,"demo_00 +15,+5 deg",False,0.060680704482571415,1.039066103605266,nan
0.3,0.9,0.1,47,"demo_00 +15,+10 deg",False,0.10550396580844373,1.8582046275863515,nan
0.3,0.9,0.1,48,"demo_00 +15,+15 deg",False,0.15668864039822664,0.9395360510763073,nan
0.3,1.05,0.01,0,"demo_00 -15,-15 deg",True,0.018826786107503397,0.0,0.004621598987806922
0.3,1.05,0.01,1,"demo_00 -15,-10 deg",True,0.01384100717703933,0.0,0.004583099902343117
0.3,1.05,0.01,2,"demo_00 -15,-5 deg",True,0.00911066896963153,0.0,0.0047581064668384245
0.3,1.05,0.01,3,"demo_00 -15,+0 deg",True,0.004725865290629994,0.0,0.005469874865419154
0.3,1.05,0.01,4,"demo_00 -15,+5 deg",False,0.0017670593907623934,2.503602937703185,nan
0.3,1.05,0.01,5,"demo_00 -15,+10 deg",False,0.004429348306525322,2.4796082142217464,2.881937095327091
0.3,1.05,0.01,6,"demo_00 -15,+15 deg",False,0.008215535599806974,2.455797050931275,nan
0.3,1.05,0.01,7,"demo_00 -10,-15 deg",True,0.016997032724125144,0.0,0.004621037997091398
0.3,1.05,0.01,8,"demo_00 -10,-10 deg",True,0.012147202423076394,0.0,0.004558045309547382
0.3,1.05,0.01,9,"demo_00 -10,-5 deg",True,0.007548983881743148,0.0,0.005198337091578758
0.3,1.05,0.01,10,"demo_00 -10,+0 deg",True,0.003277847661754028,0.0,0.005478324732718592
0.3,1.05,0.01,11,"demo_00 -10,+5 deg",False,0.0015554511780511598,2.578035812526567,nan
0.3,1.05,0.01,12,"demo_00 -10,+10 deg",False,0.005135380142959876,2.550661711459486,2.880560001726395
0.3,1.05,0.01,13,"demo_00 -10,+15 deg",False,0.008857702418822576,2.493759599020083,2.795312983751304
0.3,1.05,0.01,14,"demo_00 -5,-15 deg",True,0.01496632216702753,0.0,0.004613487951044679
0.3,1.05,0.01,15,"demo_00 -5,-10 deg",True,0.01026592979125187,0.0,0.004427799012938026
0.3,1.05,0.01,16,"demo_00 -5,-5 deg",True,0.005815261998126351,0.0,0.005408955923629018
0.3,1.05,0.01,17,"demo_00 -5,+0 deg",True,0.0016648931951725988,0.0,0.00547856905156745
0.3,1.05,0.01,18,"demo_00 -5,+5 deg",False,0.002425392924743498,2.6383013874569428,nan
0.3,1.05,0.01,19,"demo_00 -5,+10 deg",False,0.006134280687447957,2.5751652959995157,nan
0.3,1.05,0.01,20,"demo_00 -5,+15 deg",False,0.009699020693514433,2.5065640522465733,nan
0.3,1.05,0.01,21,"demo_00 +0,-15 deg",True,0.012735266141309804,0.0,0.004559658290096921
0.3,1.05,0.01,22,"demo_00 +0,-10 deg",True,0.008200126191636613,0.0,0.004852290060538709
0.3,1.05,0.01,23,"demo_00 +0,-5 deg",True,0.0039204166925564275,0.0,0.0054688962563148435
0.3,1.05,0.01,24,demo_00,True,0.00012454940117596208,0.0047998719775763305,0.005482364635889964
0.3,1.05,0.01,25,"demo_00 +0,+5 deg",False,0.003853579609614187,2.6370726584764816,nan
0.3,1.05,0.01,26,"demo_00 +0,+10 deg",False,0.0073814620355259816,2.5678960187091144,nan
0.3,1.05,0.01,27,"demo_00 +0,+15 deg",False,0.010733241786854582,2.4955584866859324,nan
0.3,1.05,0.01,28,"demo_00 +5,-15 deg",True,0.010305318798342669,0.0,0.004450876383837606
0.3,1.05,0.01,29,"demo_00 +5,-10 deg",True,0.005958116848633213,0.0,0.0053157422266094274
0.3,1.05,0.01,30,"demo_00 +5,-5 deg",True,0.0019277754493719323,0.0,0.005481140355959828
0.3,1.05,0.01,31,"demo_00 +5,+0 deg",False,0.002060726187074975,2.6458917192806743,1.707317186995726
0.3,1.05,0.01,32,"demo_00 +5,+5 deg",False,0.005550598806105296,2.5881664819201755,nan
0.3,1.05,0.01,33,"demo_00 +5,+10 deg",False,0.008840999807652503,2.524347805567799,nan
0.3,1.05,0.01,34,"demo_00 +5,+15 deg",False,0.011951138748654996,2.4500673598722256,1.4960352429273103
0.3,1.05,0.01,35,"demo_00 +10,-15 deg",True,0.0076801999381613546,0.0,0.004575070642078707
0.3,1.05,0.01,36,"demo_00 +10,-10 deg",True,0.0035730394911634516,0.0,0.005463490368703915
0.3,1.05,0.01,37,"demo_00 +10,-5 deg",True,0.0010601608611869476,0.0,0.005488603603182974
0.3,1.05,0.01,38,"demo_00 +10,+0 deg",False,0.004172165732423041,2.5970070572527453,nan
0.3,1.05,0.01,39,"demo_00 +10,+5 deg",False,0.007442711778754876,2.5291951416571123,2.8799959666959722
0.3,1.05,0.01,40,"demo_00 +10,+10 deg",False,0.010488451088939414,2.433521865509451,2.8829685693843703
0.3,1.05,0.01,41,"demo_00 +10,+15 deg",False,0.013342907218097269,2.4233885286726196,2.880686498805796
0.3,1.05,0.01,42,"demo_00 +15,-15 deg",True,0.004872724644815639,0.0,0.005217742719101233
0.3,1.05,0.01,43,"demo_00 +15,-10 deg",True,0.001366502008474414,0.0007004598520843723,0.005492483401395246
0.3,1.05,0.01,44,"demo_00 +15,-5 deg",True,0.003170406980097307,0.0,0.0054845940658761385
0.3,1.05,0.01,45,"demo_00 +15,+0 deg",False,0.00645033058468809,2.5285849466570904,2.8818472457051896
0.3,1.05,0.01,46,"demo_00 +15,+5 deg",False,0.009507046753309401,2.4779733746592796,nan
0.3,1.05,0.01,47,"demo_00 +15,+10 deg",False,0.012308069292360085,2.381941870917065,nan
0.3,1.05,0.01,48,"demo_00 +15,+15 deg",False,0.014899530000634393,2.3648392652542904,2.8809786869845175
0.3,1.05,0.02,0,"demo_00 -15,-15 deg",True,0.012184114474899525,0.0,0.005595509910538791
0.3,1.05,0.02,1,"demo_00 -15,-10 deg",True,0.009330285043571281,0.0,0.0056068972995085955
0.3,1.05,0.02,2,"demo_00 -15,-5 deg",True,0.006562306164217531,0.0,0.005616383907165934
0.3,1.05,0.02,3,"demo_00 -15,+0 deg",True,0.003804676076420547,0.0,0.005622378820699966
0.3,1.05,0.02,4,"demo_00 -15,+5 deg",False,0.0012037390051695934,2.4701123281257256,nan
0.3,1.05,0.02,5,"demo_00 -15,+10 deg",False,0.0027883210500542948,2.479032221547448,nan
0.3,1.05,0.02,6,"demo_00 -15,+15 deg",False,0.006490405797189343,2.3957667486454493,nan
0.3,1.05,0.02,7,"demo_00 -10,-15 deg",True,0.011613050748758626,0.0,0.005600763703809488
0.3,1.05,0.02,8,"demo_00 -10,-10 deg",True,0.00860641823976566,0.0,0.005611279813841076
0.3,1.05,0.02,9,"demo_00 -10,-5 deg",True,0.005673160941817198,0.0,0.005621869688695504
0.3,1.05,0.02,10,"demo_00 -10,+0 deg",True,0.0027507831813667573,0.0,0.005623659521629301
0.3,1.05,0.02,11,"demo_00 -10,+5 deg",False,0.0009055416977059654,2.5094304703596486,nan
0.3,1.05,0.02,12,"demo_00 -10,+10 deg",False,0.0040379868158357994,2.5333730103453758,nan
0.3,1.05,0.02,13,"demo_00 -10,+15 deg",False,0.00796484758472662,2.4566442840037994,nan
0.3,1.05,0.02,14,"demo_00 -5,-15 deg",True,0.010752124431878502,0.0,0.005607301686077239
0.3,1.05,0.02,15,"demo_00 -5,-10 deg",True,0.007619634486583253,0.0,0.005617604639335139
0.3,1.05,0.02,16,"demo_00 -5,-5 deg",True,0.004554179853608529,0.0,0.0056211635254227515
0.3,1.05,0.02,17,"demo_00 -5,+0 deg",True,0.0014930749878409538,0.0,0.005626295907693116
0.3,1.05,0.02,18,"demo_00 -5,+5 deg",False,0.0018519658680498303,2.6033269409682522,nan
0.3,1.05,0.02,19,"demo_00 -5,+10 deg",False,0.0053986371335440235,2.581736660983937,nan
0.3,1.05,0.02,20,"demo_00 -5,+15 deg",False,0.00945653142306828,2.493170001049618,nan
0.3,1.05,0.02,21,"demo_00 +0,-15 deg",True,0.009587526589670138,0.0,0.005612990007184375
0.3,1.05,0.02,22,"demo_00 +0,-10 deg",True,0.00635996365390682,0.0,0.005618127279221933
0.3,1.05,0.02,23,"demo_00 +0,-5 deg",True,0.003204645595715554,0.0,0.0056222747021733716
0.3,1.05,0.02,24,demo_00,True,0.00010688144515256034,0.004308793693767892,0.00562593217110998
0.3,1.05,0.02,25,"demo_00 +0,+5 deg",False,0.0032759617665838966,2.608205482407864,nan
0.3,1.05,0.02,26,"demo_00 +0,+10 deg",False,0.006895417796214031,2.5388713985505484,nan
0.3,1.05,0.02,27,"demo_00 +0,+15 deg",False,0.011001534868974093,2.4283130151166077,nan
0.3,1.05,0.02,28,"demo_00 +5,-15 deg",True,0.008107850561055086,0.0,0.005615549137174546
0.3,1.05,0.02,29,"demo_00 +5,-10 deg",True,0.00482995757405731,0.0,0.005620428779609767
0.3,1.05,0.02,30,"demo_00 +5,-5 deg",True,0.0017094369620560051,0.0,0.005623363757103786
0.3,1.05,0.02,31,"demo_00 +5,+0 deg",False,0.0017405566551068122,2.597325121742244,nan
0.3,1.05,0.02,32,"demo_00 +5,+5 deg",False,0.004970766062723526,2.506428586772627,nan
0.3,1.05,0.02,33,"demo_00 +5,+10 deg",False,0.008559027661490373,2.488771386139131,nan
0.3,1.05,0.02,34,"demo_00 +5,+15 deg",False,0.012636367171288368,2.398457901087162,nan
0.3,1.05,0.02,35,"demo_00 +10,-15 deg",True,0.006308001775618032,0.0,0.0056177367343606234
0.3,1.05,0.02,36,"demo_00 +10,-10 deg",True,0.0030853547618314276,0.0,0.0056225204326805145
0.3,1.05,0.02,37,"demo_00 +10,-5 deg",True,0.0012342830200949804,0.0,0.005622384413300233
0.3,1.05,0.02,38,"demo_00 +10,+0 deg",False,0.003744195962796048,2.5341204596379407,nan
0.3,1.05,0.02,39,"demo_00 +10,+5 deg",False,0.006921610133858984,2.522863165896063,nan
0.3,1.05,0.02,40,"demo_00 +10,+10 deg",False,0.010418464654122831,2.4598237056451153,nan
0.3,1.05,0.02,41,"demo_00 +10,+15 deg",False,0.014396452119890369,2.3514134899375563,nan
0.3,1.05,0.02,42,"demo_00 +15,-15 deg",True,0.00420767849136531,0.0,0.005622474162629618
0.3,1.05,0.02,43,"demo_00 +15,-10 deg",True,0.0016308666863630269,8.327732401447116e-05,0.005622697672746358
0.3,1.05,0.02,44,"demo_00 +15,-5 deg",True,0.003105025358504054,0.0,0.005621759489414432
0.3,1.05,0.02,45,"demo_00 +15,+0 deg",False,0.00603217007723803,2.522838323301861,nan
0.3,1.05,0.02,46,"demo_00 +15,+5 deg",False,0.009137208041234126,2.485400543085886,nan
0.3,1.05,0.02,47,"demo_00 +15,+10 deg",False,0.012499081874860271,2.3667342019817563,nan
0.3,1.05,0.02,48,"demo_00 +15,+15 deg",False,0.016314852740865766,2.302568503997998,nan
0.3,1.05,0.03,0,"demo_00 -15,-15 deg",True,0.008740156167919016,0.0,0.00578691644088956
0.3,1.05,0.03,1,"demo_00 -15,-10 deg",True,0.006514004723303493,0.0,0.005785674557331453
0.3,1.05,0.03,2,"demo_00 -15,-5 deg",True,0.004860232530817637,0.0,0.005784095065631345
0.3,1.05,0.03,3,"demo_00 -15,+0 deg",True,0.003258952544515088,0.0,0.0057826560131594715
0.3,1.05,0.03,4,"demo_00 -15,+5 deg",True,0.0013227713022834781,0.0,0.005778159147472528
0.3,1.05,0.03,5,"demo_00 -15,+10 deg",False,0.0023511540210476856,2.3455934624107173,nan
0.3,1.05,0.03,6,"demo_00 -15,+15 deg",False,0.006533397619591404,2.3181628675654973,nan
0.3,1.05,0.03,7,"demo_00 -10,-15 deg",True,0.008579851750885437,0.0,0.005785115328608024
0.3,1.05,0.03,8,"demo_00 -10,-10 deg",True,0.006373669543310861,0.0,0.005783986083034303
0.3,1.05,0.03,9,"demo_00 -10,-5 deg",True,0.004483886427050108,0.0,0.005784316282450267
0.3,1.05,0.03,10,"demo_00 -10,+0 deg",True,0.0024717390396767867,0.0,0.00577899818492693
0.3,1.05,0.03,11,"demo_00 -10,+5 deg",False,0.0008091690222714736,2.4548226136653786,nan
0.3,1.05,0.03,12,"demo_00 -10,+10 deg",False,0.004032210044416907,2.4244306257052424,nan
0.3,1.05,0.03,13,"demo_00 -10,+15 deg",False,0.008827375350104957,2.4765550803429752,nan
0.3,1.05,0.03,14,"demo_00 -5,-15 deg",True,0.008249422753983932,0.0,0.005785437333047562
0.3,1.05,0.03,15,"demo_00 -5,-10 deg",True,0.0059704696005105735,0.0,0.005785622265511539
0.3,1.05,0.03,16,"demo_00 -5,-5 deg",True,0.003815223359876981,0.0,0.005781751076120975
0.3,1.05,0.03,17,"demo_00 -5,+0 deg",True,0.0014083658414205701,0.0,0.005780223885079703
0.3,1.05,0.03,18,"demo_00 -5,+5 deg",False,0.0018167159061104347,2.5106355007210075,nan
0.3,1.05,0.03,19,"demo_00 -5,+10 deg",False,0.005881558995539257,2.581160162473587,nan
0.3,1.05,0.03,20,"demo_00 -5,+15 deg",False,0.01116450465831338,2.4720083002611064,nan
0.3,1.05,0.03,21,"demo_00 +0,-15 deg",True,0.007673021463377365,0.0,0.005785587147261127
0.3,1.05,0.03,22,"demo_00 +0,-10 deg",True,0.005262824251069427,0.0,0.0057824414573255664
0.3,1.05,0.03,23,"demo_00 +0,-5 deg",True,0.002839852907120981,0.0,0.005781615117832315
0.3,1.05,0.03,24,demo_00,True,9.040927452723701e-05,0.004208000092501408,0.00577902307183298
0.3,1.05,0.03,25,"demo_00 +0,+5 deg",False,0.0034398669353818286,2.5145963199624006,nan
0.3,1.05,0.03,26,"demo_00 +0,+10 deg",False,0.007918473754912787,2.57189621427037,nan
0.3,1.05,0.03,27,"demo_00 +0,+15 deg",False,0.01358890567769049,2.5018879892181354,nan
0.3,1.05,0.03,28,"demo_00 +5,-15 deg",True,0.006784912879395745,0.0,0.005786823472172298
0.3,1.05,0.03,29,"demo_00 +5,-10 deg",True,0.004226148248356802,0.0,0.005783316581927768
0.3,1.05,0.03,30,"demo_00 +5,-5 deg",True,0.0016373933573553341,0.0,0.005777988156725117
0.3,1.05,0.03,31,"demo_00 +5,+0 deg",False,0.0017174819976891612,2.527178892689622,nan
0.3,1.05,0.03,32,"demo_00 +5,+5 deg",False,0.005423733099716887,2.4517428203769747,nan
0.3,1.05,0.03,33,"demo_00 +5,+10 deg",False,0.010187356398370671,2.509389438435374,2.729352468269445
0.3,1.05,0.03,34,"demo_00 +5,+15 deg",False,0.016148759953635794,2.4747967572441705,nan
0.3,1.05,0.03,35,"demo_00 +10,-15 deg",True,0.0055338054508646765,0.0,0.005786450483345988
0.3,1.05,0.03,36,"demo_00 +10,-10 deg",True,0.002901491469477664,0.0,0.005779833481060022
0.3,1.05,0.03,37,"demo_00 +10,-5 deg",True,0.00129669718374586,0.0,0.0057777876116045
0.3,1.05,0.03,38,"demo_00 +10,+0 deg",False,0.0038469574884113285,2.3969660341186954,nan
0.3,1.05,0.03,39,"demo_00 +10,+5 deg",False,0.007772762203253815,2.5376596074794957,nan
0.3,1.05,0.03,40,"demo_00 +10,+10 deg",False,0.012735092060774243,2.472093767226767,nan
0.3,1.05,0.03,41,"demo_00 +10,+15 deg",False,0.018893139370225926,2.429670064237367,nan
0.3,1.05,0.03,42,"demo_00 +15,-15 deg",True,0.0039057537177636364,0.0,0.005783888766031039
0.3,1.05,0.03,43,"demo_00 +15,-10 deg",True,0.0017881105971630051,0.0,0.005777082194283256
0.3,1.05,0.03,44,"demo_00 +15,-5 deg",True,0.0031406560818807916,0.0,0.005777508707891241
0.3,1.05,0.03,45,"demo_00 +15,+0 deg",False,0.006404271645643345,2.414652465176612,nan
0.3,1.05,0.03,46,"demo_00 +15,+5 deg",False,0.010515768018383028,2.4820298289967244,nan
0.3,1.05,0.03,47,"demo_00 +15,+10 deg",False,0.015606071922123295,2.4299535416828744,nan
0.3,1.05,0.03,48,"demo_00 +15,+15 deg",False,0.02187003579216717,2.338848821051019,nan
0.3,1.05,0.05,0,"demo_00 -15,-15 deg",False,0.029173859365624662,2.2952351504832835,nan
0.3,1.05,0.05,1,"demo_00 -15,-10 deg",True,0.018520389470270814,0.0,0.00595460873583928
0.3,1.05,0.05,2,"demo_00 -15,-5 deg",True,0.010002135614158135,0.0,0.005954036411731194
0.3,1.05,0.05,3,"demo_00 -15,+0 deg",True,0.003794547835390182,0.0,0.005953204874200429
0.3,1.05,0.05,4,"demo_00 -15,+5 deg",False,0.0008497635443229507,2.475060806329843,nan
0.3,1.05,0.05,5,"demo_00 -15,+10 deg",False,0.0039024229250175435,2.4693934663355184,nan
0.3,1.05,0.05,6,"demo_00 -15,+15 deg",False,0.007973108977456353,2.418071450571204,nan
0.3,1.05,0.05,7,"demo_00 -10,-15 deg",True,0.023688087056172893,0.0,0.005954511509086324
0.3,1.05,0.05,8,"demo_00 -10,-10 deg",True,0.014416315016722046,0.0,0.005954496066593646
0.3,1.05,0.05,9,"demo_00 -10,-5 deg",True,0.007348385291165948,0.0,0.005953484287512437
0.3,1.05,0.05,10,"demo_00 -10,+0 deg",True,0.002459485032837733,0.0,0.005952733123863268
0.3,1.05,0.05,11,"demo_00 -10,+5 deg",False,0.0013429833787274713,2.527864904384137,nan
0.3,1.05,0.05,12,"demo_00 -10,+10 deg",False,0.005322886383271305,2.4947221752357707,nan
0.3,1.05,0.05,13,"demo_00 -10,+15 deg",False,0.011272820234256195,2.475984746297776,nan
0.3,1.05,0.05,14,"demo_00 -5,-15 deg",True,0.018818415799987616,0.0,0.005954804290057302
0.3,1.05,0.05,15,"demo_00 -5,-10 deg",True,0.010910369146816779,0.0,0.005954235537390164
0.3,1.05,0.05,16,"demo_00 -5,-5 deg",True,0.005203072274830681,0.0,0.005953333643638501
0.3,1.05,0.05,17,"demo_00 -5,+0 deg",True,0.0012887878648669014,0.0,0.005952176093312297
0.3,1.05,0.05,18,"demo_00 -5,+5 deg",False,0.002495786019618739,2.6072431543066528,nan
0.3,1.05,0.05,19,"demo_00 -5,+10 deg",False,0.007780764807912191,2.5225880406518724,nan
0.3,1.05,0.05,20,"demo_00 -5,+15 deg",False,0.015583466855304208,2.4520817435064846,nan
0.3,1.05,0.05,21,"demo_00 +0,-15 deg",True,0.014541170494181008,0.0,0.0059545821553119
0.3,1.05,0.05,22,"demo_00 +0,-10 deg",True,0.007962412695811898,0.0,0.005954112602087957
0.3,1.05,0.05,23,"demo_00 +0,-5 deg",True,0.0034546779664175716,0.0,0.005952650274299951
0.3,1.05,0.05,24,demo_00,True,4.0662139908418175e-05,0.004867296986621692,0.005952372216697306
0.3,1.05,0.05,25,"demo_00 +0,+5 deg",False,0.004320043777287314,2.573535482518436,nan
0.3,1.05,0.05,26,"demo_00 +0,+10 deg",False,0.011028813889105883,2.5241119372433376,nan
0.3,1.05,0.05,27,"demo_00 +0,+15 deg",False,0.020597372640188166,2.477425510019933,nan
0.3,1.05,0.05,28,"demo_00 +5,-15 deg",True,0.010814161723323869,0.0,0.005954866242151641
0.3,1.05,0.05,29,"demo_00 +5,-10 deg",True,0.00550951532357969,0.0,0.005953700575072326
0.3,1.05,0.05,30,"demo_00 +5,-5 deg",True,0.002000737885841888,0.0,0.005952441593969917
0.3,1.05,0.05,31,"demo_00 +5,+0 deg",False,0.0016271669206688244,2.618450314324304,nan
0.3,1.05,0.05,32,"demo_00 +5,+5 deg",False,0.006826236783723011,2.5407656576848114,nan
0.3,1.05,0.05,33,"demo_00 +5,+10 deg",False,0.01497250981437203,2.494335949482881,nan
0.3,1.05,0.05,34,"demo_00 +5,+15 deg",False,0.02621664680628356,2.255993416923519,nan
0.3,1.05,0.05,35,"demo_00 +10,-15 deg",True,0.007576454924905189,0.0,0.005954501192402509
0.3,1.05,0.05,36,"demo_00 +10,-10 deg",True,0.0034987946955920375,0.0,0.005952900479729505
0.3,1.05,0.05,37,"demo_00 +10,-5 deg",True,0.0012748555068587241,0.0,0.005952181759042987
0.3,1.05,0.05,38,"demo_00 +10,+0 deg",False,0.0037561101240630333,2.579610099588527,nan
0.3,1.05,0.05,39,"demo_00 +10,+5 deg",False,0.01002032337345047,2.493361020192425,nan
0.3,1.05,0.05,40,"demo_00 +10,+10 deg",False,0.019582810657841752,2.1586487161598322,nan
0.3,1.05,0.05,41,"demo_00 +10,+15 deg",False,0.032413241215458764,2.0640861960538777,nan
0.3,1.05,0.05,42,"demo_00 +15,-15 deg",True,0.0047677408115428515,0.0,0.0059545391629173714
0.3,1.05,0.05,43,"demo_00 +15,-10 deg",True,0.002129014683399929,0.0,0.005951828900031146
0.3,1.05,0.05,44,"demo_00 +15,-5 deg",True,0.002502915822194425,0.0,0.005951874738243463
0.3,1.05,0.05,45,"demo_00 +15,+0 deg",False,0.006477269501949728,2.525769040008111,nan
0.3,1.05,0.05,46,"demo_00 +15,+5 deg",False,0.013907314545502415,2.1971739419436678,nan
0.3,1.05,0.05,47,"demo_00 +15,+10 deg",False,0.024852619846893364,2.4148481412909204,nan
0.3,1.05,0.05,48,"demo_00 +15,+15 deg",False,0.0391827073249155,2.29322651530239,nan
0.3,1.05,0.1,0,"demo_00 -15,-15 deg",False,0.3247140368393012,1.9691930172131495,nan
0.3,1.05,0.1,1,"demo_00 -15,-10 deg",False,0.2008107669542621,2.056087064585329,nan
0.3,1.05,0.1,2,"demo_00 -15,-5 deg",False,0.10748430238936116,1.6058432444590043,nan
0.3,1.05,0.1,3,"demo_00 -15,+0 deg",False,0.05339808409209408,2.049161009621513,nan
0.3,1.05,0.1,4,"demo_00 -15,+5 deg",False,0.026314542252360244,2.1212905554467563,nan
0.3,1.05,0.1,5,"demo_00 -15,+10 deg",False,0.016307069470681154,2.4875302808648647,nan
0.3,1.05,0.1,6,"demo_00 -15,+15 deg",False,0.07640742113320785,2.0844407779458565,nan
0.3,1.05,0.1,7,"demo_00 -10,-15 deg",False,0.2669508179351617,1.508972040891394,nan
0.3,1.05,0.1,8,"demo_00 -10,-10 deg",False,0.15256275514260492,2.279588748463578,nan
0.3,1.05,0.1,9,"demo_00 -10,-5 deg",False,0.06818603027329535,1.9884075333006022,nan
0.3,1.05,0.1,10,"demo_00 -10,+0 deg",False,0.022550179525548122,1.7389047634376595,nan
0.3,1.05,0.1,11,"demo_00 -10,+5 deg",False,0.005423993271303602,1.731181367097897,nan
0.3,1.05,0.1,12,"demo_00 -10,+10 deg",False,0.03232397904102543,1.3589661215658877,nan
0.3,1.05,0.1,13,"demo_00 -10,+15 deg",False,0.09522388952860546,2.402932680158411,nan
0.3,1.05,0.1,14,"demo_00 -5,-15 deg",False,0.2091169333540995,2.2532069914842916,nan
0.3,1.05,0.1,15,"demo_00 -5,-10 deg",False,0.10858707157938746,2.4602950419609497,nan
0.3,1.05,0.1,16,"demo_00 -5,-5 deg",True,0.03818147125660862,0.0,0.006279412106123866
0.3,1.05,0.1,17,"demo_00 -5,+0 deg",False,0.004900090642757106,1.069907309651941,nan
0.3,1.05,0.1,18,"demo_00 -5,+5 deg",False,0.007633801194340727,1.3827589514530356,nan
0.3,1.05,0.1,19,"demo_00 -5,+10 deg",False,0.04777961623792267,0.9908081168540717,nan
0.3,1.05,0.1,20,"demo_00 -5,+15 deg",False,0.1140643639746901,1.539096272566311,nan
0.3,1.05,0.1,21,"demo_00 +0,-15 deg",False,0.15309640717005973,1.2794232570085873,nan
0.3,1.05,0.1,22,"demo_00 +0,-10 deg",False,0.06975782769321753,1.90369770913681,nan
0.3,1.05,0.1,23,"demo_00 +0,-5 deg",True,0.01723091541314597,0.0,0.006193066510880148
0.3,1.05,0.1,24,demo_00,True,0.00010901165685408827,0.0039949602793728336,0.006232811458423479
0.3,1.05,0.1,25,"demo_00 +0,+5 deg",False,0.019606779368614432,2.2376996553022472,nan
0.3,1.05,0.1,26,"demo_00 +0,+10 deg",False,0.0698171869544911,1.962001798548215,nan
0.3,1.05,0.1,27,"demo_00 +0,+15 deg",False,0.14021122292496596,0.6987584836965981,nan
0.3,1.05,0.1,28,"demo_00 +5,-15 deg",False,0.1015443135020607,2.3922589421689042,nan
0.3,1.05,0.1,29,"demo_00 +5,-10 deg",False,0.03769299737611629,0.0,0.0061260440273137595
0.3,1.05,0.1,30,"demo_00 +5,-5 deg",True,0.00480801379135808,0.0,0.0062353569729629394
0.3,1.05,0.1,31,"demo_00 +5,+0 deg",False,0.008231464703301916,2.4283962850504364,nan
0.3,1.05,0.1,32,"demo_00 +5,+5 deg",False,0.04366513292487836,2.024192696682851,nan
0.3,1.05,0.1,33,"demo_00 +5,+10 deg",False,0.10475353370411158,1.271760508428185,nan
0.3,1.05,0.1,34,"demo_00 +5,+15 deg",False,0.17873458130544687,1.980956642119535,nan
0.3,1.05,0.1,35,"demo_00 +10,-15 deg",False,0.05753295182690795,1.9832200571635021,nan
0.3,1.05,0.1,36,"demo_00 +10,-10 deg",True,0.01420599275143664,0.0,0.006181194821770889
0.3,1.05,0.1,37,"demo_00 +10,-5 deg",True,0.004946017541561402,0.0,0.006235086329847526
0.3,1.05,0.1,38,"demo_00 +10,+0 deg",False,0.029244669535102585,2.056656358900881,nan
0.3,1.05,0.1,39,"demo_00 +10,+5 deg",False,0.08140659482333105,1.7006838350084243,nan
0.3,1.05,0.1,40,"demo_00 +10,+10 deg",False,0.15344041679060183,2.2739394755690587,nan
0.3,1.05,0.1,41,"demo_00 +10,+15 deg",False,0.23029860012081435,1.7428381368914,nan
0.3,1.05,0.1,42,"demo_00 +15,-15 deg",False,0.02416046463002317,0.0,0.006157146267943788
0.3,1.05,0.1,43,"demo_00 +15,-10 deg",True,0.002428285608766716,0.0,0.00623058757486018
0.3,1.05,0.1,44,"demo_00 +15,-5 deg",False,0.01982105406829891,2.494273518529262,nan
0.3,1.05,0.1,45,"demo_00 +15,+0 deg",False,0.06307721090739968,2.4271231681654095,nan
0.3,1.05,0.1,46,"demo_00 +15,+5 deg",False,0.1317246441483579,1.3066794130313608,nan
0.3,1.05,0.1,47,"demo_00 +15,+10 deg",False,0.21386974895935545,2.061397447504984,nan
0.3,1.05,0.1,48,"demo_00 +15,+15 deg",False,0.2924122488581224,1.2965062016864353,nan
0.3,1.2,0.01,0,"demo_00 -15,-15 deg",True,0.025635073159810597,0.0,0.004685806687314544
0.3,1.2,0.01,1,"demo_00 -15,-10 deg",False,0.019676439780044575,0.0,0.004289087990452189
0.3,1.2,0.01,2,"demo_00 -15,-5 deg",True,0.013812114965616362,0.0,0.005558500136431559
0.3,1.2,0.01,3,"demo_00 -15,+0 deg",True,0.008157587451357006,0.0,0.005582305789127614
0.3,1.2,0.01,4,"demo_00 -15,+5 deg",False,0.003290916479768585,2.5010473309313643,nan
0.3,1.2,0.01,5,"demo_00 -15,+10 deg",False,0.004340634467377323,2.5034980164132055,nan
0.3,1.2,0.01,6,"demo_00 -15,+15 deg",False,0.009271355374660336,2.455226803471592,nan
0.3,1.2,0.01,7,"demo_00 -10,-15 deg",True,0.02272298479347729,0.0,0.004709932218821584
0.3,1.2,0.01,8,"demo_00 -10,-10 deg",False,0.0168849119695339,0.0,0.004525000582129238
0.3,1.2,0.01,9,"demo_00 -10,-5 deg",True,0.011148539511867759,0.0,0.005651499596208263
0.3,1.2,0.01,10,"demo_00 -10,+0 deg",True,0.0056218499083775944,0.0,0.0055829533877222665
0.3,1.2,0.01,11,"demo_00 -10,+5 deg",False,0.0016291930697179607,2.5652492776591633,nan
0.3,1.2,0.01,12,"demo_00 -10,+10 deg",False,0.005661264953344278,2.543806754516047,nan
0.3,1.2,0.01,13,"demo_00 -10,+15 deg",False,0.010712111805428349,2.488926903008419,nan
0.3,1.2,0.01,14,"demo_00 -5,-15 deg",True,0.019691206918760796,0.0,0.00473907645985305
0.3,1.2,0.01,15,"demo_00 -5,-10 deg",True,0.013982122934374428,0.0,0.00504214373777994
0.3,1.2,0.01,16,"demo_00 -5,-5 deg",True,0.008383030296451972,0.0,0.005595569553126235
0.3,1.2,0.01,17,"demo_00 -5,+0 deg",True,0.002983825401953634,0.0,0.005580141290952327
0.3,1.2,0.01,18,"demo_00 -5,+5 deg",False,0.002497802453694826,2.623877050968601,nan
0.3,1.2,0.01,19,"demo_00 -5,+10 deg",False,0.00750305869065273,2.5665928877372592,1.6066643425535994
0.3,1.2,0.01,20,"demo_00 -5,+15 deg",False,0.012394529156442936,2.500333743027492,nan
0.3,1.2,0.01,21,"demo_00 +0,-15 deg",False,0.01653559249548418,0.0,0.004296459511533345
0.3,1.2,0.01,22,"demo_00 +0,-10 deg",True,0.010966963833545717,0.0,0.005617513266214219
0.3,1.2,0.01,23,"demo_00 +0,-5 deg",True,0.005523191418050003,0.0,0.00558011662063019
0.3,1.2,0.01,24,demo_00,True,0.00025931490806471643,0.004255315968100322,0.0055787727556851525
0.3,1.2,0.01,25,"demo_00 +0,+5 deg",False,0.004801526158625022,2.628753655239766,nan
0.3,1.2,0.01,26,"demo_00 +0,+10 deg",False,0.009637780196379767,2.5701100712474334,nan
0.3,1.2,0.01,27,"demo_00 +0,+15 deg",False,0.014273248343109312,2.492526724082759,nan
0.3,1.2,0.01,28,"demo_00 +5,-15 deg",False,0.013252856038490867,0.0,0.004580102729251678
0.3,1.2,0.01,29,"demo_00 +5,-10 deg",True,0.007844318089074776,0.0,0.005636324098722531
0.3,1.2,0.01,30,"demo_00 +5,-5 deg",True,0.002632703169833528,0.0,0.005581740243362932
0.3,1.2,0.01,31,"demo_00 +5,+0 deg",False,0.002622517739177661,2.638733059286933,nan
0.3,1.2,0.01,32,"demo_00 +5,+5 deg",False,0.007396227898932465,2.579832245807658,nan
0.3,1.2,0.01,33,"demo_00 +5,+10 deg",False,0.011968431272003165,2.5232651487204736,nan
0.3,1.2,0.01,34,"demo_00 +5,+15 deg",False,0.01631838647815716,2.463488208548133,nan
0.3,1.2,0.01,35,"demo_00 +10,-15 deg",True,0.00984212559335086,0.0,0.005185199189868158
0.3,1.2,0.01,36,"demo_00 +10,-10 deg",True,0.0046467741364948,0.0,0.005585599462494813
0.3,1.2,0.01,37,"demo_00 +10,-5 deg",True,0.0012980316952113389,0.0,0.005578855940410681
0.3,1.2,0.01,38,"demo_00 +10,+0 deg",False,0.005592454458082887,2.5916451554690347,nan
0.3,1.2,0.01,39,"demo_00 +10,+5 deg",False,0.0101454305916396,2.5292018948726254,nan
0.3,1.2,0.01,40,"demo_00 +10,+10 deg",False,0.014453524309764284,2.4823558151905343,nan
0.3,1.2,0.01,41,"demo_00 +10,+15 deg",False,0.018510852261560073,2.4316397827173546,nan
0.3,1.2,0.01,42,"demo_00 +15,-15 deg",True,0.006311983214061894,0.0,0.00569806700034127
0.3,1.2,0.01,43,"demo_00 +15,-10 deg",True,0.0017274468750016728,0.001159627628006532,0.005575260966939696
0.3,1.2,0.01,44,"demo_00 +15,-5 deg",True,0.004134317081145168,0.0,0.005581012222724959
0.3,1.2,0.01,45,"demo_00 +15,+0 deg",False,0.008681649523753015,2.5342840120746186,nan
0.3,1.2,0.01,46,"demo_00 +15,+5 deg",False,0.0130237924573382,2.479500471914189,nan
0.3,1.2,0.01,47,"demo_00 +15,+10 deg",False,0.0170743164669629,2.4115854435769295,nan
0.3,1.2,0.01,48,"demo_00 +15,+15 deg",False,0.020838641923708528,2.3678014632183206,nan
0.3,1.2,0.02,0,"demo_00 -15,-15 deg",True,0.014400836466333777,0.0,0.005090664933717661
0.3,1.2,0.02,1,"demo_00 -15,-10 deg",True,0.012374908140734702,0.0,0.005345682115509126
0.3,1.2,0.02,2,"demo_00 -15,-5 deg",True,0.009719145426959765,0.0,0.005705218360898049
0.3,1.2,0.02,3,"demo_00 -15,+0 deg",True,0.006385358577698704,0.0,0.005860569146291576
0.3,1.2,0.02,4,"demo_00 -15,+5 deg",False,0.003000415063820935,2.4340885515303308,nan
0.3,1.2,0.02,5,"demo_00 -15,+10 deg",False,0.00503537812975169,2.4234485841956275,nan
0.3,1.2,0.02,6,"demo_00 -15,+15 deg",False,0.01129124725999604,2.391120031065606,nan
0.3,1.2,0.02,7,"demo_00 -10,-15 deg",True,0.013489590169922249,0.0,0.005141659919666554
0.3,1.2,0.02,8,"demo_00 -10,-10 deg",True,0.011104396925355612,0.0,0.005478265100933078
0.3,1.2,0.02,9,"demo_00 -10,-5 deg",True,0.008109951392564601,0.0,0.005822614594352506
0.3,1.2,0.02,10,"demo_00 -10,+0 deg",True,0.004475759833452118,0.0,0.005855548820565291
0.3,1.2,0.02,11,"demo_00 -10,+5 deg",False,0.0018427575272325356,2.519943646419755,nan
0.3,1.2,0.02,12,"demo_00 -10,+10 deg",False,0.0064461978900912835,2.47747182881745,nan
0.3,1.2,0.02,13,"demo_00 -10,+15 deg",False,0.01307031632188415,2.418452989471493,nan
0.3,1.2,0.02,14,"demo_00 -5,-15 deg",True,0.01236665830145538,0.0,0.005212010341435122
0.3,1.2,0.02,15,"demo_00 -5,-10 deg",True,0.009642233646036655,0.0,0.005632927667797804
0.3,1.2,0.02,16,"demo_00 -5,-5 deg",True,0.006329851916928337,0.0,0.005857133889855577
0.3,1.2,0.02,17,"demo_00 -5,+0 deg",True,0.002397450535485149,0.0,0.005855112823521293
0.3,1.2,0.02,18,"demo_00 -5,+5 deg",False,0.0027022705993246473,2.565252705859588,nan
0.3,1.2,0.02,19,"demo_00 -5,+10 deg",False,0.00833996054831118,2.503780541734866,nan
0.3,1.2,0.02,20,"demo_00 -5,+15 deg",False,0.015073499565496236,2.437327890338565,nan
0.3,1.2,0.02,21,"demo_00 +0,-15 deg",True,0.010998066654819349,0.0,0.005313102154018352
0.3,1.2,0.02,22,"demo_00 +0,-10 deg",True,0.007960369802089194,0.0,0.0057745524209784375
0.3,1.2,0.02,23,"demo_00 +0,-5 deg",True,0.004366319112993379,0.0,0.005859898067905836
0.3,1.2,0.02,24,demo_00,True,0.00014799733540516466,0.004647771192834982,0.005854115394932171
0.3,1.2,0.02,25,"demo_00 +0,+5 deg",False,0.004806942325886501,2.563666762016232,nan
0.3,1.2,0.02,26,"demo_00 +0,+10 deg",False,0.010579139074840531,2.492519686234998,nan
0.3,1.2,0.02,27,"demo_00 +0,+15 deg",False,0.01729902632672959,2.4268117521060892,nan
0.3,1.2,0.02,28,"demo_00 +5,-15 deg",True,0.00935210967361822,0.0,0.0054779167088826125
0.3,1.2,0.02,29,"demo_00 +5,-10 deg",True,0.006043280083410173,0.0,0.0058507472209737375
0.3,1.2,0.02,30,"demo_00 +5,-5 deg",True,0.0023016831597196296,0.0,0.005856974560599358
0.3,1.2,0.02,31,"demo_00 +5,+0 deg",False,0.002402426085708925,2.5722001695931187,nan
0.3,1.2,0.02,32,"demo_00 +5,+5 deg",False,0.007347120748610157,2.521577227499272,nan
0.3,1.2,0.02,33,"demo_00 +5,+10 deg",False,0.013112629182403754,2.4533619930428783,nan
0.3,1.2,0.02,34,"demo_00 +5,+15 deg",False,0.019755488161701314,2.398804374154356,nan
0.3,1.2,0.02,35,"demo_00 +10,-15 deg",True,0.0074026901470278465,0.0,0.0056708124670183276
0.3,1.2,0.02,36,"demo_00 +10,-10 deg",True,0.003926191551500073,0.0,0.00586125431100683
0.3,1.2,0.02,37,"demo_00 +10,-5 deg",True,0.0014991830479728675,0.0,0.005853186052660126
0.3,1.2,0.02,38,"demo_00 +10,+0 deg",False,0.005180109679310013,2.5186783580893413,nan
0.3,1.2,0.02,39,"demo_00 +10,+5 deg",False,0.01019623251095289,2.4640067255688747,nan
0.3,1.2,0.02,40,"demo_00 +10,+10 deg",False,0.015928661079234956,2.4160717961765825,nan
0.3,1.2,0.02,41,"demo_00 +10,+15 deg",False,0.022456776626426957,2.3692057390722763,nan
0.3,1.2,0.02,42,"demo_00 +15,-15 deg",True,0.0051441442799748105,0.0,0.005819185978357364
0.3,1.2,0.02,43,"demo_00 +15,-10 deg",True,0.002039674302824328,0.0005735660601985278,0.005853834144473133
0.3,1.2,0.02,44,"demo_00 +15,-5 deg",True,0.0038068456706694537,0.0,0.005852868292591236
0.3,1.2,0.02,45,"demo_00 +15,+0 deg",False,0.00825126015041447,2.4762706401477863,nan
0.3,1.2,0.02,46,"demo_00 +15,+5 deg",False,0.013343852610749732,2.4126985072207963,nan
0.3,1.2,0.02,47,"demo_00 +15,+10 deg",False,0.019032357945508453,2.3470950964251087,nan
0.3,1.2,0.02,48,"demo_00 +15,+15 deg",False,0.02541916008229709,2.3057634201689545,nan
0.3,1.2,0.03,0,"demo_00 -15,-15 deg",True,0.008670216868536692,0.0,0.005913569245238889
0.3,1.2,0.03,1,"demo_00 -15,-10 deg",True,0.006970687242355961,0.0,0.005922987745395774
0.3,1.2,0.03,2,"demo_00 -15,-5 deg",True,0.006132194488526696,0.0,0.005951423491579696
0.3,1.2,0.03,3,"demo_00 -15,+0 deg",True,0.004505501456311456,0.0,0.005991017913626344
0.3,1.2,0.03,4,"demo_00 -15,+5 deg",False,0.002894163467171156,2.514820044200145,nan
0.3,1.2,0.03,5,"demo_00 -15,+10 deg",False,0.0075192644417026635,2.496209820070229,nan
0.3,1.2,0.03,6,"demo_00 -15,+15 deg",False,0.016438030116199886,2.461302545428413,nan
0.3,1.2,0.03,7,"demo_00 -10,-15 deg",True,0.008255042963567435,0.0,0.005928228071299219
0.3,1.2,0.03,8,"demo_00 -10,-10 deg",True,0.006872492380441666,0.0,0.005942206954622781
0.3,1.2,0.03,9,"demo_00 -10,-5 deg",True,0.005652885753899011,0.0,0.005969156009636427
0.3,1.2,0.03,10,"demo_00 -10,+0 deg",True,0.003393913707095597,0.0,0.005991926159139126
0.3,1.2,0.03,11,"demo_00 -10,+5 deg",False,0.002570838965002347,2.5853000152379195,nan
0.3,1.2,0.03,12,"demo_00 -10,+10 deg",False,0.008811218052701386,2.5548550023513874,nan
0.3,1.2,0.03,13,"demo_00 -10,+15 deg",False,0.01820771356207276,2.4998708098306652,nan
0.3,1.2,0.03,14,"demo_00 -5,-15 deg",True,0.008000726330994593,0.0,0.005924027185955337
0.3,1.2,0.03,15,"demo_00 -5,-10 deg",True,0.006585776990356681,0.0,0.0059598043116482965
0.3,1.2,0.03,16,"demo_00 -5,-5 deg",True,0.004849942479254249,0.0,0.00598046207243187
0.3,1.2,0.03,17,"demo_00 -5,+0 deg",True,0.001914007245722385,0.0,0.0059898728309274885
0.3,1.2,0.03,18,"demo_00 -5,+5 deg",False,0.003494414100488334,2.6330456232482056,nan
0.3,1.2,0.03,19,"demo_00 -5,+10 deg",False,0.010678455160230464,2.5816979823330968,nan
0.3,1.2,0.03,20,"demo_00 -5,+15 deg",False,0.02040709985630628,2.50683572242811,nan
0.3,1.2,0.03,21,"demo_00 +0,-15 deg",True,0.007679625645799276,0.0,0.005916297416472956
0.3,1.2,0.03,22,"demo_00 +0,-10 deg",True,0.005987870143008718,0.0,0.0059770362628364755
0.3,1.2,0.03,23,"demo_00 +0,-5 deg",True,0.003679881214671459,0.0,0.005987688148418015
0.3,1.2,0.03,24,demo_00,False,2.1525636763142348e-05,2.706647137628181,nan
0.3,1.2,0.03,25,"demo_00 +0,+5 deg",False,0.005477929034978244,2.6392105697971915,nan
0.3,1.2,0.03,26,"demo_00 +0,+10 deg",False,0.013098250847370442,2.572476917722687,nan
0.3,1.2,0.03,27,"demo_00 +0,+15 deg",False,0.02305002736238075,2.5023494588386304,nan
0.3,1.2,0.03,28,"demo_00 +5,-15 deg",True,0.007096021009951824,0.0,0.005919862339609406
0.3,1.2,0.03,29,"demo_00 +5,-10 deg",True,0.004994571097472398,0.0,0.005988992479019672
0.3,1.2,0.03,30,"demo_00 +5,-5 deg",True,0.00220327687287751,0.0,0.005990415253826727
0.3,1.2,0.03,31,"demo_00 +5,+0 deg",False,0.0023332312599248658,2.648272990062398,nan
0.3,1.2,0.03,32,"demo_00 +5,+5 deg",False,0.008149326667742126,2.590160343714683,nan
0.3,1.2,0.03,33,"demo_00 +5,+10 deg",False,0.016048032966425492,2.534763533714486,nan
0.3,1.2,0.03,34,"demo_00 +5,+15 deg",False,0.026146878010098858,2.4742979128827307,nan
0.3,1.2,0.03,35,"demo_00 +10,-15 deg",True,0.006099124866359755,0.0,0.005940252622918853
0.3,1.2,0.03,36,"demo_00 +10,-10 deg",True,0.0035889869958829115,0.0,0.005993738897445703
0.3,1.2,0.03,37,"demo_00 +10,-5 deg",True,0.0015313540636332763,0.0,0.005990407293611879
0.3,1.2,0.03,38,"demo_00 +10,+0 deg",False,0.0051867661407163645,2.603653391450379,nan
0.3,1.2,0.03,39,"demo_00 +10,+5 deg",False,0.011387731450245171,2.5372439660203097,nan
0.3,1.2,0.03,40,"demo_00 +10,+10 deg",False,0.01951625833346517,2.482198594114048,nan
0.3,1.2,0.03,41,"demo_00 +10,+15 deg",False,0.029706542402586165,2.4329336158394135,nan
0.3,1.2,0.03,42,"demo_00 +15,-15 deg",True,0.0045891819395027416,0.0,0.005969109973780963
0.3,1.2,0.03,43,"demo_00 +15,-10 deg",True,0.0021153459391450168,0.0006203947267344259,0.005991672025031232
0.3,1.2,0.03,44,"demo_00 +15,-5 deg",True,0.0036646580680046487,0.0,0.005990037736203889
0.3,1.2,0.03,45,"demo_00 +15,+0 deg",False,0.008582096533869071,2.551644152367888,nan
0.3,1.2,0.03,46,"demo_00 +15,+5 deg",False,0.015171999797529123,2.4903828056697526,nan
0.3,1.2,0.03,47,"demo_00 +15,+10 deg",False,0.023501997215051758,2.430310595114381,nan
0.3,1.2,0.03,48,"demo_00 +15,+15 deg",False,0.033737548284145144,2.371849323884423,nan
0.3,1.2,0.05,0,"demo_00 -15,-15 deg",False,0.03334206510336599,2.335215855830151,nan
0.3,1.2,0.05,1,"demo_00 -15,-10 deg",True,0.02104804796256889,0.0,0.0062808750754447355
0.3,1.2,0.05,2,"demo_00 -15,-5 deg",True,0.011559074197798424,0.0,0.006059478661654981
0.3,1.2,0.05,3,"demo_00 -15,+0 deg",False,0.005254349207833979,2.4892981944197445,nan
0.3,1.2,0.05,4,"demo_00 -15,+5 deg",False,0.005455999276870183,2.514999155103009,nan
0.3,1.2,0.05,5,"demo_00 -15,+10 deg",False,0.011162638157684233,2.5029356825254685,nan
0.3,1.2,0.05,6,"demo_00 -15,+15 deg",False,0.0189187627753541,2.465756549462035,nan
0.3,1.2,0.05,7,"demo_00 -10,-15 deg",True,0.0280523313247671,0.0,0.006004101608228696
0.3,1.2,0.05,8,"demo_00 -10,-10 deg",True,0.017110930158506035,0.0,0.006018371073104076
0.3,1.2,0.05,9,"demo_00 -10,-5 deg",True,0.008875226040947442,0.0,0.005987642547061705
0.3,1.2,0.05,10,"demo_00 -10,+0 deg",True,0.003149677835026906,0.0,0.006075525603570196
0.3,1.2,0.05,11,"demo_00 -10,+5 deg",False,0.004187654676016284,2.5780174616007288,nan
0.3,1.2,0.05,12,"demo_00 -10,+10 deg",False,0.010710086723937058,2.5366585164565953,nan
0.3,1.2,0.05,13,"demo_00 -10,+15 deg",False,0.01932437325783654,2.4987055568927206,nan
0.3,1.2,0.05,14,"demo_00 -5,-15 deg",True,0.0232203988402281,0.0,0.005891489596116416
0.3,1.2,0.05,15,"demo_00 -5,-10 deg",True,0.013657316338682201,0.0,0.005899509397066703
0.3,1.2,0.05,16,"demo_00 -5,-5 deg",True,0.006693540855273249,0.0,0.006096052164258747
0.3,1.2,0.05,17,"demo_00 -5,+0 deg",True,0.0016049105888603125,0.0,0.006083729925962402
0.3,1.2,0.05,18,"demo_00 -5,+5 deg",False,0.004397984714223207,2.6413422846485526,nan
0.3,1.2,0.05,19,"demo_00 -5,+10 deg",False,0.011687205385607826,2.575669229183659,nan
0.3,1.2,0.05,20,"demo_00 -5,+15 deg",False,0.021207037171798396,2.5029030666338326,nan
0.3,1.2,0.05,21,"demo_00 +0,-15 deg",True,0.018621242298716097,0.0,0.0058682493109461905
0.3,1.2,0.05,22,"demo_00 +0,-10 deg",True,0.01040060334232289,0.0,0.005939720454110315
0.3,1.2,0.05,23,"demo_00 +0,-5 deg",True,0.004597093586290388,0.0,0.006097923511461559
0.3,1.2,0.05,24,demo_00,False,0.00012980457645502932,2.7004714150155777,nan
0.3,1.2,0.05,25,"demo_00 +0,+5 deg",False,0.005821285745364904,2.640771575282122,nan
0.3,1.2,0.05,26,"demo_00 +0,+10 deg",False,0.01386382393170726,2.5727916553809784,nan
0.3,1.2,0.05,27,"demo_00 +0,+15 deg",False,0.02430846352687724,2.4994536276121497,nan
0.3,1.2,0.05,28,"demo_00 +5,-15 deg",True,0.014162777206944036,0.0,0.005965986599155942
0.3,1.2,0.05,29,"demo_00 +5,-10 deg",True,0.007237169255372792,0.0,0.006033189104983963
0.3,1.2,0.05,30,"demo_00 +5,-5 deg",True,0.002506069652308444,0.0,0.006081603432546307
0.3,1.2,0.05,31,"demo_00 +5,+0 deg",False,0.0021323535720222894,2.6359179474393306,nan
0.3,1.2,0.05,32,"demo_00 +5,+5 deg",False,0.008169857542294602,2.592245187318398,nan
0.3,1.2,0.05,33,"demo_00 +5,+10 deg",False,0.01701214679505819,2.5281017600865705,nan
0.3,1.2,0.05,34,"demo_00 +5,+15 deg",False,0.028384543602840824,2.4700632941340936,nan
0.3,1.2,0.05,35,"demo_00 +10,-15 deg",True,0.009869824361965358,0.0,0.006046922219350882
0.3,1.2,0.05,36,"demo_00 +10,-10 deg",True,0.004252039715403791,0.0,0.006081676506436921
0.3,1.2,0.05,37,"demo_00 +10,-5 deg",True,0.001419278518492276,0.0,0.006083202577510849
0.3,1.2,0.05,38,"demo_00 +10,+0 deg",False,0.004589508627163244,2.6024319586333315,nan
0.3,1.2,0.05,39,"demo_00 +10,+5 deg",False,0.011212542962556457,2.5315638832781424,nan
0.3,1.2,0.05,40,"demo_00 +10,+10 deg",False,0.02092826083266569,2.4799635494665844,nan
0.3,1.2,0.05,41,"demo_00 +10,+15 deg",False,0.03322971155746763,2.425550075003211,nan
0.3,1.2,0.05,42,"demo_00 +15,-15 deg",True,0.005868682125738763,0.0,0.006086264936483642
0.3,1.2,0.05,43,"demo_00 +15,-10 deg",True,0.001985068232396103,0.0,0.006085087333839234
0.3,1.2,0.05,44,"demo_00 +15,-5 deg",True,0.0030756855664371362,0.0,0.006082658642474444
0.3,1.2,0.05,45,"demo_00 +15,+0 deg",False,0.007336284672471531,2.5515403001801764,nan
0.3,1.2,0.05,46,"demo_00 +15,+5 deg",False,0.014770948986996227,2.4890516818545296,nan
0.3,1.2,0.05,47,"demo_00 +15,+10 deg",False,0.025445497951934046,2.4210276102064916,nan
0.3,1.2,0.05,48,"demo_00 +15,+15 deg",False,0.03868145112297915,2.37895156907521,nan
0.3,1.2,0.1,0,"demo_00 -15,-15 deg",False,0.41422294147193833,1.4122077857459652,nan
0.3,1.2,0.1,1,"demo_00 -15,-10 deg",False,0.26225870440131566,2.401569607997172,nan
0.3,1.2,0.1,2,"demo_00 -15,-5 deg",False,0.14701325563600692,2.2710436430468994,nan
0.3,1.2,0.1,3,"demo_00 -15,+0 deg",False,0.08211240129848621,2.4339087615854593,nan
0.3,1.2,0.1,4,"demo_00 -15,+5 deg",False,0.048875675810517716,2.5083677733748577,nan
0.3,1.2,0.1,5,"demo_00 -15,+10 deg",False,0.010409075141889866,2.4969046982452237,nan
0.3,1.2,0.1,6,"demo_00 -15,+15 deg",False,0.06183352476022194,2.3249877790152134,nan
0.3,1.2,0.1,7,"demo_00 -10,-15 deg",False,0.34495375509625986,2.047286585195319,nan
0.3,1.2,0.1,8,"demo_00 -10,-10 deg",False,0.19879063899565053,2.4563924129837624,nan
0.3,1.2,0.1,9,"demo_00 -10,-5 deg",False,0.08983275114143177,2.4421006216997716,nan
0.3,1.2,0.1,10,"demo_00 -10,+0 deg",False,0.03352146676583885,2.4135903958352842,nan
0.3,1.2,0.1,11,"demo_00 -10,+5 deg",False,0.013044158136167073,2.452952294908603,nan
0.3,1.2,0.1,12,"demo_00 -10,+10 deg",False,0.02797178356449274,1.7569769078733817,nan
0.3,1.2,0.1,13,"demo_00 -10,+15 deg",False,0.09513164905306391,2.1621046778613326,nan
0.3,1.2,0.1,14,"demo_00 -5,-15 deg",False,0.277299389420665,2.1998402568217226,nan
0.3,1.2,0.1,15,"demo_00 -5,-10 deg",False,0.14458081548943522,2.399691411293172,nan
0.3,1.2,0.1,16,"demo_00 -5,-5 deg",False,0.050334033900951466,0.0,0.007215715194771253
0.3,1.2,0.1,17,"demo_00 -5,+0 deg",False,0.006929779032847818,2.4237648999403154,nan
0.3,1.2,0.1,18,"demo_00 -5,+5 deg",False,0.007523078140437043,2.5564303497319263,nan
0.3,1.2,0.1,19,"demo_00 -5,+10 deg",False,0.05356346866324732,1.3668752139807718,nan
0.3,1.2,0.1,20,"demo_00 -5,+15 deg",False,0.1261906152008676,2.0611077477189195,nan
0.3,1.2,0.1,21,"demo_00 +0,-15 deg",False,0.20995019551926072,2.5085332307611266,nan
0.3,1.2,0.1,22,"demo_00 +0,-10 deg",False,0.096666659497466,0.07683594495201311,0.013118369923873103
0.3,1.2,0.1,23,"demo_00 +0,-5 deg",False,0.024116469852621166,0.0,0.007188470829369375
0.3,1.2,0.1,24,demo_00,True,0.00012020936399280982,0.0033551662274797864,0.0067919982851908775
0.3,1.2,0.1,25,"demo_00 +0,+5 deg",False,0.024498060250263538,2.518668008318082,nan
0.3,1.2,0.1,26,"demo_00 +0,+10 deg",False,0.08402450385277531,2.2728349869967874,nan
0.3,1.2,0.1,27,"demo_00 +0,+15 deg",False,0.1622062763047178,2.494799372298932,nan
0.3,1.2,0.1,28,"demo_00 +5,-15 deg",False,0.14448947960935987,2.535616859357441,nan
0.3,1.2,0.1,29,"demo_00 +5,-10 deg",False,0.05470689428245356,0.0,0.012033442659939025
0.3,1.2,0.1,30,"demo_00 +5,-5 deg",True,0.006553164459056483,0.0,0.007108893695645913
0.3,1.2,0.1,31,"demo_00 +5,+0 deg",False,0.011605726781587607,2.6166363511153174,nan
0.3,1.2,0.1,32,"demo_00 +5,+5 deg",False,0.055197229240457245,2.585217000509474,nan
0.3,1.2,0.1,33,"demo_00 +5,+10 deg",False,0.12756337015608696,2.523937310634283,nan
0.3,1.2,0.1,34,"demo_00 +5,+15 deg",False,0.2087319192687477,2.1457774199104174,nan
0.3,1.2,0.1,35,"demo_00 +10,-15 deg",False,0.08486147557947984,0.15019072554001206,0.017835945902664116
0.3,1.2,0.1,36,"demo_00 +10,-10 deg",False,0.020543847400671632,0.0,0.007520409110042911
0.3,1.2,0.1,37,"demo_00 +10,-5 deg",True,0.01051699680096464,0.0,0.007388889225029854
0.3,1.2,0.1,38,"demo_00 +10,+0 deg",False,0.0397833848184305,2.475415312265749,nan
0.3,1.2,0.1,39,"demo_00 +10,+5 deg",False,0.1029297768424778,2.3684682968933335,nan
0.3,1.2,0.1,40,"demo_00 +10,+10 deg",False,0.18627681467136684,2.472870406250672,nan
0.3,1.2,0.1,41,"demo_00 +10,+15 deg",False,0.26722564746396604,2.4297218519366037,nan
0.3,1.2,0.1,42,"demo_00 +15,-15 deg",False,0.036396348476820904,0.0,0.014815512468340914
0.3,1.2,0.1,43,"demo_00 +15,-10 deg",True,0.006028186011649615,0.0,0.006974235402805505
0.3,1.2,0.1,44,"demo_00 +15,-5 deg",False,0.031771001725288656,2.5802717254800855,nan
0.3,1.2,0.1,45,"demo_00 +15,+0 deg",False,0.0837354490007671,2.5477571244040162,nan
0.3,1.2,0.1,46,"demo_00 +15,+5 deg",False,0.16605846987579373,2.414212126005486,nan
0.3,1.2,0.1,47,"demo_00 +15,+10 deg",False,0.25798175570345816,2.4137874933272707,nan
0.3,1.2,0.1,48,"demo_00 +15,+15 deg",False,0.3352942395377244,2.3409639313023516,nan
0.3,1.35,0.01,0,"demo_00 -15,-15 deg",True,0.0398001184020027,0.0,0.004727331501088329
0.3,1.35,0.01,1,"demo_00 -15,-10 deg",True,0.031084306255836636,0.0,0.004923768543376752
0.3,1.35,0.01,2,"demo_00 -15,-5 deg",False,0.02237238062102068,0.0,0.010009843275304272
0.3,1.35,0.01,3,"demo_00 -15,+0 deg",True,0.013881541420091074,0.0,0.005869008760780019
0.3,1.35,0.01,4,"demo_00 -15,+5 deg",False,0.00616788553544506,2.501195313503556,1.3628640556981473
0.3,1.35,0.01,5,"demo_00 -15,+10 deg",False,0.004802863087143678,2.457702804655982,1.3631909436353409
0.3,1.35,0.01,6,"demo_00 -15,+15 deg",False,0.011318637144767954,2.4189512974187526,1.36669471637428
0.3,1.35,0.01,7,"demo_00 -10,-15 deg",True,0.03408383147022776,0.0,0.004783256882100602
0.3,1.35,0.01,8,"demo_00 -10,-10 deg",True,0.02569966866909859,0.0,0.005051662582128228
0.3,1.35,0.01,9,"demo_00 -10,-5 deg",False,0.017324758331495563,0.0,0.009902758787366683
0.3,1.35,0.01,10,"demo_00 -10,+0 deg",True,0.009171491297173226,0.0,0.00594768904777438
0.3,1.35,0.01,11,"demo_00 -10,+5 deg",False,0.0023801128674052724,2.5455993070438305,nan
0.3,1.35,0.01,12,"demo_00 -10,+10 deg",False,0.007052392486351019,2.5107652251224772,nan
0.3,1.35,0.01,13,"demo_00 -10,+15 deg",False,0.013985572803105892,2.4605294973963416,nan
0.3,1.35,0.01,14,"demo_00 -5,-15 deg",True,0.028506111808721937,0.0,0.004860016493974356
0.3,1.35,0.01,15,"demo_00 -5,-10 deg",False,0.020447138031640274,0.0,0.008226564667587116
0.3,1.35,0.01,16,"demo_00 -5,-5 deg",True,0.01240290141987358,0.0,0.007535742678619517
0.3,1.35,0.01,17,"demo_00 -5,+0 deg",True,0.004572827492704782,0.0,0.006006965463214333
0.3,1.35,0.01,18,"demo_00 -5,+5 deg",False,0.0032680221087435196,2.602342533956986,1.3673993248080205
0.3,1.35,0.01,19,"demo_00 -5,+10 deg",False,0.010324086986171425,2.5354525095280884,nan
0.3,1.35,0.01,20,"demo_00 -5,+15 deg",False,0.01693760222192404,2.4994747912668167,1.3650363437790134
0.3,1.35,0.01,21,"demo_00 +0,-15 deg",True,0.02306216165309474,0.0,0.004967286907236501
0.3,1.35,0.01,22,"demo_00 +0,-10 deg",False,0.015324255696728122,0.0,0.008938519253016185
0.3,1.35,0.01,23,"demo_00 +0,-5 deg",True,0.007611499095536981,0.0,0.005902867102508232
0.3,1.35,0.01,24,demo_00,True,8.406757274705517e-05,0.004050626822140444,0.006007770012282995
0.3,1.35,0.01,25,"demo_00 +0,+5 deg",False,0.007110095199723439,2.6264785132934487,nan
0.3,1.35,0.01,26,"demo_00 +0,+10 deg",False,0.013841665352042053,2.5709366735164525,2.952424019827305
0.3,1.35,0.01,27,"demo_00 +0,+15 deg",False,0.020010388537665624,2.456898356184859,nan
0.3,1.35,0.01,28,"demo_00 +5,-15 deg",False,0.017747107555396168,0.0,0.007054913753009412
0.3,1.35,0.01,29,"demo_00 +5,-10 deg",True,0.01033225667583621,0.0,0.008735005420106074
0.3,1.35,0.01,30,"demo_00 +5,-5 deg",True,0.003009223785761627,0.0,0.005962631290791898
0.3,1.35,0.01,31,"demo_00 +5,+0 deg",False,0.0043053724537854415,2.6100916141585584,1.822954257902422
0.3,1.35,0.01,32,"demo_00 +5,+5 deg",False,0.011086864509339676,2.5771709960297846,nan
0.3,1.35,0.01,33,"demo_00 +5,+10 deg",False,0.017402725181988713,2.5140352947414053,1.2042114371904384
0.3,1.35,0.01,34,"demo_00 +5,+15 deg",False,0.02312439519462101,2.4359652081129988,nan
0.3,1.35,0.01,35,"demo_00 +10,-15 deg",False,0.012556496638505475,0.0,0.007680096288485019
0.3,1.35,0.01,36,"demo_00 +10,-10 deg",True,0.005493233994088789,0.0,0.005967913346399231
0.3,1.35,0.01,37,"demo_00 +10,-5 deg",True,0.002008952151715874,0.0,0.006009729757964644
0.3,1.35,0.01,38,"demo_00 +10,+0 deg",False,0.00859267960069105,2.5590025391201143,nan
0.3,1.35,0.01,39,"demo_00 +10,+5 deg",False,0.015019174991923647,2.4926508435742787,1.368861121179882
0.3,1.35,0.01,40,"demo_00 +10,+10 deg",False,0.020943024355380296,2.4611540504192675,1.3667199710660873
0.3,1.35,0.01,41,"demo_00 +10,+15 deg",False,0.026238988034742023,2.4119242325941306,nan
0.3,1.35,0.01,42,"demo_00 +15,-15 deg",False,0.007488821206290837,0.0,0.008350867044577465
0.3,1.35,0.01,43,"demo_00 +15,-10 deg",True,0.001303647047066881,0.0005966831320289231,0.005921723812281896
0.3,1.35,0.01,44,"demo_00 +15,-5 deg",True,0.006321677102620137,0.0,0.006011061757761944
0.3,1.35,0.01,45,"demo_00 +15,+0 deg",False,0.012784467053666888,2.5276724509514703,0.9280387716161722
0.3,1.35,0.01,46,"demo_00 +15,+5 deg",False,0.018881010161548414,2.444504624340296,nan
0.3,1.35,0.01,47,"demo_00 +15,+10 deg",False,0.02443813385783277,2.3860248942430125,nan
0.3,1.35,0.01,48,"demo_00 +15,+15 deg",False,0.029332349453024213,2.33925961500322,nan
0.3,1.35,0.02,0,"demo_00 -15,-15 deg",True,0.018924327513460813,0.0,0.0056734350414557105
0.3,1.35,0.02,1,"demo_00 -15,-10 deg",True,0.01728671392270579,0.0,0.005880151096086949
0.3,1.35,0.02,2,"demo_00 -15,-5 deg",False,0.014371595815765048,0.0,0.006323927614743136
0.3,1.35,0.02,3,"demo_00 -15,+0 deg",True,0.010316482870087192,0.0,0.006309599986737999
0.3,1.35,0.02,4,"demo_00 -15,+5 deg",False,0.006350692006094113,2.5065514573100214,nan
0.3,1.35,0.02,5,"demo_00 -15,+10 deg",False,0.007901685231193313,2.503469712317408,nan
0.3,1.35,0.02,6,"demo_00 -15,+15 deg",False,0.015459709614248269,2.4641573584015353,nan
0.3,1.35,0.02,7,"demo_00 -10,-15 deg",True,0.017854197434458364,0.0,0.005715978529341986
0.3,1.35,0.02,8,"demo_00 -10,-10 deg",False,0.015628088845804567,0.0,0.005432324104517916
0.3,1.35,0.02,9,"demo_00 -10,-5 deg",True,0.01206578145857894,0.0,0.006900079096121547
0.3,1.35,0.02,10,"demo_00 -10,+0 deg",True,0.007342980653805424,0.0,0.006291346702376563
0.3,1.35,0.02,11,"demo_00 -10,+5 deg",False,0.0035669993187087503,2.5835048336381052,nan
0.3,1.35,0.02,12,"demo_00 -10,+10 deg",False,0.008601876194788376,2.5492741754131076,nan
0.3,1.35,0.02,13,"demo_00 -10,+15 deg",False,0.017284787980311377,2.4929644759233796,2.028283660526807
0.3,1.35,0.02,14,"demo_00 -5,-15 deg",True,0.016390353294931385,0.0,0.005769348995675733
0.3,1.35,0.02,15,"demo_00 -5,-10 deg",False,0.013552964121390515,0.0,0.005794225704494654
0.3,1.35,0.02,16,"demo_00 -5,-5 deg",True,0.009348442507793363,0.0,0.006688761048654053
0.3,1.35,0.02,17,"demo_00 -5,+0 deg",True,0.003962425899380779,0.0,0.0063000187169583765
0.3,1.35,0.02,18,"demo_00 -5,+5 deg",False,0.003556977336129836,2.642165565151986,2.0116876425668537
0.3,1.35,0.02,19,"demo_00 -5,+10 deg",False,0.011275527002254211,2.5731524460838022,2.06619716854035
0.3,1.35,0.02,20,"demo_00 -5,+15 deg",False,0.020354410678365065,2.5123278802796998,2.0162549787396165
0.3,1.35,0.02,21,"demo_00 +0,-15 deg",True,0.014504019277643358,0.0,0.005839018922276849
0.3,1.35,0.02,22,"demo_00 +0,-10 deg",False,0.011043389288828335,0.0,0.006200324985613746
0.3,1.35,0.02,23,"demo_00 +0,-5 deg",True,0.006217365156171463,0.0,0.006371277321288908
0.3,1.35,0.02,24,demo_00,False,0.00015756632171197207,2.7070676651692365,nan
0.3,1.35,0.02,25,"demo_00 +0,+5 deg",False,0.007042169245728923,2.6326671861528608,2.036291041004395
0.3,1.35,0.02,26,"demo_00 +0,+10 deg",False,0.0152394150028748,2.563000915186287,2.0216229846594054
0.3,1.35,0.02,27,"demo_00 +0,+15 deg",False,0.02442515739461488,2.497053791924314,2.009328963019739
0.3,1.35,0.02,28,"demo_00 +5,-15 deg",False,0.012168331078723192,0.0,0.0054554686111113115
0.3,1.35,0.02,29,"demo_00 +5,-10 deg",True,0.008087357280904298,0.0,0.006761947186905602
0.3,1.35,0.02,30,"demo_00 +5,-5 deg",True,0.0027654129334025324,0.0,0.006284950118073432
0.3,1.35,0.02,31,"demo_00 +5,+0 deg",False,0.0040943224599470154,2.6414591180778904,1.9018550818940143
0.3,1.35,0.02,32,"demo_00 +5,+5 deg",False,0.011604376463444584,2.5835165335605983,1.0119961372633532
0.3,1.35,0.02,33,"demo_00 +5,+10 deg",False,0.02003335571401553,2.5281915381225017,nan
0.3,1.35,0.02,34,"demo_00 +5,+15 deg",False,0.029296816332938486,2.474373007906856,nan
0.3,1.35,0.02,35,"demo_00 +10,-15 deg",False,0.009357054841398118,0.0,0.006013957563050285
0.3,1.35,0.02,36,"demo_00 +10,-10 deg",True,0.0047039421173495355,0.0,0.0064785149292380245
0.3,1.35,0.02,37,"demo_00 +10,-5 deg",True,0.0021091163651565555,0.0,0.006288755971304554
0.3,1.35,0.02,38,"demo_00 +10,+0 deg",False,0.008810661956235708,2.5961130103884877,nan
0.3,1.35,0.02,39,"demo_00 +10,+5 deg",False,0.01675853344864947,2.531000460582996,1.0752599750742478
0.3,1.35,0.02,40,"demo_00 +10,+10 deg",False,0.025463040499759188,2.471633981050086,nan
0.3,1.35,0.02,41,"demo_00 +10,+15 deg",False,0.03484372574059718,2.4329408118766915,0.6631235326797215
0.3,1.35,0.02,42,"demo_00 +15,-15 deg",True,0.006046387336719155,0.0,0.006631928668272552
0.3,1.35,0.02,43,"demo_00 +15,-10 deg",True,0.0014945068093106168,0.00025505727547047233,0.0062403443739502615
0.3,1.35,0.02,44,"demo_00 +15,-5 deg",True,0.006419754188585794,0.0,0.006310895017302172
0.3,1.35,0.02,45,"demo_00 +15,+0 deg",False,0.014015977348067038,2.548944172970024,1.999741491554433
0.3,1.35,0.02,46,"demo_00 +15,+5 deg",False,0.02243423484129675,2.4817077202980387,1.994231579630131
0.3,1.35,0.02,47,"demo_00 +15,+10 deg",False,0.03145580232775692,2.4218910490532712,2.02838268351954
0.3,1.35,0.02,48,"demo_00 +15,+15 deg",False,0.04099777724245648,2.37288061280431,2.0328143910494365
0.3,1.35,0.03,0,"demo_00 -15,-15 deg",False,0.019946642565320725,2.3314568382561083,nan
0.3,1.35,0.03,1,"demo_00 -15,-10 deg",False,0.011890691071911782,2.393856548836582,nan
0.3,1.35,0.03,2,"demo_00 -15,-5 deg",True,0.00855197449215327,0.0,0.006472229195034202
0.3,1.35,0.03,3,"demo_00 -15,+0 deg",True,0.006952236083188991,0.0,0.0063113662458845685
0.3,1.35,0.03,4,"demo_00 -15,+5 deg",False,0.00595915884707062,2.5098555307284234,nan
0.3,1.35,0.03,5,"demo_00 -15,+10 deg",False,0.009438679198046616,2.4978367459571054,nan
0.3,1.35,0.03,6,"demo_00 -15,+15 deg",False,0.018153672141756172,2.4607119714824823,2.6515400017730233
0.3,1.35,0.03,7,"demo_00 -10,-15 deg",True,0.015143839448765226,0.06646758443354223,0.0064328307851901
0.3,1.35,0.03,8,"demo_00 -10,-10 deg",True,0.010099194742732636,0.0,0.0064309893953258335
0.3,1.35,0.03,9,"demo_00 -10,-5 deg",True,0.008079991139575414,0.0,0.006449699614098663
0.3,1.35,0.03,10,"demo_00 -10,+0 deg",True,0.005722622520413703,0.0,0.0063079450526971215
0.3,1.35,0.03,11,"demo_00 -10,+5 deg",False,0.0040496657632778195,2.584462056091301,2.6468056621896774
0.3,1.35,0.03,12,"demo_00 -10,+10 deg",False,0.009999953200249921,2.5486656842104507,2.610554100263622
0.3,1.35,0.03,13,"demo_00 -10,+15 deg",False,0.020528448192765336,2.5007654509630806,2.6520825822486036
0.3,1.35,0.03,14,"demo_00 -5,-15 deg",True,0.012309275375254246,0.0,0.006796403083301921
0.3,1.35,0.03,15,"demo_00 -5,-10 deg",True,0.00945311843419596,0.0,0.006613475704104772
0.3,1.35,0.03,16,"demo_00 -5,-5 deg",True,0.007356913515163179,0.0,0.006368158029747505
0.3,1.35,0.03,17,"demo_00 -5,+0 deg",True,0.0036089613687611682,0.0,0.006302123018953086
0.3,1.35,0.03,18,"demo_00 -5,+5 deg",False,0.004037197891369217,2.635679779248144,nan
0.3,1.35,0.03,19,"demo_00 -5,+10 deg",False,0.01310065554360289,2.5754587440701013,2.648693078298615
0.3,1.35,0.03,20,"demo_00 -5,+15 deg",False,0.025083126803319165,2.507705864171333,nan
0.3,1.35,0.03,21,"demo_00 +0,-15 deg",True,0.010808451810468812,0.0,0.006663171124895638
0.3,1.35,0.03,22,"demo_00 +0,-10 deg",True,0.008755123382746838,0.0,0.006555608699527434
0.3,1.35,0.03,23,"demo_00 +0,-5 deg",True,0.005696302125529168,0.0,0.006327458584423903
0.3,1.35,0.03,24,demo_00,False,0.00028351363424575807,2.703315266046091,nan
0.3,1.35,0.03,25,"demo_00 +0,+5 deg",False,0.007905217772292222,2.6344872481964092,nan
0.3,1.35,0.03,26,"demo_00 +0,+10 deg",False,0.018595844508879748,2.5725603174525493,nan
0.3,1.35,0.03,27,"demo_00 +0,+15 deg",False,0.031740811577139705,2.4980121744410537,nan
0.3,1.35,0.03,28,"demo_00 +5,-15 deg",True,0.009680338326307443,0.0,0.006646622750506759
0.3,1.35,0.03,29,"demo_00 +5,-10 deg",True,0.007263087572529329,0.0,0.006383492878830367
0.3,1.35,0.03,30,"demo_00 +5,-5 deg",True,0.0029009549312049797,0.0,0.006290183300410509
0.3,1.35,0.03,31,"demo_00 +5,+0 deg",False,0.00445363823093202,2.64877564734703,nan
0.3,1.35,0.03,32,"demo_00 +5,+5 deg",False,0.014034728347552388,2.585781884556692,nan
0.3,1.35,0.03,33,"demo_00 +5,+10 deg",False,0.026056220598908983,2.529880749084072,2.649090880240764
0.3,1.35,0.03,34,"demo_00 +5,+15 deg",False,0.04031965419671488,2.469776545616613,nan
0.3,1.35,0.03,35,"demo_00 +10,-15 deg",True,0.008120616552091075,0.0,0.006587154303769767
0.3,1.35,0.03,36,"demo_00 +10,-10 deg",True,0.004656919697338454,0.0,0.00632068149271597
0.3,1.35,0.03,37,"demo_00 +10,-5 deg",True,0.0022609372551019857,0.0,0.006297905303424581
0.3,1.35,0.03,38,"demo_00 +10,+0 deg",False,0.010626729742978453,2.603496628416827,nan
0.3,1.35,0.03,39,"demo_00 +10,+5 deg",False,0.021824858444139502,2.540368372002157,2.6491293032760392
0.3,1.35,0.03,40,"demo_00 +10,+10 deg",False,0.03524199202899897,2.4759069432133685,1.3712692724261408
0.3,1.35,0.03,41,"demo_00 +10,+15 deg",False,0.050674812552817035,2.431340266145985,nan
0.3,1.35,0.03,42,"demo_00 +15,-15 deg",True,0.005646080694607201,0.0,0.006537627490620584
0.3,1.35,0.03,43,"demo_00 +15,-10 deg",True,0.001440656994453654,0.0,0.006284904237908495
0.3,1.35,0.03,44,"demo_00 +15,-5 deg",True,0.007756873714382831,0.0,0.0063074462993186935
0.3,1.35,0.03,45,"demo_00 +15,+0 deg",False,0.01828906773786716,2.5469861925118336,1.184079314106635
0.3,1.35,0.03,46,"demo_00 +15,+5 deg",False,0.031171062920846662,2.4905731498937618,nan
0.3,1.35,0.03,47,"demo_00 +15,+10 deg",False,0.0460511770268508,2.4240294673800706,2.191569996159055
0.3,1.35,0.03,48,"demo_00 +15,+15 deg",False,0.06271810894537853,2.374886281326548,2.6475782172323354
0.3,1.35,0.05,0,"demo_00 -15,-15 deg",False,0.02174051851574297,2.327907266859573,nan
0.3,1.35,0.05,1,"demo_00 -15,-10 deg",False,0.014967038937926256,2.3954488240500855,nan
0.3,1.35,0.05,2,"demo_00 -15,-5 deg",False,0.013126211933081045,2.4490900475985815,nan
0.3,1.35,0.05,3,"demo_00 -15,+0 deg",False,0.013573956849057047,2.4934132608455064,nan
0.3,1.35,0.05,4,"demo_00 -15,+5 deg",False,0.01420466060007988,2.5030008528511267,nan
0.3,1.35,0.05,5,"demo_00 -15,+10 deg",False,0.014638883251061961,2.49836820058932,nan
0.3,1.35,0.05,6,"demo_00 -15,+15 deg",False,0.017902545753916102,2.4623809304041164,nan
0.3,1.35,0.05,7,"demo_00 -10,-15 deg",False,0.007329955096811947,2.3984626268752707,nan
0.3,1.35,0.05,8,"demo_00 -10,-10 deg",False,0.005595027629858842,0.0,0.0053206242559126074
0.3,1.35,0.05,9,"demo_00 -10,-5 deg",False,0.0046328626107878116,2.5279623172654135,nan
0.3,1.35,0.05,10,"demo_00 -10,+0 deg",False,0.005135272923927644,2.5668896145733218,nan
0.3,1.35,0.05,11,"demo_00 -10,+5 deg",False,0.006875190107282414,2.572383322006681,nan
0.3,1.35,0.05,12,"demo_00 -10,+10 deg",False,0.00820623630994749,2.5491001230626953,nan
0.3,1.35,0.05,13,"demo_00 -10,+15 deg",False,0.012243949025191714,2.4864756408520448,nan
0.3,1.35,0.05,14,"demo_00 -5,-15 deg",False,0.012384349564388952,0.0,0.0086936042348973
0.3,1.35,0.05,15,"demo_00 -5,-10 deg",False,0.012067766745017496,0.0,0.005810160477586825
0.3,1.35,0.05,16,"demo_00 -5,-5 deg",True,0.008105454115760042,0.0,0.006469419099512434
0.3,1.35,0.05,17,"demo_00 -5,+0 deg",True,0.003468312363634288,0.0,0.00631786835808712
0.3,1.35,0.05,18,"demo_00 -5,+5 deg",False,0.003362386474672055,2.6372536880337254,nan
0.3,1.35,0.05,19,"demo_00 -5,+10 deg",False,0.003923944922551376,2.5769173034497195,nan
0.3,1.35,0.05,20,"demo_00 -5,+15 deg",False,0.006002756269580751,2.503342323769651,nan
0.3,1.35,0.05,21,"demo_00 +0,-15 deg",False,0.017551905843278728,0.0,0.0077460081658676785
0.3,1.35,0.05,22,"demo_00 +0,-10 deg",False,0.014892770849050508,0.0,0.005033097094022262
0.3,1.35,0.05,23,"demo_00 +0,-5 deg",True,0.00824103725847373,0.0,0.006351084050221861
0.3,1.35,0.05,24,demo_00,False,0.0004969185810146982,2.7008831304574787,nan
0.3,1.35,0.05,25,"demo_00 +0,+5 deg",False,0.0057818814488802975,2.634664662019145,nan
0.3,1.35,0.05,26,"demo_00 +0,+10 deg",False,0.007583541809159813,2.565898501977089,nan
0.3,1.35,0.05,27,"demo_00 +0,+15 deg",False,0.003334351786519298,2.4984077547073293,nan
0.3,1.35,0.05,28,"demo_00 +5,-15 deg",False,0.01822480996913235,0.0,0.005904972428731717
0.3,1.35,0.05,29,"demo_00 +5,-10 deg",True,0.012972626856217341,0.0,0.006533114016763135
0.3,1.35,0.05,30,"demo_00 +5,-5 deg",True,0.0038861280346737213,0.0,0.006289769481976525
0.3,1.35,0.05,31,"demo_00 +5,+0 deg",False,0.006623124898336282,2.645098006519723,nan
0.3,1.35,0.05,32,"demo_00 +5,+5 deg",False,0.014868955704504616,2.5861746347970844,nan
0.3,1.35,0.05,33,"demo_00 +5,+10 deg",False,0.01851827567436154,2.5291201795313283,nan
0.3,1.35,0.05,34,"demo_00 +5,+15 deg",False,0.015800029606577424,2.469548984077983,nan
0.3,1.35,0.05,35,"demo_00 +10,-15 deg",False,0.015098336892076396,0.0,0.005271508817010502
0.3,1.35,0.05,36,"demo_00 +10,-10 deg",True,0.007297884224572931,0.0,0.006349356518732229
0.3,1.35,0.05,37,"demo_00 +10,-5 deg",True,0.004866610529910615,0.0,0.006290927024109142
0.3,1.35,0.05,38,"demo_00 +10,+0 deg",False,0.017238638213060882,2.597449488411487,nan
0.3,1.35,0.05,39,"demo_00 +10,+5 deg",False,0.027593297506326893,2.5153261699971567,nan
0.3,1.35,0.05,40,"demo_00 +10,+10 deg",False,0.03298762289251058,2.4580110118532326,nan
0.3,1.35,0.05,41,"demo_00 +10,+15 deg",False,0.031491382429688436,2.42862744834827,nan
0.3,1.35,0.05,42,"demo_00 +15,-15 deg",True,0.009293869646333578,0.0,0.006493653139845327
0.3,1.35,0.05,43,"demo_00 +15,-10 deg",True,0.0018542177686878137,0.0,0.006370969508308197
0.3,1.35,0.05,44,"demo_00 +15,-5 deg",False,0.015503359804104371,2.603963143842964,nan
0.3,1.35,0.05,45,"demo_00 +15,+0 deg",False,0.03034555744541611,2.5467540635639594,nan
0.3,1.35,0.05,46,"demo_00 +15,+5 deg",False,0.042792709342384154,2.4778920601793653,nan
0.3,1.35,0.05,47,"demo_00 +15,+10 deg",False,0.04992493699317725,2.4257597140715146,nan
0.3,1.35,0.05,48,"demo_00 +15,+15 deg",False,0.04963779410959258,2.375674739704492,nan
0.3,1.35,0.1,0,"demo_00 -15,-15 deg",False,0.3427349839220625,2.318556050210522,nan
0.3,1.35,0.1,1,"demo_00 -15,-10 deg",False,0.18749528609352106,2.392636833314508,nan
0.3,1.35,0.1,2,"demo_00 -15,-5 deg",False,0.15042236721801508,2.4365975281066476,nan
0.3,1.35,0.1,3,"demo_00 -15,+0 deg",False,0.1699596280462772,2.443570895401254,nan
0.3,1.35,0.1,4,"demo_00 -15,+5 deg",False,0.12143245522545143,2.4058148453419794,nan
0.3,1.35,0.1,5,"demo_00 -15,+10 deg",False,0.03436526401252068,2.4546629015947796,nan
0.3,1.35,0.1,6,"demo_00 -15,+15 deg",False,0.32029856316671074,2.4249863462598005,nan
0.3,1.35,0.1,7,"demo_00 -10,-15 deg",False,0.34809041533308016,2.343005120669849,nan
0.3,1.35,0.1,8,"demo_00 -10,-10 deg",False,0.17589181520271674,2.4620620100877733,nan
0.3,1.35,0.1,9,"demo_00 -10,-5 deg",False,0.06723319840277503,2.5074196493367937,nan
0.3,1.35,0.1,10,"demo_00 -10,+0 deg",False,0.06579029749640627,2.569404367865749,nan
0.3,1.35,0.1,11,"demo_00 -10,+5 deg",False,0.02419098555154365,2.5829386319935392,nan
0.3,1.35,0.1,12,"demo_00 -10,+10 deg",False,0.11409357383503325,2.5353924022415155,nan
0.3,1.35,0.1,13,"demo_00 -10,+15 deg",False,0.3677684790747965,2.4740168412814976,nan
0.3,1.35,0.1,14,"demo_00 -5,-15 deg",False,0.34003286032414437,2.4388859342276747,nan
0.3,1.35,0.1,15,"demo_00 -5,-10 deg",False,0.17798310419156593,2.4414788116539388,nan
0.3,1.35,0.1,16,"demo_00 -5,-5 deg",False,0.05334309312516184,2.5682877342226753,0.993338935170173
0.3,1.35,0.1,17,"demo_00 -5,+0 deg",False,0.011264258037598878,2.6305214484594774,nan
0.3,1.35,0.1,18,"demo_00 -5,+5 deg",False,0.028191207616294126,2.631296832797847,nan
0.3,1.35,0.1,19,"demo_00 -5,+10 deg",False,0.15574124431804223,2.5515734469167186,nan
0.3,1.35,0.1,20,"demo_00 -5,+15 deg",False,0.3871172748020221,2.5041169776095535,nan
0.3,1.35,0.1,21,"demo_00 +0,-15 deg",False,0.30353814047428057,2.510590206154555,nan
0.3,1.35,0.1,22,"demo_00 +0,-10 deg",False,0.15763545693095474,2.5619858743035935,nan
0.3,1.35,0.1,23,"demo_00 +0,-5 deg",False,0.045566076626831084,2.6353650300317737,nan
0.3,1.35,0.1,24,demo_00,True,0.0004735996693997834,0.008034707020610298,0.006865654906315554
0.3,1.35,0.1,25,"demo_00 +0,+5 deg",False,0.038047055267461584,2.6190890067121204,nan
0.3,1.35,0.1,26,"demo_00 +0,+10 deg",False,0.16203053094073983,2.5629662575394487,nan
0.3,1.35,0.1,27,"demo_00 +0,+15 deg",False,0.3783747265352679,2.42390754023222,nan
0.3,1.35,0.1,28,"demo_00 +5,-15 deg",False,0.23875648568930508,2.538354367735488,nan
0.3,1.35,0.1,29,"demo_00 +5,-10 deg",False,0.11012510471037378,2.6293252440821067,nan
0.3,1.35,0.1,30,"demo_00 +5,-5 deg",False,0.012239706723796118,2.6489857610159286,2.075739030976895
0.3,1.35,0.1,31,"demo_00 +5,+0 deg",False,0.026751475668971753,2.6336980660004894,nan
0.3,1.35,0.1,32,"demo_00 +5,+5 deg",False,0.029438660884840137,2.489064207615475,nan
0.3,1.35,0.1,33,"demo_00 +5,+10 deg",False,0.14347314675517958,2.47669144206565,nan
0.3,1.35,0.1,34,"demo_00 +5,+15 deg",False,0.34631047281064353,2.4672441303800468,nan
0.3,1.35,0.1,35,"demo_00 +10,-15 deg",False,0.15599146430387845,2.571221819427334,nan
0.3,1.35,0.1,36,"demo_00 +10,-10 deg",False,0.045686771544145674,2.672877484930173,1.6365735225765874
0.3,1.35,0.1,37,"demo_00 +10,-5 deg",False,0.04027438213435549,2.6331238241516783,nan
0.3,1.35,0.1,38,"demo_00 +10,+0 deg",False,0.07746619331158665,2.6013729921654556,nan
0.3,1.35,0.1,39,"demo_00 +10,+5 deg",False,0.06934818512490687,2.523779318993531,nan
0.3,1.35,0.1,40,"demo_00 +10,+10 deg",False,0.1268252081620345,2.3564349953298662,nan
0.3,1.35,0.1,41,"demo_00 +10,+15 deg",False,0.3022578232841776,2.4105672539046843,nan
0.3,1.35,0.1,42,"demo_00 +15,-15 deg",False,0.07190462244102015,2.6353284764637284,nan
0.3,1.35,0.1,43,"demo_00 +15,-10 deg",False,0.020956976113881472,2.6753018721614032,nan
0.3,1.35,0.1,44,"demo_00 +15,-5 deg",False,0.0959124110040111,2.593334844169229,nan
0.3,1.35,0.1,45,"demo_00 +15,+0 deg",False,0.13803961011067578,2.5195079980202957,nan
0.3,1.35,0.1,46,"demo_00 +15,+5 deg",False,0.1415503993497827,2.4818117766410914,nan
0.3,1.35,0.1,47,"demo_00 +15,+10 deg",False,0.15491261863238798,2.398065645919009,nan
0.3,1.35,0.1,48,"demo_00 +15,+15 deg",False,0.26790490470086925,2.3734195172498644,nan
0.3,1.5,0.01,0,"demo_00 -15,-15 deg",False,0.040091194004940205,0.0,0.004847580571025395
0.3,1.5,0.01,1,"demo_00 -15,-10 deg",False,0.032774024505787105,0.0,0.005022508779710222
0.3,1.5,0.01,2,"demo_00 -15,-5 deg",False,0.02459025167373967,0.0,0.005079152484731967
0.3,1.5,0.01,3,"demo_00 -15,+0 deg",True,0.015754402432372954,0.0,0.006035876985564241
0.3,1.5,0.01,4,"demo_00 -15,+5 deg",False,0.006656108311909314,1.9561659685475628,nan
0.3,1.5,0.01,5,"demo_00 -15,+10 deg",False,0.004647735002673287,2.4833308475354814,nan
0.3,1.5,0.01,6,"demo_00 -15,+15 deg",False,0.01409647382107306,2.229747114102876,nan
0.3,1.5,0.01,7,"demo_00 -10,-15 deg",False,0.03386402264655065,0.0,0.004926048072067887
0.3,1.5,0.01,8,"demo_00 -10,-10 deg",False,0.026812005829536606,0.0,0.005031503635638675
0.3,1.5,0.01,9,"demo_00 -10,-5 deg",False,0.018941488129787284,0.0,0.006085487908540932
0.3,1.5,0.01,10,"demo_00 -10,+0 deg",True,0.010466759812993168,0.0,0.005942772783873723
0.3,1.5,0.01,11,"demo_00 -10,+5 deg",False,0.0021753824259929484,2.5319953304488174,nan
0.3,1.5,0.01,12,"demo_00 -10,+10 deg",False,0.008200972766088666,2.398698203059574,nan
0.3,1.5,0.01,13,"demo_00 -10,+15 deg",False,0.017629041960462142,1.6660964423165152,nan
0.3,1.5,0.01,14,"demo_00 -5,-15 deg",False,0.027836115542250153,0.0,0.004986796893763966
0.3,1.5,0.01,15,"demo_00 -5,-10 deg",False,0.021025629691334074,0.0,0.006869113150508732
0.3,1.5,0.01,16,"demo_00 -5,-5 deg",False,0.013448242137590294,0.0,0.00607215837694946
0.3,1.5,0.01,17,"demo_00 -5,+0 deg",True,0.00531552951465864,0.0,0.005908679588844576
0.3,1.5,0.01,18,"demo_00 -5,+5 deg",False,0.003444227482040685,2.6151023950590595,nan
0.3,1.5,0.01,19,"demo_00 -5,+10 deg",False,0.012209211779411993,2.567185807393733,nan
0.3,1.5,0.01,20,"demo_00 -5,+15 deg",False,0.02118219525558822,2.312115798103586,nan
0.3,1.5,0.01,21,"demo_00 +0,-15 deg",False,0.021990990637105363,0.0,0.01078320391542212
0.3,1.5,0.01,22,"demo_00 +0,-10 deg",False,0.015399946233724624,0.0,0.006746488493024806
0.3,1.5,0.01,23,"demo_00 +0,-5 deg",True,0.008098864049314944,0.0,0.005926694010734032
0.3,1.5,0.01,24,demo_00,True,0.000298164067054609,0.005222041308352602,0.0058898500354805025
0.3,1.5,0.01,25,"demo_00 +0,+5 deg",False,0.007900234712396873,2.4120861843718013,nan
0.3,1.5,0.01,26,"demo_00 +0,+10 deg",False,0.016263887263299942,1.5852092765293366,nan
0.3,1.5,0.01,27,"demo_00 +0,+15 deg",False,0.0247082553123196,2.4434987241811705,nan
0.3,1.5,0.01,28,"demo_00 +5,-15 deg",False,0.016308539231043154,0.0,0.008439306668889793
0.3,1.5,0.01,29,"demo_00 +5,-10 deg",False,0.009918122720079206,0.0,0.005808520807017452
0.3,1.5,0.01,30,"demo_00 +5,-5 deg",True,0.002900799143450251,0.003904645422742147,0.005943521909888102
0.3,1.5,0.01,31,"demo_00 +5,+0 deg",False,0.0046390913864891355,2.421748560461971,nan
0.3,1.5,0.01,32,"demo_00 +5,+5 deg",False,0.012398975187105126,2.2510779072102474,nan
0.3,1.5,0.01,33,"demo_00 +5,+10 deg",False,0.02028966065727732,2.5214219870633507,nan
0.3,1.5,0.01,34,"demo_00 +5,+15 deg",False,0.028192836084725458,1.5165580493168953,nan
0.3,1.5,0.01,35,"demo_00 +10,-15 deg",False,0.010765114859386632,0.0,0.0067766644793273
0.3,1.5,0.01,36,"demo_00 +10,-10 deg",True,0.004570478969052546,0.0,0.005998848943488412
0.3,1.5,0.01,37,"demo_00 +10,-5 deg",True,0.002370510699781255,0.0,0.005881727698374957
0.3,1.5,0.01,38,"demo_00 +10,+0 deg",False,0.009477460003276511,2.3144345794320778,nan
0.3,1.5,0.01,39,"demo_00 +10,+5 deg",False,0.016849862069136808,2.508300485015914,nan
0.3,1.5,0.01,40,"demo_00 +10,+10 deg",False,0.02427521557364083,1.4498937815761108,nan
0.3,1.5,0.01,41,"demo_00 +10,+15 deg",False,0.031637747127734026,2.3478416544783904,nan
0.3,1.5,0.01,42,"demo_00 +15,-15 deg",False,0.005333818643011942,0.0,0.005406309663773425
0.3,1.5,0.01,43,"demo_00 +15,-10 deg",True,0.0009819871838753842,0.0,0.005907218644384707
0.3,1.5,0.01,44,"demo_00 +15,-5 deg",True,0.00738185076892172,0.0,0.005883344345261038
0.3,1.5,0.01,45,"demo_00 +15,+0 deg",False,0.014254200775798788,2.496455343946917,nan
0.3,1.5,0.01,46,"demo_00 +15,+5 deg",False,0.021258111243994092,1.386258516998411,nan
0.3,1.5,0.01,47,"demo_00 +15,+10 deg",False,0.028229425179364394,2.1935527044707204,nan
0.3,1.5,0.01,48,"demo_00 +15,+15 deg",False,0.03505431525451629,2.0983430233002056,nan
0.3,1.5,0.02,0,"demo_00 -15,-15 deg",False,0.008387569994763876,0.0,0.0035062506312565195
0.3,1.5,0.02,1,"demo_00 -15,-10 deg",False,0.009373073081268939,0.0,0.013331258193666129
0.3,1.5,0.02,2,"demo_00 -15,-5 deg",False,0.00871835199615441,0.0,0.006022562345409163
0.3,1.5,0.02,3,"demo_00 -15,+0 deg",False,0.0062215028889787945,0.0,0.0063354187989894265
0.3,1.5,0.02,4,"demo_00 -15,+5 deg",False,0.010786162053375053,2.5133258953104147,nan
0.3,1.5,0.02,5,"demo_00 -15,+10 deg",False,0.023666082549026843,2.417625363172594,nan
0.3,1.5,0.02,6,"demo_00 -15,+15 deg",False,0.04118699746151953,2.3829908195356606,nan
0.3,1.5,0.02,7,"demo_00 -10,-15 deg",False,0.010613096822646656,0.0,0.004102704281804747
0.3,1.5,0.02,8,"demo_00 -10,-10 deg",False,0.011999006173215289,0.0,0.005353527487585685
0.3,1.5,0.02,9,"demo_00 -10,-5 deg",False,0.009733758506556913,0.0,0.0058211157724055995
0.3,1.5,0.02,10,"demo_00 -10,+0 deg",True,0.004692840801948683,0.0,0.007157377265289817
0.3,1.5,0.02,11,"demo_00 -10,+5 deg",False,0.01040769159001153,2.5328133777540867,nan
0.3,1.5,0.02,12,"demo_00 -10,+10 deg",False,0.02512034650127735,2.3256728588698965,nan
0.3,1.5,0.02,13,"demo_00 -10,+15 deg",False,0.04388591113058678,2.3360566107274194,nan
0.3,1.5,0.02,14,"demo_00 -5,-15 deg",False,0.014464805231258433,0.0,0.005749811919947819
0.3,1.5,0.02,15,"demo_00 -5,-10 deg",False,0.014538945230534037,0.0,0.012312365748326472
0.3,1.5,0.02,16,"demo_00 -5,-5 deg",False,0.010375353290308855,0.0,0.006706741171911115
0.3,1.5,0.02,17,"demo_00 -5,+0 deg",True,0.0027517037638085905,0.0,0.005966264211503343
0.3,1.5,0.02,18,"demo_00 -5,+5 deg",False,0.011514152880088634,2.554391755433892,nan
0.3,1.5,0.02,19,"demo_00 -5,+10 deg",False,0.02794889676529187,2.5801343489567987,nan
0.3,1.5,0.02,20,"demo_00 -5,+15 deg",False,0.04787940442446994,2.347108816488865,nan
0.3,1.5,0.02,21,"demo_00 +0,-15 deg",False,0.01815968275135248,0.0,0.029044627903194252
0.3,1.5,0.02,22,"demo_00 +0,-10 deg",False,0.01641710881783959,0.0,0.010763406763410793
0.3,1.5,0.02,23,"demo_00 +0,-5 deg",False,0.010312870435119654,0.0,0.005422780253836776
0.3,1.5,0.02,24,demo_00,True,0.00016237439447196967,0.003997850741367831,0.006084868780327936
0.3,1.5,0.02,25,"demo_00 +0,+5 deg",False,0.014358131513801194,2.635661145253646,nan
0.3,1.5,0.02,26,"demo_00 +0,+10 deg",False,0.03221611585640712,2.4766387156645107,nan
0.3,1.5,0.02,27,"demo_00 +0,+15 deg",False,0.05320484976633576,2.5028065226069462,nan
0.3,1.5,0.02,28,"demo_00 +5,-15 deg",False,0.021072811164573924,0.0,0.02274357854505934
0.3,1.5,0.02,29,"demo_00 +5,-10 deg",False,0.017368041799450062,0.0,0.009088794280054597
0.3,1.5,0.02,30,"demo_00 +5,-5 deg",False,0.009443436648025997,0.003796466259225601,0.0075418615274048155
0.3,1.5,0.02,31,"demo_00 +5,+0 deg",False,0.0035678842474483816,2.6498888002463032,nan
0.3,1.5,0.02,32,"demo_00 +5,+5 deg",False,0.01886497511522376,2.587495582247481,nan
0.3,1.5,0.02,33,"demo_00 +5,+10 deg",False,0.03793087557335399,2.4148862315810553,nan
0.3,1.5,0.02,34,"demo_00 +5,+15 deg",False,0.05987898656611516,2.4668089515359304,nan
0.3,1.5,0.02,35,"demo_00 +10,-15 deg",False,0.022907158424411874,0.012104543614261831,0.016859049265345268
0.3,1.5,0.02,36,"demo_00 +10,-10 deg",False,0.01725084375278938,0.0,0.0037717564889387374
0.3,1.5,0.02,37,"demo_00 +10,-5 deg",True,0.007984162819696746,0.002262198608205472,0.006890242212413091
0.3,1.5,0.02,38,"demo_00 +10,+0 deg",False,0.008369269876767053,2.4950770977237795,nan
0.3,1.5,0.02,39,"demo_00 +10,+5 deg",False,0.024905688389969954,2.4689645008810683,nan
0.3,1.5,0.02,40,"demo_00 +10,+10 deg",False,0.04508560308886786,2.4751555986552587,nan
0.3,1.5,0.02,41,"demo_00 +10,+15 deg",False,0.06790898077526042,2.3592332815097388,nan
0.3,1.5,0.02,42,"demo_00 +15,-15 deg",False,0.02347565240751521,0.03171051593481079,0.014664477504501495
0.3,1.5,0.02,43,"demo_00 +15,-10 deg",False,0.016043896983977683,0.018031950214282715,0.005879097733467295
0.3,1.5,0.02,44,"demo_00 +15,-5 deg",True,0.007092154351631078,0.0,0.006939614822249747
0.3,1.5,0.02,45,"demo_00 +15,+0 deg",False,0.0144960364199717,2.528277406850091,nan
0.3,1.5,0.02,46,"demo_00 +15,+5 deg",False,0.032430902824430966,2.2983057590684304,nan
0.3,1.5,0.02,47,"demo_00 +15,+10 deg",False,0.05368096284216239,2.2998856054429915,nan
0.3,1.5,0.02,48,"demo_00 +15,+15 deg",False,0.07730048766553131,2.188761429276912,nan
0.3,1.5,0.03,0,"demo_00 -15,-15 deg",False,0.0411840718197244,2.313338465816109,nan
0.3,1.5,0.03,1,"demo_00 -15,-10 deg",False,0.020545143568605963,2.400590689538503,nan
0.3,1.5,0.03,2,"demo_00 -15,-5 deg",False,0.008967559676584745,2.2941947877708633,nan
0.3,1.5,0.03,3,"demo_00 -15,+0 deg",False,0.009587666114545944,2.4388175198797253,nan
0.3,1.5,0.03,4,"demo_00 -15,+5 deg",False,0.015443160515850733,2.50205992471521,nan
0.3,1.5,0.03,5,"demo_00 -15,+10 deg",False,0.022627960467815837,2.5033613733572033,nan
0.3,1.5,0.03,6,"demo_00 -15,+15 deg",False,0.030335565747348366,2.4664390853281506,nan
0.3,1.5,0.03,7,"demo_00 -10,-15 deg",False,0.027577905545644633,2.4096997501231505,nan
0.3,1.5,0.03,8,"demo_00 -10,-10 deg",False,0.010437859552671026,2.399343519897668,nan
0.3,1.5,0.03,9,"demo_00 -10,-5 deg",False,0.0025238186599783217,0.00956359603531981,0.005743024834339225
0.3,1.5,0.03,10,"demo_00 -10,+0 deg",True,0.00638739709412949,0.0,0.0054582037995344074
0.3,1.5,0.03,11,"demo_00 -10,+5 deg",False,0.011291542615864214,2.534943137906666,nan
0.3,1.5,0.03,12,"demo_00 -10,+10 deg",False,0.017986616188682362,2.5542604876147443,nan
0.3,1.5,0.03,13,"demo_00 -10,+15 deg",False,0.02522307413201798,2.5013078194553424,nan
0.3,1.5,0.03,14,"demo_00 -5,-15 deg",False,0.015986400947586285,2.377768224927749,nan
0.3,1.5,0.03,15,"demo_00 -5,-10 deg",False,0.0032804651208281064,0.037247321677357476,0.00698574763202485
0.3,1.5,0.03,16,"demo_00 -5,-5 deg",False,0.00297156359802738,0.0,0.006981195337859773
0.3,1.5,0.03,17,"demo_00 -5,+0 deg",True,0.0037465323825865747,0.0,0.007770194252163458
0.3,1.5,0.03,18,"demo_00 -5,+5 deg",False,0.007982878164226138,2.639568651793512,nan
0.3,1.5,0.03,19,"demo_00 -5,+10 deg",False,0.015926273103401608,2.5523226371431025,nan
0.3,1.5,0.03,20,"demo_00 -5,+15 deg",False,0.023680731795942104,2.463032035795945,nan
0.3,1.5,0.03,21,"demo_00 +0,-15 deg",False,0.007005039034922869,2.4814438132984318,nan
0.3,1.5,0.03,22,"demo_00 +0,-10 deg",False,0.004589115485138607,0.014072517473442167,0.006272367746952182
0.3,1.5,0.03,23,"demo_00 +0,-5 deg",False,0.00498440738911429,0.0,0.008692996638932016
0.3,1.5,0.03,24,demo_00,False,0.0001730501228364555,2.5067656350577945,nan
0.3,1.5,0.03,25,"demo_00 +0,+5 deg",False,0.009167900108091698,2.522446443452933,nan
0.3,1.5,0.03,26,"demo_00 +0,+10 deg",False,0.01939628649706152,2.571320903754096,nan
0.3,1.5,0.03,27,"demo_00 +0,+15 deg",False,0.028077203620090127,2.503140401683578,nan
0.3,1.5,0.03,28,"demo_00 +5,-15 deg",False,0.004825647676308746,0.019778358634391396,0.02170979184097608
0.3,1.5,0.03,29,"demo_00 +5,-10 deg",False,0.007824419092279763,0.001566543262702766,0.017358889751893192
0.3,1.5,0.03,30,"demo_00 +5,-5 deg",False,0.005469391863666684,0.005756693012265321,0.006745608138799522
0.3,1.5,0.03,31,"demo_00 +5,+0 deg",False,0.005707217317469837,2.5436554909130353,nan
0.3,1.5,0.03,32,"demo_00 +5,+5 deg",False,0.016567666447685554,2.580690190951225,nan
0.3,1.5,0.03,33,"demo_00 +5,+10 deg",False,0.028565232008529905,2.5344453338562425,nan
0.3,1.5,0.03,34,"demo_00 +5,+15 deg",False,0.03828342000545517,2.4503451104651073,nan
0.3,1.5,0.03,35,"demo_00 +10,-15 deg",False,0.008713135617546212,0.01709233049550196,0.008794208456335415
0.3,1.5,0.03,36,"demo_00 +10,-10 deg",False,0.00912489994457491,0.0009060905148964606,0.02013035483609348
0.3,1.5,0.03,37,"demo_00 +10,-5 deg",False,0.006348462868221475,0.0,0.0100990538957869
0.3,1.5,0.03,38,"demo_00 +10,+0 deg",False,0.013843043214344939,2.6033268737704662,nan
0.3,1.5,0.03,39,"demo_00 +10,+5 deg",False,0.027737343993487068,2.535656990788309,nan
0.3,1.5,0.03,40,"demo_00 +10,+10 deg",False,0.041794779178684766,2.4592693571454656,nan
0.3,1.5,0.03,41,"demo_00 +10,+15 deg",False,0.05282146651883552,2.4113607466249727,nan
0.3,1.5,0.03,42,"demo_00 +15,-15 deg",False,0.011216552518173191,0.036481345949863436,0.017946238542943305
0.3,1.5,0.03,43,"demo_00 +15,-10 deg",False,0.008742911652581392,0.0022007262558991977,0.013665143983623472
0.3,1.5,0.03,44,"demo_00 +15,-5 deg",False,0.010906955235480445,0.0,0.006608646708319814
0.3,1.5,0.03,45,"demo_00 +15,+0 deg",False,0.024655221614637797,2.5327829207176613,nan
0.3,1.5,0.03,46,"demo_00 +15,+5 deg",False,0.04188595421894313,2.49090340368972,nan
0.3,1.5,0.03,47,"demo_00 +15,+10 deg",False,0.05825815525121107,2.4298932363672816,nan
0.3,1.5,0.03,48,"demo_00 +15,+15 deg",False,0.07079724163395568,2.3815068764403886,nan
0.3,1.5,0.05,0,"demo_00 -15,-15 deg",False,0.18607007417871418,2.3370609681447814,nan
0.3,1.5,0.05,1,"demo_00 -15,-10 deg",False,0.12032054667712332,2.394689644413527,nan
0.3,1.5,0.05,2,"demo_00 -15,-5 deg",False,0.07290299538240526,2.4551023396369027,nan
0.3,1.5,0.05,3,"demo_00 -15,+0 deg",False,0.04447395931671221,2.4958536387827333,nan
0.3,1.5,0.05,4,"demo_00 -15,+5 deg",False,0.03718500901523187,2.5124028585733726,nan
0.3,1.5,0.05,5,"demo_00 -15,+10 deg",False,0.06197761800540773,2.4984763970302186,nan
0.3,1.5,0.05,6,"demo_00 -15,+15 deg",False,0.11749386258768756,2.4647710259249798,nan
0.3,1.5,0.05,7,"demo_00 -10,-15 deg",False,0.1402726755703607,2.4052484973316,nan
0.3,1.5,0.05,8,"demo_00 -10,-10 deg",False,0.08131735679098274,2.468792982740135,nan
0.3,1.5,0.05,9,"demo_00 -10,-5 deg",False,0.04088484556390541,2.5329352138321317,nan
0.3,1.5,0.05,10,"demo_00 -10,+0 deg",False,0.021326362852351434,2.5691946450671503,nan
0.3,1.5,0.05,11,"demo_00 -10,+5 deg",False,0.03250227638147818,2.58358671920835,nan
0.3,1.5,0.05,12,"demo_00 -10,+10 deg",False,0.07122920281398118,2.553611494428391,nan
0.3,1.5,0.05,13,"demo_00 -10,+15 deg",False,0.13655623236779738,2.497538360969017,nan
0.3,1.5,0.05,14,"demo_00 -5,-15 deg",False,0.10260743177764783,2.46596311882259,nan
0.3,1.5,0.05,15,"demo_00 -5,-10 deg",False,0.05298711085743889,2.5395887410875724,nan
0.3,1.5,0.05,16,"demo_00 -5,-5 deg",False,0.021426093632410353,2.5976647238110635,nan
0.3,1.5,0.05,17,"demo_00 -5,+0 deg",False,0.01097070136930944,2.655980334418003,nan
0.3,1.5,0.05,18,"demo_00 -5,+5 deg",False,0.03022689827020005,2.6318043054739033,nan
0.3,1.5,0.05,19,"demo_00 -5,+10 deg",False,0.07291764157851716,2.5793170270881243,nan
0.3,1.5,0.05,20,"demo_00 -5,+15 deg",False,0.14454343163377342,2.5060501705384897,nan
0.3,1.5,0.05,21,"demo_00 +0,-15 deg",False,0.0725318175550663,2.512481947687348,nan
0.3,1.5,0.05,22,"demo_00 +0,-10 deg",False,0.03444146414107305,2.5861027029541246,nan
0.3,1.5,0.05,23,"demo_00 +0,-5 deg",False,0.013072170559164317,2.6523028383426666,nan
0.3,1.5,0.05,24,demo_00,True,0.0001266709451443336,0.003810571117505794,0.006520459350720361
0.3,1.5,0.05,25,"demo_00 +0,+5 deg",False,0.020698186015419066,2.6344690204075336,nan
0.3,1.5,0.05,26,"demo_00 +0,+10 deg",False,0.06501803457528185,2.569540399126792,nan
0.3,1.5,0.05,27,"demo_00 +0,+15 deg",False,0.14164892620094877,2.4992172223764895,nan
0.3,1.5,0.05,28,"demo_00 +5,-15 deg",False,0.04945462917714591,2.56290904916343,nan
0.3,1.5,0.05,29,"demo_00 +5,-10 deg",False,0.02491812894484117,2.627428270729632,nan
0.3,1.5,0.05,30,"demo_00 +5,-5 deg",False,0.017420186857828587,2.697835305079559,nan
0.3,1.5,0.05,31,"demo_00 +5,+0 deg",False,0.018842323438307506,2.649376673511328,nan
0.3,1.5,0.05,32,"demo_00 +5,+5 deg",False,0.02378131448915758,2.590268447549502,nan
0.3,1.5,0.05,33,"demo_00 +5,+10 deg",False,0.05727858037431199,2.5280439962039383,nan
0.3,1.5,0.05,34,"demo_00 +5,+15 deg",False,0.13376354196223617,2.47016229349444,nan
0.3,1.5,0.05,35,"demo_00 +10,-15 deg",False,0.032889651596829744,2.613339105123258,nan
0.3,1.5,0.05,36,"demo_00 +10,-10 deg",False,0.0233057172711651,2.6740359017719313,nan
0.3,1.5,0.05,37,"demo_00 +10,-5 deg",False,0.031108959933690023,2.667567560306699,nan
0.3,1.5,0.05,38,"demo_00 +10,+0 deg",False,0.0455031408536678,2.5947065504742577,nan
0.3,1.5,0.05,39,"demo_00 +10,+5 deg",False,0.054530720348235424,2.536016793639155,nan
0.3,1.5,0.05,40,"demo_00 +10,+10 deg",False,0.0696080594301623,2.4801417811951447,nan
0.3,1.5,0.05,41,"demo_00 +10,+15 deg",False,0.13176710519973883,2.431563264685572,nan
0.3,1.5,0.05,42,"demo_00 +15,-15 deg",False,0.022797965183381196,2.661228271257619,nan
0.3,1.5,0.05,43,"demo_00 +15,-10 deg",False,0.0282399388587818,2.6895764820553274,nan
0.3,1.5,0.05,44,"demo_00 +15,-5 deg",False,0.051183554262548565,2.615388933182649,nan
0.3,1.5,0.05,45,"demo_00 +15,+0 deg",False,0.07897162289879975,2.551608108556343,nan
0.3,1.5,0.05,46,"demo_00 +15,+5 deg",False,0.09701312606439601,2.4883625228096555,nan
0.3,1.5,0.05,47,"demo_00 +15,+10 deg",False,0.1070831403268795,2.4289091833086,nan
0.3,1.5,0.05,48,"demo_00 +15,+15 deg",False,0.14797034753653546,2.380062806273284,nan
0.3,1.5,0.1,0,"demo_00 -15,-15 deg",False,0.5078531218118203,2.2972735567073745,nan
0.3,1.5,0.1,1,"demo_00 -15,-10 deg",False,0.3806237367492675,2.3654069432799334,1.7755877681629182
0.3,1.5,0.1,2,"demo_00 -15,-5 deg",False,0.30015137012452087,2.4174479051761124,nan
0.3,1.5,0.1,3,"demo_00 -15,+0 deg",False,0.22325832057108475,2.46448297329436,1.7743450524727473
0.3,1.5,0.1,4,"demo_00 -15,+5 deg",False,0.12637525341907585,2.483717918869696,1.7719920370396849
0.3,1.5,0.1,5,"demo_00 -15,+10 deg",False,0.21142196716518175,2.4725331493211358,1.769558894391284
0.3,1.5,0.1,6,"demo_00 -15,+15 deg",False,0.5267142614206273,2.4327881261107818,1.7727936630467633
0.3,1.5,0.1,7,"demo_00 -10,-15 deg",False,0.35876647128018413,2.378699786752412,nan
0.3,1.5,0.1,8,"demo_00 -10,-10 deg",False,0.22166405633692224,2.4359573787482205,nan
0.3,1.5,0.1,9,"demo_00 -10,-5 deg",False,0.14751854818293103,2.5032794550317,1.7733331853778362
0.3,1.5,0.1,10,"demo_00 -10,+0 deg",False,0.096953199394972,2.5380215317896333,1.7716534108650184
0.3,1.5,0.1,11,"demo_00 -10,+5 deg",False,0.04355769685014271,2.552778647109088,1.770176792342288
0.3,1.5,0.1,12,"demo_00 -10,+10 deg",False,0.15739389671781384,2.5218046438165533,nan
0.3,1.5,0.1,13,"demo_00 -10,+15 deg",False,0.37277416991093704,2.469100644839872,nan
0.3,1.5,0.1,14,"demo_00 -5,-15 deg",False,0.2586835558037434,2.4391764331614763,nan
0.3,1.5,0.1,15,"demo_00 -5,-10 deg",False,0.11999346057060693,2.5034483781349794,nan
0.3,1.5,0.1,16,"demo_00 -5,-5 deg",False,0.04532578664740663,2.566990061665759,nan
0.3,1.5,0.1,17,"demo_00 -5,+0 deg",False,0.01942653063185645,2.617735434834097,1.7748387230527993
0.3,1.5,0.1,18,"demo_00 -5,+5 deg",False,0.017825694314342864,2.606379508503209,nan
0.3,1.5,0.1,19,"demo_00 -5,+10 deg",False,0.091386749215245,2.5488940612617825,1.7717917902806175
0.3,1.5,0.1,20,"demo_00 -5,+15 deg",False,0.20311025945554803,2.48237653301975,2.8966609971439072
0.3,1.5,0.1,21,"demo_00 +0,-15 deg",False,0.219630951042589,2.4864691239347736,1.7749738702980358
0.3,1.5,0.1,22,"demo_00 +0,-10 deg",False,0.10693366318336553,2.555926436253121,1.772731391675333
0.3,1.5,0.1,23,"demo_00 +0,-5 deg",False,0.04115587621384165,2.61675974817312,1.776073323426482
0.3,1.5,0.1,24,demo_00,False,0.000408043833406818,2.6781930929756412,2.0967202861578094
0.3,1.5,0.1,25,"demo_00 +0,+5 deg",False,0.02356436228781534,2.6015587264542193,2.487929707416727
0.3,1.5,0.1,26,"demo_00 +0,+10 deg",False,0.026904561308886132,2.540594692733357,1.7745703954547731
0.3,1.5,0.1,27,"demo_00 +0,+15 deg",False,0.05194875546262865,2.472051116063336,1.7688249773471125
0.3,1.5,0.1,28,"demo_00 +5,-15 deg",False,0.20775133718848882,2.5241943479137934,nan
0.3,1.5,0.1,29,"demo_00 +5,-10 deg",False,0.1123569777959176,2.6017834423059347,0.7062183732339196
0.3,1.5,0.1,30,"demo_00 +5,-5 deg",False,0.03544046942292106,2.664428914042569,1.7817522309669227
0.3,1.5,0.1,31,"demo_00 +5,+0 deg",False,0.04494994126854194,2.61934836182833,1.773661762495861
0.3,1.5,0.1,32,"demo_00 +5,+5 deg",False,0.12681850968692415,2.5598621054781505,1.7759892321495625
0.3,1.5,0.1,33,"demo_00 +5,+10 deg",False,0.2101915002125404,2.499584628280791,nan
0.3,1.5,0.1,34,"demo_00 +5,+15 deg",False,0.3145952769909252,2.441691127535283,1.7750989654257088
0.3,1.5,0.1,35,"demo_00 +10,-15 deg",False,0.17590125472651238,2.608106477662121,nan
0.3,1.5,0.1,36,"demo_00 +10,-10 deg",False,0.07590895684324726,2.6481121177250815,2.0975882138361883
0.3,1.5,0.1,37,"demo_00 +10,-5 deg",False,0.024573813051615694,2.6246296303225938,2.8069776485810976
0.3,1.5,0.1,38,"demo_00 +10,+0 deg",False,0.1478795906099029,2.563777462986222,nan
0.3,1.5,0.1,39,"demo_00 +10,+5 deg",False,0.2919196567250294,2.509461846958339,nan
0.3,1.5,0.1,40,"demo_00 +10,+10 deg",False,0.45634036841932973,2.442966050795066,1.772041551471494
0.3,1.5,0.1,41,"demo_00 +10,+15 deg",False,0.6512120395517975,2.4015531134693706,1.771040224076666
0.3,1.5,0.1,42,"demo_00 +15,-15 deg",False,0.11011050954858013,2.631320818660839,1.7720227092225835
0.3,1.5,0.1,43,"demo_00 +15,-10 deg",False,0.004732355397288289,2.6588450648440793,nan
0.3,1.5,0.1,44,"demo_00 +15,-5 deg",False,0.12877542921396237,2.584896624344062,1.7724476887982645
0.3,1.5,0.1,45,"demo_00 +15,+0 deg",False,0.2971825010371851,2.5200287840863806,nan
0.3,1.5,0.1,46,"demo_00 +15,+5 deg",False,0.5058517098984636,2.4575528312452466,nan
0.3,1.5,0.1,47,"demo_00 +15,+10 deg",False,0.7474670448144268,2.3978320561461466,1.769609772776564
0.3,1.5,0.1,48,"demo_00 +15,+15 deg",False,1.0161392504370574,2.3456082930943154,nan
0.4,0.9,0.01,0,"demo_00 -15,-15 deg",True,0.015420974397211601,0.0,0.00502093091973894
0.4,0.9,0.01,1,"demo_00 -15,-10 deg",False,0.011152852932293438,0.0,0.0048250264820531
0.4,0.9,0.01,2,"demo_00 -15,-5 deg",True,0.00725186304083688,0.0,0.005193218494595564
0.4,0.9,0.01,3,"demo_00 -15,+0 deg",True,0.003806037801294147,0.0,0.0056122275026143234
0.4,0.9,0.01,4,"demo_00 -15,+5 deg",False,0.001562691376349197,2.509752318788022,nan
0.4,0.9,0.01,5,"demo_00 -15,+10 deg",False,0.003075689043188374,2.502420041138509,nan
0.4,0.9,0.01,6,"demo_00 -15,+15 deg",False,0.0054313029650593595,2.462015703238377,2.364707770780283
0.4,0.9,0.01,7,"demo_00 -10,-15 deg",True,0.01370313580558697,0.0,0.005000624889538044
0.4,0.9,0.01,8,"demo_00 -10,-10 deg",True,0.009599910679115056,0.0,0.0046044308090736575
0.4,0.9,0.01,9,"demo_00 -10,-5 deg",True,0.005850046649595986,0.0,0.005420085512395385
0.4,0.9,0.01,10,"demo_00 -10,+0 deg",True,0.002524223288066003,0.0,0.005616809151514316
0.4,0.9,0.01,11,"demo_00 -10,+5 deg",False,0.0011511022163439523,2.5797110451914307,2.3591521549843306
0.4,0.9,0.01,12,"demo_00 -10,+10 deg",False,0.0035287564823766313,2.5513691721689895,nan
0.4,0.9,0.01,13,"demo_00 -10,+15 deg",False,0.0058380970594970475,2.495306006101603,nan
0.4,0.9,0.01,14,"demo_00 -5,-15 deg",True,0.011876317884867428,0.0,0.004966681207750617
0.4,0.9,0.01,15,"demo_00 -5,-10 deg",True,0.007948551140753546,0.0,0.004665787861233318
0.4,0.9,0.01,16,"demo_00 -5,-5 deg",True,0.004363060634006417,0.0,0.005542930140206464
0.4,0.9,0.01,17,"demo_00 -5,+0 deg",True,0.0011619738899677555,0.0,0.005620812613560938
0.4,0.9,0.01,18,"demo_00 -5,+5 deg",False,0.001787957011108391,2.6326155627414995,nan
0.4,0.9,0.01,19,"demo_00 -5,+10 deg",False,0.004279559524209781,2.5761034501109568,2.3584579465215274
0.4,0.9,0.01,20,"demo_00 -5,+15 deg",False,0.006434990541293602,2.512179585124211,nan
0.4,0.9,0.01,21,"demo_00 +0,-15 deg",True,0.009940811813065541,0.0,0.004886135047340458
0.4,0.9,0.01,22,"demo_00 +0,-10 deg",True,0.00620133952897381,0.0,0.0050420137861764205
0.4,0.9,0.01,23,"demo_00 +0,-5 deg",True,0.0028034286817733445,0.0,0.005595906124437212
0.4,0.9,0.01,24,demo_00,True,0.00030148681118591136,0.006048247969066184,0.005617297362299898
0.4,0.9,0.01,25,"demo_00 +0,+5 deg",False,0.0029296795571447155,2.635038393256031,nan
0.4,0.9,0.01,26,"demo_00 +0,+10 deg",False,0.005238877530685469,2.5692134912641222,nan
0.4,0.9,0.01,27,"demo_00 +0,+15 deg",False,0.0071946853300157675,2.4989952416848467,nan
0.4,0.9,0.01,28,"demo_00 +5,-15 deg",True,0.007897713205287706,0.0,0.004628849630144422
0.4,0.9,0.01,29,"demo_00 +5,-10 deg",True,0.004366617806726012,0.0,0.0054206093077305536
0.4,0.9,0.01,30,"demo_00 +5,-5 deg",True,0.0012586435433273471,0.0,0.005615522012113979
0.4,0.9,0.01,31,"demo_00 +5,+0 deg",False,0.001821526108924105,2.644266553770654,nan
0.4,0.9,0.01,32,"demo_00 +5,+5 deg",False,0.004249309964511295,2.5864241928930474,nan
0.4,0.9,0.01,33,"demo_00 +5,+10 deg",False,0.006346997635539335,2.53170824865902,nan
0.4,0.9,0.01,34,"demo_00 +5,+15 deg",False,0.00809120303195337,2.47358161346658,nan
0.4,0.9,0.01,35,"demo_00 +10,-15 deg",True,0.005750384860265274,0.0,0.004707726948632146
0.4,0.9,0.01,36,"demo_00 +10,-10 deg",True,0.002481744077419989,0.0,0.005587712001028581
0.4,0.9,0.01,37,"demo_00 +10,-5 deg",True,0.001079482845533383,0.0,0.005623374854648679
0.4,0.9,0.01,38,"demo_00 +10,+0 deg",False,0.003436487486427717,2.597908746339022,nan
0.4,0.9,0.01,39,"demo_00 +10,+5 deg",False,0.005677778243867194,2.5341705851798912,nan
0.4,0.9,0.01,40,"demo_00 +10,+10 deg",False,0.0075702485668541816,2.476293861253542,nan
0.4,0.9,0.01,41,"demo_00 +10,+15 deg",False,0.00910361205478868,2.4247965340491815,nan
0.4,0.9,0.01,42,"demo_00 +15,-15 deg",True,0.003511890289208456,0.0,0.0052928612103507735
0.4,0.9,0.01,43,"demo_00 +15,-10 deg",True,0.0009735539616515386,0.0,0.005631529960316379
0.4,0.9,0.01,44,"demo_00 +15,-5 deg",True,0.002759963476950917,0.0,0.00562930546880793
0.4,0.9,0.01,45,"demo_00 +15,+0 deg",False,0.005137769744057125,2.551339124390414,nan
0.4,0.9,0.01,46,"demo_00 +15,+5 deg",False,0.007196541640044003,2.4832602986618895,nan
0.4,0.9,0.01,47,"demo_00 +15,+10 deg",False,0.008890243188966706,2.4246615788291046,nan
0.4,0.9,0.01,48,"demo_00 +15,+15 deg",False,0.01021643657450341,2.374638299046909,nan
0.4,0.9,0.02,0,"demo_00 -15,-15 deg",False,0.014989634360537645,0.0,0.004583094929039795
0.4,0.9,0.02,1,"demo_00 -15,-10 deg",True,0.010446178289416049,0.0,0.005069285478836715
0.4,0.9,0.02,2,"demo_00 -15,-5 deg",True,0.0065444671466446105,0.0,0.005576303406579602
0.4,0.9,0.02,3,"demo_00 -15,+0 deg",True,0.003258925932371941,0.0,0.005611005766015455
0.4,0.9,0.02,4,"demo_00 -15,+5 deg",False,0.000824173494927603,2.005644701943853,1.2804312522119465
0.4,0.9,0.02,5,"demo_00 -15,+10 deg",False,0.0021869318125565603,1.9613363952125455,nan
0.4,0.9,0.02,6,"demo_00 -15,+15 deg",False,0.004271801133823461,1.7499323533032538,1.9353857520753652
0.4,0.9,0.02,7,"demo_00 -10,-15 deg",True,0.013495813031527422,0.0,0.00469448661913642
0.4,0.9,0.02,8,"demo_00 -10,-10 deg",True,0.009108375910885367,0.0,0.005378783916898004
0.4,0.9,0.02,9,"demo_00 -10,-5 deg",True,0.0053512916701459875,0.0,0.005601427765956424
0.4,0.9,0.02,10,"demo_00 -10,+0 deg",True,0.00220433754063968,0.0,0.005609084407369459
0.4,0.9,0.02,11,"demo_00 -10,+5 deg",False,0.0007725930766202719,2.010248220928666,nan
0.4,0.9,0.02,12,"demo_00 -10,+10 deg",False,0.002881510535973653,2.100500804513106,nan
0.4,0.9,0.02,13,"demo_00 -10,+15 deg",False,0.004886460906826831,1.7743313175833737,nan
0.4,0.9,0.02,14,"demo_00 -5,-15 deg",True,0.011847157135181339,0.0,0.004903681294313989
0.4,0.9,0.02,15,"demo_00 -5,-10 deg",True,0.007634264532085863,0.0,0.005547004322719919
0.4,0.9,0.02,16,"demo_00 -5,-5 deg",True,0.004041016786600464,0.0,0.005606339802833186
0.4,0.9,0.02,17,"demo_00 -5,+0 deg",True,0.0010419934298808203,0.0,0.005608182689327583
0.4,0.9,0.02,18,"demo_00 -5,+5 deg",False,0.0015164976131867907,2.182805841200286,nan
0.4,0.9,0.02,19,"demo_00 -5,+10 deg",False,0.0036209268818396608,2.1436909943539524,nan
0.4,0.9,0.02,20,"demo_00 -5,+15 deg",False,0.005478655806379849,1.7380956298947865,nan
0.4,0.9,0.02,21,"demo_00 +0,-15 deg",True,0.010036541475530236,0.0,0.005175842248609834
0.4,0.9,0.02,22,"demo_00 +0,-10 deg",True,0.006018594786523841,0.0,0.005594112812206877
0.4,0.9,0.02,23,"demo_00 +0,-5 deg",True,0.0026168798991772334,0.0,0.005612448852046468
0.4,0.9,0.02,24,demo_00,True,0.00026325045698383107,0.00506697979963682,0.005611593449070103
0.4,0.9,0.02,25,"demo_00 +0,+5 deg",False,0.002533546804157277,2.185114433778246,nan
0.4,0.9,0.02,26,"demo_00 +0,+10 deg",False,0.004441402065272782,1.8662359467873442,0.7119516395399003
0.4,0.9,0.02,27,"demo_00 +0,+15 deg",False,0.00609032327228894,1.7933605614797519,nan
0.4,0.9,0.02,28,"demo_00 +5,-15 deg",True,0.008059034337691328,0.0,0.005425060497210714
0.4,0.9,0.02,29,"demo_00 +5,-10 deg",True,0.0042660300096385145,0.0,0.005604215232844507
0.4,0.9,0.02,30,"demo_00 +5,-5 deg",True,0.0011754074501279372,0.0,0.005607874135763737
0.4,0.9,0.02,31,"demo_00 +5,+0 deg",False,0.001679351747474928,2.1812065987657707,nan
0.4,0.9,0.02,32,"demo_00 +5,+5 deg",False,0.0037176608458639976,2.0408614589307943,nan
0.4,0.9,0.02,33,"demo_00 +5,+10 deg",False,0.005376110119970781,1.9834642317600533,nan
0.4,0.9,0.02,34,"demo_00 +5,+15 deg",False,0.006765778192681189,1.7397283392045615,nan
0.4,0.9,0.02,35,"demo_00 +10,-15 deg",True,0.0059144321750311465,0.0,0.005557135813311296
0.4,0.9,0.02,36,"demo_00 +10,-10 deg",True,0.0024279111120817038,0.0,0.0056078626806000936
0.4,0.9,0.02,37,"demo_00 +10,-5 deg",True,0.0011731969596390096,0.0,0.005607790806454499
0.4,0.9,0.02,38,"demo_00 +10,+0 deg",False,0.0032543908143151485,2.1051202520827563,0.6690356121329054
0.4,0.9,0.02,39,"demo_00 +10,+5 deg",False,0.005060342179319316,1.7897434829296022,1.2253898116558863
0.4,0.9,0.02,40,"demo_00 +10,+10 deg",False,0.006451872124464492,1.7930474040516624,nan
0.4,0.9,0.02,41,"demo_00 +10,+15 deg",False,0.007547841568475457,1.696448114355622,0.6810286479625338
0.4,0.9,0.02,42,"demo_00 +15,-15 deg",True,0.0036209379784668417,0.0,0.005598259673926476
0.4,0.9,0.02,43,"demo_00 +15,-10 deg",True,0.0011292685395145738,0.0,0.005612109931242202
0.4,0.9,0.02,44,"demo_00 +15,-5 deg",True,0.002921685504705866,0.0,0.00561323206237851
0.4,0.9,0.02,45,"demo_00 +15,+0 deg",False,0.004987648205534983,2.0355719022153034,nan
0.4,0.9,0.02,46,"demo_00 +15,+5 deg",False,0.006565822388006043,1.903747908185624,0.6593731182558477
0.4,0.9,0.02,47,"demo_00 +15,+10 deg",False,0.007688409965347755,1.7167077400736688,nan
0.4,0.9,0.02,48,"demo_00 +15,+15 deg",False,0.008473803011855189,1.82395467080917,nan
0.4,0.9,0.03,0,"demo_00 -15,-15 deg",True,0.016299160283864866,0.0,0.0052493427788312215
0.4,0.9,0.03,1,"demo_00 -15,-10 deg",True,0.011093910444082965,0.0,0.005659712157557356
0.4,0.9,0.03,2,"demo_00 -15,-5 deg",True,0.006845644415314429,0.0,0.00575900038746394
0.4,0.9,0.03,3,"demo_00 -15,+0 deg",True,0.0034950152266752417,0.0,0.005764287766520769
0.4,0.9,0.03,4,"demo_00 -15,+5 deg",True,0.0009442066084596823,0.0,0.00576386829298061
0.4,0.9,0.03,5,"demo_00 -15,+10 deg",True,0.0010412389308467574,0.19375343929167754,0.005764524834129592
0.4,0.9,0.03,6,"demo_00 -15,+15 deg",False,0.0025844839990982224,1.2310164355129702,nan
0.4,0.9,0.03,7,"demo_00 -10,-15 deg",True,0.014468263453274214,0.0,0.005438937643571726
0.4,0.9,0.03,8,"demo_00 -10,-10 deg",True,0.00950629793624197,0.0,0.00573632382073085
0.4,0.9,0.03,9,"demo_00 -10,-5 deg",True,0.005463514490853,0.0,0.005761685948833946
0.4,0.9,0.03,10,"demo_00 -10,+0 deg",True,0.002282223665321889,0.0,0.005765010389374228
0.4,0.9,0.03,11,"demo_00 -10,+5 deg",True,0.00032254952193812406,0.253524543104909,0.005761684291551953
0.4,0.9,0.03,12,"demo_00 -10,+10 deg",False,0.0020736059201598286,1.3230962683775362,nan
0.4,0.9,0.03,13,"demo_00 -10,+15 deg",False,0.003599232773362434,1.2045272225608037,nan
0.4,0.9,0.03,14,"demo_00 -5,-15 deg",True,0.012538659626716686,0.0,0.005601944032832552
0.4,0.9,0.03,15,"demo_00 -5,-10 deg",True,0.007842555412761968,0.0,0.005756793704418214
0.4,0.9,0.03,16,"demo_00 -5,-5 deg",True,0.004032229991864097,0.0,0.005762835256258923
0.4,0.9,0.03,17,"demo_00 -5,+0 deg",True,0.0010502073893480237,0.0,0.00576268546569835
0.4,0.9,0.03,18,"demo_00 -5,+5 deg",True,0.001248719527943002,0.3763147001550767,0.005766138203276108
0.4,0.9,0.03,19,"demo_00 -5,+10 deg",False,0.002990806263722552,1.3670577091915357,nan
0.4,0.9,0.03,20,"demo_00 -5,+15 deg",False,0.004436926761731284,1.2782100283718365,nan
0.4,0.9,0.03,21,"demo_00 +0,-15 deg",True,0.010499494179549764,0.0,0.0057015420801608385
0.4,0.9,0.03,22,"demo_00 +0,-10 deg",True,0.00609211309157924,0.0,0.0057591323300664465
0.4,0.9,0.03,23,"demo_00 +0,-5 deg",True,0.0025449051513817397,0.0,0.005764420850303528
0.4,0.9,0.03,24,demo_00,True,0.0002530671412559408,0.004604817680719696,0.005763802909761478
0.4,0.9,0.03,25,"demo_00 +0,+5 deg",False,0.002282298131955643,1.4322145424134256,nan
0.4,0.9,0.03,26,"demo_00 +0,+10 deg",False,0.003840585657194396,1.3616230458615592,nan
0.4,0.9,0.03,27,"demo_00 +0,+15 deg",False,0.005134826931341747,1.288731423000823,nan
0.4,0.9,0.03,28,"demo_00 +5,-15 deg",True,0.008342982390756877,0.0,0.005741159871931506
0.4,0.9,0.03,29,"demo_00 +5,-10 deg",True,0.004256884368132267,0.0,0.005761182826045398
0.4,0.9,0.03,30,"demo_00 +5,-5 deg",True,0.0010943630646446632,0.0,0.005762515885536288
0.4,0.9,0.03,31,"demo_00 +5,+0 deg",True,0.001609266496401949,0.36676374330909967,0.005765099809153947
0.4,0.9,0.03,32,"demo_00 +5,+5 deg",False,0.003372542589961124,1.322418554324003,nan
0.4,0.9,0.03,33,"demo_00 +5,+10 deg",False,0.00467612520009779,1.3272776981179424,nan
0.4,0.9,0.03,34,"demo_00 +5,+15 deg",False,0.005741861502226809,1.2280580227163536,nan
0.4,0.9,0.03,35,"demo_00 +10,-15 deg",True,0.006067795512384547,0.0,0.005754574633028342
0.4,0.9,0.03,36,"demo_00 +10,-10 deg",True,0.0023957759125219085,0.0,0.005763728516026854
0.4,0.9,0.03,37,"demo_00 +10,-5 deg",True,0.0011863973789196245,0.0,0.005763440892923281
0.4,0.9,0.03,38,"demo_00 +10,+0 deg",True,0.0030799887272296308,0.3591985676240501,0.005765483764505843
0.4,0.9,0.03,39,"demo_00 +10,+5 deg",False,0.00455139801303647,1.3269915529649643,nan
0.4,0.9,0.03,40,"demo_00 +10,+10 deg",False,0.005552201594163561,1.2520390691114849,nan
0.4,0.9,0.03,41,"demo_00 +10,+15 deg",False,0.006317257300025682,1.1806441870452489,nan
0.4,0.9,0.03,42,"demo_00 +15,-15 deg",True,0.003697097845143217,0.0,0.005760619415107659
0.4,0.9,0.03,43,"demo_00 +15,-10 deg",True,0.0012076700169867322,0.0,0.005764491955893374
0.4,0.9,0.03,44,"demo_00 +15,-5 deg",True,0.002892453143240634,0.0,0.005762065523773665
0.4,0.9,0.03,45,"demo_00 +15,+0 deg",False,0.0046738958701074765,1.3600265046994333,nan
0.4,0.9,0.03,46,"demo_00 +15,+5 deg",False,0.005848208499212497,1.2710228755980764,nan
0.4,0.9,0.03,47,"demo_00 +15,+10 deg",False,0.0065201055217337,1.173028566578302,nan
0.4,0.9,0.03,48,"demo_00 +15,+15 deg",False,0.006927613072993055,1.1515648279022836,nan
0.4,0.9,0.05,0,"demo_00 -15,-15 deg",True,0.03451225996263924,0.0,0.005821545505550239
0.4,0.9,0.05,1,"demo_00 -15,-10 deg",True,0.021962628670666035,0.0,0.005843041515864114
0.4,0.9,0.05,2,"demo_00 -15,-5 deg",True,0.012151732493571196,0.0,0.005842661350337626
0.4,0.9,0.05,3,"demo_00 -15,+0 deg",True,0.004995550193953376,0.0,0.0058434551019382
0.4,0.9,0.05,4,"demo_00 -15,+5 deg",True,0.00026008505403709106,0.0,0.005842789328157824
0.4,0.9,0.05,5,"demo_00 -15,+10 deg",False,0.002587350492046643,2.3890286573626955,nan
0.4,0.9,0.05,6,"demo_00 -15,+15 deg",False,0.004530559525566942,2.3547668404261493,nan
0.4,0.9,0.05,7,"demo_00 -10,-15 deg",True,0.0283743708980512,0.0,0.005844953158604209
0.4,0.9,0.05,8,"demo_00 -10,-10 deg",True,0.017279247005221807,0.0,0.005845763714808932
0.4,0.9,0.05,9,"demo_00 -10,-5 deg",True,0.008844980742946816,0.0,0.005843069512049394
0.4,0.9,0.05,10,"demo_00 -10,+0 deg",True,0.0029531195473639334,0.0,0.005844086477947308
0.4,0.9,0.05,11,"demo_00 -10,+5 deg",False,0.0007649173633221795,2.469798936252425,nan
0.4,0.9,0.05,12,"demo_00 -10,+10 deg",False,0.003025983654560755,2.4391408543003013,nan
0.4,0.9,0.05,13,"demo_00 -10,+15 deg",False,0.005261822168587668,2.3877853381622565,nan
0.4,0.9,0.05,14,"demo_00 -5,-15 deg",True,0.022603548423457593,0.0,0.005839525758669218
0.4,0.9,0.05,15,"demo_00 -5,-10 deg",True,0.012948192954563315,0.0,0.005843498736319101
0.4,0.9,0.05,16,"demo_00 -5,-5 deg",True,0.005868466077226558,0.0,0.005843835063920006
0.4,0.9,0.05,17,"demo_00 -5,+0 deg",True,0.0011987407048297987,0.0,0.005842395765771728
0.4,0.9,0.05,18,"demo_00 -5,+5 deg",False,0.0015799497496144278,2.527223685726797,nan
0.4,0.9,0.05,19,"demo_00 -5,+10 deg",False,0.0035913640505750273,2.4679977347630344,nan
0.4,0.9,0.05,20,"demo_00 -5,+15 deg",False,0.006445837550197395,2.404614463594653,nan
0.4,0.9,0.05,21,"demo_00 +0,-15 deg",True,0.017259779616265267,0.0,0.005841329732971092
0.4,0.9,0.05,22,"demo_00 +0,-10 deg",True,0.009032015117402155,0.0,0.0058436274717845555
0.4,0.9,0.05,23,"demo_00 +0,-5 deg",True,0.003292530150798342,0.0,0.005844303170327092
0.4,0.9,0.05,24,demo_00,True,0.0002458807006131153,0.004834746105372185,0.005845173403013224
0.4,0.9,0.05,25,"demo_00 +0,+5 deg",False,0.002189719920593287,2.5283729280712777,nan
0.4,0.9,0.05,26,"demo_00 +0,+10 deg",False,0.004295189113620982,2.463796279570877,nan
0.4,0.9,0.05,27,"demo_00 +0,+15 deg",False,0.007973644115867297,2.4056449969091327,nan
0.4,0.9,0.05,28,"demo_00 +5,-15 deg",True,0.012399053391210347,0.0,0.005842062736715462
0.4,0.9,0.05,29,"demo_00 +5,-10 deg",True,0.0055999256647797846,0.0,0.005842496130021613
0.4,0.9,0.05,30,"demo_00 +5,-5 deg",True,0.0012842676731734772,0.0,0.005843651215431028
0.4,0.9,0.05,31,"demo_00 +5,+0 deg",False,0.0012952276848740485,2.5376674558716146,nan
0.4,0.9,0.05,32,"demo_00 +5,+5 deg",False,0.002640204647234038,2.482163140414988,nan
0.4,0.9,0.05,33,"demo_00 +5,+10 deg",False,0.005205410367322965,2.439507815375923,nan
0.4,0.9,0.05,34,"demo_00 +5,+15 deg",False,0.00980665007042294,2.3140396848706724,nan
0.4,0.9,0.05,35,"demo_00 +10,-15 deg",True,0.008077119015664427,0.0,0.005843292273617539
0.4,0.9,0.05,36,"demo_00 +10,-10 deg",True,0.0027800581368365752,0.0,0.005843987174963985
0.4,0.9,0.05,37,"demo_00 +10,-5 deg",True,0.001116641760458781,0.0,0.00584520374744887
0.4,0.9,0.05,38,"demo_00 +10,+0 deg",False,0.001974244061395154,2.489683863687497,nan
0.4,0.9,0.05,39,"demo_00 +10,+5 deg",False,0.0030465364689403985,2.4416419922591106,nan
0.4,0.9,0.05,40,"demo_00 +10,+10 deg",False,0.0064070904496629135,1.3449123819042832,nan
0.4,0.9,0.05,41,"demo_00 +10,+15 deg",False,0.011946603744262126,1.0375664968547398,nan
0.4,0.9,0.05,42,"demo_00 +15,-15 deg",True,0.004370594825785759,0.0,0.005842713548209178
0.4,0.9,0.05,43,"demo_00 +15,-10 deg",True,0.0013241113892253449,0.0,0.005845299078971109
0.4,0.9,0.05,44,"demo_00 +15,-5 deg",True,0.002165595885268052,0.0,0.0058432571158899705
0.4,0.9,0.05,45,"demo_00 +15,+0 deg",False,0.002285920337680762,2.4404437293551022,nan
0.4,0.9,0.05,46,"demo_00 +15,+5 deg",False,0.003606290547903308,1.096668319201134,nan
0.4,0.9,0.05,47,"demo_00 +15,+10 deg",False,0.007974473262766957,1.0358008709582518,nan
0.4,0.9,0.05,48,"demo_00 +15,+15 deg",False,0.014411758186117615,0.9889790346867733,nan
0.4,0.9,0.1,0,"demo_00 -15,-15 deg",False,0.18889406414430704,2.3318458582832178,nan
0.4,0.9,0.1,1,"demo_00 -15,-10 deg",False,0.11052207713518565,1.5084102743661012,nan
0.4,0.9,0.1,2,"demo_00 -15,-5 deg",True,0.05096828752659865,0.0,0.005873149063073894
0.4,0.9,0.1,3,"demo_00 -15,+0 deg",False,0.01513579394219684,2.2053822224547313,nan
0.4,0.9,0.1,4,"demo_00 -15,+5 deg",False,0.009751283716602763,1.6065558547542043,nan
0.4,0.9,0.1,5,"demo_00 -15,+10 deg",False,0.002012177266680984,1.5440654986739837,nan
0.4,0.9,0.1,6,"demo_00 -15,+15 deg",False,0.02252173224626213,1.8252580929506146,nan
0.4,0.9,0.1,7,"demo_00 -10,-15 deg",False,0.15782055824287378,1.8275206365047778,nan
0.4,0.9,0.1,8,"demo_00 -10,-10 deg",False,0.08789360160629718,1.4603220479774865,nan
0.4,0.9,0.1,9,"demo_00 -10,-5 deg",True,0.036538262209754695,0.0,0.00587219614556873
0.4,0.9,0.1,10,"demo_00 -10,+0 deg",False,0.007172518852515477,1.6017532201974494,nan
0.4,0.9,0.1,11,"demo_00 -10,+5 deg",False,0.003300586610798947,1.6354018765630043,nan
0.4,0.9,0.1,12,"demo_00 -10,+10 deg",False,0.009523991299530596,2.5095608911182303,nan
0.4,0.9,0.1,13,"demo_00 -10,+15 deg",False,0.03859012746102848,2.204553835247263,nan
0.4,0.9,0.1,14,"demo_00 -5,-15 deg",False,0.12501348747196278,1.9635397032041637,nan
0.4,0.9,0.1,15,"demo_00 -5,-10 deg",False,0.06464667725858647,1.413047766585757,nan
0.4,0.9,0.1,16,"demo_00 -5,-5 deg",True,0.02279721342846072,0.0,0.005872256711740273
0.4,0.9,0.1,17,"demo_00 -5,+0 deg",True,0.001930849717975896,0.0,0.005872680145318469
0.4,0.9,0.1,18,"demo_00 -5,+5 deg",False,0.002067353482841001,1.1333855416020038,nan
0.4,0.9,0.1,19,"demo_00 -5,+10 deg",False,0.0216073373989944,2.1779786738877704,nan
0.4,0.9,0.1,20,"demo_00 -5,+15 deg",False,0.055984563340433426,2.481359454046486,nan
0.4,0.9,0.1,21,"demo_00 +0,-15 deg",False,0.09229464329832021,2.319844808623114,nan
0.4,0.9,0.1,22,"demo_00 +0,-10 deg",True,0.04238504749443444,0.0,0.00587370092552663
0.4,0.9,0.1,23,"demo_00 +0,-5 deg",True,0.010950376004338553,0.0,0.005872139652563141
0.4,0.9,0.1,24,demo_00,True,0.00022285089970625448,0.004266750913954845,0.005872188839701839
0.4,0.9,0.1,25,"demo_00 +0,+5 deg",False,0.009239480503296123,1.1271640687184865,nan
0.4,0.9,0.1,26,"demo_00 +0,+10 deg",False,0.03627737825528116,1.172753050556687,nan
0.4,0.9,0.1,27,"demo_00 +0,+15 deg",False,0.07618413920971771,1.6310392277861634,nan
0.4,0.9,0.1,28,"demo_00 +5,-15 deg",False,0.06161924453310099,1.5860252128473113,nan
0.4,0.9,0.1,29,"demo_00 +5,-10 deg",True,0.022844451674966744,0.0,0.005873429181503019
0.4,0.9,0.1,30,"demo_00 +5,-5 deg",True,0.002417282919724999,0.0,0.0058728574186124
0.4,0.9,0.1,31,"demo_00 +5,+0 deg",False,0.0024131959149311976,1.6393506304754848,nan
0.4,0.9,0.1,32,"demo_00 +5,+5 deg",False,0.02042349869171464,2.5906524881187276,nan
0.4,0.9,0.1,33,"demo_00 +5,+10 deg",False,0.05494708838121841,2.22416644473588,nan
0.4,0.9,0.1,34,"demo_00 +5,+15 deg",False,0.10025137236727978,0.9387129062219606,nan
0.4,0.9,0.1,35,"demo_00 +10,-15 deg",True,0.03499175630896295,0.0,0.005874277941894167
0.4,0.9,0.1,36,"demo_00 +10,-10 deg",True,0.00783336499993129,0.0,0.005873153413800766
0.4,0.9,0.1,37,"demo_00 +10,-5 deg",True,0.0027033216127251096,0.0,0.0058731335987177325
0.4,0.9,0.1,38,"demo_00 +10,+0 deg",False,0.009687518536825389,1.0881508458695446,nan
0.4,0.9,0.1,39,"demo_00 +10,+5 deg",False,0.036743345331686564,1.031772472380707,nan
0.4,0.9,0.1,40,"demo_00 +10,+10 deg",False,0.07845927379434756,1.8265688352526386,nan
0.4,0.9,0.1,41,"demo_00 +10,+15 deg",False,0.128765934461211,2.198402554753015,nan
0.4,0.9,0.1,42,"demo_00 +15,-15 deg",True,0.014388241017710378,0.0,0.005873056156850736
0.4,0.9,0.1,43,"demo_00 +15,-10 deg",True,0.0022679217357112267,0.0,0.0058722996093833165
0.4,0.9,0.1,44,"demo_00 +15,-5 deg",False,0.005291584157953881,1.9924947574689655,nan
0.4,0.9,0.1,45,"demo_00 +15,+0 deg",False,0.022968334096018637,2.4202320648925153,nan
0.4,0.9,0.1,46,"demo_00 +15,+5 deg",False,0.058821688749167,1.9331485066889298,nan
0.4,0.9,0.1,47,"demo_00 +15,+10 deg",False,0.10720630636644983,0.9187859469008237,nan
0.4,0.9,0.1,48,"demo_00 +15,+15 deg",False,0.16188584974996015,2.3005101117783924,nan
0.4,1.05,0.01,0,"demo_00 -15,-15 deg",True,0.016351595688942195,0.0,0.00484873822920345
0.4,1.05,0.01,1,"demo_00 -15,-10 deg",True,0.01189761880636336,0.0,0.0047150244669477105
0.4,1.05,0.01,2,"demo_00 -15,-5 deg",True,0.007757805565164196,0.0,0.005005597347940216
0.4,1.05,0.01,3,"demo_00 -15,+0 deg",True,0.003998499281370398,0.0,0.005558394711046733
0.4,1.05,0.01,4,"demo_00 -15,+5 deg",False,0.0014114396448008657,2.3669675160299923,nan
0.4,1.05,0.01,5,"demo_00 -15,+10 deg",False,0.003462594256716034,2.457021187913719,nan
0.4,1.05,0.01,6,"demo_00 -15,+15 deg",False,0.006401964252063906,2.399452935769932,nan
0.4,1.05,0.01,7,"demo_00 -10,-15 deg",True,0.014477937834839315,0.0,0.0048295149149452325
0.4,1.05,0.01,8,"demo_00 -10,-10 deg",True,0.010209129552101692,0.0,0.004508824053619394
0.4,1.05,0.01,9,"demo_00 -10,-5 deg",True,0.006247298596216293,0.0,0.005351123600438686
0.4,1.05,0.01,10,"demo_00 -10,+0 deg",True,0.0026483258870307496,0.0,0.005569764504099606
0.4,1.05,0.01,11,"demo_00 -10,+5 deg",False,0.0012305501826217005,2.5077773432250687,nan
0.4,1.05,0.01,12,"demo_00 -10,+10 deg",False,0.004081181658742131,2.4650730685649247,nan
0.4,1.05,0.01,13,"demo_00 -10,+15 deg",False,0.0069129713436075135,2.3977762970801497,nan
0.4,1.05,0.01,14,"demo_00 -5,-15 deg",True,0.012505031297981466,0.0,0.004800346156761102
0.4,1.05,0.01,15,"demo_00 -5,-10 deg",True,0.008430348634608825,0.0,0.004634615552378014
0.4,1.05,0.01,16,"demo_00 -5,-5 deg",True,0.004656755305268818,0.0,0.005503068221551914
0.4,1.05,0.01,17,"demo_00 -5,+0 deg",True,0.0012174603297829625,0.0,0.005571028729285474
0.4,1.05,0.01,18,"demo_00 -5,+5 deg",False,0.0020242600759074374,2.5935348177388877,nan
0.4,1.05,0.01,19,"demo_00 -5,+10 deg",False,0.00489753227282331,2.473846477201147,nan
0.4,1.05,0.01,20,"demo_00 -5,+15 deg",False,0.007539275316151866,2.368915191350438,nan
0.4,1.05,0.01,21,"demo_00 +0,-15 deg",False,0.010434185118880656,0.0,0.004633988846628965
0.4,1.05,0.01,22,"demo_00 +0,-10 deg",True,0.006565321919090988,0.0,0.005074280548063493
0.4,1.05,0.01,23,"demo_00 +0,-5 deg",True,0.0030005892911625434,0.0,0.005552841389090737
0.4,1.05,0.01,24,demo_00,True,0.00031010080749344944,0.005326928312206422,0.005574823588862302
0.4,1.05,0.01,25,"demo_00 +0,+5 deg",False,0.003211858435072526,2.499689863889037,nan
0.4,1.05,0.01,26,"demo_00 +0,+10 deg",False,0.005868790269219899,2.5586394524493703,nan
0.4,1.05,0.01,27,"demo_00 +0,+15 deg",False,0.00827718203165522,2.3830502948435157,nan
0.4,1.05,0.01,28,"demo_00 +5,-15 deg",True,0.008267637641899172,0.0,0.00450147302995388
0.4,1.05,0.01,29,"demo_00 +5,-10 deg",True,0.004624649662910723,0.0,0.005427990997137102
0.4,1.05,0.01,30,"demo_00 +5,-5 deg",True,0.0013691081915622595,0.0,0.005573337449803377
0.4,1.05,0.01,31,"demo_00 +5,+0 deg",False,0.0018958508947815019,2.5547940238352655,nan
0.4,1.05,0.01,32,"demo_00 +5,+5 deg",False,0.00455797927814123,2.529858237165126,nan
0.4,1.05,0.01,33,"demo_00 +5,+10 deg",False,0.00696552215577551,2.527442647597668,nan
0.4,1.05,0.01,34,"demo_00 +5,+15 deg",False,0.009121350452532385,2.325408208946261,nan
0.4,1.05,0.01,35,"demo_00 +10,-15 deg",True,0.00601037874547907,0.0,0.004770742311004503
0.4,1.05,0.01,36,"demo_00 +10,-10 deg",True,0.0026515178656773093,0.0,0.0055502660885667614
0.4,1.05,0.01,37,"demo_00 +10,-5 deg",True,0.0011087960995662832,0.0,0.00557526299198289
0.4,1.05,0.01,38,"demo_00 +10,+0 deg",False,0.0035708259388958206,2.5447432559570213,nan
0.4,1.05,0.01,39,"demo_00 +10,+5 deg",False,0.006009341444738786,2.4628602691193824,nan
0.4,1.05,0.01,40,"demo_00 +10,+10 deg",False,0.008169012210819043,2.4147079676445635,nan
0.4,1.05,0.01,41,"demo_00 +10,+15 deg",False,0.01006596445192656,2.27455529322516,nan
0.4,1.05,0.01,42,"demo_00 +15,-15 deg",True,0.0036792754307377706,0.0,0.00533057710770168
0.4,1.05,0.01,43,"demo_00 +15,-10 deg",True,0.001088329289934038,0.0,0.0055792247408688305
0.4,1.05,0.01,44,"demo_00 +15,-5 deg",True,0.002835267536739888,0.0,0.005578155408385966
0.4,1.05,0.01,45,"demo_00 +15,+0 deg",False,0.005326808546604653,2.408875161954002,nan
0.4,1.05,0.01,46,"demo_00 +15,+5 deg",False,0.007549508646673575,2.41869125675898,nan
0.4,1.05,0.01,47,"demo_00 +15,+10 deg",False,0.00946743991243657,2.2995082592308456,nan
0.4,1.05,0.01,48,"demo_00 +15,+15 deg",False,0.011105448099528403,2.2357415007332677,nan
0.4,1.05,0.02,0,"demo_00 -15,-15 deg",True,0.01576631734253423,0.0,0.005187784378207975
0.4,1.05,0.02,1,"demo_00 -15,-10 deg",True,0.011082099848378504,0.0,0.005567103333467626
0.4,1.05,0.02,2,"demo_00 -15,-5 deg",True,0.007060910213779752,0.0,0.005652730520854398
0.4,1.05,0.02,3,"demo_00 -15,+0 deg",True,0.0036524681088172155,0.0,0.005655347971728286
0.4,1.05,0.02,4,"demo_00 -15,+5 deg",True,0.0008723932244932518,1.8054724763210952,0.005655504083572452
0.4,1.05,0.02,5,"demo_00 -15,+10 deg",False,0.001987308654794944,1.5703205336725,0.008695388158703313
0.4,1.05,0.02,6,"demo_00 -15,+15 deg",True,0.004365979832090854,1.7362413789755218,0.005657342899596851
0.4,1.05,0.02,7,"demo_00 -10,-15 deg",True,0.014046438234933845,0.0,0.005370141630700902
0.4,1.05,0.02,8,"demo_00 -10,-10 deg",True,0.009526294039950528,0.0,0.005627793778013326
0.4,1.05,0.02,9,"demo_00 -10,-5 deg",True,0.005654650542976283,0.0,0.005657750406436243
0.4,1.05,0.02,10,"demo_00 -10,+0 deg",True,0.002388398910942641,0.0,0.0056579904281476995
0.4,1.05,0.02,11,"demo_00 -10,+5 deg",True,0.0006593891618058203,1.7889007105513215,0.005659237556999514
0.4,1.05,0.02,12,"demo_00 -10,+10 deg",True,0.002983025984631417,1.6127158991787343,0.0056610179432011
0.4,1.05,0.02,13,"demo_00 -10,+15 deg",False,0.005296372958395011,1.877321506974669,nan
0.4,1.05,0.02,14,"demo_00 -5,-15 deg",True,0.012222923564902309,0.0,0.005528222031753631
0.4,1.05,0.02,15,"demo_00 -5,-10 deg",True,0.007892579190789506,0.0,0.005649467486620076
0.4,1.05,0.02,16,"demo_00 -5,-5 deg",True,0.004199359550883479,0.0,0.0056573985833969324
0.4,1.05,0.02,17,"demo_00 -5,+0 deg",True,0.0011001106607126901,0.0,0.005657646264985158
0.4,1.05,0.02,18,"demo_00 -5,+5 deg",False,0.0015779420163378518,1.7390643933302634,0.00918237731480371
0.4,1.05,0.02,19,"demo_00 -5,+10 deg",True,0.003884546825512147,1.7864971917610122,0.00566191024043409
0.4,1.05,0.02,20,"demo_00 -5,+15 deg",False,0.006062756585660956,1.7853869646243745,nan
0.4,1.05,0.02,21,"demo_00 +0,-15 deg",True,0.010281316435868647,0.0,0.005609757237235755
0.4,1.05,0.02,22,"demo_00 +0,-10 deg",True,0.006167068695916128,0.0,0.005655420661556221
0.4,1.05,0.02,23,"demo_00 +0,-5 deg",True,0.0026872408822019704,0.0,0.005657543578510111
0.4,1.05,0.02,24,demo_00,True,0.00026414057395202957,0.004529414460763332,0.0056556267674283235
0.4,1.05,0.02,25,"demo_00 +0,+5 deg",False,0.002643780839678744,1.8658914488707807,0.005772878191519903
0.4,1.05,0.02,26,"demo_00 +0,+10 deg",False,0.00473893827401214,1.8422767450518616,nan
0.4,1.05,0.02,27,"demo_00 +0,+15 deg",True,0.006708065187210812,1.6390527776070243,0.005677048447673345
0.4,1.05,0.02,28,"demo_00 +5,-15 deg",True,0.008210722505965138,0.0,0.005638622496324011
0.4,1.05,0.02,29,"demo_00 +5,-10 deg",True,0.004349556689697135,0.0,0.0056569266333741375
0.4,1.05,0.02,30,"demo_00 +5,-5 deg",True,0.001218066681522973,2.0960487084489485e-05,0.005658229992818491
0.4,1.05,0.02,31,"demo_00 +5,+0 deg",True,0.001695260934462898,1.690649326009224,0.00565795591629147
0.4,1.05,0.02,32,"demo_00 +5,+5 deg",False,0.0037951131196231826,1.8112560018399269,0.0962568416069241
0.4,1.05,0.02,33,"demo_00 +5,+10 deg",True,0.005601714561287147,1.820344852104836,0.005656504466855466
0.4,1.05,0.02,34,"demo_00 +5,+15 deg",True,0.0072859208674064995,1.5818015766268971,0.005656528050775842
0.4,1.05,0.02,35,"demo_00 +10,-15 deg",True,0.00600738316172877,0.0,0.005648719142551927
0.4,1.05,0.02,36,"demo_00 +10,-10 deg",True,0.0025002306079375653,0.0,0.0056584645923137425
0.4,1.05,0.02,37,"demo_00 +10,-5 deg",True,0.0012345506018968731,0.0,0.005655551778249873
0.4,1.05,0.02,38,"demo_00 +10,+0 deg",False,0.0032525201374831603,1.683519927904437,0.008074466009017432
0.4,1.05,0.02,39,"demo_00 +10,+5 deg",False,0.005058302222631539,1.7693765504942496,nan
0.4,1.05,0.02,40,"demo_00 +10,+10 deg",True,0.006530847119752181,1.7202921790931263,0.005659090317027755
0.4,1.05,0.02,41,"demo_00 +10,+15 deg",True,0.007860570334379636,1.6124779413772843,0.005658304594147385
0.4,1.05,0.02,42,"demo_00 +15,-15 deg",True,0.0036934897222107663,0.0,0.005657137100541353
0.4,1.05,0.02,43,"demo_00 +15,-10 deg",True,0.0012956974700499425,0.0,0.005656423313771437
0.4,1.05,0.02,44,"demo_00 +15,-5 deg",True,0.0029647163047316853,0.0,0.0056589670221641845
0.4,1.05,0.02,45,"demo_00 +15,+0 deg",True,0.004949017658732974,1.7070842409618483,0.005508441525532019
0.4,1.05,0.02,46,"demo_00 +15,+5 deg",False,0.0064626697146813504,1.7174381022329375,nan
0.4,1.05,0.02,47,"demo_00 +15,+10 deg",False,0.007580905058619039,1.5552007787494646,0.00836373222939346
0.4,1.05,0.02,48,"demo_00 +15,+15 deg",True,0.00850392519178287,1.6680088057757074,0.005657899483815907
0.4,1.05,0.03,0,"demo_00 -15,-15 deg",True,0.018644284078369128,0.0,0.005752517691550023
0.4,1.05,0.03,1,"demo_00 -15,-10 deg",True,0.012683511682840511,0.0,0.005759970031222749
0.4,1.05,0.03,2,"demo_00 -15,-5 deg",True,0.007837021701986174,0.0,0.005758834225474624
0.4,1.05,0.03,3,"demo_00 -15,+0 deg",True,0.004011072983486278,0.0,0.005759300082630966
0.4,1.05,0.03,4,"demo_00 -15,+5 deg",True,0.0010152198211800527,0.0,0.005759995634380545
0.4,1.05,0.03,5,"demo_00 -15,+10 deg",True,0.0015123649304935283,0.2585568119329371,0.005759531093554617
0.4,1.05,0.03,6,"demo_00 -15,+15 deg",True,0.0038942245922461345,1.0197754795827003,0.005756807061088206
0.4,1.05,0.03,7,"demo_00 -10,-15 deg",True,0.016188708405498187,0.0,0.005754164641506341
0.4,1.05,0.03,8,"demo_00 -10,-10 deg",True,0.010606265865086669,0.0,0.005759825169690141
0.4,1.05,0.03,9,"demo_00 -10,-5 deg",True,0.0060876516682115455,0.0,0.005757129061569908
0.4,1.05,0.03,10,"demo_00 -10,+0 deg",True,0.002528410657260859,0.0,0.0057594436999033535
0.4,1.05,0.03,11,"demo_00 -10,+5 deg",True,0.00043502095842541205,0.3119610069221662,0.0057590578649152355
0.4,1.05,0.03,12,"demo_00 -10,+10 deg",True,0.0027763571738344444,0.7483724126847942,0.00575733519339098
0.4,1.05,0.03,13,"demo_00 -10,+15 deg",False,0.005199971929188082,2.457551555749418,nan
0.4,1.05,0.03,14,"demo_00 -5,-15 deg",True,0.013728879048517509,0.0,0.005755496839121645
0.4,1.05,0.03,15,"demo_00 -5,-10 deg",True,0.008543527194581535,0.0,0.005759790044313062
0.4,1.05,0.03,16,"demo_00 -5,-5 deg",True,0.004380131076074102,0.0,0.005760169906467794
0.4,1.05,0.03,17,"demo_00 -5,+0 deg",True,0.0011239680435570897,0.0,0.0057599271366162354
0.4,1.05,0.03,18,"demo_00 -5,+5 deg",True,0.0015058175351773126,0.5015338099610659,0.0057603114723634875
0.4,1.05,0.03,19,"demo_00 -5,+10 deg",False,0.003804683247313451,2.3234805531369833,nan
0.4,1.05,0.03,20,"demo_00 -5,+15 deg",False,0.006210437596528306,2.3372335222685097,nan
0.4,1.05,0.03,21,"demo_00 +0,-15 deg",True,0.011256012635768838,0.0,0.005758642789808112
0.4,1.05,0.03,22,"demo_00 +0,-10 deg",True,0.006488296150201222,0.0,0.005757339927669944
0.4,1.05,0.03,23,"demo_00 +0,-5 deg",True,0.002713591215186541,0.0,0.005759845795362535
0.4,1.05,0.03,24,demo_00,True,0.0002513911416882661,0.004333400896527897,0.005758093927431698
0.4,1.05,0.03,25,"demo_00 +0,+5 deg",True,0.0025244567147698948,0.8981003501887164,0.005758873989204485
0.4,1.05,0.03,26,"demo_00 +0,+10 deg",False,0.004623632124359312,2.3501764315244653,nan
0.4,1.05,0.03,27,"demo_00 +0,+15 deg",True,0.006939038475978977,1.6816279703129462,0.005262066033390844
0.4,1.05,0.03,28,"demo_00 +5,-15 deg",True,0.008764054111004914,0.0,0.00575746355346291
0.4,1.05,0.03,29,"demo_00 +5,-10 deg",True,0.004448536658876125,0.0,0.005758843216276944
0.4,1.05,0.03,30,"demo_00 +5,-5 deg",True,0.001205391328597426,0.0,0.0057587564822511325
0.4,1.05,0.03,31,"demo_00 +5,+0 deg",True,0.0015851651892456117,0.45909431143876733,0.005761260522182578
0.4,1.05,0.03,32,"demo_00 +5,+5 deg",False,0.0034721839225297026,2.3130218055332286,nan
0.4,1.05,0.03,33,"demo_00 +5,+10 deg",True,0.005268427346060145,1.5638415395667544,0.005261850359267462
0.4,1.05,0.03,34,"demo_00 +5,+15 deg",True,0.0074070600186463935,1.4630004126086071,0.005264378447452521
0.4,1.05,0.03,35,"demo_00 +10,-15 deg",True,0.006254518622237545,0.0,0.005759237784736935
0.4,1.05,0.03,36,"demo_00 +10,-10 deg",True,0.0025054428066461406,0.0,0.005757495391821766
0.4,1.05,0.03,37,"demo_00 +10,-5 deg",True,0.0012567634964165343,0.0,0.005756985221691876
0.4,1.05,0.03,38,"demo_00 +10,+0 deg",True,0.0029414822012760163,0.5437395975206591,0.0057606347765612
0.4,1.05,0.03,39,"demo_00 +10,+5 deg",True,0.004389026966882257,1.5674795091557687,0.005262555119884141
0.4,1.05,0.03,40,"demo_00 +10,+10 deg",True,0.005783325399121334,1.4374948124776017,0.005264269533673114
0.4,1.05,0.03,41,"demo_00 +10,+15 deg",False,0.007642893216957186,1.5518973946792454,0.004994828344389886
0.4,1.05,0.03,42,"demo_00 +15,-15 deg",True,0.0037611256447045217,0.0,0.005757880523964513
0.4,1.05,0.03,43,"demo_00 +15,-10 deg",True,0.0014105594230965875,0.0,0.005760319325597148
0.4,1.05,0.03,44,"demo_00 +15,-5 deg",True,0.0028476681271581705,0.0,0.0057593570561894365
0.4,1.05,0.03,45,"demo_00 +15,+0 deg",True,0.004336566498248845,0.6434985048043251,0.005759945553861773
0.4,1.05,0.03,46,"demo_00 +15,+5 deg",True,0.005318868493650573,1.301901292110577,0.005264767096477932
0.4,1.05,0.03,47,"demo_00 +15,+10 deg",False,0.006222722667223574,1.5460007916373868,0.0049860104672689405
0.4,1.05,0.03,48,"demo_00 +15,+15 deg",True,0.007684287217338409,1.4267358133982841,0.00526699320833768
0.4,1.05,0.05,0,"demo_00 -15,-15 deg",True,0.052271498659795156,0.0,0.005882960892292582
0.4,1.05,0.05,1,"demo_00 -15,-10 deg",True,0.032602022828143104,0.0,0.0058821313957964135
0.4,1.05,0.05,2,"demo_00 -15,-5 deg",True,0.017203187894315308,0.0,0.005881689036007286
0.4,1.05,0.05,3,"demo_00 -15,+0 deg",True,0.00613959548142384,0.0,0.005881009942720336
0.4,1.05,0.05,4,"demo_00 -15,+5 deg",False,0.0007794341746444069,2.063389104761129,nan
0.4,1.05,0.05,5,"demo_00 -15,+10 deg",False,0.0041669881636156375,1.6852943224328099,nan
0.4,1.05,0.05,6,"demo_00 -15,+15 deg",False,0.005610363070804565,2.0616695673412,nan
0.4,1.05,0.05,7,"demo_00 -10,-15 deg",True,0.04202192854450859,0.0,0.00588361436649147
0.4,1.05,0.05,8,"demo_00 -10,-10 deg",True,0.024916656743416067,0.0,0.0058795631639423866
0.4,1.05,0.05,9,"demo_00 -10,-5 deg",True,0.012047984875852341,0.0,0.005881618244151961
0.4,1.05,0.05,10,"demo_00 -10,+0 deg",True,0.003414681522187726,0.0,0.005881365425163905
0.4,1.05,0.05,11,"demo_00 -10,+5 deg",False,0.0014171215229349394,2.3657331733838833,nan
0.4,1.05,0.05,12,"demo_00 -10,+10 deg",False,0.003857072431754796,2.3905009179701144,nan
0.4,1.05,0.05,13,"demo_00 -10,+15 deg",False,0.007072458879447511,2.265990380665308,nan
0.4,1.05,0.05,14,"demo_00 -5,-15 deg",True,0.032547476298753326,0.0,0.005880730273097871
0.4,1.05,0.05,15,"demo_00 -5,-10 deg",True,0.017977643347592786,0.0,0.0058801049841947384
0.4,1.05,0.05,16,"demo_00 -5,-5 deg",True,0.007592203955381694,0.0,0.0058807449734296835
0.4,1.05,0.05,17,"demo_00 -5,+0 deg",True,0.0012740688959429237,0.0,0.005881402406112464
0.4,1.05,0.05,18,"demo_00 -5,+5 deg",False,0.001957589972052218,2.2238176828620873,nan
0.4,1.05,0.05,19,"demo_00 -5,+10 deg",False,0.005012320173174725,2.292441120560028,nan
0.4,1.05,0.05,20,"demo_00 -5,+15 deg",False,0.010774787771719602,2.098584231609174,nan
0.4,1.05,0.05,21,"demo_00 +0,-15 deg",True,0.02398778714640109,0.0,0.005881516601226232
0.4,1.05,0.05,22,"demo_00 +0,-10 deg",True,0.011929658745749685,0.0,0.0058814715337737345
0.4,1.05,0.05,23,"demo_00 +0,-5 deg",True,0.003992840611329683,0.0,0.00588179326965184
0.4,1.05,0.05,24,demo_00,True,0.00022755619645991855,0.0052214626219444435,0.0058806259828895245
0.4,1.05,0.05,25,"demo_00 +0,+5 deg",False,0.0027336599907283746,2.4013126973841663,nan
0.4,1.05,0.05,26,"demo_00 +0,+10 deg",False,0.00752212946581132,2.312334597078215,nan
0.4,1.05,0.05,27,"demo_00 +0,+15 deg",False,0.015576844718912517,2.360578114696469,nan
0.4,1.05,0.05,28,"demo_00 +5,-15 deg",True,0.01647124788232454,0.0,0.005882065421965124
0.4,1.05,0.05,29,"demo_00 +5,-10 deg",True,0.006924058193599941,0.0,0.005880066709789208
0.4,1.05,0.05,30,"demo_00 +5,-5 deg",True,0.0015346842562573221,0.0,0.005881493786183904
0.4,1.05,0.05,31,"demo_00 +5,+0 deg",False,0.0010556507340001753,1.8332445647693236,nan
0.4,1.05,0.05,32,"demo_00 +5,+5 deg",False,0.0041777609998140935,2.4375154429832255,nan
0.4,1.05,0.05,33,"demo_00 +5,+10 deg",False,0.011034542723231188,2.175232693448864,nan
0.4,1.05,0.05,34,"demo_00 +5,+15 deg",False,0.021142118591819983,2.1070355473670173,nan
0.4,1.05,0.05,35,"demo_00 +10,-15 deg",True,0.010120539864621256,0.0,0.005881458346375132
0.4,1.05,0.05,36,"demo_00 +10,-10 deg",True,0.0032007281497975866,0.0,0.005880473121424188
0.4,1.05,0.05,37,"demo_00 +10,-5 deg",True,0.0011993890363983923,0.0,0.005879563654446898
0.4,1.05,0.05,38,"demo_00 +10,+0 deg",False,0.001614881261523825,2.509012287634963,nan
0.4,1.05,0.05,39,"demo_00 +10,+5 deg",False,0.00654203287784567,2.49342843582033,nan
0.4,1.05,0.05,40,"demo_00 +10,+10 deg",False,0.015428875816449014,2.461371769772738,nan
0.4,1.05,0.05,41,"demo_00 +10,+15 deg",False,0.027410266271735744,2.2940220410422665,nan
0.4,1.05,0.05,42,"demo_00 +15,-15 deg",True,0.0050849052725708095,0.0,0.005881389925121603
0.4,1.05,0.05,43,"demo_00 +15,-10 deg",True,0.0016651831599402505,0.0,0.005881124817650225
0.4,1.05,0.05,44,"demo_00 +15,-5 deg",True,0.0015543804454532868,0.0,0.005879801549985366
0.4,1.05,0.05,45,"demo_00 +15,+0 deg",False,0.0027926735281244507,2.2237279212331074,nan
0.4,1.05,0.05,46,"demo_00 +15,+5 deg",False,0.009915679686844595,2.3611353103716226,nan
0.4,1.05,0.05,47,"demo_00 +15,+10 deg",False,0.020700273465984628,2.381441672750882,nan
0.4,1.05,0.05,48,"demo_00 +15,+15 deg",False,0.034394502831129756,2.3162983647989837,nan
0.4,1.05,0.1,0,"demo_00 -15,-15 deg",False,0.3659536362685942,2.157187790065941,nan
0.4,1.05,0.1,1,"demo_00 -15,-10 deg",False,0.22343065837255266,1.8183092483849146,nan
0.4,1.05,0.1,2,"demo_00 -15,-5 deg",False,0.1126520163655592,2.0835498459230903,nan
0.4,1.05,0.1,3,"demo_00 -15,+0 deg",False,0.04532802691827686,1.9266704221203184,nan
0.4,1.05,0.1,4,"demo_00 -15,+5 deg",False,0.018965168471861367,1.8420429516941506,nan
0.4,1.05,0.1,5,"demo_00 -15,+10 deg",False,0.015882065796377073,1.6858912067168357,nan
0.4,1.05,0.1,6,"demo_00 -15,+15 deg",False,0.07559671186914499,1.995248133118853,nan
0.4,1.05,0.1,7,"demo_00 -10,-15 deg",False,0.300951231633382,2.0847579733930814,nan
0.4,1.05,0.1,8,"demo_00 -10,-10 deg",False,0.1716867572507365,1.6731384650929866,nan
0.4,1.05,0.1,9,"demo_00 -10,-5 deg",False,0.07477617684144847,2.2189223666281013,nan
0.4,1.05,0.1,10,"demo_00 -10,+0 deg",False,0.019943699339593144,2.0693751771321685,nan
0.4,1.05,0.1,11,"demo_00 -10,+5 deg",False,0.003381429387695418,1.9886833474335417,nan
0.4,1.05,0.1,12,"demo_00 -10,+10 deg",False,0.0324063335986663,2.4977601776848593,nan
0.4,1.05,0.1,13,"demo_00 -10,+15 deg",False,0.09810436158582772,1.738601049964263,nan
0.4,1.05,0.1,14,"demo_00 -5,-15 deg",False,0.23463119778100805,1.6540025748318365,nan
0.4,1.05,0.1,15,"demo_00 -5,-10 deg",False,0.12208081095290406,2.269656599215987,nan
0.4,1.05,0.1,16,"demo_00 -5,-5 deg",False,0.04290394641812626,2.241334564781166,nan
0.4,1.05,0.1,17,"demo_00 -5,+0 deg",False,0.004536546992609852,2.3547682026203827,nan
0.4,1.05,0.1,18,"demo_00 -5,+5 deg",False,0.007810119796635338,2.427600803006797,nan
0.4,1.05,0.1,19,"demo_00 -5,+10 deg",False,0.05140304316202953,2.041671635731002,nan
0.4,1.05,0.1,20,"demo_00 -5,+15 deg",False,0.12336214263454323,2.1915479101154443,nan
0.4,1.05,0.1,21,"demo_00 +0,-15 deg",False,0.17013379885603888,2.4451304873412383,nan
0.4,1.05,0.1,22,"demo_00 +0,-10 deg",False,0.0771224088596704,1.7696277343907778,nan
0.4,1.05,0.1,23,"demo_00 +0,-5 deg",True,0.018591835978271524,0.0,0.0059359505123123026
0.4,1.05,0.1,24,demo_00,True,0.0002248024847532976,0.004097809236699493,0.005935607541112637
0.4,1.05,0.1,25,"demo_00 +0,+5 deg",False,0.021639954340768732,2.0922312832960266,nan
0.4,1.05,0.1,26,"demo_00 +0,+10 deg",False,0.07781705787672084,2.175611332481914,nan
0.4,1.05,0.1,27,"demo_00 +0,+15 deg",False,0.15554167176568046,2.078446285617179,nan
0.4,1.05,0.1,28,"demo_00 +5,-15 deg",False,0.11103180689945447,2.541856269127617,nan
0.4,1.05,0.1,29,"demo_00 +5,-10 deg",True,0.0397179771646493,0.0,0.005935206952790068
0.4,1.05,0.1,30,"demo_00 +5,-5 deg",True,0.0036606041379748083,0.0,0.005935738101553652
0.4,1.05,0.1,31,"demo_00 +5,+0 deg",False,0.007103496410227697,2.0047493708634576,nan
0.4,1.05,0.1,32,"demo_00 +5,+5 deg",False,0.046723899734751675,2.2802207196247415,nan
0.4,1.05,0.1,33,"demo_00 +5,+10 deg",False,0.11526117717032798,2.2060061450496518,nan
0.4,1.05,0.1,34,"demo_00 +5,+15 deg",False,0.19715414624347194,2.071224271996614,nan
0.4,1.05,0.1,35,"demo_00 +10,-15 deg",False,0.06106162241428579,1.8087291695479395,nan
0.4,1.05,0.1,36,"demo_00 +10,-10 deg",True,0.01286526025856011,0.0,0.005936015300690723
0.4,1.05,0.1,37,"demo_00 +10,-5 deg",True,0.004074618894458803,0.0,0.0059354495465060615
0.4,1.05,0.1,38,"demo_00 +10,+0 deg",False,0.027017422291636947,1.8883234003481189,nan
0.4,1.05,0.1,39,"demo_00 +10,+5 deg",False,0.08452776719163119,1.722645655119077,nan
0.4,1.05,0.1,40,"demo_00 +10,+10 deg",False,0.16428668015917522,2.1786497212377838,nan
0.4,1.05,0.1,41,"demo_00 +10,+15 deg",False,0.2482480228019669,1.8324805187284816,nan
0.4,1.05,0.1,42,"demo_00 +15,-15 deg",True,0.023845988886667016,0.0,0.005934375979795069
0.4,1.05,0.1,43,"demo_00 +15,-10 deg",True,0.0028835045609590356,0.0,0.005935814284409223
0.4,1.05,0.1,44,"demo_00 +15,-5 deg",False,0.015283376975940283,2.035132431125625,nan
0.4,1.05,0.1,45,"demo_00 +15,+0 deg",False,0.060394500954061944,2.15041946944169,nan
0.4,1.05,0.1,46,"demo_00 +15,+5 deg",False,0.13466248609094342,1.9834015884849332,nan
0.4,1.05,0.1,47,"demo_00 +15,+10 deg",False,0.223555090957841,2.0724690517630813,nan
0.4,1.05,0.1,48,"demo_00 +15,+15 deg",False,0.3069219540914237,2.165533179142163,nan
0.4,1.2,0.01,0,"demo_00 -15,-15 deg",True,0.016811397639076752,0.0,0.004695529292541844
0.4,1.2,0.01,1,"demo_00 -15,-10 deg",True,0.012368975325011286,0.0,0.004675224739090153
0.4,1.2,0.01,2,"demo_00 -15,-5 deg",True,0.008201386877931678,0.0,0.005456690083290881
0.4,1.2,0.01,3,"demo_00 -15,+0 deg",True,0.004371843362589832,0.0,0.005465340018880393
0.4,1.2,0.01,4,"demo_00 -15,+5 deg",True,0.0017398234905836953,2.43207625059474,0.004661954859259427
0.4,1.2,0.01,5,"demo_00 -15,+10 deg",True,0.0038726573151687755,2.3682320252897857,0.00466829336474267
0.4,1.2,0.01,6,"demo_00 -15,+15 deg",True,0.00729135404819267,2.396820759604025,0.004676819307202867
0.4,1.2,0.01,7,"demo_00 -10,-15 deg",False,0.015072536161615423,0.0,0.004434208486131407
0.4,1.2,0.01,8,"demo_00 -10,-10 deg",True,0.010753928469077042,0.0,0.005051334011095393
0.4,1.2,0.01,9,"demo_00 -10,-5 deg",True,0.006715543669781807,0.0,0.005466249057214238
0.4,1.2,0.01,10,"demo_00 -10,+0 deg",True,0.003023900052655335,0.0,0.005465389605292269
0.4,1.2,0.01,11,"demo_00 -10,+5 deg",True,0.001483788939906361,2.5738691243945526,0.004663040988913946
0.4,1.2,0.01,12,"demo_00 -10,+10 deg",True,0.004494459231934363,2.554566928012137,0.004669880269346721
0.4,1.2,0.01,13,"demo_00 -10,+15 deg",True,0.007824222613715803,2.4984996147658816,0.004683083276667087
0.4,1.2,0.01,14,"demo_00 -5,-15 deg",True,0.013187161492132475,0.0,0.004510141583362853
0.4,1.2,0.01,15,"demo_00 -5,-10 deg",True,0.009002685703825083,0.0,0.005374549595008176
0.4,1.2,0.01,16,"demo_00 -5,-5 deg",True,0.00510304646651629,0.0,0.0054647443556412436
0.4,1.2,0.01,17,"demo_00 -5,+0 deg",True,0.0015491976109272432,0.0,0.005470723624924896
0.4,1.2,0.01,18,"demo_00 -5,+5 deg",True,0.002113077130704423,2.580853672867487,0.004667212429930374
0.4,1.2,0.01,19,"demo_00 -5,+10 deg",True,0.005300596890055166,2.457213515158999,0.004678514756842679
0.4,1.2,0.01,20,"demo_00 -5,+15 deg",True,0.00844485236322081,2.4882493069516443,0.0046888498519244886
0.4,1.2,0.01,21,"demo_00 +0,-15 deg",True,0.011150941727467069,0.0,0.004743937016474185
0.4,1.2,0.01,22,"demo_00 +0,-10 deg",True,0.007113369471983486,0.0,0.005460642099712148
0.4,1.2,0.01,23,"demo_00 +0,-5 deg",True,0.003369107061718719,0.0,0.005466664568101042
0.4,1.2,0.01,24,demo_00,True,0.00010804276730320427,0.004315316608177888,0.005465887341751275
0.4,1.2,0.01,25,"demo_00 +0,+5 deg",True,0.0032913957771801157,2.6314703519343636,0.004669079546954127
0.4,1.2,0.01,26,"demo_00 +0,+10 deg",True,0.006293151633778934,2.532298769613751,0.004680697024630238
0.4,1.2,0.01,27,"demo_00 +0,+15 deg",True,0.009181084125808934,2.4597832080378095,0.00468970911761852
0.4,1.2,0.01,28,"demo_00 +5,-15 deg",True,0.008960859711947359,0.0,0.005092213986539819
0.4,1.2,0.01,29,"demo_00 +5,-10 deg",True,0.005091105389167312,0.0,0.005470667093143369
0.4,1.2,0.01,30,"demo_00 +5,-5 deg",True,0.00157700213040988,0.0,0.005465943968238788
0.4,1.2,0.01,31,"demo_00 +5,+0 deg",True,0.001815032398359785,2.6248243063943075,0.004668091281875242
0.4,1.2,0.01,32,"demo_00 +5,+5 deg",True,0.004742799742352535,2.5690044133937024,0.004672997203621892
0.4,1.2,0.01,33,"demo_00 +5,+10 deg",True,0.007469969400809586,2.5278207059345217,0.004686365246782846
0.4,1.2,0.01,34,"demo_00 +5,+15 deg",True,0.010056611421368955,2.4423631341556025,0.004690491991221372
0.4,1.2,0.01,35,"demo_00 +10,-15 deg",True,0.006617004526228537,0.0,0.005400384414080497
0.4,1.2,0.01,36,"demo_00 +10,-10 deg",True,0.0029735758661764322,0.0,0.005468669960216293
0.4,1.2,0.01,37,"demo_00 +10,-5 deg",True,0.0010543574863767747,0.0,0.005470289458749334
0.4,1.2,0.01,38,"demo_00 +10,+0 deg",True,0.0037084430707749684,2.5948161308280855,0.004665206177571409
0.4,1.2,0.01,39,"demo_00 +10,+5 deg",True,0.006388378578078238,2.474555229439552,0.004676601724896779
0.4,1.2,0.01,40,"demo_00 +10,+10 deg",True,0.00882766819275336,2.4457875252781873,0.004686475719430798
0.4,1.2,0.01,41,"demo_00 +10,+15 deg",True,0.011089797026541736,2.375756844732897,0.004691297776195641
0.4,1.2,0.01,42,"demo_00 +15,-15 deg",True,0.004131541523537066,0.0,0.005459087886132005
0.4,1.2,0.01,43,"demo_00 +15,-10 deg",True,0.0011949308217844984,0.00047439892514902077,0.0054647537314980715
0.4,1.2,0.01,44,"demo_00 +15,-5 deg",True,0.0030158752138479414,0.0,0.005470929945808066
0.4,1.2,0.01,45,"demo_00 +15,+0 deg",True,0.005751867360128726,2.5223037513713606,0.0046702022246813265
0.4,1.2,0.01,46,"demo_00 +15,+5 deg",True,0.008205357964255582,2.4785242158009564,0.004681335571102406
0.4,1.2,0.01,47,"demo_00 +15,+10 deg",True,0.010363071462151,2.352141241937757,0.0046906243313657075
0.4,1.2,0.01,48,"demo_00 +15,+15 deg",True,0.012293492709112846,2.332415115930356,0.004692189872083357
0.4,1.2,0.02,0,"demo_00 -15,-15 deg",True,0.014928947870173927,0.0,0.005573190148563319
0.4,1.2,0.02,1,"demo_00 -15,-10 deg",True,0.010806955155556297,0.0,0.005676067819058587
0.4,1.2,0.02,2,"demo_00 -15,-5 deg",True,0.007199268437120567,0.0,0.005700419061764951
0.4,1.2,0.02,3,"demo_00 -15,+0 deg",True,0.004010753315006826,0.0,0.005701910859349665
0.4,1.2,0.02,4,"demo_00 -15,+5 deg",True,0.0013626192667066889,2.3572982835447633,0.0057030457300018735
0.4,1.2,0.02,5,"demo_00 -15,+10 deg",True,0.00265103833456673,2.4908372680074677,0.005704955654809461
0.4,1.2,0.02,6,"demo_00 -15,+15 deg",True,0.005982805946805965,2.3079978652358433,0.005708604293996418
0.4,1.2,0.02,7,"demo_00 -10,-15 deg",True,0.013484145162716796,0.0,0.0056314642632969165
0.4,1.2,0.02,8,"demo_00 -10,-10 deg",True,0.009406104823551373,0.0,0.0056970024158758585
0.4,1.2,0.02,9,"demo_00 -10,-5 deg",True,0.005836697131419657,0.0,0.005701164864812968
0.4,1.2,0.02,10,"demo_00 -10,+0 deg",True,0.0027063819296186346,0.0,0.005702637488481881
0.4,1.2,0.02,11,"demo_00 -10,+5 deg",True,0.0009992369758609395,2.5418460041332454,0.005705769045994027
0.4,1.2,0.02,12,"demo_00 -10,+10 deg",True,0.0036421067955484617,2.346274882893503,0.005701829447797856
0.4,1.2,0.02,13,"demo_00 -10,+15 deg",True,0.0069612606991171205,2.4488986515035114,0.005708544281078319
0.4,1.2,0.02,14,"demo_00 -5,-15 deg",True,0.011930939363092525,0.0,0.005665437859103677
0.4,1.2,0.02,15,"demo_00 -5,-10 deg",True,0.007925569315082188,0.0,0.005700114095943406
0.4,1.2,0.02,16,"demo_00 -5,-5 deg",True,0.0044270455101513215,0.0,0.005703860627991955
0.4,1.2,0.02,17,"demo_00 -5,+0 deg",True,0.0013822046890194556,0.0,0.005703346482663524
0.4,1.2,0.02,18,"demo_00 -5,+5 deg",True,0.0016849188187112911,2.405436980235919,0.00569825686236449
0.4,1.2,0.02,19,"demo_00 -5,+10 deg",False,0.004556673737658234,2.470489559723824,0.004995004150056705
0.4,1.2,0.02,20,"demo_00 -5,+15 deg",True,0.0077528851922666255,2.4869533851800156,0.005708325363419593
0.4,1.2,0.02,21,"demo_00 +0,-15 deg",True,0.010230198324176083,0.0,0.005687378740948887
0.4,1.2,0.02,22,"demo_00 +0,-10 deg",True,0.006325862058620278,0.0,0.005701675753901859
0.4,1.2,0.02,23,"demo_00 +0,-5 deg",True,0.0029348672111659323,0.0,0.00570415372942438
0.4,1.2,0.02,24,demo_00,True,2.8669181776272416e-05,0.0046610567096854825,0.005704543792880567
0.4,1.2,0.02,25,"demo_00 +0,+5 deg",True,0.0027373919730839654,2.636154177394608,0.005699527582316088
0.4,1.2,0.02,26,"demo_00 +0,+10 deg",True,0.005440082541958738,2.551316196830175,0.005703355492650945
0.4,1.2,0.02,27,"demo_00 +0,+15 deg",True,0.008412676161331328,2.4690673256530093,0.005702788579144878
0.4,1.2,0.02,28,"demo_00 +5,-15 deg",True,0.008349578073610555,0.0,0.005699513320323125
0.4,1.2,0.02,29,"demo_00 +5,-10 deg",True,0.0045860213048568915,0.0,0.005702723596650187
0.4,1.2,0.02,30,"demo_00 +5,-5 deg",True,0.0014286966409514867,0.0,0.005705122371884267
0.4,1.2,0.02,31,"demo_00 +5,+0 deg",True,0.001580518386154096,2.5814458377485936,0.0056963669946691895
0.4,1.2,0.02,32,"demo_00 +5,+5 deg",False,0.003979251595281873,2.4868532985294327,0.0049816297654028405
0.4,1.2,0.02,33,"demo_00 +5,+10 deg",True,0.006372279558872534,2.5209932710536895,0.0057029498996919266
0.4,1.2,0.02,34,"demo_00 +5,+15 deg",True,0.00901613724177138,2.42932714652665,0.005704070802033313
0.4,1.2,0.02,35,"demo_00 +10,-15 deg",True,0.006267589810782217,0.0,0.005703477235289631
0.4,1.2,0.02,36,"demo_00 +10,-10 deg",True,0.002753629575959723,0.0,0.005703219847678669
0.4,1.2,0.02,37,"demo_00 +10,-5 deg",True,0.0012523072316833882,0.0,0.0057026061401977
0.4,1.2,0.02,38,"demo_00 +10,+0 deg",True,0.0033248151942788405,2.573665540635836,0.00569773213820252
0.4,1.2,0.02,39,"demo_00 +10,+5 deg",True,0.005430124468994678,2.311112324469837,0.00569904317681125
0.4,1.2,0.02,40,"demo_00 +10,+10 deg",True,0.007443419165560804,2.475256786565664,0.005705097785386771
0.4,1.2,0.02,41,"demo_00 +10,+15 deg",False,0.009657543793055931,2.4152141157022147,0.005053687150638705
0.4,1.2,0.02,42,"demo_00 +15,-15 deg",True,0.003994003493813844,0.0,0.005705196482957738
0.4,1.2,0.02,43,"demo_00 +15,-10 deg",True,0.0014792450835584804,0.0,0.005702753090835834
0.4,1.2,0.02,44,"demo_00 +15,-5 deg",True,0.003106367554342911,0.0,0.005704573967084231
0.4,1.2,0.02,45,"demo_00 +15,+0 deg",True,0.005298287832031118,2.3268236976370402,0.005697545171442427
0.4,1.2,0.02,46,"demo_00 +15,+5 deg",True,0.0071282904310435,2.30004549800774,0.005703987712166467
0.4,1.2,0.02,47,"demo_00 +15,+10 deg",True,0.00873701000567665,2.4108566451595577,0.005703332600844908
0.4,1.2,0.02,48,"demo_00 +15,+15 deg",False,0.01044307355220209,2.2058591471727658,0.005018095312840243
0.4,1.2,0.03,0,"demo_00 -15,-15 deg",True,0.019748130110573175,0.0,0.005830291045725362
0.4,1.2,0.03,1,"demo_00 -15,-10 deg",True,0.013450664892215214,0.0,0.005826396467719744
0.4,1.2,0.03,2,"demo_00 -15,-5 deg",True,0.008432408126867593,0.0,0.005827730693939698
0.4,1.2,0.03,3,"demo_00 -15,+0 deg",True,0.004446523723725875,0.0,0.00582937898733613
0.4,1.2,0.03,4,"demo_00 -15,+5 deg",False,0.0015180189570634865,2.497170462201069,nan
0.4,1.2,0.03,5,"demo_00 -15,+10 deg",False,0.0037113869161127795,2.497996253186523,nan
0.4,1.2,0.03,6,"demo_00 -15,+15 deg",False,0.008408135087324586,2.4344638161281233,nan
0.4,1.2,0.03,7,"demo_00 -10,-15 deg",True,0.016931010440675853,0.0,0.005828296504650098
0.4,1.2,0.03,8,"demo_00 -10,-10 deg",True,0.011116505271010433,0.0,0.005827019346422286
0.4,1.2,0.03,9,"demo_00 -10,-5 deg",True,0.006512946876581921,0.0,0.005827349222622188
0.4,1.2,0.03,10,"demo_00 -10,+0 deg",True,0.0028672577820879432,0.0,0.005829894365746178
0.4,1.2,0.03,11,"demo_00 -10,+5 deg",False,0.0012884959974082896,2.5713159396523366,nan
0.4,1.2,0.03,12,"demo_00 -10,+10 deg",False,0.004723197981805605,2.552294080525765,nan
0.4,1.2,0.03,13,"demo_00 -10,+15 deg",False,0.00948996511623427,2.4901820843842386,nan
0.4,1.2,0.03,14,"demo_00 -5,-15 deg",True,0.014234173707089832,0.0,0.005828543350997517
0.4,1.2,0.03,15,"demo_00 -5,-10 deg",True,0.008893843724487852,0.0,0.0058277242080506594
0.4,1.2,0.03,16,"demo_00 -5,-5 deg",True,0.004701823734223523,0.0,0.005826980643771611
0.4,1.2,0.03,17,"demo_00 -5,+0 deg",True,0.0013888359352645149,0.0,0.0058280228278804955
0.4,1.2,0.03,18,"demo_00 -5,+5 deg",False,0.0020047861187791616,2.637956723643794,nan
0.4,1.2,0.03,19,"demo_00 -5,+10 deg",False,0.005655784273668763,2.433802007715839,nan
0.4,1.2,0.03,20,"demo_00 -5,+15 deg",False,0.01042597987349307,2.491931828501516,nan
0.4,1.2,0.03,21,"demo_00 +0,-15 deg",True,0.011621439653596438,0.0,0.005828624264089918
0.4,1.2,0.03,22,"demo_00 +0,-10 deg",True,0.006755920831384602,0.0,0.005828995011786098
0.4,1.2,0.03,23,"demo_00 +0,-5 deg",True,0.002989963914990851,0.0,0.0058274555952099695
0.4,1.2,0.03,24,demo_00,True,2.7170771279156403e-05,0.004205176496570186,0.005827683327381222
0.4,1.2,0.03,25,"demo_00 +0,+5 deg",False,0.0029314087540143097,2.6357020081686593,nan
0.4,1.2,0.03,26,"demo_00 +0,+10 deg",False,0.006476876629822761,2.5293579349244313,nan
0.4,1.2,0.03,27,"demo_00 +0,+15 deg",False,0.011205247267531348,2.4181378780182974,nan
0.4,1.2,0.03,28,"demo_00 +5,-15 deg",True,0.009060216374111637,0.0,0.005826565271199041
0.4,1.2,0.03,29,"demo_00 +5,-10 deg",True,0.004692569759036177,0.0,0.005828562213578161
0.4,1.2,0.03,30,"demo_00 +5,-5 deg",True,0.0014766265631627842,0.0,0.005829257159892061
0.4,1.2,0.03,31,"demo_00 +5,+0 deg",False,0.0013806464629387413,2.640985065188199,nan
0.4,1.2,0.03,32,"demo_00 +5,+5 deg",False,0.003855206497860325,2.58520965438325,nan
0.4,1.2,0.03,33,"demo_00 +5,+10 deg",False,0.007179130816709974,2.4072087317714908,nan
0.4,1.2,0.03,34,"demo_00 +5,+15 deg",False,0.011821205979726475,2.4051255440677584,nan
0.4,1.2,0.03,35,"demo_00 +10,-15 deg",True,0.006527321285507853,0.0,0.005827053530203168
0.4,1.2,0.03,36,"demo_00 +10,-10 deg",True,0.002768980510347444,0.0,0.005827700519199018
0.4,1.2,0.03,37,"demo_00 +10,-5 deg",True,0.0012462483043105396,0.0,0.00582876346044039
0.4,1.2,0.03,38,"demo_00 +10,+0 deg",False,0.002731522707535312,2.600712356139906,nan
0.4,1.2,0.03,39,"demo_00 +10,+5 deg",False,0.0047516971526117445,2.4992202127898313,nan
0.4,1.2,0.03,40,"demo_00 +10,+10 deg",False,0.0077673235453368265,2.3463026339189628,nan
0.4,1.2,0.03,41,"demo_00 +10,+15 deg",False,0.012270969164800128,2.3440329071527044,nan
0.4,1.2,0.03,42,"demo_00 +15,-15 deg",True,0.004034652130392814,0.0,0.005828696032905469
0.4,1.2,0.03,43,"demo_00 +15,-10 deg",True,0.0016086146233974205,0.0,0.005828112173709755
0.4,1.2,0.03,44,"demo_00 +15,-5 deg",True,0.0026852253572771535,0.0,0.00582762178296443
0.4,1.2,0.03,45,"demo_00 +15,+0 deg",False,0.00410015437051722,2.4337303816540494,nan
0.4,1.2,0.03,46,"demo_00 +15,+5 deg",False,0.005635808626458885,2.4538542830528236,nan
0.4,1.2,0.03,47,"demo_00 +15,+10 deg",False,0.008254815111319121,2.4236811863207106,nan
0.4,1.2,0.03,48,"demo_00 +15,+15 deg",False,0.01255532137774401,2.3542352982239345,nan
0.4,1.2,0.05,0,"demo_00 -15,-15 deg",False,0.07939779909435155,0.0,0.006102844665140236
0.4,1.2,0.05,1,"demo_00 -15,-10 deg",True,0.04895048021925834,0.0,0.0060271069754746455
0.4,1.2,0.05,2,"demo_00 -15,-5 deg",True,0.0255573680815395,0.0,0.006024431115979454
0.4,1.2,0.05,3,"demo_00 -15,+0 deg",True,0.00943381829265484,0.0,0.006024285124073993
0.4,1.2,0.05,4,"demo_00 -15,+5 deg",False,0.0026906978187285716,2.3653266472444066,nan
0.4,1.2,0.05,5,"demo_00 -15,+10 deg",False,0.004940230713876331,2.4197251711159655,nan
0.4,1.2,0.05,6,"demo_00 -15,+15 deg",False,0.0036820499692021068,2.1956023882457054,nan
0.4,1.2,0.05,7,"demo_00 -10,-15 deg",False,0.06319087185357189,0.0,0.006608718306011552
0.4,1.2,0.05,8,"demo_00 -10,-10 deg",True,0.03675168865415193,0.0,0.006032705954806715
0.4,1.2,0.05,9,"demo_00 -10,-5 deg",True,0.01726547018963065,0.0,0.0060253291557856815
0.4,1.2,0.05,10,"demo_00 -10,+0 deg",True,0.004797714948564328,0.0,0.0060242354434480285
0.4,1.2,0.05,11,"demo_00 -10,+5 deg",False,0.002107482910727926,2.514603298294764,nan
0.4,1.2,0.05,12,"demo_00 -10,+10 deg",False,0.003533937874427993,2.0052293687026874,nan
0.4,1.2,0.05,13,"demo_00 -10,+15 deg",False,0.005092190570121372,1.5117603942639322,nan
0.4,1.2,0.05,14,"demo_00 -5,-15 deg",False,0.04831929336979021,0.0,0.006117299233807819
0.4,1.2,0.05,15,"demo_00 -5,-10 deg",True,0.02595414885562805,0.0,0.00603105184734761
0.4,1.2,0.05,16,"demo_00 -5,-5 deg",True,0.010430586583149522,0.0,0.006025055566036398
0.4,1.2,0.05,17,"demo_00 -5,+0 deg",True,0.0016214634128203097,0.0,0.006024164992685868
0.4,1.2,0.05,18,"demo_00 -5,+5 deg",False,0.002065104954160987,1.870813577097973,nan
0.4,1.2,0.05,19,"demo_00 -5,+10 deg",False,0.00503192983866683,2.3497161567718647,nan
0.4,1.2,0.05,20,"demo_00 -5,+15 deg",False,0.011481943339790388,1.9559001216423084,nan
0.4,1.2,0.05,21,"demo_00 +0,-15 deg",True,0.03498700245475658,0.0,0.00602873410597778
0.4,1.2,0.05,22,"demo_00 +0,-10 deg",True,0.016740648772407052,0.0,0.006022128471047348
0.4,1.2,0.05,23,"demo_00 +0,-5 deg",True,0.0052144788375817555,0.0,0.0060242635682014834
0.4,1.2,0.05,24,demo_00,False,0.00011801732338834096,2.423352744516999,nan
0.4,1.2,0.05,25,"demo_00 +0,+5 deg",False,0.003119051507098643,1.3046170257515657,nan
0.4,1.2,0.05,26,"demo_00 +0,+10 deg",False,0.009691801801443398,2.480748280957421,nan
0.4,1.2,0.05,27,"demo_00 +0,+15 deg",False,0.019598447622685162,2.356115180729469,nan
0.4,1.2,0.05,28,"demo_00 +5,-15 deg",True,0.023412320557462087,0.0,0.006030948459553367
0.4,1.2,0.05,29,"demo_00 +5,-10 deg",True,0.009327820981437493,0.0,0.0060244105967523776
0.4,1.2,0.05,30,"demo_00 +5,-5 deg",True,0.0018981264721149287,0.0,0.006024232864557296
0.4,1.2,0.05,31,"demo_00 +5,+0 deg",False,0.000987698032262238,1.8814314786039974,nan
0.4,1.2,0.05,32,"demo_00 +5,+5 deg",False,0.006350600268536,1.9007330721667652,nan
0.4,1.2,0.05,33,"demo_00 +5,+10 deg",False,0.01631377636135574,1.9401389621346128,nan
0.4,1.2,0.05,34,"demo_00 +5,+15 deg",False,0.029156053747881806,1.157944493344032,nan
0.4,1.2,0.05,35,"demo_00 +10,-15 deg",True,0.013831651934933808,0.0,0.006029210761118953
0.4,1.2,0.05,36,"demo_00 +10,-10 deg",True,0.0040310338871012335,0.0,0.006025038523780693
0.4,1.2,0.05,37,"demo_00 +10,-5 deg",True,0.0009510575101373485,0.0,0.006024475689752231
0.4,1.2,0.05,38,"demo_00 +10,+0 deg",False,0.0028836669504292097,1.8302667744006476,nan
0.4,1.2,0.05,39,"demo_00 +10,+5 deg",False,0.0116005166106225,1.7427934104144287,nan
0.4,1.2,0.05,40,"demo_00 +10,+10 deg",False,0.024659542793879004,2.0451245187319427,nan
0.4,1.2,0.05,41,"demo_00 +10,+15 deg",False,0.04015037568529856,2.3812026629186196,nan
0.4,1.2,0.05,42,"demo_00 +15,-15 deg",True,0.006524722885196594,0.0,0.00602656847138916
0.4,1.2,0.05,43,"demo_00 +15,-10 deg",True,0.0016602472583195573,0.0,0.006025054507092742
0.4,1.2,0.05,44,"demo_00 +15,-5 deg",True,0.0005218332597750687,0.0,0.006024287094267721
0.4,1.2,0.05,45,"demo_00 +15,+0 deg",False,0.006834061678249978,2.376999164093225,nan
0.4,1.2,0.05,46,"demo_00 +15,+5 deg",False,0.018808028798048198,1.3671760840942462,nan
0.4,1.2,0.05,47,"demo_00 +15,+10 deg",False,0.03473805499338737,1.8997637416484783,nan
0.4,1.2,0.05,48,"demo_00 +15,+15 deg",False,0.05261381363265699,1.3302944246951276,nan
0.4,1.2,0.1,0,"demo_00 -15,-15 deg",False,0.4950285664759068,2.2343610691624805,nan
0.4,1.2,0.1,1,"demo_00 -15,-10 deg",False,0.3182096697355769,2.374918936237678,nan
0.4,1.2,0.1,2,"demo_00 -15,-5 deg",False,0.17380008688402615,2.3552006431991392,nan
0.4,1.2,0.1,3,"demo_00 -15,+0 deg",False,0.08252574030536054,2.216990830433135,nan
0.4,1.2,0.1,4,"demo_00 -15,+5 deg",False,0.038840424945564105,2.5091467944545647,nan
0.4,1.2,0.1,5,"demo_00 -15,+10 deg",False,0.015150978886560357,2.419124143356469,nan
0.4,1.2,0.1,6,"demo_00 -15,+15 deg",False,0.09003591293481017,1.8008942988872056,nan
0.4,1.2,0.1,7,"demo_00 -10,-15 deg",False,0.4071118396364741,1.989657944464206,nan
0.4,1.2,0.1,8,"demo_00 -10,-10 deg",False,0.23957454670927142,1.8177523472544883,nan
0.4,1.2,0.1,9,"demo_00 -10,-5 deg",False,0.10881690186536988,1.8705192613940975,nan
0.4,1.2,0.1,10,"demo_00 -10,+0 deg",False,0.033968446149732864,2.25730409826688,nan
0.4,1.2,0.1,11,"demo_00 -10,+5 deg",False,0.008606308377449174,2.036938052595149,nan
0.4,1.2,0.1,12,"demo_00 -10,+10 deg",False,0.03889954522478859,1.9366302985317954,nan
0.4,1.2,0.1,13,"demo_00 -10,+15 deg",False,0.11993111279915653,2.2526119798429365,nan
0.4,1.2,0.1,14,"demo_00 -5,-15 deg",False,0.3195381560289539,1.3777612014808795,nan
0.4,1.2,0.1,15,"demo_00 -5,-10 deg",False,0.16917796361857845,2.5281632801627003,nan
0.4,1.2,0.1,16,"demo_00 -5,-5 deg",False,0.05991680070864527,1.952981704380047,nan
0.4,1.2,0.1,17,"demo_00 -5,+0 deg",False,0.007115952212232905,2.5615215592056826,nan
0.4,1.2,0.1,18,"demo_00 -5,+5 deg",False,0.01062745781501287,2.142990507895399,nan
0.4,1.2,0.1,19,"demo_00 -5,+10 deg",False,0.06689697232680511,2.4516873737748552,nan
0.4,1.2,0.1,20,"demo_00 -5,+15 deg",False,0.15434465744978595,1.8474922315385478,nan
0.4,1.2,0.1,21,"demo_00 +0,-15 deg",False,0.23437920184626318,1.17765634717761,nan
0.4,1.2,0.1,22,"demo_00 +0,-10 deg",False,0.10736366199717567,2.226782773216929,nan
0.4,1.2,0.1,23,"demo_00 +0,-5 deg",True,0.025491871664700537,0.0,0.006237802622481731
0.4,1.2,0.1,24,demo_00,True,0.0001253402530733013,0.003886315139468842,0.0062793244998876705
0.4,1.2,0.1,25,"demo_00 +0,+5 deg",False,0.03154915847129955,2.6405062066366183,nan
0.4,1.2,0.1,26,"demo_00 +0,+10 deg",False,0.10582549336071517,2.5473960836153147,nan
0.4,1.2,0.1,27,"demo_00 +0,+15 deg",False,0.19908340850711853,1.8386014366495733,nan
0.4,1.2,0.1,28,"demo_00 +5,-15 deg",False,0.15531224869948762,1.2811088910409167,nan
0.4,1.2,0.1,29,"demo_00 +5,-10 deg",False,0.05610773451400595,0.0,0.006645638281565424
0.4,1.2,0.1,30,"demo_00 +5,-5 deg",True,0.004913725046855928,0.0,0.00629418698125994
0.4,1.2,0.1,31,"demo_00 +5,+0 deg",False,0.011343983298284599,1.999293944518936,nan
0.4,1.2,0.1,32,"demo_00 +5,+5 deg",False,0.06821543218028582,1.933130805360995,nan
0.4,1.2,0.1,33,"demo_00 +5,+10 deg",False,0.15923352863192902,2.4745644607081863,nan
0.4,1.2,0.1,34,"demo_00 +5,+15 deg",False,0.2553643925342736,2.082068297800589,nan
0.4,1.2,0.1,35,"demo_00 +10,-15 deg",False,0.08706438403131103,2.612566045419136,nan
0.4,1.2,0.1,36,"demo_00 +10,-10 deg",False,0.01842346742316494,0.0,0.006554325149128413
0.4,1.2,0.1,37,"demo_00 +10,-5 deg",True,0.007459473652994705,0.0,0.006244197348197538
0.4,1.2,0.1,38,"demo_00 +10,+0 deg",False,0.04038017769358618,2.6028075900066554,nan
0.4,1.2,0.1,39,"demo_00 +10,+5 deg",False,0.1213573102515729,2.512288864650564,nan
0.4,1.2,0.1,40,"demo_00 +10,+10 deg",False,0.2257440947811882,2.0931486482333868,nan
0.4,1.2,0.1,41,"demo_00 +10,+15 deg",False,0.32042240633374874,1.8771820619423736,nan
0.4,1.2,0.1,42,"demo_00 +15,-15 deg",False,0.03482874324592119,0.0,0.007651091749235425
0.4,1.2,0.1,43,"demo_00 +15,-10 deg",True,0.004832130653631998,0.0,0.006333882984397984
0.4,1.2,0.1,44,"demo_00 +15,-5 deg",False,0.023851779223557516,2.3460780548208127,nan
0.4,1.2,0.1,45,"demo_00 +15,+0 deg",False,0.08668405282922828,1.8835736586104188,nan
0.4,1.2,0.1,46,"demo_00 +15,+5 deg",False,0.18898583269739452,2.4719407855360167,nan
0.4,1.2,0.1,47,"demo_00 +15,+10 deg",False,0.3016464646698049,1.782356476335591,nan
0.4,1.2,0.1,48,"demo_00 +15,+15 deg",False,0.3891165968415427,2.0575267577553893,nan
0.4,1.35,0.01,0,"demo_00 -15,-15 deg",True,0.0238485270071075,0.0,0.0049987482148691285
0.4,1.35,0.01,1,"demo_00 -15,-10 deg",True,0.01796030248044297,0.0,0.0050820336607568725
0.4,1.35,0.01,2,"demo_00 -15,-5 deg",False,0.012368923802485715,0.0,0.00542417818612076
0.4,1.35,0.01,3,"demo_00 -15,+0 deg",True,0.007144957808066817,0.0,0.006496250082681917
0.4,1.35,0.01,4,"demo_00 -15,+5 deg",False,0.0027944726379419017,2.487263659539817,nan
0.4,1.35,0.01,5,"demo_00 -15,+10 deg",False,0.003940709953313699,2.4924708137488145,nan
0.4,1.35,0.01,6,"demo_00 -15,+15 deg",False,0.008291819343873167,2.463286184429526,nan
0.4,1.35,0.01,7,"demo_00 -10,-15 deg",True,0.021025824873133373,0.0,0.005039075115559074
0.4,1.35,0.01,8,"demo_00 -10,-10 deg",True,0.015338132941911217,0.0,0.005143425638856704
0.4,1.35,0.01,9,"demo_00 -10,-5 deg",False,0.009956539753387287,0.0,0.006018474226361252
0.4,1.35,0.01,10,"demo_00 -10,+0 deg",True,0.004958100229142518,0.0,0.005884093751419132
0.4,1.35,0.01,11,"demo_00 -10,+5 deg",False,0.001590765379093042,2.585614209694015,nan
0.4,1.35,0.01,12,"demo_00 -10,+10 deg",False,0.005014661863724021,2.546958722432092,nan
0.4,1.35,0.01,13,"demo_00 -10,+15 deg",False,0.009323864753540604,2.480449100315099,nan
0.4,1.35,0.01,14,"demo_00 -5,-15 deg",True,0.01812288133823196,0.0,0.005081608229585393
0.4,1.35,0.01,15,"demo_00 -5,-10 deg",True,0.012642685575366856,0.0,0.005226318730636224
0.4,1.35,0.01,16,"demo_00 -5,-5 deg",True,0.007476944465636905,0.0,0.006469335322874491
0.4,1.35,0.01,17,"demo_00 -5,+0 deg",True,0.0027041375057410126,0.0,0.005868880650860335
0.4,1.35,0.01,18,"demo_00 -5,+5 deg",False,0.0021981494436492336,2.619345413228587,1.422516033314804
0.4,1.35,0.01,19,"demo_00 -5,+10 deg",False,0.006367243266231463,2.5717539513509102,nan
0.4,1.35,0.01,20,"demo_00 -5,+15 deg",False,0.010436496611689295,2.502751485892898,0.8805581492238851
0.4,1.35,0.01,21,"demo_00 +0,-15 deg",True,0.015134342479619966,0.0,0.005134706401680154
0.4,1.35,0.01,22,"demo_00 +0,-10 deg",False,0.009870044934394443,0.0,0.0056812628431188875
0.4,1.35,0.01,23,"demo_00 +0,-5 deg",True,0.004930000311887625,0.0,0.00596151336613431
0.4,1.35,0.01,24,demo_00,True,0.0003869048488462221,0.0037148961749198174,0.005874694745011959
0.4,1.35,0.01,25,"demo_00 +0,+5 deg",False,0.003944422088085738,2.616668712995156,0.48355236578924077
0.4,1.35,0.01,26,"demo_00 +0,+10 deg",False,0.007906878329296867,2.565315121996245,0.4585135356722588
0.4,1.35,0.01,27,"demo_00 +0,+15 deg",False,0.011640491289220444,2.494013491311961,nan
0.4,1.35,0.01,28,"demo_00 +5,-15 deg",True,0.012056362482247378,0.0,0.005208908786483101
0.4,1.35,0.01,29,"demo_00 +5,-10 deg",True,0.007021954707619153,0.0,0.006319757471047249
0.4,1.35,0.01,30,"demo_00 +5,-5 deg",True,0.0023509756522068236,0.0,0.005868112176495456
0.4,1.35,0.01,31,"demo_00 +5,+0 deg",False,0.0020481473459682113,2.650090943639765,nan
0.4,1.35,0.01,32,"demo_00 +5,+5 deg",False,0.0059783038914671864,2.578810937867113,0.8720912736229126
0.4,1.35,0.01,33,"demo_00 +5,+10 deg",False,0.009594875525596841,2.515360017347805,2.6864592098886213
0.4,1.35,0.01,34,"demo_00 +5,+15 deg",False,0.012947567059335455,2.4683369915976163,nan
0.4,1.35,0.01,35,"demo_00 +10,-15 deg",False,0.00888793965583177,0.0,0.005244884922022139
0.4,1.35,0.01,36,"demo_00 +10,-10 deg",True,0.00412344833621808,0.0,0.005985029223990579
0.4,1.35,0.01,37,"demo_00 +10,-5 deg",True,0.0009727650911856858,0.0,0.005872617791621403
0.4,1.35,0.01,38,"demo_00 +10,+0 deg",False,0.004552404936125181,2.5979607090899925,nan
0.4,1.35,0.01,39,"demo_00 +10,+5 deg",False,0.008159546590788184,2.507098316953607,nan
0.4,1.35,0.01,40,"demo_00 +10,+10 deg",False,0.01141586067032665,2.4812461246449535,nan
0.4,1.35,0.01,41,"demo_00 +10,+15 deg",False,0.014368807905392746,2.4130701281947546,nan
0.4,1.35,0.01,42,"demo_00 +15,-15 deg",True,0.005637056648575426,0.0,0.006014620680518953
0.4,1.35,0.01,43,"demo_00 +15,-10 deg",True,0.0014724639426472958,0.001018355885953049,0.0058550677651769975
0.4,1.35,0.01,44,"demo_00 +15,-5 deg",True,0.003478944232522117,0.0,0.0058764635858289905
0.4,1.35,0.01,45,"demo_00 +15,+0 deg",False,0.007153727317025753,2.5431027238848327,nan
0.4,1.35,0.01,46,"demo_00 +15,+5 deg",False,0.010460954082055282,2.4851210687334953,nan
0.4,1.35,0.01,47,"demo_00 +15,+10 deg",False,0.013364316222296562,2.413435672571813,nan
0.4,1.35,0.01,48,"demo_00 +15,+15 deg",False,0.01591378738309552,2.358292934459092,nan
0.4,1.35,0.02,0,"demo_00 -15,-15 deg",True,0.013693468674361428,0.0,0.005829959022693291
0.4,1.35,0.02,1,"demo_00 -15,-10 deg",False,0.010655321270447889,0.0,0.00503420848055305
0.4,1.35,0.02,2,"demo_00 -15,-5 deg",False,0.0075627748663442745,0.0,0.005493403584382202
0.4,1.35,0.02,3,"demo_00 -15,+0 deg",True,0.0044992624205647,0.0,0.006130980182928379
0.4,1.35,0.02,4,"demo_00 -15,+5 deg",False,0.002418434460659994,2.5153562073424562,nan
0.4,1.35,0.02,5,"demo_00 -15,+10 deg",False,0.004688277288213557,2.503122064251589,nan
0.4,1.35,0.02,6,"demo_00 -15,+15 deg",False,0.009193022874258659,2.4644503486811753,nan
0.4,1.35,0.02,7,"demo_00 -10,-15 deg",True,0.013223326479085374,0.0,0.005843614172778304
0.4,1.35,0.02,8,"demo_00 -10,-10 deg",False,0.009963485386298323,0.0,0.005211455242244597
0.4,1.35,0.02,9,"demo_00 -10,-5 deg",True,0.0066596138394816665,0.0,0.005944074204188474
0.4,1.35,0.02,10,"demo_00 -10,+0 deg",True,0.0034172700824626023,0.0,0.006020787992399317
0.4,1.35,0.02,11,"demo_00 -10,+5 deg",False,0.001956756502290919,2.579663750957539,nan
0.4,1.35,0.02,12,"demo_00 -10,+10 deg",False,0.005283748966152777,2.5501710200325935,nan
0.4,1.35,0.02,13,"demo_00 -10,+15 deg",False,0.009946475980504743,2.5002758020219167,nan
0.4,1.35,0.02,14,"demo_00 -5,-15 deg",False,0.012330073088425006,0.0,0.00504547175235497
0.4,1.35,0.02,15,"demo_00 -5,-10 deg",False,0.008876534959119227,0.0,0.005446654940421164
0.4,1.35,0.02,16,"demo_00 -5,-5 deg",True,0.005389716780996953,0.0,0.0061468699531170195
0.4,1.35,0.02,17,"demo_00 -5,+0 deg",True,0.0019859924384128358,0.0,0.006002021602136399
0.4,1.35,0.02,18,"demo_00 -5,+5 deg",False,0.0023008679200489,2.6391159122680286,nan
0.4,1.35,0.02,19,"demo_00 -5,+10 deg",False,0.006270243920215406,2.5739908076816733,nan
0.4,1.35,0.02,20,"demo_00 -5,+15 deg",False,0.010963469497118022,2.512910359099164,nan
0.4,1.35,0.02,21,"demo_00 +0,-15 deg",False,0.011017735696156812,0.0,0.00517445455833298
0.4,1.35,0.02,22,"demo_00 +0,-10 deg",True,0.0074014255432528955,0.0,0.005775364910954413
0.4,1.35,0.02,23,"demo_00 +0,-5 deg",True,0.0037677144808795048,0.0,0.006046868816455978
0.4,1.35,0.02,24,demo_00,False,0.0002637072050348228,2.709881766204153,nan
0.4,1.35,0.02,25,"demo_00 +0,+5 deg",False,0.0036466677847392104,2.639523321492063,nan
0.4,1.35,0.02,26,"demo_00 +0,+10 deg",False,0.007692491477916644,2.564214655183211,nan
0.4,1.35,0.02,27,"demo_00 +0,+15 deg",False,0.012296095954941659,2.502477389883073,nan
0.4,1.35,0.02,28,"demo_00 +5,-15 deg",False,0.009297624766488311,0.0,0.005376800601473461
0.4,1.35,0.02,29,"demo_00 +5,-10 deg",True,0.0055595291386974985,0.0,0.006086382470284424
0.4,1.35,0.02,30,"demo_00 +5,-5 deg",True,0.0018737015360824083,0.0,0.006003760069312087
0.4,1.35,0.02,31,"demo_00 +5,+0 deg",False,0.001927742053448656,2.65084223967455,nan
0.4,1.35,0.02,32,"demo_00 +5,+5 deg",False,0.005599891893721196,2.589946334219724,nan
0.4,1.35,0.02,33,"demo_00 +5,+10 deg",False,0.009529147155177112,2.534496719879904,nan
0.4,1.35,0.02,34,"demo_00 +5,+15 deg",False,0.013964034336420593,2.4710873864428375,nan
0.4,1.35,0.02,35,"demo_00 +10,-15 deg",True,0.007189696571835088,0.0,0.005646055031255058
0.4,1.35,0.02,36,"demo_00 +10,-10 deg",True,0.003413706996313728,0.0,0.006040511315386425
0.4,1.35,0.02,37,"demo_00 +10,-5 deg",True,0.0011545471200418433,0.0,0.006002602229075727
0.4,1.35,0.02,38,"demo_00 +10,+0 deg",False,0.004356680497032754,2.5979843220201464,nan
0.4,1.35,0.02,39,"demo_00 +10,+5 deg",False,0.007953581020078232,2.5372966257587004,nan
0.4,1.35,0.02,40,"demo_00 +10,+10 deg",False,0.011732141109930119,2.479320964906094,nan
0.4,1.35,0.02,41,"demo_00 +10,+15 deg",False,0.015959024262056854,2.4324106334500293,nan
0.4,1.35,0.02,42,"demo_00 +15,-15 deg",True,0.004731617630994591,0.0,0.005942064330632118
0.4,1.35,0.02,43,"demo_00 +15,-10 deg",True,0.0014382812827198651,0.0002605868616140511,0.005991027683666485
0.4,1.35,0.02,44,"demo_00 +15,-5 deg",True,0.0035189145333184802,0.0,0.006006340938840183
0.4,1.35,0.02,45,"demo_00 +15,+0 deg",False,0.007082462835015686,2.5531262144443483,nan
0.4,1.35,0.02,46,"demo_00 +15,+5 deg",False,0.010622120624349638,2.4810821785638604,nan
0.4,1.35,0.02,47,"demo_00 +15,+10 deg",False,0.014249545529137243,2.429491518512187,nan
0.4,1.35,0.02,48,"demo_00 +15,+15 deg",False,0.01825419036863489,2.3807565217052256,nan
0.4,1.35,0.03,0,"demo_00 -15,-15 deg",True,0.017937216976263867,0.0,0.006186931864483261
0.4,1.35,0.03,1,"demo_00 -15,-10 deg",True,0.011541154794688008,0.0,0.006167668287008609
0.4,1.35,0.03,2,"demo_00 -15,-5 deg",True,0.006503807285976289,0.0,0.0061272981825647044
0.4,1.35,0.03,3,"demo_00 -15,+0 deg",True,0.0030235014224080556,0.0,0.006053153895088329
0.4,1.35,0.03,4,"demo_00 -15,+5 deg",False,0.0021473724511926508,2.5149420745418296,nan
0.4,1.35,0.03,5,"demo_00 -15,+10 deg",False,0.005385714079163333,2.4847832093605695,nan
0.4,1.35,0.03,6,"demo_00 -15,+15 deg",False,0.011387526367906717,2.4579712124894484,nan
0.4,1.35,0.03,7,"demo_00 -10,-15 deg",True,0.016241449108139436,0.0,0.006186488795751696
0.4,1.35,0.03,8,"demo_00 -10,-10 deg",True,0.010459530434106709,0.0,0.006153743254522151
0.4,1.35,0.03,9,"demo_00 -10,-5 deg",True,0.005897912643180738,0.0,0.006093521425593329
0.4,1.35,0.03,10,"demo_00 -10,+0 deg",True,0.0025521289364374435,0.0,0.006046160215086358
0.4,1.35,0.03,11,"demo_00 -10,+5 deg",False,0.0020310048168644085,2.5848001378466483,nan
0.4,1.35,0.03,12,"demo_00 -10,+10 deg",False,0.00625399899428415,2.552000677608745,nan
0.4,1.35,0.03,13,"demo_00 -10,+15 deg",False,0.01314075448077167,2.500505688426603,nan
0.4,1.35,0.03,14,"demo_00 -5,-15 deg",True,0.014501446756648053,0.0,0.006184539752983233
0.4,1.35,0.03,15,"demo_00 -5,-10 deg",True,0.00923770436698161,0.0,0.006149403976182831
0.4,1.35,0.03,16,"demo_00 -5,-5 deg",True,0.005006739195932777,0.0,0.006074074579786404
0.4,1.35,0.03,17,"demo_00 -5,+0 deg",True,0.0016259350360115618,0.0,0.0060441715767711925
0.4,1.35,0.03,18,"demo_00 -5,+5 deg",False,0.0026148741203529794,2.641989633160993,nan
0.4,1.35,0.03,19,"demo_00 -5,+10 deg",False,0.007845516708536254,2.5660085240616928,nan
0.4,1.35,0.03,20,"demo_00 -5,+15 deg",False,0.015610623998085639,2.509342397455608,nan
0.4,1.35,0.03,21,"demo_00 +0,-15 deg",True,0.01256038706787473,0.0,0.0061736772355142034
0.4,1.35,0.03,22,"demo_00 +0,-10 deg",True,0.007700925340345628,0.0,0.006143757881448542
0.4,1.35,0.03,23,"demo_00 +0,-5 deg",True,0.0036586875535858923,0.0,0.006048747577361745
0.4,1.35,0.03,24,demo_00,False,0.0001763815414915581,2.708233266321897,nan
0.4,1.35,0.03,25,"demo_00 +0,+5 deg",False,0.0042540449095439985,2.638844450078706,nan
0.4,1.35,0.03,26,"demo_00 +0,+10 deg",False,0.010266805674367684,2.570921128968406,nan
0.4,1.35,0.03,27,"demo_00 +0,+15 deg",False,0.018885985336780427,2.5038951741484006,nan
0.4,1.35,0.03,28,"demo_00 +5,-15 deg",True,0.010326407650650002,0.0,0.006158724325821047
0.4,1.35,0.03,29,"demo_00 +5,-10 deg",True,0.005772737868197261,0.0,0.006102420921616714
0.4,1.35,0.03,30,"demo_00 +5,-5 deg",True,0.0018642235487927022,0.0,0.006045577279981945
0.4,1.35,0.03,31,"demo_00 +5,+0 deg",False,0.002134469073837676,2.6507490465759616,nan
0.4,1.35,0.03,32,"demo_00 +5,+5 deg",False,0.006834417664002081,2.5915484685058345,nan
0.4,1.35,0.03,33,"demo_00 +5,+10 deg",False,0.013548001494778843,2.51188974450809,nan
0.4,1.35,0.03,34,"demo_00 +5,+15 deg",False,0.02302192995866255,2.4508713512492553,nan
0.4,1.35,0.03,35,"demo_00 +10,-15 deg",True,0.007769246026101575,0.0,0.006125697882626678
0.4,1.35,0.03,36,"demo_00 +10,-10 deg",True,0.0034817982884635884,0.0,0.006052882065505518
0.4,1.35,0.03,37,"demo_00 +10,-5 deg",True,0.001248929864689802,0.0,0.006044801813867686
0.4,1.35,0.03,38,"demo_00 +10,+0 deg",False,0.004954745955656655,2.5791569697066574,nan
0.4,1.35,0.03,39,"demo_00 +10,+5 deg",False,0.010205762305741703,2.516545070303327,nan
0.4,1.35,0.03,40,"demo_00 +10,+10 deg",False,0.01766532436585626,2.4816118541068404,nan
0.4,1.35,0.03,41,"demo_00 +10,+15 deg",False,0.02803783806050857,2.416397943494241,nan
0.4,1.35,0.03,42,"demo_00 +15,-15 deg",True,0.00491648243218053,0.0,0.006064278315140468
0.4,1.35,0.03,43,"demo_00 +15,-10 deg",True,0.0013730063938854988,0.0,0.006042351432916973
0.4,1.35,0.03,44,"demo_00 +15,-5 deg",True,0.0038962667559255012,0.0,0.006044477391329992
0.4,1.35,0.03,45,"demo_00 +15,+0 deg",False,0.008353710651716553,2.547735499760441,nan
0.4,1.35,0.03,46,"demo_00 +15,+5 deg",False,0.014276752216585128,2.4865769827752278,nan
0.4,1.35,0.03,47,"demo_00 +15,+10 deg",False,0.022577992825786132,2.426276667349821,nan
0.4,1.35,0.03,48,"demo_00 +15,+15 deg",False,0.033931398046942375,2.3570743786543282,nan
0.4,1.35,0.05,0,"demo_00 -15,-15 deg",False,0.08865540735405471,2.3028471798858794,nan
0.4,1.35,0.05,1,"demo_00 -15,-10 deg",True,0.05539613798229693,0.0,0.006056805804762948
0.4,1.35,0.05,2,"demo_00 -15,-5 deg",False,0.029079603472265923,2.453164945825313,nan
0.4,1.35,0.05,3,"demo_00 -15,+0 deg",False,0.014217153139793761,2.458961760230452,nan
0.4,1.35,0.05,4,"demo_00 -15,+5 deg",False,0.01090564738386616,2.476030608139043,nan
0.4,1.35,0.05,5,"demo_00 -15,+10 deg",False,0.010172964480250726,2.463374834392836,nan
0.4,1.35,0.05,6,"demo_00 -15,+15 deg",False,0.02277276296817855,2.4207693380786663,nan
0.4,1.35,0.05,7,"demo_00 -10,-15 deg",False,0.07284040165104903,0.0,0.008175001919348572
0.4,1.35,0.05,8,"demo_00 -10,-10 deg",True,0.04309810995266947,0.0,0.006165478241546423
0.4,1.35,0.05,9,"demo_00 -10,-5 deg",True,0.01966491843314943,0.0,0.006017040705406405
0.4,1.35,0.05,10,"demo_00 -10,+0 deg",False,0.006134153581674605,2.5505492654942596,nan
0.4,1.35,0.05,11,"demo_00 -10,+5 deg",False,0.004373582838953588,2.548803566603778,nan
0.4,1.35,0.05,12,"demo_00 -10,+10 deg",False,0.009715223835633493,2.5177615119638816,nan
0.4,1.35,0.05,13,"demo_00 -10,+15 deg",False,0.028617692177011572,2.458807566570681,nan
0.4,1.35,0.05,14,"demo_00 -5,-15 deg",False,0.05835309959470269,0.0,0.007275560195532276
0.4,1.35,0.05,15,"demo_00 -5,-10 deg",False,0.03257536975844662,0.0,0.006433944712035089
0.4,1.35,0.05,16,"demo_00 -5,-5 deg",False,0.012959037817769869,0.0,0.00615213705152328
0.4,1.35,0.05,17,"demo_00 -5,+0 deg",True,0.0020835064281142825,0.0,0.006054457048218995
0.4,1.35,0.05,18,"demo_00 -5,+5 deg",False,0.0029100776118917357,2.602561767672142,nan
0.4,1.35,0.05,19,"demo_00 -5,+10 deg",False,0.014157432650226176,2.54682363060859,nan
0.4,1.35,0.05,20,"demo_00 -5,+15 deg",False,0.03645750658034602,2.4735406072119352,nan
0.4,1.35,0.05,21,"demo_00 +0,-15 deg",False,0.044728385122963794,0.0,0.009831393094907794
0.4,1.35,0.05,22,"demo_00 +0,-10 deg",False,0.02306002531854395,0.0,0.006383180136571199
0.4,1.35,0.05,23,"demo_00 +0,-5 deg",True,0.007589241807926778,0.0,0.006018791122910808
0.4,1.35,0.05,24,demo_00,False,0.00014018082593399042,2.6607630322208924,nan
0.4,1.35,0.05,25,"demo_00 +0,+5 deg",False,0.005507709970731574,2.5968842226522995,nan
0.4,1.35,0.05,26,"demo_00 +0,+10 deg",False,0.020638390108414274,2.527953686118296,nan
0.4,1.35,0.05,27,"demo_00 +0,+15 deg",False,0.04609517207045457,2.469308387006862,nan
0.4,1.35,0.05,28,"demo_00 +5,-15 deg",False,0.03181433642306848,0.0,0.008752423521998742
0.4,1.35,0.05,29,"demo_00 +5,-10 deg",False,0.014172346036153331,0.0,0.006279465349998465
0.4,1.35,0.05,30,"demo_00 +5,-5 deg",True,0.0026043790377378935,0.0,0.006063749105840243
0.4,1.35,0.05,31,"demo_00 +5,+0 deg",False,0.003195747395212247,2.60198447820837,nan
0.4,1.35,0.05,32,"demo_00 +5,+5 deg",False,0.011126326550792733,2.5486679017071956,nan
0.4,1.35,0.05,33,"demo_00 +5,+10 deg",False,0.029681763358658343,2.494339898202502,nan
0.4,1.35,0.05,34,"demo_00 +5,+15 deg",False,0.05827286118454682,2.4396892301856403,nan
0.4,1.35,0.05,35,"demo_00 +10,-15 deg",False,0.019840870670032672,0.0,0.006584518843557668
0.4,1.35,0.05,36,"demo_00 +10,-10 deg",True,0.006064295597058634,0.0,0.006037266499874145
0.4,1.35,0.05,37,"demo_00 +10,-5 deg",True,0.003064403013221047,0.0,0.006051959154738663
0.4,1.35,0.05,38,"demo_00 +10,+0 deg",False,0.008545324141695372,2.5665457341601816,nan
0.4,1.35,0.05,39,"demo_00 +10,+5 deg",False,0.01982652991358801,2.4974310754690596,nan
0.4,1.35,0.05,40,"demo_00 +10,+10 deg",False,0.04187625729508833,2.4443655606264385,nan
0.4,1.35,0.05,41,"demo_00 +10,+15 deg",False,0.0736028785519786,2.397504468127459,nan
0.4,1.35,0.05,42,"demo_00 +15,-15 deg",False,0.009409688883967005,0.0,0.00636151699684088
0.4,1.35,0.05,43,"demo_00 +15,-10 deg",True,0.0018720791619231934,0.0,0.006045990743948436
0.4,1.35,0.05,44,"demo_00 +15,-5 deg",False,0.008187333832695437,2.586562075752007,nan
0.4,1.35,0.05,45,"demo_00 +15,+0 deg",False,0.01583182719935302,2.5149758120229646,nan
0.4,1.35,0.05,46,"demo_00 +15,+5 deg",False,0.03136868984199021,2.4505982100434203,nan
0.4,1.35,0.05,47,"demo_00 +15,+10 deg",False,0.05732969561279216,2.3958338183432257,nan
0.4,1.35,0.05,48,"demo_00 +15,+15 deg",False,0.0923174178194492,2.3441976943593006,nan
0.4,1.35,0.1,0,"demo_00 -15,-15 deg",False,0.40209801943606643,2.3364790409045635,nan
0.4,1.35,0.1,1,"demo_00 -15,-10 deg",False,0.2919722283108319,2.3703020669912895,nan
0.4,1.35,0.1,2,"demo_00 -15,-5 deg",False,0.2125722680877963,2.4527531510683636,nan
0.4,1.35,0.1,3,"demo_00 -15,+0 deg",False,0.15373395544550372,2.48560099959977,nan
0.4,1.35,0.1,4,"demo_00 -15,+5 deg",False,0.08196954696884348,2.48504239618175,nan
0.4,1.35,0.1,5,"demo_00 -15,+10 deg",False,0.030676854388376862,2.5018502286243747,nan
0.4,1.35,0.1,6,"demo_00 -15,+15 deg",False,0.20569773625305754,2.4464910738269228,nan
0.4,1.35,0.1,7,"demo_00 -10,-15 deg",False,0.3095498962018416,2.379855578946251,nan
0.4,1.35,0.1,8,"demo_00 -10,-10 deg",False,0.19433367026214082,2.4629553027539703,nan
0.4,1.35,0.1,9,"demo_00 -10,-5 deg",False,0.10941657634565333,2.504911303179504,nan
0.4,1.35,0.1,10,"demo_00 -10,+0 deg",False,0.06256348263230166,2.575077840210053,nan
0.4,1.35,0.1,11,"demo_00 -10,+5 deg",False,0.01779454443437447,2.5830045751356887,nan
0.4,1.35,0.1,12,"demo_00 -10,+10 deg",False,0.06189503156512753,2.5232714655571815,nan
0.4,1.35,0.1,13,"demo_00 -10,+15 deg",False,0.19066988833282003,2.4941808769018534,nan
0.4,1.35,0.1,14,"demo_00 -5,-15 deg",False,0.2473957863266649,2.4699423514083647,nan
0.4,1.35,0.1,15,"demo_00 -5,-10 deg",False,0.13637344299196105,2.5206131227997655,nan
0.4,1.35,0.1,16,"demo_00 -5,-5 deg",False,0.0505964275223691,2.6018998417242933,nan
0.4,1.35,0.1,17,"demo_00 -5,+0 deg",False,0.012365543730713349,2.641188889508859,nan
0.4,1.35,0.1,18,"demo_00 -5,+5 deg",False,0.013823542847256856,2.618567748741879,nan
0.4,1.35,0.1,19,"demo_00 -5,+10 deg",False,0.07687642789405855,2.552489043365394,nan
0.4,1.35,0.1,20,"demo_00 -5,+15 deg",False,0.17718616825868694,2.490315843676978,nan
0.4,1.35,0.1,21,"demo_00 +0,-15 deg",False,0.20075885103970598,2.4868449772374244,nan
0.4,1.35,0.1,22,"demo_00 +0,-10 deg",False,0.10149915383554249,2.578024922049221,nan
0.4,1.35,0.1,23,"demo_00 +0,-5 deg",False,0.02749161764650098,2.641299089137931,nan
0.4,1.35,0.1,24,demo_00,True,0.0001801442905597269,0.0047798269947178324,0.005741753039864712
0.4,1.35,0.1,25,"demo_00 +0,+5 deg",False,0.028837678253195678,2.6097415390175622,nan
0.4,1.35,0.1,26,"demo_00 +0,+10 deg",False,0.09984252827863808,2.5592470504502227,nan
0.4,1.35,0.1,27,"demo_00 +0,+15 deg",False,0.19089725433772517,2.502468492135459,nan
0.4,1.35,0.1,28,"demo_00 +5,-15 deg",False,0.1551032361443886,2.5373759253642714,1.1375595721810519
0.4,1.35,0.1,29,"demo_00 +5,-10 deg",False,0.06923883769001599,2.6249529536704843,nan
0.4,1.35,0.1,30,"demo_00 +5,-5 deg",False,0.00898595198605834,2.6982431921981798,nan
0.4,1.35,0.1,31,"demo_00 +5,+0 deg",False,0.020592112540939768,2.6492923710329244,nan
0.4,1.35,0.1,32,"demo_00 +5,+5 deg",False,0.06959684779565216,2.5901559762230044,nan
0.4,1.35,0.1,33,"demo_00 +5,+10 deg",False,0.1592434046367391,2.5114152396308627,nan
0.4,1.35,0.1,34,"demo_00 +5,+15 deg",False,0.25657979902465416,2.469209197379368,1.843859890161664
0.4,1.35,0.1,35,"demo_00 +10,-15 deg",False,0.10376390631752867,2.5853807810880056,nan
0.4,1.35,0.1,36,"demo_00 +10,-10 deg",False,0.03091943672213045,2.656144264544912,nan
0.4,1.35,0.1,37,"demo_00 +10,-5 deg",False,0.023043016138611837,2.6696685462622036,nan
0.4,1.35,0.1,38,"demo_00 +10,+0 deg",False,0.06632410807402811,2.578042365153982,nan
0.4,1.35,0.1,39,"demo_00 +10,+5 deg",False,0.14239525229304434,2.5356263388143265,nan
0.4,1.35,0.1,40,"demo_00 +10,+10 deg",False,0.2564221600022898,2.4512408992176313,nan
0.4,1.35,0.1,41,"demo_00 +10,+15 deg",False,0.3689030076704291,2.431131728602973,nan
0.4,1.35,0.1,42,"demo_00 +15,-15 deg",False,0.05011911895924494,2.6605278431143677,0.7918628270652062
0.4,1.35,0.1,43,"demo_00 +15,-10 deg",False,0.012138417752968285,0.0,0.00903612950679565
0.4,1.35,0.1,44,"demo_00 +15,-5 deg",False,0.062326046142455224,2.5911497387455222,nan
0.4,1.35,0.1,45,"demo_00 +15,+0 deg",False,0.12851448213441743,2.526637694035525,nan
0.4,1.35,0.1,46,"demo_00 +15,+5 deg",False,0.23771114854682535,2.4862460902610866,nan
0.4,1.35,0.1,47,"demo_00 +15,+10 deg",False,0.37999905662663,2.4257160073393758,nan
0.4,1.35,0.1,48,"demo_00 +15,+15 deg",False,0.5095554657277886,2.354849607283186,nan
0.4,1.5,0.01,0,"demo_00 -15,-15 deg",True,0.04040044193806535,0.0,0.004892641833234973
0.4,1.5,0.01,1,"demo_00 -15,-10 deg",True,0.030117743054831333,0.0,0.0049702098912623935
0.4,1.5,0.01,2,"demo_00 -15,-5 deg",True,0.02058190180996613,0.0,0.005078946571773043
0.4,1.5,0.01,3,"demo_00 -15,+0 deg",False,0.011844789998061562,0.0,0.006081068229672256
0.4,1.5,0.01,4,"demo_00 -15,+5 deg",True,0.004102415228413419,0.0,0.005856860610465134
0.4,1.5,0.01,5,"demo_00 -15,+10 deg",False,0.004313546972810166,2.434317386149932,nan
0.4,1.5,0.01,6,"demo_00 -15,+15 deg",False,0.010978245232079721,2.397372872754879,nan
0.4,1.5,0.01,7,"demo_00 -10,-15 deg",True,0.03371254958959248,0.0,0.004910265276666361
0.4,1.5,0.01,8,"demo_00 -10,-10 deg",True,0.024263116051865076,0.0,0.005021937997750198
0.4,1.5,0.01,9,"demo_00 -10,-5 deg",False,0.015538602206225728,0.0,0.004448393892273512
0.4,1.5,0.01,10,"demo_00 -10,+0 deg",True,0.00759239813353426,0.0,0.005864096530921413
0.4,1.5,0.01,11,"demo_00 -10,+5 deg",False,0.0013124416717343807,2.514804852595427,nan
0.4,1.5,0.01,12,"demo_00 -10,+10 deg",False,0.006623648571402638,2.485801717190172,nan
0.4,1.5,0.01,13,"demo_00 -10,+15 deg",False,0.012787805803431704,2.4901344033811146,nan
0.4,1.5,0.01,14,"demo_00 -5,-15 deg",True,0.02739480726688655,0.0,0.004949680105158163
0.4,1.5,0.01,15,"demo_00 -5,-10 deg",True,0.01876410699618318,0.0,0.005074160302892767
0.4,1.5,0.01,16,"demo_00 -5,-5 deg",True,0.010837908866646684,0.0,0.006337082890520612
0.4,1.5,0.01,17,"demo_00 -5,+0 deg",True,0.0036727179768714204,0.0,0.005858384092307875
0.4,1.5,0.01,18,"demo_00 -5,+5 deg",False,0.0029996421354502225,2.5727198389454964,nan
0.4,1.5,0.01,19,"demo_00 -5,+10 deg",False,0.00886555627509439,2.5126379257290727,nan
0.4,1.5,0.01,20,"demo_00 -5,+15 deg",False,0.014348645872916638,2.443575712168525,nan
0.4,1.5,0.01,21,"demo_00 +0,-15 deg",True,0.021451109530891882,0.0,0.004999135671472943
0.4,1.5,0.01,22,"demo_00 +0,-10 deg",False,0.013624269374956716,0.0,0.004659719840748483
0.4,1.5,0.01,23,"demo_00 +0,-5 deg",True,0.006483900305527618,0.0,0.0058537335776514985
0.4,1.5,0.01,24,demo_00,True,0.0002171929366946073,0.0038422218331490964,0.0058579601381265715
0.4,1.5,0.01,25,"demo_00 +0,+5 deg",False,0.005700499834130122,2.570700833846516,nan
0.4,1.5,0.01,26,"demo_00 +0,+10 deg",False,0.010865020741138877,2.503463502667954,nan
0.4,1.5,0.01,27,"demo_00 +0,+15 deg",False,0.015623196256825006,2.4352890520638892,nan
0.4,1.5,0.01,28,"demo_00 +5,-15 deg",False,0.01588212455513112,0.0,0.005002342518895336
0.4,1.5,0.01,29,"demo_00 +5,-10 deg",True,0.008843805872873626,0.0,0.006235082786029144
0.4,1.5,0.01,30,"demo_00 +5,-5 deg",True,0.0024835592086024758,0.0,0.005861784819841368
0.4,1.5,0.01,31,"demo_00 +5,+0 deg",False,0.0031863552498162086,2.581799767537049,nan
0.4,1.5,0.01,32,"demo_00 +5,+5 deg",False,0.00816761312535889,2.522013495559999,nan
0.4,1.5,0.01,33,"demo_00 +5,+10 deg",False,0.012577133522489856,2.4661655971723326,nan
0.4,1.5,0.01,34,"demo_00 +5,+15 deg",False,0.01659403879188334,2.4753522462873954,nan
0.4,1.5,0.01,35,"demo_00 +10,-15 deg",False,0.010684733755388807,0.0,0.005300483403940052
0.4,1.5,0.01,36,"demo_00 +10,-10 deg",True,0.004421142669807344,0.0,0.005852711250035776
0.4,1.5,0.01,37,"demo_00 +10,-5 deg",True,0.0012636899711824696,0.0,0.005861603223083142
0.4,1.5,0.01,38,"demo_00 +10,+0 deg",False,0.006119513392570013,2.5334948625075717,nan
0.4,1.5,0.01,39,"demo_00 +10,+5 deg",False,0.010343081394319203,2.471270224954979,nan
0.4,1.5,0.01,40,"demo_00 +10,+10 deg",False,0.01399459622741583,2.4274933528921614,nan
0.4,1.5,0.01,41,"demo_00 +10,+15 deg",False,0.017259039091259292,2.423223063572059,nan
0.4,1.5,0.01,42,"demo_00 +15,-15 deg",False,0.005851470980700855,0.0,0.0055756975823438295
0.4,1.5,0.01,43,"demo_00 +15,-10 deg",True,0.00048677490689064953,0.0,0.005855549184915251
0.4,1.5,0.01,44,"demo_00 +15,-5 deg",True,0.004588048607880178,0.0,0.005857174080740073
0.4,1.5,0.01,45,"demo_00 +15,+0 deg",False,0.008750885901068454,2.4840302772803744,nan
0.4,1.5,0.01,46,"demo_00 +15,+5 deg",False,0.012234441936257995,2.461929618280416,nan
0.4,1.5,0.01,47,"demo_00 +15,+10 deg",False,0.015131537844125544,2.3610600783376037,nan
0.4,1.5,0.01,48,"demo_00 +15,+15 deg",False,0.017632229298141486,2.381276262120973,nan
0.4,1.5,0.02,0,"demo_00 -15,-15 deg",False,0.035165187667408455,0.0,0.010845238594700468
0.4,1.5,0.02,1,"demo_00 -15,-10 deg",False,0.025838904052774246,0.0,0.005940932283010595
0.4,1.5,0.02,2,"demo_00 -15,-5 deg",False,0.01753600298499273,0.0,0.011196122509766093
0.4,1.5,0.02,3,"demo_00 -15,+0 deg",True,0.010239052342220657,0.0,0.005920415611998142
0.4,1.5,0.02,4,"demo_00 -15,+5 deg",False,0.004609421854634014,2.471857704196631,nan
0.4,1.5,0.02,5,"demo_00 -15,+10 deg",False,0.008106798896854821,2.460887762265203,nan
0.4,1.5,0.02,6,"demo_00 -15,+15 deg",False,0.018266375380077717,2.4246612078176617,nan
0.4,1.5,0.02,7,"demo_00 -10,-15 deg",False,0.029496023598481132,0.0,0.011406877158665688
0.4,1.5,0.02,8,"demo_00 -10,-10 deg",False,0.02111195181150561,0.0,0.005924125099848444
0.4,1.5,0.02,9,"demo_00 -10,-5 deg",True,0.013652116233493066,0.0,0.005798175389977483
0.4,1.5,0.02,10,"demo_00 -10,+0 deg",True,0.006968527619037692,0.0,0.0060870498622349325
0.4,1.5,0.02,11,"demo_00 -10,+5 deg",False,0.0028230564364563164,2.540943033080982,nan
0.4,1.5,0.02,12,"demo_00 -10,+10 deg",False,0.009740404044700626,2.508791355172753,nan
0.4,1.5,0.02,13,"demo_00 -10,+15 deg",False,0.02083331598333873,2.456620725272895,nan
0.4,1.5,0.02,14,"demo_00 -5,-15 deg",False,0.024050313569458227,0.0,0.00980380654306892
0.4,1.5,0.02,15,"demo_00 -5,-10 deg",False,0.016509356247535578,0.0,0.008316188290271798
0.4,1.5,0.02,16,"demo_00 -5,-5 deg",True,0.009776020516960138,0.0,0.00577677791463747
0.4,1.5,0.02,17,"demo_00 -5,+0 deg",True,0.003554601733061961,0.0,0.0060606571884057265
0.4,1.5,0.02,18,"demo_00 -5,+5 deg",False,0.003895795494621145,2.597261228903988,nan
0.4,1.5,0.02,19,"demo_00 -5,+10 deg",False,0.012556542922577003,2.535125874849503,nan
0.4,1.5,0.02,20,"demo_00 -5,+15 deg",False,0.024469919365743824,2.471493637946482,nan
0.4,1.5,0.02,21,"demo_00 +0,-15 deg",False,0.018758245215601342,0.0,0.008056843158808424
0.4,1.5,0.02,22,"demo_00 +0,-10 deg",False,0.011961225478735432,0.0,0.0074872668680763385
0.4,1.5,0.02,23,"demo_00 +0,-5 deg",True,0.005840310900578244,0.0,0.0060016575352718985
0.4,1.5,0.02,24,demo_00,True,0.00019950184199984085,0.00411250039339066,0.006067726236798395
0.4,1.5,0.02,25,"demo_00 +0,+5 deg",False,0.007089410327717996,2.595834081617584,nan
0.4,1.5,0.02,26,"demo_00 +0,+10 deg",False,0.016345945050320547,2.529925666806924,nan
0.4,1.5,0.02,27,"demo_00 +0,+15 deg",False,0.029137764965484633,2.462570042367794,nan
0.4,1.5,0.02,28,"demo_00 +5,-15 deg",False,0.013545574830422905,0.0,0.005605614912314026
0.4,1.5,0.02,29,"demo_00 +5,-10 deg",False,0.0074024275576160085,0.0,0.006777811642491814
0.4,1.5,0.02,30,"demo_00 +5,-5 deg",True,0.0019028063408803616,0.0008867783900350385,0.006093278817724769
0.4,1.5,0.02,31,"demo_00 +5,+0 deg",False,0.004082205608801153,2.6087257657643836,nan
0.4,1.5,0.02,32,"demo_00 +5,+5 deg",False,0.01114900038753011,2.547664924747967,nan
0.4,1.5,0.02,33,"demo_00 +5,+10 deg",False,0.021014206852297143,2.492328437183902,nan
0.4,1.5,0.02,34,"demo_00 +5,+15 deg",False,0.034827631242350186,2.4320856085495066,nan
0.4,1.5,0.02,35,"demo_00 +10,-15 deg",False,0.00833315697747559,0.0,0.005187549352551762
0.4,1.5,0.02,36,"demo_00 +10,-10 deg",True,0.002831232022780188,0.0,0.0060306122294293395
0.4,1.5,0.02,37,"demo_00 +10,-5 deg",True,0.0029104869678290815,0.0,0.006066820776780242
0.4,1.5,0.02,38,"demo_00 +10,+0 deg",False,0.008460550462990608,2.5586111354129994,nan
0.4,1.5,0.02,39,"demo_00 +10,+5 deg",False,0.01589196461528605,2.499112516730236,nan
0.4,1.5,0.02,40,"demo_00 +10,+10 deg",False,0.02654998576772564,2.4402703319470676,nan
0.4,1.5,0.02,41,"demo_00 +10,+15 deg",False,0.041560674027710263,2.3913401477426044,nan
0.4,1.5,0.02,42,"demo_00 +15,-15 deg",False,0.0030367106457501736,0.0,0.005582206618964797
0.4,1.5,0.02,43,"demo_00 +15,-10 deg",True,0.00245687111980801,0.0,0.006078901165964624
0.4,1.5,0.02,44,"demo_00 +15,-5 deg",True,0.007496634934278529,0.0,0.006069657425788628
0.4,1.5,0.02,45,"demo_00 +15,+0 deg",False,0.013330495801937143,2.5066985290599226,nan
0.4,1.5,0.02,46,"demo_00 +15,+5 deg",False,0.02134132140520334,2.4487201395348244,nan
0.4,1.5,0.02,47,"demo_00 +15,+10 deg",False,0.03299190823778307,2.3885345105423212,nan
0.4,1.5,0.02,48,"demo_00 +15,+15 deg",False,0.049388022492406786,2.3355091120545093,nan
0.4,1.5,0.03,0,"demo_00 -15,-15 deg",False,0.039455455658126526,0.0,0.008518490379561885
0.4,1.5,0.03,1,"demo_00 -15,-10 deg",False,0.028090226802445516,0.0,0.0075454024070362525
0.4,1.5,0.03,2,"demo_00 -15,-5 deg",True,0.017856471475277205,0.0,0.0064508737454453315
0.4,1.5,0.03,3,"demo_00 -15,+0 deg",True,0.010127660668302287,0.0,0.0062926698190347895
0.4,1.5,0.03,4,"demo_00 -15,+5 deg",False,0.008291749241819694,2.515605871652053,nan
0.4,1.5,0.03,5,"demo_00 -15,+10 deg",False,0.014560769862630404,2.5036154966621376,nan
0.4,1.5,0.03,6,"demo_00 -15,+15 deg",False,0.02679269392049274,2.4315480924044093,nan
0.4,1.5,0.03,7,"demo_00 -10,-15 deg",False,0.03201918000588609,0.0,0.006580474592637797
0.4,1.5,0.03,8,"demo_00 -10,-10 deg",False,0.022562519645690702,0.0,0.006627693340193578
0.4,1.5,0.03,9,"demo_00 -10,-5 deg",True,0.014042518249024399,0.0,0.006404908562890135
0.4,1.5,0.03,10,"demo_00 -10,+0 deg",True,0.0072100265022982755,0.0,0.006308742103545549
0.4,1.5,0.03,11,"demo_00 -10,+5 deg",False,0.0057288294518354705,2.5753365092326783,nan
0.4,1.5,0.03,12,"demo_00 -10,+10 deg",False,0.013790192185498557,2.5525984661108105,nan
0.4,1.5,0.03,13,"demo_00 -10,+15 deg",False,0.02804784220353252,2.433886241365121,nan
0.4,1.5,0.03,14,"demo_00 -5,-15 deg",False,0.02526458686273508,0.0,0.008000888045548894
0.4,1.5,0.03,15,"demo_00 -5,-10 deg",False,0.017515541503921962,0.0,0.007367522975499838
0.4,1.5,0.03,16,"demo_00 -5,-5 deg",True,0.010433545091002628,0.0,0.006427560792336262
0.4,1.5,0.03,17,"demo_00 -5,+0 deg",True,0.004202614646446701,0.0,0.006281495642384913
0.4,1.5,0.03,18,"demo_00 -5,+5 deg",False,0.005323538128900636,2.5110563834262085,nan
0.4,1.5,0.03,19,"demo_00 -5,+10 deg",False,0.016021248185629312,2.440271396323616,nan
0.4,1.5,0.03,20,"demo_00 -5,+15 deg",False,0.0325718196762902,2.476610970384892,nan
0.4,1.5,0.03,21,"demo_00 +0,-15 deg",False,0.01899855664826164,0.0,0.007625402042368849
0.4,1.5,0.03,22,"demo_00 +0,-10 deg",False,0.012561551213459029,0.0,0.006890979293417452
0.4,1.5,0.03,23,"demo_00 +0,-5 deg",False,0.006376021846117935,0.0,0.00637106919815511
0.4,1.5,0.03,24,demo_00,False,0.00022623145728422548,2.708947764446057,nan
0.4,1.5,0.03,25,"demo_00 +0,+5 deg",False,0.008653826804671463,2.475045670505978,nan
0.4,1.5,0.03,26,"demo_00 +0,+10 deg",False,0.021453258947007288,2.4351906697830716,nan
0.4,1.5,0.03,27,"demo_00 +0,+15 deg",False,0.04042018632011809,2.4999920505158832,nan
0.4,1.5,0.03,28,"demo_00 +5,-15 deg",False,0.013103953492566421,0.0,0.007294769304659085
0.4,1.5,0.03,29,"demo_00 +5,-10 deg",False,0.007562126373333782,0.0,0.006271629274644848
0.4,1.5,0.03,30,"demo_00 +5,-5 deg",True,0.0024568351476531585,0.007001426796126007,0.006350602893894007
0.4,1.5,0.03,31,"demo_00 +5,+0 deg",False,0.005877117194765455,2.625875680297527,nan
0.4,1.5,0.03,32,"demo_00 +5,+5 deg",False,0.01538702091975497,2.4133562515908586,nan
0.4,1.5,0.03,33,"demo_00 +5,+10 deg",False,0.030100728101202255,2.460276183444588,nan
0.4,1.5,0.03,34,"demo_00 +5,+15 deg",False,0.0516656825329921,2.4677919187723085,nan
0.4,1.5,0.03,35,"demo_00 +10,-15 deg",False,0.007536939479104606,0.0,0.007037138115170143
0.4,1.5,0.03,36,"demo_00 +10,-10 deg",True,0.0033460132733993102,0.006560710929371442,0.006280828513292154
0.4,1.5,0.03,37,"demo_00 +10,-5 deg",True,0.005873995709859054,0.0,0.006297465207574275
0.4,1.5,0.03,38,"demo_00 +10,+0 deg",False,0.013396375720708332,2.4194333268977903,nan
0.4,1.5,0.03,39,"demo_00 +10,+5 deg",False,0.024712720293770724,2.379433606171756,nan
0.4,1.5,0.03,40,"demo_00 +10,+10 deg",False,0.04176805407328109,2.435071543030338,nan
0.4,1.5,0.03,41,"demo_00 +10,+15 deg",False,0.06628139104410354,2.374685613460251,nan
0.4,1.5,0.03,42,"demo_00 +15,-15 deg",False,0.0028389380640953996,0.005838870624408542,0.006781396705466066
0.4,1.5,0.03,43,"demo_00 +15,-10 deg",True,0.005771864994855401,0.001464514937528992,0.006380048014147334
0.4,1.5,0.03,44,"demo_00 +15,-5 deg",False,0.012894336989667866,2.6189680308225487,nan
0.4,1.5,0.03,45,"demo_00 +15,+0 deg",False,0.022582157913475526,2.4051099210574804,nan
0.4,1.5,0.03,46,"demo_00 +15,+5 deg",False,0.03633292535204973,2.381048065629284,nan
0.4,1.5,0.03,47,"demo_00 +15,+10 deg",False,0.056275486505516774,2.4296311783788296,nan
0.4,1.5,0.03,48,"demo_00 +15,+15 deg",False,0.08420221433251514,2.3028305506806883,nan
0.4,1.5,0.05,0,"demo_00 -15,-15 deg",False,0.07802479013957245,2.319641516970545,nan
0.4,1.5,0.05,1,"demo_00 -15,-10 deg",False,0.06039370203604682,2.3832056159783908,nan
0.4,1.5,0.05,2,"demo_00 -15,-5 deg",False,0.049523699934417624,2.438455730281099,nan
0.4,1.5,0.05,3,"demo_00 -15,+0 deg",False,0.04510422328408823,2.4714681781510413,nan
0.4,1.5,0.05,4,"demo_00 -15,+5 deg",False,0.041898931933822096,2.4692287512047284,nan
0.4,1.5,0.05,5,"demo_00 -15,+10 deg",False,0.03688676536838178,2.471682423270345,nan
0.4,1.5,0.05,6,"demo_00 -15,+15 deg",False,0.03362715008601359,2.449618723424028,nan
0.4,1.5,0.05,7,"demo_00 -10,-15 deg",False,0.06128752700232701,2.38648496020484,nan
0.4,1.5,0.05,8,"demo_00 -10,-10 deg",False,0.04323438707163655,2.4512044282996386,nan
0.4,1.5,0.05,9,"demo_00 -10,-5 deg",False,0.02836790875975392,2.526044501793088,nan
0.4,1.5,0.05,10,"demo_00 -10,+0 deg",False,0.02002415172161806,2.557146123082245,nan
0.4,1.5,0.05,11,"demo_00 -10,+5 deg",False,0.0164013856022434,2.5502380053504763,nan
0.4,1.5,0.05,12,"demo_00 -10,+10 deg",False,0.015166029585191712,2.5311762706564798,nan
0.4,1.5,0.05,13,"demo_00 -10,+15 deg",False,0.022564504940028207,2.47789649294818,nan
0.4,1.5,0.05,14,"demo_00 -5,-15 deg",False,0.05030379633943867,2.451197957943279,nan
0.4,1.5,0.05,15,"demo_00 -5,-10 deg",False,0.034608654455413695,2.5085650864231357,1.854104168476924
0.4,1.5,0.05,16,"demo_00 -5,-5 deg",False,0.019149974921913598,2.5884318871963563,nan
0.4,1.5,0.05,17,"demo_00 -5,+0 deg",False,0.008318815247568515,0.0,0.007645396493216152
0.4,1.5,0.05,18,"demo_00 -5,+5 deg",False,0.005305331520447237,2.6239346999072173,nan
0.4,1.5,0.05,19,"demo_00 -5,+10 deg",False,0.00889248073800128,2.5357996669146994,nan
0.4,1.5,0.05,20,"demo_00 -5,+15 deg",False,0.021512804216887445,2.4959087782731415,nan
0.4,1.5,0.05,21,"demo_00 +0,-15 deg",False,0.04121966487394977,2.4942485872879208,nan
0.4,1.5,0.05,22,"demo_00 +0,-10 deg",False,0.02772373862414173,2.5654369434974837,nan
0.4,1.5,0.05,23,"demo_00 +0,-5 deg",False,0.012445530835325834,2.63930585062423,nan
0.4,1.5,0.05,24,demo_00,True,0.0002826037065079545,0.006499795878209724,0.006283427287503969
0.4,1.5,0.05,25,"demo_00 +0,+5 deg",False,0.006885729423847775,2.62253712945477,nan
0.4,1.5,0.05,26,"demo_00 +0,+10 deg",False,0.012701570575780495,2.5261991953020173,nan
0.4,1.5,0.05,27,"demo_00 +0,+15 deg",False,0.02823835779775507,2.479942739160056,nan
0.4,1.5,0.05,28,"demo_00 +5,-15 deg",False,0.0320886433451184,2.546366154323197,nan
0.4,1.5,0.05,29,"demo_00 +5,-10 deg",False,0.01933635161995615,2.6152221841501717,1.6060675202448433
0.4,1.5,0.05,30,"demo_00 +5,-5 deg",False,0.004895455634483196,2.6746182245622308,1.2046143737398727
0.4,1.5,0.05,31,"demo_00 +5,+0 deg",False,0.013716123398735154,2.6323924714161753,nan
0.4,1.5,0.05,32,"demo_00 +5,+5 deg",False,0.02451885003715848,2.5696600074097082,nan
0.4,1.5,0.05,33,"demo_00 +5,+10 deg",False,0.035646867906697695,2.51236469005938,nan
0.4,1.5,0.05,34,"demo_00 +5,+15 deg",False,0.05681268564655694,2.457195821678452,nan
0.4,1.5,0.05,35,"demo_00 +10,-15 deg",False,0.02251214533327838,2.5684508496974954,nan
0.4,1.5,0.05,36,"demo_00 +10,-10 deg",False,0.010809978712903666,2.6659639349574937,0.6241814869048019
0.4,1.5,0.05,37,"demo_00 +10,-5 deg",False,0.015774145948465688,2.6527678922386504,nan
0.4,1.5,0.05,38,"demo_00 +10,+0 deg",False,0.034724658750609115,2.577908429234135,nan
0.4,1.5,0.05,39,"demo_00 +10,+5 deg",False,0.05292978729297742,2.4947052436379558,nan
0.4,1.5,0.05,40,"demo_00 +10,+10 deg",False,0.07386482717882926,2.4356961870139098,nan
0.4,1.5,0.05,41,"demo_00 +10,+15 deg",False,0.10641906929517883,2.4145798656163073,nan
0.4,1.5,0.05,42,"demo_00 +15,-15 deg",False,0.01315122506199875,2.6411792469856596,nan
0.4,1.5,0.05,43,"demo_00 +15,-10 deg",False,0.013432217800742769,2.6682117647134076,1.9048558801805584
0.4,1.5,0.05,44,"demo_00 +15,-5 deg",False,0.03508631737656022,2.603584218070477,nan
0.4,1.5,0.05,45,"demo_00 +15,+0 deg",False,0.06229098844850365,2.5266746137782388,nan
0.4,1.5,0.05,46,"demo_00 +15,+5 deg",False,0.0911679584242963,2.471795374123049,nan
0.4,1.5,0.05,47,"demo_00 +15,+10 deg",False,0.1259734607768013,2.4056110181619528,nan
0.4,1.5,0.05,48,"demo_00 +15,+15 deg",False,0.17478937887101803,2.356131638176043,nan
0.4,1.5,0.1,0,"demo_00 -15,-15 deg",False,0.24738264901958112,2.3185204825449177,nan
0.4,1.5,0.1,1,"demo_00 -15,-10 deg",False,0.2023426863642468,2.381385963592306,nan
0.4,1.5,0.1,2,"demo_00 -15,-5 deg",False,0.17954590876058785,2.4380428280047766,nan
0.4,1.5,0.1,3,"demo_00 -15,+0 deg",False,0.14637081466345436,2.4779522450807554,nan
0.4,1.5,0.1,4,"demo_00 -15,+5 deg",False,0.06745266821716778,2.495567493783461,nan
0.4,1.5,0.1,5,"demo_00 -15,+10 deg",False,0.10336930268611949,2.48416971968149,nan
0.4,1.5,0.1,6,"demo_00 -15,+15 deg",False,0.3186701943484551,2.448657528106811,nan
0.4,1.5,0.1,7,"demo_00 -10,-15 deg",False,0.21610779220292392,2.391183159912287,nan
0.4,1.5,0.1,8,"demo_00 -10,-10 deg",False,0.14151802863069698,2.4555440849439645,nan
0.4,1.5,0.1,9,"demo_00 -10,-5 deg",False,0.0942448896891656,2.5146863615248707,nan
0.4,1.5,0.1,10,"demo_00 -10,+0 deg",False,0.06398119335803543,2.5582575390738094,nan
0.4,1.5,0.1,11,"demo_00 -10,+5 deg",False,0.01256887106725113,2.5662619197133023,nan
0.4,1.5,0.1,12,"demo_00 -10,+10 deg",False,0.11388745136795585,2.535062545416052,nan
0.4,1.5,0.1,13,"demo_00 -10,+15 deg",False,0.27357388340788347,2.481138496833537,nan
0.4,1.5,0.1,14,"demo_00 -5,-15 deg",False,0.2082461827470203,2.4536287686593297,nan
0.4,1.5,0.1,15,"demo_00 -5,-10 deg",False,0.1247010566327803,2.5400046558892972,nan
0.4,1.5,0.1,16,"demo_00 -5,-5 deg",False,0.05529478261094282,2.5869328557734335,nan
0.4,1.5,0.1,17,"demo_00 -5,+0 deg",False,0.018506144210834644,2.637433323322771,nan
0.4,1.5,0.1,18,"demo_00 -5,+5 deg",False,0.024709939260697467,2.622007673022492,nan
0.4,1.5,0.1,19,"demo_00 -5,+10 deg",False,0.10232729760398401,2.561852146881814,nan
0.4,1.5,0.1,20,"demo_00 -5,+15 deg",False,0.2161269698465557,2.495320407052217,nan
0.4,1.5,0.1,21,"demo_00 +0,-15 deg",False,0.20061210864847515,2.4996030497940636,nan
0.4,1.5,0.1,22,"demo_00 +0,-10 deg",False,0.11998050709897283,2.5678539648304755,nan
0.4,1.5,0.1,23,"demo_00 +0,-5 deg",False,0.0445152389291888,2.6390814949416184,nan
0.4,1.5,0.1,24,demo_00,False,0.00021206148579394504,0.01857415837241279,0.005425659640943197
0.4,1.5,0.1,25,"demo_00 +0,+5 deg",False,0.01697921563474931,2.620825729523906,nan
0.4,1.5,0.1,26,"demo_00 +0,+10 deg",False,0.04810149425908747,2.567206937418066,nan
0.4,1.5,0.1,27,"demo_00 +0,+15 deg",False,0.11877677619074327,2.5040232120734824,nan
0.4,1.5,0.1,28,"demo_00 +5,-15 deg",False,0.1753556245594882,2.5458577330242416,nan
0.4,1.5,0.1,29,"demo_00 +5,-10 deg",False,0.09572982137431515,2.6139548545790134,nan
0.4,1.5,0.1,30,"demo_00 +5,-5 deg",False,0.016921436263108203,2.699420746727372,nan
0.4,1.5,0.1,31,"demo_00 +5,+0 deg",False,0.03315583240645112,2.6329459904149295,nan
0.4,1.5,0.1,32,"demo_00 +5,+5 deg",False,0.05305418976081104,2.572212312138184,nan
0.4,1.5,0.1,33,"demo_00 +5,+10 deg",False,0.05827684982445277,2.5181452229896992,nan
0.4,1.5,0.1,34,"demo_00 +5,+15 deg",False,0.07816260649759302,2.455328212865749,nan
0.4,1.5,0.1,35,"demo_00 +10,-15 deg",False,0.1277656872614112,2.5965898933678093,nan
0.4,1.5,0.1,36,"demo_00 +10,-10 deg",False,0.04713604938103783,2.662747551716742,nan
0.4,1.5,0.1,37,"demo_00 +10,-5 deg",False,0.032638903112162866,2.6685216569320436,nan
0.4,1.5,0.1,38,"demo_00 +10,+0 deg",False,0.08852475580974196,2.5836452333130864,nan
0.4,1.5,0.1,39,"demo_00 +10,+5 deg",False,0.14569750583154173,2.520951911449692,nan
0.4,1.5,0.1,40,"demo_00 +10,+10 deg",False,0.2154567520885789,2.464034371690017,nan
0.4,1.5,0.1,41,"demo_00 +10,+15 deg",False,0.259103219951264,2.414292987447224,nan
0.4,1.5,0.1,42,"demo_00 +15,-15 deg",False,0.0665468745742582,2.643023262940193,nan
0.4,1.5,0.1,43,"demo_00 +15,-10 deg",False,0.01824438210159189,2.6722316718776438,nan
0.4,1.5,0.1,44,"demo_00 +15,-5 deg",False,0.08601037954026411,2.6035339163601803,nan
0.4,1.5,0.1,45,"demo_00 +15,+0 deg",False,0.1602801100527513,2.533344745677406,nan
0.4,1.5,0.1,46,"demo_00 +15,+5 deg",False,0.28518537104592895,2.470533266929201,nan
0.4,1.5,0.1,47,"demo_00 +15,+10 deg",False,0.4066817597883482,2.4104188042786707,2.1984880855762423
0.4,1.5,0.1,48,"demo_00 +15,+15 deg",False,0.4380344121882223,2.361503279740178,nan
0.5,0.9,0.01,0,"demo_00 -15,-15 deg",False,0.013686257293500098,0.0,0.00466878085117016
0.5,0.9,0.01,1,"demo_00 -15,-10 deg",True,0.009932544574622275,0.0,0.005182217250581487
0.5,0.9,0.01,2,"demo_00 -15,-5 deg",True,0.006535764949583282,0.0,0.005637047388759215
0.5,0.9,0.01,3,"demo_00 -15,+0 deg",True,0.003582694829108435,0.0,0.005666184514847013
0.5,0.9,0.01,4,"demo_00 -15,+5 deg",False,0.0016315302847334874,2.514936079473851,nan
0.5,0.9,0.01,5,"demo_00 -15,+10 deg",False,0.002529000485698366,2.5035745359017247,nan
0.5,0.9,0.01,6,"demo_00 -15,+15 deg",False,0.00436110397595208,2.467280228367508,1.0622308721751677
0.5,0.9,0.01,7,"demo_00 -10,-15 deg",True,0.012117094854250457,0.0,0.0046617013195495195
0.5,0.9,0.01,8,"demo_00 -10,-10 deg",True,0.008498706011239412,0.0,0.00535167728954052
0.5,0.9,0.01,9,"demo_00 -10,-5 deg",True,0.00522269812488241,0.0,0.0056477546437229496
0.5,0.9,0.01,10,"demo_00 -10,+0 deg",True,0.0023608000092816203,0.0,0.005665590812468514
0.5,0.9,0.01,11,"demo_00 -10,+5 deg",False,0.0010200834384620887,2.584356236281984,1.0963624060157973
0.5,0.9,0.01,12,"demo_00 -10,+10 deg",False,0.0028562390416085313,2.5498256736969274,1.090833263420317
0.5,0.9,0.01,13,"demo_00 -10,+15 deg",False,0.004710221686169809,2.50057923956707,nan
0.5,0.9,0.01,14,"demo_00 -5,-15 deg",True,0.010459500376107307,0.0,0.004712991224850625
0.5,0.9,0.01,15,"demo_00 -5,-10 deg",True,0.006985902818734274,0.0,0.005491557987866022
0.5,0.9,0.01,16,"demo_00 -5,-5 deg",True,0.003842517663125339,0.0,0.005654471196900824
0.5,0.9,0.01,17,"demo_00 -5,+0 deg",True,0.001073990247131806,0.0,0.005665939686338716
0.5,0.9,0.01,18,"demo_00 -5,+5 deg",False,0.0014711763670823008,2.64146474445609,nan
0.5,0.9,0.01,19,"demo_00 -5,+10 deg",False,0.0035436521456126448,2.5795924014995104,1.0949527508183017
0.5,0.9,0.01,20,"demo_00 -5,+15 deg",False,0.005279565967871337,2.513373855526823,nan
0.5,0.9,0.01,21,"demo_00 +0,-15 deg",True,0.008713576905846183,0.0,0.004855289565554602
0.5,0.9,0.01,22,"demo_00 +0,-10 deg",True,0.005396856422937919,0.0,0.005583784227934786
0.5,0.9,0.01,23,"demo_00 +0,-5 deg",True,0.0024090891705252546,0.0,0.005661230644127223
0.5,0.9,0.01,24,demo_00,True,0.0002936347927920165,0.006329376295919137,0.005665124429884039
0.5,0.9,0.01,25,"demo_00 +0,+5 deg",False,0.0025383245590669375,2.639402042915482,1.0658164081116663
0.5,0.9,0.01,26,"demo_00 +0,+10 deg",False,0.004462609841621891,2.569576853038034,nan
0.5,0.9,0.01,27,"demo_00 +0,+15 deg",False,0.0060270639589091865,2.503728895004073,1.0996405434140395
0.5,0.9,0.01,28,"demo_00 +5,-15 deg",True,0.006880292054508492,0.0,0.005098611049581126
0.5,0.9,0.01,29,"demo_00 +5,-10 deg",True,0.00374094855141718,0.0,0.005633195581728567
0.5,0.9,0.01,30,"demo_00 +5,-5 deg",True,0.0010295699065954505,0.0,0.005663949606527068
0.5,0.9,0.01,31,"demo_00 +5,+0 deg",True,0.0017090364522880895,0.0,0.005665994476310792
0.5,0.9,0.01,32,"demo_00 +5,+5 deg",False,0.003784159511949924,2.5916287315454425,1.0597090933588722
0.5,0.9,0.01,33,"demo_00 +5,+10 deg",False,0.005529858505084794,2.5330875216612947,1.0657321888531388
0.5,0.9,0.01,34,"demo_00 +5,+15 deg",False,0.006914322621968076,2.4724675460885566,nan
0.5,0.9,0.01,35,"demo_00 +10,-15 deg",True,0.004963169545043473,0.0,0.005384045543662421
0.5,0.9,0.01,36,"demo_00 +10,-10 deg",True,0.0020631873301548485,0.0,0.005658627657363091
0.5,0.9,0.01,37,"demo_00 +10,-5 deg",True,0.0011161625772234708,0.0,0.005667512351979937
0.5,0.9,0.01,38,"demo_00 +10,+0 deg",True,0.003200828642663406,0.0,0.005663699333601223
0.5,0.9,0.01,39,"demo_00 +10,+5 deg",False,0.00512554223216854,2.536324762286275,1.0613186733581923
0.5,0.9,0.01,40,"demo_00 +10,+10 deg",False,0.006702835984252905,2.48003415589044,nan
0.5,0.9,0.01,41,"demo_00 +10,+15 deg",False,0.007912705549477633,2.4308494484190994,nan
0.5,0.9,0.01,42,"demo_00 +15,-15 deg",True,0.00297716189223014,0.0,0.005585623571802962
0.5,0.9,0.01,43,"demo_00 +15,-10 deg",True,0.0009006429590842968,0.0,0.005666261843010024
0.5,0.9,0.01,44,"demo_00 +15,-5 deg",True,0.0026679530727600625,0.0,0.005668182612974612
0.5,0.9,0.01,45,"demo_00 +15,+0 deg",False,0.004763073123031772,2.5505078402756065,nan
0.5,0.9,0.01,46,"demo_00 +15,+5 deg",False,0.00654271237234523,2.485110912126833,1.0857454979798054
0.5,0.9,0.01,47,"demo_00 +15,+10 deg",False,0.007960304708567506,2.430227436411494,nan
0.5,0.9,0.01,48,"demo_00 +15,+15 deg",False,0.009002678804293045,2.3815649338232716,nan
0.5,0.9,0.02,0,"demo_00 -15,-15 deg",True,0.013535073064936289,0.0,0.005162253360401014
0.5,0.9,0.02,1,"demo_00 -15,-10 deg",True,0.009329327746889462,0.0,0.005639418789121757
0.5,0.9,0.02,2,"demo_00 -15,-5 deg",True,0.005807439738219829,0.0,0.005723448275280629
0.5,0.9,0.02,3,"demo_00 -15,+0 deg",True,0.0029436217119917724,0.0,0.005726658050181159
0.5,0.9,0.02,4,"demo_00 -15,+5 deg",True,0.0008255564908741628,0.5183261207853385,0.005725704021225912
0.5,0.9,0.02,5,"demo_00 -15,+10 deg",False,0.0013987002000383506,1.194996520321292,nan
0.5,0.9,0.02,6,"demo_00 -15,+15 deg",False,0.002777238751923247,1.152927089934246,nan
0.5,0.9,0.02,7,"demo_00 -10,-15 deg",True,0.012136454245339464,0.0,0.005379459729224474
0.5,0.9,0.02,8,"demo_00 -10,-10 deg",True,0.008090227181497519,0.0,0.005700901749528426
0.5,0.9,0.02,9,"demo_00 -10,-5 deg",True,0.0047131377622256256,0.0,0.0057276273793143186
0.5,0.9,0.02,10,"demo_00 -10,+0 deg",True,0.001986196596007968,0.0,0.005726509204781654
0.5,0.9,0.02,11,"demo_00 -10,+5 deg",False,0.0005296857039284894,1.2742613123692605,nan
0.5,0.9,0.02,12,"demo_00 -10,+10 deg",False,0.0020146649046079135,1.2501459500489265,nan
0.5,0.9,0.02,13,"demo_00 -10,+15 deg",False,0.0033220512595993116,1.193745567729572,nan
0.5,0.9,0.02,14,"demo_00 -5,-15 deg",True,0.010612580707967799,0.0,0.00555883348267186
0.5,0.9,0.02,15,"demo_00 -5,-10 deg",True,0.006738522156574557,0.0,0.00571820153253038
0.5,0.9,0.02,16,"demo_00 -5,-5 deg",True,0.003518903106374611,0.0,0.0057279353817890465
0.5,0.9,0.02,17,"demo_00 -5,+0 deg",True,0.0009331098409111495,0.0,0.00572623528320975
0.5,0.9,0.02,18,"demo_00 -5,+5 deg",False,0.0011424840024739146,1.3297833788541886,nan
0.5,0.9,0.02,19,"demo_00 -5,+10 deg",False,0.0026804043065038656,1.2740798407320444,nan
0.5,0.9,0.02,20,"demo_00 -5,+15 deg",False,0.00384775735580443,1.2085552319029293,nan
0.5,0.9,0.02,21,"demo_00 +0,-15 deg",True,0.00895282719179002,0.0,0.00566148303940356
0.5,0.9,0.02,22,"demo_00 +0,-10 deg",True,0.005264668123890319,0.0,0.005722754775584293
0.5,0.9,0.02,23,"demo_00 +0,-5 deg",True,0.0022219198271398156,0.0,0.005728670927922729
0.5,0.9,0.02,24,demo_00,True,0.0002531287823449616,0.005544469019984461,0.005728664760150684
0.5,0.9,0.02,25,"demo_00 +0,+5 deg",False,0.002078071683137659,1.329391690050868,nan
0.5,0.9,0.02,26,"demo_00 +0,+10 deg",False,0.0034429658593007014,1.2615485667496285,nan
0.5,0.9,0.02,27,"demo_00 +0,+15 deg",False,0.004417179589787073,1.1894936080095944,nan
0.5,0.9,0.02,28,"demo_00 +5,-15 deg",True,0.00714911112511628,0.0,0.00570279121702034
0.5,0.9,0.02,29,"demo_00 +5,-10 deg",True,0.003669581902117641,0.0,0.005727280826786134
0.5,0.9,0.02,30,"demo_00 +5,-5 deg",True,0.0009223138881062565,0.0,0.005729907264513099
0.5,0.9,0.02,31,"demo_00 +5,+0 deg",False,0.0015554057148264632,1.3457026183327268,nan
0.5,0.9,0.02,32,"demo_00 +5,+5 deg",False,0.0031876609638579086,1.2894154734950314,nan
0.5,0.9,0.02,33,"demo_00 +5,+10 deg",False,0.004344828520028972,1.2238135950879694,nan
0.5,0.9,0.02,34,"demo_00 +5,+15 deg",False,0.005094213779456543,1.1685946532547016,nan
0.5,0.9,0.02,35,"demo_00 +10,-15 deg",True,0.005198406645860067,0.0,0.005716441073652065
0.5,0.9,0.02,36,"demo_00 +10,-10 deg",True,0.002004935205730167,0.0,0.005727616376931663
0.5,0.9,0.02,37,"demo_00 +10,-5 deg",True,0.0011703335973495593,0.0,0.005725281495014101
0.5,0.9,0.02,38,"demo_00 +10,+0 deg",False,0.003016732052313035,1.2966393630534292,nan
0.5,0.9,0.02,39,"demo_00 +10,+5 deg",False,0.004466399421699417,1.2372293075241376,nan
0.5,0.9,0.02,40,"demo_00 +10,+10 deg",False,0.005417352876205743,1.1795919568391784,nan
0.5,0.9,0.02,41,"demo_00 +10,+15 deg",False,0.005934269117163765,1.1183134039131044,nan
0.5,0.9,0.02,42,"demo_00 +15,-15 deg",True,0.0031170737117598934,0.0,0.005722346215778701
0.5,0.9,0.02,43,"demo_00 +15,-10 deg",True,0.0010124302102529406,0.0,0.005726680101813136
0.5,0.9,0.02,44,"demo_00 +15,-5 deg",True,0.0028306023024256,0.0,0.0057285076571147895
0.5,0.9,0.02,45,"demo_00 +15,+0 deg",False,0.004641210802167246,1.2447165957554644,nan
0.5,0.9,0.02,46,"demo_00 +15,+5 deg",False,0.0059215746999993725,1.184823548802281,nan
0.5,0.9,0.02,47,"demo_00 +15,+10 deg",False,0.006680702170829874,1.1148801759327036,nan
0.5,0.9,0.02,48,"demo_00 +15,+15 deg",False,0.0069772405518250475,1.0665240258703195,nan
0.5,0.9,0.03,0,"demo_00 -15,-15 deg",True,0.015676269208976364,0.0,0.00553199498742185
0.5,0.9,0.03,1,"demo_00 -15,-10 deg",True,0.010493173894661615,0.0,0.005830755393063935
0.5,0.9,0.03,2,"demo_00 -15,-5 deg",True,0.006372358062629531,0.0,0.00587467462564771
0.5,0.9,0.03,3,"demo_00 -15,+0 deg",True,0.0032533268732115326,0.0,0.005875270718653389
0.5,0.9,0.03,4,"demo_00 -15,+5 deg",True,0.001046900371746091,0.0,0.005877160864447806
0.5,0.9,0.03,5,"demo_00 -15,+10 deg",False,0.0003788604234551645,0.04802488937609167,nan
0.5,0.9,0.03,6,"demo_00 -15,+15 deg",False,0.001181591835451121,0.13166023894929643,nan
0.5,0.9,0.03,7,"demo_00 -10,-15 deg",True,0.0137420052141602,0.0,0.005703801116458679
0.5,0.9,0.03,8,"demo_00 -10,-10 deg",True,0.008862018558524642,0.0,0.0058656636099877904
0.5,0.9,0.03,9,"demo_00 -10,-5 deg",True,0.004999822073657686,0.0,0.005875328905466053
0.5,0.9,0.03,10,"demo_00 -10,+0 deg",True,0.0020952629102014373,0.0,0.005878253719651518
0.5,0.9,0.03,11,"demo_00 -10,+5 deg",False,0.0001365561635660071,0.09648937960084622,nan
0.5,0.9,0.03,12,"demo_00 -10,+10 deg",False,0.0012671956939010064,0.1848055077341232,nan
0.5,0.9,0.03,13,"demo_00 -10,+15 deg",False,0.0020181017905901754,0.22901940985302136,nan
0.5,0.9,0.03,14,"demo_00 -5,-15 deg",True,0.01176908106789886,0.0,0.0058108966333090956
0.5,0.9,0.03,15,"demo_00 -5,-10 deg",True,0.007204535576223116,0.0,0.00587141172513843
0.5,0.9,0.03,16,"demo_00 -5,-5 deg",True,0.0036170983000720506,0.0,0.005874506015149242
0.5,0.9,0.03,17,"demo_00 -5,+0 deg",True,0.0009488284736562006,0.0,0.00587794120431351
0.5,0.9,0.03,18,"demo_00 -5,+5 deg",False,0.0009067119169379374,0.22947951741121875,nan
0.5,0.9,0.03,19,"demo_00 -5,+10 deg",False,0.002056852538317277,0.27232189774051263,nan
0.5,0.9,0.03,20,"demo_00 -5,+15 deg",False,0.0026950750187074222,0.5192098550022386,nan
0.5,0.9,0.03,21,"demo_00 +0,-15 deg",True,0.009741598314929097,0.0,0.005853385251579641
0.5,0.9,0.03,22,"demo_00 +0,-10 deg",True,0.005503940178805997,0.0,0.005873290951052618
0.5,0.9,0.03,23,"demo_00 +0,-5 deg",True,0.0022081420609786568,0.0,0.0058783258443280495
0.5,0.9,0.03,24,demo_00,True,0.00024303395272333054,0.005030787897919712,0.0058762796045296675
0.5,0.9,0.03,25,"demo_00 +0,+5 deg",False,0.0018344088496692478,0.28379471583650595,nan
0.5,0.9,0.03,26,"demo_00 +0,+10 deg",False,0.002786490530524115,0.5766461650977474,nan
0.5,0.9,0.03,27,"demo_00 +0,+15 deg",False,0.003250993299755224,0.5062966747939084,nan
0.5,0.9,0.03,28,"demo_00 +5,-15 deg",True,0.007646686746791166,0.0,0.005868786146086921
0.5,0.9,0.03,29,"demo_00 +5,-10 deg",True,0.0037552860121932616,0.0,0.005874535795033996
0.5,0.9,0.03,30,"demo_00 +5,-5 deg",True,0.0008560469116841669,0.0,0.005874740579299713
0.5,0.9,0.03,31,"demo_00 +5,+0 deg",False,0.0014778667828070457,0.2074535667927491,nan
0.5,0.9,0.03,32,"demo_00 +5,+5 deg",False,0.002814309744437601,0.27551685365730394,nan
0.5,0.9,0.03,33,"demo_00 +5,+10 deg",False,0.0035243028776653063,0.5404441783237115,nan
0.5,0.9,0.03,34,"demo_00 +5,+15 deg",False,0.0037576473239707042,0.48521150705785643,nan
0.5,0.9,0.03,35,"demo_00 +10,-15 deg",True,0.005477774674941465,0.0,0.0058729777955643155
0.5,0.9,0.03,36,"demo_00 +10,-10 deg",True,0.002010585246599024,0.0,0.0058777790406582976
0.5,0.9,0.03,37,"demo_00 +10,-5 deg",True,0.0011529086869387164,0.0,0.005877965110888422
0.5,0.9,0.03,38,"demo_00 +10,+0 deg",False,0.0028164756512198165,0.18539737984917778,nan
0.5,0.9,0.03,39,"demo_00 +10,+5 deg",False,0.003890277318780952,0.25325767798914256,nan
0.5,0.9,0.03,40,"demo_00 +10,+10 deg",False,0.004339528665271828,0.48776172896105074,nan
0.5,0.9,0.03,41,"demo_00 +10,+15 deg",False,0.004303813450504924,0.4357411887677637,nan
0.5,0.9,0.03,42,"demo_00 +15,-15 deg",True,0.00325230417460133,0.0,0.005873509971872201
0.5,0.9,0.03,43,"demo_00 +15,-10 deg",True,0.0010567660763760203,0.0,0.005876181735749603
0.5,0.9,0.03,44,"demo_00 +15,-5 deg",True,0.0027629268215765795,0.0,0.005875325888636476
0.5,0.9,0.03,45,"demo_00 +15,+0 deg",False,0.004274202192089232,0.14483620682765913,nan
0.5,0.9,0.03,46,"demo_00 +15,+5 deg",False,0.005097654119424371,0.49600716374529785,nan
0.5,0.9,0.03,47,"demo_00 +15,+10 deg",False,0.00529152695458251,0.4367793566148325,nan
0.5,0.9,0.03,48,"demo_00 +15,+15 deg",False,0.004980454852678016,0.3883372763047424,nan
0.5,0.9,0.05,0,"demo_00 -15,-15 deg",True,0.03456523544856179,0.0,0.005778358285323465
0.5,0.9,0.05,1,"demo_00 -15,-10 deg",True,0.021939371938620143,0.0,0.005908804892096921
0.5,0.9,0.05,2,"demo_00 -15,-5 deg",True,0.01214060752740558,0.0,0.005913180431798412
0.5,0.9,0.05,3,"demo_00 -15,+0 deg",True,0.005091132402322416,0.0,0.005914420397433455
0.5,0.9,0.05,4,"demo_00 -15,+5 deg",True,0.0006426960570453679,0.0,0.005914083999601798
0.5,0.9,0.05,5,"demo_00 -15,+10 deg",False,0.0018004171798241932,0.8970589921683425,nan
0.5,0.9,0.05,6,"demo_00 -15,+15 deg",False,0.002878241562224686,1.9274987637867773,nan
0.5,0.9,0.05,7,"demo_00 -10,-15 deg",True,0.02804954928398884,0.0,0.005870409877236768
0.5,0.9,0.05,8,"demo_00 -10,-10 deg",True,0.01695953471615702,0.0,0.005910994499830409
0.5,0.9,0.05,9,"demo_00 -10,-5 deg",True,0.008615571883614833,0.0,0.005914713578105751
0.5,0.9,0.05,10,"demo_00 -10,+0 deg",True,0.0029128287041566463,0.0,0.005915381772096455
0.5,0.9,0.05,11,"demo_00 -10,+5 deg",False,0.0004258796520908032,1.9568951312762837,nan
0.5,0.9,0.05,12,"demo_00 -10,+10 deg",False,0.002055167956427621,2.323529049816304,nan
0.5,0.9,0.05,13,"demo_00 -10,+15 deg",False,0.003523172936480206,2.0228515685444424,nan
0.5,0.9,0.05,14,"demo_00 -5,-15 deg",True,0.022034006476711544,0.0,0.005898678528320204
0.5,0.9,0.05,15,"demo_00 -5,-10 deg",True,0.012454775532245435,0.0,0.005915825849539376
0.5,0.9,0.05,16,"demo_00 -5,-5 deg",True,0.005533950602654442,0.0,0.005913729816717381
0.5,0.9,0.05,17,"demo_00 -5,+0 deg",True,0.0011324081423516646,0.0,0.005916777375543429
0.5,0.9,0.05,18,"demo_00 -5,+5 deg",False,0.0011690184792052033,2.3603320362418905,nan
0.5,0.9,0.05,19,"demo_00 -5,+10 deg",False,0.0025087513523614894,1.74351210438877,nan
0.5,0.9,0.05,20,"demo_00 -5,+15 deg",False,0.0048599472742375735,1.857270350852696,nan
0.5,0.9,0.05,21,"demo_00 +0,-15 deg",True,0.01656524932617099,0.0,0.0059100858203887646
0.5,0.9,0.05,22,"demo_00 +0,-10 deg",True,0.008473685552492203,0.0,0.005915595033289072
0.5,0.9,0.05,23,"demo_00 +0,-5 deg",True,0.0029503469928855047,0.0,0.005914243776659719
0.5,0.9,0.05,24,demo_00,True,0.000238092052995618,0.005118906427563122,0.005916183736577547
0.5,0.9,0.05,25,"demo_00 +0,+5 deg",False,0.0016372605945502994,2.4171924939841984,nan
0.5,0.9,0.05,26,"demo_00 +0,+10 deg",False,0.0032224981213384335,2.509900429119043,nan
0.5,0.9,0.05,27,"demo_00 +0,+15 deg",False,0.006653982422801442,2.0834197906300407,nan
0.5,0.9,0.05,28,"demo_00 +5,-15 deg",True,0.011685993221563233,0.0,0.005913393064938474
0.5,0.9,0.05,29,"demo_00 +5,-10 deg",True,0.0050707610271202115,0.0,0.005916502391456406
0.5,0.9,0.05,30,"demo_00 +5,-5 deg",True,0.001015793948544585,0.0,0.00591559290472686
0.5,0.9,0.05,31,"demo_00 +5,+0 deg",False,0.0011324942452508216,1.3168192661818412,nan
0.5,0.9,0.05,32,"demo_00 +5,+5 deg",False,0.0019439942670311336,1.2471016530209684,nan
0.5,0.9,0.05,33,"demo_00 +5,+10 deg",False,0.0043044841101163404,2.454366369948235,nan
0.5,0.9,0.05,34,"demo_00 +5,+15 deg",False,0.008830189447726905,2.285204690945034,nan
0.5,0.9,0.05,35,"demo_00 +10,-15 deg",True,0.007438376192727243,0.0,0.005911892914884465
0.5,0.9,0.05,36,"demo_00 +10,-10 deg",True,0.0023575119890365524,0.0,0.005913387704978955
0.5,0.9,0.05,37,"demo_00 +10,-5 deg",True,0.0010426252086432194,0.0,0.005914380557397261
0.5,0.9,0.05,38,"demo_00 +10,+0 deg",False,0.001586267677102445,1.6430176271059849,nan
0.5,0.9,0.05,39,"demo_00 +10,+5 deg",False,0.002345722689342827,2.2470133203882905,nan
0.5,0.9,0.05,40,"demo_00 +10,+10 deg",False,0.005831631604446379,2.2810699766234688,nan
0.5,0.9,0.05,41,"demo_00 +10,+15 deg",False,0.011383946668703196,1.9196636457699732,nan
0.5,0.9,0.05,42,"demo_00 +15,-15 deg",True,0.0038834234009907796,0.0,0.005913157152818279
0.5,0.9,0.05,43,"demo_00 +15,-10 deg",True,0.0011290180553897137,0.0,0.005915708717821305
0.5,0.9,0.05,44,"demo_00 +15,-5 deg",True,0.0019241186726783384,0.0,0.005914446320165564
0.5,0.9,0.05,45,"demo_00 +15,+0 deg",False,0.0016482917207841605,1.6197012979186085,nan
0.5,0.9,0.05,46,"demo_00 +15,+5 deg",False,0.00317760510631219,2.2118039574212944,nan
0.5,0.9,0.05,47,"demo_00 +15,+10 deg",False,0.007841641350064625,1.9518611373376644,nan
0.5,0.9,0.05,48,"demo_00 +15,+15 deg",False,0.01433154659755052,1.8389744651397342,nan
0.5,0.9,0.1,0,"demo_00 -15,-15 deg",False,0.1788154959841501,1.310945788419678,nan
0.5,0.9,0.1,1,"demo_00 -15,-10 deg",False,0.10589455066584555,1.2550307982211304,nan
0.5,0.9,0.1,2,"demo_00 -15,-5 deg",True,0.049083268654707794,0.0,0.005907131253051728
0.5,0.9,0.1,3,"demo_00 -15,+0 deg",False,0.012229589882276903,1.9442215926123603,nan
0.5,0.9,0.1,4,"demo_00 -15,+5 deg",False,0.007157650775008141,1.2851259342977266,nan
0.5,0.9,0.1,5,"demo_00 -15,+10 deg",False,0.0024993063278640924,1.6989314643913458,nan
0.5,0.9,0.1,6,"demo_00 -15,+15 deg",False,0.01992939427584488,1.2916027502818057,nan
0.5,0.9,0.1,7,"demo_00 -10,-15 deg",False,0.14839918163911836,1.2848057164670221,nan
0.5,0.9,0.1,8,"demo_00 -10,-10 deg",False,0.08358515358551456,1.392976653690662,nan
0.5,0.9,0.1,9,"demo_00 -10,-5 deg",True,0.03512057474266503,0.0,0.0059064689619016215
0.5,0.9,0.1,10,"demo_00 -10,+0 deg",False,0.0062093949156424594,1.5057892725515503,nan
0.5,0.9,0.1,11,"demo_00 -10,+5 deg",False,0.0028583671125179356,1.3550147991156092,nan
0.5,0.9,0.1,12,"demo_00 -10,+10 deg",False,0.008835915488875452,1.4027781226103921,nan
0.5,0.9,0.1,13,"demo_00 -10,+15 deg",False,0.03770748097632029,1.4002803542527298,nan
0.5,0.9,0.1,14,"demo_00 -5,-15 deg",False,0.1167916142929009,1.3921531138963257,nan
0.5,0.9,0.1,15,"demo_00 -5,-10 deg",True,0.06094127654556421,0.0,0.005907221117252426
0.5,0.9,0.1,16,"demo_00 -5,-5 deg",True,0.021687558234360596,0.0,0.005908019782206944
0.5,0.9,0.1,17,"demo_00 -5,+0 deg",True,0.0017772630371842674,0.0,0.005907805941149008
0.5,0.9,0.1,18,"demo_00 -5,+5 deg",False,0.002176885380277147,1.4906692747795462,nan
0.5,0.9,0.1,19,"demo_00 -5,+10 deg",False,0.021715394607694363,1.4284597112563455,nan
0.5,0.9,0.1,20,"demo_00 -5,+15 deg",False,0.057376446617419974,1.3535242621999317,nan
0.5,0.9,0.1,21,"demo_00 +0,-15 deg",False,0.08566589698101082,1.3698343467743954,nan
0.5,0.9,0.1,22,"demo_00 +0,-10 deg",True,0.03950710982115201,0.0,0.0059063264277448005
0.5,0.9,0.1,23,"demo_00 +0,-5 deg",True,0.010124717895299057,0.0,0.005907147078389547
0.5,0.9,0.1,24,demo_00,True,0.0002139298118293971,0.00452520648492856,0.0059062019472094105
0.5,0.9,0.1,25,"demo_00 +0,+5 deg",False,0.009498132648540051,1.5117618559599346,nan
0.5,0.9,0.1,26,"demo_00 +0,+10 deg",False,0.03727720824918241,1.5964421088729974,nan
0.5,0.9,0.1,27,"demo_00 +0,+15 deg",False,0.07979316476905078,1.3479708467798803,nan
0.5,0.9,0.1,28,"demo_00 +5,-15 deg",True,0.05677913136807268,0.0,0.005907198583571404
0.5,0.9,0.1,29,"demo_00 +5,-10 deg",True,0.020889412829602046,0.0,0.005907474562323321
0.5,0.9,0.1,30,"demo_00 +5,-5 deg",True,0.0019196034870456525,0.0,0.0059074055787248616
0.5,0.9,0.1,31,"demo_00 +5,+0 deg",False,0.0020440260287161883,1.4897780328865313,nan
0.5,0.9,0.1,32,"demo_00 +5,+5 deg",False,0.020566646977422685,1.4610016981265566,nan
0.5,0.9,0.1,33,"demo_00 +5,+10 deg",False,0.05648337350947821,1.3965997635862124,nan
0.5,0.9,0.1,34,"demo_00 +5,+15 deg",False,0.10566346060424052,1.4214276737507598,nan
0.5,0.9,0.1,35,"demo_00 +10,-15 deg",True,0.03191083404165583,0.0,0.005908119444814842
0.5,0.9,0.1,36,"demo_00 +10,-10 deg",True,0.006740115602234235,0.0,0.005907720604051054
0.5,0.9,0.1,37,"demo_00 +10,-5 deg",True,0.002623500264834626,0.0,0.005907039706542683
0.5,0.9,0.1,38,"demo_00 +10,+0 deg",False,0.008702807109211686,1.6547506780533694,nan
0.5,0.9,0.1,39,"demo_00 +10,+5 deg",False,0.036358780596481476,1.6237990074835098,nan
0.5,0.9,0.1,40,"demo_00 +10,+10 deg",False,0.08009209860581869,1.3287402259645837,nan
0.5,0.9,0.1,41,"demo_00 +10,+15 deg",False,0.13551596647626848,1.4605590181662023,nan
0.5,0.9,0.1,42,"demo_00 +15,-15 deg",True,0.012805593048276429,0.0,0.005907572378919858
0.5,0.9,0.1,43,"demo_00 +15,-10 deg",True,0.002418616835319917,0.0,0.005907542212293653
0.5,0.9,0.1,44,"demo_00 +15,-5 deg",False,0.003908951035076672,1.5490366329739822,nan
0.5,0.9,0.1,45,"demo_00 +15,+0 deg",False,0.02117760011934693,1.448415456601527,nan
0.5,0.9,0.1,46,"demo_00 +15,+5 deg",False,0.057636571938158604,1.3672657833867086,nan
0.5,0.9,0.1,47,"demo_00 +15,+10 deg",False,0.10865677848302147,1.3553842998516976,nan
0.5,0.9,0.1,48,"demo_00 +15,+15 deg",False,0.16969533327352732,1.3228090655983764,nan
0.5,1.05,0.01,0,"demo_00 -15,-15 deg",True,0.013980646214927702,0.0,0.0049704316081949544
0.5,1.05,0.01,1,"demo_00 -15,-10 deg",True,0.01023729604371586,0.0,0.0047244940228847515
0.5,1.05,0.01,2,"demo_00 -15,-5 deg",True,0.006761465163405673,0.0,0.005527096009323831
0.5,1.05,0.01,3,"demo_00 -15,+0 deg",True,0.0036241107683315293,0.0,0.00566628232083798
0.5,1.05,0.01,4,"demo_00 -15,+5 deg",False,0.0013963569044083564,2.4000713992329756,nan
0.5,1.05,0.01,5,"demo_00 -15,+10 deg",False,0.0027119251890307667,2.20917829818117,nan
0.5,1.05,0.01,6,"demo_00 -15,+15 deg",False,0.005015189748277814,2.1866001394657886,nan
0.5,1.05,0.01,7,"demo_00 -10,-15 deg",True,0.012358231074440063,0.0,0.004847251512495723
0.5,1.05,0.01,8,"demo_00 -10,-10 deg",True,0.008755037490107115,0.0,0.004976628239827018
0.5,1.05,0.01,9,"demo_00 -10,-5 deg",True,0.0054132408262450365,0.0,0.005611607325178849
0.5,1.05,0.01,10,"demo_00 -10,+0 deg",True,0.0023950366247798773,0.0,0.005669650188446248
0.5,1.05,0.01,11,"demo_00 -10,+5 deg",False,0.0009979000513378566,2.3164308082156366,nan
0.5,1.05,0.01,12,"demo_00 -10,+10 deg",False,0.003231616579888492,2.397812132474038,nan
0.5,1.05,0.01,13,"demo_00 -10,+15 deg",False,0.00548382439717481,2.3686187809309014,nan
0.5,1.05,0.01,14,"demo_00 -5,-15 deg",True,0.010654457529039789,0.0,0.004589264987511894
0.5,1.05,0.01,15,"demo_00 -5,-10 deg",True,0.007198493545105599,0.0,0.005273557003364476
0.5,1.05,0.01,16,"demo_00 -5,-5 deg",True,0.003998841111435337,0.0,0.005645476047022341
0.5,1.05,0.01,17,"demo_00 -5,+0 deg",True,0.0010970029322678982,0.0,0.005671750252760777
0.5,1.05,0.01,18,"demo_00 -5,+5 deg",False,0.0016265924994255541,2.294701850361296,nan
0.5,1.05,0.01,19,"demo_00 -5,+10 deg",False,0.003980775269773959,2.3718972874434594,nan
0.5,1.05,0.01,20,"demo_00 -5,+15 deg",False,0.0060816789194000605,2.5017819512585335,nan
0.5,1.05,0.01,21,"demo_00 +0,-15 deg",True,0.008869559163291135,0.0,0.004684575856317601
0.5,1.05,0.01,22,"demo_00 +0,-10 deg",True,0.00557077344916092,0.0,0.005499179138671491
0.5,1.05,0.01,23,"demo_00 +0,-5 deg",True,0.0025322300162303,0.0,0.005662161854229253
0.5,1.05,0.01,24,demo_00,True,0.00028811753330170304,0.0057714163725921235,0.0056709100668074245
0.5,1.05,0.01,25,"demo_00 +0,+5 deg",False,0.0027154196355782512,2.4994564636170677,nan
0.5,1.05,0.01,26,"demo_00 +0,+10 deg",False,0.004896508917348955,2.5651131663010354,nan
0.5,1.05,0.01,27,"demo_00 +0,+15 deg",False,0.006801195735672037,2.4939509776340336,nan
0.5,1.05,0.01,28,"demo_00 +5,-15 deg",True,0.007004736830486896,0.0,0.00494174242079213
0.5,1.05,0.01,29,"demo_00 +5,-10 deg",True,0.0038819981229502526,0.0,0.0056127577511879715
0.5,1.05,0.01,30,"demo_00 +5,-5 deg",True,0.0011138489660859994,0.0,0.005671655665065082
0.5,1.05,0.01,31,"demo_00 +5,+0 deg",False,0.0017202791779307332,2.353269728916871,nan
0.5,1.05,0.01,32,"demo_00 +5,+5 deg",False,0.003960607336000122,2.295436041215204,nan
0.5,1.05,0.01,33,"demo_00 +5,+10 deg",False,0.005939150175135357,2.340364297089822,nan
0.5,1.05,0.01,34,"demo_00 +5,+15 deg",False,0.007633464833328077,2.471635717460574,nan
0.5,1.05,0.01,35,"demo_00 +10,-15 deg",True,0.005064098880407509,0.0,0.005286635507161857
0.5,1.05,0.01,36,"demo_00 +10,-10 deg",True,0.0021787147378581435,0.0,0.005659637135169379
0.5,1.05,0.01,37,"demo_00 +10,-5 deg",True,0.0010912284205579603,0.0,0.0056720779387873085
0.5,1.05,0.01,38,"demo_00 +10,+0 deg",False,0.0032333546481965263,2.2569599597078223,nan
0.5,1.05,0.01,39,"demo_00 +10,+5 deg",False,0.005303435005568546,2.3211237598661043,nan
0.5,1.05,0.01,40,"demo_00 +10,+10 deg",False,0.007086159453292816,2.479418757909281,nan
0.5,1.05,0.01,41,"demo_00 +10,+15 deg",False,0.00857003865623459,2.41170190072173,0.3679001232315559
0.5,1.05,0.01,42,"demo_00 +15,-15 deg",True,0.0030646164549018662,0.0,0.005560631175969225
0.5,1.05,0.01,43,"demo_00 +15,-10 deg",True,0.0009641937553451749,0.0,0.005679260716872009
0.5,1.05,0.01,44,"demo_00 +15,-5 deg",True,0.002649382903950949,0.0,0.0056726498421470475
0.5,1.05,0.01,45,"demo_00 +15,+0 deg",False,0.0048196572688794384,2.3186570491854033,nan
0.5,1.05,0.01,46,"demo_00 +15,+5 deg",False,0.006728329074984176,2.4862146455790453,nan
0.5,1.05,0.01,47,"demo_00 +15,+10 deg",False,0.00832480082430607,2.4288201265407965,nan
0.5,1.05,0.01,48,"demo_00 +15,+15 deg",False,0.009603720003807013,2.3799745148660985,nan
0.5,1.05,0.02,0,"demo_00 -15,-15 deg",True,0.014079430954508618,0.0,0.005136672813546493
0.5,1.05,0.02,1,"demo_00 -15,-10 deg",True,0.009874356768653367,0.0,0.0055773723438488215
0.5,1.05,0.02,2,"demo_00 -15,-5 deg",True,0.006292793401450323,0.0,0.005765283448412151
0.5,1.05,0.02,3,"demo_00 -15,+0 deg",True,0.003307675707688641,0.0,0.005774114964382162
0.5,1.05,0.02,4,"demo_00 -15,+5 deg",True,0.0009014470974470163,0.0,0.005776474470897674
0.5,1.05,0.02,5,"demo_00 -15,+10 deg",True,0.0012275613367725249,0.2960113815716432,0.005778525252198725
0.5,1.05,0.02,6,"demo_00 -15,+15 deg",False,0.002855301350714677,1.1161829497361888,nan
0.5,1.05,0.02,7,"demo_00 -10,-15 deg",True,0.012560533282764037,0.0,0.005343512603566201
0.5,1.05,0.02,8,"demo_00 -10,-10 deg",True,0.00849215959183633,0.0,0.005719990864572205
0.5,1.05,0.02,9,"demo_00 -10,-5 deg",True,0.005034786368047938,0.0,0.005775018185768428
0.5,1.05,0.02,10,"demo_00 -10,+0 deg",True,0.0021685879729008957,0.0,0.00577497107302787
0.5,1.05,0.02,11,"demo_00 -10,+5 deg",True,0.00040178562167530617,0.3666159923000747,0.005776257874978194
0.5,1.05,0.02,12,"demo_00 -10,+10 deg",False,0.0021466681049832465,1.184360956953872,nan
0.5,1.05,0.02,13,"demo_00 -10,+15 deg",False,0.003697483469093453,1.2678411588669314,nan
0.5,1.05,0.02,14,"demo_00 -5,-15 deg",True,0.010951634440812964,0.0,0.005547993706965751
0.5,1.05,0.02,15,"demo_00 -5,-10 deg",True,0.007040469349948691,0.0,0.005763958243045443
0.5,1.05,0.02,16,"demo_00 -5,-5 deg",True,0.003730158532934195,0.0,0.0057754791816888125
0.5,1.05,0.02,17,"demo_00 -5,+0 deg",True,0.0010036247790840792,0.0,0.005776475754816104
0.5,1.05,0.02,18,"demo_00 -5,+5 deg",True,0.0012322327702295464,0.4814118651370909,0.005778645795826482
0.5,1.05,0.02,19,"demo_00 -5,+10 deg",False,0.002987258167765515,1.356254327204672,nan
0.5,1.05,0.02,20,"demo_00 -5,+15 deg",False,0.004400592610825886,1.1758396367879893,nan
0.5,1.05,0.02,21,"demo_00 +0,-15 deg",True,0.009231903846276215,0.0,0.0056872739503355035
0.5,1.05,0.02,22,"demo_00 +0,-10 deg",True,0.00549755571389582,0.0,0.005774503733377668
0.5,1.05,0.02,23,"demo_00 +0,-5 deg",True,0.0023601130894420155,0.0,0.0057784153484194065
0.5,1.05,0.02,24,demo_00,True,0.0002506704829439609,0.0047563599718642696,0.0057746464914193345
0.5,1.05,0.02,25,"demo_00 +0,+5 deg",False,0.0022456479974513432,1.4024734217277013,nan
0.5,1.05,0.02,26,"demo_00 +0,+10 deg",False,0.0038179902665581387,1.3582290324663826,nan
0.5,1.05,0.02,27,"demo_00 +0,+15 deg",False,0.00503297637059157,1.276827454081008,nan
0.5,1.05,0.02,28,"demo_00 +5,-15 deg",True,0.007384425874396151,0.0,0.005747378667714415
0.5,1.05,0.02,29,"demo_00 +5,-10 deg",True,0.0038549122095449186,0.0,0.0057750494247429725
0.5,1.05,0.02,30,"demo_00 +5,-5 deg",True,0.0010098557764783968,0.0,0.005775430962943132
0.5,1.05,0.02,31,"demo_00 +5,+0 deg",True,0.0015904105777299735,0.4653067871550519,0.005778035771918344
0.5,1.05,0.02,32,"demo_00 +5,+5 deg",False,0.003373580582653032,1.3840183358514666,nan
0.5,1.05,0.02,33,"demo_00 +5,+10 deg",False,0.004714255113693758,1.1910221608093547,nan
0.5,1.05,0.02,34,"demo_00 +5,+15 deg",False,0.0056792031306619325,1.2659081480109806,nan
0.5,1.05,0.02,35,"demo_00 +10,-15 deg",True,0.0053993865234203044,0.0,0.005766702289777076
0.5,1.05,0.02,36,"demo_00 +10,-10 deg",True,0.002161685507346164,0.0,0.005774310176150463
0.5,1.05,0.02,37,"demo_00 +10,-5 deg",True,0.0011781492688069403,0.0,0.005776156281031835
0.5,1.05,0.02,38,"demo_00 +10,+0 deg",True,0.0030835472011614402,0.4417994151393039,0.005775521935495112
0.5,1.05,0.02,39,"demo_00 +10,+5 deg",False,0.004652959857526838,1.2475527414575833,nan
0.5,1.05,0.02,40,"demo_00 +10,+10 deg",False,0.005747446300510367,1.1612313513750725,nan
0.5,1.05,0.02,41,"demo_00 +10,+15 deg",False,0.006432788718083451,1.2079573902557954,nan
0.5,1.05,0.02,42,"demo_00 +15,-15 deg",True,0.003291384890306231,0.0,0.005774317170725628
0.5,1.05,0.02,43,"demo_00 +15,-10 deg",True,0.001126954750732037,0.0,0.005775678428038146
0.5,1.05,0.02,44,"demo_00 +15,-5 deg",True,0.0028668096507989257,0.0,0.005774730868215135
0.5,1.05,0.02,45,"demo_00 +15,+0 deg",True,0.004746888879192769,0.40844188698049033,0.0057784864583814545
0.5,1.05,0.02,46,"demo_00 +15,+5 deg",False,0.00611750360518705,1.2820243505336768,nan
0.5,1.05,0.02,47,"demo_00 +15,+10 deg",False,0.006975941252000276,1.2051493122098151,nan
0.5,1.05,0.02,48,"demo_00 +15,+15 deg",False,0.0073823407636144575,1.1578776405031157,nan
0.5,1.05,0.03,0,"demo_00 -15,-15 deg",True,0.017661846994516686,0.0,0.005475095939236312
0.5,1.05,0.03,1,"demo_00 -15,-10 deg",True,0.012022831268032184,0.0,0.005781206358057231
0.5,1.05,0.03,2,"demo_00 -15,-5 deg",True,0.007426621366289596,0.0,0.005836720691027825
0.5,1.05,0.03,3,"demo_00 -15,+0 deg",True,0.003806911773834023,0.0,0.005836119371072593
0.5,1.05,0.03,4,"demo_00 -15,+5 deg",True,0.0010460503440780865,0.0,0.0058380103534483915
0.5,1.05,0.03,5,"demo_00 -15,+10 deg",True,0.0010388036136496086,0.153807580340534,0.005837174832237752
0.5,1.05,0.03,6,"demo_00 -15,+15 deg",True,0.002684148504531098,0.31345416541298776,0.005836740045457401
0.5,1.05,0.03,7,"demo_00 -10,-15 deg",True,0.015281416584480269,0.0,0.005651695644720527
0.5,1.05,0.03,8,"demo_00 -10,-10 deg",True,0.010006966776555031,0.0,0.005828903795769638
0.5,1.05,0.03,9,"demo_00 -10,-5 deg",True,0.005732129677100256,0.0,0.005836626288806001
0.5,1.05,0.03,10,"demo_00 -10,+0 deg",True,0.0023857841855179553,0.0,0.005839032420573358
0.5,1.05,0.03,11,"demo_00 -10,+5 deg",True,0.00023577388370957483,0.17118947379185032,0.005837949759834877
0.5,1.05,0.03,12,"demo_00 -10,+10 deg",True,0.002123031184003756,0.3071146779032668,0.005839726514550804
0.5,1.05,0.03,13,"demo_00 -10,+15 deg",True,0.003710819881631276,0.6067200864073851,0.005836703290675733
0.5,1.05,0.03,14,"demo_00 -5,-15 deg",True,0.012924740143629206,0.0,0.005780564654469313
0.5,1.05,0.03,15,"demo_00 -5,-10 deg",True,0.008028784563019776,0.0,0.005836635254948232
0.5,1.05,0.03,16,"demo_00 -5,-5 deg",True,0.0040969960972760565,0.0,0.005837462494015969
0.5,1.05,0.03,17,"demo_00 -5,+0 deg",True,0.001056437834796889,0.0,0.005838945714548666
0.5,1.05,0.03,18,"demo_00 -5,+5 deg",True,0.001248160030688065,0.3538340277897153,0.005839803214153291
0.5,1.05,0.03,19,"demo_00 -5,+10 deg",True,0.002990188284502052,0.49407195280775384,0.005837349441152528
0.5,1.05,0.03,20,"demo_00 -5,+15 deg",True,0.004450984650856396,0.8190900625900418,0.0058384086923674895
0.5,1.05,0.03,21,"demo_00 +0,-15 deg",True,0.010574825306642515,0.0,0.005823994141761822
0.5,1.05,0.03,22,"demo_00 +0,-10 deg",True,0.006070941334794958,0.0,0.005835761698455244
0.5,1.05,0.03,23,"demo_00 +0,-5 deg",True,0.002505816713166313,0.0,0.005839706336798148
0.5,1.05,0.03,24,demo_00,True,0.00024487412183605634,0.0044242030690913575,0.005837894576500807
0.5,1.05,0.03,25,"demo_00 +0,+5 deg",True,0.0021916589064374823,0.41521318494039544,0.005838995262047759
0.5,1.05,0.03,26,"demo_00 +0,+10 deg",True,0.003665830656812,0.6609016422351899,0.005839674182454838
0.5,1.05,0.03,27,"demo_00 +0,+15 deg",True,0.004917755668180845,1.1099992711547881,0.005839047917897998
0.5,1.05,0.03,28,"demo_00 +5,-15 deg",True,0.008217140394061349,0.0,0.005832129704855258
0.5,1.05,0.03,29,"demo_00 +5,-10 deg",True,0.0041285697834072795,0.0,0.005839926754980856
0.5,1.05,0.03,30,"demo_00 +5,-5 deg",True,0.0010472152821427603,0.0,0.005839707954019145
0.5,1.05,0.03,31,"demo_00 +5,+0 deg",True,0.001516260461467752,0.33166565333408027,0.005836022915013078
0.5,1.05,0.03,32,"demo_00 +5,+5 deg",True,0.003092267487204305,0.4409151377135951,0.005838536451574398
0.5,1.05,0.03,33,"demo_00 +5,+10 deg",True,0.004211647692542872,0.9897061646709778,0.005840029088730161
0.5,1.05,0.03,34,"demo_00 +5,+15 deg",True,0.005154529903465368,0.9783220205700172,0.005281645182175044
0.5,1.05,0.03,35,"demo_00 +10,-15 deg",True,0.005843726140753943,0.0,0.005837090008973422
0.5,1.05,0.03,36,"demo_00 +10,-10 deg",True,0.0022603721707186064,0.0,0.005838792677816104
0.5,1.05,0.03,37,"demo_00 +10,-5 deg",True,0.0011780334458748843,0.0,0.005836706897276181
0.5,1.05,0.03,38,"demo_00 +10,+0 deg",True,0.0028380769819216513,0.32008646130321594,0.005837876240991253
0.5,1.05,0.03,39,"demo_00 +10,+5 deg",True,0.004016203035528232,0.49236912241583186,0.00583645007464205
0.5,1.05,0.03,40,"demo_00 +10,+10 deg",True,0.004712880328645965,1.2271762820592276,0.005836628406175257
0.5,1.05,0.03,41,"demo_00 +10,+15 deg",True,0.005235456087331074,0.9006108909253787,0.005838231613335592
0.5,1.05,0.03,42,"demo_00 +15,-15 deg",True,0.003474121404198105,0.0,0.00583850870983143
0.5,1.05,0.03,43,"demo_00 +15,-10 deg",True,0.0012143024771690963,0.0,0.005836842252194566
0.5,1.05,0.03,44,"demo_00 +15,-5 deg",True,0.002769294060447946,0.0,0.005838021500590519
0.5,1.05,0.03,45,"demo_00 +15,+0 deg",True,0.004238067922343047,0.2838276458981142,0.005839662263193787
0.5,1.05,0.03,46,"demo_00 +15,+5 deg",True,0.005028567988296284,0.5154193435195961,0.0058370876950310895
0.5,1.05,0.03,47,"demo_00 +15,+10 deg",False,0.005273544021702191,1.0431011522389741,0.005863048498725719
0.5,1.05,0.03,48,"demo_00 +15,+15 deg",True,0.005277816283795913,1.0182363299286397,0.005361096400290932
0.5,1.05,0.05,0,"demo_00 -15,-15 deg",True,0.049708296349206704,0.0,0.005880428340655538
0.5,1.05,0.05,1,"demo_00 -15,-10 deg",True,0.03119336892886278,0.0,0.005928176917069155
0.5,1.05,0.05,2,"demo_00 -15,-5 deg",True,0.016584435577929355,0.0,0.005923393021533679
0.5,1.05,0.05,3,"demo_00 -15,+0 deg",True,0.005985548986667169,0.0,0.005924135996587562
0.5,1.05,0.05,4,"demo_00 -15,+5 deg",True,0.0008752254858627336,0.020141270820004442,0.005923659427794452
0.5,1.05,0.05,5,"demo_00 -15,+10 deg",False,0.004037205341072215,2.282250076515168,nan
0.5,1.05,0.05,6,"demo_00 -15,+15 deg",False,0.00501290683260358,1.8382347208275074,nan
0.5,1.05,0.05,7,"demo_00 -10,-15 deg",True,0.039988663918451135,0.0,0.005928453450779227
0.5,1.05,0.05,8,"demo_00 -10,-10 deg",True,0.023880880667075815,0.0,0.0059236283477810655
0.5,1.05,0.05,9,"demo_00 -10,-5 deg",True,0.011649765415858512,0.0,0.005923571540830347
0.5,1.05,0.05,10,"demo_00 -10,+0 deg",True,0.0033481517003307497,0.0,0.005923412538582128
0.5,1.05,0.05,11,"demo_00 -10,+5 deg",False,0.0012965211453891705,2.54712967992244,nan
0.5,1.05,0.05,12,"demo_00 -10,+10 deg",False,0.003343927445243187,2.441463340214007,nan
0.5,1.05,0.05,13,"demo_00 -10,+15 deg",False,0.005738244608901316,2.401768099512071,nan
0.5,1.05,0.05,14,"demo_00 -5,-15 deg",True,0.03100283163174727,0.0,0.00592988248677026
0.5,1.05,0.05,15,"demo_00 -5,-10 deg",True,0.01726431876064485,0.0,0.005923798257663276
0.5,1.05,0.05,16,"demo_00 -5,-5 deg",True,0.007357699227030713,0.0,0.0059247665199943095
0.5,1.05,0.05,17,"demo_00 -5,+0 deg",True,0.0012539108572804701,0.0,0.0059242207971132365
0.5,1.05,0.05,18,"demo_00 -5,+5 deg",False,0.0017194903659065461,1.6347421296074136,nan
0.5,1.05,0.05,19,"demo_00 -5,+10 deg",False,0.004092903834862959,2.5489310747953158,nan
0.5,1.05,0.05,20,"demo_00 -5,+15 deg",False,0.009062639812824935,2.263479408428375,nan
0.5,1.05,0.05,21,"demo_00 +0,-15 deg",True,0.022874950818893965,0.0,0.005925067324524814
0.5,1.05,0.05,22,"demo_00 +0,-10 deg",True,0.01147231665162268,0.0,0.005923654913536599
0.5,1.05,0.05,23,"demo_00 +0,-5 deg",True,0.0038475518164348852,0.0,0.005924007036686108
0.5,1.05,0.05,24,demo_00,True,0.00023053172806576912,0.005686683856594575,0.00592508265246519
0.5,1.05,0.05,25,"demo_00 +0,+5 deg",False,0.002263109889257137,2.0105394136905765,nan
0.5,1.05,0.05,26,"demo_00 +0,+10 deg",False,0.00623934324860432,1.6611304260368693,nan
0.5,1.05,0.05,27,"demo_00 +0,+15 deg",False,0.013466763441912586,1.1100284536163203,nan
0.5,1.05,0.05,28,"demo_00 +5,-15 deg",True,0.015719654831055058,0.0,0.005925810526106974
0.5,1.05,0.05,29,"demo_00 +5,-10 deg",True,0.006637842026221937,0.0,0.005923887261556835
0.5,1.05,0.05,30,"demo_00 +5,-5 deg",True,0.0013725941185352328,0.0,0.005925713339806924
0.5,1.05,0.05,31,"demo_00 +5,+0 deg",False,0.0010117580873926237,1.7503801327109891,nan
0.5,1.05,0.05,32,"demo_00 +5,+5 deg",False,0.0033432975890020093,1.183009058190685,nan
0.5,1.05,0.05,33,"demo_00 +5,+10 deg",False,0.009328035885466015,1.1271267162026577,nan
0.5,1.05,0.05,34,"demo_00 +5,+15 deg",False,0.01852494057636466,1.066082838019162,nan
0.5,1.05,0.05,35,"demo_00 +10,-15 deg",True,0.009646496398950993,0.0,0.005925671186086596
0.5,1.05,0.05,36,"demo_00 +10,-10 deg",True,0.002967687409047911,0.0,0.005925126587515769
0.5,1.05,0.05,37,"demo_00 +10,-5 deg",True,0.0011380507644854466,0.0,0.005924259340296951
0.5,1.05,0.05,38,"demo_00 +10,+0 deg",False,0.0013151904029781408,1.1943998588922775,nan
0.5,1.05,0.05,39,"demo_00 +10,+5 deg",False,0.005271401891237973,1.1319519302439345,nan
0.5,1.05,0.05,40,"demo_00 +10,+10 deg",False,0.013207084967603278,1.0731711685225727,nan
0.5,1.05,0.05,41,"demo_00 +10,+15 deg",False,0.024176400140658062,1.0239895526736555,nan
0.5,1.05,0.05,42,"demo_00 +15,-15 deg",True,0.004785782892855933,0.0,0.0059258473911445704
0.5,1.05,0.05,43,"demo_00 +15,-10 deg",True,0.0014291641773185348,0.0,0.005925856532336089
0.5,1.05,0.05,44,"demo_00 +15,-5 deg",True,0.0016594631834819435,0.0,0.005925652954993739
0.5,1.05,0.05,45,"demo_00 +15,+0 deg",False,0.0019733245666914917,1.1444745344394884,nan
0.5,1.05,0.05,46,"demo_00 +15,+5 deg",False,0.008150328078359272,1.329177723622137,nan
0.5,1.05,0.05,47,"demo_00 +15,+10 deg",False,0.017872994182017755,1.0214286153419536,nan
0.5,1.05,0.05,48,"demo_00 +15,+15 deg",False,0.03044479871687343,0.9724071347482115,nan
0.5,1.05,0.1,0,"demo_00 -15,-15 deg",False,0.3281089128675635,2.168218381194376,nan
0.5,1.05,0.1,1,"demo_00 -15,-10 deg",False,0.20112758299201638,1.5767435524056632,nan
0.5,1.05,0.1,2,"demo_00 -15,-5 deg",False,0.10042426405339318,1.137328537075117,nan
0.5,1.05,0.1,3,"demo_00 -15,+0 deg",False,0.035948405416984415,1.711590814796093,nan
0.5,1.05,0.1,4,"demo_00 -15,+5 deg",False,0.01247013090659813,1.6439241774509559,nan
0.5,1.05,0.1,5,"demo_00 -15,+10 deg",False,0.009489899530066216,2.019415932903447,nan
0.5,1.05,0.1,6,"demo_00 -15,+15 deg",False,0.056393034596133935,1.1741430892320737,nan
0.5,1.05,0.1,7,"demo_00 -10,-15 deg",False,0.26960208634389726,1.7675464996175496,nan
0.5,1.05,0.1,8,"demo_00 -10,-10 deg",False,0.15494283268420367,2.3887244038344244,nan
0.5,1.05,0.1,9,"demo_00 -10,-5 deg",False,0.06762833830933784,2.330237545662971,nan
0.5,1.05,0.1,10,"demo_00 -10,+0 deg",False,0.01613445382175115,1.313877553624914,nan
0.5,1.05,0.1,11,"demo_00 -10,+5 deg",False,0.0022802099927029334,1.3020757999161003,nan
0.5,1.05,0.1,12,"demo_00 -10,+10 deg",False,0.024807002385942193,1.6749791546025428,nan
0.5,1.05,0.1,13,"demo_00 -10,+15 deg",False,0.08026037252211468,1.5942892360165009,nan
0.5,1.05,0.1,14,"demo_00 -5,-15 deg",False,0.2100102659858692,1.8299791049813376,nan
0.5,1.05,0.1,15,"demo_00 -5,-10 deg",False,0.11029062264881795,2.074379119922282,nan
0.5,1.05,0.1,16,"demo_00 -5,-5 deg",True,0.039218712051387807,0.0,0.005920853636100845
0.5,1.05,0.1,17,"demo_00 -5,+0 deg",False,0.0037777274795685444,1.3526105309027776,nan
0.5,1.05,0.1,18,"demo_00 -5,+5 deg",False,0.006245591668404261,1.2266453939078823,nan
0.5,1.05,0.1,19,"demo_00 -5,+10 deg",False,0.044945975348351375,1.7849888037178057,nan
0.5,1.05,0.1,20,"demo_00 -5,+15 deg",False,0.11000031954711315,0.9424330991137447,nan
0.5,1.05,0.1,21,"demo_00 +0,-15 deg",False,0.15214297794057283,1.8811273969234714,nan
0.5,1.05,0.1,22,"demo_00 +0,-10 deg",True,0.06956356412275666,0.0,0.0059213260889033024
0.5,1.05,0.1,23,"demo_00 +0,-5 deg",True,0.016928291827601666,0.0,0.00592082186223437
0.5,1.05,0.1,24,demo_00,True,0.00021684043671533256,0.0037089357329646556,0.005920409368119017
0.5,1.05,0.1,25,"demo_00 +0,+5 deg",False,0.020105765188735282,2.5789269384606857,nan
0.5,1.05,0.1,26,"demo_00 +0,+10 deg",False,0.07313579823696315,1.9967079384457356,nan
0.5,1.05,0.1,27,"demo_00 +0,+15 deg",False,0.1478599527752176,1.202367766665705,nan
0.5,1.05,0.1,28,"demo_00 +5,-15 deg",False,0.09914494378291094,1.9436673222608023,nan
0.5,1.05,0.1,29,"demo_00 +5,-10 deg",True,0.035460308573153215,0.0,0.00592083510320312
0.5,1.05,0.1,30,"demo_00 +5,-5 deg",True,0.0028614036174243675,0.0,0.0059205852886398186
0.5,1.05,0.1,31,"demo_00 +5,+0 deg",False,0.005847788313680753,1.6009421530133943,nan
0.5,1.05,0.1,32,"demo_00 +5,+5 deg",False,0.04376017144900237,1.3265308388471895,nan
0.5,1.05,0.1,33,"demo_00 +5,+10 deg",False,0.11109691716718081,0.9512165810837167,nan
0.5,1.05,0.1,34,"demo_00 +5,+15 deg",False,0.19473151768898414,1.2819733403303093,nan
0.5,1.05,0.1,35,"demo_00 +10,-15 deg",False,0.05429502601016006,0.0,0.006091509491777271
0.5,1.05,0.1,36,"demo_00 +10,-10 deg",True,0.010802492865332497,0.0,0.005920741875900868
0.5,1.05,0.1,37,"demo_00 +10,-5 deg",True,0.0034127896496206774,0.0,0.005920288829602447
0.5,1.05,0.1,38,"demo_00 +10,+0 deg",False,0.022731815072115604,2.1315011651281104,nan
0.5,1.05,0.1,39,"demo_00 +10,+5 deg",False,0.0783300218305566,2.2654720267708424,nan
0.5,1.05,0.1,40,"demo_00 +10,+10 deg",False,0.15911561620166872,1.1657458480093759,nan
0.5,1.05,0.1,41,"demo_00 +10,+15 deg",False,0.25027269730955726,1.2421686600650028,nan
0.5,1.05,0.1,42,"demo_00 +15,-15 deg",True,0.020798644787720463,0.0,0.005920659657520341
0.5,1.05,0.1,43,"demo_00 +15,-10 deg",True,0.00317199595210976,0.0,0.005920113997347132
0.5,1.05,0.1,44,"demo_00 +15,-5 deg",False,0.010494266953219878,1.002818473278496,nan
0.5,1.05,0.1,45,"demo_00 +15,+0 deg",False,0.051675039536838566,1.4232927581172778,nan
0.5,1.05,0.1,46,"demo_00 +15,+5 deg",False,0.12402669198732545,0.8834843365836348,nan
0.5,1.05,0.1,47,"demo_00 +15,+10 deg",False,0.2165763814803396,1.2131168884944512,nan
0.5,1.05,0.1,48,"demo_00 +15,+15 deg",False,0.3132345153917615,1.1548647279534794,nan
0.5,1.2,0.01,0,"demo_00 -15,-15 deg",True,0.014399798676550586,0.0,0.004607963331355101
0.5,1.2,0.01,1,"demo_00 -15,-10 deg",True,0.010635422798227613,0.0,0.004813271572452956
0.5,1.2,0.01,2,"demo_00 -15,-5 deg",True,0.007036437841176699,0.0,0.005405637030803758
0.5,1.2,0.01,3,"demo_00 -15,+0 deg",True,0.0036497348087285806,0.0,0.0054480468688776415
0.5,1.2,0.01,4,"demo_00 -15,+5 deg",True,0.001218736440898074,2.4131446352304686,0.004730632383938203
0.5,1.2,0.01,5,"demo_00 -15,+10 deg",True,0.0034027973131524406,2.4020359535422005,0.0047314166854925555
0.5,1.2,0.01,6,"demo_00 -15,+15 deg",True,0.006499177336037044,2.3730761130514177,0.004729877790130722
0.5,1.2,0.01,7,"demo_00 -10,-15 deg",True,0.012809057754496485,0.0,0.0045464804465796494
0.5,1.2,0.01,8,"demo_00 -10,-10 deg",True,0.009157795537119234,0.0,0.005141661495389242
0.5,1.2,0.01,9,"demo_00 -10,-5 deg",True,0.005682270074081045,0.0,0.005438379949136481
0.5,1.2,0.01,10,"demo_00 -10,+0 deg",True,0.0024317443844952395,0.0,0.005447251969817818
0.5,1.2,0.01,11,"demo_00 -10,+5 deg",True,0.0012161481769077016,2.4745125356333957,0.004732417272015337
0.5,1.2,0.01,12,"demo_00 -10,+10 deg",True,0.004042805392955338,2.4348176467088196,0.004728482896825786
0.5,1.2,0.01,13,"demo_00 -10,+15 deg",True,0.006995178682231783,2.4726074531409794,0.0047282775085563875
0.5,1.2,0.01,14,"demo_00 -5,-15 deg",True,0.01112228565524915,0.0,0.004694205970355249
0.5,1.2,0.01,15,"demo_00 -5,-10 deg",True,0.0075927334801754506,0.0,0.00535374454520287
0.5,1.2,0.01,16,"demo_00 -5,-5 deg",True,0.004248721828546333,0.0,0.00544284712711407
0.5,1.2,0.01,17,"demo_00 -5,+0 deg",True,0.001127487171908925,0.0,0.005450511816011747
0.5,1.2,0.01,18,"demo_00 -5,+5 deg",True,0.0019563777115489604,2.5107852677853373,0.004732532644840063
0.5,1.2,0.01,19,"demo_00 -5,+10 deg",True,0.004781094593468634,2.479251000463628,0.004728699683617406
0.5,1.2,0.01,20,"demo_00 -5,+15 deg",True,0.007521565551647753,2.466864073215816,0.004728548573561835
0.5,1.2,0.01,21,"demo_00 +0,-15 deg",True,0.00933198218621831,0.0,0.00495255360563223
0.5,1.2,0.01,22,"demo_00 +0,-10 deg",True,0.005935216409640489,0.0,0.005428182701410984
0.5,1.2,0.01,23,"demo_00 +0,-5 deg",True,0.0027411320626481556,0.0,0.005444640855571499
0.5,1.2,0.01,24,demo_00,True,0.00028055474555835027,0.004756959242589438,0.005446873314958205
0.5,1.2,0.01,25,"demo_00 +0,+5 deg",True,0.0030348700334530618,2.5201081742693803,0.004732415946825275
0.5,1.2,0.01,26,"demo_00 +0,+10 deg",True,0.0056410278738735576,2.5325709066426545,0.004730964316055241
0.5,1.2,0.01,27,"demo_00 +0,+15 deg",True,0.008118108740658126,2.448868431043687,0.004724750439623348
0.5,1.2,0.01,28,"demo_00 +5,-15 deg",True,0.007432609854230263,0.0,0.005228726126315853
0.5,1.2,0.01,29,"demo_00 +5,-10 deg",True,0.004190056252391953,0.0,0.005444986804143663
0.5,1.2,0.01,30,"demo_00 +5,-5 deg",True,0.0012594704089758037,0.0,0.005448862267066284
0.5,1.2,0.01,31,"demo_00 +5,+0 deg",True,0.0017949841362419514,2.4889881046053,0.004732495858608394
0.5,1.2,0.01,32,"demo_00 +5,+5 deg",True,0.004302588415127057,2.487619964134724,0.004730449668866679
0.5,1.2,0.01,33,"demo_00 +5,+10 deg",True,0.006643595816856078,2.527678339533194,0.004730326969131527
0.5,1.2,0.01,34,"demo_00 +5,+15 deg",True,0.008824606242205203,2.467431958757652,0.004731015416501645
0.5,1.2,0.01,35,"demo_00 +10,-15 deg",True,0.00542322423947423,0.0,0.005381531032068301
0.5,1.2,0.01,36,"demo_00 +10,-10 deg",True,0.002408736982680343,0.0,0.005447287949862504
0.5,1.2,0.01,37,"demo_00 +10,-5 deg",True,0.0011768510379273657,0.0,0.005445942770202776
0.5,1.2,0.01,38,"demo_00 +10,+0 deg",True,0.0034341458036581327,2.4317865252019994,0.004729460668650409
0.5,1.2,0.01,39,"demo_00 +10,+5 deg",True,0.005729387071252518,2.4732970487480284,0.004731282823910035
0.5,1.2,0.01,40,"demo_00 +10,+10 deg",True,0.007805480319082027,2.390183504028476,0.004727159646889992
0.5,1.2,0.01,41,"demo_00 +10,+15 deg",True,0.009677385463493596,2.2599130019313165,0.004726179962440498
0.5,1.2,0.01,42,"demo_00 +15,-15 deg",True,0.0033210407912809144,0.0,0.005430274965568662
0.5,1.2,0.01,43,"demo_00 +15,-10 deg",True,0.0011550476540333778,0.0,0.005450863271754916
0.5,1.2,0.01,44,"demo_00 +15,-5 deg",True,0.0028696367627245706,0.0,0.005447878377942992
0.5,1.2,0.01,45,"demo_00 +15,+0 deg",True,0.005205367686627243,2.3948756523611836,0.004732146993887302
0.5,1.2,0.01,46,"demo_00 +15,+5 deg",True,0.007311447168472205,2.432454567032946,0.004730232687032769
0.5,1.2,0.01,47,"demo_00 +15,+10 deg",True,0.009138924106070537,2.3339324688730048,0.004724198138699649
0.5,1.2,0.01,48,"demo_00 +15,+15 deg",True,0.010706341844438005,2.3106773565453063,0.004725499607270971
0.5,1.2,0.02,0,"demo_00 -15,-15 deg",True,0.014147985029505409,0.0,0.005415952139980561
0.5,1.2,0.02,1,"demo_00 -15,-10 deg",True,0.010217102580453122,0.0,0.005709154089555244
0.5,1.2,0.02,2,"demo_00 -15,-5 deg",True,0.006721266100366917,0.0,0.00566188715617257
0.5,1.2,0.02,3,"demo_00 -15,+0 deg",True,0.00362562989419025,0.0,0.005657093654313381
0.5,1.2,0.02,4,"demo_00 -15,+5 deg",True,0.0008917395237905733,0.0,0.005660305531853406
0.5,1.2,0.02,5,"demo_00 -15,+10 deg",False,0.0017048403005070312,1.948123682497351,0.0046848378122202146
0.5,1.2,0.02,6,"demo_00 -15,+15 deg",False,0.004068920962337055,1.5458841449818814,0.004589202015313999
0.5,1.2,0.02,7,"demo_00 -10,-15 deg",True,0.012630513743968489,0.0,0.0055888645517957886
0.5,1.2,0.02,8,"demo_00 -10,-10 deg",True,0.00874679161987352,0.0,0.005656240209689668
0.5,1.2,0.02,9,"demo_00 -10,-5 deg",True,0.005307651265173385,0.0,0.005657562305571463
0.5,1.2,0.02,10,"demo_00 -10,+0 deg",True,0.0022947895436703438,0.0,0.005661076096190153
0.5,1.2,0.02,11,"demo_00 -10,+5 deg",True,0.0005314580643111631,1.842451491621424,0.005053071698760343
0.5,1.2,0.02,12,"demo_00 -10,+10 deg",False,0.002814351150946062,2.009072127270882,0.004520287153740366
0.5,1.2,0.02,13,"demo_00 -10,+15 deg",True,0.0050157962282015,1.1351778576079257,0.005256919966777744
0.5,1.2,0.02,14,"demo_00 -5,-15 deg",True,0.011086915673782519,0.0,0.005708274528873701
0.5,1.2,0.02,15,"demo_00 -5,-10 deg",True,0.007284488612418471,0.0,0.005658094180266655
0.5,1.2,0.02,16,"demo_00 -5,-5 deg",True,0.003940080235182345,0.0,0.005659316622755588
0.5,1.2,0.02,17,"demo_00 -5,+0 deg",True,0.0010490677588120938,0.0,0.0056608218793147615
0.5,1.2,0.02,18,"demo_00 -5,+5 deg",False,0.0014992123645829712,2.280679761739564,0.004615339892935039
0.5,1.2,0.02,19,"demo_00 -5,+10 deg",False,0.0036861456949430255,1.8635614323941292,0.004572905441002592
0.5,1.2,0.02,20,"demo_00 -5,+15 deg",False,0.0056600920261358975,1.1664202651938766,0.00567481908897376
0.5,1.2,0.02,21,"demo_00 +0,-15 deg",True,0.009451508918213742,0.0,0.005658612246226259
0.5,1.2,0.02,22,"demo_00 +0,-10 deg",True,0.005756555969376191,0.0,0.005658824713522682
0.5,1.2,0.02,23,"demo_00 +0,-5 deg",True,0.002539648471546295,0.0,0.005658118428916713
0.5,1.2,0.02,24,demo_00,True,0.0002460501437096408,0.0041511749554905076,0.0056583498266998475
0.5,1.2,0.02,25,"demo_00 +0,+5 deg",True,0.0025214250344689163,1.131767141372508,0.005657595940197331
0.5,1.2,0.02,26,"demo_00 +0,+10 deg",False,0.004459584798216779,1.5647849104840952,0.004571666745462502
0.5,1.2,0.02,27,"demo_00 +0,+15 deg",True,0.0061272332892648405,1.489479014378062,0.005004448516808798
0.5,1.2,0.02,28,"demo_00 +5,-15 deg",True,0.0076688003503898,0.0,0.005660125166919155
0.5,1.2,0.02,29,"demo_00 +5,-10 deg",True,0.0041126038580506985,0.0,0.005656997669522745
0.5,1.2,0.02,30,"demo_00 +5,-5 deg",True,0.0011583192129237918,7.046387499676753e-05,0.005657156563968817
0.5,1.2,0.02,31,"demo_00 +5,+0 deg",False,0.0016793215283763972,1.3081365281179012,0.004972846445069614
0.5,1.2,0.02,32,"demo_00 +5,+5 deg",False,0.0036929375026525987,1.3830865132267298,0.004533436693500779
0.5,1.2,0.02,33,"demo_00 +5,+10 deg",False,0.0053168602003451455,1.9558062354676664,0.004548859028723171
0.5,1.2,0.02,34,"demo_00 +5,+15 deg",False,0.006604309727680754,1.6360031789474796,0.004519589011651175
0.5,1.2,0.02,35,"demo_00 +10,-15 deg",True,0.005698884274004317,0.0,0.005659408915921909
0.5,1.2,0.02,36,"demo_00 +10,-10 deg",True,0.0023859686039748355,0.0,0.005656893503183956
0.5,1.2,0.02,37,"demo_00 +10,-5 deg",True,0.0013300850001321393,0.0,0.005657623393215008
0.5,1.2,0.02,38,"demo_00 +10,+0 deg",False,0.0033614728593330343,1.9504382463757979,0.004708514316903638
0.5,1.2,0.02,39,"demo_00 +10,+5 deg",False,0.005142342537820826,1.6276143760545418,0.004591611749995467
0.5,1.2,0.02,40,"demo_00 +10,+10 deg",True,0.006450214422319774,0.9810327017170842,0.00566142978572526
0.5,1.2,0.02,41,"demo_00 +10,+15 deg",False,0.0073302981156709406,1.542143035031819,0.004514799479579031
0.5,1.2,0.02,42,"demo_00 +15,-15 deg",True,0.003541235686009571,0.0,0.005658433325338837
0.5,1.2,0.02,43,"demo_00 +15,-10 deg",True,0.0013787014398517921,0.0,0.00566140262154378
0.5,1.2,0.02,44,"demo_00 +15,-5 deg",True,0.0032355567846510183,0.0,0.005661249300435273
0.5,1.2,0.02,45,"demo_00 +15,+0 deg",False,0.00535204509451157,1.934091890484174,0.00472889985451578
0.5,1.2,0.02,46,"demo_00 +15,+5 deg",False,0.006958988208041669,1.706988833376686,0.004648539649023995
0.5,1.2,0.02,47,"demo_00 +15,+10 deg",True,0.008009516025987316,0.9450531700134954,0.005660578704594381
0.5,1.2,0.02,48,"demo_00 +15,+15 deg",False,0.008534970190005303,1.6213941248755952,0.00451766966845186
0.5,1.2,0.03,0,"demo_00 -15,-15 deg",True,0.018364068332893425,0.0,0.005818114232294545
0.5,1.2,0.03,1,"demo_00 -15,-10 deg",True,0.012772902690675821,0.0,0.005738047215217896
0.5,1.2,0.03,2,"demo_00 -15,-5 deg",True,0.00814099547044287,0.0,0.005745217428534309
0.5,1.2,0.03,3,"demo_00 -15,+0 deg",True,0.004339135113173514,0.0,0.005745310762580625
0.5,1.2,0.03,4,"demo_00 -15,+5 deg",True,0.0011459260806838724,0.0,0.00574588043700993
0.5,1.2,0.03,5,"demo_00 -15,+10 deg",True,0.0017327805727847827,0.34184898043320067,0.00574852275530242
0.5,1.2,0.03,6,"demo_00 -15,+15 deg",True,0.004592388469630566,0.6236977990573279,0.005747767163137041
0.5,1.2,0.03,7,"demo_00 -10,-15 deg",True,0.015748920332718297,0.0,0.005745060773855285
0.5,1.2,0.03,8,"demo_00 -10,-10 deg",True,0.010489110056277184,0.0,0.005746708112535311
0.5,1.2,0.03,9,"demo_00 -10,-5 deg",True,0.006149790168003111,0.0,0.005746482302745065
0.5,1.2,0.03,10,"demo_00 -10,+0 deg",True,0.0026042404357813145,0.0,0.00574926033187467
0.5,1.2,0.03,11,"demo_00 -10,+5 deg",True,0.0004385873248855844,0.299687630899642,0.005745445835187173
0.5,1.2,0.03,12,"demo_00 -10,+10 deg",True,0.0031158114760938336,0.5672251605591122,0.0057466092542378475
0.5,1.2,0.03,13,"demo_00 -10,+15 deg",True,0.0058728679569789695,0.7558367099473342,0.005745830230064883
0.5,1.2,0.03,14,"demo_00 -5,-15 deg",True,0.013266165776133054,0.0,0.005742139178117046
0.5,1.2,0.03,15,"demo_00 -5,-10 deg",True,0.008358502883936962,0.0,0.0057465972270854745
0.5,1.2,0.03,16,"demo_00 -5,-5 deg",True,0.004348475138160756,0.0,0.005748494488308879
0.5,1.2,0.03,17,"demo_00 -5,+0 deg",True,0.0011159401674465694,0.0,0.005748266533817114
0.5,1.2,0.03,18,"demo_00 -5,+5 deg",True,0.0016065459200906701,0.579419255586521,0.005748496956288786
0.5,1.2,0.03,19,"demo_00 -5,+10 deg",True,0.0040814897697890725,0.6983472599671812,0.0057414150017585045
0.5,1.2,0.03,20,"demo_00 -5,+15 deg",True,0.006660862460282295,0.8320746730497223,0.005749171590236298
0.5,1.2,0.03,21,"demo_00 +0,-15 deg",True,0.010859004839686808,0.0,0.005744805898684095
0.5,1.2,0.03,22,"demo_00 +0,-10 deg",True,0.006321073693300138,0.0,0.005746346973876359
0.5,1.2,0.03,23,"demo_00 +0,-5 deg",True,0.002676631301484998,0.0,0.005748151245193976
0.5,1.2,0.03,24,demo_00,True,0.0002405764255304475,0.0043007106163004795,0.00574664052603904
0.5,1.2,0.03,25,"demo_00 +0,+5 deg",True,0.002538723419398837,0.665192200282668,0.005752444645623963
0.5,1.2,0.03,26,"demo_00 +0,+10 deg",True,0.0046775897723107,0.7538986878921955,0.0057473597699459235
0.5,1.2,0.03,27,"demo_00 +0,+15 deg",True,0.006983142428624779,0.8646404562050034,0.005747119825673834
0.5,1.2,0.03,28,"demo_00 +5,-15 deg",True,0.008475524493696119,0.0,0.005749297751823488
0.5,1.2,0.03,29,"demo_00 +5,-10 deg",True,0.004335705659969856,0.0,0.0057479503248072834
0.5,1.2,0.03,30,"demo_00 +5,-5 deg",True,0.0012072551859555907,0.0,0.0057455488888583815
0.5,1.2,0.03,31,"demo_00 +5,+0 deg",True,0.0015433292746239102,0.5348092634125905,0.005748416290136167
0.5,1.2,0.03,32,"demo_00 +5,+5 deg",True,0.0033446763715771145,0.6703212941831,0.005748803761836755
0.5,1.2,0.03,33,"demo_00 +5,+10 deg",True,0.004999194711309932,0.7628309603695248,0.005750111081904965
0.5,1.2,0.03,34,"demo_00 +5,+15 deg",True,0.006893422648222628,0.8527212678825595,0.005745880773718112
0.5,1.2,0.03,35,"demo_00 +10,-15 deg",True,0.006076177681085871,0.0,0.005745356577291641
0.5,1.2,0.03,36,"demo_00 +10,-10 deg",True,0.00245403099257393,0.0,0.0057449108185960865
0.5,1.2,0.03,37,"demo_00 +10,-5 deg",True,0.00134290098222124,0.0,0.005748236030813645
0.5,1.2,0.03,38,"demo_00 +10,+0 deg",True,0.0029290672707254434,0.5308361340205624,0.005747158273777701
0.5,1.2,0.03,39,"demo_00 +10,+5 deg",True,0.004184407018161087,0.6537712238909488,0.005745524833740814
0.5,1.2,0.03,40,"demo_00 +10,+10 deg",True,0.005201868376696027,0.746963818410339,0.0057476338666094685
0.5,1.2,0.03,41,"demo_00 +10,+15 deg",True,0.00648834184056018,0.8298387195741732,0.005746860895974483
0.5,1.2,0.03,42,"demo_00 +15,-15 deg",True,0.003664959571006065,0.0,0.005746183875507834
0.5,1.2,0.03,43,"demo_00 +15,-10 deg",True,0.0015153484991284392,0.0,0.005745654717149735
0.5,1.2,0.03,44,"demo_00 +15,-5 deg",True,0.0030423821387308954,0.0,0.00574654976439024
0.5,1.2,0.03,45,"demo_00 +15,+0 deg",True,0.004482942747404731,0.4728046344647251,0.005747288571982961
0.5,1.2,0.03,46,"demo_00 +15,+5 deg",True,0.005223843846188839,0.617212069716201,0.005744112497341415
0.5,1.2,0.03,47,"demo_00 +15,+10 deg",True,0.0055183734207715765,0.7145179359421883,0.005748611461143314
0.5,1.2,0.03,48,"demo_00 +15,+15 deg",True,0.005953748783400034,0.7743832068953691,0.0057467568622194595
0.5,1.2,0.05,0,"demo_00 -15,-15 deg",True,0.07139321219715969,0.0,0.005929628354605953
0.5,1.2,0.05,1,"demo_00 -15,-10 deg",True,0.0445628372827355,0.0,0.005900225372387253
0.5,1.2,0.05,2,"demo_00 -15,-5 deg",True,0.023283352698944035,0.0,0.005919630044212066
0.5,1.2,0.05,3,"demo_00 -15,+0 deg",True,0.007977210240582618,0.0,0.00591215531808048
0.5,1.2,0.05,4,"demo_00 -15,+5 deg",True,0.0018353495378894927,0.016226386193405606,0.005911921953077539
0.5,1.2,0.05,5,"demo_00 -15,+10 deg",False,0.0056926684813453044,2.1073359004728895,nan
0.5,1.2,0.05,6,"demo_00 -15,+15 deg",False,0.005368294426943391,1.910191858480657,nan
0.5,1.2,0.05,7,"demo_00 -10,-15 deg",True,0.05729365309792759,0.0,0.005890098077569837
0.5,1.2,0.05,8,"demo_00 -10,-10 deg",True,0.033852729727649675,0.0,0.005914444580195089
0.5,1.2,0.05,9,"demo_00 -10,-5 deg",True,0.016055892947176353,0.0,0.005912933106174239
0.5,1.2,0.05,10,"demo_00 -10,+0 deg",True,0.004245029040616295,0.0,0.0059123676890141166
0.5,1.2,0.05,11,"demo_00 -10,+5 deg",False,0.0018414042387302865,2.5845956006465367,nan
0.5,1.2,0.05,12,"demo_00 -10,+10 deg",False,0.0033753986337610505,2.532992170771932,nan
0.5,1.2,0.05,13,"demo_00 -10,+15 deg",False,0.004825212770607558,2.424052305162148,nan
0.5,1.2,0.05,14,"demo_00 -5,-15 deg",True,0.04411401283130882,0.0,0.005900212529943792
0.5,1.2,0.05,15,"demo_00 -5,-10 deg",True,0.024104810210683978,0.0,0.005913197783581607
0.5,1.2,0.05,16,"demo_00 -5,-5 deg",True,0.009809060630777982,0.0,0.005913659905635707
0.5,1.2,0.05,17,"demo_00 -5,+0 deg",True,0.001449620649868018,0.0,0.005911802449309149
0.5,1.2,0.05,18,"demo_00 -5,+5 deg",False,0.0018640789837071163,2.428411302366635,nan
0.5,1.2,0.05,19,"demo_00 -5,+10 deg",False,0.004785792259187628,2.566870810347554,nan
0.5,1.2,0.05,20,"demo_00 -5,+15 deg",False,0.01172042779539,2.2200105657632574,nan
0.5,1.2,0.05,21,"demo_00 +0,-15 deg",True,0.03211955847036005,0.0,0.0059142145127729605
0.5,1.2,0.05,22,"demo_00 +0,-10 deg",True,0.015589917098128797,0.0,0.005911819415961114
0.5,1.2,0.05,23,"demo_00 +0,-5 deg",True,0.004829706849751355,0.0,0.005913291112922006
0.5,1.2,0.05,24,demo_00,True,0.00022236596620867365,0.005409032508455146,0.005912506032069856
0.5,1.2,0.05,25,"demo_00 +0,+5 deg",False,0.0027678538275873136,2.3925984842176384,nan
0.5,1.2,0.05,26,"demo_00 +0,+10 deg",False,0.009410251357202382,1.86759035024423,nan
0.5,1.2,0.05,27,"demo_00 +0,+15 deg",False,0.02007896099329868,2.097187903945192,nan
0.5,1.2,0.05,28,"demo_00 +5,-15 deg",True,0.021572282006548798,0.0,0.005915764930420292
0.5,1.2,0.05,29,"demo_00 +5,-10 deg",True,0.008595425915842524,0.0,0.005911810458650307
0.5,1.2,0.05,30,"demo_00 +5,-5 deg",True,0.001603422731540219,0.0,0.0059133894902769464
0.5,1.2,0.05,31,"demo_00 +5,+0 deg",False,0.0007091282923288099,2.3749030810535445,nan
0.5,1.2,0.05,32,"demo_00 +5,+5 deg",False,0.0054854194517667985,2.384097831652609,nan
0.5,1.2,0.05,33,"demo_00 +5,+10 deg",False,0.015619010253922285,2.3589605948178782,nan
0.5,1.2,0.05,34,"demo_00 +5,+15 deg",False,0.0294746077404877,2.274117729151258,nan
0.5,1.2,0.05,35,"demo_00 +10,-15 deg",True,0.012736577496141974,0.0,0.005914095338091604
0.5,1.2,0.05,36,"demo_00 +10,-10 deg",True,0.003541714582502532,0.0,0.005913054898890372
0.5,1.2,0.05,37,"demo_00 +10,-5 deg",True,0.0013646806366616063,0.0,0.005912698292427505
0.5,1.2,0.05,38,"demo_00 +10,+0 deg",False,0.001638313223850224,2.3121275028065758,nan
0.5,1.2,0.05,39,"demo_00 +10,+5 deg",False,0.00999442265636434,2.316294474673716,nan
0.5,1.2,0.05,40,"demo_00 +10,+10 deg",False,0.02328026649411344,2.182013475232309,nan
0.5,1.2,0.05,41,"demo_00 +10,+15 deg",False,0.03999346674109933,1.663671482509935,nan
0.5,1.2,0.05,42,"demo_00 +15,-15 deg",True,0.005918224466702169,0.0,0.0059138404205173615
0.5,1.2,0.05,43,"demo_00 +15,-10 deg",True,0.0018712501506384807,0.0,0.005912107904903874
0.5,1.2,0.05,44,"demo_00 +15,-5 deg",True,0.0011423484141680406,0.0,0.005913715582552555
0.5,1.2,0.05,45,"demo_00 +15,+0 deg",False,0.004807751249275015,2.1810157607216976,nan
0.5,1.2,0.05,46,"demo_00 +15,+5 deg",False,0.01632241059561383,2.3348048835550466,nan
0.5,1.2,0.05,47,"demo_00 +15,+10 deg",False,0.03249742695676712,1.9725545575240089,nan
0.5,1.2,0.05,48,"demo_00 +15,+15 deg",False,0.051759918498115995,2.198448257380123,nan
0.5,1.2,0.1,0,"demo_00 -15,-15 deg",False,0.42621971770891226,1.76244067860196,nan
0.5,1.2,0.1,1,"demo_00 -15,-10 deg",False,0.2782805434458216,2.1170991357806974,nan
0.5,1.2,0.1,2,"demo_00 -15,-5 deg",False,0.1520419937185657,2.056121136842852,nan
0.5,1.2,0.1,3,"demo_00 -15,+0 deg",False,0.06530518502837072,2.2212402223598917,nan
0.5,1.2,0.1,4,"demo_00 -15,+5 deg",False,0.021722210241886367,2.12685030849183,nan
0.5,1.2,0.1,5,"demo_00 -15,+10 deg",False,0.014174860895655264,1.7029903718920876,nan
0.5,1.2,0.1,6,"demo_00 -15,+15 deg",False,0.07572078677130141,1.9299042739562178,nan
0.5,1.2,0.1,7,"demo_00 -10,-15 deg",False,0.3482161219452267,2.358387948569278,nan
0.5,1.2,0.1,8,"demo_00 -10,-10 deg",False,0.20947498586241733,2.025823676474369,nan
0.5,1.2,0.1,9,"demo_00 -10,-5 deg",False,0.09667314423497403,2.1867326334493,nan
0.5,1.2,0.1,10,"demo_00 -10,+0 deg",False,0.02700773957706498,2.4285970635256895,nan
0.5,1.2,0.1,11,"demo_00 -10,+5 deg",False,0.003176076781927619,2.300703732590252,nan
0.5,1.2,0.1,12,"demo_00 -10,+10 deg",False,0.030131529203898028,2.0382724892613946,nan
0.5,1.2,0.1,13,"demo_00 -10,+15 deg",False,0.09505443804735406,1.968580369304086,nan
0.5,1.2,0.1,14,"demo_00 -5,-15 deg",False,0.2716148721941698,1.7131465158272596,nan
0.5,1.2,0.1,15,"demo_00 -5,-10 deg",False,0.14742565509014416,2.4386400744957224,nan
0.5,1.2,0.1,16,"demo_00 -5,-5 deg",True,0.053644510274473936,0.0,0.005858079347776154
0.5,1.2,0.1,17,"demo_00 -5,+0 deg",False,0.005749007915997869,2.4642550075455336,nan
0.5,1.2,0.1,18,"demo_00 -5,+5 deg",False,0.008602076605702115,2.4424043676484386,nan
0.5,1.2,0.1,19,"demo_00 -5,+10 deg",False,0.05725426889502273,2.488918828682673,nan
0.5,1.2,0.1,20,"demo_00 -5,+15 deg",False,0.13243750952885086,2.4648479873599163,nan
0.5,1.2,0.1,21,"demo_00 +0,-15 deg",False,0.19800628817779153,1.7755816119931085,nan
0.5,1.2,0.1,22,"demo_00 +0,-10 deg",True,0.0927540777934538,0.04157181426958369,0.0058702318846480936
0.5,1.2,0.1,23,"demo_00 +0,-5 deg",True,0.022255165991538355,0.0,0.005859856616802352
0.5,1.2,0.1,24,demo_00,True,0.00022427619316025025,0.0037010118711171187,0.0058595071631293745
0.5,1.2,0.1,25,"demo_00 +0,+5 deg",False,0.02956870789644775,2.4808785924564503,nan
0.5,1.2,0.1,26,"demo_00 +0,+10 deg",False,0.10015246670935209,2.4759229546221975,nan
0.5,1.2,0.1,27,"demo_00 +0,+15 deg",False,0.18822596209753983,2.454878410087889,nan
0.5,1.2,0.1,28,"demo_00 +5,-15 deg",False,0.1303420437725494,1.7810246373329535,nan
0.5,1.2,0.1,29,"demo_00 +5,-10 deg",True,0.04749505614352336,0.0,0.005865656192350459
0.5,1.2,0.1,30,"demo_00 +5,-5 deg",True,0.0033958257609729347,0.0,0.005858840708040189
0.5,1.2,0.1,31,"demo_00 +5,+0 deg",False,0.009010777467312766,2.5695365244339694,nan
0.5,1.2,0.1,32,"demo_00 +5,+5 deg",False,0.06472449440493809,2.1948774987686672,nan
0.5,1.2,0.1,33,"demo_00 +5,+10 deg",False,0.15661060908655744,2.3086340276101707,nan
0.5,1.2,0.1,34,"demo_00 +5,+15 deg",False,0.2567885737174734,2.2861433851347384,nan
0.5,1.2,0.1,35,"demo_00 +10,-15 deg",True,0.07242488343158802,0.021452808461514872,0.005846259112557796
0.5,1.2,0.1,36,"demo_00 +10,-10 deg",True,0.014595347560433677,0.0,0.005861385850005222
0.5,1.2,0.1,37,"demo_00 +10,-5 deg",True,0.005060707877011162,0.0,0.00585911977133584
0.5,1.2,0.1,38,"demo_00 +10,+0 deg",False,0.03289045179482904,2.3592450915034893,nan
0.5,1.2,0.1,39,"demo_00 +10,+5 deg",False,0.11348626766215804,2.4811490237160143,nan
0.5,1.2,0.1,40,"demo_00 +10,+10 deg",False,0.22355391941468555,2.208546195355198,nan
0.5,1.2,0.1,41,"demo_00 +10,+15 deg",False,0.33225333082222525,2.251715747618454,nan
0.5,1.2,0.1,42,"demo_00 +15,-15 deg",True,0.028434517019064576,0.0,0.005886070504986306
0.5,1.2,0.1,43,"demo_00 +15,-10 deg",True,0.004675727236490496,0.0,0.0058606825447017384
0.5,1.2,0.1,44,"demo_00 +15,-5 deg",False,0.013650948770521188,2.1845175029845327,nan
0.5,1.2,0.1,45,"demo_00 +15,+0 deg",False,0.07194042917546563,2.3960347596804925,nan
0.5,1.2,0.1,46,"demo_00 +15,+5 deg",False,0.17455196027605072,2.3127748151931726,nan
0.5,1.2,0.1,47,"demo_00 +15,+10 deg",False,0.29770739930512125,1.9214890615133622,nan
0.5,1.2,0.1,48,"demo_00 +15,+15 deg",False,0.40915356284621734,2.2694987896445618,nan
0.5,1.35,0.01,0,"demo_00 -15,-15 deg",True,0.014148510048557444,0.0,0.004912281802129421
0.5,1.35,0.01,1,"demo_00 -15,-10 deg",True,0.010526624670636146,0.0,0.004949063528387837
0.5,1.35,0.01,2,"demo_00 -15,-5 deg",False,0.007035093064051937,0.0,0.004639096017262068
0.5,1.35,0.01,3,"demo_00 -15,+0 deg",True,0.003715851403981476,0.0,0.0056507189827688115
0.5,1.35,0.01,4,"demo_00 -15,+5 deg",True,0.0012990193919713317,2.316238551627662,0.005593355504436958
0.5,1.35,0.01,5,"demo_00 -15,+10 deg",True,0.0034701869545299842,2.441710536092219,0.005598052645843317
0.5,1.35,0.01,6,"demo_00 -15,+15 deg",True,0.006728552079087181,2.2409581809637804,0.005603711425996609
0.5,1.35,0.01,7,"demo_00 -10,-15 deg",True,0.013038538372570232,0.0,0.004927907903418428
0.5,1.35,0.01,8,"demo_00 -10,-10 deg",True,0.009389054352504232,0.0,0.0049773043775923785
0.5,1.35,0.01,9,"demo_00 -10,-5 deg",True,0.005892771115232152,0.0,0.005395644020783166
0.5,1.35,0.01,10,"demo_00 -10,+0 deg",True,0.0026006931669311554,0.0,0.0056006280247052065
0.5,1.35,0.01,11,"demo_00 -10,+5 deg",True,0.0012837130140756871,2.3675882237733314,0.005593347647409622
0.5,1.35,0.01,12,"demo_00 -10,+10 deg",True,0.004212715256492167,2.4780256297221643,0.0056009744055991436
0.5,1.35,0.01,13,"demo_00 -10,+15 deg",True,0.007414801278587786,2.4520988634043626,0.005605849952891293
0.5,1.35,0.01,14,"demo_00 -5,-15 deg",True,0.011686549341140913,0.0,0.0049460989607738775
0.5,1.35,0.01,15,"demo_00 -5,-10 deg",False,0.008024216418515607,0.0,0.00454401730955565
0.5,1.35,0.01,16,"demo_00 -5,-5 deg",True,0.004537112820755656,0.0,0.005704183983013525
0.5,1.35,0.01,17,"demo_00 -5,+0 deg",True,0.001275039298453622,0.0,0.00560036583491864
0.5,1.35,0.01,18,"demo_00 -5,+5 deg",True,0.002071076050768469,2.5002359098299882,0.005593393876478635
0.5,1.35,0.01,19,"demo_00 -5,+10 deg",True,0.005136669362125398,2.2887503223510763,0.005601076058422801
0.5,1.35,0.01,20,"demo_00 -5,+15 deg",True,0.008206885268247527,2.1189320215197065,0.0056072352257952015
0.5,1.35,0.01,21,"demo_00 +0,-15 deg",True,0.010080814184478074,0.0,0.004967022624848191
0.5,1.35,0.01,22,"demo_00 +0,-10 deg",True,0.006422391278082958,0.0,0.005165390261721259
0.5,1.35,0.01,23,"demo_00 +0,-5 deg",True,0.002966132418798074,0.0,0.005606130033509953
0.5,1.35,0.01,24,demo_00,True,0.0002864771678963379,0.003968826091152806,0.005599696551896753
0.5,1.35,0.01,25,"demo_00 +0,+5 deg",True,0.0033529579396147043,2.451457396223937,0.005598494709796191
0.5,1.35,0.01,26,"demo_00 +0,+10 deg",True,0.006285648614651341,2.2619563998657397,0.005603563273126595
0.5,1.35,0.01,27,"demo_00 +0,+15 deg",True,0.009156913745267465,2.067022960174892,0.005603512012674469
0.5,1.35,0.01,28,"demo_00 +5,-15 deg",False,0.008213542103265737,0.0,0.004455199877195353
0.5,1.35,0.01,29,"demo_00 +5,-10 deg",True,0.004584664093538577,0.0,0.00568503084278057
0.5,1.35,0.01,30,"demo_00 +5,-5 deg",True,0.0012633037149954078,3.4680991817827994e-05,0.005600039883841445
0.5,1.35,0.01,31,"demo_00 +5,+0 deg",True,0.002070622162767811,2.370105025990085,0.005594822493753237
0.5,1.35,0.01,32,"demo_00 +5,+5 deg",True,0.004955768134961991,2.388284721498314,0.005598394854496837
0.5,1.35,0.01,33,"demo_00 +5,+10 deg",True,0.007684308519584632,2.4730300704616477,0.005608116117485351
0.5,1.35,0.01,34,"demo_00 +5,+15 deg",True,0.010308051497201012,2.187077686668368,0.005602514586872266
0.5,1.35,0.01,35,"demo_00 +10,-15 deg",True,0.006082284310180409,0.0,0.0049193466348839
0.5,1.35,0.01,36,"demo_00 +10,-10 deg",True,0.002556496206655828,0.0,0.005616640052943593
0.5,1.35,0.01,37,"demo_00 +10,-5 deg",True,0.001309385877627755,0.0,0.005597437286877642
0.5,1.35,0.01,38,"demo_00 +10,+0 deg",True,0.004105412227738493,2.312251853025775,0.005595692674941282
0.5,1.35,0.01,39,"demo_00 +10,+5 deg",True,0.0068342540513386,2.2717261977850183,0.0056020493420519185
0.5,1.35,0.01,40,"demo_00 +10,+10 deg",True,0.00934350192554752,2.103296719681885,0.005608263280541848
0.5,1.35,0.01,41,"demo_00 +10,+15 deg",True,0.011691309495458121,2.28680151740844,0.00560501652104434
0.5,1.35,0.01,42,"demo_00 +15,-15 deg",True,0.003700402651052096,0.0,0.005568578665232849
0.5,1.35,0.01,43,"demo_00 +15,-10 deg",True,0.0010777550448227062,0.0,0.0055966363256389675
0.5,1.35,0.01,44,"demo_00 +15,-5 deg",True,0.0035184074754957854,0.0,0.005599827164881559
0.5,1.35,0.01,45,"demo_00 +15,+0 deg",True,0.006390747310806428,2.3004084057748977,0.005598348806808269
0.5,1.35,0.01,46,"demo_00 +15,+5 deg",True,0.008975076927039596,2.20426167123198,0.005604180121845056
0.5,1.35,0.01,47,"demo_00 +15,+10 deg",True,0.01126598180095284,2.0181475947530267,0.005603895096343412
0.5,1.35,0.01,48,"demo_00 +15,+15 deg",True,0.013325520049984186,1.8509551627861702,0.005598513062897116
0.5,1.35,0.02,0,"demo_00 -15,-15 deg",True,0.0067880651782976685,0.0,0.0049051490848077235
0.5,1.35,0.02,1,"demo_00 -15,-10 deg",True,0.005348319276158707,0.0,0.005193836750754569
0.5,1.35,0.02,2,"demo_00 -15,-5 deg",True,0.0038280349392328687,0.0,0.00564025764359552
0.5,1.35,0.02,3,"demo_00 -15,+0 deg",True,0.0021440415965600697,0.0,0.00581678322751791
0.5,1.35,0.02,4,"demo_00 -15,+5 deg",False,0.0007116131790415169,2.4110799521161814,0.004669734195929311
0.5,1.35,0.02,5,"demo_00 -15,+10 deg",False,0.002704481140718155,2.4208915358589085,0.004314614090425457
0.5,1.35,0.02,6,"demo_00 -15,+15 deg",True,0.005787114131695417,2.0298774162315927,0.005812143746081444
0.5,1.35,0.02,7,"demo_00 -10,-15 deg",True,0.007461999317865998,0.0,0.005017532447421923
0.5,1.35,0.02,8,"demo_00 -10,-10 deg",True,0.005602233069024223,0.0,0.005415504458365233
0.5,1.35,0.02,9,"demo_00 -10,-5 deg",True,0.003679268703860529,0.0,0.0057960093633071105
0.5,1.35,0.02,10,"demo_00 -10,+0 deg",True,0.0016616503548801025,0.0,0.005813381323130823
0.5,1.35,0.02,11,"demo_00 -10,+5 deg",False,0.0010144203958970897,2.5091053638749274,nan
0.5,1.35,0.02,12,"demo_00 -10,+10 deg",True,0.003603489991892397,1.362215825374193,0.0057906002585717264
0.5,1.35,0.02,13,"demo_00 -10,+15 deg",False,0.006844421746671835,2.462748453128501,nan
0.5,1.35,0.02,14,"demo_00 -5,-15 deg",True,0.0076614260659075735,0.0,0.005161493149607943
0.5,1.35,0.02,15,"demo_00 -5,-10 deg",True,0.0054399719889975506,0.0,0.005639728346372609
0.5,1.35,0.02,16,"demo_00 -5,-5 deg",True,0.0031711950110357603,0.0,0.005817684827873975
0.5,1.35,0.02,17,"demo_00 -5,+0 deg",True,0.0008474099887438806,0.0,0.00581093711766243
0.5,1.35,0.02,18,"demo_00 -5,+5 deg",True,0.0018022832014206163,0.8287219394747208,0.005806893957385621
0.5,1.35,0.02,19,"demo_00 -5,+10 deg",True,0.0046765987516338295,2.1583155428082343,0.0058126889918241696
0.5,1.35,0.02,20,"demo_00 -5,+15 deg",False,0.008031082742630773,2.4886451850949305,0.0057926483433667925
0.5,1.35,0.02,21,"demo_00 +0,-15 deg",True,0.007356994157185869,0.0,0.005346253456264168
0.5,1.35,0.02,22,"demo_00 +0,-10 deg",True,0.004817681902073286,0.0,0.005788195744270814
0.5,1.35,0.02,23,"demo_00 +0,-5 deg",True,0.002258359286753299,0.0,0.005812079126816898
0.5,1.35,0.02,24,demo_00,True,0.00037418671719637595,0.004483388084783862,0.005813443329393927
0.5,1.35,0.02,25,"demo_00 +0,+5 deg",True,0.0030750524015389896,1.3088069661327475,0.005893219539191019
0.5,1.35,0.02,26,"demo_00 +0,+10 deg",False,0.006057140455108164,2.456832068651372,0.005771332887607691
0.5,1.35,0.02,27,"demo_00 +0,+15 deg",False,0.00945426351641349,2.376106569006159,0.006246696029533006
0.5,1.35,0.02,28,"demo_00 +5,-15 deg",True,0.006535434689139112,0.0,0.005559159600999796
0.5,1.35,0.02,29,"demo_00 +5,-10 deg",True,0.0037287671385660155,0.0,0.005812869656378725
0.5,1.35,0.02,30,"demo_00 +5,-5 deg",True,0.0010692742409914504,0.0008654844522169285,0.005809998138543602
0.5,1.35,0.02,31,"demo_00 +5,+0 deg",False,0.0020374719616486994,2.6195633619328627,0.006160982893418695
0.5,1.35,0.02,32,"demo_00 +5,+5 deg",False,0.00482035442322424,1.731841016808463,0.019041485668502948
0.5,1.35,0.02,33,"demo_00 +5,+10 deg",True,0.007827684577030829,2.529122497993362,0.0058140288434385895
0.5,1.35,0.02,34,"demo_00 +5,+15 deg",False,0.01119667206001689,2.353380134480267,0.005559600650327964
0.5,1.35,0.02,35,"demo_00 +10,-15 deg",True,0.0051947751293050645,0.0,0.0057264011253179425
0.5,1.35,0.02,36,"demo_00 +10,-10 deg",True,0.002244900136134765,0.0,0.005812755623378094
0.5,1.35,0.02,37,"demo_00 +10,-5 deg",True,0.0014943840901041883,0.0,0.005811857685071052
0.5,1.35,0.02,38,"demo_00 +10,+0 deg",True,0.004158253090030087,0.8186822096042414,0.00580264964210301
0.5,1.35,0.02,39,"demo_00 +10,+5 deg",True,0.007028904073022762,2.0905835961538437,0.005811502767993043
0.5,1.35,0.02,40,"demo_00 +10,+10 deg",True,0.01002468217012104,2.4449441840042208,0.005873721772087996
0.5,1.35,0.02,41,"demo_00 +10,+15 deg",True,0.013309896416247762,2.300710442779973,0.00534660792137207
0.5,1.35,0.02,42,"demo_00 +15,-15 deg",True,0.003359014871127449,0.0,0.005801896594748366
0.5,1.35,0.02,43,"demo_00 +15,-10 deg",True,0.0012962525206754504,0.0,0.005810476918908374
0.5,1.35,0.02,44,"demo_00 +15,-5 deg",True,0.0037370093890073688,0.0,0.005811504750116269
0.5,1.35,0.02,45,"demo_00 +15,+0 deg",False,0.00674297643732217,1.2703334612842476,0.005935132679452352
0.5,1.35,0.02,46,"demo_00 +15,+5 deg",True,0.009692910706758883,2.3329768790411487,0.005396486532461649
0.5,1.35,0.02,47,"demo_00 +15,+10 deg",True,0.012656501805282638,2.3879221181693393,0.005786528830141314
0.5,1.35,0.02,48,"demo_00 +15,+15 deg",False,0.015817914540674265,2.1949048067579224,0.00439406055843631
0.5,1.35,0.03,0,"demo_00 -15,-15 deg",True,0.011426501949217772,0.0,0.0059107194974136815
0.5,1.35,0.03,1,"demo_00 -15,-10 deg",True,0.006633603647061991,0.0,0.005910845950122248
0.5,1.35,0.03,2,"demo_00 -15,-5 deg",True,0.003048044188829625,0.0,0.005913327184202038
0.5,1.35,0.03,3,"demo_00 -15,+0 deg",True,0.0007738034588126303,0.0,0.005913989140354677
0.5,1.35,0.03,4,"demo_00 -15,+5 deg",False,0.0009060962981121072,2.0344737176636163,nan
0.5,1.35,0.03,5,"demo_00 -15,+10 deg",False,0.0036015404166323626,2.012246259539161,nan
0.5,1.35,0.03,6,"demo_00 -15,+15 deg",False,0.008424738491005166,1.8305118976618941,nan
0.5,1.35,0.03,7,"demo_00 -10,-15 deg",True,0.010559298300772166,0.0,0.005910484874635393
0.5,1.35,0.03,8,"demo_00 -10,-10 deg",True,0.006322431346158662,0.0,0.005912254724118478
0.5,1.35,0.03,9,"demo_00 -10,-5 deg",True,0.003201560491123729,0.0,0.005913020444241604
0.5,1.35,0.03,10,"demo_00 -10,+0 deg",True,0.0010216002861573703,0.0,0.005912983623322427
0.5,1.35,0.03,11,"demo_00 -10,+5 deg",False,0.0013643562427920058,2.1525718229787625,nan
0.5,1.35,0.03,12,"demo_00 -10,+10 deg",False,0.00493889879988184,1.9186293093812572,nan
0.5,1.35,0.03,13,"demo_00 -10,+15 deg",False,0.010628961439061235,1.9569930276996617,nan
0.5,1.35,0.03,14,"demo_00 -5,-15 deg",True,0.009641670450934335,0.0,0.005908164986437985
0.5,1.35,0.03,15,"demo_00 -5,-10 deg",True,0.0058399094405977205,0.0,0.0059122795965577905
0.5,1.35,0.03,16,"demo_00 -5,-5 deg",True,0.0029615973052539075,0.0,0.00591415655905268
0.5,1.35,0.03,17,"demo_00 -5,+0 deg",True,0.0006230063057296901,0.0,0.005913643661265421
0.5,1.35,0.03,18,"demo_00 -5,+5 deg",False,0.0023136272468402418,2.1467382849109997,nan
0.5,1.35,0.03,19,"demo_00 -5,+10 deg",False,0.006667025357711677,2.00454417343953,nan
0.5,1.35,0.03,20,"demo_00 -5,+15 deg",False,0.013152225364872273,1.931033422229389,nan
0.5,1.35,0.03,21,"demo_00 +0,-15 deg",True,0.00855183129023289,0.0,0.0059069894122334024
0.5,1.35,0.03,22,"demo_00 +0,-10 deg",True,0.005050363154490212,0.0,0.005913814470417395
0.5,1.35,0.03,23,"demo_00 +0,-5 deg",True,0.0022528931896954544,0.0,0.005914657757066144
0.5,1.35,0.03,24,demo_00,True,0.0004047045353347385,0.004097078848153315,0.005914164433718215
0.5,1.35,0.03,25,"demo_00 +0,+5 deg",False,0.0037875406062798734,2.1758213824012453,nan
0.5,1.35,0.03,26,"demo_00 +0,+10 deg",False,0.008828193119911445,2.025634382309407,nan
0.5,1.35,0.03,27,"demo_00 +0,+15 deg",False,0.016055674630917182,1.91971460288036,nan
0.5,1.35,0.03,28,"demo_00 +5,-15 deg",True,0.007211487582575159,0.0,0.005907646438814499
0.5,1.35,0.03,29,"demo_00 +5,-10 deg",True,0.003907285875122145,0.0,0.005913171987176434
0.5,1.35,0.03,30,"demo_00 +5,-5 deg",True,0.001223789296724533,0.00040345881858633303,0.005915155977356456
0.5,1.35,0.03,31,"demo_00 +5,+0 deg",False,0.0020286235910771996,2.157211845014646,nan
0.5,1.35,0.03,32,"demo_00 +5,+5 deg",False,0.005847186542580358,2.016338405392176,nan
0.5,1.35,0.03,33,"demo_00 +5,+10 deg",False,0.011491145374341375,1.9244172700649325,nan
0.5,1.35,0.03,34,"demo_00 +5,+15 deg",False,0.019408509555682206,1.9304500374171483,nan
0.5,1.35,0.03,35,"demo_00 +10,-15 deg",True,0.005572832727996944,0.0,0.005909023741816337
0.5,1.35,0.03,36,"demo_00 +10,-10 deg",True,0.0024742980265509613,0.0,0.005914183717954587
0.5,1.35,0.03,37,"demo_00 +10,-5 deg",True,0.0014650384306850316,0.0,0.005913483714957307
0.5,1.35,0.03,38,"demo_00 +10,+0 deg",False,0.0042277344991780595,2.0107700961041597,nan
0.5,1.35,0.03,39,"demo_00 +10,+5 deg",False,0.00849923104544399,1.9663456513354751,nan
0.5,1.35,0.03,40,"demo_00 +10,+10 deg",False,0.014700632351039916,1.9233751587668442,nan
0.5,1.35,0.03,41,"demo_00 +10,+15 deg",False,0.023266358636012167,1.842160630494823,nan
0.5,1.35,0.03,42,"demo_00 +15,-15 deg",True,0.003623798454434274,0.0,0.005912060170011884
0.5,1.35,0.03,43,"demo_00 +15,-10 deg",True,0.0015262177702482533,0.0,0.0059142873412003595
0.5,1.35,0.03,44,"demo_00 +15,-5 deg",True,0.003575510690724977,0.0,0.005913994999014256
0.5,1.35,0.03,45,"demo_00 +15,+0 deg",False,0.006989028331447431,1.938960105925522,nan
0.5,1.35,0.03,46,"demo_00 +15,+5 deg",False,0.011736612838038634,1.9251259937988523,nan
0.5,1.35,0.03,47,"demo_00 +15,+10 deg",False,0.018480370996174084,1.8294405214697713,nan
0.5,1.35,0.03,48,"demo_00 +15,+15 deg",False,0.027669104715279776,1.810675373180433,nan
0.5,1.35,0.05,0,"demo_00 -15,-15 deg",True,0.0931309958170566,0.0,0.005938775358313076
0.5,1.35,0.05,1,"demo_00 -15,-10 deg",True,0.05649446659114309,0.0,0.005941596151632743
0.5,1.35,0.05,2,"demo_00 -15,-5 deg",True,0.027203070079248215,0.0,0.005935670762829837
0.5,1.35,0.05,3,"demo_00 -15,+0 deg",False,0.009916626521368715,2.4727558699393835,nan
0.5,1.35,0.05,4,"demo_00 -15,+5 deg",False,0.007955977641734988,2.50517915606907,nan
0.5,1.35,0.05,5,"demo_00 -15,+10 deg",False,0.010081689711865844,2.5035795679114585,nan
0.5,1.35,0.05,6,"demo_00 -15,+15 deg",False,0.027107738103000763,2.4475323021063113,nan
0.5,1.35,0.05,7,"demo_00 -10,-15 deg",True,0.07593907608036057,0.0,0.0059919391294071134
0.5,1.35,0.05,8,"demo_00 -10,-10 deg",True,0.043796510836268565,0.0,0.0059461331058027625
0.5,1.35,0.05,9,"demo_00 -10,-5 deg",True,0.01872419859484451,0.0,0.005935674268838214
0.5,1.35,0.05,10,"demo_00 -10,+0 deg",False,0.004271655680521142,2.5763252183241967,nan
0.5,1.35,0.05,11,"demo_00 -10,+5 deg",False,0.0036569053305214438,2.584591188339064,nan
0.5,1.35,0.05,12,"demo_00 -10,+10 deg",False,0.011184704222134667,2.5381489428007007,nan
0.5,1.35,0.05,13,"demo_00 -10,+15 deg",False,0.03337672716753935,2.4931224448978297,nan
0.5,1.35,0.05,14,"demo_00 -5,-15 deg",False,0.05963213634435864,0.0,0.006097363483773753
0.5,1.35,0.05,15,"demo_00 -5,-10 deg",True,0.03222315262875896,0.0,0.005936331364231406
0.5,1.35,0.05,16,"demo_00 -5,-5 deg",True,0.011850412616194102,0.0,0.005937328866949329
0.5,1.35,0.05,17,"demo_00 -5,+0 deg",True,0.0012389674502382452,0.0,0.005939520035740965
0.5,1.35,0.05,18,"demo_00 -5,+5 deg",False,0.0032704852062849944,2.6395800183172744,nan
0.5,1.35,0.05,19,"demo_00 -5,+10 deg",False,0.01647524378338968,2.5725786373769592,nan
0.5,1.35,0.05,20,"demo_00 -5,+15 deg",False,0.04203978891117483,2.507143204698928,nan
0.5,1.35,0.05,21,"demo_00 +0,-15 deg",False,0.04433454090052948,0.0,0.006065633285872239
0.5,1.35,0.05,22,"demo_00 +0,-10 deg",True,0.02171869759070958,0.0,0.005938468401942512
0.5,1.35,0.05,23,"demo_00 +0,-5 deg",True,0.006184256408514946,0.0,0.005941012723980601
0.5,1.35,0.05,24,demo_00,False,0.00038733600628211367,2.6950726489083645,nan
0.5,1.35,0.05,25,"demo_00 +0,+5 deg",False,0.006312272818633491,2.6400812672221123,nan
0.5,1.35,0.05,26,"demo_00 +0,+10 deg",False,0.02363475910666151,2.5721600627154726,nan
0.5,1.35,0.05,27,"demo_00 +0,+15 deg",False,0.0523038406201695,2.493000168695837,nan
0.5,1.35,0.05,28,"demo_00 +5,-15 deg",False,0.030361570344835758,0.0,0.006041988462707815
0.5,1.35,0.05,29,"demo_00 +5,-10 deg",True,0.012496129697414725,0.0,0.0059432505622359745
0.5,1.35,0.05,30,"demo_00 +5,-5 deg",True,0.0018721742393763962,0.0,0.005940053498314933
0.5,1.35,0.05,31,"demo_00 +5,+0 deg",False,0.002131932299491428,2.642371989609272,nan
0.5,1.35,0.05,32,"demo_00 +5,+5 deg",False,0.011310985224921452,2.5915263568022677,nan
0.5,1.35,0.05,33,"demo_00 +5,+10 deg",False,0.03238150248685739,2.520751813031718,nan
0.5,1.35,0.05,34,"demo_00 +5,+15 deg",False,0.06405124689718346,2.458390952831567,nan
0.5,1.35,0.05,35,"demo_00 +10,-15 deg",True,0.018191095853715387,0.0,0.0059466407184803165
0.5,1.35,0.05,36,"demo_00 +10,-10 deg",True,0.005112868598253036,0.0,0.005943398442356354
0.5,1.35,0.05,37,"demo_00 +10,-5 deg",True,0.0024532930537092216,0.0,0.00594003015876221
0.5,1.35,0.05,38,"demo_00 +10,+0 deg",False,0.0050867350296122694,2.5901416472246663,nan
0.5,1.35,0.05,39,"demo_00 +10,+5 deg",False,0.018166551385197988,2.5374802170026927,nan
0.5,1.35,0.05,40,"demo_00 +10,+10 deg",False,0.04284217983763611,2.4793025219106744,nan
0.5,1.35,0.05,41,"demo_00 +10,+15 deg",False,0.07735480146132526,2.4264783721241567,nan
0.5,1.35,0.05,42,"demo_00 +15,-15 deg",True,0.008438343533874473,0.0,0.005945901052894895
0.5,1.35,0.05,43,"demo_00 +15,-10 deg",True,0.002283654643452414,0.0,0.005939943118439707
0.5,1.35,0.05,44,"demo_00 +15,-5 deg",True,0.004450654275141255,0.0,0.005940626400307125
0.5,1.35,0.05,45,"demo_00 +15,+0 deg",False,0.009608631204082682,2.5480702644061863,nan
0.5,1.35,0.05,46,"demo_00 +15,+5 deg",False,0.026980538815753005,2.489273143169571,nan
0.5,1.35,0.05,47,"demo_00 +15,+10 deg",False,0.055186362156530014,2.4284238189689322,nan
0.5,1.35,0.05,48,"demo_00 +15,+15 deg",False,0.09233381606130771,2.3808821637367656,nan
0.5,1.35,0.1,0,"demo_00 -15,-15 deg",False,0.49673476045876547,2.21109756002177,nan
0.5,1.35,0.1,1,"demo_00 -15,-10 deg",False,0.3474455080052094,1.9105464635216065,nan
0.5,1.35,0.1,2,"demo_00 -15,-5 deg",False,0.21480283310569628,1.415449849207711,nan
0.5,1.35,0.1,3,"demo_00 -15,+0 deg",False,0.11762513213150437,1.80942372658237,nan
0.5,1.35,0.1,4,"demo_00 -15,+5 deg",False,0.04931881081516463,1.7848508916305947,nan
0.5,1.35,0.1,5,"demo_00 -15,+10 deg",False,0.03283744930463968,2.3651334257692436,nan
0.5,1.35,0.1,6,"demo_00 -15,+15 deg",False,0.16091264486950693,2.3288175918057292,nan
0.5,1.35,0.1,7,"demo_00 -10,-15 deg",False,0.3833847494522341,1.201709844788014,nan
0.5,1.35,0.1,8,"demo_00 -10,-10 deg",False,0.24140156129490567,1.253027362708936,nan
0.5,1.35,0.1,9,"demo_00 -10,-5 deg",False,0.1211802750632416,1.301135364208368,nan
0.5,1.35,0.1,10,"demo_00 -10,+0 deg",False,0.04658991210155776,1.813194025019064,nan
0.5,1.35,0.1,11,"demo_00 -10,+5 deg",False,0.009634609204092537,1.3543704732518946,nan
0.5,1.35,0.1,12,"demo_00 -10,+10 deg",False,0.048776121940293696,1.3021603134528412,nan
0.5,1.35,0.1,13,"demo_00 -10,+15 deg",False,0.14454760871550928,1.6060660981036388,nan
0.5,1.35,0.1,14,"demo_00 -5,-15 deg",False,0.29245597164674947,2.1740167017370444,nan
0.5,1.35,0.1,15,"demo_00 -5,-10 deg",False,0.16336882541057474,2.1012079121525895,nan
0.5,1.35,0.1,16,"demo_00 -5,-5 deg",False,0.0606358589604901,2.4722665852466776,nan
0.5,1.35,0.1,17,"demo_00 -5,+0 deg",False,0.00921211973122711,1.4099036565815763,nan
0.5,1.35,0.1,18,"demo_00 -5,+5 deg",False,0.01289066392131413,2.2600022517673732,nan
0.5,1.35,0.1,19,"demo_00 -5,+10 deg",False,0.07020311496870257,1.9332300705333385,nan
0.5,1.35,0.1,20,"demo_00 -5,+15 deg",False,0.15301861812643044,1.5662135636392929,nan
0.5,1.35,0.1,21,"demo_00 +0,-15 deg",False,0.21744405855847887,2.3796369487934084,nan
0.5,1.35,0.1,22,"demo_00 +0,-10 deg",False,0.1058296255446352,1.3456698514710757,nan
0.5,1.35,0.1,23,"demo_00 +0,-5 deg",True,0.025918517019869296,0.0,0.0052476668502000785
0.5,1.35,0.1,24,demo_00,True,0.00022641858954844374,0.003913159954744573,0.005213243111905993
0.5,1.35,0.1,25,"demo_00 +0,+5 deg",False,0.03465543996440623,2.3098044840579566,nan
0.5,1.35,0.1,26,"demo_00 +0,+10 deg",False,0.11225071932759384,1.3203766916753112,nan
0.5,1.35,0.1,27,"demo_00 +0,+15 deg",False,0.1992406552808277,1.24339815731374,nan
0.5,1.35,0.1,28,"demo_00 +5,-15 deg",False,0.15214157628832783,2.4764380209688945,nan
0.5,1.35,0.1,29,"demo_00 +5,-10 deg",False,0.060587209807539004,1.3853902752871223,1.4950893585271607
0.5,1.35,0.1,30,"demo_00 +5,-5 deg",True,0.0053826306824256796,0.0,0.005106100285731201
0.5,1.35,0.1,31,"demo_00 +5,+0 deg",False,0.014574198412478463,1.4229384927350444,nan
0.5,1.35,0.1,32,"demo_00 +5,+5 deg",False,0.07590837709164512,2.542973519327158,nan
0.5,1.35,0.1,33,"demo_00 +5,+10 deg",False,0.17670957160963258,1.7693322391359858,nan
0.5,1.35,0.1,34,"demo_00 +5,+15 deg",False,0.27545820059307136,1.2199600436894693,nan
0.5,1.35,0.1,35,"demo_00 +10,-15 deg",False,0.09303771092125102,2.484538499334561,2.5973267426044893
0.5,1.35,0.1,36,"demo_00 +10,-10 deg",True,0.022507047025934875,0.0,0.005611561692547668
0.5,1.35,0.1,37,"demo_00 +10,-5 deg",True,0.014521879102788614,0.0,0.005087845436886334
0.5,1.35,0.1,38,"demo_00 +10,+0 deg",False,0.047497330897750274,1.3671054472735553,nan
0.5,1.35,0.1,39,"demo_00 +10,+5 deg",False,0.13691468475820875,1.3042913684732724,nan
0.5,1.35,0.1,40,"demo_00 +10,+10 deg",False,0.2606665632003328,1.2536935753928846,nan
0.5,1.35,0.1,41,"demo_00 +10,+15 deg",False,0.37124652069347874,1.1909057773530969,nan
0.5,1.35,0.1,42,"demo_00 +15,-15 deg",False,0.041274997809145196,1.4279255482883721,1.4950893585271585
0.5,1.35,0.1,43,"demo_00 +15,-10 deg",True,0.00998690557400935,0.0,0.0046379899927907016
0.5,1.35,0.1,44,"demo_00 +15,-5 deg",False,0.036231781506123745,1.7563141186392803,nan
0.5,1.35,0.1,45,"demo_00 +15,+0 deg",False,0.09567529653747958,1.3299820392706998,nan
0.5,1.35,0.1,46,"demo_00 +15,+5 deg",False,0.21573753424888453,1.2737960256163343,nan
0.5,1.35,0.1,47,"demo_00 +15,+10 deg",False,0.36141955324994973,1.209844507855435,nan
0.5,1.35,0.1,48,"demo_00 +15,+15 deg",False,0.479991854835249,1.7608810392301324,nan
0.5,1.5,0.01,0,"demo_00 -15,-15 deg",True,0.023834718639579925,0.0,0.005152494311027715
0.5,1.5,0.01,1,"demo_00 -15,-10 deg",True,0.017378944071574913,0.0,0.005085149812608784
0.5,1.5,0.01,2,"demo_00 -15,-5 deg",True,0.011688552503279237,0.0,0.004465995196101727
0.5,1.5,0.01,3,"demo_00 -15,+0 deg",True,0.0067255304294425965,0.0,0.005611529230133866
0.5,1.5,0.01,4,"demo_00 -15,+5 deg",False,0.002954806488776219,2.4824539579099008,nan
0.5,1.5,0.01,5,"demo_00 -15,+10 deg",False,0.004233419058391117,2.4846803105489688,nan
0.5,1.5,0.01,6,"demo_00 -15,+15 deg",False,0.008667039454592447,2.4587536809482184,nan
0.5,1.5,0.01,7,"demo_00 -10,-15 deg",True,0.019650365047638514,0.0,0.005110004350534255
0.5,1.5,0.01,8,"demo_00 -10,-10 deg",True,0.013803150561104765,0.0,0.005066157096494769
0.5,1.5,0.01,9,"demo_00 -10,-5 deg",True,0.008689325114411313,0.0,0.004967321488952694
0.5,1.5,0.01,10,"demo_00 -10,+0 deg",True,0.00426322377716309,0.0,0.005740419318046828
0.5,1.5,0.01,11,"demo_00 -10,+5 deg",False,0.0017277026557630658,2.529697353816152,nan
0.5,1.5,0.01,12,"demo_00 -10,+10 deg",False,0.004897221021064685,2.5506258423480257,nan
0.5,1.5,0.01,13,"demo_00 -10,+15 deg",False,0.009288168633915161,2.4519201077511084,nan
0.5,1.5,0.01,14,"demo_00 -5,-15 deg",True,0.015664327944282463,0.0,0.005088870889847883
0.5,1.5,0.01,15,"demo_00 -5,-10 deg",True,0.010422488700753654,0.0,0.004485340962492186
0.5,1.5,0.01,16,"demo_00 -5,-5 deg",True,0.005884351320177272,0.0,0.00553140388792913
0.5,1.5,0.01,17,"demo_00 -5,+0 deg",True,0.00198112305649412,0.0,0.005762336711649812
0.5,1.5,0.01,18,"demo_00 -5,+5 deg",False,0.00206199997519639,2.621088554945351,nan
0.5,1.5,0.01,19,"demo_00 -5,+10 deg",False,0.005710923331196673,2.564185542812793,nan
0.5,1.5,0.01,20,"demo_00 -5,+15 deg",False,0.009830482252242919,2.4987632742581223,nan
0.5,1.5,0.01,21,"demo_00 +0,-15 deg",True,0.011884996769185986,0.0,0.005088269076739882
0.5,1.5,0.01,22,"demo_00 +0,-10 deg",True,0.007251553586349499,0.0,0.004865010117683342
0.5,1.5,0.01,23,"demo_00 +0,-5 deg",True,0.0033065057815045594,0.0,0.0057286505698583715
0.5,1.5,0.01,24,demo_00,True,0.0001138988197172241,0.004257719528821973,0.00576233491950519
0.5,1.5,0.01,25,"demo_00 +0,+5 deg",False,0.0032451125170324087,2.600541023866014,nan
0.5,1.5,0.01,26,"demo_00 +0,+10 deg",False,0.006493421752468293,2.5508299185245358,nan
0.5,1.5,0.01,27,"demo_00 +0,+15 deg",False,0.01023684488061457,2.4548512424641133,nan
0.5,1.5,0.01,28,"demo_00 +5,-15 deg",False,0.0083205666614095,0.0,0.004488902996452481
0.5,1.5,0.01,29,"demo_00 +5,-10 deg",True,0.004322421707333629,0.0,0.005495727106040556
0.5,1.5,0.01,30,"demo_00 +5,-5 deg",True,0.0012012166260301127,0.0023362423847340733,0.005762837175038336
0.5,1.5,0.01,31,"demo_00 +5,+0 deg",False,0.0020181554380850415,2.5868254403329396,nan
0.5,1.5,0.01,32,"demo_00 +5,+5 deg",False,0.0044669161255238565,2.570176707203457,nan
0.5,1.5,0.01,33,"demo_00 +5,+10 deg",False,0.007151095033117006,2.4790081805429747,nan
0.5,1.5,0.01,34,"demo_00 +5,+15 deg",False,0.010463532377313081,2.3903765328711377,nan
0.5,1.5,0.01,35,"demo_00 +10,-15 deg",True,0.004984961237791392,0.0,0.00482915658869238
0.5,1.5,0.01,36,"demo_00 +10,-10 deg",True,0.001828588322670018,0.0,0.005733716529730927
0.5,1.5,0.01,37,"demo_00 +10,-5 deg",True,0.0018285874269974532,0.0,0.005764817786170982
0.5,1.5,0.01,38,"demo_00 +10,+0 deg",False,0.0037341812603683706,2.5914354461649536,nan
0.5,1.5,0.01,39,"demo_00 +10,+5 deg",False,0.005557622388640926,2.5127278145314045,nan
0.5,1.5,0.01,40,"demo_00 +10,+10 deg",False,0.007635655543724908,2.4403455799689544,nan
0.5,1.5,0.01,41,"demo_00 +10,+15 deg",False,0.010476215794610763,2.351559634173622,nan
0.5,1.5,0.01,42,"demo_00 +15,-15 deg",True,0.0019622337021655395,0.0,0.005477216709346892
0.5,1.5,0.01,43,"demo_00 +15,-10 deg",True,0.0017973567419069887,0.0,0.005770571135557588
0.5,1.5,0.01,44,"demo_00 +15,-5 deg",True,0.003755907429006894,0.0,0.005765773331029569
0.5,1.5,0.01,45,"demo_00 +15,+0 deg",False,0.005271087763659759,2.5476445976348825,nan
0.5,1.5,0.01,46,"demo_00 +15,+5 deg",False,0.0064845653296428385,2.481419824638726,nan
0.5,1.5,0.01,47,"demo_00 +15,+10 deg",False,0.00792487864385161,2.3982066236329556,nan
0.5,1.5,0.01,48,"demo_00 +15,+15 deg",False,0.01024804854920737,2.3318052243590257,nan
0.5,1.5,0.02,0,"demo_00 -15,-15 deg",False,0.03210282286056606,0.0,0.010136499891025547
0.5,1.5,0.02,1,"demo_00 -15,-10 deg",False,0.02082731759651334,0.0,0.006486183094639639
0.5,1.5,0.02,2,"demo_00 -15,-5 deg",True,0.01206591508250025,0.0,0.005862879064782554
0.5,1.5,0.02,3,"demo_00 -15,+0 deg",True,0.006140283293981994,0.0,0.005964952306629196
0.5,1.5,0.02,4,"demo_00 -15,+5 deg",False,0.004598475162670014,2.511255577541342,nan
0.5,1.5,0.02,5,"demo_00 -15,+10 deg",False,0.007697505011251566,2.4995202062881408,nan
0.5,1.5,0.02,6,"demo_00 -15,+15 deg",False,0.013071621756041938,2.4679326515240505,nan
0.5,1.5,0.02,7,"demo_00 -10,-15 deg",False,0.026426047964085382,0.0,0.0061481291601738295
0.5,1.5,0.02,8,"demo_00 -10,-10 deg",False,0.01639297421817709,0.0,0.006357818256593591
0.5,1.5,0.02,9,"demo_00 -10,-5 deg",True,0.008788216644520898,0.0,0.005971479398556153
0.5,1.5,0.02,10,"demo_00 -10,+0 deg",True,0.003746991253382071,0.0,0.005979471559221732
0.5,1.5,0.02,11,"demo_00 -10,+5 deg",False,0.00324797636789686,2.5813397838283287,nan
0.5,1.5,0.02,12,"demo_00 -10,+10 deg",False,0.0071613075094428364,2.5552320801328707,nan
0.5,1.5,0.02,13,"demo_00 -10,+15 deg",False,0.01326233405827424,2.5010643560575647,nan
0.5,1.5,0.02,14,"demo_00 -5,-15 deg",False,0.020949505199210117,0.0,0.006044093348313322
0.5,1.5,0.02,15,"demo_00 -5,-10 deg",False,0.01222134018518501,0.0,0.0062926078207291986
0.5,1.5,0.02,16,"demo_00 -5,-5 deg",True,0.005853858547825884,0.0,0.005927496347586793
0.5,1.5,0.02,17,"demo_00 -5,+0 deg",True,0.0017335764925602009,0.0,0.0059773541046826304
0.5,1.5,0.02,18,"demo_00 -5,+5 deg",False,0.002888767982281943,2.6364540313671654,nan
0.5,1.5,0.02,19,"demo_00 -5,+10 deg",False,0.0075710772341107645,2.5747595120097766,nan
0.5,1.5,0.02,20,"demo_00 -5,+15 deg",False,0.014561065075219957,2.5136870567056646,nan
0.5,1.5,0.02,21,"demo_00 +0,-15 deg",False,0.01571110724217907,0.0,0.006044779233388966
0.5,1.5,0.02,22,"demo_00 +0,-10 deg",False,0.008354755549419366,0.0,0.006100775066813935
0.5,1.5,0.02,23,"demo_00 +0,-5 deg",True,0.00332549201541522,0.0,0.005995694829704467
0.5,1.5,0.02,24,demo_00,False,2.300446950061443e-05,2.7106313905730572,2.98128915901717
0.5,1.5,0.02,25,"demo_00 +0,+5 deg",False,0.0034519170328913746,2.63677402774042,nan
0.5,1.5,0.02,26,"demo_00 +0,+10 deg",False,0.008828557530922347,2.5726327213185742,nan
0.5,1.5,0.02,27,"demo_00 +0,+15 deg",False,0.016872788090014926,2.4992474910313356,nan
0.5,1.5,0.02,28,"demo_00 +5,-15 deg",False,0.01077061540327803,0.0,0.006036717162109977
0.5,1.5,0.02,29,"demo_00 +5,-10 deg",True,0.004925658921868823,0.0,0.0060113112861445986
0.5,1.5,0.02,30,"demo_00 +5,-5 deg",True,0.0017102468683882278,0.004084661672227208,0.005981458579204919
0.5,1.5,0.02,31,"demo_00 +5,+0 deg",False,0.0015080108307247314,2.6499152386613503,nan
0.5,1.5,0.02,32,"demo_00 +5,+5 deg",False,0.004634902084653124,2.5907976281393563,nan
0.5,1.5,0.02,33,"demo_00 +5,+10 deg",False,0.010851073982949738,2.531602142087323,nan
0.5,1.5,0.02,34,"demo_00 +5,+15 deg",False,0.02011943566046052,2.4740113828264545,nan
0.5,1.5,0.02,35,"demo_00 +10,-15 deg",True,0.0062452435790382845,0.0,0.006124774581256733
0.5,1.5,0.02,36,"demo_00 +10,-10 deg",True,0.0025483928604434145,0.0,0.005948264729634695
0.5,1.5,0.02,37,"demo_00 +10,-5 deg",True,0.0023336707239316776,0.0,0.005978453925126321
0.5,1.5,0.02,38,"demo_00 +10,+0 deg",False,0.0028472915073746627,2.6031667013818414,nan
0.5,1.5,0.02,39,"demo_00 +10,+5 deg",False,0.006261328142848838,2.5320832737962173,nan
0.5,1.5,0.02,40,"demo_00 +10,+10 deg",False,0.013580149264607136,2.472991299948493,nan
0.5,1.5,0.02,41,"demo_00 +10,+15 deg",False,0.024246422563515384,2.42713944033496,1.9413984116805658
0.5,1.5,0.02,42,"demo_00 +15,-15 deg",True,0.0026640245262004683,0.0,0.0062107194078072124
0.5,1.5,0.02,43,"demo_00 +15,-10 deg",True,0.0030859659110256676,0.0,0.0059826971964521735
0.5,1.5,0.02,44,"demo_00 +15,-5 deg",True,0.0037584966563869657,0.0,0.005978091911249179
0.5,1.5,0.02,45,"demo_00 +15,+0 deg",False,0.004055674403281958,2.55241647681766,nan
0.5,1.5,0.02,46,"demo_00 +15,+5 deg",False,0.00829744086335714,2.487602866654539,nan
0.5,1.5,0.02,47,"demo_00 +15,+10 deg",False,0.01698670931284248,2.4227136672447855,0.9586034108253171
0.5,1.5,0.02,48,"demo_00 +15,+15 deg",False,0.02922768501851114,2.3746423055446115,nan
0.5,1.5,0.03,0,"demo_00 -15,-15 deg",False,0.05474734843371704,2.2059181403564443,nan
0.5,1.5,0.03,1,"demo_00 -15,-10 deg",False,0.03529975737416635,0.0,0.32654147350456175
0.5,1.5,0.03,2,"demo_00 -15,-5 deg",True,0.020298882556360684,0.0,0.006103885386573278
0.5,1.5,0.03,3,"demo_00 -15,+0 deg",False,0.01248275304594236,2.4645582933843726,nan
0.5,1.5,0.03,4,"demo_00 -15,+5 deg",False,0.011955285055340301,2.503349949646578,nan
0.5,1.5,0.03,5,"demo_00 -15,+10 deg",False,0.011737921588326239,2.4987755010789376,nan
0.5,1.5,0.03,6,"demo_00 -15,+15 deg",False,0.00904546608756412,2.434460579537653,nan
0.5,1.5,0.03,7,"demo_00 -10,-15 deg",False,0.04521456374504698,2.4084156374116668,nan
0.5,1.5,0.03,8,"demo_00 -10,-10 deg",False,0.0275661966353544,0.0,0.05577217674942707
0.5,1.5,0.03,9,"demo_00 -10,-5 deg",True,0.013768887614766943,0.0,0.0059620832786506876
0.5,1.5,0.03,10,"demo_00 -10,+0 deg",True,0.00587304834802682,0.0,0.006085379233937748
0.5,1.5,0.03,11,"demo_00 -10,+5 deg",False,0.005542972351185436,2.5525669068314967,nan
0.5,1.5,0.03,12,"demo_00 -10,+10 deg",False,0.005800051924145872,2.5417996351344163,nan
0.5,1.5,0.03,13,"demo_00 -10,+15 deg",False,0.008560526391525889,2.468065448146586,nan
0.5,1.5,0.03,14,"demo_00 -5,-15 deg",True,0.036204879113760254,0.0,0.006086248121259324
0.5,1.5,0.03,15,"demo_00 -5,-10 deg",False,0.020823141362962434,0.0,0.026096445940272328
0.5,1.5,0.03,16,"demo_00 -5,-5 deg",True,0.009091117560372527,0.0,0.0061410826676333834
0.5,1.5,0.03,17,"demo_00 -5,+0 deg",True,0.0021708128771793563,0.0,0.0060830129780130365
0.5,1.5,0.03,18,"demo_00 -5,+5 deg",False,0.002719384399551994,2.639448045825998,nan
0.5,1.5,0.03,19,"demo_00 -5,+10 deg",False,0.005555496833975325,2.549375796595508,nan
0.5,1.5,0.03,20,"demo_00 -5,+15 deg",False,0.013424473268965212,2.5122469879530103,nan
0.5,1.5,0.03,21,"demo_00 +0,-15 deg",False,0.027522905068488115,0.0,0.027521441996263246
0.5,1.5,0.03,22,"demo_00 +0,-10 deg",False,0.01463248353452552,0.0,0.01489261526760245
0.5,1.5,0.03,23,"demo_00 +0,-5 deg",True,0.005363679879056949,0.0,0.006167403538572967
0.5,1.5,0.03,24,demo_00,True,8.87646164430061e-05,0.003910233118712366,0.0060844803053873376
0.5,1.5,0.03,25,"demo_00 +0,+5 deg",False,0.003080517410816442,2.6305476554937597,nan
0.5,1.5,0.03,26,"demo_00 +0,+10 deg",False,0.0088558368548911,2.5344773278600967,nan
0.5,1.5,0.03,27,"demo_00 +0,+15 deg",False,0.01937378144702391,2.471517038170617,nan
0.5,1.5,0.03,28,"demo_00 +5,-15 deg",False,0.01920560063186618,0.0,0.018373791845259904
0.5,1.5,0.03,29,"demo_00 +5,-10 deg",False,0.008921942525830246,0.0,0.008133557007765317
0.5,1.5,0.03,30,"demo_00 +5,-5 deg",True,0.0023797701874434633,0.003309518563241652,0.006079882712309108
0.5,1.5,0.03,31,"demo_00 +5,+0 deg",False,0.002150616205892299,2.648381977931249,nan
0.5,1.5,0.03,32,"demo_00 +5,+5 deg",False,0.006052483532302565,2.559089064362423,nan
0.5,1.5,0.03,33,"demo_00 +5,+10 deg",False,0.0142178487211442,2.5029031716683434,nan
0.5,1.5,0.03,34,"demo_00 +5,+15 deg",False,0.02687261005524521,2.4424762199157546,1.1215482347486752
0.5,1.5,0.03,35,"demo_00 +10,-15 deg",False,0.011526820728244114,0.0,0.01327755191465541
0.5,1.5,0.03,36,"demo_00 +10,-10 deg",True,0.004276184037516185,0.0,0.006436968531815306
0.5,1.5,0.03,37,"demo_00 +10,-5 deg",True,0.002898541795093502,0.0,0.006082026738436006
0.5,1.5,0.03,38,"demo_00 +10,+0 deg",False,0.005409338376064299,2.5703621805916703,nan
0.5,1.5,0.03,39,"demo_00 +10,+5 deg",False,0.011244240696236998,2.5392497150345257,nan
0.5,1.5,0.03,40,"demo_00 +10,+10 deg",False,0.021906103239768278,2.4306799321536317,nan
0.5,1.5,0.03,41,"demo_00 +10,+15 deg",False,0.036763701903960715,2.3665143735210474,nan
0.5,1.5,0.03,42,"demo_00 +15,-15 deg",True,0.00525222645171205,0.0,0.006604258909275921
0.5,1.5,0.03,43,"demo_00 +15,-10 deg",True,0.003732456927462817,0.0,0.006116443114386099
0.5,1.5,0.03,44,"demo_00 +15,-5 deg",False,0.005831950950621865,2.619843507075996,nan
0.5,1.5,0.03,45,"demo_00 +15,+0 deg",False,0.009730737321437402,2.5204700236968396,nan
0.5,1.5,0.03,46,"demo_00 +15,+5 deg",False,0.018368347320891664,2.4885024716302677,nan
0.5,1.5,0.03,47,"demo_00 +15,+10 deg",False,0.03200631871742047,2.397531353981794,nan
0.5,1.5,0.03,48,"demo_00 +15,+15 deg",False,0.04945591824719345,2.379195778603921,nan
0.5,1.5,0.05,0,"demo_00 -15,-15 deg",False,0.1448332670087298,2.337902314168862,nan
0.5,1.5,0.05,1,"demo_00 -15,-10 deg",False,0.10169761208419976,2.400690785628426,nan
0.5,1.5,0.05,2,"demo_00 -15,-5 deg",False,0.07151541339082049,2.4538692651571106,nan
0.5,1.5,0.05,3,"demo_00 -15,+0 deg",False,0.05998480824448523,2.497127772133863,nan
0.5,1.5,0.05,4,"demo_00 -15,+5 deg",False,0.05096766869394737,2.511863755304158,nan
0.5,1.5,0.05,5,"demo_00 -15,+10 deg",False,0.025753941360593294,2.5015161144493847,nan
0.5,1.5,0.05,6,"demo_00 -15,+15 deg",False,0.045029634579899655,2.465283369721265,nan
0.5,1.5,0.05,7,"demo_00 -10,-15 deg",False,0.11932946527935627,2.4067787782776366,nan
0.5,1.5,0.05,8,"demo_00 -10,-10 deg",False,0.07538702831666337,2.472962959766291,2.3446682024064365
0.5,1.5,0.05,9,"demo_00 -10,-5 deg",False,0.040828912374841465,2.512284233642114,nan
0.5,1.5,0.05,10,"demo_00 -10,+0 deg",False,0.02548763201442358,2.573166347788095,nan
0.5,1.5,0.05,11,"demo_00 -10,+5 deg",False,0.01603259991840827,2.582519051851698,nan
0.5,1.5,0.05,12,"demo_00 -10,+10 deg",False,0.017064869841329895,2.55213497213174,2.622696739109547
0.5,1.5,0.05,13,"demo_00 -10,+15 deg",False,0.07750748818277957,2.4987180181377613,nan
0.5,1.5,0.05,14,"demo_00 -5,-15 deg",False,0.09879902368998372,2.4709200140062566,nan
0.5,1.5,0.05,15,"demo_00 -5,-10 deg",False,0.057905749403930576,2.5391078121736674,0.27818669122003764
0.5,1.5,0.05,16,"demo_00 -5,-5 deg",False,0.02414030784480951,2.6035783638290804,2.9429276164592837
0.5,1.5,0.05,17,"demo_00 -5,+0 deg",False,0.006611143800997025,2.656725347795739,nan
0.5,1.5,0.05,18,"demo_00 -5,+5 deg",False,0.003427769329313535,2.638492334937272,nan
0.5,1.5,0.05,19,"demo_00 -5,+10 deg",False,0.03696760604355238,2.5784798265329147,nan
0.5,1.5,0.05,20,"demo_00 -5,+15 deg",False,0.102220128585154,2.5109602067881855,nan
0.5,1.5,0.05,21,"demo_00 +0,-15 deg",False,0.07945890236646908,2.5161518596065493,nan
0.5,1.5,0.05,22,"demo_00 +0,-10 deg",False,0.043552434699875985,2.5844994732876265,nan
0.5,1.5,0.05,23,"demo_00 +0,-5 deg",False,0.014565547239391827,2.6542233786702165,0.9114487426987358
0.5,1.5,0.05,24,demo_00,True,0.0004931421035155999,0.007260216980427805,0.006122212242831588
0.5,1.5,0.05,25,"demo_00 +0,+5 deg",False,0.009195340477810527,2.639617507439507,nan
0.5,1.5,0.05,26,"demo_00 +0,+10 deg",False,0.048050038898766155,2.5705217821608497,nan
0.5,1.5,0.05,27,"demo_00 +0,+15 deg",False,0.11912899648914145,2.5011487734775533,nan
0.5,1.5,0.05,28,"demo_00 +5,-15 deg",False,0.05950995652817191,2.5635555312901244,nan
0.5,1.5,0.05,29,"demo_00 +5,-10 deg",False,0.028929425366732688,2.6325299641854656,nan
0.5,1.5,0.05,30,"demo_00 +5,-5 deg",True,0.004762363159328725,0.0029095624270826393,0.006031569443883015
0.5,1.5,0.05,31,"demo_00 +5,+0 deg",False,0.007191063326023092,2.6490686497227873,nan
0.5,1.5,0.05,32,"demo_00 +5,+5 deg",False,0.01648743119129395,2.588834913055731,nan
0.5,1.5,0.05,33,"demo_00 +5,+10 deg",False,0.05852099917824821,2.534922390847914,nan
0.5,1.5,0.05,34,"demo_00 +5,+15 deg",False,0.13517812609568727,2.472509348066392,nan
0.5,1.5,0.05,35,"demo_00 +10,-15 deg",False,0.039175843599840346,2.6068590171777033,nan
0.5,1.5,0.05,36,"demo_00 +10,-10 deg",False,0.013822976892124824,2.6811244488227994,2.9888975907362245
0.5,1.5,0.05,37,"demo_00 +10,-5 deg",False,0.009061963626813095,2.666756743498382,nan
0.5,1.5,0.05,38,"demo_00 +10,+0 deg",False,0.023290706189899396,2.60013598060445,nan
0.5,1.5,0.05,39,"demo_00 +10,+5 deg",False,0.03914547804742215,2.538611856625359,nan
0.5,1.5,0.05,40,"demo_00 +10,+10 deg",False,0.0814608538731344,2.4802453634421893,nan
0.5,1.5,0.05,41,"demo_00 +10,+15 deg",False,0.16043132837185092,2.430827593153933,nan
0.5,1.5,0.05,42,"demo_00 +15,-15 deg",False,0.020309899529832184,2.660462051543724,nan
0.5,1.5,0.05,43,"demo_00 +15,-10 deg",True,0.0065010273986714035,0.0004804870460504672,0.005595570977216657
0.5,1.5,0.05,44,"demo_00 +15,-5 deg",False,0.025055394274292944,2.619174822587362,nan
0.5,1.5,0.05,45,"demo_00 +15,+0 deg",False,0.047248438671225676,2.550796046516952,nan
0.5,1.5,0.05,46,"demo_00 +15,+5 deg",False,0.0754116482192638,2.4871693746654158,nan
0.5,1.5,0.05,47,"demo_00 +15,+10 deg",False,0.12366188092813919,2.4270642950086354,nan
0.5,1.5,0.05,48,"demo_00 +15,+15 deg",False,0.20332429620276443,2.3804702276373844,nan
0.5,1.5,0.1,0,"demo_00 -15,-15 deg",False,0.5042669430645177,1.3180956495910519,nan
0.5,1.5,0.1,1,"demo_00 -15,-10 deg",False,0.3633006141110821,0.9200673972658797,nan
0.5,1.5,0.1,2,"demo_00 -15,-5 deg",False,0.2806549168672007,1.0809344444796776,nan
0.5,1.5,0.1,3,"demo_00 -15,+0 deg",False,0.22221530442981896,1.56903530228714,nan
0.5,1.5,0.1,4,"demo_00 -15,+5 deg",False,0.12521661854650698,1.2593672207517885,nan
0.5,1.5,0.1,5,"demo_00 -15,+10 deg",False,0.053047877706385374,1.9270545799831749,nan
0.5,1.5,0.1,6,"demo_00 -15,+15 deg",False,0.1212782357479288,1.7396782634193966,nan
0.5,1.5,0.1,7,"demo_00 -10,-15 deg",False,0.440646303673887,0.8653856786248315,nan
0.5,1.5,0.1,8,"demo_00 -10,-10 deg",False,0.2701978035830292,1.201407714033743,nan
0.5,1.5,0.1,9,"demo_00 -10,-5 deg",False,0.1497396879416519,1.372322819848513,nan
0.5,1.5,0.1,10,"demo_00 -10,+0 deg",False,0.09417166335478482,2.1930178565245817,nan
0.5,1.5,0.1,11,"demo_00 -10,+5 deg",False,0.02748355930769231,1.366946386936118,nan
0.5,1.5,0.1,12,"demo_00 -10,+10 deg",False,0.07042345266441077,2.0693891231405086,nan
0.5,1.5,0.1,13,"demo_00 -10,+15 deg",False,0.12763563050994184,1.7930567555957448,nan
0.5,1.5,0.1,14,"demo_00 -5,-15 deg",False,0.3842265187641044,0.8982703185202322,nan
0.5,1.5,0.1,15,"demo_00 -5,-10 deg",False,0.21438210122696755,2.3348744158460235,nan
0.5,1.5,0.1,16,"demo_00 -5,-5 deg",False,0.07587056981586965,1.956493456216756,nan
0.5,1.5,0.1,17,"demo_00 -5,+0 deg",False,0.0181056116579139,1.30663588260637,nan
0.5,1.5,0.1,18,"demo_00 -5,+5 deg",False,0.02409628045692076,2.2209052023100306,nan
0.5,1.5,0.1,19,"demo_00 -5,+10 deg",False,0.08697451072573882,1.0040559970843328,nan
0.5,1.5,0.1,20,"demo_00 -5,+15 deg",False,0.13470138575862486,1.0612996712929332,nan
0.5,1.5,0.1,21,"demo_00 +0,-15 deg",False,0.32248202164720435,0.9398890266895928,nan
0.5,1.5,0.1,22,"demo_00 +0,-10 deg",False,0.1727037168413165,2.5099004243668808,nan
0.5,1.5,0.1,23,"demo_00 +0,-5 deg",False,0.050746265834961536,2.0623328006574995,nan
0.5,1.5,0.1,24,demo_00,True,0.0005131852119463875,0.006743043024593501,0.005484662240938386
0.5,1.5,0.1,25,"demo_00 +0,+5 deg",False,0.0388889475533353,1.3067717852148641,nan
0.5,1.5,0.1,26,"demo_00 +0,+10 deg",False,0.1220163837275669,1.3505884822832805,nan
0.5,1.5,0.1,27,"demo_00 +0,+15 deg",False,0.20466039590285515,1.7816002931630996,nan
0.5,1.5,0.1,28,"demo_00 +5,-15 deg",False,0.248027122818735,1.5759139991466644,nan
0.5,1.5,0.1,29,"demo_00 +5,-10 deg",False,0.1204918223117724,2.3384570698114775,nan
0.5,1.5,0.1,30,"demo_00 +5,-5 deg",False,0.016879445249460598,1.420393297695305,nan
0.5,1.5,0.1,31,"demo_00 +5,+0 deg",False,0.0420668397944466,1.3432911377479497,nan
0.5,1.5,0.1,32,"demo_00 +5,+5 deg",False,0.12249041698854551,0.9923018460522144,nan
0.5,1.5,0.1,33,"demo_00 +5,+10 deg",False,0.2478619271306866,2.141694589945419,nan
0.5,1.5,0.1,34,"demo_00 +5,+15 deg",False,0.3583621980205883,1.368224849491894,nan
0.5,1.5,0.1,35,"demo_00 +10,-15 deg",False,0.16244472436376645,2.0273819918315725,nan
0.5,1.5,0.1,36,"demo_00 +10,-10 deg",False,0.05230222402510474,1.2480035554415152,1.2279716896682689
0.5,1.5,0.1,37,"demo_00 +10,-5 deg",False,0.045065625396420644,1.3172711378328237,nan
0.5,1.5,0.1,38,"demo_00 +10,+0 deg",False,0.13241634292783105,2.24204970782335,nan
0.5,1.5,0.1,39,"demo_00 +10,+5 deg",False,0.28025156546373925,1.4930218714418095,nan
0.5,1.5,0.1,40,"demo_00 +10,+10 deg",False,0.438128834335948,1.6784073507517179,nan
0.5,1.5,0.1,41,"demo_00 +10,+15 deg",False,0.5107879126586481,1.8741441534219014,nan
0.5,1.5,0.1,42,"demo_00 +15,-15 deg",False,0.07646543778028064,1.3689938504307881,nan
0.5,1.5,0.1,43,"demo_00 +15,-10 deg",False,0.02057828802318611,2.073801689583763,nan
0.5,1.5,0.1,44,"demo_00 +15,-5 deg",False,0.11474261901206825,2.5171002126097064,nan
0.5,1.5,0.1,45,"demo_00 +15,+0 deg",False,0.25839315472630303,0.9539535408840946,nan
0.5,1.5,0.1,46,"demo_00 +15,+5 deg",False,0.4859990382310819,1.8581207125852284,nan
0.5,1.5,0.1,47,"demo_00 +15,+10 deg",False,0.5884128395459606,1.4243206996680733,nan
0.5,1.5,0.1,48,"demo_00 +15,+15 deg",False,0.5126817931220513,0.8155724214734554,nan
0.7,0.9,0.01,0,"demo_00 -15,-15 deg",True,0.012599982056185153,0.0,0.004881181465204024
0.7,0.9,0.01,1,"demo_00 -15,-10 deg",True,0.009205366612703167,0.0,0.005541743139076703
0.7,0.9,0.01,2,"demo_00 -15,-5 deg",True,0.006145733993262224,0.0,0.0056062944719617175
0.7,0.9,0.01,3,"demo_00 -15,+0 deg",False,0.0035089941876697045,2.3784456174379445,nan
0.7,0.9,0.01,4,"demo_00 -15,+5 deg",False,0.001761681978884395,2.3900944941868487,nan
0.7,0.9,0.01,5,"demo_00 -15,+10 deg",False,0.002312877989129876,2.3665311697377605,nan
0.7,0.9,0.01,6,"demo_00 -15,+15 deg",False,0.003861705582122911,2.35122421492184,nan
0.7,0.9,0.01,7,"demo_00 -10,-15 deg",True,0.01110152813977612,0.0,0.004986952287694666
0.7,0.9,0.01,8,"demo_00 -10,-10 deg",True,0.007821460434571003,0.0,0.005563310339944408
0.7,0.9,0.01,9,"demo_00 -10,-5 deg",True,0.004861245441283716,0.0,0.005604322277696944
0.7,0.9,0.01,10,"demo_00 -10,+0 deg",True,0.002294878026681095,0.0,0.005609720382635379
0.7,0.9,0.01,11,"demo_00 -10,+5 deg",False,0.0010090655675057336,2.462438134980387,nan
0.7,0.9,0.01,12,"demo_00 -10,+10 deg",False,0.0025108340800679605,2.4375642396834567,nan
0.7,0.9,0.01,13,"demo_00 -10,+15 deg",False,0.0041472862417287,2.365263641905071,nan
0.7,0.9,0.01,14,"demo_00 -5,-15 deg",True,0.009534801055189942,0.0,0.005122095073129033
0.7,0.9,0.01,15,"demo_00 -5,-10 deg",True,0.006378316967448634,0.0,0.005583449905152223
0.7,0.9,0.01,16,"demo_00 -5,-5 deg",True,0.0035288778553368887,0.0,0.005609120156948875
0.7,0.9,0.01,17,"demo_00 -5,+0 deg",True,0.0010332960612429466,0.0,0.005610552061624359
0.7,0.9,0.01,18,"demo_00 -5,+5 deg",False,0.0012915302743032563,2.5241928717122626,nan
0.7,0.9,0.01,19,"demo_00 -5,+10 deg",False,0.0031434025296097194,2.4420559398744377,nan
0.7,0.9,0.01,20,"demo_00 -5,+15 deg",False,0.004689993467660398,2.3851961964895443,nan
0.7,0.9,0.01,21,"demo_00 +0,-15 deg",True,0.007899570854597174,0.0,0.005274393505345322
0.7,0.9,0.01,22,"demo_00 +0,-10 deg",True,0.00487875132226025,0.0,0.005592051099650456
0.7,0.9,0.01,23,"demo_00 +0,-5 deg",True,0.0021642034126580258,0.0,0.005609418764345835
0.7,0.9,0.01,24,demo_00,True,0.000289316717680573,0.006182665942343033,0.005609218653101528
0.7,0.9,0.01,25,"demo_00 +0,+5 deg",False,0.0023118574815357,2.5227560762326213,nan
0.7,0.9,0.01,26,"demo_00 +0,+10 deg",False,0.004037763315500353,2.4566323136154913,nan
0.7,0.9,0.01,27,"demo_00 +0,+15 deg",False,0.005428175350654605,2.3886220279926795,nan
0.7,0.9,0.01,28,"demo_00 +5,-15 deg",True,0.006196612006677178,0.0,0.00541748588773547
0.7,0.9,0.01,29,"demo_00 +5,-10 deg",True,0.0033335374813285882,0.0,0.005602677237425202
0.7,0.9,0.01,30,"demo_00 +5,-5 deg",True,0.0008992045422614029,0.0,0.005609283695239115
0.7,0.9,0.01,31,"demo_00 +5,+0 deg",True,0.0016467363524448632,0.0,0.005609750144785493
0.7,0.9,0.01,32,"demo_00 +5,+5 deg",False,0.0035165384346275406,2.4486587950912018,nan
0.7,0.9,0.01,33,"demo_00 +5,+10 deg",False,0.0050811895317345365,2.3971527426989923,nan
0.7,0.9,0.01,34,"demo_00 +5,+15 deg",False,0.006307951479641251,2.35107115402091,nan
0.7,0.9,0.01,35,"demo_00 +10,-15 deg",True,0.004429727573068103,0.0,0.005523641860496196
0.7,0.9,0.01,36,"demo_00 +10,-10 deg",True,0.0017979090913182562,0.0,0.005605959795464285
0.7,0.9,0.01,37,"demo_00 +10,-5 deg",True,0.0011605081310397025,0.0,0.005608049951429098
0.7,0.9,0.01,38,"demo_00 +10,+0 deg",True,0.003062637942298372,0.0,0.005609724064564168
0.7,0.9,0.01,39,"demo_00 +10,+5 deg",False,0.004803817027086959,2.424312232928644,nan
0.7,0.9,0.01,40,"demo_00 +10,+10 deg",False,0.006220544108282684,2.358385842257884,nan
0.7,0.9,0.01,41,"demo_00 +10,+15 deg",False,0.007292042818967813,2.2848949722080745,nan
0.7,0.9,0.01,42,"demo_00 +15,-15 deg",True,0.0026166442011584207,0.0,0.005585185582960658
0.7,0.9,0.01,43,"demo_00 +15,-10 deg",True,0.00090599208288335,0.0,0.0056071099964058
0.7,0.9,0.01,44,"demo_00 +15,-5 deg",True,0.0026178547681175164,0.0,0.005610334984808481
0.7,0.9,0.01,45,"demo_00 +15,+0 deg",True,0.0045328470975403426,0.0,0.0056072223321317624
0.7,0.9,0.01,46,"demo_00 +15,+5 deg",False,0.0061520724035784265,2.3496637589471003,nan
0.7,0.9,0.01,47,"demo_00 +15,+10 deg",False,0.007431418285089309,2.3141518529264853,nan
0.7,0.9,0.01,48,"demo_00 +15,+15 deg",False,0.00835690395052594,2.255641850008158,nan
0.7,0.9,0.02,0,"demo_00 -15,-15 deg",True,0.012951724298868572,0.0,0.005733267325483596
0.7,0.9,0.02,1,"demo_00 -15,-10 deg",True,0.008855833584825985,0.0,0.005771349519685678
0.7,0.9,0.02,2,"demo_00 -15,-5 deg",True,0.0054834714926183335,0.0,0.005769320372788536
0.7,0.9,0.02,3,"demo_00 -15,+0 deg",True,0.0028066739263459812,0.0,0.005772228796447549
0.7,0.9,0.02,4,"demo_00 -15,+5 deg",False,0.0009048986540013103,0.47744139475412356,nan
0.7,0.9,0.02,5,"demo_00 -15,+10 deg",False,0.0011608174013909855,0.4644837563882319,nan
0.7,0.9,0.02,6,"demo_00 -15,+15 deg",False,0.0022247464574570055,0.4986270815984729,nan
0.7,0.9,0.02,7,"demo_00 -10,-15 deg",True,0.011561497232111051,0.0,0.005759366946464174
0.7,0.9,0.02,8,"demo_00 -10,-10 deg",True,0.007639242276114382,0.0,0.005771357504195845
0.7,0.9,0.02,9,"demo_00 -10,-5 deg",True,0.0044252692322961544,0.0,0.005770060788702503
0.7,0.9,0.02,10,"demo_00 -10,+0 deg",True,0.001896315419424565,0.0,0.0057712588548010256
0.7,0.9,0.02,11,"demo_00 -10,+5 deg",False,0.0005031228913987854,0.5453219829887268,nan
0.7,0.9,0.02,12,"demo_00 -10,+10 deg",False,0.0016590193672088264,0.5603429227867228,nan
0.7,0.9,0.02,13,"demo_00 -10,+15 deg",True,0.002682060080051781,0.8853880697729707,0.005773081419115781
0.7,0.9,0.02,14,"demo_00 -5,-15 deg",True,0.010056453388981382,0.0,0.005763717130442171
0.7,0.9,0.02,15,"demo_00 -5,-10 deg",True,0.0063161073670926085,0.0,0.005773072329775272
0.7,0.9,0.02,16,"demo_00 -5,-5 deg",True,0.003268395216986192,0.0,0.005769389890970879
0.7,0.9,0.02,17,"demo_00 -5,+0 deg",True,0.0008864248888977804,0.0,0.005769301319902036
0.7,0.9,0.02,18,"demo_00 -5,+5 deg",False,0.0009689732023161334,0.6217920589852517,nan
0.7,0.9,0.02,19,"demo_00 -5,+10 deg",True,0.0022537786204429207,0.9633418569161822,0.00577089252408284
0.7,0.9,0.02,20,"demo_00 -5,+15 deg",True,0.0031502089698112992,0.8873588849801516,0.005772740946505065
0.7,0.9,0.02,21,"demo_00 +0,-15 deg",True,0.008429198831014657,0.0,0.005768261771139415
0.7,0.9,0.02,22,"demo_00 +0,-10 deg",True,0.0048809686452241105,0.0,0.005769379479581517
0.7,0.9,0.02,23,"demo_00 +0,-5 deg",True,0.002015458019265218,0.0,0.005770401705107863
0.7,0.9,0.02,24,demo_00,True,0.0002494811669599356,0.005976794165504327,0.005770196693130788
0.7,0.9,0.02,25,"demo_00 +0,+5 deg",False,0.00185038870723118,0.6428534470775412,nan
0.7,0.9,0.02,26,"demo_00 +0,+10 deg",True,0.002969112647785658,0.9553878454037849,0.005770017538244769
0.7,0.9,0.02,27,"demo_00 +0,+15 deg",True,0.0036834325692779476,0.9026647938479597,0.005771574391403099
0.7,0.9,0.02,28,"demo_00 +5,-15 deg",True,0.006674320320267823,0.0,0.005769837061647457
0.7,0.9,0.02,29,"demo_00 +5,-10 deg",True,0.003338226759164154,0.0,0.0057711801064782645
0.7,0.9,0.02,30,"demo_00 +5,-5 deg",True,0.0007841254688183416,0.0,0.005771816964136009
0.7,0.9,0.02,31,"demo_00 +5,+0 deg",True,0.0014961214818902308,0.0,0.005769394844659201
0.7,0.9,0.02,32,"demo_00 +5,+5 deg",False,0.0029080608680677913,0.613468359797785,nan
0.7,0.9,0.02,33,"demo_00 +5,+10 deg",True,0.003828223844780809,0.9210163331284184,0.005771742748025912
0.7,0.9,0.02,34,"demo_00 +5,+15 deg",True,0.004332518644674773,0.8809214753308727,0.005771509687214513
0.7,0.9,0.02,35,"demo_00 +10,-15 deg",True,0.004790986422810369,0.0,0.005771590116998686
0.7,0.9,0.02,36,"demo_00 +10,-10 deg",True,0.0017471348525995188,0.0,0.0057700427894366675
0.7,0.9,0.02,37,"demo_00 +10,-5 deg",True,0.0011974086093637251,0.0,0.005773693300510123
0.7,0.9,0.02,38,"demo_00 +10,+0 deg",True,0.002885372411322437,0.0,0.005769548311683807
0.7,0.9,0.02,39,"demo_00 +10,+5 deg",False,0.004121449215239106,0.5748242913685215,nan
0.7,0.9,0.02,40,"demo_00 +10,+10 deg",True,0.004847567844066832,0.8578074128056933,0.005773794230143278
0.7,0.9,0.02,41,"demo_00 +10,+15 deg",True,0.0051374653738152165,0.8546544465654382,0.005772123713197654
0.7,0.9,0.02,42,"demo_00 +15,-15 deg",True,0.0027980986267987853,0.0,0.005770585424873441
0.7,0.9,0.02,43,"demo_00 +15,-10 deg",True,0.0009797420760796216,0.0,0.0057717607418301935
0.7,0.9,0.02,44,"demo_00 +15,-5 deg",True,0.0027955170796395653,0.0,0.005772957073347101
0.7,0.9,0.02,45,"demo_00 +15,+0 deg",True,0.004419708104485518,0.0,0.005770000856300742
0.7,0.9,0.02,46,"demo_00 +15,+5 deg",True,0.00549188888805081,0.8714648663856172,0.005771256519207014
0.7,0.9,0.02,47,"demo_00 +15,+10 deg",True,0.006037408681299133,0.8216656825064401,0.005771490867990432
0.7,0.9,0.02,48,"demo_00 +15,+15 deg",True,0.006124358582356696,0.8053502952498126,0.0057727660126177475
0.7,0.9,0.03,0,"demo_00 -15,-15 deg",True,0.016199708767860845,0.0,0.0059235042749365046
0.7,0.9,0.03,1,"demo_00 -15,-10 deg",True,0.01066063938899001,0.0,0.00593340726787545
0.7,0.9,0.03,2,"demo_00 -15,-5 deg",True,0.006342238268882529,0.0,0.005931234531066215
0.7,0.9,0.03,3,"demo_00 -15,+0 deg",True,0.003168074508837072,0.0,0.005933946727015065
0.7,0.9,0.03,4,"demo_00 -15,+5 deg",True,0.001040683472713453,0.0,0.005931597619638578
0.7,0.9,0.03,5,"demo_00 -15,+10 deg",False,0.00021263583217211054,0.004221052654360707,nan
0.7,0.9,0.03,6,"demo_00 -15,+15 deg",False,0.0006268438703908302,0.044062472572876904,nan
0.7,0.9,0.03,7,"demo_00 -10,-15 deg",True,0.014022955319293826,0.0,0.005928572305800018
0.7,0.9,0.03,8,"demo_00 -10,-10 deg",True,0.008871026615121002,0.0,0.005931279017002216
0.7,0.9,0.03,9,"demo_00 -10,-5 deg",True,0.0048989940532374555,0.0,0.00593308891763211
0.7,0.9,0.03,10,"demo_00 -10,+0 deg",True,0.002029136141788007,0.0,0.005932404646449279
0.7,0.9,0.03,11,"demo_00 -10,+5 deg",False,0.00018453272358925958,0.06299374784399983,nan
0.7,0.9,0.03,12,"demo_00 -10,+10 deg",False,0.0008715622022552739,0.11439140956324623,nan
0.7,0.9,0.03,13,"demo_00 -10,+15 deg",False,0.0012138468479552737,0.12786243488243623,nan
0.7,0.9,0.03,14,"demo_00 -5,-15 deg",True,0.011840761166237035,0.0,0.005930186745650268
0.7,0.9,0.03,15,"demo_00 -5,-10 deg",True,0.007081675042833359,0.0,0.00593067528052182
0.7,0.9,0.03,16,"demo_00 -5,-5 deg",True,0.0034620016886753656,0.0,0.005930518967448624
0.7,0.9,0.03,17,"demo_00 -5,+0 deg",True,0.000903266110234697,0.0,0.005932701350833088
0.7,0.9,0.03,18,"demo_00 -5,+5 deg",False,0.0007187659423862446,0.16397283429468595,nan
0.7,0.9,0.03,19,"demo_00 -5,+10 deg",False,0.0015325744361622453,0.18918797945391533,nan
0.7,0.9,0.03,20,"demo_00 -5,+15 deg",False,0.0017760204504444757,0.18872849092157662,nan
0.7,0.9,0.03,21,"demo_00 +0,-15 deg",True,0.009645553430429794,0.0,0.005931099374303903
0.7,0.9,0.03,22,"demo_00 +0,-10 deg",True,0.005286654756039063,0.0,0.005932454375725272
0.7,0.9,0.03,23,"demo_00 +0,-5 deg",True,0.00202991970381402,0.0,0.005931481255167744
0.7,0.9,0.03,24,demo_00,True,0.00023931042690101414,0.005571190120363069,0.005932908297480423
0.7,0.9,0.03,25,"demo_00 +0,+5 deg",False,0.0015496931633363206,0.2060208015813776,nan
0.7,0.9,0.03,26,"demo_00 +0,+10 deg",False,0.0021390826692896992,0.2201006028842119,nan
0.7,0.9,0.03,27,"demo_00 +0,+15 deg",True,0.0022415608000982343,2.1770266701355445,0.0054939664632315515
0.7,0.9,0.03,28,"demo_00 +5,-15 deg",True,0.007431529158959415,0.0,0.005930384506714018
0.7,0.9,0.03,29,"demo_00 +5,-10 deg",True,0.003489501562291898,0.0,0.005932938913095881
0.7,0.9,0.03,30,"demo_00 +5,-5 deg",True,0.0007035226536366123,0.0,0.005931609203094455
0.7,0.9,0.03,31,"demo_00 +5,+0 deg",False,0.001385619328091939,0.1408816544828765,nan
0.7,0.9,0.03,32,"demo_00 +5,+5 deg",False,0.002392644393410736,0.1880365528885094,nan
0.7,0.9,0.03,33,"demo_00 +5,+10 deg",True,0.002717962030642071,1.8537673540535156,0.005493318905507738
0.7,0.9,0.03,34,"demo_00 +5,+15 deg",True,0.002623611437383038,2.129831779179385,0.005494845557216671
0.7,0.9,0.03,35,"demo_00 +10,-15 deg",True,0.005197762744860164,0.0,0.005933595380375867
0.7,0.9,0.03,36,"demo_00 +10,-10 deg",True,0.0017502495663293072,0.0,0.0059325214336224666
0.7,0.9,0.03,37,"demo_00 +10,-5 deg",True,0.0011562198583044223,0.0,0.005932506069965328
0.7,0.9,0.03,38,"demo_00 +10,+0 deg",False,0.002573588948428207,0.09369032428473476,nan
0.7,0.9,0.03,39,"demo_00 +10,+5 deg",False,0.0032669642715550933,0.15854821564563584,nan
0.7,0.9,0.03,40,"demo_00 +10,+10 deg",True,0.003301396409056893,2.164687067899402,0.005494384363814628
0.7,0.9,0.03,41,"demo_00 +10,+15 deg",True,0.00295343109404497,1.7488529285213914,0.005494012793248687
0.7,0.9,0.03,42,"demo_00 +15,-15 deg",True,0.002965753748491963,0.0,0.005933706294049464
0.7,0.9,0.03,43,"demo_00 +15,-10 deg",True,0.0009878327767260972,0.0,0.005932008466399743
0.7,0.9,0.03,44,"demo_00 +15,-5 deg",True,0.0026465475378995447,0.0,0.00593159222057536
0.7,0.9,0.03,45,"demo_00 +15,+0 deg",True,0.0038100348317932197,0.0,0.005932432005213874
0.7,0.9,0.03,46,"demo_00 +15,+5 deg",False,0.004191701012310036,0.12101256924608059,nan
0.7,0.9,0.03,47,"demo_00 +15,+10 deg",True,0.003921700413441867,1.7610666124202248,0.0054933248606395734
0.7,0.9,0.03,48,"demo_00 +15,+15 deg",True,0.00327287836192868,1.8247886328852876,0.005495757820780622
0.7,0.9,0.05,0,"demo_00 -15,-15 deg",True,0.03760858300973779,0.0,0.00595817722493691
0.7,0.9,0.05,1,"demo_00 -15,-10 deg",True,0.02393581977476505,0.0,0.005958098215902947
0.7,0.9,0.05,2,"demo_00 -15,-5 deg",True,0.013318757521121079,0.0,0.005958624728009024
0.7,0.9,0.05,3,"demo_00 -15,+0 deg",True,0.005699653677730494,0.0,0.00595938651393416
0.7,0.9,0.05,4,"demo_00 -15,+5 deg",True,0.0009477837738408039,0.0,0.005958879004626698
0.7,0.9,0.05,5,"demo_00 -15,+10 deg",True,0.0012237428782990026,0.03781373066686805,0.005957207899043079
0.7,0.9,0.05,6,"demo_00 -15,+15 deg",True,0.0010695975489232348,0.12462082220088846,0.005958957624841654
0.7,0.9,0.05,7,"demo_00 -10,-15 deg",True,0.030089136923155974,0.0,0.005956011686341177
0.7,0.9,0.05,8,"demo_00 -10,-10 deg",True,0.01807352348638331,0.0,0.005957410502844642
0.7,0.9,0.05,9,"demo_00 -10,-5 deg",True,0.009094410684145876,0.0,0.005957446177211975
0.7,0.9,0.05,10,"demo_00 -10,+0 deg",True,0.0030870230652270832,0.0,0.00595929844364108
0.7,0.9,0.05,11,"demo_00 -10,+5 deg",False,0.00012235923079938538,0.028288211939723723,nan
0.7,0.9,0.05,12,"demo_00 -10,+10 deg",True,0.0009619357397041672,0.24793168576833863,0.005958318793378048
0.7,0.9,0.05,13,"demo_00 -10,+15 deg",False,0.0019200674922279395,2.273671516828578,nan
0.7,0.9,0.05,14,"demo_00 -5,-15 deg",True,0.023236449778123575,0.0,0.005958106335839358
0.7,0.9,0.05,15,"demo_00 -5,-10 deg",True,0.012885961983664897,0.0,0.005957647502058622
0.7,0.9,0.05,16,"demo_00 -5,-5 deg",True,0.00553991268435226,0.0,0.005956763511705301
0.7,0.9,0.05,17,"demo_00 -5,+0 deg",True,0.001108982772778293,0.0,0.005956805976155499
0.7,0.9,0.05,18,"demo_00 -5,+5 deg",True,0.0007379084112528717,0.2555326742545991,0.005956578622304535
0.7,0.9,0.05,19,"demo_00 -5,+10 deg",False,0.0016693326374539492,2.358694943737556,nan
0.7,0.9,0.05,20,"demo_00 -5,+15 deg",False,0.0048190238703704315,2.4056649903532374,nan
0.7,0.9,0.05,21,"demo_00 +0,-15 deg",True,0.01710471848382189,0.0,0.0059590327687943975
0.7,0.9,0.05,22,"demo_00 +0,-10 deg",True,0.00842881642331376,0.0,0.00595781690964106
0.7,0.9,0.05,23,"demo_00 +0,-5 deg",True,0.0027133308989341115,0.0,0.005958385942207601
0.7,0.9,0.05,24,demo_00,True,0.00023342747897940006,0.0055766362308468315,0.005958477169173875
0.7,0.9,0.05,25,"demo_00 +0,+5 deg",True,0.0012234633615139572,0.6923672449308195,0.005653141742077542
0.7,0.9,0.05,26,"demo_00 +0,+10 deg",False,0.0035340065882440434,2.3372640786687175,nan
0.7,0.9,0.05,27,"demo_00 +0,+15 deg",False,0.008437468507493169,2.2552435824078936,nan
0.7,0.9,0.05,28,"demo_00 +5,-15 deg",True,0.011744173265660886,0.0,0.005956810255744164
0.7,0.9,0.05,29,"demo_00 +5,-10 deg",True,0.004761614520624425,0.0,0.005957262580856736
0.7,0.9,0.05,30,"demo_00 +5,-5 deg",True,0.0007700548458424661,0.0,0.005956241824896658
0.7,0.9,0.05,31,"demo_00 +5,+0 deg",True,0.0009614101172366277,0.2427130983056461,0.005958540771564556
0.7,0.9,0.05,32,"demo_00 +5,+5 deg",False,0.002189827211040911,2.589648422616915,nan
0.7,0.9,0.05,33,"demo_00 +5,+10 deg",False,0.006217749026181146,2.2889270482534254,nan
0.7,0.9,0.05,34,"demo_00 +5,+15 deg",False,0.0127434048297486,2.222255914271787,nan
0.7,0.9,0.05,35,"demo_00 +10,-15 deg",True,0.007203426881023715,0.0,0.005956534092337862
0.7,0.9,0.05,36,"demo_00 +10,-10 deg",True,0.00199897812630199,0.0,0.005959364705982613
0.7,0.9,0.05,37,"demo_00 +10,-5 deg",True,0.0009639438063579358,0.0,0.0059570418227476085
0.7,0.9,0.05,38,"demo_00 +10,+0 deg",False,0.0013860846862148142,2.3766931367200144,nan
0.7,0.9,0.05,39,"demo_00 +10,+5 deg",False,0.003981170966409916,2.2915130311056138,nan
0.7,0.9,0.05,40,"demo_00 +10,+10 deg",False,0.009673598644466043,2.231016143218419,nan
0.7,0.9,0.05,41,"demo_00 +10,+15 deg",False,0.01775646530688441,2.1740359364336435,nan
0.7,0.9,0.05,42,"demo_00 +15,-15 deg",True,0.003547011716872649,0.0,0.005957022187860034
0.7,0.9,0.05,43,"demo_00 +15,-10 deg",True,0.000997586404598019,0.0,0.005958733411675541
0.7,0.9,0.05,44,"demo_00 +15,-5 deg",True,0.001535685386317732,0.0,0.0059561191693744365
0.7,0.9,0.05,45,"demo_00 +15,+0 deg",False,0.002218178784203264,2.308904647110349,nan
0.7,0.9,0.05,46,"demo_00 +15,+5 deg",False,0.0066365495164264245,2.2349250971439325,nan
0.7,0.9,0.05,47,"demo_00 +15,+10 deg",False,0.013910813122955007,2.1744381960208354,nan
0.7,0.9,0.05,48,"demo_00 +15,+15 deg",False,0.023498669013545758,2.1214484794955695,nan
0.7,0.9,0.1,0,"demo_00 -15,-15 deg",False,0.17512334762096546,1.228033031895855,nan
0.7,0.9,0.1,1,"demo_00 -15,-10 deg",True,0.10507400468285476,0.0,0.0059803281593988
0.7,0.9,0.1,2,"demo_00 -15,-5 deg",True,0.04963523027930177,0.0,0.005980960569624995
0.7,0.9,0.1,3,"demo_00 -15,+0 deg",False,0.012506461550480207,1.5711151490855237,nan
0.7,0.9,0.1,4,"demo_00 -15,+5 deg",False,0.005755434279228705,1.8056564774722375,nan
0.7,0.9,0.1,5,"demo_00 -15,+10 deg",True,0.00295478022468678,0.0,0.005981243711254365
0.7,0.9,0.1,6,"demo_00 -15,+15 deg",False,0.023785669018706428,1.357366435049439,nan
0.7,0.9,0.1,7,"demo_00 -10,-15 deg",True,0.14466308158871644,0.0,0.005980444369210177
0.7,0.9,0.1,8,"demo_00 -10,-10 deg",True,0.08223872161239275,0.0,0.005981345644156965
0.7,0.9,0.1,9,"demo_00 -10,-5 deg",True,0.03499880134213283,0.0,0.005981158482115351
0.7,0.9,0.1,10,"demo_00 -10,+0 deg",False,0.006267298244684876,1.5074150406033968,nan
0.7,0.9,0.1,11,"demo_00 -10,+5 deg",False,0.002309685310032689,1.5251678622651899,nan
0.7,0.9,0.1,12,"demo_00 -10,+10 deg",False,0.010541437573591274,1.4445750947408196,nan
0.7,0.9,0.1,13,"demo_00 -10,+15 deg",False,0.042935591492353424,1.9899497003613866,nan
0.7,0.9,0.1,14,"demo_00 -5,-15 deg",True,0.11335801441675525,0.0,0.0059808954193204976
0.7,0.9,0.1,15,"demo_00 -5,-10 deg",True,0.05942226400569938,0.0,0.005980312361823005
0.7,0.9,0.1,16,"demo_00 -5,-5 deg",True,0.02120194785539666,0.0,0.005980091100834207
0.7,0.9,0.1,17,"demo_00 -5,+0 deg",True,0.0017256093502044268,0.0,0.005982198460215472
0.7,0.9,0.1,18,"demo_00 -5,+5 deg",False,0.0026990716204964202,1.5315202223468283,nan
0.7,0.9,0.1,19,"demo_00 -5,+10 deg",False,0.024266059257573743,1.4713646962116875,nan
0.7,0.9,0.1,20,"demo_00 -5,+15 deg",False,0.06494394075114987,1.4035441967366715,nan
0.7,0.9,0.1,21,"demo_00 +0,-15 deg",True,0.0827477050737995,0.0,0.005980848537964397
0.7,0.9,0.1,22,"demo_00 +0,-10 deg",True,0.03806731771348696,0.0,0.00598149338733464
0.7,0.9,0.1,23,"demo_00 +0,-5 deg",True,0.009530071443762987,0.0,0.005982145083520781
0.7,0.9,0.1,24,demo_00,True,0.00020284042321594124,0.004232002578912754,0.005981883313290745
0.7,0.9,0.1,25,"demo_00 +0,+5 deg",False,0.010546432095340839,1.5303382788485707,nan
0.7,0.9,0.1,26,"demo_00 +0,+10 deg",False,0.041279190972772196,2.0401573088340657,nan
0.7,0.9,0.1,27,"demo_00 +0,+15 deg",False,0.09028021089453987,1.3940307152843896,nan
0.7,0.9,0.1,28,"demo_00 +5,-15 deg",True,0.05447512606665542,0.0,0.0059819394126813304
0.7,0.9,0.1,29,"demo_00 +5,-10 deg",True,0.01969217650362821,0.0,0.005981974347134768
0.7,0.9,0.1,30,"demo_00 +5,-5 deg",True,0.001444274312016439,0.0,0.005981179907626109
0.7,0.9,0.1,31,"demo_00 +5,+0 deg",False,0.0021635630851985,1.540895715479205,nan
0.7,0.9,0.1,32,"demo_00 +5,+5 deg",False,0.022400437066364486,1.4817248614672387,nan
0.7,0.9,0.1,33,"demo_00 +5,+10 deg",False,0.062271828885843435,1.4258376851699366,nan
0.7,0.9,0.1,34,"demo_00 +5,+15 deg",False,0.11941630839449148,1.3648407622017638,nan
0.7,0.9,0.1,35,"demo_00 +10,-15 deg",True,0.030235867704013566,0.0,0.005979991700588187
0.7,0.9,0.1,36,"demo_00 +10,-10 deg",True,0.005896068722061992,0.0,0.005980359916090194
0.7,0.9,0.1,37,"demo_00 +10,-5 deg",True,0.002668529117141899,0.0,0.005981930646079574
0.7,0.9,0.1,38,"demo_00 +10,+0 deg",False,0.009159755374182456,1.4931577826407119,nan
0.7,0.9,0.1,39,"demo_00 +10,+5 deg",False,0.03914412922538258,1.4304644607765928,nan
0.7,0.9,0.1,40,"demo_00 +10,+10 deg",False,0.08787054803924638,1.3717443887480405,nan
0.7,0.9,0.1,41,"demo_00 +10,+15 deg",False,0.15271380342628332,1.322672170237438,nan
0.7,0.9,0.1,42,"demo_00 +15,-15 deg",True,0.011729937812918189,0.0,0.005982125088125774
0.7,0.9,0.1,43,"demo_00 +15,-10 deg",True,0.0026828168032640032,0.0,0.005982351974307169
0.7,0.9,0.1,44,"demo_00 +15,-5 deg",False,0.003288460821396965,1.5121245736406115,nan
0.7,0.9,0.1,45,"demo_00 +15,+0 deg",False,0.02211553314414409,1.442857295012832,nan
0.7,0.9,0.1,46,"demo_00 +15,+5 deg",False,0.06151815949431173,2.0936557548533843,nan
0.7,0.9,0.1,47,"demo_00 +15,+10 deg",False,0.11856142247709404,1.3199313537063255,nan
0.7,0.9,0.1,48,"demo_00 +15,+15 deg",False,0.19039752389023443,1.2710158290746523,nan
0.7,1.05,0.01,0,"demo_00 -15,-15 deg",True,0.012466181838872784,0.0,0.005329558829298398
0.7,1.05,0.01,1,"demo_00 -15,-10 deg",True,0.009141446121545833,0.0,0.005609520237266939
0.7,1.05,0.01,2,"demo_00 -15,-5 deg",True,0.00610634741075739,0.0,0.005639401229353868
0.7,1.05,0.01,3,"demo_00 -15,+0 deg",True,0.0034398356602612663,0.0,0.005641366629692134
0.7,1.05,0.01,4,"demo_00 -15,+5 deg",True,0.0015971120640492335,2.514516984574827,0.005047978370233922
0.7,1.05,0.01,5,"demo_00 -15,+10 deg",True,0.0022618818146292754,2.4763728572556962,0.005051427173603056
0.7,1.05,0.01,6,"demo_00 -15,+15 deg",True,0.003969208802547941,2.465254978008112,0.005048893634334358
0.7,1.05,0.01,7,"demo_00 -10,-15 deg",True,0.01097665057131563,0.0,0.005408999458274513
0.7,1.05,0.01,8,"demo_00 -10,-10 deg",True,0.007767417545134475,0.0,0.005617469552632274
0.7,1.05,0.01,9,"demo_00 -10,-5 deg",True,0.004838316123094752,0.0,0.00563870758126759
0.7,1.05,0.01,10,"demo_00 -10,+0 deg",True,0.002258178024517672,0.0,0.005639619256546542
0.7,1.05,0.01,11,"demo_00 -10,+5 deg",True,0.000945285471954993,2.561633794076708,0.005051072097894641
0.7,1.05,0.01,12,"demo_00 -10,+10 deg",True,0.0025739202481443596,2.5524126527470834,0.005048986401498178
0.7,1.05,0.01,13,"demo_00 -10,+15 deg",True,0.004323900553935764,2.498981151988334,0.0050481333646999246
0.7,1.05,0.01,14,"demo_00 -5,-15 deg",True,0.009421071232574884,0.0,0.005477663080979341
0.7,1.05,0.01,15,"demo_00 -5,-10 deg",True,0.006333699067013525,0.0,0.005625423323259864
0.7,1.05,0.01,16,"demo_00 -5,-5 deg",True,0.0035182596273978343,0.0,0.005641593354658773
0.7,1.05,0.01,17,"demo_00 -5,+0 deg",True,0.0010208722399940404,0.0,0.0056399988077376895
0.7,1.05,0.01,18,"demo_00 -5,+5 deg",True,0.0013171687390505203,2.639634713925871,0.005048860145478395
0.7,1.05,0.01,19,"demo_00 -5,+10 deg",True,0.0032319513652279133,2.5763204564984594,0.005051071924872552
0.7,1.05,0.01,20,"demo_00 -5,+15 deg",True,0.004873366429591848,2.494500295657709,0.0050519639339186425
0.7,1.05,0.01,21,"demo_00 +0,-15 deg",True,0.007799532937290323,0.0,0.005532167764177304
0.7,1.05,0.01,22,"demo_00 +0,-10 deg",True,0.004843626256648405,0.0,0.005634417975593737
0.7,1.05,0.01,23,"demo_00 +0,-5 deg",True,0.002161890168645911,0.0,0.005637923296019789
0.7,1.05,0.01,24,demo_00,True,0.0002844262074478094,0.006285456101067347,0.00563874299114492
0.7,1.05,0.01,25,"demo_00 +0,+5 deg",True,0.002332708222537563,2.615782177396278,0.005050845066525971
0.7,1.05,0.01,26,"demo_00 +0,+10 deg",True,0.004110625362045029,2.536803839117478,0.005048098896966082
0.7,1.05,0.01,27,"demo_00 +0,+15 deg",True,0.005585229665680947,2.479135531523147,0.005050819510027214
0.7,1.05,0.01,28,"demo_00 +5,-15 deg",True,0.006113162649815721,0.0,0.005574545342377321
0.7,1.05,0.01,29,"demo_00 +5,-10 deg",True,0.003308649909818783,0.0,0.005635097314499219
0.7,1.05,0.01,30,"demo_00 +5,-5 deg",True,0.0008976825249736024,0.0,0.005643073421319743
0.7,1.05,0.01,31,"demo_00 +5,+0 deg",True,0.0016315295652316712,0.0,0.005638682883543517
0.7,1.05,0.01,32,"demo_00 +5,+5 deg",True,0.0035217987706052485,2.59158543000739,0.005052155603791683
0.7,1.05,0.01,33,"demo_00 +5,+10 deg",True,0.005130310776627015,2.5321774046655743,0.0050496252464514255
0.7,1.05,0.01,34,"demo_00 +5,+15 deg",True,0.006428693274111484,2.4707825954937945,0.005049473376600986
0.7,1.05,0.01,35,"demo_00 +10,-15 deg",True,0.004366309261857223,0.0,0.005606142644099311
0.7,1.05,0.01,36,"demo_00 +10,-10 deg",True,0.0017857764782183109,0.0,0.005637854731505801
0.7,1.05,0.01,37,"demo_00 +10,-5 deg",True,0.001146574181107552,0.0,0.005641753365293253
0.7,1.05,0.01,38,"demo_00 +10,+0 deg",True,0.003042781991557008,0.0,0.005638356638814298
0.7,1.05,0.01,39,"demo_00 +10,+5 deg",True,0.004799261705720765,2.5061140355624842,0.005047924284657032
0.7,1.05,0.01,40,"demo_00 +10,+10 deg",True,0.006250954871802118,2.475874439686813,0.005050831272824269
0.7,1.05,0.01,41,"demo_00 +10,+15 deg",True,0.007379979190901283,2.4298641787401953,0.005047918887139489
0.7,1.05,0.01,42,"demo_00 +15,-15 deg",True,0.0025782820384045507,0.0,0.005628343418337177
0.7,1.05,0.01,43,"demo_00 +15,-10 deg",True,0.000913927052967429,0.0,0.005643167640628134
0.7,1.05,0.01,44,"demo_00 +15,-5 deg",True,0.0026022540425728454,0.0,0.005639140204357229
0.7,1.05,0.01,45,"demo_00 +15,+0 deg",True,0.004513512059059334,0.0,0.005641866365559685
0.7,1.05,0.01,46,"demo_00 +15,+5 deg",True,0.006145619655076289,2.4877805595745834,0.00504759951531381
0.7,1.05,0.01,47,"demo_00 +15,+10 deg",True,0.007452633194282717,2.4008380796555016,0.00505169170836266
0.7,1.05,0.01,48,"demo_00 +15,+15 deg",True,0.00842232018096226,2.356623185441877,0.005050947345267424
0.7,1.05,0.02,0,"demo_00 -15,-15 deg",True,0.012991110468422417,0.0,0.005799530662137019
0.7,1.05,0.02,1,"demo_00 -15,-10 deg",True,0.0089031894812459,0.0,0.005828463354039319
0.7,1.05,0.02,2,"demo_00 -15,-5 deg",True,0.005537286172151941,0.0,0.005834571444945991
0.7,1.05,0.02,3,"demo_00 -15,+0 deg",True,0.0028698770144859093,0.0,0.0058317383763330215
0.7,1.05,0.02,4,"demo_00 -15,+5 deg",False,0.0008663765939299318,0.14554833856045796,nan
0.7,1.05,0.02,5,"demo_00 -15,+10 deg",False,0.0005988299187739652,0.12893355814904406,nan
0.7,1.05,0.02,6,"demo_00 -15,+15 deg",False,0.001500175391742728,0.20103809406221032,nan
0.7,1.05,0.02,7,"demo_00 -10,-15 deg",True,0.011573525980413309,0.0,0.005820069215137659
0.7,1.05,0.02,8,"demo_00 -10,-10 deg",True,0.007652404392020254,0.0,0.005829805160894974
0.7,1.05,0.02,9,"demo_00 -10,-5 deg",True,0.004437618902502472,0.0,0.005831650004253494
0.7,1.05,0.02,10,"demo_00 -10,+0 deg",True,0.001908917163505387,0.0,0.005832815909182284
0.7,1.05,0.02,11,"demo_00 -10,+5 deg",False,0.00024805644090360987,0.1977738076446436,nan
0.7,1.05,0.02,12,"demo_00 -10,+10 deg",False,0.00136560353667181,0.26027281208030706,nan
0.7,1.05,0.02,13,"demo_00 -10,+15 deg",False,0.002212042392591342,0.298809989606596,nan
0.7,1.05,0.02,14,"demo_00 -5,-15 deg",True,0.01006006112466001,0.0,0.0058284924180757695
0.7,1.05,0.02,15,"demo_00 -5,-10 deg",True,0.006316469061435117,0.0,0.005832843118685682
0.7,1.05,0.02,16,"demo_00 -5,-5 deg",True,0.0032647395251842464,0.0,0.00583420098421028
0.7,1.05,0.02,17,"demo_00 -5,+0 deg",True,0.0008856244882085847,0.0,0.00583092882756207
0.7,1.05,0.02,18,"demo_00 -5,+5 deg",False,0.0008986913955154517,0.3074692096795214,nan
0.7,1.05,0.02,19,"demo_00 -5,+10 deg",False,0.0021032569239555383,0.3450691695527782,nan
0.7,1.05,0.02,20,"demo_00 -5,+15 deg",False,0.002853593852598769,0.36649774922115075,nan
0.7,1.05,0.02,21,"demo_00 +0,-15 deg",True,0.00843679262681438,0.0,0.0058312607167740355
0.7,1.05,0.02,22,"demo_00 +0,-10 deg",True,0.004882112713745404,0.0,0.005830989122161939
0.7,1.05,0.02,23,"demo_00 +0,-5 deg",True,0.0020093430463100316,0.0,0.0058337202331564236
0.7,1.05,0.02,24,demo_00,True,0.00024312331396634013,0.0056885364000587085,0.0058337517707849834
0.7,1.05,0.02,25,"demo_00 +0,+5 deg",False,0.0018179475037846831,0.3510716106988789,nan
0.7,1.05,0.02,26,"demo_00 +0,+10 deg",False,0.0028715699202334307,0.3806669520679289,nan
0.7,1.05,0.02,27,"demo_00 +0,+15 deg",False,0.0034752082662230913,0.4037515248414422,nan
0.7,1.05,0.02,28,"demo_00 +5,-15 deg",True,0.006692897692064517,0.0,0.005833141611425651
0.7,1.05,0.02,29,"demo_00 +5,-10 deg",True,0.0033477860872710556,0.0,0.0058338087095660554
0.7,1.05,0.02,30,"demo_00 +5,-5 deg",True,0.0007709702923388653,0.0,0.00583434593723885
0.7,1.05,0.02,31,"demo_00 +5,+0 deg",False,0.0014730498195459018,0.2848696279892329,nan
0.7,1.05,0.02,32,"demo_00 +5,+5 deg",False,0.002861900140789475,0.33494142376938973,nan
0.7,1.05,0.02,33,"demo_00 +5,+10 deg",False,0.003727437607675704,0.3802228126960967,nan
0.7,1.05,0.02,34,"demo_00 +5,+15 deg",False,0.004142790404329636,0.4124121252900116,nan
0.7,1.05,0.02,35,"demo_00 +10,-15 deg",True,0.004823603982116125,0.0,0.005832134229189366
0.7,1.05,0.02,36,"demo_00 +10,-10 deg",True,0.0017704501884973339,0.0,0.00583324942653199
0.7,1.05,0.02,37,"demo_00 +10,-5 deg",True,0.0011728347523813343,0.0,0.005833941721034738
0.7,1.05,0.02,38,"demo_00 +10,+0 deg",True,0.0028472912323614036,0.0,0.005830730398832182
0.7,1.05,0.02,39,"demo_00 +10,+5 deg",False,0.004050554157558355,0.303781688574532,nan
0.7,1.05,0.02,40,"demo_00 +10,+10 deg",False,0.004718160737456663,0.3541622620321909,nan
0.7,1.05,0.02,41,"demo_00 +10,+15 deg",False,0.004922752242443901,0.6267133197425465,nan
0.7,1.05,0.02,42,"demo_00 +15,-15 deg",True,0.0028474348024275322,0.0,0.0058338993918124705
0.7,1.05,0.02,43,"demo_00 +15,-10 deg",True,0.0010078521363141534,0.0,0.005834847810741346
0.7,1.05,0.02,44,"demo_00 +15,-5 deg",True,0.0027754260327423163,0.0,0.0058348061725447
0.7,1.05,0.02,45,"demo_00 +15,+0 deg",True,0.0043749444156534435,0.0,0.00583308950367888
0.7,1.05,0.02,46,"demo_00 +15,+5 deg",False,0.005402626652785647,0.2607607918547843,nan
0.7,1.05,0.02,47,"demo_00 +15,+10 deg",False,0.005878248643783176,0.3175113733161537,nan
0.7,1.05,0.02,48,"demo_00 +15,+15 deg",True,0.0058707501549057186,0.566613095982619,0.005833474479790336
0.7,1.05,0.03,0,"demo_00 -15,-15 deg",True,0.017045994669993788,0.0,0.005916010921982472
0.7,1.05,0.03,1,"demo_00 -15,-10 deg",True,0.011319052908267077,0.0,0.005921495193578455
0.7,1.05,0.03,2,"demo_00 -15,-5 deg",True,0.006771589173832304,0.0,0.00592414666481574
0.7,1.05,0.03,3,"demo_00 -15,+0 deg",True,0.0033747541960987204,0.0,0.005922277954008974
0.7,1.05,0.03,4,"demo_00 -15,+5 deg",True,0.0011094496981093657,0.0,0.005923498549647522
0.7,1.05,0.03,5,"demo_00 -15,+10 deg",True,0.0005869738948332035,0.0007908512828413705,0.005924537817332061
0.7,1.05,0.03,6,"demo_00 -15,+15 deg",True,0.0010116002417368394,0.0629346380159033,0.005921978202571386
0.7,1.05,0.03,7,"demo_00 -10,-15 deg",True,0.014644761727675487,0.0,0.005919411036869351
0.7,1.05,0.03,8,"demo_00 -10,-10 deg",True,0.009335375046500472,0.0,0.005920825363659527
0.7,1.05,0.03,9,"demo_00 -10,-5 deg",True,0.005176978064488954,0.0,0.005921491963789773
0.7,1.05,0.03,10,"demo_00 -10,+0 deg",True,0.0021245532476749443,0.0,0.005923002842646867
0.7,1.05,0.03,11,"demo_00 -10,+5 deg",False,9.555515559851513e-05,0.001102724602542654,nan
0.7,1.05,0.03,12,"demo_00 -10,+10 deg",True,0.001092789787257989,0.12544326786837623,0.00592130233086086
0.7,1.05,0.03,13,"demo_00 -10,+15 deg",True,0.0017304166032094212,0.1838684523582886,0.00592293251097685
0.7,1.05,0.03,14,"demo_00 -5,-15 deg",True,0.01227133872892678,0.0,0.005919842631500459
0.7,1.05,0.03,15,"demo_00 -5,-10 deg",True,0.0073863780468383195,0.0,0.005920864600611205
0.7,1.05,0.03,16,"demo_00 -5,-5 deg",True,0.0036248471373593614,0.0,0.00592280600789124
0.7,1.05,0.03,17,"demo_00 -5,+0 deg",True,0.0009302372830199957,0.0,0.005924663276160395
0.7,1.05,0.03,18,"demo_00 -5,+5 deg",True,0.0008207237863696109,0.15795380965135108,0.0059231776302978165
0.7,1.05,0.03,19,"demo_00 -5,+10 deg",True,0.0018528506522914065,0.23368025067015027,0.005923403774501553
0.7,1.05,0.03,20,"demo_00 -5,+15 deg",True,0.002596684701642734,0.28463647258433256,0.005923145088315989
0.7,1.05,0.03,21,"demo_00 +0,-15 deg",True,0.009920636686209974,0.0,0.005921006888062292
0.7,1.05,0.03,22,"demo_00 +0,-10 deg",True,0.0054699991324639805,0.0,0.005922302553947424
0.7,1.05,0.03,23,"demo_00 +0,-5 deg",True,0.0021185999093859573,0.0,0.00592442420493654
0.7,1.05,0.03,24,demo_00,True,0.00023625592313863942,0.005277575666805067,0.005921149623297373
0.7,1.05,0.03,25,"demo_00 +0,+5 deg",True,0.0016555407526785565,0.23452785442360863,0.005923904588647638
0.7,1.05,0.03,26,"demo_00 +0,+10 deg",True,0.002521126788811004,0.2988358899872799,0.005921306721447545
0.7,1.05,0.03,27,"demo_00 +0,+15 deg",True,0.0033431523232986707,1.8854902385725196,0.005923445069565358
0.7,1.05,0.03,28,"demo_00 +5,-15 deg",True,0.007589648188942407,0.0,0.005920828205367273
0.7,1.05,0.03,29,"demo_00 +5,-10 deg",True,0.0035950481226434063,0.0,0.005921403886991101
0.7,1.05,0.03,30,"demo_00 +5,-5 deg",True,0.0007641591267115215,0.0,0.005921225462670843
0.7,1.05,0.03,31,"demo_00 +5,+0 deg",False,0.0013536891718775052,0.11296473012767189,nan
0.7,1.05,0.03,32,"demo_00 +5,+5 deg",True,0.0024289187931575812,0.24632713428272673,0.005924107952189131
0.7,1.05,0.03,33,"demo_00 +5,+10 deg",True,0.0030801584721941054,1.9188389702744109,0.005921271208106908
0.7,1.05,0.03,34,"demo_00 +5,+15 deg",True,0.0039383592590650765,1.8215225270610167,0.0059238933084553086
0.7,1.05,0.03,35,"demo_00 +10,-15 deg",True,0.0052809840955962,0.0,0.0059241192847090205
0.7,1.05,0.03,36,"demo_00 +10,-10 deg",True,0.0018321177838906276,0.0,0.0059223610277668905
0.7,1.05,0.03,37,"demo_00 +10,-5 deg",True,0.001121299327857342,0.0,0.005921013794235726
0.7,1.05,0.03,38,"demo_00 +10,+0 deg",True,0.0024597600689998237,0.10416082830692341,0.005921807032563774
0.7,1.05,0.03,39,"demo_00 +10,+5 deg",True,0.0031586715383281785,0.24639741680523228,0.0059213483793987476
0.7,1.05,0.03,40,"demo_00 +10,+10 deg",True,0.003541087883807009,1.8474009308771602,0.005920954276047806
0.7,1.05,0.03,41,"demo_00 +10,+15 deg",True,0.004383832122224954,1.7985015304758096,0.005921086447373619
0.7,1.05,0.03,42,"demo_00 +15,-15 deg",True,0.0030226600403045023,0.0,0.0059235205250658595
0.7,1.05,0.03,43,"demo_00 +15,-10 deg",True,0.0010444264958764623,0.0,0.005922048800596797
0.7,1.05,0.03,44,"demo_00 +15,-5 deg",True,0.0025331646905543074,0.0,0.005923812869187246
0.7,1.05,0.03,45,"demo_00 +15,+0 deg",True,0.0035565022803078156,0.0669592420284939,0.005922332986599961
0.7,1.05,0.03,46,"demo_00 +15,+5 deg",True,0.0038611890051276515,0.24253487831140277,0.005923178770794606
0.7,1.05,0.03,47,"demo_00 +15,+10 deg",True,0.003921140629739817,1.7629483837967128,0.00592274121024663
0.7,1.05,0.03,48,"demo_00 +15,+15 deg",True,0.004688902118253284,1.7402037662053145,0.005923833013324415
0.7,1.05,0.05,0,"demo_00 -15,-15 deg",True,0.049278665599743504,0.0,0.005983374078780344
0.7,1.05,0.05,1,"demo_00 -15,-10 deg",True,0.03147148939158837,0.0,0.005984549953628661
0.7,1.05,0.05,2,"demo_00 -15,-5 deg",True,0.017068779558017465,0.0,0.005984388835042565
0.7,1.05,0.05,3,"demo_00 -15,+0 deg",True,0.006335376254341646,0.0,0.005982708357340348
0.7,1.05,0.05,4,"demo_00 -15,+5 deg",True,0.0008581911522430328,0.0,0.005983820597277594
0.7,1.05,0.05,5,"demo_00 -15,+10 deg",False,0.003872679099301011,1.9619235480035462,nan
0.7,1.05,0.05,6,"demo_00 -15,+15 deg",False,0.003678392109658239,1.8584561009043377,nan
0.7,1.05,0.05,7,"demo_00 -10,-15 deg",True,0.039323676566579036,0.0,0.005983791859172349
0.7,1.05,0.05,8,"demo_00 -10,-10 deg",True,0.02367903458660354,0.0,0.00598202561838215
0.7,1.05,0.05,9,"demo_00 -10,-5 deg",True,0.01160489609466607,0.0,0.005983786313114782
0.7,1.05,0.05,10,"demo_00 -10,+0 deg",True,0.0033617294222164284,0.0,0.005983750737883402
0.7,1.05,0.05,11,"demo_00 -10,+5 deg",True,0.0010323922740013188,0.03328082393230808,0.005984606010280851
0.7,1.05,0.05,12,"demo_00 -10,+10 deg",False,0.0020716125801081625,1.970150690950236,nan
0.7,1.05,0.05,13,"demo_00 -10,+15 deg",False,0.004393978354915084,1.8956010744895304,nan
0.7,1.05,0.05,14,"demo_00 -5,-15 deg",True,0.030152391171204454,0.0,0.005982668405859457
0.7,1.05,0.05,15,"demo_00 -5,-10 deg",True,0.016711420401211194,0.0,0.005984436566100489
0.7,1.05,0.05,16,"demo_00 -5,-5 deg",True,0.006978477618549161,0.0,0.005981891005570514
0.7,1.05,0.05,17,"demo_00 -5,+0 deg",True,0.0011661545126986244,0.0,0.005983309907287404
0.7,1.05,0.05,18,"demo_00 -5,+5 deg",False,0.00114679035335773,2.483040444264463,nan
0.7,1.05,0.05,19,"demo_00 -5,+10 deg",False,0.003728664470773521,2.0876350244738933,nan
0.7,1.05,0.05,20,"demo_00 -5,+15 deg",False,0.010524059988306366,2.3002553401221952,nan
0.7,1.05,0.05,21,"demo_00 +0,-15 deg",True,0.02190235368940269,0.0,0.005983848699565801
0.7,1.05,0.05,22,"demo_00 +0,-10 deg",True,0.01071404984920898,0.0,0.005982552870181008
0.7,1.05,0.05,23,"demo_00 +0,-5 deg",True,0.003343176598863039,0.0,0.005983301773529601
0.7,1.05,0.05,24,demo_00,True,0.00022383421006980304,0.005848985054786304,0.005982010664321837
0.7,1.05,0.05,25,"demo_00 +0,+5 deg",False,0.0022701442172839135,2.4999194506217393,nan
0.7,1.05,0.05,26,"demo_00 +0,+10 deg",False,0.007886325969112543,2.277326461715858,nan
0.7,1.05,0.05,27,"demo_00 +0,+15 deg",False,0.017895282698628442,2.021526298318661,nan
0.7,1.05,0.05,28,"demo_00 +5,-15 deg",True,0.014709291805289196,0.0,0.005982097803596251
0.7,1.05,0.05,29,"demo_00 +5,-10 deg",True,0.005841882180521473,0.0,0.005984473871945432
0.7,1.05,0.05,30,"demo_00 +5,-5 deg",True,0.0009781967477951903,0.0,0.005983684275409449
0.7,1.05,0.05,31,"demo_00 +5,+0 deg",False,0.0010007009722309492,2.1079331657139084,nan
0.7,1.05,0.05,32,"demo_00 +5,+5 deg",False,0.004774072887730697,2.1976220638255692,nan
0.7,1.05,0.05,33,"demo_00 +5,+10 deg",False,0.013282335687395508,1.816520692221775,nan
0.7,1.05,0.05,34,"demo_00 +5,+15 deg",False,0.0262848908308862,2.1702789966815454,nan
0.7,1.05,0.05,35,"demo_00 +10,-15 deg",True,0.008709667136208587,0.0,0.005983681553289828
0.7,1.05,0.05,36,"demo_00 +10,-10 deg",True,0.0023362743517429726,0.0,0.005984207713790116
0.7,1.05,0.05,37,"demo_00 +10,-5 deg",True,0.0010159647108436822,0.0,0.005983405488229748
0.7,1.05,0.05,38,"demo_00 +10,+0 deg",False,0.002150695288982626,1.8880623098417493,nan
0.7,1.05,0.05,39,"demo_00 +10,+5 deg",False,0.00857578316631859,1.7891016175990986,nan
0.7,1.05,0.05,40,"demo_00 +10,+10 deg",False,0.01986988312543568,1.7223208217998582,nan
0.7,1.05,0.05,41,"demo_00 +10,+15 deg",False,0.035750558269883305,1.6679582136505868,nan
0.7,1.05,0.05,42,"demo_00 +15,-15 deg",True,0.004063579334076072,0.0,0.005983513676337653
0.7,1.05,0.05,43,"demo_00 +15,-10 deg",True,0.0012510470201782203,0.0,0.005983543004372806
0.7,1.05,0.05,44,"demo_00 +15,-5 deg",True,0.0013327332400219194,0.0,0.005982498300723538
0.7,1.05,0.05,45,"demo_00 +15,+0 deg",False,0.004595155849981388,1.804370113669151,nan
0.7,1.05,0.05,46,"demo_00 +15,+5 deg",False,0.013726433487588608,1.7324447045593248,nan
0.7,1.05,0.05,47,"demo_00 +15,+10 deg",False,0.0277234475679907,1.6807255957724967,nan
0.7,1.05,0.05,48,"demo_00 +15,+15 deg",False,0.04637687345126942,1.657568947446432,nan
0.7,1.05,0.1,0,"demo_00 -15,-15 deg",False,0.28431889610511657,2.3301451582582673,nan
0.7,1.05,0.1,1,"demo_00 -15,-10 deg",False,0.1778369201629904,1.8002888922972482,nan
0.7,1.05,0.1,2,"demo_00 -15,-5 deg",False,0.09099600510920434,1.8556138661845947,nan
0.7,1.05,0.1,3,"demo_00 -15,+0 deg",False,0.03128788252521312,2.0107439871492994,nan
0.7,1.05,0.1,4,"demo_00 -15,+5 deg",False,0.00437816457386292,2.2461733564392783,nan
0.7,1.05,0.1,5,"demo_00 -15,+10 deg",False,0.009262746487685169,1.9030726483942413,nan
0.7,1.05,0.1,6,"demo_00 -15,+15 deg",False,0.049094364017702743,1.8667568144307292,nan
0.7,1.05,0.1,7,"demo_00 -10,-15 deg",False,0.23224698796736998,1.6573367048348007,nan
0.7,1.05,0.1,8,"demo_00 -10,-10 deg",True,0.13575916082157785,0.0,0.006050152309309166
0.7,1.05,0.1,9,"demo_00 -10,-5 deg",False,0.06080631783654762,1.933589290236111,nan
0.7,1.05,0.1,10,"demo_00 -10,+0 deg",False,0.014261615783344339,1.9778501298193685,nan
0.7,1.05,0.1,11,"demo_00 -10,+5 deg",False,0.0002265128916444818,1.986118883219813,nan
0.7,1.05,0.1,12,"demo_00 -10,+10 deg",False,0.021211670673764973,1.9550013492226341,nan
0.7,1.05,0.1,13,"demo_00 -10,+15 deg",False,0.0731650385715816,1.9000889969355492,nan
0.7,1.05,0.1,14,"demo_00 -5,-15 deg",False,0.18005320331711994,1.7831375285668765,nan
0.7,1.05,0.1,15,"demo_00 -5,-10 deg",True,0.09569956084610301,0.0,0.0060505285852085686
0.7,1.05,0.1,16,"demo_00 -5,-5 deg",True,0.034748671204323366,0.0,0.006050282657727959
0.7,1.05,0.1,17,"demo_00 -5,+0 deg",True,0.0033915856155874056,0.0,0.0060506613858597015
0.7,1.05,0.1,18,"demo_00 -5,+5 deg",False,0.005462910254156072,2.040910601728112,nan
0.7,1.05,0.1,19,"demo_00 -5,+10 deg",False,0.041332122393473794,1.9812745204100162,nan
0.7,1.05,0.1,20,"demo_00 -5,+15 deg",False,0.10652600866235305,1.9146194308847293,nan
0.7,1.05,0.1,21,"demo_00 +0,-15 deg",True,0.12984975923531328,0.0,0.0060438377664675325
0.7,1.05,0.1,22,"demo_00 +0,-10 deg",True,0.05958584114318394,0.0,0.006050272027926544
0.7,1.05,0.1,23,"demo_00 +0,-5 deg",True,0.014448475599251241,0.0,0.006050289361421754
0.7,1.05,0.1,24,demo_00,True,0.00020676366397828116,0.0032719300854022982,0.00605059944571641
0.7,1.05,0.1,25,"demo_00 +0,+5 deg",False,0.018975771959666658,2.0397286582298593,nan
0.7,1.05,0.1,26,"demo_00 +0,+10 deg",False,0.070722676083643,1.9717358260313946,nan
0.7,1.05,0.1,27,"demo_00 +0,+15 deg",False,0.14941957132611608,1.9050794640589637,nan
0.7,1.05,0.1,28,"demo_00 +5,-15 deg",True,0.08410287293664738,0.0,0.0060503238439915796
0.7,1.05,0.1,29,"demo_00 +5,-10 deg",True,0.029634946052185005,0.0,0.006050277625524227
0.7,1.05,0.1,30,"demo_00 +5,-5 deg",True,0.0019291762540343711,0.0,0.006050639236037176
0.7,1.05,0.1,31,"demo_00 +5,+0 deg",False,0.005281863446300085,2.0502860948604926,nan
0.7,1.05,0.1,32,"demo_00 +5,+5 deg",False,0.04189572416376153,1.9912114400366345,nan
0.7,1.05,0.1,33,"demo_00 +5,+10 deg",False,0.1097156397828363,1.9352965684048133,nan
0.7,1.05,0.1,34,"demo_00 +5,+15 deg",False,0.2014773131993737,1.8756991377917218,nan
0.7,1.05,0.1,35,"demo_00 +10,-15 deg",True,0.045506787046553324,0.0,0.006050590327902072
0.7,1.05,0.1,36,"demo_00 +10,-10 deg",True,0.008274270067696446,0.0,0.006050464867081636
0.7,1.05,0.1,37,"demo_00 +10,-5 deg",True,0.00253012206200903,0.0,0.006050196602047681
0.7,1.05,0.1,38,"demo_00 +10,+0 deg",False,0.02070327403729778,2.0025481620220007,nan
0.7,1.05,0.1,39,"demo_00 +10,+5 deg",False,0.07497945105108834,1.9398548401578812,nan
0.7,1.05,0.1,40,"demo_00 +10,+10 deg",False,0.15828462265424975,1.8816983667885108,nan
0.7,1.05,0.1,41,"demo_00 +10,+15 deg",False,0.26190536974806355,1.8330432806732728,nan
0.7,1.05,0.1,42,"demo_00 +15,-15 deg",True,0.016825714439984863,0.0,0.0060501962259141
0.7,1.05,0.1,43,"demo_00 +15,-10 deg",True,0.003042958816501214,0.0,0.006050435390669029
0.7,1.05,0.1,44,"demo_00 +15,-5 deg",False,0.0077765804999723595,2.0215149530219008,nan
0.7,1.05,0.1,45,"demo_00 +15,+0 deg",False,0.04743004194316392,1.9522476743941208,nan
0.7,1.05,0.1,46,"demo_00 +15,+5 deg",False,0.118660714198722,1.889436195637013,nan
0.7,1.05,0.1,47,"demo_00 +15,+10 deg",False,0.2160329522882188,1.8297237950955498,nan
0.7,1.05,0.1,48,"demo_00 +15,+15 deg",False,0.3295147001581494,1.7810429734435704,nan
0.7,1.2,0.01,0,"demo_00 -15,-15 deg",True,0.012287889151799614,0.0,0.0051392363266708945
0.7,1.2,0.01,1,"demo_00 -15,-10 deg",True,0.00908376619582283,0.0,0.00549991898092164
0.7,1.2,0.01,2,"demo_00 -15,-5 deg",True,0.006071637875196445,0.0,0.005572350321741403
0.7,1.2,0.01,3,"demo_00 -15,+0 deg",True,0.003306931611693167,0.0,0.005577767658837986
0.7,1.2,0.01,4,"demo_00 -15,+5 deg",True,0.001280298097256248,2.503018261065501,0.004893557988365462
0.7,1.2,0.01,5,"demo_00 -15,+10 deg",True,0.0024932128524606956,2.49448393215271,0.00489508091656979
0.7,1.2,0.01,6,"demo_00 -15,+15 deg",True,0.0047483191192110984,2.4650716183212826,0.0048949560175164065
0.7,1.2,0.01,7,"demo_00 -10,-15 deg",True,0.010905570792378264,0.0,0.005285190641671263
0.7,1.2,0.01,8,"demo_00 -10,-10 deg",True,0.007790626916083484,0.0,0.005541143852223528
0.7,1.2,0.01,9,"demo_00 -10,-5 deg",True,0.004871251753348911,0.0,0.005575817991706752
0.7,1.2,0.01,10,"demo_00 -10,+0 deg",True,0.002199856074484815,0.0,0.00558091976618229
0.7,1.2,0.01,11,"demo_00 -10,+5 deg",True,0.0009260533913596819,2.577617070596159,0.004896114083791388
0.7,1.2,0.01,12,"demo_00 -10,+10 deg",True,0.002994094965106321,2.5530565034879267,0.004895516556961614
0.7,1.2,0.01,13,"demo_00 -10,+15 deg",True,0.005196486222665843,2.4996900944934852,0.00489311334962278
0.7,1.2,0.01,14,"demo_00 -5,-15 deg",True,0.009438589926289924,0.0,0.005402148716080535
0.7,1.2,0.01,15,"demo_00 -5,-10 deg",True,0.0064186863936201485,0.0,0.005559782937452655
0.7,1.2,0.01,16,"demo_00 -5,-5 deg",True,0.0035981095191747418,0.0,0.005575367146058341
0.7,1.2,0.01,17,"demo_00 -5,+0 deg",True,0.0010130952263271392,0.0,0.005580060254207254
0.7,1.2,0.01,18,"demo_00 -5,+5 deg",True,0.001477844164098429,2.6236290503669193,0.004895999589685536
0.7,1.2,0.01,19,"demo_00 -5,+10 deg",True,0.0036786491461074764,2.571632018865366,0.004897304692986388
0.7,1.2,0.01,20,"demo_00 -5,+15 deg",True,0.00573349882818112,2.5123034827584227,0.004894846486534338
0.7,1.2,0.01,21,"demo_00 +0,-15 deg",True,0.007883305124362,0.0,0.0054804293761565774
0.7,1.2,0.01,22,"demo_00 +0,-10 deg",True,0.004967490457115973,0.0,0.005571147251224857
0.7,1.2,0.01,23,"demo_00 +0,-5 deg",True,0.002263655457390331,0.0,0.005577999719711327
0.7,1.2,0.01,24,demo_00,True,0.000273410063600798,0.005669293739239151,0.005577844374598768
0.7,1.2,0.01,25,"demo_00 +0,+5 deg",True,0.002484844725353137,2.6353153778874763,0.004894387134515148
0.7,1.2,0.01,26,"demo_00 +0,+10 deg",True,0.004523408684489127,2.555479913869827,0.004895955587090333
0.7,1.2,0.01,27,"demo_00 +0,+15 deg",True,0.006378874477693055,2.502669965923631,0.004895131935295879
0.7,1.2,0.01,28,"demo_00 +5,-15 deg",True,0.006237581997460992,0.0,0.0055289106660152566
0.7,1.2,0.01,29,"demo_00 +5,-10 deg",True,0.0034458420513176612,0.0,0.005575538624568329
0.7,1.2,0.01,30,"demo_00 +5,-5 deg",True,0.0009868024790430107,0.0,0.005578149261023569
0.7,1.2,0.01,31,"demo_00 +5,+0 deg",True,0.0016323521342421624,2.6403865094853365,0.004894351874925727
0.7,1.2,0.01,32,"demo_00 +5,+5 deg",True,0.0036722656933611316,2.5820649316595343,0.004894436916572648
0.7,1.2,0.01,33,"demo_00 +5,+10 deg",True,0.005512934037509975,2.5220546810844127,0.00489703672500209
0.7,1.2,0.01,34,"demo_00 +5,+15 deg",True,0.007147676138627109,2.4738589594677443,0.004894068986573313
0.7,1.2,0.01,35,"demo_00 +10,-15 deg",True,0.004503365618868102,0.0,0.0055546575519856345
0.7,1.2,0.01,36,"demo_00 +10,-10 deg",True,0.0019114124517622276,0.0,0.005575972962064558
0.7,1.2,0.01,37,"demo_00 +10,-5 deg",True,0.001146114565907566,0.0,0.005580816411940518
0.7,1.2,0.01,38,"demo_00 +10,+0 deg",True,0.003095218035861997,2.599945276736119,0.004894305352321672
0.7,1.2,0.01,39,"demo_00 +10,+5 deg",True,0.004987662622816722,2.5359832012885173,0.004892582865736354
0.7,1.2,0.01,40,"demo_00 +10,+10 deg",True,0.006638479209963823,2.4649494356831947,0.004895596619691742
0.7,1.2,0.01,41,"demo_00 +10,+15 deg",True,0.008050261009690416,2.4318543122696834,0.004896877981585387
0.7,1.2,0.01,42,"demo_00 +15,-15 deg",True,0.002700391211345653,0.0,0.005568727311794563
0.7,1.2,0.01,43,"demo_00 +15,-10 deg",True,0.0009939755689748356,0.0,0.0055798289404824074
0.7,1.2,0.01,44,"demo_00 +15,-5 deg",True,0.002659174102341793,0.0,0.005579674806899191
0.7,1.2,0.01,45,"demo_00 +15,+0 deg",True,0.004659773174850959,2.5479855425947977,0.0048927305296325545
0.7,1.2,0.01,46,"demo_00 +15,+5 deg",True,0.006419691833230972,2.481280415700738,0.004894738144391374
0.7,1.2,0.01,47,"demo_00 +15,+10 deg",True,0.007895489628054525,2.42055836273376,0.004896870305711107
0.7,1.2,0.01,48,"demo_00 +15,+15 deg",True,0.009092900293825317,2.3784717832062268,0.004893197309371242
0.7,1.2,0.02,0,"demo_00 -15,-15 deg",True,0.012778532101091465,0.0,0.005677490303762657
0.7,1.2,0.02,1,"demo_00 -15,-10 deg",True,0.0090323586044314,0.0,0.005776109379635075
0.7,1.2,0.02,2,"demo_00 -15,-5 deg",True,0.005821223895933713,0.0,0.005783002923792264
0.7,1.2,0.02,3,"demo_00 -15,+0 deg",True,0.0031068016541519984,0.0,0.005781191601451572
0.7,1.2,0.02,4,"demo_00 -15,+5 deg",True,0.000829809505664023,0.0,0.005780161268429365
0.7,1.2,0.02,5,"demo_00 -15,+10 deg",True,0.0010991222552441196,0.2212200840042874,0.005782255325655894
0.7,1.2,0.02,6,"demo_00 -15,+15 deg",True,0.0027574325898283326,0.3228761621344933,0.00578108485800914
0.7,1.2,0.02,7,"demo_00 -10,-15 deg",True,0.011505528200452782,0.0,0.0057560665746888414
0.7,1.2,0.02,8,"demo_00 -10,-10 deg",True,0.007827880946555338,0.0,0.0057826098297300114
0.7,1.2,0.02,9,"demo_00 -10,-5 deg",True,0.004683541956669848,0.0,0.005782518009216237
0.7,1.2,0.02,10,"demo_00 -10,+0 deg",True,0.0020380699954267514,0.0,0.005781078886839571
0.7,1.2,0.02,11,"demo_00 -10,+5 deg",True,0.000283620962509696,0.24888035173893416,0.005783073934599718
0.7,1.2,0.02,12,"demo_00 -10,+10 deg",True,0.002070767095041567,0.3716629624507909,0.005781712794203089
0.7,1.2,0.02,13,"demo_00 -10,+15 deg",True,0.003681847869410852,0.4447739720727991,0.005772650780234273
0.7,1.2,0.02,14,"demo_00 -5,-15 deg",True,0.01011594889023736,0.0,0.005773758676307461
0.7,1.2,0.02,15,"demo_00 -5,-10 deg",True,0.006533462317442154,0.0,0.00578314764094886
0.7,1.2,0.02,16,"demo_00 -5,-5 deg",True,0.0034872086279609383,0.0,0.005781917867660517
0.7,1.2,0.02,17,"demo_00 -5,+0 deg",True,0.0009462607874413058,0.0,0.005782146895841777
0.7,1.2,0.02,18,"demo_00 -5,+5 deg",True,0.0011787038102330117,0.4135443814738024,0.005779894285254468
0.7,1.2,0.02,19,"demo_00 -5,+10 deg",True,0.0029314178180507235,0.45648029701495585,0.005780671298838001
0.7,1.2,0.02,20,"demo_00 -5,+15 deg",True,0.0044390877590300935,0.5589729903271087,0.005770876439602727
0.7,1.2,0.02,21,"demo_00 +0,-15 deg",True,0.008588261969538609,0.0,0.005781711168099935
0.7,1.2,0.02,22,"demo_00 +0,-10 deg",True,0.005125184034362427,0.0,0.005779430404605593
0.7,1.2,0.02,23,"demo_00 +0,-5 deg",True,0.002208281484234871,0.0,0.005783868446350679
0.7,1.2,0.02,24,demo_00,True,0.00023982058245265785,0.0047560715874795665,0.005779708467578574
0.7,1.2,0.02,25,"demo_00 +0,+5 deg",True,0.0021582101082219542,0.4724967464527713,0.005778990370821407
0.7,1.2,0.02,26,"demo_00 +0,+10 deg",True,0.0037440741331465108,0.5150808944194339,0.005772937977584303
0.7,1.2,0.02,27,"demo_00 +0,+15 deg",True,0.005077489950203932,0.6396606753486755,0.005773752995341091
0.7,1.2,0.02,28,"demo_00 +5,-15 deg",True,0.006904816760002451,0.0,0.005780942056282074
0.7,1.2,0.02,29,"demo_00 +5,-10 deg",True,0.003593275731775952,0.0,0.0057815721099067265
0.7,1.2,0.02,30,"demo_00 +5,-5 deg",True,0.0009327662094101506,0.0,0.005780535869527749
0.7,1.2,0.02,31,"demo_00 +5,+0 deg",True,0.0015297097639789458,0.3870565470544462,0.005781204417837171
0.7,1.2,0.02,32,"demo_00 +5,+5 deg",True,0.003241909927381369,0.4606520767911821,0.005780842360340077
0.7,1.2,0.02,33,"demo_00 +5,+10 deg",True,0.004594985659564527,0.5428296797252009,0.00576790512659759
0.7,1.2,0.02,34,"demo_00 +5,+15 deg",True,0.005679398004162979,0.6884641063344695,0.005775773181909575
0.7,1.2,0.02,35,"demo_00 +10,-15 deg",True,0.005055706699528324,0.0,0.005779577791436871
0.7,1.2,0.02,36,"demo_00 +10,-10 deg",True,0.0019939606356020323,0.0,0.00578376051305824
0.7,1.2,0.02,37,"demo_00 +10,-5 deg",True,0.0011928209317818405,0.0,0.005779577061588493
0.7,1.2,0.02,38,"demo_00 +10,+0 deg",True,0.0029968924862771333,0.3645575661957069,0.005780460988417107
0.7,1.2,0.02,39,"demo_00 +10,+5 deg",True,0.004490693413772205,0.4327935218234248,0.005778993013646701
0.7,1.2,0.02,40,"demo_00 +10,+10 deg",True,0.0055767916906021,0.5423587977284506,0.0057699882341424955
0.7,1.2,0.02,41,"demo_00 +10,+15 deg",True,0.006352698110213703,0.7125042242577657,0.005779106857162094
0.7,1.2,0.02,42,"demo_00 +15,-15 deg",True,0.0030595156494975955,0.0,0.0057829346804988725
0.7,1.2,0.02,43,"demo_00 +15,-10 deg",True,0.00114254851277076,0.0,0.0057800519024129
0.7,1.2,0.02,44,"demo_00 +15,-5 deg",True,0.0028858888233049564,0.0,0.0057826994569125855
0.7,1.2,0.02,45,"demo_00 +15,+0 deg",True,0.004665959191217931,0.31661779738494267,0.005782941149602864
0.7,1.2,0.02,46,"demo_00 +15,+5 deg",True,0.005954213912000338,0.3993862633560933,0.005772679960123394
0.7,1.2,0.02,47,"demo_00 +15,+10 deg",True,0.006772854497242074,0.5248749470987033,0.005770942583736343
0.7,1.2,0.02,48,"demo_00 +15,+15 deg",True,0.007215739330386172,0.7038039533361651,0.005781678344794012
0.7,1.2,0.03,0,"demo_00 -15,-15 deg",True,0.01802488185489878,0.0,0.005826019561250955
0.7,1.2,0.03,1,"demo_00 -15,-10 deg",True,0.012149930851229436,0.0,0.005824560124853351
0.7,1.2,0.03,2,"demo_00 -15,-5 deg",True,0.007362491222457138,0.0,0.0058241919361111125
0.7,1.2,0.03,3,"demo_00 -15,+0 deg",True,0.0035696308402593632,0.0,0.005826428116530856
0.7,1.2,0.03,4,"demo_00 -15,+5 deg",True,0.0006137019099654031,0.0,0.005827025357694912
0.7,1.2,0.03,5,"demo_00 -15,+10 deg",False,0.0019731194769889303,1.4243102343504845,nan
0.7,1.2,0.03,6,"demo_00 -15,+15 deg",False,0.004349585628582982,1.426546161062051,nan
0.7,1.2,0.03,7,"demo_00 -10,-15 deg",True,0.015595781858552489,0.0,0.005827283085564369
0.7,1.2,0.03,8,"demo_00 -10,-10 deg",True,0.010113111871382361,0.0,0.005826458173717644
0.7,1.2,0.03,9,"demo_00 -10,-5 deg",True,0.0057250206510303155,0.0,0.005825405707352832
0.7,1.2,0.03,10,"demo_00 -10,+0 deg",True,0.002299416588080405,0.0,0.005824256410086303
0.7,1.2,0.03,11,"demo_00 -10,+5 deg",True,0.00043166246895528213,0.22663140148116043,0.005826749784471021
0.7,1.2,0.03,12,"demo_00 -10,+10 deg",False,0.0028517952106683407,1.5579860575978497,nan
0.7,1.2,0.03,13,"demo_00 -10,+15 deg",False,0.005388932230317612,1.5374860553248175,nan
0.7,1.2,0.03,14,"demo_00 -5,-15 deg",True,0.01313022496324755,0.0,0.005824287610081962
0.7,1.2,0.03,15,"demo_00 -5,-10 deg",True,0.008058039983548619,0.0,0.0058246462982033936
0.7,1.2,0.03,16,"demo_00 -5,-5 deg",True,0.00408174420314512,0.0,0.0058280504269324586
0.7,1.2,0.03,17,"demo_00 -5,+0 deg",True,0.001027990914006614,0.0,0.005824851382344418
0.7,1.2,0.03,18,"demo_00 -5,+5 deg",False,0.0014536323978781667,1.5712901857144859,nan
0.7,1.2,0.03,19,"demo_00 -5,+10 deg",False,0.0038321832182375143,1.386984041354611,nan
0.7,1.2,0.03,20,"demo_00 -5,+15 deg",False,0.006574575940814741,1.3092515359897767,nan
0.7,1.2,0.03,21,"demo_00 +0,-15 deg",True,0.010641561475379835,0.0,0.005827984515562473
0.7,1.2,0.03,22,"demo_00 +0,-10 deg",True,0.006006737557425488,0.0,0.005825468985058639
0.7,1.2,0.03,23,"demo_00 +0,-5 deg",True,0.0024693663785182074,0.0,0.005825467045403468
0.7,1.2,0.03,24,demo_00,True,0.00023669305871172478,0.004882123424305506,0.005827689213654048
0.7,1.2,0.03,25,"demo_00 +0,+5 deg",False,0.0024250961839658823,1.5606620878311601,nan
0.7,1.2,0.03,26,"demo_00 +0,+10 deg",False,0.0047820265442484605,1.573289392173189,nan
0.7,1.2,0.03,27,"demo_00 +0,+15 deg",False,0.007756802522671533,1.3405794578412262,nan
0.7,1.2,0.03,28,"demo_00 +5,-15 deg",True,0.008147205767266184,0.0,0.0058240578999354175
0.7,1.2,0.03,29,"demo_00 +5,-10 deg",True,0.0039948209428050845,0.0,0.00582625033223592
0.7,1.2,0.03,30,"demo_00 +5,-5 deg",True,0.0010236263093455203,0.0,0.0058245604355290055
0.7,1.2,0.03,31,"demo_00 +5,+0 deg",False,0.0014209756450659745,1.5465281895938556,nan
0.7,1.2,0.03,32,"demo_00 +5,+5 deg",False,0.0033127880868948053,1.6196479922489442,nan
0.7,1.2,0.03,33,"demo_00 +5,+10 deg",False,0.005639798692248761,1.426836009025521,nan
0.7,1.2,0.03,34,"demo_00 +5,+15 deg",False,0.0088569804735351,1.299730440397575,nan
0.7,1.2,0.03,35,"demo_00 +10,-15 deg",True,0.005672263105961226,0.0,0.005826704704597144
0.7,1.2,0.03,36,"demo_00 +10,-10 deg",True,0.002126500979355697,0.0,0.005827909216524556
0.7,1.2,0.03,37,"demo_00 +10,-5 deg",True,0.001096000532059621,0.0,0.005824122008247211
0.7,1.2,0.03,38,"demo_00 +10,+0 deg",False,0.0025391456353808933,1.5934524416004239,nan
0.7,1.2,0.03,39,"demo_00 +10,+5 deg",False,0.004087121890865893,1.5991159125381302,nan
0.7,1.2,0.03,40,"demo_00 +10,+10 deg",False,0.006366922379675535,1.4885485461537709,nan
0.7,1.2,0.03,41,"demo_00 +10,+15 deg",False,0.009830198540668982,1.445790489239001,nan
0.7,1.2,0.03,42,"demo_00 +15,-15 deg",True,0.003272760504108254,0.0,0.0058246456821703894
0.7,1.2,0.03,43,"demo_00 +15,-10 deg",True,0.0012023637220662322,0.0,0.005827096940898078
0.7,1.2,0.03,44,"demo_00 +15,-5 deg",True,0.0024507956809572827,0.0,0.0058249249481340856
0.7,1.2,0.03,45,"demo_00 +15,+0 deg",False,0.0035586803426058975,1.3468840640385729,nan
0.7,1.2,0.03,46,"demo_00 +15,+5 deg",False,0.004721224305651758,1.3636732465990105,nan
0.7,1.2,0.03,47,"demo_00 +15,+10 deg",False,0.0069354085317096525,1.4741004391197228,nan
0.7,1.2,0.03,48,"demo_00 +15,+15 deg",False,0.010649817350372688,1.480951547433763,nan
0.7,1.2,0.05,0,"demo_00 -15,-15 deg",True,0.07893427994292498,0.0,0.005909868713730161
0.7,1.2,0.05,1,"demo_00 -15,-10 deg",True,0.04990309437200359,0.0,0.005911700564088512
0.7,1.2,0.05,2,"demo_00 -15,-5 deg",True,0.0264885533716583,0.0,0.00591084335271902
0.7,1.2,0.05,3,"demo_00 -15,+0 deg",False,0.009359280995411126,1.5100587963255405,nan
0.7,1.2,0.05,4,"demo_00 -15,+5 deg",False,0.0029935047068490985,1.3870129628232,nan
0.7,1.2,0.05,5,"demo_00 -15,+10 deg",False,0.007711333965769563,1.4366221911368746,nan
0.7,1.2,0.05,6,"demo_00 -15,+15 deg",False,0.008835966679027741,0.9062844270193867,nan
0.7,1.2,0.05,7,"demo_00 -10,-15 deg",True,0.06318581449519799,0.0,0.0059115523837525346
0.7,1.2,0.05,8,"demo_00 -10,-10 deg",True,0.03745311058215489,0.0,0.0059102186594151025
0.7,1.2,0.05,9,"demo_00 -10,-5 deg",True,0.017708587204798107,0.0,0.005911677348021185
0.7,1.2,0.05,10,"demo_00 -10,+0 deg",True,0.004532400605655596,0.0,0.0059113569744187015
0.7,1.2,0.05,11,"demo_00 -10,+5 deg",False,0.002436117507817239,1.0182036806914276,nan
0.7,1.2,0.05,12,"demo_00 -10,+10 deg",False,0.004495182003513135,0.9948772022217524,nan
0.7,1.2,0.05,13,"demo_00 -10,+15 deg",False,0.008173389123829557,1.1948011370283744,nan
0.7,1.2,0.05,14,"demo_00 -5,-15 deg",True,0.048496573479601346,0.0,0.00591099045761677
0.7,1.2,0.05,15,"demo_00 -5,-10 deg",True,0.026290722778693494,0.0,0.005911799273184075
0.7,1.2,0.05,16,"demo_00 -5,-5 deg",True,0.010429343892958175,0.0,0.0059111861122830706
0.7,1.2,0.05,17,"demo_00 -5,+0 deg",True,0.0013892767688094335,0.0,0.0059106929064310955
0.7,1.2,0.05,18,"demo_00 -5,+5 deg",False,0.0019743784319800595,2.0632124686878734,nan
0.7,1.2,0.05,19,"demo_00 -5,+10 deg",False,0.006844055293413341,1.1048875196479062,nan
0.7,1.2,0.05,20,"demo_00 -5,+15 deg",False,0.017751070198477333,1.106870126802769,nan
0.7,1.2,0.05,21,"demo_00 +0,-15 deg",True,0.03507322608382349,0.0,0.005910940837902239
0.7,1.2,0.05,22,"demo_00 +0,-10 deg",True,0.016624671695552623,0.0,0.005910066763186238
0.7,1.2,0.05,23,"demo_00 +0,-5 deg",True,0.004844805698964742,0.0,0.005910319411813778
0.7,1.2,0.05,24,demo_00,True,0.00021954141582850142,0.0059322770058441564,0.00590990677840915
0.7,1.2,0.05,25,"demo_00 +0,+5 deg",False,0.004157773608552813,1.1787507427350008,nan
0.7,1.2,0.05,26,"demo_00 +0,+10 deg",False,0.014460327335443161,1.0365179786585328,nan
0.7,1.2,0.05,27,"demo_00 +0,+15 deg",False,0.0308144579412944,1.0710205062430183,nan
0.7,1.2,0.05,28,"demo_00 +5,-15 deg",True,0.023210015537402505,0.0,0.005910697081085938
0.7,1.2,0.05,29,"demo_00 +5,-10 deg",True,0.008760263680939436,0.0,0.005910283836087268
0.7,1.2,0.05,30,"demo_00 +5,-5 deg",True,0.0013580368608516265,0.0,0.005911599382779145
0.7,1.2,0.05,31,"demo_00 +5,+0 deg",False,0.0015190226497292215,1.1241599717121666,nan
0.7,1.2,0.05,32,"demo_00 +5,+5 deg",False,0.009505378696383035,1.0378180885742012,nan
0.7,1.2,0.05,33,"demo_00 +5,+10 deg",False,0.024792460729825348,1.011464738926018,nan
0.7,1.2,0.05,34,"demo_00 +5,+15 deg",False,0.04624133282907458,0.9819153403410745,nan
0.7,1.2,0.05,35,"demo_00 +10,-15 deg",True,0.013272978676023933,0.0,0.005910714253048217
0.7,1.2,0.05,36,"demo_00 +10,-10 deg",True,0.0031677301176515934,0.0,0.005910005586002191
0.7,1.2,0.05,37,"demo_00 +10,-5 deg",True,0.0010416103519503867,0.0,0.005910165698682778
0.7,1.2,0.05,38,"demo_00 +10,+0 deg",False,0.004763692253891705,1.0507395925357368,nan
0.7,1.2,0.05,39,"demo_00 +10,+5 deg",False,0.017472412177006916,1.0299180705976698,nan
0.7,1.2,0.05,40,"demo_00 +10,+10 deg",False,0.03763501996761003,1.002690353208426,nan
0.7,1.2,0.05,41,"demo_00 +10,+15 deg",False,0.06400022610704581,0.9009570664072273,nan
0.7,1.2,0.05,42,"demo_00 +15,-15 deg",True,0.005710171441647048,0.0,0.005910794807929987
0.7,1.2,0.05,43,"demo_00 +15,-10 deg",True,0.001449301862160608,0.0,0.005911323912150695
0.7,1.2,0.05,44,"demo_00 +15,-5 deg",False,0.0017091305964961278,1.0898143998948158,nan
0.7,1.2,0.05,45,"demo_00 +15,+0 deg",False,0.010687071911378448,1.0151074314341941,nan
0.7,1.2,0.05,46,"demo_00 +15,+5 deg",False,0.028176239260049935,0.9178334642666831,nan
0.7,1.2,0.05,47,"demo_00 +15,+10 deg",False,0.05311856335045799,0.8859080685499878,nan
0.7,1.2,0.05,48,"demo_00 +15,+15 deg",False,0.084199994325062,0.8934976015588787,nan
0.7,1.2,0.1,0,"demo_00 -15,-15 deg",False,0.36166167829844886,1.331587352558788,nan
0.7,1.2,0.1,1,"demo_00 -15,-10 deg",False,0.23113454303256536,0.7718403713024788,nan
0.7,1.2,0.1,2,"demo_00 -15,-5 deg",False,0.1254869773899897,0.6238151208869175,nan
0.7,1.2,0.1,3,"demo_00 -15,+0 deg",False,0.05560680338314387,0.7203744734063259,nan
0.7,1.2,0.1,4,"demo_00 -15,+5 deg",False,0.022481063313887068,1.1433735640516811,nan
0.7,1.2,0.1,5,"demo_00 -15,+10 deg",False,0.0033083334939158246,2.3509920653400593,nan
0.7,1.2,0.1,6,"demo_00 -15,+15 deg",False,0.0495362430909832,1.319245448843849,nan
0.7,1.2,0.1,7,"demo_00 -10,-15 deg",False,0.2918439484265925,1.9023524285188447,nan
0.7,1.2,0.1,8,"demo_00 -10,-10 deg",False,0.17236097716499657,1.0670519607194087,nan
0.7,1.2,0.1,9,"demo_00 -10,-5 deg",False,0.07920702290565013,0.6081184680193426,nan
0.7,1.2,0.1,10,"demo_00 -10,+0 deg",False,0.022831999441592286,1.77898156177048,nan
0.7,1.2,0.1,11,"demo_00 -10,+5 deg",False,0.004305009247989248,0.7562497208592476,nan
0.7,1.2,0.1,12,"demo_00 -10,+10 deg",False,0.02112976712421432,1.672343854442106,nan
0.7,1.2,0.1,13,"demo_00 -10,+15 deg",False,0.074188451660346,0.29331921630588176,nan
0.7,1.2,0.1,14,"demo_00 -5,-15 deg",False,0.22645831620783816,0.7127373888566612,nan
0.7,1.2,0.1,15,"demo_00 -5,-10 deg",True,0.12084762713319128,0.0,0.00581359364080935
0.7,1.2,0.1,16,"demo_00 -5,-5 deg",True,0.04382756870490594,0.0,0.005813287589421653
0.7,1.2,0.1,17,"demo_00 -5,+0 deg",False,0.00479660971693524,1.2156445074877171,nan
0.7,1.2,0.1,18,"demo_00 -5,+5 deg",False,0.006106890760282521,1.8787726646117502,nan
0.7,1.2,0.1,19,"demo_00 -5,+10 deg",False,0.04555442950022362,0.6700373967031004,nan
0.7,1.2,0.1,20,"demo_00 -5,+15 deg",False,0.11175373254763497,2.1509151812538163,nan
0.7,1.2,0.1,21,"demo_00 +0,-15 deg",True,0.16476741532717448,0.0,0.005813635885188019
0.7,1.2,0.1,22,"demo_00 +0,-10 deg",True,0.07572609440398848,0.0,0.005813370143997784
0.7,1.2,0.1,23,"demo_00 +0,-5 deg",True,0.0180059750413424,0.0,0.005813642941218178
0.7,1.2,0.1,24,demo_00,True,0.00021552763357758563,0.0035740678859257644,0.00581341271226818
0.7,1.2,0.1,25,"demo_00 +0,+5 deg",False,0.0239781352189895,1.0267833033186604,nan
0.7,1.2,0.1,26,"demo_00 +0,+10 deg",False,0.08392426614629694,0.3524634914194211,nan
0.7,1.2,0.1,27,"demo_00 +0,+15 deg",False,0.16606522631221593,2.1465839518544256,nan
0.7,1.2,0.1,28,"demo_00 +5,-15 deg",True,0.10802622629381764,0.0,0.005813584325368411
0.7,1.2,0.1,29,"demo_00 +5,-10 deg",True,0.038139622145341834,0.0,0.005813143949363213
0.7,1.2,0.1,30,"demo_00 +5,-5 deg",True,0.0023776395815896557,0.0,0.005813452799145584
0.7,1.2,0.1,31,"demo_00 +5,+0 deg",False,0.00830315980023043,0.8414446963031339,nan
0.7,1.2,0.1,32,"demo_00 +5,+5 deg",False,0.05557574313535853,1.0487463957212044,nan
0.7,1.2,0.1,33,"demo_00 +5,+10 deg",False,0.13698117427118459,2.1266831559699604,nan
0.7,1.2,0.1,34,"demo_00 +5,+15 deg",False,0.23551978364576315,0.5621030191498685,nan
0.7,1.2,0.1,35,"demo_00 +10,-15 deg",True,0.059143555145634866,0.0,0.005813322090043365
0.7,1.2,0.1,36,"demo_00 +10,-10 deg",True,0.010824825801241833,0.0,0.005813090420564707
0.7,1.2,0.1,37,"demo_00 +10,-5 deg",True,0.004272276321154631,0.0,0.005813464442616705
0.7,1.2,0.1,38,"demo_00 +10,+0 deg",False,0.03057773313915199,0.5027378572860883,nan
0.7,1.2,0.1,39,"demo_00 +10,+5 deg",False,0.1017127604679802,0.4226588309558844,nan
0.7,1.2,0.1,40,"demo_00 +10,+10 deg",False,0.20375345791005214,1.9728577123307884,nan
0.7,1.2,0.1,41,"demo_00 +10,+15 deg",False,0.3171056105639641,0.18339203565242235,nan
0.7,1.2,0.1,42,"demo_00 +15,-15 deg",True,0.022093167136836032,0.0,0.00581303489409887
0.7,1.2,0.1,43,"demo_00 +15,-10 deg",True,0.003881451305799551,0.0,0.0058132426769523255
0.7,1.2,0.1,44,"demo_00 +15,-5 deg",False,0.014152319161222757,1.0962325246855398,nan
0.7,1.2,0.1,45,"demo_00 +15,+0 deg",False,0.06845090169573542,1.4343701904329111,nan
0.7,1.2,0.1,46,"demo_00 +15,+5 deg",False,0.16264742634542861,1.88129116717639,nan
0.7,1.2,0.1,47,"demo_00 +15,+10 deg",False,0.28284379090036493,0.7681086140397129,nan
0.7,1.2,0.1,48,"demo_00 +15,+15 deg",False,0.40746932891126614,0.26669405687496023,nan
0.7,1.35,0.01,0,"demo_00 -15,-15 deg",True,0.012829598308448325,0.0,0.004675816967931108
0.7,1.35,0.01,1,"demo_00 -15,-10 deg",True,0.009323787345226082,0.0,0.005385088545773945
0.7,1.35,0.01,2,"demo_00 -15,-5 deg",True,0.0060751681199420465,0.0,0.005517083120884037
0.7,1.35,0.01,3,"demo_00 -15,+0 deg",True,0.003094628415228363,0.0,0.0055101552338733765
0.7,1.35,0.01,4,"demo_00 -15,+5 deg",False,0.001016485142796551,2.415412231749577,nan
0.7,1.35,0.01,5,"demo_00 -15,+10 deg",False,0.0029874405636361482,2.2546238651662014,nan
0.7,1.35,0.01,6,"demo_00 -15,+15 deg",False,0.005729513156998956,2.2091029450173916,nan
0.7,1.35,0.01,7,"demo_00 -10,-15 deg",True,0.011696321704073094,0.0,0.004878867671977134
0.7,1.35,0.01,8,"demo_00 -10,-10 deg",True,0.008229154888997304,0.0,0.0055130332672200235
0.7,1.35,0.01,9,"demo_00 -10,-5 deg",True,0.005029840724802229,0.0,0.0055112455428535986
0.7,1.35,0.01,10,"demo_00 -10,+0 deg",True,0.0021147864726307444,0.0,0.0055156140034764755
0.7,1.35,0.01,11,"demo_00 -10,+5 deg",False,0.0011098354761828347,2.4820309587543097,nan
0.7,1.35,0.01,12,"demo_00 -10,+10 deg",False,0.0036291608419251023,2.464187137620781,nan
0.7,1.35,0.01,13,"demo_00 -10,+15 deg",False,0.006314506095046255,2.360630405360995,nan
0.7,1.35,0.01,14,"demo_00 -5,-15 deg",True,0.010379714475659557,0.0,0.005136375740997961
0.7,1.35,0.01,15,"demo_00 -5,-10 deg",True,0.006965377857041893,0.0,0.005519177275778359
0.7,1.35,0.01,16,"demo_00 -5,-5 deg",True,0.0038299909746116302,0.0,0.005512898610349947
0.7,1.35,0.01,17,"demo_00 -5,+0 deg",True,0.0009824441221865392,0.0,0.005515857217954667
0.7,1.35,0.01,18,"demo_00 -5,+5 deg",False,0.0018112727848825832,2.5506769955153876,nan
0.7,1.35,0.01,19,"demo_00 -5,+10 deg",False,0.004375859169923674,2.4544801655320887,nan
0.7,1.35,0.01,20,"demo_00 -5,+15 deg",False,0.006940169902592627,2.3878110867704208,nan
0.7,1.35,0.01,21,"demo_00 +0,-15 deg",True,0.00887231320705152,0.0,0.005383073043290605
0.7,1.35,0.01,22,"demo_00 +0,-10 deg",True,0.005527756134806049,0.0,0.005512301742498939
0.7,1.35,0.01,23,"demo_00 +0,-5 deg",True,0.002481136998983877,0.0,0.005512294040028385
0.7,1.35,0.01,24,demo_00,True,0.00031506851498124276,0.004410645202990478,0.005515473409640213
0.7,1.35,0.01,25,"demo_00 +0,+5 deg",False,0.002850276228145485,2.461260844785871,nan
0.7,1.35,0.01,26,"demo_00 +0,+10 deg",False,0.00526286381074759,2.462300120684187,nan
0.7,1.35,0.01,27,"demo_00 +0,+15 deg",False,0.007644780828334187,2.460379819533444,nan
0.7,1.35,0.01,28,"demo_00 +5,-15 deg",True,0.007168985133257469,0.0,0.005515925476102175
0.7,1.35,0.01,29,"demo_00 +5,-10 deg",True,0.003922410488873204,0.0,0.005512135625666335
0.7,1.35,0.01,30,"demo_00 +5,-5 deg",True,0.001094656831573433,0.0,0.00551362495234748
0.7,1.35,0.01,31,"demo_00 +5,+0 deg",False,0.001787998138787186,2.5685775961059196,nan
0.7,1.35,0.01,32,"demo_00 +5,+5 deg",False,0.004118945681879901,2.4370792857800243,nan
0.7,1.35,0.01,33,"demo_00 +5,+10 deg",False,0.006316870583322112,2.4323966026608126,nan
0.7,1.35,0.01,34,"demo_00 +5,+15 deg",False,0.008465543356024797,2.4514719733554164,nan
0.7,1.35,0.01,35,"demo_00 +10,-15 deg",True,0.005269622163444927,0.0,0.005515420782553188
0.7,1.35,0.01,36,"demo_00 +10,-10 deg",True,0.002208974622123692,0.0,0.005510541774448434
0.7,1.35,0.01,37,"demo_00 +10,-5 deg",True,0.0012407607191078248,0.0,0.0055126612093308585
0.7,1.35,0.01,38,"demo_00 +10,+0 deg",False,0.003444744529388093,2.5055262263789686,nan
0.7,1.35,0.01,39,"demo_00 +10,+5 deg",False,0.005592396689016396,2.4048129690128066,nan
0.7,1.35,0.01,40,"demo_00 +10,+10 deg",False,0.00755598348910451,2.168740884695921,nan
0.7,1.35,0.01,41,"demo_00 +10,+15 deg",False,0.009435285827461483,2.3831976615876087,nan
0.7,1.35,0.01,42,"demo_00 +15,-15 deg",True,0.0031943752054404808,0.0,0.005513877695482347
0.7,1.35,0.01,43,"demo_00 +15,-10 deg",True,0.001118939608760796,0.0,0.005512583485398369
0.7,1.35,0.01,44,"demo_00 +15,-5 deg",True,0.0030394060775707967,0.0,0.005509925601279181
0.7,1.35,0.01,45,"demo_00 +15,+0 deg",False,0.0052921399902591745,2.447120889019221,nan
0.7,1.35,0.01,46,"demo_00 +15,+5 deg",False,0.0072656882903287786,2.3497526306224232,nan
0.7,1.35,0.01,47,"demo_00 +15,+10 deg",False,0.008991414933047288,2.279178944231159,nan
0.7,1.35,0.01,48,"demo_00 +15,+15 deg",False,0.010580142542358539,2.2867867572211367,nan
0.7,1.35,0.02,0,"demo_00 -15,-15 deg",True,0.013038828500516677,0.0,0.005712202138110559
0.7,1.35,0.02,1,"demo_00 -15,-10 deg",True,0.00883580103927631,0.0,0.005710762837659975
0.7,1.35,0.02,2,"demo_00 -15,-5 deg",True,0.005369604535529711,0.0,0.005709587544237726
0.7,1.35,0.02,3,"demo_00 -15,+0 deg",True,0.002575515614038722,0.0,0.0057096404561709805
0.7,1.35,0.02,4,"demo_00 -15,+5 deg",False,0.0005292611815877142,1.7935210528195005,nan
0.7,1.35,0.02,5,"demo_00 -15,+10 deg",False,0.0016431101964922154,1.7821231533970412,nan
0.7,1.35,0.02,6,"demo_00 -15,+15 deg",False,0.0031238290040839743,1.7457939609499755,nan
0.7,1.35,0.02,7,"demo_00 -10,-15 deg",True,0.012045189521766163,0.0,0.005712711069441531
0.7,1.35,0.02,8,"demo_00 -10,-10 deg",True,0.007950145778873574,0.0,0.00571158764078941
0.7,1.35,0.02,9,"demo_00 -10,-5 deg",True,0.0045747924318152305,0.0,0.0057106667520455765
0.7,1.35,0.02,10,"demo_00 -10,+0 deg",True,0.0018371766243935805,0.0,0.005709748258665293
0.7,1.35,0.02,11,"demo_00 -10,+5 deg",False,0.0006341908819712082,1.8634097194360875,nan
0.7,1.35,0.02,12,"demo_00 -10,+10 deg",False,0.0024837065266550234,1.8330092451085132,nan
0.7,1.35,0.02,13,"demo_00 -10,+15 deg",False,0.004212656993240542,1.7790563451904042,nan
0.7,1.35,0.02,14,"demo_00 -5,-15 deg",True,0.010809113021261465,0.0,0.005709008716520408
0.7,1.35,0.02,15,"demo_00 -5,-10 deg",True,0.0068394828065488425,0.0,0.005709875992510433
0.7,1.35,0.02,16,"demo_00 -5,-5 deg",True,0.003568111006391398,0.0,0.005709442513291958
0.7,1.35,0.02,17,"demo_00 -5,+0 deg",True,0.0008858357222632961,0.0,0.005708653919180072
0.7,1.35,0.02,18,"demo_00 -5,+5 deg",False,0.001455094782571399,1.9199867854198167,nan
0.7,1.35,0.02,19,"demo_00 -5,+10 deg",False,0.003530503429750232,1.8598230026233113,nan
0.7,1.35,0.02,20,"demo_00 -5,+15 deg",False,0.005523678915590977,1.7919512730385563,nan
0.7,1.35,0.02,21,"demo_00 +0,-15 deg",True,0.009330173216683448,0.0,0.005709516035165496
0.7,1.35,0.02,22,"demo_00 +0,-10 deg",True,0.005508789178400665,0.0,0.005709468825932655
0.7,1.35,0.02,23,"demo_00 +0,-5 deg",True,0.002365598383094675,0.0,0.0057111369013069764
0.7,1.35,0.02,24,demo_00,True,0.000277531559809998,0.004611845990682267,0.005712242207581818
0.7,1.35,0.02,25,"demo_00 +0,+5 deg",False,0.0025669924423362502,1.9188311221102603,nan
0.7,1.35,0.02,26,"demo_00 +0,+10 deg",False,0.004777600136830062,1.8507037521992205,nan
0.7,1.35,0.02,27,"demo_00 +0,+15 deg",False,0.00703805470060126,1.7824693349412146,nan
0.7,1.35,0.02,28,"demo_00 +5,-15 deg",True,0.007610604448393644,0.0,0.0057084708986118275
0.7,1.35,0.02,29,"demo_00 +5,-10 deg",True,0.003974486165224889,0.0,0.005709668753714591
0.7,1.35,0.02,30,"demo_00 +5,-5 deg",True,0.0010748174808188915,0.0,0.005712338224997563
0.7,1.35,0.02,31,"demo_00 +5,+0 deg",False,0.0016445440929487606,1.9293542440502438,nan
0.7,1.35,0.02,32,"demo_00 +5,+5 deg",False,0.003898681527236048,1.8701655938620445,nan
0.7,1.35,0.02,33,"demo_00 +5,+10 deg",False,0.006221947281033717,1.8142857169978401,nan
0.7,1.35,0.02,34,"demo_00 +5,+15 deg",False,0.008749592698289371,1.753471479479392,nan
0.7,1.35,0.02,35,"demo_00 +10,-15 deg",True,0.005657995481727874,0.0,0.005709988398406054
0.7,1.35,0.02,36,"demo_00 +10,-10 deg",True,0.0023083461312397298,0.0,0.005710053870393185
0.7,1.35,0.02,37,"demo_00 +10,-5 deg",True,0.001141781571279594,0.0,0.005711151865194756
0.7,1.35,0.02,38,"demo_00 +10,+0 deg",False,0.0032171089221919914,1.8816593572153664,nan
0.7,1.35,0.02,39,"demo_00 +10,+5 deg",False,0.0054362101802364815,1.8189054535596916,nan
0.7,1.35,0.02,40,"demo_00 +10,+10 deg",False,0.00786340512292557,1.760322943941508,nan
0.7,1.35,0.02,41,"demo_00 +10,+15 deg",False,0.010659204253303942,1.7113352222995257,nan
0.7,1.35,0.02,42,"demo_00 +15,-15 deg",True,0.003503861854165988,0.0,0.005708861896201513
0.7,1.35,0.02,43,"demo_00 +15,-10 deg",True,0.0012075385727856,0.0,0.005710485376510403
0.7,1.35,0.02,44,"demo_00 +15,-5 deg",True,0.002864165104586323,0.0,0.0057087180023368345
0.7,1.35,0.02,45,"demo_00 +15,+0 deg",False,0.0049939723167154,1.8313502300762226,nan
0.7,1.35,0.02,46,"demo_00 +15,+5 deg",False,0.007176601948735532,1.7685846489280936,nan
0.7,1.35,0.02,47,"demo_00 +15,+10 deg",False,0.009705147731211262,1.7086444998504897,nan
0.7,1.35,0.02,48,"demo_00 +15,+15 deg",False,0.012772983314465441,1.6594671985836007,nan
0.7,1.35,0.03,0,"demo_00 -15,-15 deg",True,0.028409900492753767,0.0,0.0057852069374973334
0.7,1.35,0.03,1,"demo_00 -15,-10 deg",True,0.018287813563144472,0.0,0.005786542292663367
0.7,1.35,0.03,2,"demo_00 -15,-5 deg",True,0.010342484110728219,0.0,0.005785559211708727
0.7,1.35,0.03,3,"demo_00 -15,+0 deg",False,0.004462680569443745,1.4381984549579538,nan
0.7,1.35,0.03,4,"demo_00 -15,+5 deg",False,0.0014444275802832564,1.5070781064822203,nan
0.7,1.35,0.03,5,"demo_00 -15,+10 deg",False,0.0038161073523039794,1.448306723195825,nan
0.7,1.35,0.03,6,"demo_00 -15,+15 deg",False,0.006551909421913186,1.9310430604331819,nan
0.7,1.35,0.03,7,"demo_00 -10,-15 deg",True,0.023433349155482334,0.0,0.005786235156813224
0.7,1.35,0.03,8,"demo_00 -10,-10 deg",True,0.014233119221224581,0.0,0.005786625771278781
0.7,1.35,0.03,9,"demo_00 -10,-5 deg",True,0.0072960091535839945,0.0,0.005786975451057947
0.7,1.35,0.03,10,"demo_00 -10,+0 deg",True,0.002430623914928049,0.0,0.005785478786015241
0.7,1.35,0.03,11,"demo_00 -10,+5 deg",False,0.001249304978281024,1.5197764318627247,nan
0.7,1.35,0.03,12,"demo_00 -10,+10 deg",False,0.003784804499116772,1.616827258636269,nan
0.7,1.35,0.03,13,"demo_00 -10,+15 deg",False,0.006402044292552598,1.3780333398895144,nan
0.7,1.35,0.03,14,"demo_00 -5,-15 deg",True,0.018779451927365798,0.0,0.0057864243783204644
0.7,1.35,0.03,15,"demo_00 -5,-10 deg",True,0.01061159936694841,0.0,0.005788202347323602
0.7,1.35,0.03,16,"demo_00 -5,-5 deg",True,0.0047790167115319285,0.0,0.005785460733383676
0.7,1.35,0.03,17,"demo_00 -5,+0 deg",True,0.0009364909878228427,0.0,0.005787653145818199
0.7,1.35,0.03,18,"demo_00 -5,+5 deg",False,0.0018455482361392156,2.4320611543212487,nan
0.7,1.35,0.03,19,"demo_00 -5,+10 deg",False,0.0046507379981171,1.4342390123826536,nan
0.7,1.35,0.03,20,"demo_00 -5,+15 deg",False,0.008232901552540773,1.3877940460384903,nan
0.7,1.35,0.03,21,"demo_00 +0,-15 deg",True,0.014466465418619817,0.0,0.005788104218217652
0.7,1.35,0.03,22,"demo_00 +0,-10 deg",True,0.007432151431222759,0.0,0.005785028180639063
0.7,1.35,0.03,23,"demo_00 +0,-5 deg",True,0.0027577805891871557,0.0,0.005787988032204221
0.7,1.35,0.03,24,demo_00,True,0.00026782907085225015,0.00567879987216972,0.0057868099729973315
0.7,1.35,0.03,25,"demo_00 +0,+5 deg",False,0.0030254967317393114,2.2380407305305394,nan
0.7,1.35,0.03,26,"demo_00 +0,+10 deg",False,0.006908094899746798,2.168751565663715,nan
0.7,1.35,0.03,27,"demo_00 +0,+15 deg",False,0.012178887049548668,1.7799120119127998,nan
0.7,1.35,0.03,28,"demo_00 +5,-15 deg",True,0.010528287880939322,0.0,0.005787662672976805
0.7,1.35,0.03,29,"demo_00 +5,-10 deg",True,0.0047215796250419904,0.0,0.00578683860644721
0.7,1.35,0.03,30,"demo_00 +5,-5 deg",True,0.0012253439685373571,0.0,0.005786002237614274
0.7,1.35,0.03,31,"demo_00 +5,+0 deg",False,0.00153542943543738,1.574133193230956,nan
0.7,1.35,0.03,32,"demo_00 +5,+5 deg",False,0.0050911644202637,1.5631804453011333,nan
0.7,1.35,0.03,33,"demo_00 +5,+10 deg",False,0.010583881808635733,1.4164754030660966,nan
0.7,1.35,0.03,34,"demo_00 +5,+15 deg",False,0.017864050154739432,1.4382693107604547,nan
0.7,1.35,0.03,35,"demo_00 +10,-15 deg",True,0.007008915450912181,0.0,0.005787040665620155
0.7,1.35,0.03,36,"demo_00 +10,-10 deg",True,0.002541513322796312,0.0,0.0057857642276508935
0.7,1.35,0.03,37,"demo_00 +10,-5 deg",True,0.0008662996779935902,0.0,0.005785797732376701
0.7,1.35,0.03,38,"demo_00 +10,+0 deg",False,0.0032761080053975494,2.3587248815835555,nan
0.7,1.35,0.03,39,"demo_00 +10,+5 deg",False,0.008212845001600856,1.452256651510185,nan
0.7,1.35,0.03,40,"demo_00 +10,+10 deg",False,0.015614585886765415,1.495541931074253,nan
0.7,1.35,0.03,41,"demo_00 +10,+15 deg",False,0.025113754719102904,1.4717155218443894,nan
0.7,1.35,0.03,42,"demo_00 +15,-15 deg",True,0.003967645557484932,0.0,0.00578548432389613
0.7,1.35,0.03,43,"demo_00 +15,-10 deg",True,0.001264619707921061,0.0003584137554914525,0.005787666181805334
0.7,1.35,0.03,44,"demo_00 +15,-5 deg",True,0.0021346225292313316,0.0,0.005784951859831064
0.7,1.35,0.03,45,"demo_00 +15,+0 deg",False,0.005795738619216023,2.0627541777458034,nan
0.7,1.35,0.03,46,"demo_00 +15,+5 deg",False,0.012492489681925595,1.5154404471960115,nan
0.7,1.35,0.03,47,"demo_00 +15,+10 deg",False,0.022024484458206164,1.4859927950564866,nan
0.7,1.35,0.03,48,"demo_00 +15,+15 deg",False,0.03393263776406238,1.5630920881364176,nan
0.7,1.35,0.05,0,"demo_00 -15,-15 deg",False,0.10447541760563951,0.9097996894602953,nan
0.7,1.35,0.05,1,"demo_00 -15,-10 deg",False,0.06508528390705179,2.048884198514825,nan
0.7,1.35,0.05,2,"demo_00 -15,-5 deg",False,0.03498429795477508,1.0279901443677435,nan
0.7,1.35,0.05,3,"demo_00 -15,+0 deg",False,0.015921681449946566,1.4621171615083095,nan
0.7,1.35,0.05,4,"demo_00 -15,+5 deg",False,0.008572581084411399,1.3806534349540571,nan
0.7,1.35,0.05,5,"demo_00 -15,+10 deg",False,0.006673575592326273,2.168591407733569,nan
0.7,1.35,0.05,6,"demo_00 -15,+15 deg",False,0.007538321686144693,2.3610593782612868,nan
0.7,1.35,0.05,7,"demo_00 -10,-15 deg",True,0.08454919568449173,0.0,0.0057651523191518655
0.7,1.35,0.05,8,"demo_00 -10,-10 deg",True,0.04901484377903272,0.0,0.005766395541044
0.7,1.35,0.05,9,"demo_00 -10,-5 deg",False,0.022614740139477275,1.2968349678513833,nan
0.7,1.35,0.05,10,"demo_00 -10,+0 deg",False,0.006790597670662939,1.5393331125336174,nan
0.7,1.35,0.05,11,"demo_00 -10,+5 deg",False,0.0030452874462269857,1.1567355655046618,nan
0.7,1.35,0.05,12,"demo_00 -10,+10 deg",False,0.001761081372974261,1.3864906303907625,nan
0.7,1.35,0.05,13,"demo_00 -10,+15 deg",False,0.008028280550236624,1.1846393542796148,nan
0.7,1.35,0.05,14,"demo_00 -5,-15 deg",True,0.06584933505925773,0.0,0.005766251380385708
0.7,1.35,0.05,15,"demo_00 -5,-10 deg",True,0.034882261672348924,0.0,0.00576627612134993
0.7,1.35,0.05,16,"demo_00 -5,-5 deg",True,0.013127519918129741,0.0,0.005766226019125665
0.7,1.35,0.05,17,"demo_00 -5,+0 deg",False,0.0016254103392114125,1.9353609276338335,nan
0.7,1.35,0.05,18,"demo_00 -5,+5 deg",False,0.0005303731612568345,1.3907543224678691,nan
0.7,1.35,0.05,19,"demo_00 -5,+10 deg",False,0.005964710034855994,1.6703786785638763,nan
0.7,1.35,0.05,20,"demo_00 -5,+15 deg",False,0.01733563516966952,1.8633692368510477,nan
0.7,1.35,0.05,21,"demo_00 +0,-15 deg",True,0.04842505566562379,0.0,0.005766564325384844
0.7,1.35,0.05,22,"demo_00 +0,-10 deg",True,0.022593763599877,0.0,0.005765653506511142
0.7,1.35,0.05,23,"demo_00 +0,-5 deg",True,0.0061935802302653985,0.0,0.005767309291535105
0.7,1.35,0.05,24,demo_00,True,0.0002491618187596965,0.004998825809137504,0.0057655609186291765
0.7,1.35,0.05,25,"demo_00 +0,+5 deg",False,0.004289626014409069,1.324772090083919,nan
0.7,1.35,0.05,26,"demo_00 +0,+10 deg",False,0.016061290987007395,1.3661091572197548,nan
0.7,1.35,0.05,27,"demo_00 +0,+15 deg",False,0.03267941667156561,1.0757973728488295,nan
0.7,1.35,0.05,28,"demo_00 +5,-15 deg",True,0.03263612520014464,0.0,0.005762367885587186
0.7,1.35,0.05,29,"demo_00 +5,-10 deg",True,0.012409892109969128,0.0,0.0057665593761174385
0.7,1.35,0.05,30,"demo_00 +5,-5 deg",True,0.0017923158351140012,0.0,0.005766713208805634
0.7,1.35,0.05,31,"demo_00 +5,+0 deg",False,0.0025117595052237154,1.4985674114213212,nan
0.7,1.35,0.05,32,"demo_00 +5,+5 deg",False,0.012664866238494173,2.0430210547003758,nan
0.7,1.35,0.05,33,"demo_00 +5,+10 deg",False,0.030795281132370803,1.107604342734377,nan
0.7,1.35,0.05,34,"demo_00 +5,+15 deg",False,0.05356966098586015,1.0466074197662039,nan
0.7,1.35,0.05,35,"demo_00 +10,-15 deg",True,0.019087700421499893,0.0,0.005767546674669527
0.7,1.35,0.05,36,"demo_00 +10,-10 deg",True,0.0049105236256494775,0.0,0.005765667817706372
0.7,1.35,0.05,37,"demo_00 +10,-5 deg",True,0.0015826385248717033,0.0,0.005766376967653735
0.7,1.35,0.05,38,"demo_00 +10,+0 deg",False,0.008543651250733588,1.174924440205152,nan
0.7,1.35,0.05,39,"demo_00 +10,+5 deg",False,0.025564181615347924,2.17491677843796,nan
0.7,1.35,0.05,40,"demo_00 +10,+10 deg",False,0.05065104469696144,2.050956714714048,nan
0.7,1.35,0.05,41,"demo_00 +10,+15 deg",False,0.08025100441062377,1.0044388278018779,nan
0.7,1.35,0.05,42,"demo_00 +15,-15 deg",True,0.00857319160193433,0.0,0.005768209337958932
0.7,1.35,0.05,43,"demo_00 +15,-10 deg",True,0.001573131601921391,0.0,0.005766110384683265
0.7,1.35,0.05,44,"demo_00 +15,-5 deg",False,0.005092622256214753,1.4468218773706025,nan
0.7,1.35,0.05,45,"demo_00 +15,+0 deg",False,0.019004379245226348,1.1246239525772723,nan
0.7,1.35,0.05,46,"demo_00 +15,+5 deg",False,0.04352723008416785,1.4099774043043158,nan
0.7,1.35,0.05,47,"demo_00 +15,+10 deg",False,0.07616029296334142,1.0016980112707645,nan
0.7,1.35,0.05,48,"demo_00 +15,+15 deg",False,0.11316543637355984,0.9527824866390922,nan
0.7,1.35,0.1,0,"demo_00 -15,-15 deg",False,0.38338224411055394,2.1601145885589284,nan
0.7,1.35,0.1,1,"demo_00 -15,-10 deg",False,0.23927373533254995,2.302200647737289,nan
0.7,1.35,0.1,2,"demo_00 -15,-5 deg",False,0.12631408925406565,2.3393108803734277,nan
0.7,1.35,0.1,3,"demo_00 -15,+0 deg",False,0.05828726919733653,2.3243710618616773,nan
0.7,1.35,0.1,4,"demo_00 -15,+5 deg",False,0.023289638987438483,2.039211518837786,nan
0.7,1.35,0.1,5,"demo_00 -15,+10 deg",False,0.021399817102607615,1.447154938757832,nan
0.7,1.35,0.1,6,"demo_00 -15,+15 deg",False,0.11922074289209061,1.4351542410367297,1.69569873169541
0.7,1.35,0.1,7,"demo_00 -10,-15 deg",False,0.3134018000759985,1.7224261951650763,nan
0.7,1.35,0.1,8,"demo_00 -10,-10 deg",False,0.17940039681221492,2.3814485988942042,nan
0.7,1.35,0.1,9,"demo_00 -10,-5 deg",False,0.07785129221579265,2.098981359264873,nan
0.7,1.35,0.1,10,"demo_00 -10,+0 deg",False,0.022246430726257076,2.1277257974499477,nan
0.7,1.35,0.1,11,"demo_00 -10,+5 deg",False,0.0035592750990611965,1.8688919207765053,nan
0.7,1.35,0.1,12,"demo_00 -10,+10 deg",False,0.024735632837947854,1.102238199281412,nan
0.7,1.35,0.1,13,"demo_00 -10,+15 deg",False,0.08895766517275762,2.198878229970185,nan
0.7,1.35,0.1,14,"demo_00 -5,-15 deg",False,0.2501277356349674,1.7623537933228235,nan
0.7,1.35,0.1,15,"demo_00 -5,-10 deg",False,0.129514810671818,2.1146569506396062,nan
0.7,1.35,0.1,16,"demo_00 -5,-5 deg",False,0.04383359188269793,1.9146087951164277,nan
0.7,1.35,0.1,17,"demo_00 -5,+0 deg",False,0.004322840721351407,2.020772976129562,nan
0.7,1.35,0.1,18,"demo_00 -5,+5 deg",False,0.006304049147727197,1.0369620293527906,nan
0.7,1.35,0.1,19,"demo_00 -5,+10 deg",False,0.037421605580117236,1.9908271158460826,nan
0.7,1.35,0.1,20,"demo_00 -5,+15 deg",False,0.08331510880127604,1.3258148547469202,nan
0.7,1.35,0.1,21,"demo_00 +0,-15 deg",False,0.18979317144791202,1.7875791577184539,nan
0.7,1.35,0.1,22,"demo_00 +0,-10 deg",True,0.08551036774093024,0.0,0.005788093659641148
0.7,1.35,0.1,23,"demo_00 +0,-5 deg",True,0.019294418891196544,0.0,0.005787480450467132
0.7,1.35,0.1,24,demo_00,True,0.0002393621360419542,0.003870166819326058,0.005787500475083734
0.7,1.35,0.1,25,"demo_00 +0,+5 deg",False,0.02153912417770874,2.1545433557771174,nan
0.7,1.35,0.1,26,"demo_00 +0,+10 deg",False,0.06785287494725298,1.4612524442341925,nan
0.7,1.35,0.1,27,"demo_00 +0,+15 deg",False,0.11899104150986664,1.2903810343120807,nan
0.7,1.35,0.1,28,"demo_00 +5,-15 deg",True,0.13150863966689882,0.0,0.0057875026644057335
0.7,1.35,0.1,29,"demo_00 +5,-10 deg",True,0.04653849577880578,0.0,0.0057881130338608144
0.7,1.35,0.1,30,"demo_00 +5,-5 deg",True,0.002880124168544394,0.0,0.005787614078012557
0.7,1.35,0.1,31,"demo_00 +5,+0 deg",False,0.006946204084241726,0.8439909563156553,nan
0.7,1.35,0.1,32,"demo_00 +5,+5 deg",False,0.04835708010952139,1.9413267691243803,nan
0.7,1.35,0.1,33,"demo_00 +5,+10 deg",False,0.11130308020286447,1.4829342797804512,nan
0.7,1.35,0.1,34,"demo_00 +5,+15 deg",False,0.1768868980104641,1.4494352541305926,nan
0.7,1.35,0.1,35,"demo_00 +10,-15 deg",True,0.07741101870302189,0.0,0.005786217524171544
0.7,1.35,0.1,36,"demo_00 +10,-10 deg",True,0.015218464913150653,0.0,0.005788142837904578
0.7,1.35,0.1,37,"demo_00 +10,-5 deg",True,0.005241988297488954,0.0,0.005787256262447898
0.7,1.35,0.1,38,"demo_00 +10,+0 deg",False,0.025903859442991974,1.3932605885572056,nan
0.7,1.35,0.1,39,"demo_00 +10,+5 deg",False,0.0880507173630732,1.327282425019773,nan
0.7,1.35,0.1,40,"demo_00 +10,+10 deg",False,0.1658202610476513,0.9071931506466792,nan
0.7,1.35,0.1,41,"demo_00 +10,+15 deg",False,0.24365530295371846,0.810076637380754,nan
0.7,1.35,0.1,42,"demo_00 +15,-15 deg",True,0.03228818448603365,0.0,0.005790181264506912
0.7,1.35,0.1,43,"demo_00 +15,-10 deg",True,0.005511387003500041,0.0,0.005787724880679891
0.7,1.35,0.1,44,"demo_00 +15,-5 deg",False,0.008517271767250511,1.6607844302893058,nan
0.7,1.35,0.1,45,"demo_00 +15,+0 deg",False,0.062016619592218124,1.3427970698337877,nan
0.7,1.35,0.1,46,"demo_00 +15,+5 deg",False,0.14449145480357506,1.5854808127608357,nan
0.7,1.35,0.1,47,"demo_00 +15,+10 deg",False,0.2328518521741624,0.8676370154363786,nan
0.7,1.35,0.1,48,"demo_00 +15,+15 deg",False,0.3155176460689108,0.6543818202312326,nan
0.7,1.5,0.01,0,"demo_00 -15,-15 deg",True,0.015040366773130977,0.0,0.004914747767182597
0.7,1.5,0.01,1,"demo_00 -15,-10 deg",True,0.010241481531751192,0.0,0.004974185954161845
0.7,1.5,0.01,2,"demo_00 -15,-5 deg",True,0.0061225605852563555,0.0,0.005546607009509903
0.7,1.5,0.01,3,"demo_00 -15,+0 deg",True,0.0027116236874597903,0.0,0.00559945543292003
0.7,1.5,0.01,4,"demo_00 -15,+5 deg",True,0.00035045123346905344,1.8756052751540395,0.004976800947243394
0.7,1.5,0.01,5,"demo_00 -15,+10 deg",False,0.002239106029564024,1.091786807295495,0.004798659417005919
0.7,1.5,0.01,6,"demo_00 -15,+15 deg",True,0.0039443812836257785,1.6117421697164656,0.005598859071864258
0.7,1.5,0.01,7,"demo_00 -10,-15 deg",True,0.013566834225186572,0.0,0.004688232351616298
0.7,1.5,0.01,8,"demo_00 -10,-10 deg",True,0.00896316752179142,0.0,0.005314885430907123
0.7,1.5,0.01,9,"demo_00 -10,-5 deg",True,0.005025098481439831,0.0,0.005590256653414026
0.7,1.5,0.01,10,"demo_00 -10,+0 deg",True,0.0017710508799488201,0.0,0.005596834704921339
0.7,1.5,0.01,11,"demo_00 -10,+5 deg",False,0.0008355356479632136,1.5551757875277954,0.0044409540411809055
0.7,1.5,0.01,12,"demo_00 -10,+10 deg",True,0.00287819413863868,1.152324718619623,0.005601142563471106
0.7,1.5,0.01,13,"demo_00 -10,+15 deg",True,0.004537080736840991,2.431286919176296,0.0049755644906149185
0.7,1.5,0.01,14,"demo_00 -5,-15 deg",True,0.012009513666468472,0.0,0.004886195612450393
0.7,1.5,0.01,15,"demo_00 -5,-10 deg",True,0.007614818561612583,0.0,0.005518261448932078
0.7,1.5,0.01,16,"demo_00 -5,-5 deg",True,0.0038784728655468256,0.0,0.005597273355421242
0.7,1.5,0.01,17,"demo_00 -5,+0 deg",True,0.0008161280713432092,0.0,0.005598824903817446
0.7,1.5,0.01,18,"demo_00 -5,+5 deg",True,0.001612248346150061,1.1874440281002325,0.0055576020314095234
0.7,1.5,0.01,19,"demo_00 -5,+10 deg",True,0.003509990014810592,2.0006992765874205,0.005598323168199072
0.7,1.5,0.01,20,"demo_00 -5,+15 deg",False,0.005070567807061645,2.5029520071145672,nan
0.7,1.5,0.01,21,"demo_00 +0,-15 deg",True,0.010358099934946007,0.0,0.005148905502036301
0.7,1.5,0.01,22,"demo_00 +0,-10 deg",True,0.006183553859634217,0.0,0.005584449943007112
0.7,1.5,0.01,23,"demo_00 +0,-5 deg",True,0.002665688763741842,0.0,0.005597734264720178
0.7,1.5,0.01,24,demo_00,True,0.0001821309678698474,0.004207382530388246,0.005598003973280026
0.7,1.5,0.01,25,"demo_00 +0,+5 deg",True,0.0024018467194729977,1.2610499324560525,0.005597316152520902
0.7,1.5,0.01,26,"demo_00 +0,+10 deg",False,0.004113551926030823,2.5068268430096166,0.004495823857682685
0.7,1.5,0.01,27,"demo_00 +0,+15 deg",False,0.005531648294293295,2.4798683879863144,nan
0.7,1.5,0.01,28,"demo_00 +5,-15 deg",True,0.008603910841577645,0.0,0.005410270483924127
0.7,1.5,0.01,29,"demo_00 +5,-10 deg",True,0.004659538871214978,0.0,0.005595129308931622
0.7,1.5,0.01,30,"demo_00 +5,-5 deg",True,0.0013792282419226793,0.0,0.005600024720008039
0.7,1.5,0.01,31,"demo_00 +5,+0 deg",False,0.0012425718552507778,1.170764286426051,0.005051176677834902
0.7,1.5,0.01,32,"demo_00 +5,+5 deg",True,0.0032194689724748416,1.9595208295659723,0.005599169579954465
0.7,1.5,0.01,33,"demo_00 +5,+10 deg",False,0.0047017518129806755,2.52667618447287,nan
0.7,1.5,0.01,34,"demo_00 +5,+15 deg",False,0.005927775993799116,2.452188664306883,nan
0.7,1.5,0.01,35,"demo_00 +10,-15 deg",True,0.0067401445720060875,0.0,0.00556705074448571
0.7,1.5,0.01,36,"demo_00 +10,-10 deg",True,0.003038586674891014,0.0,0.005593772525209569
0.7,1.5,0.01,37,"demo_00 +10,-5 deg",True,0.00030150688020059416,0.0,0.005598124603826453
0.7,1.5,0.01,38,"demo_00 +10,+0 deg",True,0.0023876506991327194,1.163157821962188,0.005627774830384427
0.7,1.5,0.01,39,"demo_00 +10,+5 deg",True,0.004091688280542789,2.413040061335258,0.0049548776007492055
0.7,1.5,0.01,40,"demo_00 +10,+10 deg",False,0.005300192477570876,2.4795982591309493,nan
0.7,1.5,0.01,41,"demo_00 +10,+15 deg",False,0.006278497717862439,2.2550106853370373,nan
0.7,1.5,0.01,42,"demo_00 +15,-15 deg",True,0.00476225417788691,0.0,0.0055900160013627395
0.7,1.5,0.01,43,"demo_00 +15,-10 deg",True,0.0013440289556371074,0.0031988568200642976,0.005599641562597287
0.7,1.5,0.01,44,"demo_00 +15,-5 deg",True,0.0015828218347180003,0.0,0.0055971034579806135
0.7,1.5,0.01,45,"demo_00 +15,+0 deg",True,0.0036297129292072825,1.1480897569483415,0.005598855444642465
0.7,1.5,0.01,46,"demo_00 +15,+5 deg",False,0.005041801235791262,2.4672292676836247,nan
0.7,1.5,0.01,47,"demo_00 +15,+10 deg",False,0.005938121469717418,2.3831354101170295,nan
0.7,1.5,0.01,48,"demo_00 +15,+15 deg",False,0.006610955916717353,2.266710906442095,nan
0.7,1.5,0.02,0,"demo_00 -15,-15 deg",True,0.013132014021053432,0.0,0.005685347640094777
0.7,1.5,0.02,1,"demo_00 -15,-10 deg",True,0.007791463149419617,0.0,0.005780812649290573
0.7,1.5,0.02,2,"demo_00 -15,-5 deg",True,0.0037378225309997095,0.0,0.00579346348671264
0.7,1.5,0.02,3,"demo_00 -15,+0 deg",True,0.001059565050746651,0.0,0.005793403461684797
0.7,1.5,0.02,4,"demo_00 -15,+5 deg",False,0.0012371025041860472,2.499565304301462,nan
0.7,1.5,0.02,5,"demo_00 -15,+10 deg",False,0.0020256756219003717,2.4884628082011138,nan
0.7,1.5,0.02,6,"demo_00 -15,+15 deg",False,0.002158679735769281,2.4521159003698316,nan
0.7,1.5,0.02,7,"demo_00 -10,-15 deg",True,0.012044792809108027,0.0,0.005692667638507228
0.7,1.5,0.02,8,"demo_00 -10,-10 deg",True,0.007057289420835158,0.0,0.005782019934685216
0.7,1.5,0.02,9,"demo_00 -10,-5 deg",True,0.0032908647076458075,0.0,0.005794054137879363
0.7,1.5,0.02,10,"demo_00 -10,+0 deg",True,0.0006921398760559794,0.0,0.005794119586742799
0.7,1.5,0.02,11,"demo_00 -10,+5 deg",False,0.0010281582257371672,2.5691939748984236,nan
0.7,1.5,0.02,12,"demo_00 -10,+10 deg",False,0.001886019380231712,2.5393060685520097,nan
0.7,1.5,0.02,13,"demo_00 -10,+15 deg",False,0.0021294352709095095,2.4885884814080863,nan
0.7,1.5,0.02,14,"demo_00 -5,-15 deg",True,0.01094895135937093,0.0,0.00571172514853401
0.7,1.5,0.02,15,"demo_00 -5,-10 deg",True,0.006306269135863631,0.0,0.0057891765707321656
0.7,1.5,0.02,16,"demo_00 -5,-5 deg",True,0.0028184206373237713,0.0,0.005794260576758078
0.7,1.5,0.02,17,"demo_00 -5,+0 deg",True,0.0003700977959664979,0.0,0.005793441380687338
0.7,1.5,0.02,18,"demo_00 -5,+5 deg",False,0.0012833300269463888,2.6262238763942443,nan
0.7,1.5,0.02,19,"demo_00 -5,+10 deg",False,0.002398176125148569,2.5734539721570173,nan
0.7,1.5,0.02,20,"demo_00 -5,+15 deg",False,0.003181548168747014,2.4980268817484435,nan
0.7,1.5,0.02,21,"demo_00 +0,-15 deg",True,0.009763594786207743,0.0,0.005741379197494228
0.7,1.5,0.02,22,"demo_00 +0,-10 deg",True,0.005428243861829293,0.0,0.005792401502074562
0.7,1.5,0.02,23,"demo_00 +0,-5 deg",True,0.0021565854167709575,0.0,0.005794144965156575
0.7,1.5,0.02,24,demo_00,True,0.00022804120136325033,0.0046453961280881195,0.005795725578964056
0.7,1.5,0.02,25,"demo_00 +0,+5 deg",False,0.0020253325699235224,2.624710892537005,nan
0.7,1.5,0.02,26,"demo_00 +0,+10 deg",False,0.0035578366708027406,2.5616706595475884,nan
0.7,1.5,0.02,27,"demo_00 +0,+15 deg",False,0.005000229395214053,2.488249521072564,nan
0.7,1.5,0.02,28,"demo_00 +5,-15 deg",True,0.008422076992277325,0.0,0.005774848770256964
0.7,1.5,0.02,29,"demo_00 +5,-10 deg",True,0.004346185749950829,0.0,0.005790537356926928
0.7,1.5,0.02,30,"demo_00 +5,-5 deg",True,0.0012203053231794481,0.0,0.005795408241666133
0.7,1.5,0.02,31,"demo_00 +5,+0 deg",False,0.0012020430401326917,2.635683888349346,nan
0.7,1.5,0.02,32,"demo_00 +5,+5 deg",False,0.003249506815554708,2.5765083973121374,nan
0.7,1.5,0.02,33,"demo_00 +5,+10 deg",False,0.005260643901479867,2.534166459070942,nan
0.7,1.5,0.02,34,"demo_00 +5,+15 deg",False,0.007369762678169927,2.459577654360458,nan
0.7,1.5,0.02,35,"demo_00 +10,-15 deg",True,0.0068688524634195145,0.0,0.005775992482819985
0.7,1.5,0.02,36,"demo_00 +10,-10 deg",True,0.0030079490687678753,0.0,0.005796240882880011
0.7,1.5,0.02,37,"demo_00 +10,-5 deg",True,0.00021353718862582373,0.0,0.005795018754731309
0.7,1.5,0.02,38,"demo_00 +10,+0 deg",False,0.002575233964342353,2.5878434738324914,nan
0.7,1.5,0.02,39,"demo_00 +10,+5 deg",False,0.0049315841200038785,2.5361247076024873,nan
0.7,1.5,0.02,40,"demo_00 +10,+10 deg",False,0.007448257368092243,2.4660756391303282,nan
0.7,1.5,0.02,41,"demo_00 +10,+15 deg",False,0.010231186831315036,2.4174233716490736,nan
0.7,1.5,0.02,42,"demo_00 +15,-15 deg",True,0.005055252157598617,0.0,0.005790315722561909
0.7,1.5,0.02,43,"demo_00 +15,-10 deg",True,0.001385527443792669,0.002608459047793898,0.005791661187605673
0.7,1.5,0.02,44,"demo_00 +15,-5 deg",True,0.0016979410334876563,0.0,0.005795365913392631
0.7,1.5,0.02,45,"demo_00 +15,+0 deg",False,0.004352275479920549,2.5373301455850554,nan
0.7,1.5,0.02,46,"demo_00 +15,+5 deg",False,0.007056223491093763,2.4748346326319113,1.064487210825587
0.7,1.5,0.02,47,"demo_00 +15,+10 deg",False,0.010100482981072757,2.414700424145969,nan
0.7,1.5,0.02,48,"demo_00 +15,+15 deg",False,0.013576277699361797,2.3657547426375682,nan
0.7,1.5,0.03,0,"demo_00 -15,-15 deg",True,0.042719451790020124,0.0,0.0058247206581040515
0.7,1.5,0.03,1,"demo_00 -15,-10 deg",True,0.025897561122959694,0.0,0.005812925154510386
0.7,1.5,0.03,2,"demo_00 -15,-5 deg",True,0.01416783279153798,0.0,0.005813346039660085
0.7,1.5,0.03,3,"demo_00 -15,+0 deg",False,0.007870008270902635,2.487982939130877,nan
0.7,1.5,0.03,4,"demo_00 -15,+5 deg",False,0.005198646658809005,2.46269391191565,nan
0.7,1.5,0.03,5,"demo_00 -15,+10 deg",False,0.002906347272405713,2.430394164001064,nan
0.7,1.5,0.03,6,"demo_00 -15,+15 deg",True,0.009575330962400692,0.0,0.005813641137242129
0.7,1.5,0.03,7,"demo_00 -10,-15 deg",True,0.03425265867928189,0.0,0.005799468530168126
0.7,1.5,0.03,8,"demo_00 -10,-10 deg",True,0.019319565238883285,0.0,0.005802854082711332
0.7,1.5,0.03,9,"demo_00 -10,-5 deg",True,0.008920746969667104,0.0,0.0058103620829696185
0.7,1.5,0.03,10,"demo_00 -10,+0 deg",False,0.0033413336739696554,2.520676664202151,nan
0.7,1.5,0.03,11,"demo_00 -10,+5 deg",False,0.0018453792470084357,2.434388788549454,nan
0.7,1.5,0.03,12,"demo_00 -10,+10 deg",False,0.0026503444947691894,2.4658486591492896,nan
0.7,1.5,0.03,13,"demo_00 -10,+15 deg",True,0.010493266230234657,0.0,0.005813392623796533
0.7,1.5,0.03,14,"demo_00 -5,-15 deg",True,0.026916020372165044,0.0,0.005818575086606696
0.7,1.5,0.03,15,"demo_00 -5,-10 deg",True,0.01411442072814085,0.0,0.005804952592600922
0.7,1.5,0.03,16,"demo_00 -5,-5 deg",True,0.0054510616532834595,0.0,0.005812930286778613
0.7,1.5,0.03,17,"demo_00 -5,+0 deg",True,0.000857372562805461,0.0,0.00581414464970405
0.7,1.5,0.03,18,"demo_00 -5,+5 deg",False,0.0007508753263721365,2.6342606554921275,nan
0.7,1.5,0.03,19,"demo_00 -5,+10 deg",True,0.0024827907754311103,0.12141814369287243,0.005811844977389084
0.7,1.5,0.03,20,"demo_00 -5,+15 deg",False,0.009817931748827398,2.445550884258044,nan
0.7,1.5,0.03,21,"demo_00 +0,-15 deg",False,0.02052252629003092,0.0,0.005883504692619324
0.7,1.5,0.03,22,"demo_00 +0,-10 deg",True,0.00991685316186402,0.0,0.005813237742328749
0.7,1.5,0.03,23,"demo_00 +0,-5 deg",True,0.003133509797117883,0.0,0.005811804061687674
0.7,1.5,0.03,24,demo_00,True,0.0002758572199211375,0.004597293809763196,0.005812007938652001
0.7,1.5,0.03,25,"demo_00 +0,+5 deg",True,0.0009715723560435282,0.10459642103160159,0.005812547601952456
0.7,1.5,0.03,26,"demo_00 +0,+10 deg",False,0.001956774683668257,2.561407042467873,nan
0.7,1.5,0.03,27,"demo_00 +0,+15 deg",False,0.008098513712471514,2.4946621738694166,nan
0.7,1.5,0.03,28,"demo_00 +5,-15 deg",False,0.014912346270435355,0.0,0.005828950489596225
0.7,1.5,0.03,29,"demo_00 +5,-10 deg",True,0.006366460536187364,0.0,0.005808734372128161
0.7,1.5,0.03,30,"demo_00 +5,-5 deg",True,0.001153780540021515,0.0006738876274413608,0.0058135192520690415
0.7,1.5,0.03,31,"demo_00 +5,+0 deg",False,0.0017763775741528826,2.6461474964876666,nan
0.7,1.5,0.03,32,"demo_00 +5,+5 deg",False,0.003552792794413534,2.5837581396872094,nan
0.7,1.5,0.03,33,"demo_00 +5,+10 deg",False,0.004893735804140605,2.514558781025515,nan
0.7,1.5,0.03,34,"demo_00 +5,+15 deg",False,0.007631821116951916,2.467977433778191,0.35099830520165387
0.7,1.5,0.03,35,"demo_00 +10,-15 deg",False,0.009977928049642915,0.0,0.00582429756041083
0.7,1.5,0.03,36,"demo_00 +10,-10 deg",True,0.0031856842819661616,0.0,0.005811400337256853
0.7,1.5,0.03,37,"demo_00 +10,-5 deg",True,0.0012206582353983238,0.0,0.005814307416782124
0.7,1.5,0.03,38,"demo_00 +10,+0 deg",False,0.00454848196641704,2.5791917975016183,nan
0.7,1.5,0.03,39,"demo_00 +10,+5 deg",False,0.007814133745786293,2.526083313664657,nan
0.7,1.5,0.03,40,"demo_00 +10,+10 deg",False,0.010398306147784942,2.4715298384035513,nan
0.7,1.5,0.03,41,"demo_00 +10,+15 deg",False,0.011515787806514792,2.4171905667274984,nan
0.7,1.5,0.03,42,"demo_00 +15,-15 deg",True,0.005671682217596217,0.0,0.0058027247755411855
0.7,1.5,0.03,43,"demo_00 +15,-10 deg",True,0.00031294127101170143,0.0,0.00581223088101924
0.7,1.5,0.03,44,"demo_00 +15,-5 deg",True,0.004043245576646224,0.14006735708843393,0.0058125583382318165
0.7,1.5,0.03,45,"demo_00 +15,+0 deg",False,0.008508394288832643,2.529836678287309,nan
0.7,1.5,0.03,46,"demo_00 +15,+5 deg",False,0.013449525117134766,2.448942036011092,nan
0.7,1.5,0.03,47,"demo_00 +15,+10 deg",False,0.017532660319851377,2.4128638065929136,nan
0.7,1.5,0.03,48,"demo_00 +15,+15 deg",False,0.018902569026348646,2.343370273884891,nan
0.7,1.5,0.05,0,"demo_00 -15,-15 deg",False,0.24436838786625917,2.2596606292855848,nan
0.7,1.5,0.05,1,"demo_00 -15,-10 deg",False,0.14395993039922048,2.2510241987221913,nan
0.7,1.5,0.05,2,"demo_00 -15,-5 deg",False,0.07160171436822307,2.372414619544777,nan
0.7,1.5,0.05,3,"demo_00 -15,+0 deg",False,0.040074605717924046,2.330761041592673,nan
0.7,1.5,0.05,4,"demo_00 -15,+5 deg",False,0.029943841756042602,2.348670666312148,nan
0.7,1.5,0.05,5,"demo_00 -15,+10 deg",False,0.019845469201721446,2.454404905292314,nan
0.7,1.5,0.05,6,"demo_00 -15,+15 deg",False,0.06178451985349668,2.3000797638663433,nan
0.7,1.5,0.05,7,"demo_00 -10,-15 deg",False,0.20100389750754352,2.3031033858408847,nan
0.7,1.5,0.05,8,"demo_00 -10,-10 deg",False,0.1098486562965606,2.308649605540152,nan
0.7,1.5,0.05,9,"demo_00 -10,-5 deg",False,0.044833193161856806,2.4316407499389783,nan
0.7,1.5,0.05,10,"demo_00 -10,+0 deg",False,0.01675899280310385,2.474374823300619,nan
0.7,1.5,0.05,11,"demo_00 -10,+5 deg",False,0.00992879103980313,2.510247666016111,nan
0.7,1.5,0.05,12,"demo_00 -10,+10 deg",False,0.02586755488486596,2.38784859745659,nan
0.7,1.5,0.05,13,"demo_00 -10,+15 deg",False,0.08005867366864042,2.3553975497070105,nan
0.7,1.5,0.05,14,"demo_00 -5,-15 deg",False,0.15849991606712932,2.3514295445532465,nan
0.7,1.5,0.05,15,"demo_00 -5,-10 deg",False,0.07942240076711106,2.4274160937857547,nan
0.7,1.5,0.05,16,"demo_00 -5,-5 deg",True,0.025596004378407058,0.0,0.005718775653552498
0.7,1.5,0.05,17,"demo_00 -5,+0 deg",False,0.003566396381502355,2.5875210291159343,nan
0.7,1.5,0.05,18,"demo_00 -5,+5 deg",False,0.00693434512274841,2.569261255983751,nan
0.7,1.5,0.05,19,"demo_00 -5,+10 deg",False,0.03826817877425306,2.4708576675840006,nan
0.7,1.5,0.05,20,"demo_00 -5,+15 deg",False,0.09563416766564937,2.408322039674137,nan
0.7,1.5,0.05,21,"demo_00 +0,-15 deg",False,0.1176521597792592,2.358664956039375,nan
0.7,1.5,0.05,22,"demo_00 +0,-10 deg",False,0.0524296404943252,2.4571651267197177,0.8119684121558849
0.7,1.5,0.05,23,"demo_00 +0,-5 deg",True,0.0123488358603905,0.0,0.005719430909506588
0.7,1.5,0.05,24,demo_00,True,0.000328831608322503,0.004138797270496112,0.0057176822078198065
0.7,1.5,0.05,25,"demo_00 +0,+5 deg",False,0.014043752463056119,2.4730056678235295,nan
0.7,1.5,0.05,26,"demo_00 +0,+10 deg",False,0.04958547807137676,2.409997471162388,nan
0.7,1.5,0.05,27,"demo_00 +0,+15 deg",False,0.10904145777906504,2.3368000589993185,nan
0.7,1.5,0.05,28,"demo_00 +5,-15 deg",False,0.07973673370402726,2.4635089638338368,0.36633103341304496
0.7,1.5,0.05,29,"demo_00 +5,-10 deg",False,0.029077143237518324,0.0,0.024615003391732303
0.7,1.5,0.05,30,"demo_00 +5,-5 deg",True,0.0032549895738920335,0.001399083154298146,0.005717901702376854
0.7,1.5,0.05,31,"demo_00 +5,+0 deg",False,0.006163172136176465,2.6028282733609913,nan
0.7,1.5,0.05,32,"demo_00 +5,+5 deg",False,0.026241690142266492,2.4461069270724902,nan
0.7,1.5,0.05,33,"demo_00 +5,+10 deg",False,0.06322821492181643,2.3691327093734413,nan
0.7,1.5,0.05,34,"demo_00 +5,+15 deg",False,0.12260083036193539,2.3851930287561953,nan
0.7,1.5,0.05,35,"demo_00 +10,-15 deg",False,0.04639241829618818,0.018426574193497303,0.12102461378373867
0.7,1.5,0.05,36,"demo_00 +10,-10 deg",True,0.010173622524575009,0.0,0.005725001226148613
0.7,1.5,0.05,37,"demo_00 +10,-5 deg",True,0.007287094770318516,0.0,0.005717584902948293
0.7,1.5,0.05,38,"demo_00 +10,+0 deg",False,0.020386187248087485,2.5550573035779576,nan
0.7,1.5,0.05,39,"demo_00 +10,+5 deg",False,0.04724186196579395,2.38794340579209,nan
0.7,1.5,0.05,40,"demo_00 +10,+10 deg",False,0.08303926933651348,2.31924104580773,nan
0.7,1.5,0.05,41,"demo_00 +10,+15 deg",False,0.13860749227919242,2.3833215763310447,nan
0.7,1.5,0.05,42,"demo_00 +15,-15 deg",False,0.019523348194426967,0.0,0.007713057255610189
0.7,1.5,0.05,43,"demo_00 +15,-10 deg",True,0.005268033865332463,0.0,0.005718861967006155
0.7,1.5,0.05,44,"demo_00 +15,-5 deg",False,0.018215707240768743,2.491835024505674,nan
0.7,1.5,0.05,45,"demo_00 +15,+0 deg",False,0.04240641288852141,2.4457837151637745,nan
0.7,1.5,0.05,46,"demo_00 +15,+5 deg",False,0.0768996013698434,2.4101361634973784,nan
0.7,1.5,0.05,47,"demo_00 +15,+10 deg",False,0.11012506348627864,2.357884485602222,nan
0.7,1.5,0.05,48,"demo_00 +15,+15 deg",False,0.15814289529491551,2.2316370014399576,nan
0.7,1.5,0.1,0,"demo_00 -15,-15 deg",False,0.6095679253881079,1.0659440271642577,nan
0.7,1.5,0.1,1,"demo_00 -15,-10 deg",False,0.37278949939006456,1.2248884980597536,nan
0.7,1.5,0.1,2,"demo_00 -15,-5 deg",False,0.17812338890856372,1.9266954566018244,nan
0.7,1.5,0.1,3,"demo_00 -15,+0 deg",False,0.09929642621202071,1.2379876606251088,nan
0.7,1.5,0.1,4,"demo_00 -15,+5 deg",False,0.05696415212900492,1.230958514219014,nan
0.7,1.5,0.1,5,"demo_00 -15,+10 deg",False,0.03162756877626285,1.3187600566052697,nan
0.7,1.5,0.1,6,"demo_00 -15,+15 deg",False,0.15317461586618075,1.0130209310826224,nan
0.7,1.5,0.1,7,"demo_00 -10,-15 deg",False,0.5384491914438709,2.0657291195815533,nan
0.7,1.5,0.1,8,"demo_00 -10,-10 deg",False,0.2982130342408536,1.3540492071180217,nan
0.7,1.5,0.1,9,"demo_00 -10,-5 deg",False,0.10785448775117479,2.359001011325622,nan
0.7,1.5,0.1,10,"demo_00 -10,+0 deg",False,0.038143794176046006,1.3673023028758209,nan
0.7,1.5,0.1,11,"demo_00 -10,+5 deg",False,0.0019639557740135697,1.283760983764792,nan
0.7,1.5,0.1,12,"demo_00 -10,+10 deg",False,0.08175757662783982,2.0223777937921428,nan
0.7,1.5,0.1,13,"demo_00 -10,+15 deg",False,0.20396650318795603,1.7830189387995943,nan
0.7,1.5,0.1,14,"demo_00 -5,-15 deg",False,0.45550547751334103,2.301598875371231,nan
0.7,1.5,0.1,15,"demo_00 -5,-10 deg",False,0.2283726362005829,1.4511408223543978,nan
0.7,1.5,0.1,16,"demo_00 -5,-5 deg",False,0.06198557821763535,1.1555422541348355,nan
0.7,1.5,0.1,17,"demo_00 -5,+0 deg",False,0.005782563380127238,1.220786374966848,nan
0.7,1.5,0.1,18,"demo_00 -5,+5 deg",False,0.0265659566685523,1.1793037883445308,nan
0.7,1.5,0.1,19,"demo_00 -5,+10 deg",False,0.1223955645024,1.1150346857727496,nan
0.7,1.5,0.1,20,"demo_00 -5,+15 deg",False,0.2625172026134772,1.2517519936686639,nan
0.7,1.5,0.1,21,"demo_00 +0,-15 deg",False,0.3613907038008735,1.0210761406247961,nan
0.7,1.5,0.1,22,"demo_00 +0,-10 deg",False,0.161601870547587,2.000127902986257,nan
0.7,1.5,0.1,23,"demo_00 +0,-5 deg",False,0.03380787250469944,1.5608960225094788,nan
0.7,1.5,0.1,24,demo_00,True,9.472425043737771e-05,0.02085024333221052,0.006140831806606673
0.7,1.5,0.1,25,"demo_00 +0,+5 deg",False,0.03880838122716783,1.3024982506761078,nan
0.7,1.5,0.1,26,"demo_00 +0,+10 deg",False,0.16051770004903826,1.60889496892047,nan
0.7,1.5,0.1,27,"demo_00 +0,+15 deg",False,0.3389275758685324,1.0533327544341171,nan
0.7,1.5,0.1,28,"demo_00 +5,-15 deg",False,0.25931033729270836,1.094807674581319,nan
0.7,1.5,0.1,29,"demo_00 +5,-10 deg",False,0.0960532976293228,1.4062044436152834,nan
0.7,1.5,0.1,30,"demo_00 +5,-5 deg",True,0.008649129677217175,0.0057801627990662525,0.006944935393361132
0.7,1.5,0.1,31,"demo_00 +5,+0 deg",False,0.018252276500874253,2.465389583609682,nan
0.7,1.5,0.1,32,"demo_00 +5,+5 deg",False,0.06276080118849012,1.2953128053810754,nan
0.7,1.5,0.1,33,"demo_00 +5,+10 deg",False,0.23524701769574138,1.0837323297711705,nan
0.7,1.5,0.1,34,"demo_00 +5,+15 deg",False,0.4767754591673507,1.0473988077304475,nan
0.7,1.5,0.1,35,"demo_00 +10,-15 deg",False,0.15698636853668774,1.328304566270432,nan
0.7,1.5,0.1,36,"demo_00 +10,-10 deg",False,0.033277290651590664,1.4852292474243303,nan
0.7,1.5,0.1,37,"demo_00 +10,-5 deg",True,0.02830275218475027,1.3058411776638328,0.006194945911183398
0.7,1.5,0.1,38,"demo_00 +10,+0 deg",False,0.05066708815197723,1.1538557855166984,nan
0.7,1.5,0.1,39,"demo_00 +10,+5 deg",False,0.12284743431689472,1.08781477169755,nan
0.7,1.5,0.1,40,"demo_00 +10,+10 deg",False,0.4059953019341893,2.1133166975434636,nan
0.7,1.5,0.1,41,"demo_00 +10,+15 deg",False,0.7373186305336792,1.9860154569432844,nan
0.7,1.5,0.1,42,"demo_00 +15,-15 deg",False,0.06684023647091829,1.993529498635343,1.0763700719602687
0.7,1.5,0.1,43,"demo_00 +15,-10 deg",True,0.0213742375549232,0.0,0.0062452933366214
0.7,1.5,0.1,44,"demo_00 +15,-5 deg",False,0.06615584984216319,1.1078321873151757,nan
0.7,1.5,0.1,45,"demo_00 +15,+0 deg",False,0.0812827942411872,1.4101334335092317,nan
0.7,1.5,0.1,46,"demo_00 +15,+5 deg",False,0.26342382302165546,1.557751245625746,nan
0.7,1.5,0.1,47,"demo_00 +15,+10 deg",False,0.7420826260420178,0.792016076133391,nan
0.7,1.5,0.1,48,"demo_00 +15,+15 deg",False,1.1825830064677898,0.48681751523408273,nan
1.0,0.9,0.01,0,"demo_00 -15,-15 deg",True,0.011892608321505672,0.0,0.004606632755329479
1.0,0.9,0.01,1,"demo_00 -15,-10 deg",True,0.008715703713248025,0.0,0.005238396557526958
1.0,0.9,0.01,2,"demo_00 -15,-5 deg",True,0.005841669956560106,0.0,0.005541294108330395
1.0,0.9,0.01,3,"demo_00 -15,+0 deg",True,0.0033672436975348487,0.0,0.005555220899582037
1.0,0.9,0.01,4,"demo_00 -15,+5 deg",False,0.001794313775400984,2.3897587047339703,nan
1.0,0.9,0.01,5,"demo_00 -15,+10 deg",False,0.0024009959561018847,2.2187006621448018,nan
1.0,0.9,0.01,6,"demo_00 -15,+15 deg",False,0.003940027754109709,2.3317528545753294,nan
1.0,0.9,0.01,7,"demo_00 -10,-15 deg",True,0.010455628826156464,0.0,0.004606416548413012
1.0,0.9,0.01,8,"demo_00 -10,-10 deg",True,0.00738660092081252,0.0,0.005350964998549919
1.0,0.9,0.01,9,"demo_00 -10,-5 deg",True,0.00460421604692814,0.0,0.005547713653474709
1.0,0.9,0.01,10,"demo_00 -10,+0 deg",True,0.0021892302692924546,0.0,0.005554146874952369
1.0,0.9,0.01,11,"demo_00 -10,+5 deg",False,0.0010567266160344394,2.4512675719249892,nan
1.0,0.9,0.01,12,"demo_00 -10,+10 deg",False,0.0025170224805484134,2.430392187335932,nan
1.0,0.9,0.01,13,"demo_00 -10,+15 deg",False,0.00414459532114642,2.25689372775555,nan
1.0,0.9,0.01,14,"demo_00 -5,-15 deg",True,0.008964056575742695,0.0,0.0046666726736390276
1.0,0.9,0.01,15,"demo_00 -5,-10 deg",True,0.006012708996342883,0.0,0.005440452668606267
1.0,0.9,0.01,16,"demo_00 -5,-5 deg",True,0.0033346121078037055,0.0,0.005551347259119728
1.0,0.9,0.01,17,"demo_00 -5,+0 deg",True,0.000979321166509955,0.0,0.0055549264181843664
1.0,0.9,0.01,18,"demo_00 -5,+5 deg",False,0.0012652322628419284,2.429729106721741,nan
1.0,0.9,0.01,19,"demo_00 -5,+10 deg",False,0.0030625406882402767,2.3404609965525136,nan
1.0,0.9,0.01,20,"demo_00 -5,+15 deg",False,0.004604674342405065,2.3797462438608714,nan
1.0,0.9,0.01,21,"demo_00 +0,-15 deg",True,0.007417031746009197,0.0,0.0048192614961841875
1.0,0.9,0.01,22,"demo_00 +0,-10 deg",True,0.004596481452602288,0.0,0.0054993818681765986
1.0,0.9,0.01,23,"demo_00 +0,-5 deg",True,0.002049533005137014,0.0,0.005550140641515968
1.0,0.9,0.01,24,demo_00,True,0.00027771148945563557,0.006322047350630703,0.005556355218015239
1.0,0.9,0.01,25,"demo_00 +0,+5 deg",False,0.002200990877997227,2.505810160221856,nan
1.0,0.9,0.01,26,"demo_00 +0,+10 deg",False,0.0038738886745286736,2.4224469468196688,nan
1.0,0.9,0.01,27,"demo_00 +0,+15 deg",False,0.005258856907850604,2.3792447361296105,nan
1.0,0.9,0.01,28,"demo_00 +5,-15 deg",True,0.0058148241558405745,0.0,0.00505806662137051
1.0,0.9,0.01,29,"demo_00 +5,-10 deg",True,0.0031491172415309583,0.0,0.0055316383634675
1.0,0.9,0.01,30,"demo_00 +5,-5 deg",True,0.0008885265141952185,1.3761809118262996e-05,0.0055536239205979734
1.0,0.9,0.01,31,"demo_00 +5,+0 deg",True,0.0015550287040459446,0.0,0.005554120150991049
1.0,0.9,0.01,32,"demo_00 +5,+5 deg",False,0.003323839179720679,2.3186290734509334,nan
1.0,0.9,0.01,33,"demo_00 +5,+10 deg",False,0.004832712882783126,2.413059432774952,nan
1.0,0.9,0.01,34,"demo_00 +5,+15 deg",False,0.006050895041799095,2.2557904674100846,nan
1.0,0.9,0.01,35,"demo_00 +10,-15 deg",True,0.004161040203534802,0.0,0.005316157132008567
1.0,0.9,0.01,36,"demo_00 +10,-10 deg",True,0.0017290523096152501,0.0,0.0055468067466707405
1.0,0.9,0.01,37,"demo_00 +10,-5 deg",True,0.00112670152182016,0.0,0.0055560446729791
1.0,0.9,0.01,38,"demo_00 +10,+0 deg",True,0.002878386243258123,0.0,0.005556189449728704
1.0,0.9,0.01,39,"demo_00 +10,+5 deg",False,0.004521126410210087,2.346989553717322,nan
1.0,0.9,0.01,40,"demo_00 +10,+10 deg",False,0.005880903280845654,2.2924290890941017,nan
1.0,0.9,0.01,41,"demo_00 +10,+15 deg",False,0.00694095270505067,2.2343405109206023,nan
1.0,0.9,0.01,42,"demo_00 +15,-15 deg",True,0.0024743223705471595,0.0,0.005488280822388583
1.0,0.9,0.01,43,"demo_00 +15,-10 deg",True,0.000924209425686371,0.0,0.005555487892032532
1.0,0.9,0.01,44,"demo_00 +15,-5 deg",True,0.002461584363567619,0.0,0.005557504145148911
1.0,0.9,0.01,45,"demo_00 +15,+0 deg",False,0.004244217706257908,2.3583857062983227,nan
1.0,0.9,0.01,46,"demo_00 +15,+5 deg",False,0.005768914818076783,2.291816886812658,nan
1.0,0.9,0.01,47,"demo_00 +15,+10 deg",False,0.0069917085805585874,2.164326586327646,nan
1.0,0.9,0.01,48,"demo_00 +15,+15 deg",False,0.00790375282215647,2.239656165860785,nan
1.0,0.9,0.02,0,"demo_00 -15,-15 deg",True,0.012668710671695251,0.0,0.005585939365075495
1.0,0.9,0.02,1,"demo_00 -15,-10 deg",True,0.008722795941033916,0.0,0.005747602168865082
1.0,0.9,0.02,2,"demo_00 -15,-5 deg",True,0.0054532297858298035,0.0,0.005758131596303449
1.0,0.9,0.02,3,"demo_00 -15,+0 deg",True,0.0028484003369385557,0.0,0.005754578183159029
1.0,0.9,0.02,4,"demo_00 -15,+5 deg",False,0.0010989775575902148,1.5122904453848802,nan
1.0,0.9,0.02,5,"demo_00 -15,+10 deg",False,0.0015159311010285224,1.4970341191026402,nan
1.0,0.9,0.02,6,"demo_00 -15,+15 deg",False,0.002780135307159899,1.4656594553012272,nan
1.0,0.9,0.02,7,"demo_00 -10,-15 deg",True,0.011290006821079532,0.0,0.005658159051185845
1.0,0.9,0.02,8,"demo_00 -10,-10 deg",True,0.0075035304014791915,0.0,0.0057541625144358205
1.0,0.9,0.02,9,"demo_00 -10,-5 deg",True,0.004381478691247063,0.0,0.005754943556887998
1.0,0.9,0.02,10,"demo_00 -10,+0 deg",True,0.0019099170309276855,0.0,0.005757011388439494
1.0,0.9,0.02,11,"demo_00 -10,+5 deg",False,0.0006620563370072913,1.5785553988097305,nan
1.0,0.9,0.02,12,"demo_00 -10,+10 deg",False,0.0018967468701059824,1.5440445096314748,nan
1.0,0.9,0.02,13,"demo_00 -10,+15 deg",False,0.0031919026358435197,1.4994524372638158,nan
1.0,0.9,0.02,14,"demo_00 -5,-15 deg",True,0.009798891723033715,0.0,0.00570342949868846
1.0,0.9,0.02,15,"demo_00 -5,-10 deg",True,0.006183525507183845,0.0,0.005753740968370182
1.0,0.9,0.02,16,"demo_00 -5,-5 deg",True,0.003220701475887067,0.0,0.00575770963370853
1.0,0.9,0.02,17,"demo_00 -5,+0 deg",True,0.0008834180850960338,0.0,0.005753846760508728
1.0,0.9,0.02,18,"demo_00 -5,+5 deg",False,0.0010254778904093872,1.6373214325702659,nan
1.0,0.9,0.02,19,"demo_00 -5,+10 deg",False,0.0024468129553721304,1.5798942151087896,nan
1.0,0.9,0.02,20,"demo_00 -5,+15 deg",False,0.0036589427728870483,1.5148063046874127,nan
1.0,0.9,0.02,21,"demo_00 +0,-15 deg",True,0.008193101117500465,0.0,0.005730032794182127
1.0,0.9,0.02,22,"demo_00 +0,-10 deg",True,0.004764093624812946,0.0,0.005757664566686515
1.0,0.9,0.02,23,"demo_00 +0,-5 deg",True,0.001984035657813996,0.0,0.005756864991254688
1.0,0.9,0.02,24,demo_00,True,0.0002473212605163668,0.005755862570755475,0.005754556249805502
1.0,0.9,0.02,25,"demo_00 +0,+5 deg",False,0.0018675538899422671,1.6383672231818025,nan
1.0,0.9,0.02,26,"demo_00 +0,+10 deg",False,0.0031312678580238044,1.5688444926000353,nan
1.0,0.9,0.02,27,"demo_00 +0,+15 deg",False,0.004191752224919772,1.5045486097537744,nan
1.0,0.9,0.02,28,"demo_00 +5,-15 deg",True,0.00647162634007493,0.0,0.005742284376107471
1.0,0.9,0.02,29,"demo_00 +5,-10 deg",True,0.0032556561038965754,0.0,0.005757104232717303
1.0,0.9,0.02,30,"demo_00 +5,-5 deg",True,0.0008048471630217099,0.0,0.005757603181722624
1.0,0.9,0.02,31,"demo_00 +5,+0 deg",True,0.001454149716091858,0.0,0.005754970846623098
1.0,0.9,0.02,32,"demo_00 +5,+5 deg",False,0.0028724848550956885,1.580935965088419,nan
1.0,0.9,0.02,33,"demo_00 +5,+10 deg",False,0.003930277401407267,1.5310790097072298,nan
1.0,0.9,0.02,34,"demo_00 +5,+15 deg",False,0.004799086682146745,1.4707435998242833,nan
1.0,0.9,0.02,35,"demo_00 +10,-15 deg",True,0.004637326190281544,0.0,0.005748611849823563
1.0,0.9,0.02,36,"demo_00 +10,-10 deg",True,0.0017228551194108878,0.0,0.0057577575752253505
1.0,0.9,0.02,37,"demo_00 +10,-5 deg",True,0.001165984129424589,0.0,0.005755117499084115
1.0,0.9,0.02,38,"demo_00 +10,+0 deg",False,0.002764667496640007,1.5900335160690617,nan
1.0,0.9,0.02,39,"demo_00 +10,+5 deg",False,0.003989131346015273,1.5350571596924165,nan
1.0,0.9,0.02,40,"demo_00 +10,+10 deg",False,0.0048340089536654165,1.4725298690741577,nan
1.0,0.9,0.02,41,"demo_00 +10,+15 deg",False,0.005487806925832997,1.4268619104328222,nan
1.0,0.9,0.02,42,"demo_00 +15,-15 deg",True,0.0027115978974649488,0.0,0.005751947015492308
1.0,0.9,0.02,43,"demo_00 +15,-10 deg",True,0.0009708399483176744,0.0,0.005755210233455136
1.0,0.9,0.02,44,"demo_00 +15,-5 deg",True,0.002649728412972948,0.0,0.005754481080164615
1.0,0.9,0.02,45,"demo_00 +15,+0 deg",False,0.004175205978630451,1.5399016422374299,nan
1.0,0.9,0.02,46,"demo_00 +15,+5 deg",False,0.005207182299271837,1.4785231467401616,nan
1.0,0.9,0.02,47,"demo_00 +15,+10 deg",False,0.005837882918630931,1.4312090871511862,nan
1.0,0.9,0.02,48,"demo_00 +15,+15 deg",False,0.006263046499235532,1.368959546786931,nan
1.0,0.9,0.03,0,"demo_00 -15,-15 deg",True,0.016210889925870723,0.0,0.005907522766916817
1.0,0.9,0.03,1,"demo_00 -15,-10 deg",True,0.010752708305143504,0.0,0.005909023104053059
1.0,0.9,0.03,2,"demo_00 -15,-5 deg",True,0.0064435091737017735,0.0,0.005911533734092799
1.0,0.9,0.03,3,"demo_00 -15,+0 deg",True,0.0032451810763102673,0.0,0.005909754189382893
1.0,0.9,0.03,4,"demo_00 -15,+5 deg",False,0.0011009285524945095,1.444175478664518,nan
1.0,0.9,0.03,5,"demo_00 -15,+10 deg",False,0.0005964928861986058,1.404457296934798,nan
1.0,0.9,0.03,6,"demo_00 -15,+15 deg",False,0.0014793101555111874,1.3872218589994965,nan
1.0,0.9,0.03,7,"demo_00 -10,-15 deg",True,0.013979902760895589,0.0,0.005907504853650849
1.0,0.9,0.03,8,"demo_00 -10,-10 deg",True,0.008888708701219142,0.0,0.005908227250283225
1.0,0.9,0.03,9,"demo_00 -10,-5 deg",True,0.004934064939662997,0.0,0.0059111310940256
1.0,0.9,0.03,10,"demo_00 -10,+0 deg",True,0.0020676052633468865,0.0,0.005909262117675679
1.0,0.9,0.03,11,"demo_00 -10,+5 deg",False,0.0003806612561634151,1.4961856992694371,nan
1.0,0.9,0.03,12,"demo_00 -10,+10 deg",False,0.0012455318483713335,1.4457026432549656,nan
1.0,0.9,0.03,13,"demo_00 -10,+15 deg",False,0.0023520563536380307,1.4298816386795492,nan
1.0,0.9,0.03,14,"demo_00 -5,-15 deg",True,0.01175438902750203,0.0,0.005907133338281011
1.0,0.9,0.03,15,"demo_00 -5,-10 deg",True,0.007044300760069342,0.0,0.005910702022040342
1.0,0.9,0.03,16,"demo_00 -5,-5 deg",True,0.0034529920252115054,0.0,0.005910294226187991
1.0,0.9,0.03,17,"demo_00 -5,+0 deg",True,0.000912622214708493,0.0,0.0059099901997234925
1.0,0.9,0.03,18,"demo_00 -5,+5 deg",False,0.0008030513701866622,1.547037835229199,nan
1.0,0.9,0.03,19,"demo_00 -5,+10 deg",False,0.0019793452760813205,1.5105293696432873,nan
1.0,0.9,0.03,20,"demo_00 -5,+15 deg",False,0.0032652086040682905,1.4051044962082453,nan
1.0,0.9,0.03,21,"demo_00 +0,-15 deg",True,0.009530528948263917,0.0,0.005906379907220086
1.0,0.9,0.03,22,"demo_00 +0,-10 deg",True,0.005218939516450271,0.0,0.005907920497504418
1.0,0.9,0.03,23,"demo_00 +0,-5 deg",True,0.0020090175102207833,0.0,0.005909538449471136
1.0,0.9,0.03,24,demo_00,True,0.00023950732040778954,0.005573905281382263,0.005910014325214899
1.0,0.9,0.03,25,"demo_00 +0,+5 deg",False,0.0016368798334854835,1.5406325168923052,nan
1.0,0.9,0.03,26,"demo_00 +0,+10 deg",False,0.0027500061146777444,1.5009834792271604,nan
1.0,0.9,0.03,27,"demo_00 +0,+15 deg",False,0.0042223371229242876,1.4282632110901152,nan
1.0,0.9,0.03,28,"demo_00 +5,-15 deg",True,0.007305822889704882,0.0,0.005909379827459517
1.0,0.9,0.03,29,"demo_00 +5,-10 deg",True,0.0034210753933710445,0.0,0.00590836491600387
1.0,0.9,0.03,30,"demo_00 +5,-5 deg",True,0.0007265053303714819,0.0,0.005909524246417652
1.0,0.9,0.03,31,"demo_00 +5,+0 deg",False,0.001362009991219634,1.5770197033800766,nan
1.0,0.9,0.03,32,"demo_00 +5,+5 deg",False,0.002503114362200388,1.4937562858114455,nan
1.0,0.9,0.03,33,"demo_00 +5,+10 deg",False,0.003555219128249323,1.4458053138032736,nan
1.0,0.9,0.03,34,"demo_00 +5,+15 deg",False,0.005227468488985093,1.3755076216064237,nan
1.0,0.9,0.03,35,"demo_00 +10,-15 deg",True,0.005081932008071889,0.0,0.005907552460851431
1.0,0.9,0.03,36,"demo_00 +10,-10 deg",True,0.0017155266918896695,0.0,0.005907771930912365
1.0,0.9,0.03,37,"demo_00 +10,-5 deg",True,0.001142204552467384,0.0,0.005911184265815904
1.0,0.9,0.03,38,"demo_00 +10,+0 deg",False,0.0024877945852492477,1.5195807333319375,nan
1.0,0.9,0.03,39,"demo_00 +10,+5 deg",False,0.0033872418985295065,1.4670821243513903,nan
1.0,0.9,0.03,40,"demo_00 +10,+10 deg",False,0.0043991927945287055,1.4065194443727274,nan
1.0,0.9,0.03,41,"demo_00 +10,+15 deg",False,0.006284730107803868,1.2990090088574855,nan
1.0,0.9,0.03,42,"demo_00 +15,-15 deg",True,0.0028808342948549977,0.0,0.005909194352570384
1.0,0.9,0.03,43,"demo_00 +15,-10 deg",True,0.0009751571852354285,0.0,0.005910386840504542
1.0,0.9,0.03,44,"demo_00 +15,-5 deg",True,0.0025176428455873615,0.0,0.005911635985094462
1.0,0.9,0.03,45,"demo_00 +15,+0 deg",False,0.00361696514218356,1.4624828620346233,nan
1.0,0.9,0.03,46,"demo_00 +15,+5 deg",False,0.004292906240721947,1.3866116448602293,nan
1.0,0.9,0.03,47,"demo_00 +15,+10 deg",False,0.005287731269198507,1.3264601461132823,nan
1.0,0.9,0.03,48,"demo_00 +15,+15 deg",False,0.007398272031817266,1.2704805108331536,nan
1.0,0.9,0.05,0,"demo_00 -15,-15 deg",True,0.04286861904848175,0.0,0.005924552297039806
1.0,0.9,0.05,1,"demo_00 -15,-10 deg",True,0.027530463518521186,0.0,0.005923532345549401
1.0,0.9,0.05,2,"demo_00 -15,-5 deg",True,0.015401782218827629,0.0,0.005924374693567365
1.0,0.9,0.05,3,"demo_00 -15,+0 deg",False,0.006637166791163131,1.9175725731805073,nan
1.0,0.9,0.05,4,"demo_00 -15,+5 deg",False,0.001315769989436616,1.7458235849232706,nan
1.0,0.9,0.05,5,"demo_00 -15,+10 deg",False,0.0008713579271110084,1.5495752591553364,nan
1.0,0.9,0.05,6,"demo_00 -15,+15 deg",False,0.001747142242497402,1.5772800915336607,nan
1.0,0.9,0.05,7,"demo_00 -10,-15 deg",True,0.03399576734370061,0.0,0.005921508909894592
1.0,0.9,0.05,8,"demo_00 -10,-10 deg",True,0.020468496925806413,0.0,0.005924822888563034
1.0,0.9,0.05,9,"demo_00 -10,-5 deg",True,0.0102292625073485,0.0,0.0059249387931627874
1.0,0.9,0.05,10,"demo_00 -10,+0 deg",True,0.003422364852641241,0.0,0.005923036000138257
1.0,0.9,0.05,11,"demo_00 -10,+5 deg",False,0.0002678776122324407,1.9857493091733616,nan
1.0,0.9,0.05,12,"demo_00 -10,+10 deg",False,0.0013365387056537815,1.8297736581337878,nan
1.0,0.9,0.05,13,"demo_00 -10,+15 deg",False,0.0048773875492463745,1.7812598999775255,nan
1.0,0.9,0.05,14,"demo_00 -5,-15 deg",True,0.025964520679323897,0.0,0.005922856995355966
1.0,0.9,0.05,15,"demo_00 -5,-10 deg",True,0.014307966582220721,0.0,0.005924449582078282
1.0,0.9,0.05,16,"demo_00 -5,-5 deg",True,0.006004490548588189,0.0,0.005923950593419734
1.0,0.9,0.05,17,"demo_00 -5,+0 deg",True,0.0011541513529869677,0.0,0.0059227177879083714
1.0,0.9,0.05,18,"demo_00 -5,+5 deg",False,0.0007819497771527336,1.9620364822961538,nan
1.0,0.9,0.05,19,"demo_00 -5,+10 deg",False,0.003284298287346897,1.8462145805341779,nan
1.0,0.9,0.05,20,"demo_00 -5,+15 deg",False,0.009303399217972925,2.205431419365021,nan
1.0,0.9,0.05,21,"demo_00 +0,-15 deg",True,0.018839835338899043,0.0,0.005923416399286188
1.0,0.9,0.05,22,"demo_00 +0,-10 deg",True,0.009111448542128201,0.0,0.0059240784037932585
1.0,0.9,0.05,23,"demo_00 +0,-5 deg",True,0.002785699881025892,0.0,0.0059236286615596745
1.0,0.9,0.05,24,demo_00,True,0.00023273649873941767,0.005648534367714126,0.005923273632589256
1.0,0.9,0.05,25,"demo_00 +0,+5 deg",False,0.0018406034924018809,1.7673933802260064,nan
1.0,0.9,0.05,26,"demo_00 +0,+10 deg",False,0.006502083947096458,2.093879549902522,nan
1.0,0.9,0.05,27,"demo_00 +0,+15 deg",False,0.014876921984606446,2.438224181714364,nan
1.0,0.9,0.05,28,"demo_00 +5,-15 deg",True,0.012686262324352425,0.0,0.00592313649141044
1.0,0.9,0.05,29,"demo_00 +5,-10 deg",True,0.004947489497831683,0.0,0.005921993690673638
1.0,0.9,0.05,30,"demo_00 +5,-5 deg",True,0.0007488484540752848,0.0,0.005924335080108554
1.0,0.9,0.05,31,"demo_00 +5,+0 deg",False,0.0010225456807269565,1.9654527580832843,nan
1.0,0.9,0.05,32,"demo_00 +5,+5 deg",False,0.003960626683319875,2.0400150646397446,nan
1.0,0.9,0.05,33,"demo_00 +5,+10 deg",False,0.010902005942923353,2.489471779539154,nan
1.0,0.9,0.05,34,"demo_00 +5,+15 deg",False,0.021598283592294834,2.0730667302417314,nan
1.0,0.9,0.05,35,"demo_00 +10,-15 deg",True,0.007568034080957585,0.0,0.005923604179014263
1.0,0.9,0.05,36,"demo_00 +10,-10 deg",True,0.0019427366480201669,0.0,0.005923375448314989
1.0,0.9,0.05,37,"demo_00 +10,-5 deg",True,0.0009937470288367875,0.0,0.005924770355572784
1.0,0.9,0.05,38,"demo_00 +10,+0 deg",False,0.002146250277234065,1.9242082063935568,nan
1.0,0.9,0.05,39,"demo_00 +10,+5 deg",False,0.007278275434832988,2.508670490374891,nan
1.0,0.9,0.05,40,"demo_00 +10,+10 deg",False,0.01648875174247709,2.421518132071032,nan
1.0,0.9,0.05,41,"demo_00 +10,+15 deg",False,0.02948266998650046,2.1414179689620934,nan
1.0,0.9,0.05,42,"demo_00 +15,-15 deg",True,0.0035618986618498865,0.0,0.00592310608323086
1.0,0.9,0.05,43,"demo_00 +15,-10 deg",True,0.001013621022993115,0.0,0.005922737211993941
1.0,0.9,0.05,44,"demo_00 +15,-5 deg",True,0.0016082611924959284,0.0,0.005923612179784805
1.0,0.9,0.05,45,"demo_00 +15,+0 deg",False,0.004392448461009493,2.368355301250917,nan
1.0,0.9,0.05,46,"demo_00 +15,+5 deg",False,0.011822996513535794,1.899224351178405,nan
1.0,0.9,0.05,47,"demo_00 +15,+10 deg",False,0.02328247490343467,2.1616350938910673,nan
1.0,0.9,0.05,48,"demo_00 +15,+15 deg",False,0.038545768140899855,1.7752425335325173,nan
1.0,0.9,0.1,0,"demo_00 -15,-15 deg",False,0.20326327740569725,1.3957346934688069,nan
1.0,0.9,0.1,1,"demo_00 -15,-10 deg",False,0.12308813417692324,1.6604693119261085,nan
1.0,0.9,0.1,2,"demo_00 -15,-5 deg",False,0.05926278341385343,1.4887921978773697,nan
1.0,0.9,0.1,3,"demo_00 -15,+0 deg",False,0.016522989922619052,1.8825448195078205,nan
1.0,0.9,0.1,4,"demo_00 -15,+5 deg",False,0.0048635822561188475,1.547648754196406,nan
1.0,0.9,0.1,5,"demo_00 -15,+10 deg",True,0.004647428738532436,0.0,0.005988090931672631
1.0,0.9,0.1,6,"demo_00 -15,+15 deg",False,0.03206732253749107,1.9769747653922245,nan
1.0,0.9,0.1,7,"demo_00 -10,-15 deg",True,0.16761587772054373,0.0,0.005986940569440123
1.0,0.9,0.1,8,"demo_00 -10,-10 deg",True,0.09577891321653315,0.0,0.0059857468324209994
1.0,0.9,0.1,9,"demo_00 -10,-5 deg",False,0.04108525349958597,1.5668252332941819,nan
1.0,0.9,0.1,10,"demo_00 -10,+0 deg",False,0.007867446219285994,1.6096587156999156,nan
1.0,0.9,0.1,11,"demo_00 -10,+5 deg",False,0.0017858123080076458,1.6175376190142876,nan
1.0,0.9,0.1,12,"demo_00 -10,+10 deg",False,0.014457731096737116,1.6380078678981054,nan
1.0,0.9,0.1,13,"demo_00 -10,+15 deg",False,0.05334396167603259,1.5783616079497773,nan
1.0,0.9,0.1,14,"demo_00 -5,-15 deg",True,0.13115562947049172,0.0,0.005986513060563197
1.0,0.9,0.1,15,"demo_00 -5,-10 deg",True,0.06885962432439531,0.0,0.005986281928036864
1.0,0.9,0.1,16,"demo_00 -5,-5 deg",True,0.024482798953565282,0.0,0.005986611722039145
1.0,0.9,0.1,17,"demo_00 -5,+0 deg",False,0.002018954628183329,1.689514583728037,nan
1.0,0.9,0.1,18,"demo_00 -5,+5 deg",False,0.0038701746136851297,2.2704234441134794,nan
1.0,0.9,0.1,19,"demo_00 -5,+10 deg",False,0.030337340799802538,1.8892233857734928,nan
1.0,0.9,0.1,20,"demo_00 -5,+15 deg",False,0.07944618672115884,1.5560473838057933,nan
1.0,0.9,0.1,21,"demo_00 +0,-15 deg",True,0.09557147425934354,0.0,0.005984834064930577
1.0,0.9,0.1,22,"demo_00 +0,-10 deg",True,0.043858832275219556,0.0,0.005984645513491605
1.0,0.9,0.1,23,"demo_00 +0,-5 deg",True,0.010739235953078793,0.0,0.005986068487782817
1.0,0.9,0.1,24,demo_00,True,0.00019539033980254495,0.0039213462769809365,0.0059851071098909895
1.0,0.9,0.1,25,"demo_00 +0,+5 deg",False,0.013300916510130309,1.775537478959031,nan
1.0,0.9,0.1,26,"demo_00 +0,+10 deg",False,0.05091543350700238,1.701126212916268,nan
1.0,0.9,0.1,27,"demo_00 +0,+15 deg",False,0.110337915286924,1.5435452357612927,nan
1.0,0.9,0.1,28,"demo_00 +5,-15 deg",True,0.0627230179385141,0.0,0.005987089619200895
1.0,0.9,0.1,29,"demo_00 +5,-10 deg",True,0.0224481887238336,0.0,0.005986042517884711
1.0,0.9,0.1,30,"demo_00 +5,-5 deg",True,0.0014167759350786388,0.0,0.005988230703530099
1.0,0.9,0.1,31,"demo_00 +5,+0 deg",False,0.002704263098983166,2.1057805834153744,nan
1.0,0.9,0.1,32,"demo_00 +5,+5 deg",False,0.027788280104396296,1.8536850411742152,nan
1.0,0.9,0.1,33,"demo_00 +5,+10 deg",False,0.07654919827411558,1.608269715090712,nan
1.0,0.9,0.1,34,"demo_00 +5,+15 deg",False,0.14602353760268028,2.038071749923662,nan
1.0,0.9,0.1,35,"demo_00 +10,-15 deg",True,0.0345722247643034,0.0,0.005988326516702221
1.0,0.9,0.1,36,"demo_00 +10,-10 deg",True,0.006433787428054118,0.0,0.005986181873422547
1.0,0.9,0.1,37,"demo_00 +10,-5 deg",True,0.0030033063034960077,0.0,0.005985071616089681
1.0,0.9,0.1,38,"demo_00 +10,+0 deg",False,0.01124091175527015,2.512954521469778,nan
1.0,0.9,0.1,39,"demo_00 +10,+5 deg",False,0.048050250283282685,1.9292858534334043,nan
1.0,0.9,0.1,40,"demo_00 +10,+10 deg",False,0.10755626476161645,1.5506537484053964,nan
1.0,0.9,0.1,41,"demo_00 +10,+15 deg",False,0.18640567168969935,1.7013207173322846,nan
1.0,0.9,0.1,42,"demo_00 +15,-15 deg",True,0.013114446937470135,0.0,0.00598659301341613
1.0,0.9,0.1,43,"demo_00 +15,-10 deg",True,0.0032079064516221177,0.0,0.005988468793728246
1.0,0.9,0.1,44,"demo_00 +15,-5 deg",False,0.0029673288515185306,1.6839779048767531,nan
1.0,0.9,0.1,45,"demo_00 +15,+0 deg",False,0.026644871588117246,1.6489123435367747,nan
1.0,0.9,0.1,46,"demo_00 +15,+5 deg",False,0.07467727578082,1.7033237632864757,nan
1.0,0.9,0.1,47,"demo_00 +15,+10 deg",False,0.14411584878294592,1.4967479363305356,nan
1.0,0.9,0.1,48,"demo_00 +15,+15 deg",False,0.2312547254288216,2.350139540433569,nan
1.0,1.05,0.01,0,"demo_00 -15,-15 deg",True,0.012660960257006033,0.0,0.005052820906181228
1.0,1.05,0.01,1,"demo_00 -15,-10 deg",True,0.009170778590445629,0.0,0.005550883825230889
1.0,1.05,0.01,2,"demo_00 -15,-5 deg",True,0.006070931265820675,0.0,0.005578474916942894
1.0,1.05,0.01,3,"demo_00 -15,+0 deg",False,0.0034387015972401733,2.363958460681683,nan
1.0,1.05,0.01,4,"demo_00 -15,+5 deg",False,0.0017324067346742337,2.2831168025150506,nan
1.0,1.05,0.01,5,"demo_00 -15,+10 deg",False,0.002307284259206118,2.3798834321657014,nan
1.0,1.05,0.01,6,"demo_00 -15,+15 deg",False,0.0038548500739765145,2.261383835655825,nan
1.0,1.05,0.01,7,"demo_00 -10,-15 deg",True,0.0110966398548912,0.0,0.005158281068075791
1.0,1.05,0.01,8,"demo_00 -10,-10 deg",True,0.007746908785798245,0.0,0.005559394485692453
1.0,1.05,0.01,9,"demo_00 -10,-5 deg",True,0.00477279194339722,0.0,0.005583880213216934
1.0,1.05,0.01,10,"demo_00 -10,+0 deg",True,0.002238200064426631,0.0,0.005582930065032977
1.0,1.05,0.01,11,"demo_00 -10,+5 deg",False,0.0010108546947384242,2.4320085652770844,nan
1.0,1.05,0.01,12,"demo_00 -10,+10 deg",False,0.00246662634261674,2.3840189678042063,nan
1.0,1.05,0.01,13,"demo_00 -10,+15 deg",False,0.0040737555576537,2.377355544999795,nan
1.0,1.05,0.01,14,"demo_00 -5,-15 deg",True,0.009479446138613857,0.0,0.005270934109613486
1.0,1.05,0.01,15,"demo_00 -5,-10 deg",True,0.0062786873657772425,0.0,0.005568984452928262
1.0,1.05,0.01,16,"demo_00 -5,-5 deg",True,0.0034408969287003078,0.0,0.005584224030117102
1.0,1.05,0.01,17,"demo_00 -5,+0 deg",True,0.0010026520306359852,0.0,0.005584457003410989
1.0,1.05,0.01,18,"demo_00 -5,+5 deg",False,0.0012487547644401235,2.52402840510701,nan
1.0,1.05,0.01,19,"demo_00 -5,+10 deg",False,0.0030164831913389776,2.4356428533559837,nan
1.0,1.05,0.01,20,"demo_00 -5,+15 deg",False,0.004511441201427776,2.383631017344834,nan
1.0,1.05,0.01,21,"demo_00 +0,-15 deg",True,0.0078096225882005,0.0,0.0053819343034417245
1.0,1.05,0.01,22,"demo_00 +0,-10 deg",True,0.004769705319723645,0.0,0.005573660662009224
1.0,1.05,0.01,23,"demo_00 +0,-5 deg",True,0.002092440913998436,0.0,0.005584161619104592
1.0,1.05,0.01,24,demo_00,True,0.0002800839344061478,0.00612641227654222,0.005584784725533199
1.0,1.05,0.01,25,"demo_00 +0,+5 deg",False,0.0021941104603979424,2.434442050317739,nan
1.0,1.05,0.01,26,"demo_00 +0,+10 deg",False,0.00380932665368011,2.449991965197003,nan
1.0,1.05,0.01,27,"demo_00 +0,+15 deg",False,0.005121167309857723,2.2865700825186606,nan
1.0,1.05,0.01,28,"demo_00 +5,-15 deg",True,0.006088489786821442,0.0,0.0054749937565712736
1.0,1.05,0.01,29,"demo_00 +5,-10 deg",True,0.0032322499098773366,0.0,0.005578240507831969
1.0,1.05,0.01,30,"demo_00 +5,-5 deg",True,0.0008700019635388645,0.0,0.005583060656643083
1.0,1.05,0.01,31,"demo_00 +5,+0 deg",True,0.0015851976850896276,0.0,0.00558188269251232
1.0,1.05,0.01,32,"demo_00 +5,+5 deg",False,0.003316767695900711,2.475174421027562,nan
1.0,1.05,0.01,33,"demo_00 +5,+10 deg",False,0.004740724142700151,2.3260851036407213,nan
1.0,1.05,0.01,34,"demo_00 +5,+15 deg",False,0.005858220492662796,2.3237520077059295,nan
1.0,1.05,0.01,35,"demo_00 +10,-15 deg",True,0.004320699314739872,0.0,0.005536285203089118
1.0,1.05,0.01,36,"demo_00 +10,-10 deg",True,0.0017279540012716873,0.0,0.0055825837680424815
1.0,1.05,0.01,37,"demo_00 +10,-5 deg",True,0.0011652609812198597,0.0,0.005580498162205573
1.0,1.05,0.01,38,"demo_00 +10,+0 deg",True,0.002934296618211847,0.0,0.005583339149134993
1.0,1.05,0.01,39,"demo_00 +10,+5 deg",False,0.0045110713859941,2.3694173328388493,nan
1.0,1.05,0.01,40,"demo_00 +10,+10 deg",False,0.0057582066400995455,2.3284097611612515,nan
1.0,1.05,0.01,41,"demo_00 +10,+15 deg",False,0.006689091203867254,2.3180009420910137,nan
1.0,1.05,0.01,42,"demo_00 +15,-15 deg",True,0.0025264997137328014,0.0,0.005565584658905967
1.0,1.05,0.01,43,"demo_00 +15,-10 deg",True,0.000927780812921638,0.0,0.005581120381030669
1.0,1.05,0.01,44,"demo_00 +15,-5 deg",True,0.0025659465100620195,0.0,0.0055817245758032034
1.0,1.05,0.01,45,"demo_00 +15,+0 deg",True,0.004323150376334703,0.0,0.005580485542352703
1.0,1.05,0.01,46,"demo_00 +15,+5 deg",False,0.005753753144594304,2.278384214368402,nan
1.0,1.05,0.01,47,"demo_00 +15,+10 deg",False,0.006836549764588154,2.3127163764714767,nan
1.0,1.05,0.01,48,"demo_00 +15,+15 deg",False,0.007591181351424017,2.2593469082403117,nan
1.0,1.05,0.02,0,"demo_00 -15,-15 deg",True,0.014958799219015743,0.0,0.005827090022359503
1.0,1.05,0.02,1,"demo_00 -15,-10 deg",True,0.009991350316034106,0.0,0.005830318774634001
1.0,1.05,0.02,2,"demo_00 -15,-5 deg",True,0.006019641151720041,0.0,0.00583185510706958
1.0,1.05,0.02,3,"demo_00 -15,+0 deg",True,0.003012614952730223,0.0,0.005828387103699195
1.0,1.05,0.02,4,"demo_00 -15,+5 deg",False,0.0009494019234554941,0.229352294097814,nan
1.0,1.05,0.02,5,"demo_00 -15,+10 deg",False,0.0007595018177400179,0.22896142043521867,nan
1.0,1.05,0.02,6,"demo_00 -15,+15 deg",False,0.001629385667561521,1.275405783484945,nan
1.0,1.05,0.02,7,"demo_00 -10,-15 deg",True,0.013110875565515538,0.0,0.005829050748764426
1.0,1.05,0.02,8,"demo_00 -10,-10 deg",True,0.008432330243807561,0.0,0.005828886753706078
1.0,1.05,0.02,9,"demo_00 -10,-5 deg",True,0.004733109659943922,0.0,0.005831016036642538
1.0,1.05,0.02,10,"demo_00 -10,+0 deg",True,0.0019801602228089387,0.0,0.005828552115943155
1.0,1.05,0.02,11,"demo_00 -10,+5 deg",False,0.00039232010620053696,0.30765628980840787,nan
1.0,1.05,0.02,12,"demo_00 -10,+10 deg",False,0.0013375936308741064,0.3365214898738778,nan
1.0,1.05,0.02,13,"demo_00 -10,+15 deg",False,0.0022555994377657642,1.2205816768928328,nan
1.0,1.05,0.02,14,"demo_00 -5,-15 deg",True,0.01118852385798549,0.0,0.005829393869327979
1.0,1.05,0.02,15,"demo_00 -5,-10 deg",True,0.006810431241014149,0.0,0.005830643711203452
1.0,1.05,0.02,16,"demo_00 -5,-5 deg",True,0.0033942282543599684,0.0,0.0058315893108625205
1.0,1.05,0.02,17,"demo_00 -5,+0 deg",True,0.0008987206585977261,0.0,0.005830319615080257
1.0,1.05,0.02,18,"demo_00 -5,+5 deg",False,0.000844315019193189,0.39082308634983204,nan
1.0,1.05,0.02,19,"demo_00 -5,+10 deg",False,0.0019480597171993084,1.304355669462567,nan
1.0,1.05,0.02,20,"demo_00 -5,+15 deg",False,0.002842032280254103,1.1083303695455928,nan
1.0,1.05,0.02,21,"demo_00 +0,-15 deg",True,0.009193938705861299,0.0,0.0058291993178569805
1.0,1.05,0.02,22,"demo_00 +0,-10 deg",True,0.005131228808781255,0.0,0.0058317772398717455
1.0,1.05,0.02,23,"demo_00 +0,-5 deg",True,0.002017907178523721,0.0,0.005829034874275352
1.0,1.05,0.02,24,demo_00,True,0.00024324570369675344,0.005667925551249088,0.005831060480458802
1.0,1.05,0.02,25,"demo_00 +0,+5 deg",False,0.001662982551180267,0.4239971625787788,nan
1.0,1.05,0.02,26,"demo_00 +0,+10 deg",False,0.0025799036858758636,1.3082568557610736,nan
1.0,1.05,0.02,27,"demo_00 +0,+15 deg",False,0.003399849555172341,1.2774825475196485,nan
1.0,1.05,0.02,28,"demo_00 +5,-15 deg",True,0.007130712805848119,0.0,0.005829329518821959
1.0,1.05,0.02,29,"demo_00 +5,-10 deg",True,0.003409571177692948,0.0,0.005828421413904716
1.0,1.05,0.02,30,"demo_00 +5,-5 deg",True,0.0007371918549169631,0.0,0.005828295867381158
1.0,1.05,0.02,31,"demo_00 +5,+0 deg",True,0.0014175050611820782,0.0,0.0058313040924418994
1.0,1.05,0.02,32,"demo_00 +5,+5 deg",False,0.0025531651620695813,1.127455483645542,nan
1.0,1.05,0.02,33,"demo_00 +5,+10 deg",False,0.0032353783312846543,1.197857900220051,nan
1.0,1.05,0.02,34,"demo_00 +5,+15 deg",False,0.003939852494422548,1.266254500201351,nan
1.0,1.05,0.02,35,"demo_00 +10,-15 deg",True,0.005006646867500111,0.0,0.00583049719337748
1.0,1.05,0.02,36,"demo_00 +10,-10 deg",True,0.0017179324970214762,0.0,0.005830430129625537
1.0,1.05,0.02,37,"demo_00 +10,-5 deg",True,0.0011932952306942235,0.0,0.005830033177425689
1.0,1.05,0.02,38,"demo_00 +10,+0 deg",False,0.0026449099174209716,0.33623344675898204,nan
1.0,1.05,0.02,39,"demo_00 +10,+5 deg",False,0.0034914943498707256,1.308737765517957,nan
1.0,1.05,0.02,40,"demo_00 +10,+10 deg",False,0.003917975052220003,0.9704499309355495,nan
1.0,1.05,0.02,41,"demo_00 +10,+15 deg",False,0.004472103952145332,0.9468313007707447,nan
1.0,1.05,0.02,42,"demo_00 +15,-15 deg",True,0.0028500882218435116,0.0,0.0058287312802258184
1.0,1.05,0.02,43,"demo_00 +15,-10 deg",True,0.000994979740010962,0.0,0.005829334096256891
1.0,1.05,0.02,44,"demo_00 +15,-5 deg",True,0.002682979478414046,0.0,0.005830634580062504
1.0,1.05,0.02,45,"demo_00 +15,+0 deg",False,0.003918312166296305,0.28704466621490454,nan
1.0,1.05,0.02,46,"demo_00 +15,+5 deg",False,0.004472609613934613,1.0206538390261892,nan
1.0,1.05,0.02,47,"demo_00 +15,+10 deg",False,0.0046305174374559315,0.9031495159426304,nan
1.0,1.05,0.02,48,"demo_00 +15,+15 deg",False,0.005005695920770314,0.9433180425029193,nan
1.0,1.05,0.03,0,"demo_00 -15,-15 deg",True,0.02353536184351146,0.0,0.005928140517190478
1.0,1.05,0.03,1,"demo_00 -15,-10 deg",True,0.015214709691322291,0.0,0.005927174415367964
1.0,1.05,0.03,2,"demo_00 -15,-5 deg",True,0.008691216601290321,0.0,0.005930395266757167
1.0,1.05,0.03,3,"demo_00 -15,+0 deg",True,0.00398451724807229,0.0,0.0059303672842130825
1.0,1.05,0.03,4,"demo_00 -15,+5 deg",False,0.001082947086279489,0.0,nan
1.0,1.05,0.03,5,"demo_00 -15,+10 deg",False,0.0002249312298771115,0.0020178120408862743,nan
1.0,1.05,0.03,6,"demo_00 -15,+15 deg",False,0.0007511783974220066,1.4769292197427493,nan
1.0,1.05,0.03,7,"demo_00 -10,-15 deg",True,0.019606635596574554,0.0,0.0059295064726754155
1.0,1.05,0.03,8,"demo_00 -10,-10 deg",True,0.012061838198963287,0.0,0.005928650948583688
1.0,1.05,0.03,9,"demo_00 -10,-5 deg",True,0.006318050650126729,0.0,0.005928706053698923
1.0,1.05,0.03,10,"demo_00 -10,+0 deg",True,0.0023805900743834527,0.0,0.005926928936049397
1.0,1.05,0.03,11,"demo_00 -10,+5 deg",False,0.0001845066837869754,0.05480326297608623,nan
1.0,1.05,0.03,12,"demo_00 -10,+10 deg",False,0.0008569940602067492,1.5726946562536566,nan
1.0,1.05,0.03,13,"demo_00 -10,+15 deg",False,0.002311622838046327,1.5008980843397468,nan
1.0,1.05,0.03,14,"demo_00 -5,-15 deg",True,0.01584934231992348,0.0,0.005928764617738333
1.0,1.05,0.03,15,"demo_00 -5,-10 deg",True,0.009102406489756045,0.0,0.005928467380391632
1.0,1.05,0.03,16,"demo_00 -5,-5 deg",True,0.004151696898934886,0.0,0.005928180855387861
1.0,1.05,0.03,17,"demo_00 -5,+0 deg",True,0.000974059927841289,0.0,0.005928475889491959
1.0,1.05,0.03,18,"demo_00 -5,+5 deg",False,0.000674179446131339,0.17510353867174672,nan
1.0,1.05,0.03,19,"demo_00 -5,+10 deg",False,0.0017675191084921182,1.4909901695549015,nan
1.0,1.05,0.03,20,"demo_00 -5,+15 deg",False,0.00407774409432761,1.4574564792146951,nan
1.0,1.05,0.03,21,"demo_00 +0,-15 deg",True,0.01229035421244054,0.0,0.00593010502028551
1.0,1.05,0.03,22,"demo_00 +0,-10 deg",True,0.006365792358932874,0.0,0.005927527971512243
1.0,1.05,0.03,23,"demo_00 +0,-5 deg",True,0.0022266495184825067,0.0,0.005927841909833456
1.0,1.05,0.03,24,demo_00,True,0.00023655105956096179,0.005549892061410596,0.005927851744447063
1.0,1.05,0.03,25,"demo_00 +0,+5 deg",False,0.0013917816790721428,1.6222547755136554,nan
1.0,1.05,0.03,26,"demo_00 +0,+10 deg",False,0.0028516728907108536,1.5328976317879066,nan
1.0,1.05,0.03,27,"demo_00 +0,+15 deg",False,0.006075920273605749,1.4779681970720093,nan
1.0,1.05,0.03,28,"demo_00 +5,-15 deg",True,0.008957170137146687,0.0,0.005929741746226121
1.0,1.05,0.03,29,"demo_00 +5,-10 deg",True,0.0038895146722288144,0.0,0.00592669820609789
1.0,1.05,0.03,30,"demo_00 +5,-5 deg",True,0.0006898061590849522,0.0,0.005926863712189835
1.0,1.05,0.03,31,"demo_00 +5,+0 deg",False,0.0012209909709935407,0.14032297475842906,nan
1.0,1.05,0.03,32,"demo_00 +5,+5 deg",False,0.0020944833341466408,1.5547171912644482,nan
1.0,1.05,0.03,33,"demo_00 +5,+10 deg",False,0.0041594166400027305,1.4698138760887283,nan
1.0,1.05,0.03,34,"demo_00 +5,+15 deg",False,0.008339959394929758,1.5631004208948185,nan
1.0,1.05,0.03,35,"demo_00 +10,-15 deg",True,0.005880519435795708,0.0,0.005928140341078283
1.0,1.05,0.03,36,"demo_00 +10,-10 deg",True,0.0017709100942906867,0.0,0.005926988259363274
1.0,1.05,0.03,37,"demo_00 +10,-5 deg",True,0.001126001156810944,0.0,0.00592931072517685
1.0,1.05,0.03,38,"demo_00 +10,+0 deg",False,0.002020951309825689,0.16683911216066374,nan
1.0,1.05,0.03,39,"demo_00 +10,+5 deg",False,0.0028766807231491907,1.5221712651050363,nan
1.0,1.05,0.03,40,"demo_00 +10,+10 deg",False,0.005741440336324147,1.5462293608683524,nan
1.0,1.05,0.03,41,"demo_00 +10,+15 deg",False,0.010903501427033164,1.5330920741702707,nan
1.0,1.05,0.03,42,"demo_00 +15,-15 deg",True,0.0031120291245535607,0.0,0.005930132133523107
1.0,1.05,0.03,43,"demo_00 +15,-10 deg",True,0.0010077682930355906,0.0,0.005929793679283942
1.0,1.05,0.03,44,"demo_00 +15,-5 deg",True,0.002252052278221298,0.0,0.005929788837605833
1.0,1.05,0.03,45,"demo_00 +15,+0 deg",False,0.002678934143077892,1.5630095548862584,nan
1.0,1.05,0.03,46,"demo_00 +15,+5 deg",False,0.003849670719647198,1.5250498224663973,nan
1.0,1.05,0.03,47,"demo_00 +15,+10 deg",False,0.007643384313625456,1.4310984459784748,nan
1.0,1.05,0.03,48,"demo_00 +15,+15 deg",False,0.01379915245984793,1.382494891957512,nan
1.0,1.05,0.05,0,"demo_00 -15,-15 deg",True,0.0721368411954329,0.0,0.005950316538198126
1.0,1.05,0.05,1,"demo_00 -15,-10 deg",True,0.04552802791210707,0.0,0.005951699538752524
1.0,1.05,0.05,2,"demo_00 -15,-5 deg",True,0.02424753267549132,0.0,0.005951559338840078
1.0,1.05,0.05,3,"demo_00 -15,+0 deg",True,0.008850029411801658,0.0,0.005951142878444434
1.0,1.05,0.05,4,"demo_00 -15,+5 deg",True,0.0004447186982016215,0.0,0.005951215444471715
1.0,1.05,0.05,5,"demo_00 -15,+10 deg",True,0.003044951299935747,0.0,0.005950645762272985
1.0,1.05,0.05,6,"demo_00 -15,+15 deg",False,0.0006510772004639365,1.6963552052696746,nan
1.0,1.05,0.05,7,"demo_00 -10,-15 deg",True,0.05740668252114395,0.0,0.005950029701282034
1.0,1.05,0.05,8,"demo_00 -10,-10 deg",True,0.03400983423591874,0.0,0.0059513077576473835
1.0,1.05,0.05,9,"demo_00 -10,-5 deg",True,0.016165902023463616,0.0,0.005950670625115296
1.0,1.05,0.05,10,"demo_00 -10,+0 deg",True,0.004442256289744725,0.0,0.00595133603270464
1.0,1.05,0.05,11,"demo_00 -10,+5 deg",True,0.0008263059878484431,0.0013648964118292972,0.005950098972496338
1.0,1.05,0.05,12,"demo_00 -10,+10 deg",False,0.0010284831944029009,1.925261895559474,nan
1.0,1.05,0.05,13,"demo_00 -10,+15 deg",False,0.008908183616240921,2.25847431401501,nan
1.0,1.05,0.05,14,"demo_00 -5,-15 deg",True,0.04367467060446973,0.0,0.005951297585880077
1.0,1.05,0.05,15,"demo_00 -5,-10 deg",True,0.023632627745397837,0.0,0.005949891926482192
1.0,1.05,0.05,16,"demo_00 -5,-5 deg",True,0.009343929173393436,0.0,0.005950269707347058
1.0,1.05,0.05,17,"demo_00 -5,+0 deg",True,0.0013632962708801926,0.0,0.005949501697608828
1.0,1.05,0.05,18,"demo_00 -5,+5 deg",True,0.0006789446437264268,0.2383663372985591,0.0059499186206058265
1.0,1.05,0.05,19,"demo_00 -5,+10 deg",False,0.006103047105995708,2.2312022024828746,nan
1.0,1.05,0.05,20,"demo_00 -5,+15 deg",False,0.01866812759648265,1.61020094812261,nan
1.0,1.05,0.05,21,"demo_00 +0,-15 deg",True,0.031236246913283913,0.0,0.0059501677495656735
1.0,1.05,0.05,22,"demo_00 +0,-10 deg",True,0.014690685047211403,0.0,0.005952516282242534
1.0,1.05,0.05,23,"demo_00 +0,-5 deg",True,0.00407442394417601,0.0,0.005950149034473198
1.0,1.05,0.05,24,demo_00,True,0.00022066262006792517,0.005465038761539574,0.005949467845043318
1.0,1.05,0.05,25,"demo_00 +0,+5 deg",False,0.00310657186357728,2.3092897386700177,nan
1.0,1.05,0.05,26,"demo_00 +0,+10 deg",False,0.013067479997022484,1.524180169258413,nan
1.0,1.05,0.05,27,"demo_00 +0,+15 deg",False,0.030141836138351297,1.898634257501991,nan
1.0,1.05,0.05,28,"demo_00 +5,-15 deg",True,0.020393870607015415,0.0,0.005952675940134114
1.0,1.05,0.05,29,"demo_00 +5,-10 deg",True,0.007492581498618152,0.0,0.005951254143100832
1.0,1.05,0.05,30,"demo_00 +5,-5 deg",True,0.0008099093736792522,0.0,0.005952738856612739
1.0,1.05,0.05,31,"demo_00 +5,+0 deg",False,0.0009312007151178651,1.6841313844712833,nan
1.0,1.05,0.05,32,"demo_00 +5,+5 deg",False,0.007705820838417718,1.3099252696084926,nan
1.0,1.05,0.05,33,"demo_00 +5,+10 deg",False,0.022000411735391023,1.0415732339322157,nan
1.0,1.05,0.05,34,"demo_00 +5,+15 deg",False,0.04354527406833606,0.9695723065443789,nan
1.0,1.05,0.05,35,"demo_00 +10,-15 deg",True,0.011455932219778116,0.0,0.005951296889599577
1.0,1.05,0.05,36,"demo_00 +10,-10 deg",True,0.00243471226041368,0.0,0.005951165288775226
1.0,1.05,0.05,37,"demo_00 +10,-5 deg",True,0.001073091908880437,0.0,0.005951352352575849
1.0,1.05,0.05,38,"demo_00 +10,+0 deg",False,0.003420736158343478,1.2421397043928912,nan
1.0,1.05,0.05,39,"demo_00 +10,+5 deg",False,0.014522887280789173,1.5266614487931334,nan
1.0,1.05,0.05,40,"demo_00 +10,+10 deg",False,0.03312126892809752,1.7014228029342338,nan
1.0,1.05,0.05,41,"demo_00 +10,+15 deg",False,0.059082279322139886,1.2865754232394646,nan
1.0,1.05,0.05,42,"demo_00 +15,-15 deg",True,0.004755008510716332,0.0,0.005950198902925927
1.0,1.05,0.05,43,"demo_00 +15,-10 deg",True,0.001268574851672199,0.0,0.005950927401044554
1.0,1.05,0.05,44,"demo_00 +15,-5 deg",False,0.0010886093788849925,1.2963089964442411,nan
1.0,1.05,0.05,45,"demo_00 +15,+0 deg",False,0.008456793902175365,1.4482200395256744,nan
1.0,1.05,0.05,46,"demo_00 +15,+5 deg",False,0.023777349387249177,1.4035813464649993,nan
1.0,1.05,0.05,47,"demo_00 +15,+10 deg",False,0.046640687858265355,0.8390284842372031,nan
1.0,1.05,0.05,48,"demo_00 +15,+15 deg",False,0.07693909113666784,1.3871354889537901,nan
1.0,1.05,0.1,0,"demo_00 -15,-15 deg",False,0.31067102044973854,1.1694350895578063,nan
1.0,1.05,0.1,1,"demo_00 -15,-10 deg",False,0.19222313085445167,1.1348056310992476,nan
1.0,1.05,0.1,2,"demo_00 -15,-5 deg",False,0.09568314381097674,1.1721011700121107,nan
1.0,1.05,0.1,3,"demo_00 -15,+0 deg",False,0.02987692190383395,1.207905918887979,nan
1.0,1.05,0.1,4,"demo_00 -15,+5 deg",False,0.00501678016689215,1.9922844187390572,2.1980277529219685
1.0,1.05,0.1,5,"demo_00 -15,+10 deg",False,0.019275887205740506,1.2154737303961718,nan
1.0,1.05,0.1,6,"demo_00 -15,+15 deg",False,0.06449649752972192,1.2014303240476933,nan
1.0,1.05,0.1,7,"demo_00 -10,-15 deg",True,0.25713684915362134,0.0,0.006080408714447649
1.0,1.05,0.1,8,"demo_00 -10,-10 deg",True,0.14926881720990107,0.0,0.006081528964828022
1.0,1.05,0.1,9,"demo_00 -10,-5 deg",True,0.06557978529962592,0.0,0.0060804566905230915
1.0,1.05,0.1,10,"demo_00 -10,+0 deg",True,0.014228997483586667,0.0,0.006081161733827927
1.0,1.05,0.1,11,"demo_00 -10,+5 deg",True,0.003419949131061526,0.0,0.006081596012237938
1.0,1.05,0.1,12,"demo_00 -10,+10 deg",False,0.02788834813773006,1.264876711917299,nan
1.0,1.05,0.1,13,"demo_00 -10,+15 deg",False,0.08719209945451416,1.224728343367362,nan
1.0,1.05,0.1,14,"demo_00 -5,-15 deg",True,0.20142186504063708,0.0,0.006080631930357316
1.0,1.05,0.1,15,"demo_00 -5,-10 deg",True,0.1065812154473937,0.0,0.006080453124973489
1.0,1.05,0.1,16,"demo_00 -5,-5 deg",True,0.038182287591840856,0.0,0.006081698402145704
1.0,1.05,0.1,17,"demo_00 -5,+0 deg",True,0.0035406788022665065,0.0,0.006080173757112978
1.0,1.05,0.1,18,"demo_00 -5,+5 deg",False,0.007165574194755553,1.3539045044337181,nan
1.0,1.05,0.1,19,"demo_00 -5,+10 deg",False,0.04854525699052531,1.325086601481533,nan
1.0,1.05,0.1,20,"demo_00 -5,+15 deg",False,0.12130589333721682,1.2311384326555364,nan
1.0,1.05,0.1,21,"demo_00 +0,-15 deg",True,0.1463007862812134,0.0,0.006080251471461385
1.0,1.05,0.1,22,"demo_00 +0,-10 deg",True,0.06685403485297026,0.0,0.0060812759689230335
1.0,1.05,0.1,23,"demo_00 +0,-5 deg",True,0.015939768454119763,0.0,0.006080770526352394
1.0,1.05,0.1,24,demo_00,True,0.00019686950712377823,0.0034702842542681436,0.006081350045159572
1.0,1.05,0.1,25,"demo_00 +0,+5 deg",False,0.021665325895022482,1.357406234425455,nan
1.0,1.05,0.1,26,"demo_00 +0,+10 deg",False,0.07954046886407909,1.3023753089397094,nan
1.0,1.05,0.1,27,"demo_00 +0,+15 deg",False,0.1653592930415429,1.2186820608867512,nan
1.0,1.05,0.1,28,"demo_00 +5,-15 deg",True,0.0950264744520189,0.0,0.006080954093836074
1.0,1.05,0.1,29,"demo_00 +5,-10 deg",True,0.03315369875687437,0.0,0.006080608887493922
1.0,1.05,0.1,30,"demo_00 +5,-5 deg",True,0.0017256307031733903,0.0,0.00608063670898142
1.0,1.05,0.1,31,"demo_00 +5,+0 deg",False,0.005350979852875497,1.392153948125017,nan
1.0,1.05,0.1,32,"demo_00 +5,+5 deg",False,0.04621108981567711,1.3301326938871527,nan
1.0,1.05,0.1,33,"demo_00 +5,+10 deg",False,0.1204703083102968,1.2579844377926763,nan
1.0,1.05,0.1,34,"demo_00 +5,+15 deg",False,0.21828140225264686,1.1871562763002126,nan
1.0,1.05,0.1,35,"demo_00 +10,-15 deg",True,0.051164300022925026,0.0,0.006080276225805976
1.0,1.05,0.1,36,"demo_00 +10,-10 deg",True,0.008798565942403858,0.0,0.006080594872946323
1.0,1.05,0.1,37,"demo_00 +10,-5 deg",True,0.0024505912217024153,0.0,0.006081194612140724
1.0,1.05,0.1,38,"demo_00 +10,+0 deg",False,0.022044888873194193,1.3326175380890621,nan
1.0,1.05,0.1,39,"demo_00 +10,+5 deg",False,0.08177367854483461,1.278538574103539,nan
1.0,1.05,0.1,40,"demo_00 +10,+10 deg",False,0.1712698609868711,1.1984742211243042,nan
1.0,1.05,0.1,41,"demo_00 +10,+15 deg",False,0.2790030065432263,1.143706757416738,nan
1.0,1.05,0.1,42,"demo_00 +15,-15 deg",True,0.018379632254231327,0.0,0.006080200711380154
1.0,1.05,0.1,43,"demo_00 +15,-10 deg",True,0.0035837686729837635,0.0,0.006081748318557681
1.0,1.05,0.1,44,"demo_00 +15,-5 deg",False,0.006932389072324517,1.3607877033792717,nan
1.0,1.05,0.1,45,"demo_00 +15,+0 deg",False,0.0517286698513749,1.266182435715407,nan
1.0,1.05,0.1,46,"demo_00 +15,+5 deg",False,0.12909007986629092,1.216019452854935,nan
1.0,1.05,0.1,47,"demo_00 +15,+10 deg",False,0.23154126080927295,1.1436974558430488,nan
1.0,1.05,0.1,48,"demo_00 +15,+15 deg",False,0.34616089732198213,1.0912948236751896,nan
1.0,1.2,0.01,0,"demo_00 -15,-15 deg",True,0.013697748343061898,0.0,0.005559407375006603
1.0,1.2,0.01,1,"demo_00 -15,-10 deg",True,0.009723784668891277,0.0,0.005587982312702389
1.0,1.2,0.01,2,"demo_00 -15,-5 deg",True,0.0062807827893395785,0.0,0.005590591198498395
1.0,1.2,0.01,3,"demo_00 -15,+0 deg",True,0.003412007947972395,0.0,0.005589090056963652
1.0,1.2,0.01,4,"demo_00 -15,+5 deg",True,0.0015066414638372275,2.5102547723825697,0.004986486025243263
1.0,1.2,0.01,5,"demo_00 -15,+10 deg",True,0.0021300802832527666,2.352969107823667,0.004989978552519578
1.0,1.2,0.01,6,"demo_00 -15,+15 deg",True,0.0037261223208589775,2.4160036504962505,0.004988853324551043
1.0,1.2,0.01,7,"demo_00 -10,-15 deg",True,0.011902352361690821,0.0,0.005567018711561139
1.0,1.2,0.01,8,"demo_00 -10,-10 deg",True,0.008144282133613335,0.0,0.005587584636971883
1.0,1.2,0.01,9,"demo_00 -10,-5 deg",True,0.0049023986591671415,0.0,0.005591380622386459
1.0,1.2,0.01,10,"demo_00 -10,+0 deg",True,0.002212504970623787,0.0,0.005593353116392879
1.0,1.2,0.01,11,"demo_00 -10,+5 deg",True,0.0009032717362981539,2.555436037675047,0.004990406054411919
1.0,1.2,0.01,12,"demo_00 -10,+10 deg",True,0.0023926038383295205,2.5503220129750312,0.0049873399885647755
1.0,1.2,0.01,13,"demo_00 -10,+15 deg",True,0.003966788772382507,2.379680132914567,0.004989114188389535
1.0,1.2,0.01,14,"demo_00 -5,-15 deg",True,0.010077126425068259,0.0,0.005573139132398026
1.0,1.2,0.01,15,"demo_00 -5,-10 deg",True,0.0065399472492292075,0.0,0.005588058298579484
1.0,1.2,0.01,16,"demo_00 -5,-5 deg",True,0.0035048005613858347,0.0,0.00559208406082156
1.0,1.2,0.01,17,"demo_00 -5,+0 deg",True,0.0009871297914199573,0.0,0.005593268955268851
1.0,1.2,0.01,18,"demo_00 -5,+5 deg",True,0.0012194825693489493,2.447789069101702,0.004987140628697815
1.0,1.2,0.01,19,"demo_00 -5,+10 deg",True,0.0029072565348764938,2.5153775516208197,0.004988068358380446
1.0,1.2,0.01,20,"demo_00 -5,+15 deg",True,0.004316756018831439,2.4954655532704058,0.00498893161944505
1.0,1.2,0.01,21,"demo_00 +0,-15 deg",True,0.008224060732912254,0.0,0.00557872495411962
1.0,1.2,0.01,22,"demo_00 +0,-10 deg",True,0.0049162496007328395,0.0,0.00558972644840756
1.0,1.2,0.01,23,"demo_00 +0,-5 deg",True,0.0021064108427548255,0.0,0.005592939850154909
1.0,1.2,0.01,24,demo_00,True,0.0002734499723671357,0.0061688650794078335,0.005591143769227326
1.0,1.2,0.01,25,"demo_00 +0,+5 deg",True,0.0021085237120308225,2.6406363137140696,0.004989808964473932
1.0,1.2,0.01,26,"demo_00 +0,+10 deg",True,0.003585807792687309,2.4894784416985947,0.004987832133837003
1.0,1.2,0.01,27,"demo_00 +0,+15 deg",True,0.004764691270070346,2.406075181921162,0.0049883675808106214
1.0,1.2,0.01,28,"demo_00 +5,-15 deg",True,0.006346366180087054,0.0,0.005584500959124788
1.0,1.2,0.01,29,"demo_00 +5,-10 deg",True,0.003287799281179831,0.0,0.0055928912518448635
1.0,1.2,0.01,30,"demo_00 +5,-5 deg",True,0.0008512549874769652,0.0,0.0055942735217831465
1.0,1.2,0.01,31,"demo_00 +5,+0 deg",True,0.0015444536968008695,0.0,0.005589016422573096
1.0,1.2,0.01,32,"demo_00 +5,+5 deg",True,0.0031383865035234043,2.453635079497146,0.004989493761839037
1.0,1.2,0.01,33,"demo_00 +5,+10 deg",True,0.004367699491783294,2.5085137616497115,0.004986641763344879
1.0,1.2,0.01,34,"demo_00 +5,+15 deg",True,0.005297039992994362,2.4300118522842884,0.004987439011471942
1.0,1.2,0.01,35,"demo_00 +10,-15 deg",True,0.004450956723191177,0.0,0.005585634922818189
1.0,1.2,0.01,36,"demo_00 +10,-10 deg",True,0.001722054141188202,0.0,0.005592327888453875
1.0,1.2,0.01,37,"demo_00 +10,-5 deg",True,0.0011698863886564891,0.0,0.00559098097830933
1.0,1.2,0.01,38,"demo_00 +10,+0 deg",True,0.0028438390542791245,0.0,0.005589545532162456
1.0,1.2,0.01,39,"demo_00 +10,+5 deg",True,0.004224796805552431,2.424586573595036,0.00499023091734257
1.0,1.2,0.01,40,"demo_00 +10,+10 deg",True,0.005219024788224965,2.3659369933448313,0.004988858488090197
1.0,1.2,0.01,41,"demo_00 +10,+15 deg",True,0.005900818583672503,2.399886195307717,0.0049861216673026424
1.0,1.2,0.01,42,"demo_00 +15,-15 deg",True,0.0025621475204761638,0.0,0.005587811579338193
1.0,1.2,0.01,43,"demo_00 +15,-10 deg",True,0.0009481552486802797,0.0,0.005593738477153854
1.0,1.2,0.01,44,"demo_00 +15,-5 deg",True,0.0025651591926796283,0.0,0.0055944696252265514
1.0,1.2,0.01,45,"demo_00 +15,+0 deg",True,0.0041656754663329555,0.0,0.00558998098829802
1.0,1.2,0.01,46,"demo_00 +15,+5 deg",True,0.005346700862069791,2.403526227749131,0.004987075442532724
1.0,1.2,0.01,47,"demo_00 +15,+10 deg",True,0.0061209196299158875,2.3861553001965494,0.004990015091519444
1.0,1.2,0.01,48,"demo_00 +15,+15 deg",True,0.00656482174499106,2.311900724763237,0.004988761836351334
1.0,1.2,0.02,0,"demo_00 -15,-15 deg",True,0.020167853860417806,0.0,0.005897549794500899
1.0,1.2,0.02,1,"demo_00 -15,-10 deg",True,0.01315613443302543,0.0,0.005898244703667347
1.0,1.2,0.02,2,"demo_00 -15,-5 deg",True,0.0076672113046591505,0.0,0.005896571515879878
1.0,1.2,0.02,3,"demo_00 -15,+0 deg",True,0.003672137391021759,0.0,0.005897820998376732
1.0,1.2,0.02,4,"demo_00 -15,+5 deg",True,0.001083107953438713,0.0,0.005898290507382028
1.0,1.2,0.02,5,"demo_00 -15,+10 deg",False,0.0003319882718975159,0.06076068298373266,nan
1.0,1.2,0.02,6,"demo_00 -15,+15 deg",False,0.0012356795643406583,1.4355355013366802,nan
1.0,1.2,0.02,7,"demo_00 -10,-15 deg",True,0.017043119197621266,0.0,0.00589572605986495
1.0,1.2,0.02,8,"demo_00 -10,-10 deg",True,0.01063912565144785,0.0,0.0058974971372416415
1.0,1.2,0.02,9,"demo_00 -10,-5 deg",True,0.005723327839041091,0.0,0.005896048211444372
1.0,1.2,0.02,10,"demo_00 -10,+0 deg",True,0.0022549104246474177,0.0,0.005895363747791912
1.0,1.2,0.02,11,"demo_00 -10,+5 deg",False,0.00019239845782512014,0.12827179825895238,nan
1.0,1.2,0.02,12,"demo_00 -10,+10 deg",False,0.001110500063933349,1.6235662162532352,nan
1.0,1.2,0.02,13,"demo_00 -10,+15 deg",False,0.002168411078687809,0.7523853402426224,nan
1.0,1.2,0.02,14,"demo_00 -5,-15 deg",True,0.01399371755721423,0.0,0.005895583043415505
1.0,1.2,0.02,15,"demo_00 -5,-10 deg",True,0.008210938334562644,0.0,0.005897191815662712
1.0,1.2,0.02,16,"demo_00 -5,-5 deg",True,0.0038813834116689064,0.0,0.005894886135836964
1.0,1.2,0.02,17,"demo_00 -5,+0 deg",True,0.000952718857135981,0.0,0.005896816064216373
1.0,1.2,0.02,18,"demo_00 -5,+5 deg",False,0.0007681668548273477,0.26523511254995513,nan
1.0,1.2,0.02,19,"demo_00 -5,+10 deg",False,0.0017256844474035377,1.606103367070544,nan
1.0,1.2,0.02,20,"demo_00 -5,+15 deg",False,0.002959514973996299,0.865525227009959,nan
1.0,1.2,0.02,21,"demo_00 +0,-15 deg",True,0.01103839509394089,0.0,0.005896793550399895
1.0,1.2,0.02,22,"demo_00 +0,-10 deg",True,0.005892019242999616,0.0,0.005895999125310605
1.0,1.2,0.02,23,"demo_00 +0,-5 deg",True,0.0021675702117186493,0.0,0.005895463937156964
1.0,1.2,0.02,24,demo_00,True,0.00023651884916942256,0.005410832146305088,0.00589775541233062
1.0,1.2,0.02,25,"demo_00 +0,+5 deg",False,0.0014399919817127602,1.7130969106056861,nan
1.0,1.2,0.02,26,"demo_00 +0,+10 deg",False,0.0021671399782082715,0.8408429961600777,nan
1.0,1.2,0.02,27,"demo_00 +0,+15 deg",False,0.003617128206696458,0.9945289978294523,nan
1.0,1.2,0.02,28,"demo_00 +5,-15 deg",True,0.00819815028296452,0.0,0.00589487378543195
1.0,1.2,0.02,29,"demo_00 +5,-10 deg",True,0.0037136026401024783,0.0,0.005896883351759607
1.0,1.2,0.02,30,"demo_00 +5,-5 deg",True,0.0007242482327096636,0.0,0.005896436019503874
1.0,1.2,0.02,31,"demo_00 +5,+0 deg",False,0.0012743441278036643,0.22044017515415135,nan
1.0,1.2,0.02,32,"demo_00 +5,+5 deg",False,0.0019549905653669175,1.368016750618722,nan
1.0,1.2,0.02,33,"demo_00 +5,+10 deg",False,0.0024339454179918805,0.9561259523743587,nan
1.0,1.2,0.02,34,"demo_00 +5,+15 deg",False,0.004162358282749888,0.7637077636239814,nan
1.0,1.2,0.02,35,"demo_00 +10,-15 deg",True,0.00549981648008966,0.0,0.005897130062632894
1.0,1.2,0.02,36,"demo_00 +10,-10 deg",True,0.0017725054617519233,0.0,0.005895295508035395
1.0,1.2,0.02,37,"demo_00 +10,-5 deg",True,0.0011487618756246855,0.0,0.005895355019371825
1.0,1.2,0.02,38,"demo_00 +10,+0 deg",False,0.0021737051499738425,0.17301435713168387,nan
1.0,1.2,0.02,39,"demo_00 +10,+5 deg",False,0.0022996733303275786,1.1439385381872533,nan
1.0,1.2,0.02,40,"demo_00 +10,+10 deg",False,0.0025303130026292733,1.4569469083055733,nan
1.0,1.2,0.02,41,"demo_00 +10,+15 deg",False,0.004627450507524733,1.274307691182456,nan
1.0,1.2,0.02,42,"demo_00 +15,-15 deg",True,0.002996527086116738,0.0,0.005898345634103012
1.0,1.2,0.02,43,"demo_00 +15,-10 deg",True,0.0010412566035333485,0.0,0.005895039572181761
1.0,1.2,0.02,44,"demo_00 +15,-5 deg",True,0.0024084743372718665,0.0,0.005898020395050824
1.0,1.2,0.02,45,"demo_00 +15,+0 deg",True,0.0029196470456191153,0.0,0.005896571003887741
1.0,1.2,0.02,46,"demo_00 +15,+5 deg",False,0.00246496285670359,1.5539594644175188,nan
1.0,1.2,0.02,47,"demo_00 +15,+10 deg",False,0.0024712225042324795,0.9177554358788558,nan
1.0,1.2,0.02,48,"demo_00 +15,+15 deg",False,0.005057744080686015,1.203139147695779,nan
1.0,1.2,0.03,0,"demo_00 -15,-15 deg",True,0.037187711360694195,0.0,0.005962282578061303
1.0,1.2,0.03,1,"demo_00 -15,-10 deg",True,0.023585385113149972,0.0,0.005963416916731637
1.0,1.2,0.03,2,"demo_00 -15,-5 deg",True,0.01292345786577387,0.0,0.005964232683583831
1.0,1.2,0.03,3,"demo_00 -15,+0 deg",True,0.005330293135683689,0.0,0.005965341822788136
1.0,1.2,0.03,4,"demo_00 -15,+5 deg",True,0.0008593827102977875,0.0,0.005962987039243036
1.0,1.2,0.03,5,"demo_00 -15,+10 deg",True,0.0009560969107993675,0.23957016728276365,0.005963143769228383
1.0,1.2,0.03,6,"demo_00 -15,+15 deg",False,0.0026857334238735773,1.7703526660672715,nan
1.0,1.2,0.03,7,"demo_00 -10,-15 deg",True,0.030290472329458588,0.0,0.005964978859743069
1.0,1.2,0.03,8,"demo_00 -10,-10 deg",True,0.01819202347823235,0.0,0.005963837039554593
1.0,1.2,0.03,9,"demo_00 -10,-5 deg",True,0.009057514194608459,0.0,0.005964010795226334
1.0,1.2,0.03,10,"demo_00 -10,+0 deg",True,0.0029902959889742927,0.0,0.005963466710545116
1.0,1.2,0.03,11,"demo_00 -10,+5 deg",True,0.0001335620911557226,0.09060372583440804,0.005963298123513818
1.0,1.2,0.03,12,"demo_00 -10,+10 deg",False,0.001639203277507862,1.8488758085382853,nan
1.0,1.2,0.03,13,"demo_00 -10,+15 deg",False,0.005219369987278292,1.506342981074544,nan
1.0,1.2,0.03,14,"demo_00 -5,-15 deg",True,0.023754525580346575,0.0,0.005963167788962812
1.0,1.2,0.03,15,"demo_00 -5,-10 deg",True,0.013211908416567797,0.0,0.005963949971533762
1.0,1.2,0.03,16,"demo_00 -5,-5 deg",True,0.0056440996107159505,0.0,0.005964773780938767
1.0,1.2,0.03,17,"demo_00 -5,+0 deg",True,0.0011118377530683703,0.0,0.005962404930784304
1.0,1.2,0.03,18,"demo_00 -5,+5 deg",False,0.0008559111468295115,2.115461059804697,nan
1.0,1.2,0.03,19,"demo_00 -5,+10 deg",False,0.0030605803266967415,1.3631863764506824,nan
1.0,1.2,0.03,20,"demo_00 -5,+15 deg",False,0.008366104748057874,1.1570565832035928,nan
1.0,1.2,0.03,21,"demo_00 +0,-15 deg",True,0.017692496969710543,0.0,0.005962608777665793
1.0,1.2,0.03,22,"demo_00 +0,-10 deg",True,0.008758293280092817,0.0,0.005963014165728206
1.0,1.2,0.03,23,"demo_00 +0,-5 deg",True,0.002801628104254601,0.0,0.005964820539803068
1.0,1.2,0.03,24,demo_00,True,0.00023092128604869328,0.005096670136639785,0.005964174693745884
1.0,1.2,0.03,25,"demo_00 +0,+5 deg",False,0.0015007159022306284,1.3634055979191777,nan
1.0,1.2,0.03,26,"demo_00 +0,+10 deg",False,0.005073576612341328,1.2505490858751047,nan
1.0,1.2,0.03,27,"demo_00 +0,+15 deg",False,0.012084309356870403,1.2732292283663615,nan
1.0,1.2,0.03,28,"demo_00 +5,-15 deg",True,0.012221829435127732,0.0,0.005962532815580073
1.0,1.2,0.03,29,"demo_00 +5,-10 deg",True,0.004958078697518695,0.0,0.005964045631859147
1.0,1.2,0.03,30,"demo_00 +5,-5 deg",True,0.0007783969391225787,0.0,0.005964032417035527
1.0,1.2,0.03,31,"demo_00 +5,+0 deg",False,0.0009384255587766494,2.5368628223026093,nan
1.0,1.2,0.03,32,"demo_00 +5,+5 deg",False,0.0024522427999970394,1.4129100772100516,nan
1.0,1.2,0.03,33,"demo_00 +5,+10 deg",False,0.007731265818341553,1.1560311539848642,nan
1.0,1.2,0.03,34,"demo_00 +5,+15 deg",False,0.016430144920121712,1.09503423101669,nan
1.0,1.2,0.03,35,"demo_00 +10,-15 deg",True,0.0074680441329927245,0.0,0.005965371014127623
1.0,1.2,0.03,36,"demo_00 +10,-10 deg",True,0.00201471963198384,0.0,0.00596387175572847
1.0,1.2,0.03,37,"demo_00 +10,-5 deg",True,0.0010769740146883255,0.0,0.0059649829909991636
1.0,1.2,0.03,38,"demo_00 +10,+0 deg",False,0.0010948972178303944,1.403653048978282,nan
1.0,1.2,0.03,39,"demo_00 +10,+5 deg",False,0.004092978779109349,1.182707869723376,nan
1.0,1.2,0.03,40,"demo_00 +10,+10 deg",False,0.011124160932127614,1.2104069359822334,nan
1.0,1.2,0.03,41,"demo_00 +10,+15 deg",False,0.02147975208775592,1.4912611816508063,nan
1.0,1.2,0.03,42,"demo_00 +15,-15 deg",True,0.003587528820552466,0.0,0.005963104069397227
1.0,1.2,0.03,43,"demo_00 +15,-10 deg",True,0.0010956374730898201,0.0,0.005962755929197036
1.0,1.2,0.03,44,"demo_00 +15,-5 deg",True,0.0015833855391677407,0.0,0.005965378449309211
1.0,1.2,0.03,45,"demo_00 +15,+0 deg",False,0.0014055165997714798,1.3238367885328417,nan
1.0,1.2,0.03,46,"demo_00 +15,+5 deg",False,0.00662684518645844,1.5626486703568616,nan
1.0,1.2,0.03,47,"demo_00 +15,+10 deg",False,0.015347573306837262,1.3259466387668166,nan
1.0,1.2,0.03,48,"demo_00 +15,+15 deg",False,0.027314563004914586,1.1194755745096963,nan
1.0,1.2,0.05,0,"demo_00 -15,-15 deg",True,0.1090619218827569,0.0,0.006036155190839373
1.0,1.2,0.05,1,"demo_00 -15,-10 deg",True,0.06720578821192652,0.0,0.006036242335211647
1.0,1.2,0.05,2,"demo_00 -15,-5 deg",True,0.0334906288611877,0.0,0.006034721219973577
1.0,1.2,0.05,3,"demo_00 -15,+0 deg",False,0.009375958866149215,2.0063582621410925,nan
1.0,1.2,0.05,4,"demo_00 -15,+5 deg",False,0.0043623031718869245,0.9010818422906581,nan
1.0,1.2,0.05,5,"demo_00 -15,+10 deg",False,0.007427775817706089,0.9669924690541996,nan
1.0,1.2,0.05,6,"demo_00 -15,+15 deg",False,0.0006500947776622508,0.8657414668824445,nan
1.0,1.2,0.05,7,"demo_00 -10,-15 deg",True,0.08904815412536045,0.0,0.006036313771802512
1.0,1.2,0.05,8,"demo_00 -10,-10 deg",True,0.05185559313803968,0.0,0.006036180837538869
1.0,1.2,0.05,9,"demo_00 -10,-5 deg",True,0.023316565221716795,0.0,0.006035303829360336
1.0,1.2,0.05,10,"demo_00 -10,+0 deg",True,0.004878826663990162,0.0,0.006035496743105258
1.0,1.2,0.05,11,"demo_00 -10,+5 deg",False,0.002653945588265565,0.905841229399843,nan
1.0,1.2,0.05,12,"demo_00 -10,+10 deg",False,0.0014606645827950886,1.218951438626045,nan
1.0,1.2,0.05,13,"demo_00 -10,+15 deg",False,0.014872420930551116,1.1248954286616433,nan
1.0,1.2,0.05,14,"demo_00 -5,-15 deg",True,0.06921413151154018,0.0,0.006035837507721079
1.0,1.2,0.05,15,"demo_00 -5,-10 deg",True,0.03705335295780397,0.0,0.00603566900116396
1.0,1.2,0.05,16,"demo_00 -5,-5 deg",True,0.014005829398292017,0.0,0.006036407864736597
1.0,1.2,0.05,17,"demo_00 -5,+0 deg",True,0.0014951097891641111,0.0,0.006035688863237921
1.0,1.2,0.05,18,"demo_00 -5,+5 deg",False,0.0009180378596129786,1.6395120624597106,nan
1.0,1.2,0.05,19,"demo_00 -5,+10 deg",False,0.010788576964381331,1.0642476334083832,nan
1.0,1.2,0.05,20,"demo_00 -5,+15 deg",False,0.031581763634838986,1.3516795345746107,nan
1.0,1.2,0.05,21,"demo_00 +0,-15 deg",True,0.05029438372065155,0.0,0.006034915744017099
1.0,1.2,0.05,22,"demo_00 +0,-10 deg",True,0.02353528643484613,0.0,0.0060359258280424525
1.0,1.2,0.05,23,"demo_00 +0,-5 deg",True,0.006288200561196681,0.0,0.006035411044904298
1.0,1.2,0.05,24,demo_00,True,0.00020705892636218174,0.005197921497728776,0.006036538666889341
1.0,1.2,0.05,25,"demo_00 +0,+5 deg",False,0.005493764780454598,1.0941785866971545,nan
1.0,1.2,0.05,26,"demo_00 +0,+10 deg",False,0.022511026535696584,1.015034881605192,nan
1.0,1.2,0.05,27,"demo_00 +0,+15 deg",False,0.05027638627112052,1.0474929552653784,nan
1.0,1.2,0.05,28,"demo_00 +5,-15 deg",True,0.0330928914556223,0.0,0.006036556793813614
1.0,1.2,0.05,29,"demo_00 +5,-10 deg",True,0.012105035918727228,0.0,0.0060358861571035835
1.0,1.2,0.05,30,"demo_00 +5,-5 deg",True,0.0011177605874453504,0.0,0.006035455249579339
1.0,1.2,0.05,31,"demo_00 +5,+0 deg",False,0.0011938681066248646,1.1837864439031807,nan
1.0,1.2,0.05,32,"demo_00 +5,+5 deg",False,0.013090014283361647,1.1225260706597584,nan
1.0,1.2,0.05,33,"demo_00 +5,+10 deg",False,0.036911107217566526,1.3329516429765047,nan
1.0,1.2,0.05,34,"demo_00 +5,+15 deg",False,0.07152451445161688,0.9597395594564593,nan
1.0,1.2,0.05,35,"demo_00 +10,-15 deg",True,0.01846496556944313,0.0,0.006036118367963377
1.0,1.2,0.05,36,"demo_00 +10,-10 deg",True,0.0036885380441482904,0.0,0.006035197087946989
1.0,1.2,0.05,37,"demo_00 +10,-5 deg",True,0.001592901193388345,0.0,0.006036326020132
1.0,1.2,0.05,38,"demo_00 +10,+0 deg",False,0.005371484724939617,1.1547374852627805,nan
1.0,1.2,0.05,39,"demo_00 +10,+5 deg",False,0.024045298469894595,0.8664581528965882,nan
1.0,1.2,0.05,40,"demo_00 +10,+10 deg",False,0.054589977035898504,0.8083209086574182,nan
1.0,1.2,0.05,41,"demo_00 +10,+15 deg",False,0.09586038795372988,0.9580099663897461,nan
1.0,1.2,0.05,42,"demo_00 +15,-15 deg",True,0.0073180326139738695,0.0,0.006035824237798767
1.0,1.2,0.05,43,"demo_00 +15,-10 deg",True,0.001805829393357854,0.0,0.006036483212940755
1.0,1.2,0.05,44,"demo_00 +15,-5 deg",False,0.0008363823394934164,1.1663782579370727,nan
1.0,1.2,0.05,45,"demo_00 +15,+0 deg",False,0.01363975153384175,1.1262167828307867,nan
1.0,1.2,0.05,46,"demo_00 +15,+5 deg",False,0.03900157370795589,1.059941112998295,nan
1.0,1.2,0.05,47,"demo_00 +15,+10 deg",False,0.07611976461605016,0.9414746510147649,nan
1.0,1.2,0.05,48,"demo_00 +15,+15 deg",False,0.12376528992514847,1.0328082656769841,nan
1.0,1.2,0.1,0,"demo_00 -15,-15 deg",False,0.3322705509764491,1.807544497178833,nan
1.0,1.2,0.1,1,"demo_00 -15,-10 deg",False,0.2056618863270527,1.9845491307627112,nan
1.0,1.2,0.1,2,"demo_00 -15,-5 deg",False,0.10317940692759012,1.8907359245273172,nan
1.0,1.2,0.1,3,"demo_00 -15,+0 deg",False,0.03485413123129356,1.8751811672194658,nan
1.0,1.2,0.1,4,"demo_00 -15,+5 deg",False,0.0007235932973711921,1.9619117081679673,nan
1.0,1.2,0.1,5,"demo_00 -15,+10 deg",False,0.030477901898539328,0.9905516079815517,nan
1.0,1.2,0.1,6,"demo_00 -15,+15 deg",False,0.0881850479662973,1.8420302329947864,nan
1.0,1.2,0.1,7,"demo_00 -10,-15 deg",False,0.27927969217409127,1.847988479114351,nan
1.0,1.2,0.1,8,"demo_00 -10,-10 deg",False,0.1614831144118418,2.4005739653824207,nan
1.0,1.2,0.1,9,"demo_00 -10,-5 deg",False,0.07048590675732183,1.9679922547105397,nan
1.0,1.2,0.1,10,"demo_00 -10,+0 deg",False,0.015609852089987225,1.99350532234676,nan
1.0,1.2,0.1,11,"demo_00 -10,+5 deg",False,0.003225288874642013,1.252977633610252,1.5159314157318753
1.0,1.2,0.1,12,"demo_00 -10,+10 deg",False,0.030509244564538403,1.9873916327117862,nan
1.0,1.2,0.1,13,"demo_00 -10,+15 deg",False,0.08633276906325965,1.918272074129676,nan
1.0,1.2,0.1,14,"demo_00 -5,-15 deg",True,0.22250290565965491,0.0,0.006294692002459023
1.0,1.2,0.1,15,"demo_00 -5,-10 deg",True,0.11712271001629748,0.0,0.006294979893865361
1.0,1.2,0.1,16,"demo_00 -5,-5 deg",True,0.04144857607896197,0.0,0.006295132060632967
1.0,1.2,0.1,17,"demo_00 -5,+0 deg",False,0.0037168984407461823,2.121141549836614,nan
1.0,1.2,0.1,18,"demo_00 -5,+5 deg",False,0.007323641509560371,2.0481113686375987,nan
1.0,1.2,0.1,19,"demo_00 -5,+10 deg",False,0.047396711931580404,2.035556179847295,nan
1.0,1.2,0.1,20,"demo_00 -5,+15 deg",False,0.11034700093173268,1.9557800115056958,nan
1.0,1.2,0.1,21,"demo_00 +0,-15 deg",True,0.1641526446914688,0.0,0.00629439197228316
1.0,1.2,0.1,22,"demo_00 +0,-10 deg",True,0.07462097515488085,0.0,0.006294588259537498
1.0,1.2,0.1,23,"demo_00 +0,-5 deg",True,0.017562432670532625,0.0,0.006294845140769673
1.0,1.2,0.1,24,demo_00,True,0.00020447491180007339,0.0034413638799361077,0.006295009769378067
1.0,1.2,0.1,25,"demo_00 +0,+5 deg",False,0.02315739829155084,2.061647785294158,nan
1.0,1.2,0.1,26,"demo_00 +0,+10 deg",False,0.08098641601273907,1.9920946814607925,nan
1.0,1.2,0.1,27,"demo_00 +0,+15 deg",False,0.1572989725064175,2.001486570636895,nan
1.0,1.2,0.1,28,"demo_00 +5,-15 deg",True,0.1079049931687562,0.0,0.006294395505860796
1.0,1.2,0.1,29,"demo_00 +5,-10 deg",True,0.03743689951890083,0.0,0.006295096240284014
1.0,1.2,0.1,30,"demo_00 +5,-5 deg",True,0.0018828614028794243,0.0,0.0062949796150866206
1.0,1.2,0.1,31,"demo_00 +5,+0 deg",False,0.006084893878827683,2.125963152213561,nan
1.0,1.2,0.1,32,"demo_00 +5,+5 deg",False,0.050438227879921665,2.0376964594260287,nan
1.0,1.2,0.1,33,"demo_00 +5,+10 deg",False,0.12719456699089066,2.410517652725328,nan
1.0,1.2,0.1,34,"demo_00 +5,+15 deg",False,0.21925313566103036,1.9496464758659184,nan
1.0,1.2,0.1,35,"demo_00 +10,-15 deg",True,0.05846264809461018,0.0,0.006294629064087831
1.0,1.2,0.1,36,"demo_00 +10,-10 deg",True,0.009957460616267389,0.0,0.006294825342863922
1.0,1.2,0.1,37,"demo_00 +10,-5 deg",True,0.002772296320849515,0.0,0.006294756556095557
1.0,1.2,0.1,38,"demo_00 +10,+0 deg",False,0.024779614488583443,2.042253342087039,nan
1.0,1.2,0.1,39,"demo_00 +10,+5 deg",False,0.09010496849042753,2.0018487862958496,nan
1.0,1.2,0.1,40,"demo_00 +10,+10 deg",False,0.18475909463423726,1.949709588084497,nan
1.0,1.2,0.1,41,"demo_00 +10,+15 deg",False,0.2916679670905905,1.8812727147940518,nan
1.0,1.2,0.1,42,"demo_00 +15,-15 deg",True,0.02099387905767925,0.0,0.0062947224217052514
1.0,1.2,0.1,43,"demo_00 +15,-10 deg",True,0.0037782797863009504,0.0,0.006295087500824118
1.0,1.2,0.1,44,"demo_00 +15,-5 deg",False,0.008441401578865386,2.0782388128176916,nan
1.0,1.2,0.1,45,"demo_00 +15,+0 deg",False,0.058653238085282215,1.9658058012139477,nan
1.0,1.2,0.1,46,"demo_00 +15,+5 deg",False,0.14336700181257275,1.9264997982520538,nan
1.0,1.2,0.1,47,"demo_00 +15,+10 deg",False,0.25319617245722853,1.9178916174942624,nan
1.0,1.2,0.1,48,"demo_00 +15,+15 deg",False,0.37185693189687674,1.8008223446012765,nan
1.0,1.35,0.01,0,"demo_00 -15,-15 deg",True,0.013766672483961946,0.0,0.005376649054647462
1.0,1.35,0.01,1,"demo_00 -15,-10 deg",True,0.009516615101674232,0.0,0.00573497697918696
1.0,1.35,0.01,2,"demo_00 -15,-5 deg",True,0.005917991235598963,0.0,0.005793223377456568
1.0,1.35,0.01,3,"demo_00 -15,+0 deg",True,0.00295074439674673,0.0,0.005797560611932534
1.0,1.35,0.01,4,"demo_00 -15,+5 deg",False,0.0006753622505870952,2.2151950765474835,nan
1.0,1.35,0.01,5,"demo_00 -15,+10 deg",False,0.0017291069974062349,2.2088654399031546,nan
1.0,1.35,0.01,6,"demo_00 -15,+15 deg",False,0.0036795704048101056,2.271370329073293,nan
1.0,1.35,0.01,7,"demo_00 -10,-15 deg",True,0.01213294670965964,0.0,0.005526818350486855
1.0,1.35,0.01,8,"demo_00 -10,-10 deg",True,0.008083584900638124,0.0,0.00577580214088941
1.0,1.35,0.01,9,"demo_00 -10,-5 deg",True,0.004675144926970487,0.0,0.0057970235767720625
1.0,1.35,0.01,10,"demo_00 -10,+0 deg",True,0.0018854227631395948,0.0,0.005796726688804811
1.0,1.35,0.01,11,"demo_00 -10,+5 deg",False,0.0005801000361669938,2.266177963663555,nan
1.0,1.35,0.01,12,"demo_00 -10,+10 deg",False,0.002458928347602709,2.3520461415634197,nan
1.0,1.35,0.01,13,"demo_00 -10,+15 deg",False,0.00437007216215331,2.2685391962317216,nan
1.0,1.35,0.01,14,"demo_00 -5,-15 deg",True,0.01040429218171662,0.0,0.005645112790290627
1.0,1.35,0.01,15,"demo_00 -5,-10 deg",True,0.00656919031036113,0.0,0.005788491449940498
1.0,1.35,0.01,16,"demo_00 -5,-5 deg",True,0.003366915196556283,0.0,0.005796319566249132
1.0,1.35,0.01,17,"demo_00 -5,+0 deg",True,0.0007648471679734461,0.0,0.005797345825227576
1.0,1.35,0.01,18,"demo_00 -5,+5 deg",False,0.0013613075807326386,2.39134914436752,nan
1.0,1.35,0.01,19,"demo_00 -5,+10 deg",False,0.0031788196906019656,2.3895980826897443,nan
1.0,1.35,0.01,20,"demo_00 -5,+15 deg",False,0.004993328030723194,2.320607513283141,nan
1.0,1.35,0.01,21,"demo_00 +0,-15 deg",True,0.008583265755033601,0.0,0.00572143139469235
1.0,1.35,0.01,22,"demo_00 +0,-10 deg",True,0.004979096607306016,0.0,0.005795874134974293
1.0,1.35,0.01,23,"demo_00 +0,-5 deg",True,0.0020118889480186183,0.0,0.005798646905193158
1.0,1.35,0.01,24,demo_00,True,0.0004466744123482185,0.005123683891492995,0.005800556429597001
1.0,1.35,0.01,25,"demo_00 +0,+5 deg",False,0.002289637632002798,2.410765643732095,nan
1.0,1.35,0.01,26,"demo_00 +0,+10 deg",False,0.0039055309497478827,2.4383426754068345,nan
1.0,1.35,0.01,27,"demo_00 +0,+15 deg",False,0.005567721323189793,2.3438741493477564,nan
1.0,1.35,0.01,28,"demo_00 +5,-15 deg",True,0.006675024536398269,0.0,0.005763592826597226
1.0,1.35,0.01,29,"demo_00 +5,-10 deg",True,0.003331805810544958,0.0,0.005797181167261432
1.0,1.35,0.01,30,"demo_00 +5,-5 deg",True,0.0007956467612630924,0.0,0.005796733367910408
1.0,1.35,0.01,31,"demo_00 +5,+0 deg",False,0.0016919590288169285,2.3765995432657303,nan
1.0,1.35,0.01,32,"demo_00 +5,+5 deg",False,0.0032887356555528174,2.430359829974288,nan
1.0,1.35,0.01,33,"demo_00 +5,+10 deg",False,0.0046551851202264825,2.416306173962681,nan
1.0,1.35,0.01,34,"demo_00 +5,+15 deg",False,0.006112423255000969,2.3621677039043223,nan
1.0,1.35,0.01,35,"demo_00 +10,-15 deg",True,0.004690965546720289,0.0,0.005784611491724642
1.0,1.35,0.01,36,"demo_00 +10,-10 deg",True,0.0017189016912099442,0.0,0.005796322565100005
1.0,1.35,0.01,37,"demo_00 +10,-5 deg",True,0.0013281062274425773,0.0,0.005799375271174566
1.0,1.35,0.01,38,"demo_00 +10,+0 deg",False,0.0030128705175344293,2.3525306898455383,nan
1.0,1.35,0.01,39,"demo_00 +10,+5 deg",False,0.004351492832992276,2.3070754878719075,nan
1.0,1.35,0.01,40,"demo_00 +10,+10 deg",False,0.005441023144735648,2.3002511417706093,nan
1.0,1.35,0.01,41,"demo_00 +10,+15 deg",False,0.006646327128795173,2.2809913253023435,nan
1.0,1.35,0.01,42,"demo_00 +15,-15 deg",True,0.002670055621816145,0.0,0.005792782178854789
1.0,1.35,0.01,43,"demo_00 +15,-10 deg",True,0.0011076712116606722,0.0,0.005800001050197189
1.0,1.35,0.01,44,"demo_00 +15,-5 deg",True,0.0028491663203311364,0.0,0.005797881341564971
1.0,1.35,0.01,45,"demo_00 +15,+0 deg",False,0.004399987657786009,2.255547984183252,nan
1.0,1.35,0.01,46,"demo_00 +15,+5 deg",False,0.00547626936086606,2.2873514477911128,nan
1.0,1.35,0.01,47,"demo_00 +15,+10 deg",False,0.006272496460219993,2.3254777806423763,nan
1.0,1.35,0.01,48,"demo_00 +15,+15 deg",False,0.007186898096281655,2.184431255486638,nan
1.0,1.35,0.02,0,"demo_00 -15,-15 deg",True,0.0219872493053013,0.0,0.005921626783283306
1.0,1.35,0.02,1,"demo_00 -15,-10 deg",True,0.014025110886857688,0.0,0.005923376163764114
1.0,1.35,0.02,2,"demo_00 -15,-5 deg",True,0.007689484894876819,0.0,0.005922979454113046
1.0,1.35,0.02,3,"demo_00 -15,+0 deg",True,0.0031781593748686724,0.0,0.005922489671321134
1.0,1.35,0.02,4,"demo_00 -15,+5 deg",True,0.0005915354489277116,0.0,0.005921622017806707
1.0,1.35,0.02,5,"demo_00 -15,+10 deg",True,0.001147448020445309,1.2141076468353644,0.005561616619379486
1.0,1.35,0.02,6,"demo_00 -15,+15 deg",False,0.0038874986906286086,2.3097199536926794,nan
1.0,1.35,0.02,7,"demo_00 -10,-15 deg",True,0.018816612142619035,0.0,0.005921933484577374
1.0,1.35,0.02,8,"demo_00 -10,-10 deg",True,0.011535611376993412,0.0,0.005921767894725942
1.0,1.35,0.02,9,"demo_00 -10,-5 deg",True,0.005888107728087534,0.0,0.005922375543417086
1.0,1.35,0.02,10,"demo_00 -10,+0 deg",True,0.0020101656608818635,0.0,0.005923334396937929
1.0,1.35,0.02,11,"demo_00 -10,+5 deg",True,0.00029240625356678887,0.1845418350703613,0.005924820310904401
1.0,1.35,0.02,12,"demo_00 -10,+10 deg",False,0.0022874074170975223,2.3950165231925507,nan
1.0,1.35,0.02,13,"demo_00 -10,+15 deg",False,0.005978104155256897,2.4742952077277183,nan
1.0,1.35,0.02,14,"demo_00 -5,-15 deg",True,0.0155778534559998,0.0,0.005922162321592778
1.0,1.35,0.02,15,"demo_00 -5,-10 deg",True,0.00899996681596527,0.0,0.005921737919583082
1.0,1.35,0.02,16,"demo_00 -5,-5 deg",True,0.0040592587017362625,0.0,0.005923359836265014
1.0,1.35,0.02,17,"demo_00 -5,+0 deg",True,0.0008210322424717407,0.0,0.0059244718996121805
1.0,1.35,0.02,18,"demo_00 -5,+5 deg",False,0.0011791935541940345,2.33450416329783,nan
1.0,1.35,0.02,19,"demo_00 -5,+10 deg",False,0.0035884953390671256,2.2499463861645244,nan
1.0,1.35,0.02,20,"demo_00 -5,+15 deg",False,0.008152804005592876,2.4373555301995413,nan
1.0,1.35,0.02,21,"demo_00 +0,-15 deg",True,0.012326498385980874,0.0,0.005922971468283484
1.0,1.35,0.02,22,"demo_00 +0,-10 deg",True,0.006479822897401953,0.0,0.00592443800202656
1.0,1.35,0.02,23,"demo_00 +0,-5 deg",True,0.0022758431926866423,0.0,0.005923513058917625
1.0,1.35,0.02,24,demo_00,True,0.0003667866736053542,0.004707200661047148,0.005922670360991719
1.0,1.35,0.02,25,"demo_00 +0,+5 deg",False,0.0020839324082347066,2.5613568193342613,nan
1.0,1.35,0.02,26,"demo_00 +0,+10 deg",False,0.004978640354164434,2.472436214434831,nan
1.0,1.35,0.02,27,"demo_00 +0,+15 deg",False,0.010435365114870077,2.216507620100309,nan
1.0,1.35,0.02,28,"demo_00 +5,-15 deg",True,0.009124994818334987,0.0,0.005921670127529936
1.0,1.35,0.02,29,"demo_00 +5,-10 deg",True,0.004054417079285266,0.0,0.005924565618823937
1.0,1.35,0.02,30,"demo_00 +5,-5 deg",True,0.0007757355864551083,0.0,0.005921798405777971
1.0,1.35,0.02,31,"demo_00 +5,+0 deg",False,0.0014623188668127227,2.3672663634194726,nan
1.0,1.35,0.02,32,"demo_00 +5,+5 deg",False,0.003014367304417336,2.53114226311712,nan
1.0,1.35,0.02,33,"demo_00 +5,+10 deg",False,0.0064926310903518575,2.3760035290887336,nan
1.0,1.35,0.02,34,"demo_00 +5,+15 deg",False,0.012883452309503256,2.178728020418069,nan
1.0,1.35,0.02,35,"demo_00 +10,-15 deg",True,0.0060468747984598606,0.0,0.005922615348904742
1.0,1.35,0.02,36,"demo_00 +10,-10 deg",True,0.001892605445177052,0.0,0.0059241562710555295
1.0,1.35,0.02,37,"demo_00 +10,-5 deg",True,0.0013323629569873777,0.0,0.005922695255628728
1.0,1.35,0.02,38,"demo_00 +10,+0 deg",False,0.002465818807651048,2.294576481597298,nan
1.0,1.35,0.02,39,"demo_00 +10,+5 deg",False,0.004003468367912606,2.3531968505449803,nan
1.0,1.35,0.02,40,"demo_00 +10,+10 deg",False,0.008193830354584207,2.162298652879411,nan
1.0,1.35,0.02,41,"demo_00 +10,+15 deg",False,0.015571968275071008,2.0452985168893756,nan
1.0,1.35,0.02,42,"demo_00 +15,-15 deg",True,0.0032029619270301435,0.0,0.005923807629282506
1.0,1.35,0.02,43,"demo_00 +15,-10 deg",True,0.001230665436533559,0.0,0.00592247004525887
1.0,1.35,0.02,44,"demo_00 +15,-5 deg",True,0.0026574825051979343,0.0,0.005924154576028505
1.0,1.35,0.02,45,"demo_00 +15,+0 deg",False,0.0033562130821098964,2.1911570981590343,nan
1.0,1.35,0.02,46,"demo_00 +15,+5 deg",False,0.005116715332899958,2.191485088650363,nan
1.0,1.35,0.02,47,"demo_00 +15,+10 deg",False,0.010165503426820197,2.1276282061213396,nan
1.0,1.35,0.02,48,"demo_00 +15,+15 deg",False,0.018589589270594866,1.9687028955081218,nan
1.0,1.35,0.03,0,"demo_00 -15,-15 deg",False,0.04447409436118245,1.783274644938795,nan
1.0,1.35,0.03,1,"demo_00 -15,-10 deg",True,0.02788888960453507,0.0,0.005951800524360677
1.0,1.35,0.03,2,"demo_00 -15,-5 deg",True,0.01427456319517463,0.0,0.005952661099578457
1.0,1.35,0.03,3,"demo_00 -15,+0 deg",True,0.004363407288331308,0.0,0.005953194462608192
1.0,1.35,0.03,4,"demo_00 -15,+5 deg",True,0.0014011235058269125,0.011646924995166702,0.00595221550940934
1.0,1.35,0.03,5,"demo_00 -15,+10 deg",False,0.0036057682434148188,2.232309364112804,nan
1.0,1.35,0.03,6,"demo_00 -15,+15 deg",False,0.008852948347943668,2.427605139535375,nan
1.0,1.35,0.03,7,"demo_00 -10,-15 deg",True,0.036591481312035566,0.0,0.005951856994559686
1.0,1.35,0.03,8,"demo_00 -10,-10 deg",True,0.021817253652905124,0.0,0.005950927164111043
1.0,1.35,0.03,9,"demo_00 -10,-5 deg",True,0.010220889913429692,0.0,0.005951062750631411
1.0,1.35,0.03,10,"demo_00 -10,+0 deg",True,0.0025178319517074996,0.0,0.0059519964860995376
1.0,1.35,0.03,11,"demo_00 -10,+5 deg",False,0.0011476205312255293,2.4320594612011615,nan
1.0,1.35,0.03,12,"demo_00 -10,+10 deg",False,0.004521993073339896,2.5371546324964545,nan
1.0,1.35,0.03,13,"demo_00 -10,+15 deg",False,0.013988206096382053,1.6643123884550985,nan
1.0,1.35,0.03,14,"demo_00 -5,-15 deg",True,0.028890906665494515,0.0,0.005951967642680336
1.0,1.35,0.03,15,"demo_00 -5,-10 deg",True,0.015984502151964838,0.0,0.0059530393749398745
1.0,1.35,0.03,16,"demo_00 -5,-5 deg",True,0.006456573196502962,0.0,0.005953346686877739
1.0,1.35,0.03,17,"demo_00 -5,+0 deg",True,0.0009381060681181158,0.0,0.005953150235541942
1.0,1.35,0.03,18,"demo_00 -5,+5 deg",False,0.0017475015548958587,2.275948607329001,nan
1.0,1.35,0.03,19,"demo_00 -5,+10 deg",False,0.007817959595683642,2.1437294084492677,nan
1.0,1.35,0.03,20,"demo_00 -5,+15 deg",False,0.020653235391275393,2.1467428060611384,nan
1.0,1.35,0.03,21,"demo_00 +0,-15 deg",True,0.02156301612666999,0.0,0.005951476077640458
1.0,1.35,0.03,22,"demo_00 +0,-10 deg",True,0.010600372903212687,0.0,0.005951685962731264
1.0,1.35,0.03,23,"demo_00 +0,-5 deg",True,0.0032149085739575484,0.0,0.005953216391747147
1.0,1.35,0.03,24,demo_00,True,0.0003072228956355183,0.0052795985131532264,0.005953390922357534
1.0,1.35,0.03,25,"demo_00 +0,+5 deg",False,0.003490337820742222,2.1206717064149987,nan
1.0,1.35,0.03,26,"demo_00 +0,+10 deg",False,0.012426449571466009,2.5385884181270963,nan
1.0,1.35,0.03,27,"demo_00 +0,+15 deg",False,0.028525866536730615,2.0896582069047853,nan
1.0,1.35,0.03,28,"demo_00 +5,-15 deg",True,0.01482064844180976,0.0,0.005951671516035627
1.0,1.35,0.03,29,"demo_00 +5,-10 deg",True,0.005908199391475556,0.0,0.00595166431646428
1.0,1.35,0.03,30,"demo_00 +5,-5 deg",True,0.0009333935119009856,0.0,0.005950821213081628
1.0,1.35,0.03,31,"demo_00 +5,+0 deg",False,0.0012574005684638475,2.287393405836415,nan
1.0,1.35,0.03,32,"demo_00 +5,+5 deg",False,0.006334730829055089,2.207572718537719,nan
1.0,1.35,0.03,33,"demo_00 +5,+10 deg",False,0.018285172004844055,2.336860705547135,nan
1.0,1.35,0.03,34,"demo_00 +5,+15 deg",False,0.03774801874390168,2.323031841204352,nan
1.0,1.35,0.03,35,"demo_00 +10,-15 deg",True,0.008901667124470566,0.0,0.005951782552899148
1.0,1.35,0.03,36,"demo_00 +10,-10 deg",True,0.002271966803321938,0.0,0.005951279846127613
1.0,1.35,0.03,37,"demo_00 +10,-5 deg",True,0.0013449589147852973,0.0,0.005951706876914649
1.0,1.35,0.03,38,"demo_00 +10,+0 deg",False,0.002618785590177071,2.180428519548988,nan
1.0,1.35,0.03,39,"demo_00 +10,+5 deg",False,0.01048609889279372,2.092101575224539,nan
1.0,1.35,0.03,40,"demo_00 +10,+10 deg",False,0.02562198272056493,2.038046521538761,nan
1.0,1.35,0.03,41,"demo_00 +10,+15 deg",False,0.048598907109271644,2.0031763344549693,nan
1.0,1.35,0.03,42,"demo_00 +15,-15 deg",True,0.004095234955458814,0.0,0.00595279898327551
1.0,1.35,0.03,43,"demo_00 +15,-10 deg",True,0.0014030974487197463,0.0,0.005950998219301873
1.0,1.35,0.03,44,"demo_00 +15,-5 deg",True,0.0020283458122126066,0.0,0.005951731993196666
1.0,1.35,0.03,45,"demo_00 +15,+0 deg",False,0.005224335807339068,2.2865971466140937,nan
1.0,1.35,0.03,46,"demo_00 +15,+5 deg",False,0.016251163424107984,2.0757071220840273,nan
1.0,1.35,0.03,47,"demo_00 +15,+10 deg",False,0.034753007965493396,2.429417126138943,nan
1.0,1.35,0.03,48,"demo_00 +15,+15 deg",False,0.06142018968666845,2.243798532719932,nan
1.0,1.35,0.05,0,"demo_00 -15,-15 deg",False,0.12684622378060753,1.0996765299635776,nan
1.0,1.35,0.05,1,"demo_00 -15,-10 deg",False,0.07864224118596531,0.8252476723454281,nan
1.0,1.35,0.05,2,"demo_00 -15,-5 deg",False,0.038220971338308575,0.4928850278944972,nan
1.0,1.35,0.05,3,"demo_00 -15,+0 deg",False,0.009197728933366187,1.6610282062448445,nan
1.0,1.35,0.05,4,"demo_00 -15,+5 deg",False,0.0069895975617133245,2.261074577375101,nan
1.0,1.35,0.05,5,"demo_00 -15,+10 deg",False,0.005639350633017679,2.214450996904798,nan
1.0,1.35,0.05,6,"demo_00 -15,+15 deg",False,0.01531880655165457,1.716238160009453,nan
1.0,1.35,0.05,7,"demo_00 -10,-15 deg",False,0.10334842972791662,1.85829485146714,nan
1.0,1.35,0.05,8,"demo_00 -10,-10 deg",False,0.06079300968861281,0.865446500551963,nan
1.0,1.35,0.05,9,"demo_00 -10,-5 deg",False,0.026696880037278672,1.0436451058199367,nan
1.0,1.35,0.05,10,"demo_00 -10,+0 deg",False,0.004464220260508541,1.7611779731835986,nan
1.0,1.35,0.05,11,"demo_00 -10,+5 deg",False,0.00310731918435234,1.6934999194739324,nan
1.0,1.35,0.05,12,"demo_00 -10,+10 deg",False,0.007955590176920166,1.7141496148545743,nan
1.0,1.35,0.05,13,"demo_00 -10,+15 deg",False,0.03648107490494013,1.022126230763702,nan
1.0,1.35,0.05,14,"demo_00 -5,-15 deg",False,0.08050202423982636,1.2751573521194781,nan
1.0,1.35,0.05,15,"demo_00 -5,-10 deg",True,0.043787164575175494,0.0,0.005911680409307492
1.0,1.35,0.05,16,"demo_00 -5,-5 deg",True,0.016243419184373675,0.0,0.005911563592560891
1.0,1.35,0.05,17,"demo_00 -5,+0 deg",True,0.0012574686576204439,0.0,0.005912079770839869
1.0,1.35,0.05,18,"demo_00 -5,+5 deg",False,0.0024698047957130314,1.4624566459534385,nan
1.0,1.35,0.05,19,"demo_00 -5,+10 deg",False,0.021480298083599764,1.4853837099335803,nan
1.0,1.35,0.05,20,"demo_00 -5,+15 deg",False,0.05983609153337704,1.5677446453087178,nan
1.0,1.35,0.05,21,"demo_00 +0,-15 deg",True,0.058840953214770134,0.0,0.005912132841634745
1.0,1.35,0.05,22,"demo_00 +0,-10 deg",True,0.028202501192787936,0.0,0.0059115342968248065
1.0,1.35,0.05,23,"demo_00 +0,-5 deg",True,0.007457630992958611,0.0,0.005912831827921118
1.0,1.35,0.05,24,demo_00,True,0.0002284381554109173,0.005120802729800375,0.005913097506824263
1.0,1.35,0.05,25,"demo_00 +0,+5 deg",False,0.009446571456494367,1.642623308515771,nan
1.0,1.35,0.05,26,"demo_00 +0,+10 deg",False,0.037855816359823165,1.2239702640636394,nan
1.0,1.35,0.05,27,"demo_00 +0,+15 deg",False,0.08628520204980517,0.5023148281440954,nan
1.0,1.35,0.05,28,"demo_00 +5,-15 deg",True,0.03908136292978315,0.0,0.005912614075315262
1.0,1.35,0.05,29,"demo_00 +5,-10 deg",True,0.014810891124292196,0.0,0.0059119875753237865
1.0,1.35,0.05,30,"demo_00 +5,-5 deg",True,0.001325462498855413,0.0,0.005911615472284559
1.0,1.35,0.05,31,"demo_00 +5,+0 deg",False,0.0020990686095259566,1.0210766523938262,nan
1.0,1.35,0.05,32,"demo_00 +5,+5 deg",False,0.019904379298187738,1.2810567207200738,nan
1.0,1.35,0.05,33,"demo_00 +5,+10 deg",False,0.05801161871075961,1.969996771590904,nan
1.0,1.35,0.05,34,"demo_00 +5,+15 deg",False,0.11700956393115947,1.5255052420327453,nan
1.0,1.35,0.05,35,"demo_00 +10,-15 deg",True,0.022099425793729782,0.0,0.005912012775204734
1.0,1.35,0.05,36,"demo_00 +10,-10 deg",True,0.004626158196279778,0.0,0.00591203700106188
1.0,1.35,0.05,37,"demo_00 +10,-5 deg",True,0.002380415136658577,0.0,0.005912509891788577
1.0,1.35,0.05,38,"demo_00 +10,+0 deg",False,0.007722619564053482,1.2824626570177127,nan
1.0,1.35,0.05,39,"demo_00 +10,+5 deg",False,0.034805177535796934,1.0834167164536894,nan
1.0,1.35,0.05,40,"demo_00 +10,+10 deg",False,0.08315945651167425,0.4539967242937394,nan
1.0,1.35,0.05,41,"demo_00 +10,+15 deg",False,0.15332967388982208,0.8537474280127351,nan
1.0,1.35,0.05,42,"demo_00 +15,-15 deg",True,0.008925394971216926,0.0,0.0059130430302913265
1.0,1.35,0.05,43,"demo_00 +15,-10 deg",True,0.0023248013551494077,0.0,0.0059128660828415055
1.0,1.35,0.05,44,"demo_00 +15,-5 deg",True,0.0030132959701742266,0.0,0.005912393100830786
1.0,1.35,0.05,45,"demo_00 +15,+0 deg",False,0.01838321870965798,1.4755910503597938,nan
1.0,1.35,0.05,46,"demo_00 +15,+5 deg",False,0.05536398707741418,1.5002655468625044,nan
1.0,1.35,0.05,47,"demo_00 +15,+10 deg",False,0.11463446158055246,1.3421121818907373,nan
1.0,1.35,0.05,48,"demo_00 +15,+15 deg",False,0.19666731061198034,1.1578601521256364,nan
1.0,1.35,0.1,0,"demo_00 -15,-15 deg",False,0.4007853192280715,2.260138766750034,nan
1.0,1.35,0.1,1,"demo_00 -15,-10 deg",False,0.27526886728181343,2.1698886171474085,nan
1.0,1.35,0.1,2,"demo_00 -15,-5 deg",False,0.1626685207806675,1.5863603000829345,nan
1.0,1.35,0.1,3,"demo_00 -15,+0 deg",False,0.07718457731866932,0.868903019942829,nan
1.0,1.35,0.1,4,"demo_00 -15,+5 deg",False,0.02632481751916145,0.8517648151450192,nan
1.0,1.35,0.1,5,"demo_00 -15,+10 deg",False,0.012116603870133764,0.9235394060165665,nan
1.0,1.35,0.1,6,"demo_00 -15,+15 deg",False,0.07036168822140096,2.301063606655489,nan
1.0,1.35,0.1,7,"demo_00 -10,-15 deg",False,0.31496030538621633,1.0053956072314787,nan
1.0,1.35,0.1,8,"demo_00 -10,-10 deg",False,0.19717837363194318,0.7029760784932902,nan
1.0,1.35,0.1,9,"demo_00 -10,-5 deg",False,0.09795383815906615,0.8294546298547343,nan
1.0,1.35,0.1,10,"demo_00 -10,+0 deg",False,0.03166925597949601,2.3080535646633105,nan
1.0,1.35,0.1,11,"demo_00 -10,+5 deg",False,0.005622422190107991,0.9967161598169767,nan
1.0,1.35,0.1,12,"demo_00 -10,+10 deg",False,0.024262408945686875,1.0345271962349547,nan
1.0,1.35,0.1,13,"demo_00 -10,+15 deg",False,0.06906108342107224,1.2739758376423087,nan
1.0,1.35,0.1,14,"demo_00 -5,-15 deg",False,0.23966427570520832,1.4444842308405241,nan
1.0,1.35,0.1,15,"demo_00 -5,-10 deg",False,0.13315851465961134,2.397986931877168,nan
1.0,1.35,0.1,16,"demo_00 -5,-5 deg",False,0.050871457762233306,0.8414349946321164,nan
1.0,1.35,0.1,17,"demo_00 -5,+0 deg",False,0.006451876386125993,0.8854955337482308,nan
1.0,1.35,0.1,18,"demo_00 -5,+5 deg",False,0.008679137620661507,0.9856812860467821,nan
1.0,1.35,0.1,19,"demo_00 -5,+10 deg",False,0.05512620062955792,0.829116099059679,nan
1.0,1.35,0.1,20,"demo_00 -5,+15 deg",False,0.12042091040641092,0.7583645247838764,nan
1.0,1.35,0.1,21,"demo_00 +0,-15 deg",False,0.1729055547213532,0.8919498223911554,nan
1.0,1.35,0.1,22,"demo_00 +0,-10 deg",False,0.08120972536760043,0.8175364545888204,nan
1.0,1.35,0.1,23,"demo_00 +0,-5 deg",True,0.019351753501691632,0.0,0.005969291058458972
1.0,1.35,0.1,24,demo_00,True,0.00020294141364171305,0.004055656002601926,0.005969267968724748
1.0,1.35,0.1,25,"demo_00 +0,+5 deg",False,0.031393287994165325,0.8689117264458711,nan
1.0,1.35,0.1,26,"demo_00 +0,+10 deg",False,0.10867242043668711,0.8030637958894293,nan
1.0,1.35,0.1,27,"demo_00 +0,+15 deg",False,0.2047899610647607,0.7330142538313889,nan
1.0,1.35,0.1,28,"demo_00 +5,-15 deg",True,0.11394647663567752,0.0,0.005969320887513035
1.0,1.35,0.1,29,"demo_00 +5,-10 deg",True,0.04047921283281381,0.0,0.005969344545272222
1.0,1.35,0.1,30,"demo_00 +5,-5 deg",True,0.0020953012297182157,0.0,0.005969214657944606
1.0,1.35,0.1,31,"demo_00 +5,+0 deg",False,0.011537162750863725,1.4233392684656918,nan
1.0,1.35,0.1,32,"demo_00 +5,+5 deg",False,0.07422773414080974,0.9588401326335134,nan
1.0,1.35,0.1,33,"demo_00 +5,+10 deg",False,0.18469196940023327,0.7658867992471928,nan
1.0,1.35,0.1,34,"demo_00 +5,+15 deg",False,0.31213879757988966,0.7030839308165648,nan
1.0,1.35,0.1,35,"demo_00 +10,-15 deg",True,0.06364774461341079,0.0,0.005969242234828656
1.0,1.35,0.1,36,"demo_00 +10,-10 deg",True,0.011605082589938616,0.0,0.0059693129407267466
1.0,1.35,0.1,37,"demo_00 +10,-5 deg",True,0.00497304023765198,0.0,0.005969290753078531
1.0,1.35,0.1,38,"demo_00 +10,+0 deg",False,0.04118907032559491,0.8345147677261024,nan
1.0,1.35,0.1,39,"demo_00 +10,+5 deg",False,0.1384053864231047,0.773214733136178,nan
1.0,1.35,0.1,40,"demo_00 +10,+10 deg",False,0.2840113504225725,0.7107484667506919,nan
1.0,1.35,0.1,41,"demo_00 +10,+15 deg",False,0.44064497572313593,0.7695091361117792,nan
1.0,1.35,0.1,42,"demo_00 +15,-15 deg",True,0.02464536529460522,0.0,0.005969264485536713
1.0,1.35,0.1,43,"demo_00 +15,-10 deg",True,0.004332690537548074,0.0,0.0059693272344591665
1.0,1.35,0.1,44,"demo_00 +15,-5 deg",False,0.018570869528889544,1.1410557483783852,nan
1.0,1.35,0.1,45,"demo_00 +15,+0 deg",False,0.09064926023411425,1.0882194353786114,nan
1.0,1.35,0.1,46,"demo_00 +15,+5 deg",False,0.22592066904663052,0.7208515836433229,nan
1.0,1.35,0.1,47,"demo_00 +15,+10 deg",False,0.4083828736067586,0.6582587717107866,nan
1.0,1.35,0.1,48,"demo_00 +15,+15 deg",False,0.5901736823711898,0.7996985917242947,nan
1.0,1.5,0.01,0,"demo_00 -15,-15 deg",False,0.029712801368376927,0.0,0.005440517347142596
1.0,1.5,0.01,1,"demo_00 -15,-10 deg",False,0.02356621717719926,0.0,0.005763280967986041
1.0,1.5,0.01,2,"demo_00 -15,-5 deg",True,0.018128760933806016,0.0,0.005719917603761192
1.0,1.5,0.01,3,"demo_00 -15,+0 deg",True,0.013426531079262938,0.0,0.0057226682591526735
1.0,1.5,0.01,4,"demo_00 -15,+5 deg",False,0.009501230845259565,0.5093372209658427,nan
1.0,1.5,0.01,5,"demo_00 -15,+10 deg",False,0.00648918737917959,0.4892747119255232,nan
1.0,1.5,0.01,6,"demo_00 -15,+15 deg",False,0.004804910731744367,0.47431096823324237,nan
1.0,1.5,0.01,7,"demo_00 -10,-15 deg",False,0.024348836910061154,0.0,0.005658545975564182
1.0,1.5,0.01,8,"demo_00 -10,-10 deg",False,0.018519302458168165,0.0,0.00572650635920199
1.0,1.5,0.01,9,"demo_00 -10,-5 deg",True,0.013388462272333902,0.0,0.005724243411952325
1.0,1.5,0.01,10,"demo_00 -10,+0 deg",True,0.008991728733602222,0.0,0.0057222765938611175
1.0,1.5,0.01,11,"demo_00 -10,+5 deg",False,0.00543902195079524,0.5766517699919419,nan
1.0,1.5,0.01,12,"demo_00 -10,+10 deg",False,0.003287414310932201,0.5433581311099354,nan
1.0,1.5,0.01,13,"demo_00 -10,+15 deg",False,0.0037187378003669743,0.5203913060836893,nan
1.0,1.5,0.01,14,"demo_00 -5,-15 deg",False,0.019020669192830023,0.0,0.006309058342517709
1.0,1.5,0.01,15,"demo_00 -5,-10 deg",False,0.013503557899893192,0.0,0.005727347534051837
1.0,1.5,0.01,16,"demo_00 -5,-5 deg",True,0.008673060760428605,0.0,0.005721877663957922
1.0,1.5,0.01,17,"demo_00 -5,+0 deg",True,0.004584630881312793,0.0,0.005721472505820638
1.0,1.5,0.01,18,"demo_00 -5,+5 deg",False,0.0018037844002171018,0.6322867233051073,nan
1.0,1.5,0.01,19,"demo_00 -5,+10 deg",False,0.0030247945070736395,0.579113306606254,nan
1.0,1.5,0.01,20,"demo_00 -5,+15 deg",False,0.005477155254145506,0.565027074040647,nan
1.0,1.5,0.01,21,"demo_00 +0,-15 deg",False,0.013744096735516008,0.0,0.006631736338275515
1.0,1.5,0.01,22,"demo_00 +0,-10 deg",True,0.008538803034173075,0.0,0.005715341416764563
1.0,1.5,0.01,23,"demo_00 +0,-5 deg",True,0.0040010423850665115,0.0,0.005722330803784188
1.0,1.5,0.01,24,demo_00,True,0.0004481270737198311,0.00431125542901289,0.005719518119420017
1.0,1.5,0.01,25,"demo_00 +0,+5 deg",False,0.003262611067645698,0.6288969382481935,nan
1.0,1.5,0.01,26,"demo_00 +0,+10 deg",False,0.006032602165364394,0.5930182234404363,nan
1.0,1.5,0.01,27,"demo_00 +0,+15 deg",False,0.008410097307211317,0.6156576529331201,nan
1.0,1.5,0.01,28,"demo_00 +5,-15 deg",False,0.008553074955322698,0.0,0.005739281270351167
1.0,1.5,0.01,29,"demo_00 +5,-10 deg",True,0.0036977695176684867,0.0,0.005726176318901417
1.0,1.5,0.01,30,"demo_00 +5,-5 deg",True,0.0007945888705060964,0.0,0.005720236174383726
1.0,1.5,0.01,31,"demo_00 +5,+0 deg",False,0.004168273237251421,0.6449730689415835,nan
1.0,1.5,0.01,32,"demo_00 +5,+5 deg",False,0.007116787060117253,0.5784262770640709,nan
1.0,1.5,0.01,33,"demo_00 +5,+10 deg",False,0.009555970688853799,0.5546466352636082,nan
1.0,1.5,0.01,34,"demo_00 +5,+15 deg",True,0.011605042530863214,0.6396153203760203,0.005722573207948958
1.0,1.5,0.01,35,"demo_00 +10,-15 deg",True,0.003598245609797166,0.0,0.005719720213864458
1.0,1.5,0.01,36,"demo_00 +10,-10 deg",True,0.0017518983006567157,0.0,0.0057130019399350964
1.0,1.5,0.01,37,"demo_00 +10,-5 deg",True,0.005245730145309351,0.0,0.005721773938761137
1.0,1.5,0.01,38,"demo_00 +10,+0 deg",False,0.008421220068592625,0.5973436931067378,nan
1.0,1.5,0.01,39,"demo_00 +10,+5 deg",False,0.011025604664555846,0.532367720894659,nan
1.0,1.5,0.01,40,"demo_00 +10,+10 deg",False,0.013119636716770204,0.5172861253232595,nan
1.0,1.5,0.01,41,"demo_00 +10,+15 deg",True,0.014830525385169945,0.6439104189896406,0.005720770074421299
1.0,1.5,0.01,42,"demo_00 +15,-15 deg",False,0.0024341374835102,0.0,0.005734457676194759
1.0,1.5,0.01,43,"demo_00 +15,-10 deg",True,0.00622703286316181,0.0,0.005715147264689836
1.0,1.5,0.01,44,"demo_00 +15,-5 deg",True,0.009712919685964678,0.0,0.005718282601489629
1.0,1.5,0.01,45,"demo_00 +15,+0 deg",False,0.012588543829385665,0.545779289621127,nan
1.0,1.5,0.01,46,"demo_00 +15,+5 deg",False,0.014865646633692088,0.4801706880920915,nan
1.0,1.5,0.01,47,"demo_00 +15,+10 deg",False,0.01662414631028694,0.5041474584534114,nan
1.0,1.5,0.01,48,"demo_00 +15,+15 deg",True,0.018000845291400083,0.6310790111295439,0.0057165270986201805
1.0,1.5,0.02,0,"demo_00 -15,-15 deg",True,0.032256462594486106,0.0,0.005771294527236071
1.0,1.5,0.02,1,"demo_00 -15,-10 deg",True,0.02421647555915867,0.0,0.005773392300590506
1.0,1.5,0.02,2,"demo_00 -15,-5 deg",True,0.018286099825891754,0.0,0.00575973119248942
1.0,1.5,0.02,3,"demo_00 -15,+0 deg",True,0.014577855499988211,0.0,0.005765704180135485
1.0,1.5,0.02,4,"demo_00 -15,+5 deg",False,0.012533010125219174,0.10600691094921144,nan
1.0,1.5,0.02,5,"demo_00 -15,+10 deg",False,0.010970411709146526,0.10288858619476543,nan
1.0,1.5,0.02,6,"demo_00 -15,+15 deg",False,0.008815585587454643,0.18632020196538288,nan
1.0,1.5,0.02,7,"demo_00 -10,-15 deg",True,0.02641208743151158,0.0,0.0057577875744695235
1.0,1.5,0.02,8,"demo_00 -10,-10 deg",False,0.01911535650163521,0.0,0.005764080496188734
1.0,1.5,0.02,9,"demo_00 -10,-5 deg",True,0.013768256403049076,0.0,0.005763198272836193
1.0,1.5,0.02,10,"demo_00 -10,+0 deg",True,0.01028505017001748,0.0,0.005769137953905714
1.0,1.5,0.02,11,"demo_00 -10,+5 deg",False,0.00794546054843339,0.17695898754614434,nan
1.0,1.5,0.02,12,"demo_00 -10,+10 deg",False,0.005605237983239114,0.1873980714323235,nan
1.0,1.5,0.02,13,"demo_00 -10,+15 deg",False,0.0026804974130515075,0.2958314428177504,nan
1.0,1.5,0.02,14,"demo_00 -5,-15 deg",False,0.02085907277755669,0.0,0.005777774363472081
1.0,1.5,0.02,15,"demo_00 -5,-10 deg",False,0.014133722841926967,0.0,0.0057607993833699266
1.0,1.5,0.02,16,"demo_00 -5,-5 deg",True,0.009100252192728524,0.0,0.00576614993591741
1.0,1.5,0.02,17,"demo_00 -5,+0 deg",True,0.00549095042254767,0.0,0.005765337057423597
1.0,1.5,0.02,18,"demo_00 -5,+5 deg",False,0.0025595280114801746,0.2418878435404021,nan
1.0,1.5,0.02,19,"demo_00 -5,+10 deg",False,0.001467442632257294,0.29179051654234267,nan
1.0,1.5,0.02,20,"demo_00 -5,+15 deg",True,0.006102755097303167,0.40998198696890154,0.005766835258677399
1.0,1.5,0.02,21,"demo_00 +0,-15 deg",False,0.015492900967503847,0.0,0.00576559171740903
1.0,1.5,0.02,22,"demo_00 +0,-10 deg",True,0.009182294885571417,0.0,0.005758294913260694
1.0,1.5,0.02,23,"demo_00 +0,-5 deg",True,0.004258004186018497,0.0,0.0057639407946786046
1.0,1.5,0.02,24,demo_00,True,0.000524827442359903,0.004032609159075327,0.0057674953767819885
1.0,1.5,0.02,25,"demo_00 +0,+5 deg",False,0.0037265275628332677,0.28263983304014545,nan
1.0,1.5,0.02,26,"demo_00 +0,+10 deg",False,0.008480331781950269,0.36776570840471323,nan
1.0,1.5,0.02,27,"demo_00 +0,+15 deg",True,0.0148561093511418,0.4853183449308243,0.0057710813027193756
1.0,1.5,0.02,28,"demo_00 +5,-15 deg",False,0.010248807349601667,0.0,0.005775000243305872
1.0,1.5,0.02,29,"demo_00 +5,-10 deg",False,0.004403204526930661,0.0,0.005765176508367814
1.0,1.5,0.02,30,"demo_00 +5,-5 deg",True,0.002167697637817436,0.0002466938017989546,0.005765665509911544
1.0,1.5,0.02,31,"demo_00 +5,+0 deg",False,0.005924781452163735,0.242934903606385,nan
1.0,1.5,0.02,32,"demo_00 +5,+5 deg",False,0.010693811667460834,0.26865317425362834,nan
1.0,1.5,0.02,33,"demo_00 +5,+10 deg",True,0.0167424074383236,0.43786662153619316,0.0057675213888130905
1.0,1.5,0.02,34,"demo_00 +5,+15 deg",False,0.02464607731743456,0.5352826558275419,0.006078283765967004
1.0,1.5,0.02,35,"demo_00 +10,-15 deg",False,0.005202820212032165,0.0,0.005763831975932574
1.0,1.5,0.02,36,"demo_00 +10,-10 deg",True,0.0029611222814808695,0.0,0.005768664105700534
1.0,1.5,0.02,37,"demo_00 +10,-5 deg",True,0.00733873629206796,0.0,0.005763011802037044
1.0,1.5,0.02,38,"demo_00 +10,+0 deg",False,0.012401295756777122,0.2140000786702521,nan
1.0,1.5,0.02,39,"demo_00 +10,+5 deg",False,0.018295206433939632,0.30493927492467277,nan
1.0,1.5,0.02,40,"demo_00 +10,+10 deg",False,0.025711356971526014,0.4807128072511112,0.005753859509308337
1.0,1.5,0.02,41,"demo_00 +10,+15 deg",False,0.035178359481900685,0.5762605086681573,0.005888087679215007
1.0,1.5,0.02,42,"demo_00 +15,-15 deg",False,0.0022890972490469006,0.0,0.005778171747412863
1.0,1.5,0.02,43,"demo_00 +15,-10 deg",False,0.0075416757154164035,0.0,0.005770589436896067
1.0,1.5,0.02,44,"demo_00 +15,-5 deg",True,0.013249373644719802,0.0,0.005768576800435231
1.0,1.5,0.02,45,"demo_00 +15,+0 deg",False,0.019273699643304134,0.22608184255547875,nan
1.0,1.5,0.02,46,"demo_00 +15,+5 deg",True,0.02635285168400388,0.36278695703558284,0.005767376655202615
1.0,1.5,0.02,47,"demo_00 +15,+10 deg",False,0.03517235085849386,0.5103565893893367,0.005873258594697187
1.0,1.5,0.02,48,"demo_00 +15,+15 deg",False,0.0462219597674998,0.5849609288011408,0.0063579632733120105
1.0,1.5,0.03,0,"demo_00 -15,-15 deg",False,0.050878549050354605,2.1893375633850325,nan
1.0,1.5,0.03,1,"demo_00 -15,-10 deg",False,0.03333263687131595,1.9944957907948542,nan
1.0,1.5,0.03,2,"demo_00 -15,-5 deg",False,0.01923316337108492,1.912743092220786,nan
1.0,1.5,0.03,3,"demo_00 -15,+0 deg",False,0.009942912950331825,2.086081968504568,nan
1.0,1.5,0.03,4,"demo_00 -15,+5 deg",False,0.007890277758279078,2.3676697113845577,nan
1.0,1.5,0.03,5,"demo_00 -15,+10 deg",False,0.009375765510535903,2.251063706321513,nan
1.0,1.5,0.03,6,"demo_00 -15,+15 deg",False,0.009005409301538474,2.14561662843427,nan
1.0,1.5,0.03,7,"demo_00 -10,-15 deg",True,0.04135481339185836,0.0,0.005804459560709465
1.0,1.5,0.03,8,"demo_00 -10,-10 deg",True,0.02578254879480601,0.0,0.005806368728483556
1.0,1.5,0.03,9,"demo_00 -10,-5 deg",True,0.01405543278976314,0.0,0.00580452237192244
1.0,1.5,0.03,10,"demo_00 -10,+0 deg",True,0.0075930051518274,0.0,0.005804283328249699
1.0,1.5,0.03,11,"demo_00 -10,+5 deg",False,0.006742516011743668,2.1384680638462648,nan
1.0,1.5,0.03,12,"demo_00 -10,+10 deg",False,0.006441455699169029,2.3733187237603532,nan
1.0,1.5,0.03,13,"demo_00 -10,+15 deg",False,0.004307896651340899,2.3346684688913513,nan
1.0,1.5,0.03,14,"demo_00 -5,-15 deg",True,0.03327827752243301,0.0,0.005803535235125586
1.0,1.5,0.03,15,"demo_00 -5,-10 deg",True,0.019631543411820666,0.0,0.005800393118273296
1.0,1.5,0.03,16,"demo_00 -5,-5 deg",True,0.009878066560495172,0.0,0.005802936624193331
1.0,1.5,0.03,17,"demo_00 -5,+0 deg",True,0.004670109869936514,0.0,0.005804511084555948
1.0,1.5,0.03,18,"demo_00 -5,+5 deg",False,0.0029926659922910686,2.5872199394396747,nan
1.0,1.5,0.03,19,"demo_00 -5,+10 deg",False,0.002717062784984774,2.4341170237325307,nan
1.0,1.5,0.03,20,"demo_00 -5,+15 deg",False,0.00861756612867639,1.9893381676850468,nan
1.0,1.5,0.03,21,"demo_00 +0,-15 deg",True,0.026278185959931102,0.0,0.005809736552427881
1.0,1.5,0.03,22,"demo_00 +0,-10 deg",True,0.014322218670637082,0.0,0.005798982662263695
1.0,1.5,0.03,23,"demo_00 +0,-5 deg",True,0.0058503137470730885,0.0,0.005801736006826006
1.0,1.5,0.03,24,demo_00,True,0.0005313331982627194,0.003951021114440332,0.005804704482988685
1.0,1.5,0.03,25,"demo_00 +0,+5 deg",False,0.004457198446064352,2.503946700892912,nan
1.0,1.5,0.03,26,"demo_00 +0,+10 deg",False,0.011133404338505067,2.563263201193007,nan
1.0,1.5,0.03,27,"demo_00 +0,+15 deg",False,0.02168881594493937,2.012081467128781,nan
1.0,1.5,0.03,28,"demo_00 +5,-15 deg",True,0.01996089490929623,0.0,0.00581519695879296
1.0,1.5,0.03,29,"demo_00 +5,-10 deg",True,0.009389640010166324,0.0,0.00580863374233827
1.0,1.5,0.03,30,"demo_00 +5,-5 deg",True,0.0030196168843684415,0.0,0.005807782562716276
1.0,1.5,0.03,31,"demo_00 +5,+0 deg",False,0.006665200587435815,2.6457520125195892,nan
1.0,1.5,0.03,32,"demo_00 +5,+5 deg",False,0.013774848109485595,2.169168524992708,nan
1.0,1.5,0.03,33,"demo_00 +5,+10 deg",False,0.0238933416797615,2.0384545677667716,nan
1.0,1.5,0.03,34,"demo_00 +5,+15 deg",False,0.038241294803384826,2.408366982860911,nan
1.0,1.5,0.03,35,"demo_00 +10,-15 deg",False,0.014008287377005902,0.0,0.005802528560039289
1.0,1.5,0.03,36,"demo_00 +10,-10 deg",True,0.004994142013897831,0.0,0.005808680500826141
1.0,1.5,0.03,37,"demo_00 +10,-5 deg",True,0.007006612630975257,0.0,0.005804591181077381
1.0,1.5,0.03,38,"demo_00 +10,+0 deg",False,0.015042333365848313,2.249921978086027,nan
1.0,1.5,0.03,39,"demo_00 +10,+5 deg",False,0.025312941630227397,2.1624581271303684,nan
1.0,1.5,0.03,40,"demo_00 +10,+10 deg",False,0.03902658735524174,2.384267113019657,nan
1.0,1.5,0.03,41,"demo_00 +10,+15 deg",False,0.05729744002459406,1.89277152285317,nan
1.0,1.5,0.03,42,"demo_00 +15,-15 deg",True,0.008271588407707102,0.0,0.005808234888143192
1.0,1.5,0.03,43,"demo_00 +15,-10 deg",True,0.0045291308889554675,0.0,0.005805197777481086
1.0,1.5,0.03,44,"demo_00 +15,-5 deg",False,0.013686926015878,2.0763531954762215,nan
1.0,1.5,0.03,45,"demo_00 +15,+0 deg",False,0.024710197002668334,2.173672344774231,nan
1.0,1.5,0.03,46,"demo_00 +15,+5 deg",False,0.03833004818219575,2.259018546247636,nan
1.0,1.5,0.03,47,"demo_00 +15,+10 deg",False,0.055761110214840724,2.3725310599271103,nan
1.0,1.5,0.03,48,"demo_00 +15,+15 deg",False,0.07811812472807841,2.2053117809196143,nan
1.0,1.5,0.05,0,"demo_00 -15,-15 deg",False,0.18931776202330985,0.8014556727281963,nan
1.0,1.5,0.05,1,"demo_00 -15,-10 deg",False,0.12150007319751499,1.7873273180972205,nan
1.0,1.5,0.05,2,"demo_00 -15,-5 deg",False,0.06630494487458159,1.7642977013268242,nan
1.0,1.5,0.05,3,"demo_00 -15,+0 deg",False,0.029216713737935014,1.3092539564768946,nan
1.0,1.5,0.05,4,"demo_00 -15,+5 deg",False,0.009313307844256212,0.733423509983556,nan
1.0,1.5,0.05,5,"demo_00 -15,+10 deg",False,0.021757928856518734,1.9552864765175921,nan
1.0,1.5,0.05,6,"demo_00 -15,+15 deg",False,0.054621468728719307,1.7464325295903387,nan
1.0,1.5,0.05,7,"demo_00 -10,-15 deg",False,0.14807949442218749,1.000724965081388,nan
1.0,1.5,0.05,8,"demo_00 -10,-10 deg",False,0.08707941563417307,0.3834927943919958,nan
1.0,1.5,0.05,9,"demo_00 -10,-5 deg",False,0.04000225805259048,2.511398950788868,nan
1.0,1.5,0.05,10,"demo_00 -10,+0 deg",False,0.011140443269184293,0.9976483321951675,nan
1.0,1.5,0.05,11,"demo_00 -10,+5 deg",False,0.007028925104731617,0.6921056500752,nan
1.0,1.5,0.05,12,"demo_00 -10,+10 deg",False,0.02716402734927984,1.9775862291509987,nan
1.0,1.5,0.05,13,"demo_00 -10,+15 deg",False,0.06127540820116601,0.6284522621978151,nan
1.0,1.5,0.05,14,"demo_00 -5,-15 deg",False,0.11315947690320251,0.6403571627493124,nan
1.0,1.5,0.05,15,"demo_00 -5,-10 deg",False,0.059940820501901,0.6471613974637399,nan
1.0,1.5,0.05,16,"demo_00 -5,-5 deg",False,0.021764059645728626,2.332643809113694,nan
1.0,1.5,0.05,17,"demo_00 -5,+0 deg",False,0.0030444312758341036,0.7457056800380286,nan
1.0,1.5,0.05,18,"demo_00 -5,+5 deg",False,0.009582022653309114,2.2572303215323513,nan
1.0,1.5,0.05,19,"demo_00 -5,+10 deg",False,0.03150469471679177,0.8938856385889924,nan
1.0,1.5,0.05,20,"demo_00 -5,+15 deg",False,0.07324484033736468,2.0941101231682095,nan
1.0,1.5,0.05,21,"demo_00 +0,-15 deg",False,0.08391282475087805,0.7909811647505365,nan
1.0,1.5,0.05,22,"demo_00 +0,-10 deg",True,0.03897325378265996,0.0,0.00564927012760239
1.0,1.5,0.05,23,"demo_00 +0,-5 deg",True,0.009890200891110656,0.0,0.005648031172983757
1.0,1.5,0.05,24,demo_00,True,0.0003853446893102045,0.003936434794654058,0.005649673743244313
1.0,1.5,0.05,25,"demo_00 +0,+5 deg",False,0.011180022953261815,2.2050524127517224,nan
1.0,1.5,0.05,26,"demo_00 +0,+10 deg",False,0.041862473402347306,0.848485592482959,nan
1.0,1.5,0.05,27,"demo_00 +0,+15 deg",False,0.09776784440377641,1.2102985007372917,nan
1.0,1.5,0.05,28,"demo_00 +5,-15 deg",True,0.05901756252104518,0.0,0.005648339577621038
1.0,1.5,0.05,29,"demo_00 +5,-10 deg",True,0.022416364759186888,0.0,0.005650354091040611
1.0,1.5,0.05,30,"demo_00 +5,-5 deg",True,0.0029368943664575104,0.0008353450499193477,0.005649588364317483
1.0,1.5,0.05,31,"demo_00 +5,+0 deg",False,0.008093866504184396,2.0471988714182965,nan
1.0,1.5,0.05,32,"demo_00 +5,+5 deg",False,0.02498874561548715,0.9098793637433042,nan
1.0,1.5,0.05,33,"demo_00 +5,+10 deg",False,0.06603191120076289,0.9964964768115342,nan
1.0,1.5,0.05,34,"demo_00 +5,+15 deg",False,0.13972469006043037,0.7501865072884151,nan
1.0,1.5,0.05,35,"demo_00 +10,-15 deg",True,0.03765176692906411,0.0,0.005659223742517797
1.0,1.5,0.05,36,"demo_00 +10,-10 deg",True,0.009013636634140303,0.0,0.0056506713680886216
1.0,1.5,0.05,37,"demo_00 +10,-5 deg",True,0.008998255022970228,0.0,0.005648614907510365
1.0,1.5,0.05,38,"demo_00 +10,+0 deg",False,0.021817936562002427,0.6032660950650726,nan
1.0,1.5,0.05,39,"demo_00 +10,+5 deg",False,0.04916444994072993,0.48473536193899913,nan
1.0,1.5,0.05,40,"demo_00 +10,+10 deg",False,0.10414203594718363,2.080782817591311,nan
1.0,1.5,0.05,41,"demo_00 +10,+15 deg",False,0.19940622159266908,0.6451036937561222,nan
1.0,1.5,0.05,42,"demo_00 +15,-15 deg",True,0.020417251832109577,0.0,0.005648804912672058
1.0,1.5,0.05,43,"demo_00 +15,-10 deg",True,0.001714114566964263,0.0,0.005650685008097875
1.0,1.5,0.05,44,"demo_00 +15,-5 deg",False,0.018037173099741313,0.7669746080378441,nan
1.0,1.5,0.05,45,"demo_00 +15,+0 deg",False,0.03982458666397737,0.7312805243188224,nan
1.0,1.5,0.05,46,"demo_00 +15,+5 deg",False,0.08072332220647334,1.8655247426493602,nan
1.0,1.5,0.05,47,"demo_00 +15,+10 deg",False,0.15504983646502643,1.001386887287502,nan
1.0,1.5,0.05,48,"demo_00 +15,+15 deg",False,0.27500902933735616,0.4965691242013484,nan
1.0,1.5,0.1,0,"demo_00 -15,-15 deg",False,0.5840821576530469,1.0749044528283513,nan
1.0,1.5,0.1,1,"demo_00 -15,-10 deg",False,0.38527221114000376,2.100504044670708,nan
1.0,1.5,0.1,2,"demo_00 -15,-5 deg",False,0.2168540125318691,1.7518843816393344,nan
1.0,1.5,0.1,3,"demo_00 -15,+0 deg",False,0.12162432144686033,1.2796945822720687,nan
1.0,1.5,0.1,4,"demo_00 -15,+5 deg",False,0.0777830080761188,1.4827551596403736,nan
1.0,1.5,0.1,5,"demo_00 -15,+10 deg",False,0.06914779304739964,1.346634966522189,nan
1.0,1.5,0.1,6,"demo_00 -15,+15 deg",False,0.2040573607519836,1.202400808629722,nan
1.0,1.5,0.1,7,"demo_00 -10,-15 deg",False,0.4753402180232274,2.135920667123769,nan
1.0,1.5,0.1,8,"demo_00 -10,-10 deg",False,0.2904640132746108,1.2084393988514015,nan
1.0,1.5,0.1,9,"demo_00 -10,-5 deg",False,0.13284487751834542,1.3699266665859697,nan
1.0,1.5,0.1,10,"demo_00 -10,+0 deg",False,0.049971312024478846,1.3239028964378965,nan
1.0,1.5,0.1,11,"demo_00 -10,+5 deg",False,0.02108891968286836,1.3182939045215318,nan
1.0,1.5,0.1,12,"demo_00 -10,+10 deg",False,0.022959705557664516,1.8478292156627192,nan
1.0,1.5,0.1,13,"demo_00 -10,+15 deg",False,0.14366739120549835,1.2336716012761986,nan
1.0,1.5,0.1,14,"demo_00 -5,-15 deg",False,0.3595635969246455,1.2054427546043391,nan
1.0,1.5,0.1,15,"demo_00 -5,-10 deg",False,0.19693286110328503,2.529059471643585,nan
1.0,1.5,0.1,16,"demo_00 -5,-5 deg",False,0.0676254418864543,1.6231206781390877,nan
1.0,1.5,0.1,17,"demo_00 -5,+0 deg",False,0.009516086741184468,1.9744565635010476,nan
1.0,1.5,0.1,18,"demo_00 -5,+5 deg",False,0.0021366940330938317,1.3746956404574806,nan
1.0,1.5,0.1,19,"demo_00 -5,+10 deg",False,0.009045581649208786,1.9517426803645328,nan
1.0,1.5,0.1,20,"demo_00 -5,+15 deg",False,0.061816171924781754,1.2548422218519022,nan
1.0,1.5,0.1,21,"demo_00 +0,-15 deg",False,0.2451697295796562,1.9098284697750862,nan
1.0,1.5,0.1,22,"demo_00 +0,-10 deg",False,0.11204333855000609,1.8314645163896024,nan
1.0,1.5,0.1,23,"demo_00 +0,-5 deg",True,0.02577261137695733,0.0,0.006120883821353749
1.0,1.5,0.1,24,demo_00,False,0.00030519622706302234,1.8990600112530913,nan
1.0,1.5,0.1,25,"demo_00 +0,+5 deg",False,0.011241879855192156,1.8329978556883297,nan
1.0,1.5,0.1,26,"demo_00 +0,+10 deg",False,0.027480829883757888,1.3054818164213744,nan
1.0,1.5,0.1,27,"demo_00 +0,+15 deg",False,0.23746338193136793,1.2869951476267592,nan
1.0,1.5,0.1,28,"demo_00 +5,-15 deg",False,0.15401537402272317,1.7884883391556672,nan
1.0,1.5,0.1,29,"demo_00 +5,-10 deg",True,0.05483430007732981,0.0,0.006125319068530311
1.0,1.5,0.1,30,"demo_00 +5,-5 deg",True,0.0024913083632631997,0.0009704064573477361,0.00611970644734921
1.0,1.5,0.1,31,"demo_00 +5,+0 deg",False,0.02183895682429359,1.5028821810483264,nan
1.0,1.5,0.1,32,"demo_00 +5,+5 deg",False,0.047049913562678986,1.335741124804505,nan
1.0,1.5,0.1,33,"demo_00 +5,+10 deg",False,0.10879701665825499,1.4681065427330313,nan
1.0,1.5,0.1,34,"demo_00 +5,+15 deg",False,0.34424179317058345,1.2453407316949079,nan
1.0,1.5,0.1,35,"demo_00 +10,-15 deg",True,0.0869554455319556,0.0,0.006117629519613416
1.0,1.5,0.1,36,"demo_00 +10,-10 deg",True,0.01327010697225041,0.0,0.006134638373449518
1.0,1.5,0.1,37,"demo_00 +10,-5 deg",True,0.03087136559699336,0.0,0.0061256594575457
1.0,1.5,0.1,38,"demo_00 +10,+0 deg",False,0.06251234614911219,1.8545942011447638,nan
1.0,1.5,0.1,39,"demo_00 +10,+5 deg",False,0.12213787603353012,1.8300337285983312,nan
1.0,1.5,0.1,40,"demo_00 +10,+10 deg",False,0.3895816536936268,1.2301782922903999,nan
1.0,1.5,0.1,41,"demo_00 +10,+15 deg",False,0.30237902429824803,1.203382467798611,nan
1.0,1.5,0.1,42,"demo_00 +15,-15 deg",True,0.03150955142073819,0.016148034852082827,0.0061256313393098505
1.0,1.5,0.1,43,"demo_00 +15,-10 deg",True,0.02812611533488737,0.0,0.006121400355082921
1.0,1.5,0.1,44,"demo_00 +15,-5 deg",False,0.07067489986902231,1.384158682040682,nan
1.0,1.5,0.1,45,"demo_00 +15,+0 deg",False,0.1037190539701683,1.314623093189983,nan
1.0,1.5,0.1,46,"demo_00 +15,+5 deg",False,0.3149170803673823,1.6206328113985748,nan
1.0,1.5,0.1,47,"demo_00 +15,+10 deg",False,0.6286982746308483,1.1631584358287197,nan
1.0,1.5,0.1,48,"demo_00 +15,+15 deg",False,0.6972471516386921,1.686139429488196,nan
