law,omega,damping,arm,start,origin,replayed,first_step_m,arrived,arrival_time_s,left_goal,hold_error_m,hold_observed_s,success,final_distance_m,training_path_distance_deg,offset_retained,taught_joint_error_deg,taught_path_distance_m,onset_delay_s,taught_arrival_delay_s,jitter_deg,taught_jitter_deg,speed_peaks,taught_speed_peaks,tracking_error_deg,peak_reference_speed_dps,peak_hand_speed_mps,settling_time_s,peak_torque_nm,effort_n2m2s,peak_external_force_n,reference_lead
computed_torque,10.0,1.0,esn,0,demo_00,,8.703506031009406e-05,True,5.78,False,0.006173106005415217,2.0,True,0.005899077437173292,0.09930786112171068,nan,5.710633999996422,0.005855525146269382,-0.51,-1.5099999999999998,0.0006998800966581367,0.07245156496022,2.0,94.0,0.0017999168748141562,13.559962896160805,0.2256698235725654,5.78,1.2054677968957468,0.08077404426057916,0.0,nan
computed_torque,10.0,1.0,replay,0,demo_00,demo_00,0.0,True,7.3,True,0.00658031230277975,2.000000000000001,False,0.005934010032489555,0.028468622819076316,nan,0.05863087753415465,0.0038374086027434828,0.010000000000000009,0.009999999999999787,0.029654528980876838,0.07245156496022,75.0,94.0,0.053648465973840036,58.616099013208434,0.6611060388338326,7.8100000000000005,54.977842817332544,443.8991508233544,0.0,nan
computed_torque,10.0,1.0,esn,1,"demo_00 -15,-15 deg",,0.006904862408724497,True,3.49,False,0.006151882818688524,2.0,True,0.005899077358797944,1.8327973222012401,0.09134191477754924,11.927052914464237,0.3720962667372529,-0.75,-3.8,0.005700164664516121,0.07245156496022,4.0,94.0,0.03440910684058488,131.07687996483963,0.9629972860827448,3.49,51.75332927087895,30.065664647815584,0.0,nan
computed_torque,10.0,1.0,replay,1,"demo_00 -15,-15 deg",demo_00,0.12887031034557866,True,7.3,True,0.00658031230277975,2.000000000000001,False,0.005934010032489555,0.13573003384362828,0.006764436544030095,0.5224689153607519,0.3720962667372529,-0.75,0.009999999999999787,0.032962737518857664,0.07245156496022,56.0,94.0,0.31262372732777943,1500.0000000008336,13.98577842476734,7.8100000000000005,1758.108578708126,33631.24514125665,0.0,nan
computed_torque,10.0,1.0,esn,2,"demo_00 -15,-12.5 deg",,0.0052704917768364905,True,4.18,False,0.006182854316295835,2.0,True,0.005899077362622248,1.9527911835487752,0.10675523314440934,10.341653725382958,0.33999767274126996,-0.75,-3.1100000000000003,0.003974818246439957,0.07245156496022,4.0,94.0,0.02727038944123964,102.80184918298026,0.7791840532680242,4.18,36.451249798868744,15.486818411607954,0.0,nan
computed_torque,10.0,1.0,replay,2,"demo_00 -15,-12.5 deg",demo_00,0.11773122416037116,True,7.3,True,0.00658031230277975,2.000000000000001,False,0.005934010032489555,0.12568312128969658,0.006870847753017576,0.4814498023190507,0.33999767274126996,-0.75,0.009999999999999787,0.03247919757141566,0.07245156496022,59.0,94.0,0.2885153642724945,1500.0000000008326,12.822384345251214,7.8100000000000005,1682.780861366537,30824.854920768918,0.0,nan
computed_torque,10.0,1.0,esn,3,"demo_00 -15,-10 deg",,0.003931881507627444,True,5.49,False,0.00617532357725681,2.0,True,0.005899077420628878,2.181160501597323,0.13055985543846083,6.932743191910822,0.30923078571714807,-0.74,-1.7999999999999998,0.0026469994338921155,0.07245156496022,4.0,94.0,0.021193449906596946,79.0655401777987,0.6167083249639028,5.49,24.41665010458034,7.3435247329822575,0.0,nan
computed_torque,10.0,1.0,replay,3,"demo_00 -15,-10 deg",demo_00,0.10707174259443396,True,7.3,True,0.00658031230277975,2.000000000000001,False,0.005934010032489555,0.11658102138871043,0.0069783041129855145,0.44508568474869825,0.30923078571714807,-0.75,0.009999999999999787,0.03207815644086816,0.07245156496022,61.0,94.0,0.26717709062892914,1500.0000000008326,11.710465994866928,7.8100000000000005,1614.372940290818,28395.548914921797,0.0,nan
computed_torque,10.0,1.0,esn,4,"demo_00 -15,-7.5 deg",,0.0028589643776523684,True,5.2,False,0.006173391482152611,2.0,True,0.005899077389918344,2.4233158955502057,0.15806748639069707,7.840604506147076,0.2803024061034371,-0.74,-2.09,0.0026165012749259733,0.07245156496022,3.0,94.0,0.0171828647978781,59.922507675769126,0.47938330148411645,5.2,14.6648261837329,3.118568158671565,0.0,nan
computed_torque,10.0,1.0,replay,4,"demo_00 -15,-7.5 deg",demo_00,0.09704437131423341,True,7.3,True,0.00658031230277975,2.000000000000001,False,0.005934010032489555,0.10857916235053984,0.007082376382985133,0.41460322160317925,0.2803024061034371,-0.75,0.009999999999999787,0.03176273920842536,0.07245156496022,63.0,94.0,0.2493211621488655,1500.0000000008326,10.666756895914773,7.8100000000000005,1552.8455441166946,26315.31775470265,0.0,nan
computed_torque,10.0,1.0,esn,5,"demo_00 -15,-5 deg",,0.002038984570465543,True,4.6000000000000005,False,0.006176160268445143,2.0,True,0.005899077366555446,2.665099429180402,0.18709375766586145,9.452432014354473,0.25390581182980465,-0.73,-2.6899999999999995,0.0032743173270430295,0.07245156496022,3.0,94.0,0.015695390419682372,45.120482442539156,0.376851134745108,4.6000000000000005,7.684477777377714,1.369978498193821,0.0,nan
computed_torque,10.0,1.0,replay,5,"demo_00 -15,-5 deg",demo_00,0.0878573660073577,True,7.3,True,0.00658031230277975,2.000000000000001,False,0.005934010032489555,0.10192321487843573,0.007155154159053617,0.39137910769432327,0.25390581182980465,-0.75,0.009999999999999787,0.03153551520137144,0.07245156496022,66.0,94.0,0.23574021259907094,1500.0000000008326,9.713700831646438,7.8100000000000005,1498.1346760788224,24558.402963738772,0.0,nan
computed_torque,10.0,1.0,esn,6,"demo_00 -15,-2.5 deg",,0.0014577331220562606,True,4.38,False,0.006183247305266115,2.0,True,0.005899077365378929,2.677018551179453,0.1977352861920274,9.978241929335901,0.2309690209948578,-0.73,-2.91,0.00359677499630365,0.07245156496022,3.0,94.0,0.01480116656538627,33.96775639738029,0.3617371701452973,4.38,5.647523478726608,0.8778732252923257,0.0,nan
computed_torque,10.0,1.0,replay,6,"demo_00 -15,-2.5 deg",demo_00,0.07978985263340184,True,7.3,True,0.00658031230277975,2.000000000000001,False,0.005934010032489555,0.09706991631782796,0.007169971861153228,0.37675799990952774,0.2309690209948578,-0.75,0.009999999999999787,0.03139839918889501,0.07245156496022,68.0,94.0,0.2272021469527145,1500.0000000008326,8.880728413510626,7.8100000000000005,1450.1519305044858,23101.31474757075,0.0,nan
computed_torque,10.0,1.0,esn,7,"demo_00 -15,+0 deg",,0.001063428605406453,True,4.48,False,0.0061747393422780465,2.0,True,0.00589907736617056,2.4261063381138355,0.18278946068011998,9.739115567624724,0.21266450422608676,-0.72,-2.8099999999999996,0.0031870191898537023,0.07245156496022,3.0,94.0,0.01259069059334929,25.265444998228908,0.34673075516273505,4.48,4.173273257574817,0.6619579477127178,0.0,nan
computed_torque,10.0,1.0,replay,7,"demo_00 -15,+0 deg",demo_00,0.07319762240481986,True,7.3,True,0.00658031230277975,2.000000000000001,False,0.005934010032489555,0.09260486033400293,0.00697710245049283,0.37175635170418203,0.21266450422608676,-0.75,0.009999999999999787,0.031352573416711764,0.07245156496022,69.0,94.0,0.22428362652289938,1500.0000000008326,8.204411131976023,7.8100000000000005,1408.7848775348928,21922.816936682033,0.0,nan
computed_torque,10.0,1.0,esn,8,"demo_00 -15,+2.5 deg",,0.0007796143991330459,True,4.84,False,0.006175833928413176,2.0,True,0.005899077368853708,1.967657717949126,0.14603716192398436,8.763746942182866,0.20030508531816468,-0.71,-2.45,0.0023233918190766513,0.07245156496022,2.0,94.0,0.009049855207849901,19.39788826869269,0.2918959366835868,4.84,2.8972815200084487,0.45563548446488855,0.0,nan
computed_torque,10.0,1.0,replay,8,"demo_00 -15,+2.5 deg",demo_00,0.06848894762671134,True,7.3,True,0.00658031230277975,2.000000000000001,False,0.005934010032489555,0.09093392112506395,0.006749004993391404,0.3767574678083125,0.20030508531816468,-0.75,0.009999999999999787,0.03139843759952591,0.07245156496022,71.0,94.0,0.2272013126618697,1500.0000000008326,7.725593895494815,7.8100000000000005,1373.897514929734,21003.88060351295,0.0,nan
computed_torque,10.0,1.0,esn,9,"demo_00 -15,+5 deg",,0.0006903006179925699,True,4.9,False,0.006172997009403581,2.0,True,0.005899077370313115,1.4954616831050556,0.10604503000231909,8.559823783422061,0.1950492555107683,-0.7,-2.3899999999999997,0.002024619307257779,0.07245156496022,2.0,94.0,0.007870746707614645,20.359092838820622,0.3004593716897546,4.9,9.732829293642615,1.2264922238893765,0.0,nan
computed_torque,10.0,1.0,replay,9,"demo_00 -15,+5 deg",demo_00,0.06604543673792723,True,7.3,True,0.00658031230277975,2.000000000000001,False,0.005934010032489555,0.09104538262759351,0.006456140228393617,0.3913780832476604,0.1950492555107683,-0.75,0.009999999999999787,0.031535591688568766,0.07245156496022,71.0,94.0,0.23573860444772898,1500.0000000008326,7.481548655972227,7.8100000000000005,1345.3307856423285,20327.60821654529,0.0,nan
computed_torque,10.0,1.0,esn,10,"demo_00 -15,+7.5 deg",,0.0010880990960478987,True,4.09,False,0.0061765606884244045,2.0,True,0.005899077362016754,1.2394395977643604,0.08214878896187999,10.53644443055594,0.19746717535840178,-0.72,-3.2,0.0028709576189812703,0.07245156496022,2.0,94.0,0.01247790223061116,28.67072233541424,0.4324938049494509,4.09,22.328424756493995,5.138870552998882,0.0,nan
computed_torque,10.0,1.0,replay,10,"demo_00 -15,+7.5 deg",demo_00,0.0660937221916662,True,7.3,True,0.00658031230277975,2.000000000000001,False,0.005934010032489555,0.09236211404266824,0.006121666459785605,0.41460177100953993,0.19746717535840178,-0.75,0.009999999999999787,0.03176285311839566,0.07245156496022,71.0,94.0,0.24931888131732513,1500.0000000008326,7.494184172380014,7.8100000000000005,1322.9031596876896,19879.130512687545,0.0,nan
computed_torque,10.0,1.0,esn,11,"demo_00 -15,+10 deg",,0.0019019683666285047,True,3.5300000000000002,False,0.006189662576140847,2.0,True,0.005899077358215093,1.1776487614377404,0.07181459199427885,11.745401758113248,0.2064470296201555,-0.73,-3.76,0.004524479942204474,0.07245156496022,2.0,94.0,0.02093586982956839,45.83574783379547,0.6238474290262527,3.5300000000000002,39.58050253448672,15.60599777554027,0.0,nan
computed_torque,10.0,1.0,replay,11,"demo_00 -15,+10 deg",demo_00,0.06860198574762383,True,7.3,True,0.00658031230277975,2.000000000000001,False,0.005934010032489555,0.09474081690292287,0.005777421361851263,0.4450838830852374,0.2064470296201555,-0.75,0.009999999999999787,0.03207830682734461,0.07245156496022,71.0,94.0,0.2671742527609168,1500.0000000008326,7.760918772890587,7.8100000000000005,1306.4112786646326,19645.478559482413,0.0,nan
computed_torque,10.0,1.0,esn,12,"demo_00 -15,+12.5 deg",,0.0029942610925502333,True,3.2800000000000002,False,0.006213593176992456,2.0,True,0.0058990773579911384,1.2850198169557046,0.07153595784358244,12.251629912308314,0.2219717034376806,-0.74,-4.01,0.006762379506564247,0.07245156496022,2.0,94.0,0.03184555333211746,71.30866956322825,0.8340523892249487,3.2800000000000002,60.77035603582011,36.79494371302681,0.0,nan
computed_torque,10.0,1.0,replay,12,"demo_00 -15,+12.5 deg",demo_00,0.0732910615653105,True,7.3,True,0.00658031230277975,2.000000000000001,False,0.005934010032489555,0.09737257211262589,0.005420648087958713,0.48144772033998934,0.2219717034376806,-0.75,0.009999999999999787,0.032479383233269786,0.07245156496022,69.0,94.0,0.2885120792931539,1500.0000000008326,8.255631218382712,7.8100000000000005,1295.6306611359207,19615.433738256623,0.0,nan
computed_torque,10.0,1.0,esn,13,"demo_00 -15,+15 deg",,0.00431625077522348,True,3.18,False,0.006236129204276063,1.9999999999999996,True,0.005899077357941766,1.4747697895029273,0.0747787257313216,12.456037855846814,0.24276286358367036,-0.74,-4.109999999999999,0.009228271251407995,0.07245156496022,3.0,94.0,0.04408928718673217,101.07831593641781,1.0446244841735064,3.18,85.09775069730577,72.44605000812861,0.0,nan
computed_torque,10.0,1.0,replay,13,"demo_00 -15,+15 deg",demo_00,0.07975037594432566,True,7.3,True,0.00658031230277975,2.000000000000001,False,0.005934010032489555,0.1001601571270523,0.0050786563247504435,0.5224666131335707,0.24276286358367036,-0.75,0.009999999999999787,0.032962957044746284,0.07245156496022,66.0,94.0,0.3126200893423781,1500.0000000008397,8.938881492055296,7.8100000000000005,1290.316466917872,19779.358605726295,0.0,nan
computed_torque,10.0,1.0,esn,14,"demo_00 -12.5,-15 deg",,0.006572545646496486,True,2.91,False,0.006147585003140239,2.0,True,0.005899077357453359,1.5466157338923503,0.08370459146903636,13.037583333033021,0.3356215935405571,-0.75,-4.38,0.007393058959073709,0.07245156496022,1.0,94.0,0.034755150919465835,119.53110977325537,0.9780976898182824,2.91,54.198513928558604,32.08236983575251,0.0,nan
computed_torque,10.0,1.0,replay,14,"demo_00 -12.5,-15 deg",demo_00,0.11614916710359499,True,7.3,True,0.00658031230277975,2.000000000000001,False,0.005934010032489555,0.12771225905885988,0.006911931797826694,0.48145080229312676,0.3356215935405571,-0.75,0.009999999999999787,0.03247910888405137,0.07245156496022,60.0,94.0,0.28851694204005623,1500.0000000008336,12.634196952200323,7.8100000000000005,1487.364957387735,24396.843662948053,0.0,nan
computed_torque,10.0,1.0,esn,15,"demo_00 -12.5,-12.5 deg",,0.005003864632232705,True,3.08,False,0.006148882106001663,2.0,True,0.005899077357899931,1.4941021661435492,0.09036199085465438,12.708168792332323,0.30297080863872006,-0.75,-4.21,0.005511934921714139,0.07245156496022,2.0,94.0,0.027097690863125173,92.2044537594959,0.7918830920807188,3.08,40.00150100109138,17.58033599214197,0.0,nan
computed_torque,10.0,1.0,replay,15,"demo_00 -12.5,-12.5 deg",demo_00,0.10508631548175472,True,7.3,True,0.00658031230277975,2.000000000000001,False,0.005934010032489555,0.11689764601282875,0.0070698672817043375,0.4365948003166184,0.30297080863872006,-0.75,0.009999999999999787,0.03198825915938552,0.07245156496022,62.0,94.0,0.2622013470162225,1250.0000000006978,11.465704879305973,7.8100000000000005,1418.2787979532784,22169.03153553818,0.0,nan
computed_torque,10.0,1.0,esn,16,"demo_00 -12.5,-10 deg",,0.0036979980157897468,True,3.35,False,0.0061573368879216965,2.0000000000000004,True,0.005899077358593286,1.485437261756585,0.10063285386194472,12.15157453707691,0.27148084410034806,-0.74,-3.94,0.003907446576415343,0.07245156496022,3.0,94.0,0.020498488366647593,69.22946847711171,0.6189472015286805,3.35,28.458100163657402,9.043305692548328,0.0,nan
computed_torque,10.0,1.0,replay,16,"demo_00 -12.5,-10 deg",demo_00,0.09447197108627761,True,7.3,True,0.00658031230277975,2.000000000000001,False,0.005934010032489555,0.10684930159849666,0.007238643078265775,0.3961342881885796,0.27148084410034806,-0.75,0.009999999999999787,0.031580984307170684,0.07245156496022,65.0,94.0,0.23852049956507015,1250.0000000006946,10.345604553844467,7.8100000000000005,1356.02765498985,20260.983996111656,0.0,nan
computed_torque,10.0,1.0,esn,17,"demo_00 -12.5,-7.5 deg",,0.002628870179644693,True,3.97,False,0.006179326549422469,1.9999999999999996,True,0.005899077360082166,1.5579475700062457,0.11781915971794979,10.797012307655116,0.24174355944885553,-0.74,-3.32,0.0025610024261794773,0.07245156496022,3.0,94.0,0.015078365121951579,50.68846970146928,0.46245563143197393,3.97,18.69992352655303,4.086265867472928,0.0,nan
computed_torque,10.0,1.0,replay,17,"demo_00 -12.5,-7.5 deg",demo_00,0.08446969224616502,True,7.3,True,0.00658031230277975,2.000000000000001,False,0.005934010032489555,0.09799384247352701,0.007410745008394477,0.3615479758955786,0.24174355944885553,-0.75,0.009999999999999787,0.031260551037808046,0.07245156496022,68.0,94.0,0.21833339838671545,1250.0000000006946,9.29207396146668,7.8100000000000005,1300.5605373561093,18647.489222610617,0.0,nan
computed_torque,10.0,1.0,esn,18,"demo_00 -12.5,-5 deg",,0.0017898068792686942,True,5.24,False,0.006178069482852924,2.0,True,0.005899077394981243,1.822888340969794,0.15254184428326628,7.561180999352698,0.21456032007806838,-0.73,-2.05,0.001644829590596659,0.07245156496022,3.0,94.0,0.010839284523865522,36.383266105270685,0.3318332153242415,5.24,10.562689296476249,1.45455813487735,0.0,nan
computed_torque,10.0,1.0,replay,18,"demo_00 -12.5,-5 deg",demo_00,0.07531518461544526,True,7.3,True,0.00658031230277975,2.000000000000001,False,0.005934010032489555,0.09052903231484949,0.007575595959508844,0.33466208845649004,0.21456032007806838,-0.75,0.009999999999999787,0.03102964982369102,0.07245156496022,71.0,94.0,0.20268665173633535,1250.0000000006946,8.33087432088554,7.8100000000000005,1251.8019122020671,17305.631219880794,0.0,nan
computed_torque,10.0,1.0,esn,19,"demo_00 -12.5,-2.5 deg",,0.001181486816922487,True,5.2700000000000005,False,0.006174508898648887,2.0,True,0.0058990773974759644,1.9853809158421993,0.17888455730908398,7.542539576853547,0.19108638710331058,-0.72,-2.0199999999999996,0.001707944617998705,0.07245156496022,3.0,94.0,0.008765211721777995,25.71757363182546,0.2383688367333233,5.2700000000000005,4.58385106624473,0.4758500715719538,0.0,nan
computed_torque,10.0,1.0,replay,19,"demo_00 -12.5,-2.5 deg",demo_00,0.06734310731544006,True,7.3,True,0.00658031230277975,2.000000000000001,False,0.005934010032489555,0.08511844234535727,0.0076692461160930364,0.31743928239315744,0.19108638710331058,-0.75,0.009999999999999787,0.03089028845430488,0.07245156496022,71.0,94.0,0.19268950811020907,1250.0000000006946,7.497818649512051,7.8100000000000005,1209.6520434223755,16214.785962999711,0.0,nan
computed_torque,10.0,1.0,esn,20,"demo_00 -12.5,+0 deg",,0.0007775874160045881,True,5.15,False,0.006177511843038942,2.0,True,0.005899077385903981,1.8974550416151374,0.17613144320752547,7.865680963489323,0.1728921733077769,-0.71,-2.1399999999999997,0.0017374241494021254,0.07245156496022,3.0,94.0,0.007443521067072124,17.620740447391164,0.22540544702470225,5.15,2.9460841652438607,0.2660580486297334,0.0,nan
computed_torque,10.0,1.0,replay,20,"demo_00 -12.5,+0 deg",demo_00,0.061002961175316936,True,7.3,True,0.00658031230277975,2.000000000000001,False,0.005934010032489555,0.08164435375375932,0.007578644837958757,0.3114865848521544,0.1728921733077769,-0.75,0.009999999999999787,0.030843707770228573,0.07245156496022,73.0,94.0,0.189239467559214,1250.0000000006946,6.839800642994136,7.8100000000000005,1173.987397945744,15356.585621573387,0.0,nan
computed_torque,10.0,1.0,esn,21,"demo_00 -12.5,+2.5 deg",,0.0005187746204959957,True,5.2700000000000005,False,0.006174287101759924,2.0,True,0.00589907739736831,1.562420195830131,0.1417851159981623,7.499848311461087,0.1618079900630355,-0.69,-2.0199999999999996,0.0014187522534724432,0.07245156496022,2.0,94.0,0.0054681808715772665,13.526501864066603,0.22513866325933343,5.2700000000000005,3.0764508438919305,0.2679160947120103,0.0,nan
computed_torque,10.0,1.0,replay,21,"demo_00 -12.5,+2.5 deg",demo_00,0.056823850393321065,True,7.3,True,0.00658031230277975,2.000000000000001,False,0.005934010032489555,0.08030960485413198,0.007287864474869898,0.31743865085995215,0.1618079900630355,-0.75,0.009999999999999787,0.030890327496746934,0.07245156496022,74.0,94.0,0.19268852438873488,1250.0000000006946,6.410503108872337,7.8100000000000005,1144.6611186750974,14714.852548244817,0.0,nan
computed_torque,10.0,1.0,esn,22,"demo_00 -12.5,+5 deg",,0.000516335739628326,True,4.95,False,0.00617386247883188,2.0,True,0.005899077372146514,1.1749372984956443,0.09990788044108902,8.360651777543044,0.15934690292307319,-0.69,-2.34,0.0016208552218421129,0.07245156496022,2.0,94.0,0.006322450533892864,16.769907800616433,0.2517835813663561,4.95,9.219735167366784,1.0189826986536563,0.0,nan
computed_torque,10.0,1.0,replay,22,"demo_00 -12.5,+5 deg",demo_00,0.05527502182091482,True,7.3,True,0.00658031230277975,2.000000000000001,False,0.005934010032489555,0.08132704159170465,0.0069154433673820626,0.33466089039065716,0.15934690292307319,-0.75,0.009999999999999787,0.031029727557828932,0.07245156496022,74.0,94.0,0.20268478133001047,1250.0000000006946,6.256372537254803,7.8100000000000005,1121.5035627255559,14275.505045869988,0.0,nan
computed_torque,10.0,1.0,esn,23,"demo_00 -12.5,+7.5 deg",,0.0009766996901377754,True,4.22,False,0.00617264614539409,2.0,True,0.005899077363762896,0.9497283095103656,0.0734763326763048,10.218616428885097,0.16543087619438082,-0.72,-3.0700000000000003,0.0026824087181995947,0.07245156496022,2.0,94.0,0.011839796671422409,25.731222877395574,0.3987920542502183,4.22,20.289090796287347,4.304349615689168,0.0,nan
computed_torque,10.0,1.0,replay,23,"demo_00 -12.5,+7.5 deg",demo_00,0.05654791241689174,True,7.3,True,0.00658031230277975,2.000000000000001,False,0.005934010032489555,0.08336738889620213,0.006449770886634154,0.36154631243410823,0.16543087619438082,-0.75,0.009999999999999787,0.031260666777689426,0.07245156496022,74.0,94.0,0.2183307938362195,1250.0000000006946,6.396193450253669,7.8100000000000005,1104.3229034432472,14026.437233117818,0.0,nan
computed_torque,10.0,1.0,esn,24,"demo_00 -12.5,+10 deg",,0.0017584083335911496,True,3.8200000000000003,False,0.006173491523892531,2.0,True,0.005899077359019799,0.9860716393984764,0.068315681698398,11.138016394325007,0.17906640822999653,-0.73,-3.4699999999999998,0.004375550523916874,0.07245156496022,2.0,94.0,0.020426055585559176,41.44168679968429,0.5842113157164083,3.8200000000000003,35.887668164260845,13.166439454524037,0.0,nan
computed_torque,10.0,1.0,replay,24,"demo_00 -12.5,+10 deg",demo_00,0.060438782040566574,True,7.3,True,0.00658031230277975,2.000000000000001,False,0.005934010032489555,0.08610747364358609,0.00596558153206481,0.396132263887566,0.17906640822999653,-0.75,0.009999999999999787,0.031581137061135474,0.07245156496022,72.0,94.0,0.23851732074251067,1250.0000000006946,6.810502154963743,7.8100000000000005,1092.9057945277077,13957.375604612296,0.0,nan
computed_torque,10.0,1.0,esn,25,"demo_00 -12.5,+12.5 deg",,0.0027783534664814623,True,3.74,False,0.006168775416210958,2.0,True,0.005899077358524247,1.1318890934345454,0.06991349805654729,11.352859034006514,0.19918190854928877,-0.74,-3.55,0.0064061177940601365,0.07245156496022,3.0,94.0,0.031064337057815826,64.73569068749678,0.7806976597017675,3.74,55.3004991667726,31.25453634656543,0.0,nan
computed_torque,10.0,1.0,replay,25,"demo_00 -12.5,+12.5 deg",demo_00,0.0664640315848327,True,7.3,True,0.00658031230277975,2.000000000000001,False,0.005934010032489555,0.08962588482308342,0.005535930296299232,0.43659250443752184,0.19918190854928877,-0.75,0.009999999999999787,0.03198844767066017,0.07245156496022,71.0,94.0,0.26219773235840643,1250.0000000007042,7.45210916341325,7.8100000000000005,1087.0180944245617,14059.715126440102,0.0,nan
computed_torque,10.0,1.0,esn,26,"demo_00 -12.5,+15 deg",,0.004010067192622143,True,3.9,False,0.006168816847959373,2.0000000000000004,True,0.00589907735941321,1.260780136394934,0.0695745545939745,11.066735243858279,0.22400636978371752,-0.74,-3.39,0.00834484943398088,0.07245156496022,3.0,94.0,0.04272708727241732,92.11334539839739,0.9757741086719647,3.9,77.71621496774829,61.73634933430252,0.0,nan
computed_torque,10.0,1.0,replay,26,"demo_00 -12.5,+15 deg",demo_00,0.07408006392095134,True,7.3,True,0.00658031230277975,2.000000000000001,False,0.005934010032489555,0.0937762513364281,0.005174923628540446,0.4814483039223621,0.22400636978371752,-0.75,0.009999999999999787,0.03247933167875761,0.07245156496022,71.0,94.0,0.2885130000819165,1500.0000000008397,8.266606229722395,7.8100000000000005,1086.4056490037133,14326.337918507452,0.0,nan
computed_torque,10.0,1.0,esn,27,"demo_00 -10,-15 deg",,0.006302137299374218,True,2.67,False,0.006097779341093324,2.0,True,0.005899077357140555,1.4463691806142638,0.08497879471189108,13.539813278315798,0.3004808259872032,-0.75,-4.62,0.009122299131973521,0.07245156496022,2.0,94.0,0.03635961588381203,109.33090896375691,1.0193539423837885,2.67,56.673861407067754,35.76469659210934,0.0,nan
computed_torque,10.0,1.0,replay,27,"demo_00 -10,-15 deg",demo_00,0.103846530224255,True,7.3,True,0.00658031230277975,2.000000000000001,False,0.005934010032489555,0.12032740802259682,0.007069618353056722,0.4450878480923776,0.3004808259872032,-0.75,0.009999999999999787,0.03207797684834355,0.07245156496022,63.0,94.0,0.26718049817052464,1500.0000000008336,11.330124965918023,7.8100000000000005,1216.6213360673437,16701.036207082827,0.0,nan
computed_torque,10.0,1.0,esn,28,"demo_00 -10,-12.5 deg",,0.0048013681993230774,True,2.77,False,0.006123648998048712,2.0000000000000004,True,0.005899077357186966,1.3208822089422074,0.08817395973047035,13.331268786747902,0.26723736072823623,-0.74,-4.52,0.0072598755362522265,0.07245156496022,2.0,94.0,0.02889832011523266,82.9360879518241,0.837335437253364,2.77,43.47998329778656,21.168901673037833,0.0,nan
computed_torque,10.0,1.0,replay,28,"demo_00 -10,-12.5 deg",demo_00,0.09282544054287319,True,7.3,True,0.00658031230277975,2.000000000000001,False,0.005934010032489555,0.10899151427327679,0.007275602113068786,0.39613550352665416,0.26723736072823623,-0.75,0.009999999999999787,0.031580893097390574,0.07245156496022,66.0,94.0,0.2385224080367002,1250.0000000006978,10.152370864141801,7.8100000000000005,1153.776734540019,14988.483460388252,0.0,nan
computed_torque,10.0,1.0,esn,29,"demo_00 -10,-10 deg",,0.003532999301088805,True,2.9,False,0.006144106282209561,2.0000000000000004,True,0.005899077357365134,1.2311463328688772,0.0946547833880793,13.057871474621916,0.2350726643280525,-0.74,-4.390000000000001,0.005456026469861907,0.07245156496022,2.0,94.0,0.02189672209006702,60.71672727554892,0.6608718361350724,2.9,32.35815721512959,11.689372118337523,0.0,nan
computed_torque,10.0,1.0,replay,29,"demo_00 -10,-10 deg",demo_00,0.08220229397863515,True,7.3,True,0.00658031230277975,2.000000000000001,False,0.005934010032489555,0.09810335893100884,0.00754252515833683,0.3510422934198678,0.2350726643280525,-0.75,0.009999999999999787,0.0311682956638723,0.07245156496022,69.0,94.0,0.21221550714138473,1000.0000000005556,9.017648671710505,7.8100000000000005,1097.6823696888807,13540.859450802414,0.0,nan
computed_torque,10.0,1.0,esn,30,"demo_00 -10,-7.5 deg",,0.002473898914427911,True,3.1,False,0.00615945395046012,2.0000000000000004,True,0.005899077357897622,1.1588072762393986,0.10316678918917382,12.632227774565187,0.2043427755537115,-0.74,-4.1899999999999995,0.0037140829370464644,0.07245156496022,2.0,94.0,0.015422713459141356,42.78490170953417,0.4894130567391737,3.1,22.54318418418626,5.61844370230187,0.0,nan
computed_torque,10.0,1.0,replay,30,"demo_00 -10,-7.5 deg",demo_00,0.07214759495851493,True,7.3,True,0.00658031230277975,2.000000000000001,False,0.005934010032489555,0.08805248208756729,0.007839173988095386,0.31148877405935155,0.2043427755537115,-0.75,0.009999999999999787,0.030843575278624913,0.07245156496022,71.0,94.0,0.18924287466004305,1000.0000000005548,7.945144815833319,7.8100000000000005,1048.2755305955232,12335.760675692014,0.0,nan
computed_torque,10.0,1.0,esn,31,"demo_00 -10,-5 deg",,0.0016210197251279284,True,3.5,False,0.006170735367848675,2.0,True,0.005899077358607963,1.127799522148113,0.11559004434929113,11.803473148262947,0.17593038777828454,-0.73,-3.79,0.002225689489918062,0.07245156496022,3.0,94.0,0.010058543568362263,28.991375811472608,0.33191144974928494,3.5,13.975990785424726,2.1798455988233263,0.0,nan
computed_torque,10.0,1.0,replay,31,"demo_00 -10,-5 deg",demo_00,0.06292598893832115,True,7.3,True,0.00658031230277975,2.000000000000001,False,0.005934010032489555,0.0797142906556437,0.008170049916857517,0.2798339345770406,0.17593038777828454,-0.75,0.009999999999999787,0.03060952879352587,0.07245156496022,74.0,94.0,0.17095400419583934,1000.0000000005548,6.96419972018311,7.8100000000000005,1005.4691483253114,11353.11467693233,0.0,nan
computed_torque,10.0,1.0,esn,32,"demo_00 -10,-2.5 deg",,0.0009846604198038584,True,4.3500000000000005,False,0.006177810943574699,2.0,True,0.005899077365049816,1.2117668913413822,0.1393914610193751,9.860313885443757,0.151418530188668,-0.72,-2.9399999999999995,0.0013192729605846795,0.07245156496022,3.0,94.0,0.00645149567812262,18.832275420663336,0.22522910024130988,4.3500000000000005,7.273348310624616,0.659366788208336,0.0,nan
computed_torque,10.0,1.0,replay,32,"demo_00 -10,-2.5 deg",demo_00,0.05494643299503086,True,7.3,True,0.00658031230277975,2.000000000000001,False,0.005934010032489555,0.07352470267382341,0.008457662773220716,0.2589903772287507,0.151418530188668,-0.75,0.009999999999999787,0.03046824585648082,0.07245156496022,75.0,94.0,0.15897370629842802,1000.0000000005548,6.119278545930483,7.8100000000000005,969.1521563402648,10575.15500596583,0.0,nan
computed_torque,10.0,1.0,esn,33,"demo_00 -10,+0 deg",,0.0005625403982884464,True,5.1000000000000005,False,0.006174601090086234,2.0,True,0.0058990773812821855,1.3296160671540835,0.16071018841583143,7.910071172450267,0.13303929400725847,-0.69,-2.1899999999999995,0.0010343725483648101,0.07245156496022,4.0,94.0,0.004359199488348408,13.590769268459026,0.2261831987333989,5.1000000000000005,3.458372205681072,0.2159114402712499,0.0,nan
computed_torque,10.0,1.0,replay,33,"demo_00 -10,+0 deg",demo_00,0.04880560417716485,True,7.3,True,0.00658031230277975,2.000000000000001,False,0.005934010032489555,0.0699645596428538,0.008456589718188691,0.25165891606232893,0.13303929400725847,-0.75,0.009999999999999787,0.03042101894736696,0.07245156496022,76.0,94.0,0.15477392816814914,1000.0000000005548,5.473667997272545,7.8100000000000005,939.1899183565951,9986.36524933537,0.0,nan
computed_torque,10.0,1.0,esn,34,"demo_00 -10,+2.5 deg",,0.00032651234943711053,True,5.2,False,0.00617562362078259,2.0,True,0.005899077390361933,1.1537823319323266,0.13428362086492948,7.6132161376566225,0.12360056941232514,-0.66,-2.09,0.0010109549642804494,0.07245156496022,2.0,94.0,0.003473763447742048,13.551452872469168,0.22553529006503872,5.2,3.5619964982237535,0.22142078594860687,0.0,nan
computed_torque,10.0,1.0,replay,34,"demo_00 -10,+2.5 deg",demo_00,0.0452379840568617,True,7.3,True,0.00658031230277975,2.000000000000001,False,0.005934010032489555,0.0703430903787709,0.008186921066012976,0.25898960317085035,0.12360056941232514,-0.75,0.009999999999999787,0.030468285439733567,0.07245156496022,76.0,94.0,0.158972513943803,1000.0000000005548,5.1031028232820805,7.8100000000000005,915.4247224204607,9573.393956918879,0.0,nan
computed_torque,10.0,1.0,esn,35,"demo_00 -10,+5 deg",,0.00040763008398829573,True,5.07,False,0.006174201584719522,2.0,True,0.005899077378868419,0.8563228427614534,0.09014693559031556,7.978854021986824,0.1251603906928864,-0.68,-2.2199999999999998,0.001405301295266227,0.07245156496022,2.0,94.0,0.005552574080922718,14.011284481012567,0.2246747071332882,5.07,8.26864951319261,0.815409536936372,0.0,nan
computed_torque,10.0,1.0,replay,35,"demo_00 -10,+5 deg",demo_00,0.044838499463578894,True,7.3,True,0.00658031230277975,2.000000000000001,False,0.005934010032489555,0.07194374065923881,0.00757367132052723,0.2798325017718194,0.1251603906928864,-0.75,0.009999999999999787,0.030609607594575403,0.07245156496022,76.0,94.0,0.17095178659873272,1000.0000000005548,5.067399454939527,7.8100000000000005,897.6763398087829,9324.942634350835,0.0,nan
computed_torque,10.0,1.0,esn,36,"demo_00 -10,+7.5 deg",,0.0008702477163320722,True,5.0,False,0.00617354755872427,2.0,True,0.005899077374515617,0.7380734655469662,0.06765788736581699,8.190510075754187,0.13616942954168235,-0.72,-2.29,0.00238819236390045,0.07245156496022,2.0,94.0,0.011215387581563959,22.305857984293624,0.35623925695037845,5.0,17.72803419838804,3.3980832709458624,0.0,nan
computed_torque,10.0,1.0,replay,36,"demo_00 -10,+7.5 deg",demo_00,0.04766241907869869,True,7.3,True,0.00658031230277975,2.000000000000001,False,0.005934010032489555,0.0749692965832359,0.006872302637738352,0.3114868432622953,0.13616942954168235,-0.75,0.009999999999999787,0.03084369258319334,0.07245156496022,76.0,94.0,0.1892398697306103,1000.0000000005548,5.372035981110364,7.8100000000000005,885.7426471988043,9231.62925329516,0.0,nan
computed_torque,10.0,1.0,esn,37,"demo_00 -10,+10 deg",,0.0015856130505382104,True,5.86,False,0.006175780346757869,2.0,True,0.005899077441481001,0.7660585931721322,0.06051049508433972,5.6057677680328775,0.15555420389228825,-0.73,-1.4299999999999997,0.003547800282663812,0.07245156496022,3.0,94.0,0.01954305591174261,36.36484746074169,0.5259508376692722,5.86,31.572419952615228,10.585086601018364,0.0,nan
computed_torque,10.0,1.0,replay,37,"demo_00 -10,+10 deg",demo_00,0.053174750127710925,True,7.3,True,0.00658031230277975,2.000000000000001,False,0.005934010032489555,0.07881330825214296,0.0062254145362745815,0.351040009092263,0.15555420389228825,-0.75,0.009999999999999787,0.031168450440389617,0.07245156496022,75.0,94.0,0.2122119342843145,1000.0000000005556,5.963678412431106,7.8100000000000005,879.4003103907817,9285.829995421433,0.0,nan
computed_torque,10.0,1.0,esn,38,"demo_00 -10,+12.5 deg",,0.002516392700627798,True,6.76,False,0.006177045412776641,2.0,True,0.005899077938563915,0.9420340382705925,0.06438959006467697,2.7715808006978837,0.1806898300611667,-0.74,-0.5300000000000002,0.0049442685506577355,0.07245156496022,4.0,94.0,0.02994619050237468,57.34612235060136,0.7057698618736675,6.76,49.09576454208971,25.606083710953293,0.0,nan
computed_torque,10.0,1.0,replay,38,"demo_00 -10,+12.5 deg",demo_00,0.06062372488376535,True,7.3,True,0.00658031230277975,2.000000000000001,False,0.005934010032489555,0.08274427641644092,0.005655708628569275,0.3961329731565342,0.1806898300611667,-0.75,0.009999999999999787,0.03158108404028217,0.07245156496022,74.0,94.0,0.23851843453367516,1250.0000000007042,6.765925956577851,7.8100000000000005,878.4055277132018,9481.502175534393,0.0,nan
computed_torque,10.0,1.0,esn,39,"demo_00 -10,+15 deg",,0.003649757358861331,True,5.2,False,0.006174763383212003,2.0,True,0.005899077391863419,1.6667548534282266,0.09955202422533309,7.721440644980084,0.20947825247276505,-0.74,-2.09,0.008238700267148182,0.07245156496022,4.0,94.0,0.042917488912915455,82.18996367634668,0.8862547336491,5.2,69.49029987509357,51.93697576520321,0.0,nan
computed_torque,10.0,1.0,replay,39,"demo_00 -10,+15 deg",demo_00,0.06936662253168788,True,7.3,True,0.00658031230277975,2.000000000000001,False,0.005934010032489555,0.0883621782958945,0.005277700974575197,0.4450851456075871,0.20947825247276505,-0.75,0.009999999999999787,0.032078202429056825,0.07245156496022,71.0,94.0,0.26717624141149304,1500.0000000008397,7.711737060581358,7.8100000000000005,882.4948310895542,9813.991484057611,0.0,nan
computed_torque,10.0,1.0,esn,40,"demo_00 -7.5,-15 deg",,0.0060159736875302315,True,2.37,False,0.006061115806033356,2.0,True,0.00589907735719853,1.4550622404124216,0.09397819544178557,13.872214448743927,0.2677925536634062,-0.75,-4.92,0.010344469481584831,0.07245156496022,2.0,94.0,0.03682305440441643,99.73728035078902,1.0624893855002444,2.37,58.009686010647044,37.97412881425138,0.0,nan
computed_torque,10.0,1.0,replay,40,"demo_00 -7.5,-15 deg",demo_00,0.0921328050141826,True,7.3,True,0.00658031230277975,2.000000000000001,False,0.005934010032489555,0.11344872540725082,0.007327319885589318,0.41460670519260046,0.2677925536634062,-0.75,0.009999999999999787,0.03176246714409171,0.07245156496022,66.0,94.0,0.24932663949892542,1500.0000000008336,10.093374709164104,7.8100000000000005,945.8777147469522,10542.175945376353,0.0,nan
computed_torque,10.0,1.0,esn,41,"demo_00 -7.5,-12.5 deg",,0.004588762175233548,True,2.56,False,0.00606629338251924,2.0000000000000004,True,0.0058990773571599734,1.2288876206713732,0.09060751451398204,13.693455979050677,0.23376359107393288,-0.74,-4.73,0.008345183143971948,0.07245156496022,2.0,94.0,0.029929620990295835,74.31213691321706,0.899459933399162,2.56,45.77680631543659,23.9432448440102,0.0,nan
computed_torque,10.0,1.0,replay,41,"demo_00 -7.5,-12.5 deg",demo_00,0.08112555822457873,True,7.3,True,0.00658031230277975,2.000000000000001,False,0.005934010032489555,0.10184639480960345,0.007509269798703291,0.3615506390887401,0.23376359107393288,-0.75,0.009999999999999787,0.031260366748095784,0.07245156496022,69.0,94.0,0.21833756822132896,1250.0000000006978,8.90300791323003,7.8100000000000005,889.2746711267606,9281.617769657008,0.0,nan
computed_torque,10.0,1.0,esn,42,"demo_00 -7.5,-10 deg",,0.0033691709476066822,True,2.7,False,0.006104992871063215,2.0,True,0.005899077357141085,1.06915415953982,0.09311722630836737,13.469768934598756,0.20049713615976816,-0.74,-4.59,0.006562045533857151,0.07245156496022,2.0,94.0,0.02337617282403291,52.94025246000482,0.745899840399102,2.7,35.10665117703505,14.21010906372458,0.0,nan
computed_torque,10.0,1.0,replay,42,"demo_00 -7.5,-10 deg",demo_00,0.07043814788229252,True,7.3,True,0.00658031230277975,2.000000000000001,False,0.005934010032489555,0.09029514673180415,0.007864192022964761,0.3114903196579967,0.20049713615976816,-0.75,0.009999999999999787,0.03084348188819171,0.07245156496022,71.0,94.0,0.1892452800797218,1000.0000000005556,7.74708100337164,7.8100000000000005,839.3370843879123,8233.637250723554,0.0,nan
computed_torque,10.0,1.0,esn,43,"demo_00 -7.5,-7.5 deg",,0.0023357427388709506,True,2.84,False,0.00613967941243604,2.0,True,0.005899077357262606,0.9472804240118556,0.09987740194421929,13.161695681271583,0.16852716833948475,-0.74,-4.45,0.004815899548856265,0.07245156496022,2.0,94.0,0.017005893276159135,36.65950010750517,0.5924590808446571,2.84,25.300618605225115,7.408445504056695,0.0,nan
computed_torque,10.0,1.0,replay,43,"demo_00 -7.5,-7.5 deg",demo_00,0.060236125185459566,True,7.3,True,0.00658031230277975,2.000000000000001,False,0.005934010032489555,0.07943104154042027,0.008374886529568191,0.26612174626692636,0.16852716833948475,-0.75,0.009999999999999787,0.03051530528054476,0.07245156496022,75.0,94.0,0.16306814578811568,750.0000000004198,6.64442863913064,7.8100000000000005,795.9905238349377,7378.649545647871,0.0,nan
computed_torque,10.0,1.0,esn,44,"demo_00 -7.5,-5 deg",,0.0014872557102586343,True,3.0700000000000003,False,0.006163194249980465,2.0,True,0.005899077357781738,0.8364897754756033,0.10849213394276683,12.681893525810256,0.1387110089288843,-0.73,-4.22,0.003078924175923758,0.07245156496022,2.0,94.0,0.01093502032324484,27.345331593826852,0.4307295436468187,3.0700000000000003,16.383202613709592,3.0837698452853446,0.0,nan
computed_torque,10.0,1.0,replay,44,"demo_00 -7.5,-5 deg",demo_00,0.05080480932655653,True,7.3,True,0.00658031230277975,2.000000000000001,False,0.005934010032489555,0.06978651731522606,0.00905126207867623,0.22825984844476702,0.1387110089288843,-0.75,0.009999999999999787,0.03027872146175149,0.07245156496022,76.0,94.0,0.1414341758973708,750.0000000004168,5.627114969970395,7.8100000000000005,759.1363844485563,6699.426370274981,0.0,nan
computed_torque,10.0,1.0,esn,45,"demo_00 -7.5,-2.5 deg",,0.0008390511935909705,True,3.49,False,0.006177184087838651,2.0,True,0.00589907735849896,0.7540277532427097,0.11853496484867389,11.788391745086278,0.11230869537774442,-0.71,-3.8,0.0016576856337591778,0.07245156496022,2.0,94.0,0.0060162770250022975,17.09474466130487,0.26749692820092474,3.49,9.036958984729367,0.9396986111187391,0.0,nan
computed_torque,10.0,1.0,replay,45,"demo_00 -7.5,-2.5 deg",demo_00,0.04264666151351011,True,7.3,True,0.00658031230277975,2.000000000000001,False,0.005934010032489555,0.06213363157547934,0.009767555375842006,0.20216711643650445,0.11230869537774442,-0.75,0.009999999999999787,0.030135887675122527,0.07245156496022,76.0,94.0,0.12669251696701042,750.0000000004168,4.750673912339816,7.8100000000000005,728.6522692581543,6181.050256194656,0.0,nan
computed_torque,10.0,1.0,esn,46,"demo_00 -7.5,+0 deg",,0.000404492411213764,True,4.28,False,0.0061766166056500624,2.0,True,0.005899077364334308,0.7549740399827157,0.1307500607856475,10.00227580976651,0.0931270662850087,-0.67,-3.01,0.0009966705029109486,0.07245156496022,2.0,94.0,0.003367637106377697,13.62234197358914,0.22697703381151993,4.28,4.305691759736542,0.25900783596038995,0.0,nan
computed_torque,10.0,1.0,replay,46,"demo_00 -7.5,+0 deg",demo_00,0.03660609042112632,True,7.3,True,0.00658031230277975,2.000000000000001,False,0.005934010032489555,0.05786257596555976,0.010020921149665341,0.1926855923644185,0.0931270662850087,-0.75,0.009999999999999787,0.030088139094877578,0.07245156496022,76.0,94.0,0.12138090212952264,750.0000000004168,4.106317219463808,7.8100000000000005,704.3924387674464,5810.83889985386,0.0,nan
computed_torque,10.0,1.0,esn,47,"demo_00 -7.5,+2.5 deg",,0.0001906176495024106,True,5.07,False,0.006173520866564107,2.0,True,0.005899077378822736,0.7434661054951565,0.11998077672078321,7.944866203472212,0.08618996635550279,-0.63,-2.2199999999999998,0.0008810407639526495,0.07245156496022,2.0,94.0,0.0026721687316084244,13.552569583187964,0.22553925732726934,5.07,3.219856893838999,0.17920442446840534,0.0,nan
computed_torque,10.0,1.0,replay,47,"demo_00 -7.5,+2.5 deg",demo_00,0.033815982118972944,True,7.3,True,0.00658031230277975,2.000000000000001,False,0.005934010032489555,0.06036983770354743,0.009742501997929255,0.20216612481262794,0.08618996635550279,-0.75,0.009999999999999787,0.03013592769492456,0.07245156496022,76.0,94.0,0.12669102079780561,750.0000000004168,3.8130729032068063,7.8100000000000005,686.1883261658242,5578.241600974265,0.0,nan
computed_torque,10.0,1.0,esn,48,"demo_00 -7.5,+5 deg",,0.0003224927687348819,True,6.0200000000000005,False,0.006174529497632181,1.9999999999999991,True,0.005899077462712153,0.5624474402579505,0.07607120536535335,4.990212884242503,0.09343009817187051,-0.67,-1.2699999999999996,0.0011682976800149376,0.07245156496022,2.0,94.0,0.004907236101378391,13.572689846671018,0.22587346329045402,6.0200000000000005,6.480304842535945,0.5423087201951787,0.0,nan
computed_torque,10.0,1.0,replay,48,"demo_00 -7.5,+5 deg",demo_00,0.03503817048669265,True,7.3,True,0.00658031230277975,2.000000000000001,False,0.005934010032489555,0.06363700057463306,0.008606925719722113,0.22825809190264412,0.09343009817187051,-0.75,0.009999999999999787,0.030278801123732244,0.07245156496022,76.0,94.0,0.14143149544028752,750.0000000004168,3.948996630300547,7.8100000000000005,673.8491168920104,5474.7100944366675,0.0,nan
computed_torque,10.0,1.0,esn,49,"demo_00 -7.5,+7.5 deg",,0.0007337426026051347,True,7.140000000000001,False,0.006173485224721974,2.0,True,0.005899078202062327,0.7067265919391743,0.07737020784319049,1.42754993018782,0.11195669234227547,-0.71,-0.14999999999999947,0.002022909466626817,0.07245156496022,4.0,94.0,0.010550087202108925,17.65631135102322,0.2934409187593912,7.140000000000001,14.274035222978785,2.4063870722980694,0.0,nan
computed_torque,10.0,1.0,replay,49,"demo_00 -7.5,+7.5 deg",demo_00,0.03988311883672,True,7.3,True,0.00658031230277975,2.000000000000001,False,0.005934010032489555,0.06756237866440665,0.007396517039640951,0.2661194863152082,0.11195669234227547,-0.75,0.009999999999999787,0.030515423847018358,0.07245156496022,76.0,94.0,0.16306465851568122,750.0000000004198,4.4739204804735815,7.8100000000000005,667.1623909543617,5493.546358575815,0.0,nan
computed_torque,10.0,1.0,esn,50,"demo_00 -7.5,+10 deg",,0.0013607600305375201,True,6.0,False,0.006174795315290987,2.0,True,0.005899077458608321,1.287529180322011,0.11529579646827913,5.155971252939632,0.13795777603710319,-0.73,-1.29,0.004311633981731819,0.07245156496022,4.0,94.0,0.02062099010027155,30.18051345329965,0.4443892762331486,6.0,26.27183914032258,8.43085501740173,0.0,nan
computed_torque,10.0,1.0,replay,50,"demo_00 -7.5,+10 deg",demo_00,0.04722818393666138,True,7.3,True,0.00658031230277975,2.000000000000001,False,0.005934010032489555,0.07213095175645581,0.0064591899429383495,0.31148774527203577,0.13795777603710319,-0.75,0.009999999999999787,0.03084363829465753,0.07245156496022,76.0,94.0,0.18924127354746798,1000.0000000005556,5.27153212429865,7.8100000000000005,665.8948262538559,5629.730230596544,0.0,nan
computed_torque,10.0,1.0,esn,51,"demo_00 -7.5,+12.5 deg",,0.0021931628561136845,True,4.7700000000000005,False,0.006184550552539048,2.0,True,0.005899077367358387,2.0211994626941814,0.15129333365207953,8.841205535794364,0.16796117071883343,-0.74,-2.5199999999999996,0.00818547278999896,0.07245156496022,4.0,94.0,0.03502233484748058,48.70789925340056,0.608190944829738,4.7700000000000005,41.799288850845436,22.240093532410754,0.0,nan
computed_torque,10.0,1.0,replay,51,"demo_00 -7.5,+12.5 deg",demo_00,0.05608044646666864,True,7.3,True,0.00658031230277975,2.000000000000001,False,0.005934010032489555,0.07738638097290193,0.005792621546145583,0.3615478666691258,0.16796117071883343,-0.75,0.009999999999999787,0.03126055964879717,0.07245156496022,75.0,94.0,0.21833322736947863,1250.0000000007042,6.236633727062914,7.8100000000000005,669.7929610018425,5879.729874102373,0.0,nan
computed_torque,10.0,1.0,esn,52,"demo_00 -7.5,+15 deg",,0.0032275892302238442,True,4.3,False,0.006211414186091456,2.0,True,0.005899077363406961,2.6127860358029813,0.1670116565717637,10.089325935863805,0.20013158086799554,-0.74,-2.99,0.012177327300365783,0.07245156496022,4.0,94.0,0.050351467878294046,70.8806083855624,0.7764661004715255,4.3,60.082696399461575,45.95932668635008,0.0,nan
computed_torque,10.0,1.0,replay,52,"demo_00 -7.5,+15 deg",demo_00,0.0658168620425623,True,7.3,True,0.00658031230277975,2.000000000000001,False,0.005934010032489555,0.08632305412281815,0.00551784802575889,0.41460380402462255,0.20013158086799554,-0.75,0.009999999999999787,0.031762694965575385,0.07245156496022,72.0,94.0,0.24932207791519354,1500.0000000008397,7.301631591363885,7.8100000000000005,678.5840131753954,6241.298322392492,0.0,nan
computed_torque,10.0,1.0,esn,53,"demo_00 -5,-15 deg",,0.005663646811597615,True,2.06,False,0.006328590402249511,2.0000000000000004,True,0.005899077357252929,1.5176206824812049,0.1077403400623379,14.102422770382441,0.2386411308206876,-0.75,-5.23,0.01107654324734057,0.07245156496022,2.0,94.0,0.03591848601049336,90.18262241014426,1.0751542571059678,2.06,57.607282694737144,37.59169695198632,0.0,nan
computed_torque,10.0,1.0,replay,53,"demo_00 -5,-15 deg",demo_00,0.08126555580821211,True,7.3,True,0.00658031230277975,2.000000000000001,False,0.005934010032489555,0.1072975577441303,0.007617368089838289,0.3913840280877304,0.2386411308206876,-0.75,0.009999999999999787,0.031535149834620906,0.07245156496022,69.0,94.0,0.23574793642294609,1500.0000000008336,8.953209526238522,7.8100000000000005,675.1340934265611,5918.973582961806,0.0,nan
computed_torque,10.0,1.0,esn,54,"demo_00 -5,-12.5 deg",,0.004314704766230824,True,2.24,False,0.0061438259373603745,2.0,True,0.0058990773572223446,1.222445205320709,0.10201938537658159,13.936618327767698,0.2039423658408937,-0.74,-5.05,0.009020240807209383,0.07245156496022,2.0,94.0,0.02952473258423203,65.80329751403535,0.9292512289614508,2.24,46.292421572490596,24.605161908740328,0.0,nan
computed_torque,10.0,1.0,replay,54,"demo_00 -5,-12.5 deg",demo_00,0.07027001353919136,True,7.3,True,0.00658031230277975,2.000000000000001,False,0.005934010032489555,0.09528224312675194,0.00795179680756573,0.3346664041653864,0.2039423658408937,-0.75,0.009999999999999787,0.03102937133165829,0.07245156496022,71.0,94.0,0.20269338928700606,1250.0000000006978,7.749988833361084,7.8100000000000005,624.7726077135019,5047.192067670634,0.0,nan
computed_torque,10.0,1.0,esn,55,"demo_00 -5,-10 deg",,0.003155570762284785,True,2.52,False,0.006066556192979473,2.0000000000000004,True,0.005899077357170671,0.959675211360191,0.09559905975832372,13.72485899286989,0.16958214096258542,-0.74,-4.77,0.0069851946582906044,0.07245156496022,2.0,94.0,0.023440391701738474,46.13383680782232,0.7869744057298327,2.52,36.13031312528568,15.185793706233559,0.0,nan
computed_torque,10.0,1.0,replay,55,"demo_00 -5,-10 deg",demo_00,0.059482916484024505,True,7.3,True,0.00658031230277975,2.000000000000001,False,0.005934010032489555,0.0835380759284681,0.008321733663894328,0.27983737543822546,0.16958214096258542,-0.75,0.009999999999999787,0.03060934058420232,0.07245156496022,75.0,94.0,0.17095932965563085,1000.0000000005556,6.568738344875464,7.8100000000000005,580.991799086944,4338.122468428515,0.0,nan
computed_torque,10.0,1.0,esn,56,"demo_00 -5,-7.5 deg",,0.002165074474593962,True,2.7,False,0.0061140768949514744,2.0,True,0.005899077357173963,0.7918150945551062,0.09889604957502607,13.437410250545247,0.13590755000625884,-0.74,-4.59,0.005209104470839119,0.07245156496022,2.0,94.0,0.01741832563026065,38.75856640175226,0.6373197192327211,2.7,26.441717913156683,8.238085979939436,0.0,nan
computed_torque,10.0,1.0,replay,56,"demo_00 -5,-7.5 deg",demo_00,0.04903828705554147,True,7.3,True,0.00658031230277975,2.000000000000001,False,0.005934010032489555,0.07220594027788252,0.00901837095356847,0.22826195760062978,0.13590755000625884,-0.75,0.009999999999999787,0.030278626329101,0.07245156496022,76.0,94.0,0.14143739439987027,750.0000000004198,5.4248361939064464,7.8100000000000005,543.705517074352,3775.0085338997956,0.0,nan
computed_torque,10.0,1.0,esn,57,"demo_00 -5,-5 deg",,0.0013418298045602625,True,2.9,False,0.006154948361306659,2.0000000000000004,True,0.00589907735742245,0.6381196362014365,0.10674738633463535,13.01515205060682,0.10368389352879506,-0.73,-4.390000000000001,0.003440624116532308,0.07245156496022,2.0,94.0,0.011397079598019853,29.755954817231867,0.47531455657885724,2.9,17.302992349306805,3.5452672401686507,0.0,nan
computed_torque,10.0,1.0,replay,57,"demo_00 -5,-5 deg",demo_00,0.0392041631534754,True,7.3,True,0.00658031230277975,2.000000000000001,False,0.005934010032489555,0.061220878391311184,0.010241290796636845,0.1827164356688839,0.10368389352879506,-0.75,0.009999999999999787,0.030040178584203103,0.07245156496022,76.0,94.0,0.11583152625955827,500.0000000002842,4.348734096483596,7.8100000000000005,512.8036205718009,3343.4663972388003,0.0,nan
computed_torque,10.0,1.0,esn,58,"demo_00 -5,-2.5 deg",,0.0007029682920394794,True,3.25,False,0.006175908678509246,2.0,True,0.005899077358210979,0.47983712343814827,0.1139720966915814,12.279205283873285,0.07475861608373909,-0.7,-4.04,0.0018431648268561064,0.07245156496022,2.0,94.0,0.006008498336283249,19.359688589611782,0.30375536387832974,3.25,9.44597500233414,1.0539705473058534,0.0,nan
computed_torque,10.0,1.0,replay,58,"demo_00 -5,-2.5 deg",demo_00,0.030564489204260123,True,7.3,True,0.00658031230277975,2.000000000000001,False,0.005934010032489555,0.05198838841957206,0.012348410204986417,0.1488431403181367,0.07475861608373909,-0.75,0.009999999999999787,0.02989620514346405,0.07245156496022,76.0,94.0,0.09728468645828353,500.0000000002778,3.4059543029451977,7.8100000000000005,488.15238217604383,3031.4185975678292,0.0,nan
computed_torque,10.0,1.0,esn,59,"demo_00 -5,+0 deg",,0.00026937511244692143,True,4.03,False,0.006179460458097264,2.0,True,0.005899077361084185,0.36679367943806035,0.11195712342468525,10.565729871762471,0.053183425979137076,-0.65,-3.26,0.0009720144358094775,0.07245156496022,2.0,94.0,0.0028322177467095338,13.590949577465764,0.22647749642545095,4.03,3.9154082077167693,0.22288940180471684,0.0,nan
computed_torque,10.0,1.0,replay,59,"demo_00 -5,+0 deg",demo_00,0.02440495901327214,True,7.3,True,0.00658031230277975,2.000000000000001,False,0.005934010032489555,0.04595244082310397,0.01402614978747629,0.13568520537015166,0.053183425979137076,-0.75,0.009999999999999787,0.029848073140576182,0.07245156496022,76.0,94.0,0.09025873789072762,500.0000000002778,2.738052605308498,7.8100000000000005,469.5949591782976,2828.9992772824835,0.0,nan
computed_torque,10.0,1.0,esn,60,"demo_00 -5,+2.5 deg",,8.603242616475804e-05,True,5.66,False,0.006176503185906713,2.0,True,0.005899077432509326,0.4417743924511625,0.11283383691990256,6.116365598622264,0.05142632725596606,-0.56,-1.63,0.0007366340984543767,0.07245156496022,2.0,94.0,0.002046698332836925,13.561879426808026,0.2257081011666514,5.66,1.7158958668580149,0.09655921950109475,0.0,nan
computed_torque,10.0,1.0,replay,60,"demo_00 -5,+2.5 deg",demo_00,0.022808899935367805,True,7.3,True,0.00658031230277975,2.000000000000001,False,0.005934010032489555,0.05022273781057083,0.01282741667380694,0.14884179343607912,0.05142632725596606,-0.75,0.009999999999999787,0.029896245484110642,0.07245156496022,76.0,94.0,0.09728273800957868,500.0000000002778,2.5687327778270763,7.8100000000000005,456.95192991118756,2728.432703225904,0.0,nan
computed_torque,10.0,1.0,esn,61,"demo_00 -5,+5 deg",,0.0002302132888600927,True,7.15,False,0.006173081401239679,2.0,True,0.005899078217558578,0.6356242332571865,0.11307443673683597,1.2882476807383745,0.06860907628628012,-0.65,-0.13999999999999968,0.0008967941360016581,0.07245156496022,4.0,94.0,0.003786106187764541,13.560301639136584,0.2256805768285257,7.15,3.5455244664274814,0.2278514410870533,0.0,nan
computed_torque,10.0,1.0,replay,61,"demo_00 -5,+5 deg",demo_00,0.02658972507946037,True,7.3,True,0.00658031230277975,2.000000000000001,False,0.005934010032489555,0.05666359327973012,0.010080175610608227,0.18271424129100966,0.06860907628628012,-0.75,0.009999999999999787,0.030040258878761574,0.07245156496022,76.0,94.0,0.11582825331639245,500.0000000002842,2.983166904261561,7.8100000000000005,450.02189397523773,2723.887554205074,0.0,nan
computed_torque,10.0,1.0,esn,62,"demo_00 -5,+7.5 deg",,0.0005489966310750089,True,7.24,False,0.006177611445755318,2.0,True,0.005899078442428508,0.9923735364490792,0.1277232481211954,1.346248202979831,0.0967231785390574,-0.7,-0.04999999999999982,0.0020805869246673723,0.07245156496022,4.0,94.0,0.00999698565203185,13.57113869916338,0.2258584156215527,7.24,9.627506505327949,1.4243366107672921,0.0,nan
computed_torque,10.0,1.0,replay,62,"demo_00 -5,+7.5 deg",demo_00,0.03398025467545933,True,7.3,True,0.00658031230277975,2.000000000000001,False,0.005934010032489555,0.062319021934010135,0.00802075791906833,0.2282593228067227,0.0967231785390574,-0.75,0.009999999999999787,0.03027874582236955,0.07245156496022,76.0,94.0,0.14143337378669169,750.0000000004198,3.7935133477318517,7.8100000000000005,448.58213470991905,2811.3096824303093,0.0,nan
computed_torque,10.0,1.0,esn,63,"demo_00 -5,+10 deg",,0.0010734149183309937,True,5.93,False,0.006175652351627104,2.000000000000001,True,0.005899077448789823,1.5284238383259008,0.151605693263673,5.433211162227722,0.12876460242142176,-0.72,-1.3600000000000003,0.0047562546682327084,0.07245156496022,4.0,94.0,0.021315048665473655,22.539170932893658,0.3397203577917692,5.93,19.69251682061656,6.10134044647405,0.0,nan
computed_torque,10.0,1.0,replay,63,"demo_00 -5,+10 deg",demo_00,0.04314850902080188,True,7.3,True,0.00658031230277975,2.000000000000001,False,0.005934010032489555,0.0679276494423438,0.006737802779076015,0.2798345098556824,0.12876460242142176,-0.75,0.009999999999999787,0.0306094981870685,0.07245156496022,76.0,94.0,0.1709548945708134,1000.0000000005556,4.802148871394873,7.8100000000000005,452.3893421169302,2988.236289563298,0.0,nan
computed_torque,10.0,1.0,esn,64,"demo_00 -5,+12.5 deg",,0.0018057526270003268,True,4.99,False,0.006174108822807612,2.0,True,0.005899077373867549,2.1258393488943033,0.1705273941483884,8.319253479790628,0.16238319173133697,-0.73,-2.3,0.008300553358175025,0.07245156496022,4.0,94.0,0.035226315417107,38.47543332269802,0.531040761120342,4.99,33.13525202091146,16.85322819510824,0.0,nan
computed_torque,10.0,1.0,replay,64,"demo_00 -5,+12.5 deg",demo_00,0.053168624094455386,True,7.3,True,0.00658031230277975,2.000000000000001,False,0.005934010032489555,0.07637742399534728,0.006126729704418854,0.3346634090313869,0.16238319173133697,-0.75,0.009999999999999787,0.031029565668382966,0.07245156496022,76.0,94.0,0.20268871339426567,1250.0000000007042,5.907080121197562,7.8100000000000005,461.18039429048315,3253.594656811263,0.0,nan
computed_torque,10.0,1.0,esn,65,"demo_00 -5,+15 deg",,0.002750026505819129,True,4.5600000000000005,False,0.006172374325365604,2.0,True,0.005899077366227218,2.647574246413117,0.1778228308537104,9.507842812522195,0.19658510189643652,-0.74,-2.7299999999999995,0.011775382204441865,0.07245156496022,4.0,94.0,0.049188023188698755,57.8636471481448,0.6920952485997618,4.5600000000000005,49.255138808928685,35.104769076134204,0.0,nan
computed_torque,10.0,1.0,replay,65,"demo_00 -5,+15 deg",demo_00,0.06362651739463743,True,7.3,True,0.00658031230277975,2.000000000000001,False,0.005934010032489555,0.08618348054678338,0.0057884648577531846,0.3913809547783349,0.19658510189643652,-0.75,0.009999999999999787,0.031535379298316235,0.07245156496022,73.0,94.0,0.23574311209407608,1500.0000000008397,7.061944869325023,7.8100000000000005,474.6731952612365,3607.488730908511,0.0,nan
computed_torque,10.0,1.0,esn,66,"demo_00 -2.5,-15 deg",,0.0052274651471506854,True,1.94,False,0.00642127110798291,2.0,True,0.005899077357289272,1.480789681859419,0.11549004375737784,14.268672478010332,0.21365568895552817,-0.75,-5.35,0.010889157799693235,0.07245156496022,2.0,94.0,0.03393053344171034,80.33921440946011,1.0471720892947587,1.94,55.41964334040512,34.77238880371907,0.0,nan
computed_torque,10.0,1.0,replay,66,"demo_00 -2.5,-15 deg",demo_00,0.071633409279403,True,7.3,True,0.00658031230277975,2.000000000000001,False,0.005934010032489555,0.10205145000788145,0.007959217011908513,0.37676438907365345,0.21365568895552817,-0.75,0.009999999999999787,0.03139794048532976,0.07245156496022,71.0,94.0,0.2272121644943346,1500.0000000008336,7.9525030876806575,7.8100000000000005,404.3904721061698,2830.497358390227,0.0,nan
computed_torque,10.0,1.0,esn,67,"demo_00 -2.5,-12.5 deg",,0.00395911088329618,True,2.05,False,0.0063271367911124565,2.0,True,0.005899077357266321,1.1927921044770893,0.11145302068952316,14.109953810738356,0.17875353110194295,-0.74,-5.24,0.00900595840339344,0.07245156496022,2.0,94.0,0.027944712693618194,57.10662697515878,0.909602423930418,2.05,44.948725448740255,23.144486198585177,0.0,nan
computed_torque,10.0,1.0,replay,67,"demo_00 -2.5,-12.5 deg",demo_00,0.06071580298684027,True,7.3,True,0.00658031230277975,2.000000000000001,False,0.005934010032489555,0.0896875114291305,0.008380290269681881,0.31744534885371334,0.17875353110194295,-0.75,0.009999999999999787,0.03088991545579651,0.07245156496022,74.0,94.0,0.1926989575145048,1250.0000000006978,6.744186883841419,7.8100000000000005,360.2705443002431,2284.314488743653,0.0,nan
computed_torque,10.0,1.0,esn,68,"demo_00 -2.5,-10 deg",,0.0028689474590401164,True,2.3000000000000003,False,0.0061070541773750806,1.9999999999999996,True,0.00589907735723739,0.8907141733151046,0.10465451312609247,13.900060875641309,0.1439136041630369,-0.74,-4.99,0.00699145110514569,0.07245156496022,2.0,94.0,0.022254589272705863,44.77600858973023,0.7710172140452751,2.3000000000000003,35.32142171608608,14.46468374716511,0.0,nan
computed_torque,10.0,1.0,replay,68,"demo_00 -2.5,-10 deg",demo_00,0.049875071441761086,True,7.3,True,0.00658031230277975,2.000000000000001,False,0.005934010032489555,0.07739060510865325,0.009093013607311871,0.258995953875771,0.1439136041630369,-0.75,0.009999999999999787,0.03046796223294241,0.07245156496022,76.0,94.0,0.1589822963817857,1000.0000000005556,5.543120165609632,7.8100000000000005,322.64651378597534,1853.4632772947318,0.0,nan
computed_torque,10.0,1.0,esn,69,"demo_00 -2.5,-7.5 deg",,0.001934953509037633,True,2.59,False,0.0060973333715015595,2.0,True,0.00589907735719089,0.6558254582158788,0.10048523893465208,13.60758941282797,0.10929343247508683,-0.73,-4.7,0.005061294981639241,0.07245156496022,2.0,94.0,0.016522754946392545,37.366105994690436,0.6199492995623638,2.59,25.834007875963152,7.835117245504936,0.0,nan
computed_torque,10.0,1.0,replay,69,"demo_00 -2.5,-7.5 deg",demo_00,0.03917371835556368,True,7.3,True,0.00658031230277975,2.000000000000001,False,0.005934010032489555,0.06596037919661989,0.010106415328590131,0.2021718791512255,0.10929343247508683,-0.75,0.009999999999999787,0.030135696507723967,0.07245156496022,76.0,94.0,0.1266997028455379,750.0000000004198,4.356566975046122,7.8100000000000005,291.4205103137664,1524.0256115899942,0.0,nan
computed_torque,10.0,1.0,esn,70,"demo_00 -2.5,-5 deg",,0.001153307225031737,True,2.81,False,0.006150495478450246,2.0000000000000004,True,0.005899077357335099,0.4826463489364043,0.10524814793225223,13.173435867208376,0.07520220098562598,-0.72,-4.48,0.003246007274183989,0.07245156496022,2.0,94.0,0.010578611517112084,28.070112156920583,0.45141055670835195,2.81,16.57769470616013,3.2377687590240365,0.0,nan
computed_torque,10.0,1.0,replay,70,"demo_00 -2.5,-5 deg",demo_00,0.028764177804806543,True,7.3,True,0.00658031230277975,2.000000000000001,False,0.005934010032489555,0.0545084309796282,0.011886366528911195,0.14884637481446236,0.07520220098562598,-0.75,0.009999999999999787,0.02989610879360613,0.07245156496022,76.0,94.0,0.09728936551412941,500.0000000002842,3.2019721326698822,7.8100000000000005,266.4708566950456,1284.4619171023376,0.0,nan
computed_torque,10.0,1.0,esn,71,"demo_00 -2.5,-2.5 deg",,0.0005398340335277816,True,3.19,False,0.00617840946807748,2.0000000000000004,True,0.005899077358118314,0.2827118598175734,0.11356997275624452,12.383095704723718,0.04130210392087671,-0.69,-4.1,0.0016108848082661187,0.07245156496022,2.0,94.0,0.005111261899888868,16.95695815714761,0.26702463122364195,3.19,8.319210105338415,0.8188848879354339,0.0,nan
computed_torque,10.0,1.0,replay,71,"demo_00 -2.5,-2.5 deg",demo_00,0.019121130697269093,True,7.3,True,0.00658031230277975,2.000000000000001,False,0.005934010032489555,0.0430530964868559,0.017295132217796886,0.10451903104999843,0.04130210392087671,-0.75,0.009999999999999787,0.02975143817714372,0.07245156496022,76.0,94.0,0.07424680724320526,250.00000000014848,2.1331196507149417,7.8100000000000005,247.65249509393328,1125.5254181231417,0.0,nan
computed_torque,10.0,1.0,esn,72,"demo_00 -2.5,+0 deg",,0.00011726370446598859,True,4.34,False,0.0061763097143617265,2.0,True,0.005899077365183742,0.10600594624283252,0.1340002509343996,9.827363123370121,0.013343816499823654,-0.5800000000000001,-2.95,0.0008281906236961579,0.07245156496022,2.0,94.0,0.002047233250185383,13.623058105872234,0.22669123769632007,4.34,2.0909940056726724,0.10821851428562122,0.0,nan
computed_torque,10.0,1.0,replay,72,"demo_00 -2.5,+0 deg",demo_00,0.012202749131158529,True,7.3,True,0.00658031230277975,2.000000000000001,False,0.005934010032489555,0.03504062406348156,0.04429423616151125,0.08473737303106725,0.013343816499823654,-0.75,0.009999999999999787,0.029703071589206122,0.07245156496022,76.0,94.0,0.06476818611131709,250.0000000001389,1.3691786539159916,7.8100000000000005,234.79747958914885,1040.1487100426086,0.0,nan
computed_torque,10.0,1.0,esn,73,"demo_00 -2.5,+2.5 deg",,0.00012101864399978565,True,6.76,False,0.006172902835970897,2.0,True,0.005899077935138007,0.48275321629907764,0.2212358540022415,2.3975612398796136,0.027257931491176023,-0.55,-0.5300000000000002,0.0006459534450318359,0.07245156496022,3.0,94.0,0.0018725750990351085,13.563332776813766,0.22572742037939655,6.76,1.1538350873915784,0.08039597026100441,0.0,nan
computed_torque,10.0,1.0,replay,73,"demo_00 -2.5,+2.5 deg",demo_00,0.013295156301416727,True,7.3,True,0.00658031230277975,2.000000000000001,False,0.005934010032489555,0.042644154820956404,0.019542937657350042,0.10451711297741846,0.027031885539560537,-0.75,0.009999999999999787,0.029751478714082843,0.07245156496022,76.0,94.0,0.07424425419629092,250.00000000014848,1.4917494420905384,7.8100000000000005,227.71553365655095,1023.3049378645403,0.0,nan
computed_torque,10.0,1.0,esn,74,"demo_00 -2.5,+5 deg",,0.00020169115165657935,True,7.68,False,0.006174779401197451,2.0,True,0.005899080737944626,0.8416180567916997,0.18352047431624033,1.6053707889729723,0.05979870506757273,-0.61,0.3899999999999997,0.0006064069182963499,0.07245156496022,3.0,94.0,0.002119919556220682,13.562477275712851,0.22570741460202604,7.68,0.7425568667729253,0.07400540573873766,0.0,nan
computed_torque,10.0,1.0,replay,74,"demo_00 -2.5,+5 deg",demo_00,0.021180258092064,True,7.3,True,0.00658031230277975,2.000000000000001,False,0.005934010032489555,0.05211645951130715,0.011364344303232339,0.14884368109669727,0.05979870506757273,-0.75,0.009999999999999787,0.02989618947510422,0.07245156496022,76.0,94.0,0.09728546876512195,500.0000000002842,2.366142022088235,7.8100000000000005,226.1946710584651,1071.8461573624072,0.0,nan
computed_torque,10.0,1.0,esn,75,"demo_00 -2.5,+7.5 deg",,0.00034294981062342396,True,8.25,False,0.006174307870542896,2.0,True,0.0058990840764594835,1.0902367438167813,0.1544910330195578,3.4953182152130884,0.09384960350248912,-0.67,0.96,0.0012742212133914496,0.07245156496022,6.0,94.0,0.006231450378201979,13.559851337429297,0.22566714541910493,8.25,3.585107040253754,0.37723563597111737,0.0,nan
computed_torque,10.0,1.0,replay,75,"demo_00 -2.5,+7.5 deg",demo_00,0.031044595025045488,True,7.3,True,0.00658031230277975,2.000000000000001,False,0.005934010032489555,0.05824061295290913,0.00825293452070559,0.20216890433508727,0.09384960350248912,-0.75,0.009999999999999787,0.03013581656773183,0.07245156496022,76.0,94.0,0.12669521453949703,750.0000000004198,3.462385724087691,7.8100000000000005,230.00187846547635,1184.3217064434568,0.0,nan
computed_torque,10.0,1.0,esn,76,"demo_00 -2.5,+10 deg",,0.0007373564196583116,True,8.21,False,0.0061750761368901015,2.0,True,0.00589908365752015,1.4699973117386371,0.15403813477956016,3.506209702038372,0.1285304575985092,-0.71,0.9200000000000008,0.003185493967846291,0.07245156496022,6.0,94.0,0.016402897126752608,15.799156830946458,0.2492863274485584,8.21,11.648972420141353,2.8453559665274355,0.0,nan
computed_torque,10.0,1.0,replay,76,"demo_00 -2.5,+10 deg",demo_00,0.04149092241215858,True,7.3,True,0.00658031230277975,2.000000000000001,False,0.005934010032489555,0.06625538261101284,0.006942771578565379,0.2589928576969566,0.1285304575985092,-0.75,0.009999999999999787,0.030468120567118482,0.07245156496022,76.0,94.0,0.15897752716733599,1000.0000000005556,4.624328884624033,7.8100000000000005,238.88385798000456,1360.7796324863061,0.0,nan
computed_torque,10.0,1.0,esn,77,"demo_00 -2.5,+12.5 deg",,0.0013726885455941059,True,7.55,False,0.006175666587335288,2.000000000000001,True,0.005899079906951939,1.916075824742646,0.15920937513495934,2.137044522750241,0.16339582499906352,-0.73,0.2599999999999998,0.0057110738100059665,0.07245156496022,6.0,94.0,0.0291437534102755,26.44716046261747,0.40894656528880996,7.55,22.95674235125539,9.673795155295416,0.0,nan
computed_torque,10.0,1.0,replay,77,"demo_00 -2.5,+12.5 deg",demo_00,0.052162731768561434,True,7.3,True,0.00658031230277975,2.000000000000001,False,0.005934010032489555,0.07630869996664359,0.006340594814760108,0.3174421912354679,0.16339582499906352,-0.75,0.009999999999999787,0.030890110669869887,0.07245156496022,76.0,94.0,0.19269403909811506,1250.0000000007042,5.811652284736472,7.8100000000000005,252.56782757912367,1602.5544044326664,0.0,nan
computed_torque,10.0,1.0,esn,78,"demo_00 -2.5,+15 deg",,0.0022459560154516976,True,7.32,False,0.006173813918835589,2.0,True,0.005899078684720454,2.1145437602222477,0.14553344936872295,2.318660265679533,0.1982995833155524,-0.74,0.03000000000000025,0.008019131306137068,0.07245156496022,6.0,94.0,0.04180103461270108,42.98505388139233,0.5543484727222877,7.32,36.916193093030394,22.02803049686955,0.0,nan
computed_torque,10.0,1.0,replay,78,"demo_00 -2.5,+15 deg",demo_00,0.06293807748650433,True,7.3,True,0.00658031230277975,2.000000000000001,False,0.005934010032489555,0.08738132575043528,0.0060140187146262986,0.37676119650923057,0.1982995833155524,-0.75,0.009999999999999787,0.031398170951776654,0.07245156496022,73.0,94.0,0.22720715892401644,1500.0000000008397,7.010397799449261,7.8100000000000005,270.76237734707763,1912.0442843828123,0.0,nan
computed_torque,10.0,1.0,esn,79,"demo_00 +0,-15 deg",,0.0047144594979103204,True,1.85,False,0.006462705710030294,2.0,True,0.005899077357298587,1.3727635222094483,0.12056720364173058,14.397453679250985,0.18844257990692398,-0.74,-5.4399999999999995,0.010302886699916487,0.07245156496022,2.0,94.0,0.031170638969927816,70.09983675582102,0.9878452296512995,1.85,51.74930195057508,30.263233038079335,0.0,nan
computed_torque,10.0,1.0,replay,79,"demo_00 +0,-15 deg",demo_00,0.06380030075546046,True,7.3,True,0.00658031230277975,2.000000000000001,False,0.005934010032489555,0.09622476239034787,0.008451237474478953,0.3717641218383804,0.18844257990692398,-0.75,0.009999999999999787,0.03135202216707034,0.07245156496022,71.0,94.0,0.22429580393622306,1500.0000000008336,7.151105193644273,7.8100000000000005,248.5348854839925,1276.1730436304745,0.0,nan
computed_torque,10.0,1.0,esn,80,"demo_00 +0,-12.5 deg",,0.0035274056793398534,True,1.96,False,0.006383119909493654,2.0,True,0.005899077357299903,1.1086433593202725,0.11761794214836739,14.242339342087101,0.15365121678907825,-0.74,-5.33,0.008448747024218667,0.07245156496022,2.0,94.0,0.025526227962130322,48.12987290340222,0.8551336764088111,1.96,42.02385587307817,20.13993445235752,0.0,nan
computed_torque,10.0,1.0,replay,80,"demo_00 +0,-12.5 deg",demo_00,0.05317122526786625,True,7.3,True,0.00658031230277975,2.000000000000001,False,0.005934010032489555,0.08469234103781245,0.00898516081375591,0.3114943128230025,0.15365121678907825,-0.75,0.009999999999999787,0.03084324081724254,0.07245156496022,75.0,94.0,0.18925149456839963,1250.0000000006978,5.961687330730614,7.8100000000000005,207.11240456999374,992.4436971789322,0.0,nan
computed_torque,10.0,1.0,esn,81,"demo_00 +0,-10 deg",,0.002511098085250612,True,2.15,False,0.0062108476279915,2.0000000000000004,True,0.005899077357262945,0.7979090563212595,0.11020799059169707,14.030926022729508,0.11914304276776726,-0.74,-5.140000000000001,0.0065665684352239195,0.07245156496022,2.0,94.0,0.020171816779015837,41.582306269147274,0.7186702906668566,2.15,32.91306150767931,12.467716639962035,0.0,nan
computed_torque,10.0,1.0,replay,81,"demo_00 +0,-10 deg",demo_00,0.04253980010216868,True,7.3,True,0.00658031230277975,2.000000000000001,False,0.005934010032489555,0.0731215025962881,0.01009961449408324,0.2516665681735243,0.11914304276776726,-0.75,0.009999999999999787,0.03042064019497575,0.07245156496022,76.0,94.0,0.15478569227167563,1000.0000000005556,4.770942729944897,7.8100000000000005,165.68992365599502,779.1509515236489,0.0,nan
computed_torque,10.0,1.0,esn,82,"demo_00 +0,-7.5 deg",,0.001641694120249543,True,2.48,False,0.0060992759430920866,2.0000000000000004,True,0.005899077357237011,0.5356635820802816,0.10446271994340114,13.725225988151035,0.0851657390379268,-0.73,-4.8100000000000005,0.004584309610472922,0.07245156496022,2.0,94.0,0.014673211592094396,33.981630668110114,0.56525552617134,2.48,23.654738662805553,6.496796230915754,0.0,nan
computed_torque,10.0,1.0,replay,82,"demo_00 +0,-7.5 deg",demo_00,0.031906495069376456,True,7.3,True,0.00658031230277975,2.000000000000001,False,0.005934010032489555,0.061021886322173834,0.011900215796891597,0.19269308791899237,0.0851657390379268,-0.75,0.009999999999999787,0.030087851888258937,0.07245156496022,76.0,94.0,0.12139215242487326,750.0000000004198,3.5791363843788697,7.8100000000000005,124.26744274199638,625.2240195812577,0.0,nan
computed_torque,10.0,1.0,esn,83,"demo_00 +0,-5 deg",,0.0009107496167079207,True,2.7600000000000002,False,0.006150661154045113,1.9999999999999996,True,0.0058990773573266665,0.3355514396913223,0.1120919329868859,13.25133437396558,0.05177574101230625,-0.72,-4.529999999999999,0.00270569108736264,0.07245156496022,2.0,94.0,0.00875701233114776,24.125057249664405,0.3886086717498454,2.7600000000000002,14.316317000908938,2.369698276316557,0.0,nan
computed_torque,10.0,1.0,replay,83,"demo_00 +0,-5 deg",demo_00,0.02127178006356799,True,7.3,True,0.00658031230277975,2.000000000000001,False,0.005934010032489555,0.04922311427778565,0.016443124285525346,0.1356923015783364,0.05177574101230625,-0.75,0.009999999999999787,0.029847880129806412,0.07245156496022,76.0,94.0,0.09026882413844733,500.0000000002842,2.3865335234092524,7.8100000000000005,82.84496182799742,521.9671510926327,0.0,nan
computed_torque,10.0,1.0,esn,84,"demo_00 +0,-2.5 deg",,0.00033020211487061875,True,3.24,False,0.006179531455553782,2.0,True,0.0058990773582185616,0.12459880390096478,0.11490659367517572,12.270901365667266,0.018840617245048052,-0.67,-4.05,0.0011878748745606305,0.07245156496022,2.0,94.0,0.0034496620295150996,13.12488637542517,0.21907729316239002,3.24,5.6882482323501815,0.3991120782590356,0.0,nan
computed_torque,10.0,1.0,replay,84,"demo_00 +0,-2.5 deg",demo_00,0.010636125041133062,True,7.3,True,0.00658031230277975,2.000000000000001,False,0.005934010032489555,0.03778921510217801,0.03484969236543498,0.08474305436936608,0.018840617245048052,-0.75,0.009999999999999787,0.029702974612866067,0.07245156496022,76.0,94.0,0.06477521404832053,250.00000000014848,1.1933995536724151,7.8100000000000005,54.97928843269916,462.95461005451494,0.0,nan
computed_torque,10.0,1.0,esn,85,"demo_00 +0,+2.5 deg",,0.0003205125868701393,True,7.21,False,0.006174604153106804,2.000000000000001,True,0.005899078347754523,0.6296039869192268,0.2724442412614759,1.1413497124200551,0.05499990501368743,-0.67,-0.08000000000000007,0.0012518329225672403,0.07245156496022,3.0,94.0,0.005277866282435438,13.564197176381514,0.22572927798954104,7.21,5.4740814603080805,0.5130877123510809,0.0,nan
computed_torque,10.0,1.0,replay,85,"demo_00 +0,+2.5 deg",demo_00,0.010636125041133693,True,7.3,True,0.00658031230277975,2.000000000000001,False,0.005934010032489555,0.041836743827512145,0.018103728956213833,0.08474068867641595,0.03490381605529773,-0.75,0.009999999999999787,0.029703015215945424,0.07245156496022,76.0,94.0,0.0647722876727349,250.00000000014848,1.1933995536724085,7.8100000000000005,54.97639739789974,462.49643045674185,0.0,nan
computed_torque,10.0,1.0,esn,86,"demo_00 +0,+5 deg",,0.000386067831427477,True,7.930000000000001,False,0.006175476775081725,1.9999999999999991,True,0.005899082077310485,1.0324690932810632,0.22267698685926507,2.4425663402520725,0.06979101978453763,-0.68,0.6400000000000006,0.001426610948971532,0.07245156496022,5.0,94.0,0.0066396336057223514,13.563801764760072,0.22573635336723713,7.930000000000001,6.487489367677672,0.7228638762281421,0.0,nan
computed_torque,10.0,1.0,replay,86,"demo_00 +0,+5 deg",demo_00,0.02127178006356879,True,7.3,True,0.00658031230277975,2.000000000000001,False,0.005934010032489555,0.050328480494255784,0.010854556773270263,0.13568934672491467,0.06979101978453763,-0.75,0.009999999999999787,0.029847960941670592,0.07245156496022,76.0,94.0,0.09026462431121941,500.0000000002842,2.386533523409286,7.8100000000000005,82.84496182799744,518.2480632437762,0.0,nan
computed_torque,10.0,1.0,esn,87,"demo_00 +0,+7.5 deg",,0.00034247616435754714,True,8.57,False,0.006175703408105022,2.0,True,0.005899092255788209,1.3184517213600957,0.18616692263048154,4.602057002285537,0.10384753664276115,-0.66,1.2800000000000002,0.00088913790400913,0.07245156496022,5.0,94.0,0.004172453383573115,13.562173772226997,0.22570193806811148,8.57,3.94609894731652,0.2979207888674695,0.0,nan
computed_torque,10.0,1.0,replay,87,"demo_00 +0,+7.5 deg",demo_00,0.031906495069376,True,7.3,True,0.00658031230277975,2.000000000000001,False,0.005934010032489555,0.05730478453993033,0.008091502492633107,0.1926899667659644,0.10384753664276115,-0.75,0.009999999999999787,0.030087972139181143,0.07245156496022,76.0,94.0,0.12138746787212115,750.0000000004198,3.5791363843788533,7.8100000000000005,124.26744274199613,612.2662603143596,0.0,nan
computed_torque,10.0,1.0,esn,88,"demo_00 +0,+10 deg",,0.0004633498090714686,True,8.92,False,0.0061737176209284966,2.0,True,0.0058991085022067095,1.5770134773805655,0.1650315826753368,5.7731528913720584,0.13787229828113745,-0.68,1.63,0.0014008491514585291,0.07245156496022,6.0,94.0,0.007338007273175222,13.56113108810737,0.22568487908876306,8.92,2.087642893611953,0.39807538891699507,0.0,nan
computed_torque,10.0,1.0,replay,88,"demo_00 +0,+10 deg",demo_00,0.042539800102169054,True,7.3,True,0.00658031230277975,2.000000000000001,False,0.005934010032489555,0.06750844349801965,0.007064635422730872,0.25166338182233594,0.13787229828113745,-0.75,0.009999999999999787,0.03042079877545343,0.07245156496022,76.0,94.0,0.15478079374856918,1000.0000000005556,4.770942729944878,7.8100000000000005,165.68992365599485,747.0632002691368,0.0,nan
computed_torque,10.0,1.0,esn,89,"demo_00 +0,+12.5 deg",,0.0009683719389225749,True,8.040000000000001,False,0.006175635302244414,2.0,True,0.005899082546349348,2.0382265024649797,0.16928204755633058,3.2699280207570327,0.17198715963102415,-0.72,0.7500000000000009,0.00399510168780893,0.07245156496022,7.0,94.0,0.020575263877037422,21.5487012508965,0.24948571953534163,8.040000000000001,11.270491709853056,3.679646548066763,0.0,nan
computed_torque,10.0,1.0,replay,89,"demo_00 +0,+12.5 deg",demo_00,0.05317122526786588,True,7.3,True,0.00658031230277975,2.000000000000001,False,0.005934010032489555,0.07848537925715175,0.00651849325274588,0.3114910948784799,0.17198715963102415,-0.75,0.009999999999999787,0.030843436326728736,0.07245156496022,75.0,94.0,0.1892464865542871,1250.0000000007042,5.961687330730601,7.8100000000000005,207.112404569994,926.3284438425575,0.0,nan
computed_torque,10.0,1.0,esn,90,"demo_00 +0,+15 deg",,0.0017877727831679068,True,6.19,False,0.006173442247252851,1.9999999999999991,True,0.00589907752311887,2.823419389307614,0.1943126123305492,4.908265588908887,0.20609858334871872,-0.73,-1.0999999999999996,0.007521850737125459,0.07245156496022,6.0,94.0,0.03492672800415703,38.08850062106537,0.3975896434217593,6.19,23.135700625342622,11.86061668199066,0.0,nan
computed_torque,10.0,1.0,replay,90,"demo_00 +0,+15 deg",demo_00,0.06380030075546046,True,7.3,True,0.00658031230277975,2.000000000000001,False,0.005934010032489555,0.08955891603462433,0.006163599711075072,0.371760886333253,0.20609858334871872,-0.75,0.009999999999999787,0.03135225297105699,0.07245156496022,71.0,94.0,0.2242907332805333,1500.0000000008397,7.151105193644249,7.8100000000000005,248.53488548399275,1154.6978349732638,0.0,nan
computed_torque,10.0,1.0,esn,91,"demo_00 +2.5,-15 deg",,0.004144603814280462,True,1.79,False,0.006447409230288898,2.0,True,0.005899077357299067,1.2376259994217529,0.12441016478966267,14.504821733923007,0.16671922980980355,-0.74,-5.5,0.009425337171917084,0.07245156496022,2.0,94.0,0.027901452441915837,59.52045426798452,0.9077738326761206,1.79,47.028408953927595,24.93883362333218,0.0,nan
computed_torque,10.0,1.0,replay,91,"demo_00 +2.5,-15 deg",demo_00,0.05849510437124326,True,7.3,True,0.00658031230277975,2.000000000000001,False,0.005934010032489555,0.09028613564648523,0.009075854110409082,0.3767664126203842,0.16671922980980355,-0.75,0.009999999999999787,0.03139779541344372,0.07245156496022,73.0,94.0,0.22721533714796968,1500.0000000008336,6.62259279326988,7.8100000000000005,226.26041035302936,1255.7839440692505,0.0,nan
computed_torque,10.0,1.0,esn,92,"demo_00 +2.5,-12.5 deg",,0.003039050888194525,True,1.9000000000000001,False,0.0063900568597101545,1.9999999999999998,True,0.0058990773572790735,0.9726704610947612,0.12286738284730425,14.350916730403688,0.13200371923441936,-0.74,-5.39,0.007613918003138085,0.07245156496022,2.0,94.0,0.022557389322393904,43.15532966119123,0.778515877310079,1.9000000000000001,37.94346081408193,16.335212860545745,0.0,nan
computed_torque,10.0,1.0,replay,92,"demo_00 +2.5,-12.5 deg",demo_00,0.0485833106495824,True,7.3,True,0.00658031230277975,2.000000000000001,False,0.005934010032489555,0.0788020976520131,0.009954252636070615,0.31744775052541496,0.13200371923441936,-0.75,0.009999999999999787,0.030889767998002485,0.07245156496022,76.0,94.0,0.19270269839377444,1250.0000000006978,5.499468535645797,7.8100000000000005,187.9587083925969,1171.3888872676673,0.0,nan
computed_torque,10.0,1.0,esn,93,"demo_00 +2.5,-10 deg",,0.002099042590420356,True,2.07,False,0.006262283432582248,2.0000000000000004,True,0.005899077357279017,0.6708980377183817,0.11310833843665921,14.136787180064534,0.09710256476199383,-0.74,-5.220000000000001,0.005816992389639327,0.07245156496022,2.0,94.0,0.0175045359167107,37.31293160896299,0.6438511767644514,2.07,29.294976150476842,9.795359873656823,0.0,nan
computed_torque,10.0,1.0,replay,93,"demo_00 +2.5,-10 deg",demo_00,0.03879011087883331,True,7.3,True,0.00658031230277975,2.000000000000001,False,0.005934010032489555,0.06775823363143205,0.011423526065925556,0.2589988975436206,0.09710256476199383,-0.75,0.009999999999999787,0.030467812732983764,0.07245156496022,76.0,94.0,0.15898683059892418,1000.0000000005556,4.388912479484667,7.8100000000000005,194.04405681596168,1115.0198661407048,0.0,nan
computed_torque,10.0,1.0,esn,94,"demo_00 +2.5,-7.5 deg",,0.001297901601111151,True,2.39,False,0.006120549868595191,1.9999999999999996,True,0.0058990773572566635,0.4082922802477828,0.1064266900389197,13.816461765459907,0.062222027649275674,-0.73,-4.9,0.0038935323365630603,0.07245156496022,2.0,94.0,0.012217802989702202,29.5018955507479,0.48954946207944305,2.39,20.23861376877588,4.699688087282285,0.0,nan
computed_torque,10.0,1.0,replay,94,"demo_00 +2.5,-7.5 deg",demo_00,0.029243419050876136,True,7.3,True,0.00658031230277975,2.000000000000001,False,0.005934010032489555,0.05686918720010341,0.014823692858551351,0.20217565017659295,0.062222027649275674,-0.75,0.009999999999999787,0.030135545359422467,0.07245156496022,76.0,94.0,0.12670539231703068,750.0000000004198,3.305444550948526,7.8100000000000005,213.14950320740485,1078.462268456964,0.0,nan
computed_torque,10.0,1.0,esn,95,"demo_00 +2.5,-5 deg",,0.0006208226199310512,True,2.72,False,0.006157784212854299,1.9999999999999996,True,0.0058990773573649015,0.2113441545349994,0.12330851472709418,13.290681035678492,0.027632924284163977,-0.7,-4.57,0.0020347151968591595,0.07245156496022,2.0,94.0,0.006354159714332719,19.125097595451308,0.3084494099066501,2.72,10.780645835625846,1.328330684349204,0.0,nan
computed_torque,10.0,1.0,replay,95,"demo_00 +2.5,-5 deg",demo_00,0.020306766884422848,True,7.3,True,0.00658031230277975,2.000000000000001,False,0.005934010032489555,0.04538452436745498,0.02647955087122941,0.1488514968020069,0.027632924284163977,-0.75,0.009999999999999787,0.029895956433994585,0.07245156496022,76.0,94.0,0.09729677478317057,500.0000000002842,2.290042528571105,7.8100000000000005,226.19467105846513,1055.8633823852101,0.0,nan
computed_torque,10.0,1.0,esn,96,"demo_00 +2.5,-2.5 deg",,8.650811580436388e-05,True,3.41,False,0.006173456998640432,2.0,True,0.005899077358361035,0.10206395819597383,0.35949364731446615,11.945936123142912,0.005278545917005253,-0.5700000000000001,-3.88,0.000939373219821084,0.07245156496022,1.0,94.0,0.0018465077517429763,13.451132366840572,0.22393978689929173,3.41,1.722595735704323,0.09716548691212429,0.0,nan
computed_torque,10.0,1.0,replay,96,"demo_00 +2.5,-2.5 deg",demo_00,0.013295156301416679,True,7.3,True,0.00658031230277975,2.000000000000001,False,0.005934010032489555,0.03736920725029223,0.13162327670913007,0.10452632518375887,0.009924241014182773,-0.75,0.009999999999999787,0.029751285076657908,0.07245156496022,76.0,94.0,0.07425651572000085,250.00000000014848,1.4917494420905388,7.8100000000000005,233.3472790702878,1043.6085697120002,0.0,nan
computed_torque,10.0,1.0,esn,97,"demo_00 +2.5,+0 deg",,0.0003428190055949499,True,6.69,False,0.006177404051639788,1.9999999999999991,True,0.0058990779008151525,0.47402798755173287,0.2143097558841804,2.5909060394009673,0.037326215473269066,-0.67,-0.5999999999999996,0.0011720399424786257,0.07245156496022,3.0,94.0,0.004675870550015073,13.565431021604981,0.22576781083459227,6.69,5.897309534016555,0.5143122538838376,0.0,nan
computed_torque,10.0,1.0,replay,97,"demo_00 +2.5,+0 deg",demo_00,0.012202749131158517,True,7.3,True,0.00658031230277975,2.000000000000001,False,0.005934010032489555,0.036958470426376594,0.016709057234864343,0.08474636979243778,0.037326215473269066,-0.75,0.009999999999999787,0.02970291823941995,0.07245156496022,76.0,94.0,0.06477931516475971,250.0000000001389,1.3691786539159854,7.8100000000000005,234.7974795891488,1040.1721765815882,0.0,nan
computed_torque,10.0,1.0,esn,98,"demo_00 +2.5,+2.5 deg",,0.0005999934459945958,True,7.18,False,0.006177964444940138,2.0,True,0.005899078293024459,0.8034812331330183,0.22725881140179477,1.410353456446159,0.08094428697578056,-0.7,-0.11000000000000032,0.002581755726856624,0.07245156496022,4.0,94.0,0.011781981833187478,17.86337821319993,0.2649685968903437,7.18,11.233154738592194,2.110620350424855,0.0,nan
computed_torque,10.0,1.0,replay,98,"demo_00 +2.5,+2.5 deg",demo_00,0.01814814284497564,True,7.3,True,0.00658031230277975,2.000000000000001,False,0.005934010032489555,0.04441019468340171,0.01256109992577925,0.1045244072450297,0.06020083781240649,-0.75,0.009999999999999787,0.02975132561380563,0.07245156496022,76.0,94.0,0.07425396300688954,250.00000000014848,2.0483553077602834,7.8100000000000005,230.75725885272237,1045.9457579448872,0.0,nan
computed_torque,10.0,1.0,esn,99,"demo_00 +2.5,+5 deg",,0.000709920874615017,True,7.54,False,0.006176161726723509,2.000000000000001,True,0.005899079856209674,1.2940065351767545,0.23147892607873588,1.6586275310711525,0.09261361316978121,-0.71,0.25,0.0032195081164332956,0.07245156496022,5.0,94.0,0.015394382674874182,18.75522575229691,0.27301290917905124,7.54,13.697433461141273,3.2580013810157897,0.0,nan
computed_torque,10.0,1.0,replay,99,"demo_00 +2.5,+5 deg",demo_00,0.02680799648819748,True,7.3,True,0.00658031230277975,2.000000000000001,False,0.005934010032489555,0.05136407888360009,0.009188285758831313,0.14884880317693416,0.08922641072168001,-0.75,0.009999999999999787,0.029896037115903763,0.07245156496022,76.0,94.0,0.0972928783309168,500.0000000002842,3.031491560565647,7.8100000000000005,221.45977477508006,1063.0464468130483,0.0,nan
computed_torque,10.0,1.0,esn,100,"demo_00 +2.5,+7.5 deg",,0.0006858139242605718,True,8.28,False,0.006174695868426811,2.0,True,0.005899084475022143,1.486810613880585,0.1882922481540019,3.7678231135815863,0.12085930655967728,-0.71,0.9899999999999993,0.0030973099098729703,0.07245156496022,6.0,94.0,0.01568092035700552,15.530143381686447,0.2256800735732831,8.28,12.947345616274143,3.095984278775573,0.0,nan
computed_torque,10.0,1.0,replay,100,"demo_00 +2.5,+7.5 deg",demo_00,0.036296291259713356,True,7.3,True,0.00658031230277975,2.000000000000001,False,0.005934010032489555,0.06098985349837292,0.007723859732087034,0.20217267541594253,0.12085930655967728,-0.75,0.009999999999999787,0.030135665420032497,0.07245156496022,76.0,94.0,0.12670090421253608,750.0000000004198,4.105644749747999,7.8100000000000005,207.158634023409,1095.108521856407,0.0,nan
computed_torque,10.0,1.0,esn,101,"demo_00 +2.5,+10 deg",,0.0006201977549569609,True,8.950000000000001,False,0.006174713550449593,2.0,True,0.005899109942491201,1.841480061100231,0.1809995486797043,5.9276889296741055,0.1534547144733868,-0.7,1.660000000000001,0.001852259854156938,0.07245156496022,7.0,94.0,0.009856006607260548,13.565636407141689,0.22576407081081296,8.950000000000001,8.911272801543841,1.360024168247616,0.0,nan
computed_torque,10.0,1.0,replay,101,"demo_00 +2.5,+10 deg",demo_00,0.04611065063206268,True,7.3,True,0.00658031230277975,2.000000000000001,False,0.005934010032489555,0.07107050033752213,0.0069855377515445774,0.2589958013999964,0.1534547144733868,-0.75,0.009999999999999787,0.030467971067936746,0.07245156496022,76.0,94.0,0.1589820615204939,1000.0000000005556,5.214579403173731,7.8100000000000005,191.29377504355827,1147.0614145543097,0.0,nan
computed_torque,10.0,1.0,esn,102,"demo_00 +2.5,+12.5 deg",,0.000835134298367341,True,9.26,False,0.006177881780449104,2.0,True,0.005899124023699879,2.0564527688182452,0.16403556944505637,6.934313761384912,0.1864630370508947,-0.71,1.9699999999999998,0.0014041963368456656,0.07245156496022,7.0,94.0,0.008277886326212283,18.98248494745877,0.2257531783250548,9.26,3.0424316371994156,0.4582537148323562,0.0,nan
computed_torque,10.0,1.0,replay,102,"demo_00 +2.5,+12.5 deg",demo_00,0.05608537816387242,True,7.3,True,0.00658031230277975,2.000000000000001,False,0.005934010032489555,0.08193668360023014,0.0065357837323571765,0.317444592931059,0.1864630370508947,-0.75,0.009999999999999787,0.030889963213007746,0.07245156496022,74.0,94.0,0.1926977800728668,1250.0000000007042,6.339658025379921,7.8100000000000005,198.32135239644114,1224.897548021286,0.0,nan
computed_torque,10.0,1.0,esn,103,"demo_00 +2.5,+15 deg",,0.00153502303218609,True,9.08,False,0.00617623171491393,2.0,True,0.005899115546134492,2.180330864766971,0.14589953651264892,6.46200451241916,0.2193203196306808,-0.73,1.79,0.0038931485782824427,0.07245156496022,8.0,94.0,0.022197971338823758,36.32641843096897,0.2701744962426725,9.08,8.121110716922704,3.474690014321067,0.0,nan
computed_torque,10.0,1.0,replay,103,"demo_00 +2.5,+15 deg",demo_00,0.06615243560329061,True,7.3,True,0.00658031230277975,2.000000000000001,False,0.005934010032489555,0.09329794981702418,0.006243147705630007,0.3767632200731082,0.2193203196306808,-0.75,0.009999999999999787,0.03139802588095554,0.07245156496022,71.0,94.0,0.2272103316475471,1500.0000000008397,7.473096827838173,7.8100000000000005,237.39295891183951,1335.4335122184552,0.0,nan
computed_torque,10.0,1.0,esn,104,"demo_00 +5,-15 deg",,0.0035417321231535214,True,1.75,False,0.006404147517160251,2.0,True,0.005899077357277397,1.1095480456720648,0.13032491592089557,14.59998538514452,0.14477487542419568,-0.74,-5.54,0.00836791178185214,0.07245156496022,2.0,94.0,0.024332615938887595,48.76020316229392,0.8150217816496966,1.75,41.67196223547921,19.53037013063004,0.0,nan
computed_torque,10.0,1.0,replay,104,"demo_00 +5,-15 deg",demo_00,0.05643630555407291,True,7.3,True,0.00658031230277975,2.000000000000001,False,0.005934010032489555,0.08478206649987101,0.009958303050773111,0.39138792399837535,0.14477487542419568,-0.75,0.009999999999999787,0.03153486095260789,0.07245156496022,73.0,94.0,0.2357540519478033,1500.0000000008336,6.4350660092220044,7.8100000000000005,407.8403918550041,2769.4708985110897,0.0,nan
computed_torque,10.0,1.0,esn,105,"demo_00 +5,-12.5 deg",,0.0025177270442872978,True,1.85,False,0.006380748293448471,2.0,True,0.005899077357289045,0.8221441804826977,0.1257298814232948,14.445488934825716,0.11016667177745242,-0.74,-5.4399999999999995,0.0066289116576110025,0.07245156496022,2.0,94.0,0.01926803199415313,38.33624704946162,0.6881865261643995,1.85,33.12385469317798,12.377767550800922,0.0,nan
computed_torque,10.0,1.0,replay,105,"demo_00 +5,-12.5 deg",demo_00,0.04781179648672446,True,7.3,True,0.00658031230277975,2.000000000000001,False,0.005934010032489555,0.07352846639606993,0.011244652192011893,0.3346709603275589,0.11016667177745242,-0.75,0.009999999999999787,0.031029077740826604,0.07245156496022,76.0,94.0,0.20270050207827287,1250.0000000006978,5.440228603652537,7.8100000000000005,433.23564593953336,2821.3097832893886,0.0,nan
computed_torque,10.0,1.0,esn,106,"demo_00 +5,-10 deg",,0.0016555977546018849,True,2.0100000000000002,False,0.006290700382749693,1.9999999999999996,True,0.005899077357278902,0.5355277958045294,0.12172579608944382,14.228053147782159,0.07620598488983654,-0.73,-5.279999999999999,0.004911817834663113,0.07245156496022,2.0,94.0,0.01450738156280234,32.43511468757422,0.556114173583227,2.0100000000000002,24.857612427969016,6.992627723832975,0.0,nan
computed_torque,10.0,1.0,replay,106,"demo_00 +5,-10 deg",demo_00,0.03965716813545638,True,7.3,True,0.00658031230277975,2.000000000000001,False,0.005934010032489555,0.06218596826748593,0.014134908686823001,0.2798428242813009,0.07620598488983654,-0.75,0.009999999999999787,0.030609042964588398,0.07245156496022,76.0,94.0,0.17096776268768563,1000.0000000005556,4.4979184839137085,7.8100000000000005,452.3893421169302,2861.247496995336,0.0,nan
computed_torque,10.0,1.0,esn,107,"demo_00 +5,-7.5 deg",,0.0009258868433207794,True,2.32,False,0.006151143773547779,2.0000000000000004,True,0.005899077357278868,0.26732620179996514,0.11153351960220223,13.894471333040663,0.04227064841812219,-0.72,-4.970000000000001,0.0030982022506304946,0.07245156496022,2.0,94.0,0.009465469264567358,24.517703470311474,0.4048059146826448,2.32,15.933445824063396,2.8933093414868174,0.0,nan
computed_torque,10.0,1.0,replay,107,"demo_00 +5,-7.5 deg",demo_00,0.032342980464470816,True,7.3,True,0.00658031230277975,2.000000000000001,False,0.005934010032489555,0.051442177030586164,0.021462643847063357,0.22826863756822233,0.04227064841812219,-0.75,0.009999999999999787,0.030278325458744444,0.07245156496022,76.0,94.0,0.14144758752539607,750.0000000004198,3.6508344657692513,7.8100000000000005,465.4345099679904,2883.934138521078,0.0,nan
computed_torque,10.0,1.0,esn,108,"demo_00 +5,-5 deg",,0.0003152291817154969,True,2.7,False,0.006163176202934846,2.0,True,0.005899077357373956,0.09596159222858587,0.19292391253681834,13.31357010891642,0.007804006428443203,-0.67,-4.59,0.0014846407779110903,0.07245156496022,1.0,94.0,0.003978216829797377,14.839471867814975,0.2439231736665247,2.7,6.2647476844564975,0.49425760799873764,0.0,nan
computed_torque,10.0,1.0,replay,108,"demo_00 +5,-5 deg",demo_00,0.026589725079460325,True,7.3,True,0.00658031230277975,2.000000000000001,False,0.005934010032489555,0.042451531311985535,0.08534576515131874,0.18272478067608164,0.008533279056006161,-0.75,0.009999999999999787,0.030039875325625742,0.07245156496022,76.0,94.0,0.11584397247051252,500.0000000002842,2.9831669042615636,7.8100000000000005,472.5274349352204,2886.358956104079,0.0,nan
computed_torque,10.0,1.0,esn,109,"demo_00 +5,-2.5 deg",,0.00026552562617858437,True,3.72,False,0.006177286443732963,1.9999999999999996,True,0.005899077358646103,0.22675855271742548,0.14301252817633167,11.28722187176313,0.024477506752462894,-0.65,-3.57,0.0010935809279175221,0.07245156496022,2.0,94.0,0.0028001249682213783,13.470592033565882,0.22429200511035646,3.72,3.3553188657518973,0.21962364902399378,0.0,nan
computed_torque,10.0,1.0,replay,109,"demo_00 +5,-2.5 deg",demo_00,0.023590431676466406,True,7.3,True,0.00658031230277975,2.000000000000001,False,0.005934010032489555,0.04158010079653233,0.02622381941266389,0.14885338433957512,0.024477506752462894,-0.75,0.009999999999999787,0.02989590042444634,0.07245156496022,76.0,94.0,0.09729950514476762,500.0000000002778,2.6368215831412956,7.8100000000000005,473.8471661523983,2867.7081976017807,0.0,nan
computed_torque,10.0,1.0,esn,110,"demo_00 +5,+0 deg",,0.0006603833962297395,True,6.03,False,0.006177937746340141,1.9999999999999991,True,0.005899077466790705,0.8247739504545166,0.22362962162606853,4.951620842723239,0.07038081691952568,-0.71,-1.2599999999999998,0.0025704751441284,0.07245156496022,3.0,94.0,0.010555696465024102,18.9933811761951,0.28668836518771074,6.03,11.842292074835136,2.070765153565685,0.0,nan
computed_torque,10.0,1.0,replay,110,"demo_00 +5,+0 deg",demo_00,0.02440495901327222,True,7.3,True,0.00658031230277975,2.000000000000001,False,0.005934010032489555,0.04331998273148177,0.011745801794237594,0.1356964427165317,0.05923358315390428,-0.75,0.009999999999999787,0.02984776793017376,0.07245156496022,76.0,94.0,0.09027470990126302,500.0000000002778,2.738052605308505,7.8100000000000005,469.5949591782975,2829.198988541921,0.0,nan
computed_torque,10.0,1.0,esn,111,"demo_00 +5,+2.5 deg",,0.0009520832597119249,True,6.11,False,0.006172986265890019,1.9999999999999991,True,0.005899077488165634,1.1525852114765103,0.20618071061779583,4.845900866721011,0.10340614396260933,-0.72,-1.1799999999999997,0.004563845169783162,0.07245156496022,4.0,94.0,0.01998466379399984,27.325522119717096,0.4055122291182457,6.11,18.345578111481593,5.623021950683851,0.0,nan
computed_torque,10.0,1.0,replay,111,"demo_00 +5,+2.5 deg",demo_00,0.02872989312314515,True,7.3,True,0.00658031230277975,2.000000000000001,False,0.005934010032489555,0.04983916175111425,0.008915500289367913,0.14885203755021018,0.09293732017957512,-0.75,0.009999999999999787,0.029895940765504104,0.07245156496022,76.0,94.0,0.09729755699281686,500.0000000002778,3.2461546909965437,7.8100000000000005,459.99365510735896,2773.891948647172,0.0,nan
computed_torque,10.0,1.0,esn,112,"demo_00 +5,+5 deg",,0.0011223856683840975,True,6.7700000000000005,False,0.006172777953948333,1.9999999999999991,True,0.005899077941400584,1.6614165180439868,0.23495977725684916,2.8587635982052126,0.11840443716586918,-0.72,-0.5199999999999996,0.0054370054683077085,0.07245156496022,5.0,94.0,0.025329197572469642,28.789989705550127,0.4208248915944701,6.7700000000000005,22.294050161205533,8.49664231987353,0.0,nan
computed_torque,10.0,1.0,replay,112,"demo_00 +5,+5 deg",demo_00,0.03531425248340706,True,7.3,True,0.00658031230277975,2.000000000000001,False,0.005934010032489555,0.05593015377304336,0.00790971820114507,0.18272258639842542,0.11840443716586918,-0.75,0.009999999999999787,0.030039955620994815,0.07245156496022,76.0,94.0,0.11584069987899981,500.0000000002842,4.009827188516245,7.8100000000000005,445.2869976918527,2706.485498662847,0.0,nan
computed_torque,10.0,1.0,esn,113,"demo_00 +5,+7.5 deg",,0.001168389165323111,True,6.07,False,0.006173708677211968,2.0,True,0.00589907747398926,2.214926937951803,0.24572408142128238,5.145110432110882,0.14529662439833216,-0.72,-1.2199999999999998,0.0064324413553481855,0.07245156496022,5.0,94.0,0.02858839915852942,26.660275014474635,0.3809892328956796,6.07,23.29623928259913,9.886335201539131,0.0,nan
computed_torque,10.0,1.0,replay,113,"demo_00 +5,+7.5 deg",demo_00,0.04314977350361711,True,7.3,True,0.00658031230277975,2.000000000000001,False,0.005934010032489555,0.06495711344716444,0.007206344715073321,0.2282660028514198,0.14529662439833216,-0.75,0.009999999999999787,0.030278444953200367,0.07245156496022,76.0,94.0,0.1414435672019628,750.0000000004198,4.91149855129362,7.8100000000000005,425.7388902678516,2633.0950169972753,0.0,nan
computed_torque,10.0,1.0,esn,114,"demo_00 +5,+10 deg",,0.0011309881684464873,True,8.66,False,0.0061745072840805335,2.0,True,0.005899096035678643,1.9586309850064383,0.17518528101247086,5.119402632619891,0.17429161346317143,-0.72,1.37,0.004537988607007854,0.07245156496022,7.0,94.0,0.024370728797734855,24.96472760248794,0.32311048109563906,8.66,21.1529960661992,7.64041047766063,0.0,nan
computed_torque,10.0,1.0,replay,114,"demo_00 +5,+10 deg",demo_00,0.05168281353091752,True,7.3,True,0.00658031230277975,2.000000000000001,False,0.005934010032489555,0.07531048695379854,0.00673597472989219,0.27983995875455453,0.17429161346317143,-0.75,0.009999999999999787,0.03060920056898699,0.07245156496022,75.0,94.0,0.1709633278216356,1000.0000000005556,5.888149614376995,7.8100000000000005,401.6325944307725,2561.0201777232955,0.0,nan
computed_torque,10.0,1.0,esn,115,"demo_00 +5,+12.5 deg",,0.0011979417161743302,True,8.75,False,0.006174521930516951,2.0,True,0.005899100351246163,2.2352282983745293,0.16602858990782962,5.4481056783559705,0.2044537695868019,-0.72,1.46,0.0030604524672962503,0.07245156496022,7.0,94.0,0.016875100980604876,19.83255224973989,0.24809359554860494,8.75,15.907121866598038,4.009382641219821,0.0,nan
computed_torque,10.0,1.0,replay,115,"demo_00 +5,+12.5 deg",demo_00,0.060630566947560305,True,7.3,True,0.00658031230277975,2.000000000000001,False,0.005934010032489555,0.0867865543424142,0.006446343423134273,0.33466796523433506,0.2044537695868019,-0.75,0.009999999999999787,0.03102927207939005,0.07245156496022,71.0,94.0,0.20269582634961406,1250.0000000007042,6.907952499879196,7.8100000000000005,374.70634208903186,2498.5039360535734,0.0,nan
computed_torque,10.0,1.0,esn,116,"demo_00 +5,+15 deg",,0.0016879550618269692,True,9.22,False,0.006175011417759486,2.0,True,0.005899121574112043,2.277469545121979,0.14461357613075795,6.879954877848167,0.23528853643134554,-0.73,1.9300000000000006,0.002361809929484864,0.07245156496022,7.0,94.0,0.014854439718346416,36.93821484563872,0.2678867660718752,9.22,7.829831777449604,1.817438171543097,0.0,nan
computed_torque,10.0,1.0,replay,116,"demo_00 +5,+15 deg",demo_00,0.06984373019127306,True,7.3,True,0.00658031230277975,2.000000000000001,False,0.005934010032489555,0.09816635410493176,0.006233316073639157,0.39138485071957213,0.23528853643134554,-0.75,0.009999999999999787,0.031535090418405284,0.07245156496022,68.0,94.0,0.23574922774408033,1500.0000000008397,7.95412458657017,7.8100000000000005,362.6055182068529,2454.486723037696,0.0,nan
computed_torque,10.0,1.0,esn,117,"demo_00 +7.5,-15 deg",,0.002928285479866708,True,1.71,False,0.006363779123043707,2.0,True,0.0058990773572579576,0.9595551889814685,0.137088023666956,14.6882903310504,0.1199839651100773,-0.74,-5.58,0.007242192091014389,0.07245156496022,2.0,94.0,0.02063286946429804,38.02992908425613,0.7145080779372363,1.71,36.00717902561966,14.531633856757265,0.0,nan
computed_torque,10.0,1.0,replay,117,"demo_00 +7.5,-15 deg",demo_00,0.05797118464722883,True,7.3,True,0.00658031230277975,2.000000000000001,False,0.005934010032489555,0.08031332063482362,0.01147406061306929,0.414612221726561,0.1199839651100773,-0.75,0.009999999999999787,0.03176203692133096,0.07245156496022,72.0,94.0,0.24933531315684554,1500.0000000008336,6.617741519677851,7.8100000000000005,678.584013175395,5817.732279178358,0.0,nan
computed_torque,10.0,1.0,esn,118,"demo_00 +7.5,-12.5 deg",,0.0019856879445246454,True,1.81,False,0.006356190020307771,2.0,True,0.0058990773572619795,0.6642995796399275,0.13318085424597567,14.531630838811875,0.08510621268916044,-0.73,-5.48,0.005557660941035103,0.07245156496022,2.0,94.0,0.015843946103240285,33.206317589462294,0.5902301878078268,1.81,27.888067950326086,8.715821830050073,0.0,nan
computed_torque,10.0,1.0,replay,118,"demo_00 +7.5,-12.5 deg",demo_00,0.05103020449783932,True,7.3,True,0.00658031230277975,2.000000000000001,False,0.005934010032489555,0.06883821744632988,0.013800900806292492,0.36155696513806435,0.08510621268916044,-0.75,0.009999999999999787,0.03125992961505099,0.07245156496022,75.0,94.0,0.21834747289583792,1250.0000000006978,5.79638611095659,7.8100000000000005,697.7377093527917,5942.716639511954,0.0,nan
computed_torque,10.0,1.0,esn,119,"demo_00 +7.5,-10 deg",,0.0012048735195052884,True,1.98,False,0.0062796657132107876,2.0,True,0.005899077357277004,0.38576830906407694,0.1266709221102742,14.3100602235373,0.05020254760433478,-0.72,-5.3100000000000005,0.003919520398979064,0.07245156496022,2.0,94.0,0.011400776324788016,27.256276855910965,0.46260550244677273,1.98,19.89957331684854,4.449688866243253,0.0,nan
computed_torque,10.0,1.0,replay,119,"demo_00 +7.5,-10 deg",demo_00,0.04487401717403455,True,7.3,True,0.00658031230277975,2.000000000000001,False,0.005934010032489555,0.05764192047289877,0.018927307005139126,0.31149766235882426,0.05020254760433478,-0.75,0.009999999999999787,0.030843038846710608,0.07245156496022,76.0,94.0,0.1892567072936849,1000.0000000005556,5.066279310985596,7.8100000000000005,710.7346274178984,6018.354420760972,0.0,nan
computed_torque,10.0,1.0,esn,120,"demo_00 +7.5,-7.5 deg",,0.0005642683348017971,True,2.2600000000000002,False,0.006186794373750919,1.9999999999999996,True,0.005899077357275678,0.13814221229738097,0.14352033477974221,13.964933030269517,0.015389184215540858,-0.7,-5.029999999999999,0.0023287667847122283,0.07245156496022,1.0,94.0,0.006770464113760391,19.625145026416593,0.3242379584434351,2.2600000000000002,11.006076524291993,1.4141398170586579,0.0,nan
computed_torque,10.0,1.0,replay,120,"demo_00 +7.5,-7.5 deg",demo_00,0.03988311883672014,True,7.3,True,0.00658031230277975,2.000000000000001,False,0.005934010032489555,0.04761982295296886,0.049473747514985456,0.26613034071771946,0.015389184215540858,-0.75,0.009999999999999787,0.030514857474308026,0.07245156496022,76.0,94.0,0.16308140726020648,750.0000000004198,4.473920480473598,7.8100000000000005,717.7195167285759,6042.168679798149,0.0,nan
computed_torque,10.0,1.0,esn,121,"demo_00 +7.5,-5 deg",,0.00024017482901022704,True,2.68,False,0.006171980365893485,1.9999999999999996,True,0.0058990773573981865,0.13205686277410503,0.14696800021146014,13.330647245482444,0.014151508427294625,-0.63,-4.609999999999999,0.0014730449995892046,0.07245156496022,1.0,94.0,0.003352037329412471,15.26464124131274,0.25322789644846594,2.68,1.0080738300884529,0.1702329946212167,0.0,nan
computed_torque,10.0,1.0,replay,121,"demo_00 +7.5,-5 deg",demo_00,0.03655656767435715,True,7.3,True,0.00658031230277975,2.000000000000001,False,0.005934010032489555,0.04345500476305474,0.04836170582160731,0.22826986841543304,0.015770791257181668,-0.75,0.009999999999999787,0.03027827015651356,0.07245156496022,76.0,94.0,0.14144946565810565,750.0000000004168,4.081330523584046,7.8100000000000005,718.8601988119755,6013.989279321732,0.0,nan
computed_torque,10.0,1.0,esn,122,"demo_00 +7.5,-2.5 deg",,0.0006207737061995351,True,4.36,False,0.006173593905050138,2.0,True,0.005899077365317289,0.3536382894216355,0.12722359384722845,9.830778607247662,0.04844207958889112,-0.7,-2.9299999999999997,0.0014571340244675646,0.07245156496022,2.0,94.0,0.00563874055171439,13.526600671149712,0.22522765176765827,4.36,9.336052322860244,1.0541847607252353,0.0,nan
computed_torque,10.0,1.0,replay,122,"demo_00 +7.5,-2.5 deg",demo_00,0.03538787770014886,True,7.3,True,0.00658031230277975,2.000000000000001,False,0.005934010032489555,0.04468071665996113,0.016074168208557723,0.20217842956809773,0.04844207958889112,-0.75,0.009999999999999787,0.030135434230820216,0.07245156496022,76.0,94.0,0.1267095855830624,750.0000000004168,3.95000372164914,7.8100000000000005,714.3470532345086,5935.7928983861675,0.0,nan
computed_torque,10.0,1.0,esn,123,"demo_00 +7.5,+0 deg",,0.001034741328946336,True,4.96,False,0.006172996791427961,2.0,True,0.005899077372260585,1.1847751022257018,0.2406583514062686,8.304558327840939,0.09523698546645769,-0.72,-2.33,0.004670038655203844,0.07245156496022,3.0,94.0,0.01804268250741753,28.274257479085215,0.42539591705709223,4.96,18.869058366889835,5.383822712149909,0.0,nan
computed_torque,10.0,1.0,replay,123,"demo_00 +7.5,+0 deg",demo_00,0.036606090421126336,True,7.3,True,0.00658031230277975,2.000000000000001,False,0.005934010032489555,0.04886335385950179,0.00992540623272538,0.19269746215038216,0.07999982004599673,-0.75,0.009999999999999787,0.030087684930967848,0.07245156496022,76.0,94.0,0.12139871755900856,750.0000000004168,4.106317219463807,7.8100000000000005,704.3924387674459,5811.52041219671,0.0,nan
computed_torque,10.0,1.0,esn,124,"demo_00 +7.5,+2.5 deg",,0.0013712752661782853,True,5.0200000000000005,False,0.00617156783434606,2.0,True,0.005899077375168613,1.5068927820980742,0.21184794205266771,8.242809320585149,0.12287803761650938,-0.73,-2.2699999999999996,0.007121404620094048,0.07245156496022,4.0,94.0,0.029027350412991367,37.135845915580134,0.5505828172618344,5.0200000000000005,26.66468349888853,11.657427664342727,0.0,nan
computed_torque,10.0,1.0,replay,124,"demo_00 +7.5,+2.5 deg",demo_00,0.040014928259946334,True,7.3,True,0.00658031230277975,2.000000000000001,False,0.005934010032489555,0.05659349371800344,0.00795624965502642,0.20217743799970894,0.11257013672815284,-0.75,0.009999999999999787,0.03013547425122443,0.07245156496022,76.0,94.0,0.12670808961540378,750.0000000004168,4.5214864766051015,7.8100000000000005,689.2300513619954,5646.874482257603,0.0,nan
computed_torque,10.0,1.0,esn,125,"demo_00 +7.5,+5 deg",,0.0016074224495775818,True,6.46,False,0.0061766495309885615,2.000000000000001,True,0.005899077723271729,1.8457414480170182,0.20476662867921583,3.8862146924428327,0.14584193345672294,-0.73,-0.8300000000000001,0.007456386008535373,0.07245156496022,5.0,94.0,0.03488023093569373,39.29639346466196,0.5747384572179165,6.46,32.11666270710924,16.640283998774446,0.0,nan
computed_torque,10.0,1.0,replay,125,"demo_00 +7.5,+5 deg",demo_00,0.045140652186371526,True,7.3,True,0.00658031230277975,2.000000000000001,False,0.005934010032489555,0.06345635054503397,0.0070398500198134584,0.22826811195041488,0.14584193345672294,-0.75,0.009999999999999787,0.0302783498196817,0.07245156496022,76.0,94.0,0.141446785490768,750.0000000004168,5.133783144864877,7.8100000000000005,669.114220608625,5449.100425014552,0.0,nan
computed_torque,10.0,1.0,esn,126,"demo_00 +7.5,+7.5 deg",,0.0017302926515382806,True,5.3,False,0.0061769385818007195,2.0,True,0.005899077404319157,2.7293854067146355,0.25732892394126977,7.5062033764135645,0.17450102488327288,-0.73,-1.9900000000000002,0.009545012016867865,0.07245156496022,5.0,94.0,0.0404012598057578,39.7806313246393,0.5407379237711787,5.3,34.779612001680796,20.584043680321674,0.0,nan
computed_torque,10.0,1.0,replay,126,"demo_00 +7.5,+7.5 deg",demo_00,0.051491501890184546,True,7.3,True,0.00658031230277975,2.000000000000001,False,0.005934010032489555,0.07153118753346416,0.0067440250361652234,0.2661280808389851,0.17450102488327288,-0.75,0.009999999999999787,0.03051497604252158,0.07245156496022,75.0,94.0,0.16307792027135654,750.0000000004198,5.882452445938195,7.8100000000000005,644.3191465122941,5226.753619778924,0.0,nan
computed_torque,10.0,1.0,esn,127,"demo_00 +7.5,+10 deg",,0.0017662552181894333,True,6.21,False,0.006174877499433839,2.000000000000001,True,0.005899077533760919,2.554155619988467,0.20433244959907754,4.893785639329064,0.1998017210383359,-0.73,-1.08,0.008165301026958987,0.07245156496022,6.0,94.0,0.03799699790258665,40.43466002926347,0.4891162173273041,6.21,34.35960199692,19.088308115138243,0.0,nan
computed_torque,10.0,1.0,replay,127,"demo_00 +7.5,+10 deg",demo_00,0.05868817265950059,True,7.3,True,0.00658031230277975,2.000000000000001,False,0.005934010032489555,0.0814740199054716,0.006517921592437734,0.3114950880335479,0.1998017210383359,-0.75,0.009999999999999787,0.0308431952554231,0.07245156496022,71.0,94.0,0.1892527010033484,1000.0000000005556,6.722398406647469,7.8100000000000005,615.1380785676979,4989.456872896513,0.0,nan
computed_torque,10.0,1.0,esn,128,"demo_00 +7.5,+12.5 deg",,0.0018473820180910034,True,8.05,False,0.006175855086209645,2.0,True,0.005899082599733975,2.4468024540462934,0.16784926359686303,3.5469674642450717,0.22677381360346685,-0.73,0.7600000000000007,0.005893125147722726,0.07245156496022,7.0,94.0,0.031425346037795364,37.764585855076206,0.40497986269143993,8.05,30.812360963926455,14.327237030151984,0.0,nan
computed_torque,10.0,1.0,replay,128,"demo_00 +7.5,+12.5 deg",demo_00,0.06647235093766328,True,7.3,True,0.00658031230277975,2.000000000000001,False,0.005934010032489555,0.09179310171638985,0.0062969548280813,0.36155419276695866,0.22677381360346685,-0.75,0.009999999999999787,0.03126012251844985,0.07245156496022,69.0,94.0,0.21834313224090113,1250.0000000007042,7.623689792877124,7.8100000000000005,581.8824392663138,4747.651273128513,0.0,nan
computed_torque,10.0,1.0,esn,129,"demo_00 +7.5,+15 deg",,0.002232926370595217,True,8.05,False,0.006173837244237212,2.0,True,0.005899082576934257,2.6330074889603416,0.15700223281550263,3.6038706425932245,0.2548442867216327,-0.74,0.7600000000000007,0.004577920960155046,0.07245156496022,7.0,94.0,0.02536980830378087,40.30123397856248,0.3762839975455464,8.05,24.378945353899454,9.045623435706103,0.0,nan
computed_torque,10.0,1.0,replay,129,"demo_00 +7.5,+15 deg",demo_00,0.07467526614875956,True,7.3,True,0.00658031230277975,2.000000000000001,False,0.005934010032489555,0.1029159024982193,0.006136718772046899,0.4146093205971843,0.2548442867216327,-0.75,0.009999999999999787,0.031762264745900555,0.07245156496022,65.0,94.0,0.24933075173180105,1500.0000000008397,8.567056971465517,7.8100000000000005,551.8116814457712,4512.344151731018,0.0,nan
computed_torque,10.0,1.0,esn,130,"demo_00 +10,-15 deg",,0.0023228561326076084,True,1.67,False,0.006324375654172351,2.0,True,0.005899077357249149,0.7781650156535554,0.14042169958151168,14.772886960579115,0.09499767659709164,-0.74,-5.62,0.006093345757724203,0.07245156496022,2.0,94.0,0.01694462687159873,32.85788207022355,0.6103401246359481,1.67,30.249080140181174,10.211529725306288,0.0,nan
computed_torque,10.0,1.0,replay,130,"demo_00 +10,-15 deg",demo_00,0.06283670257322699,True,7.3,True,0.00658031230277975,2.000000000000001,False,0.005934010032489555,0.07661306499961403,0.013825007011346068,0.44509469974227384,0.09499767659709164,-0.75,0.009999999999999787,0.032077408858876263,0.07245156496022,71.0,94.0,0.2671912902152875,1500.0000000008336,7.142121372337617,7.8100000000000005,949.3276344957866,10401.423991711272,0.0,nan
computed_torque,10.0,1.0,esn,131,"demo_00 +10,-12.5 deg",,0.0014623439436474341,True,1.78,False,0.006321207703190825,2.0,True,0.005899077357239855,0.5075634325482516,0.14543924567622268,14.612464137297092,0.06025914668954708,-0.73,-5.51,0.0044596377602875445,0.07245156496022,2.0,94.0,0.012453348434128228,27.940550899898554,0.48945271589471645,1.78,22.435851577432988,5.604481116227784,0.0,nan
computed_torque,10.0,1.0,replay,131,"demo_00 +10,-12.5 deg",demo_00,0.05757276705958602,True,7.3,True,0.00658031230277975,2.000000000000001,False,0.005934010032489555,0.06528979506413096,0.018708397681071444,0.39614320185190255,0.06025914668954708,-0.75,0.009999999999999787,0.031580316167598134,0.07245156496022,74.0,94.0,0.23853449666638646,1250.0000000006978,6.499738913661775,7.8100000000000005,962.2397727660507,10536.470240191578,0.0,nan
computed_torque,10.0,1.0,esn,132,"demo_00 +10,-10 deg",,0.0007784341377997183,True,1.95,False,0.006271567321086075,2.0,True,0.005899077357250686,0.22619838199055883,0.14993124288606505,14.385206850301618,0.026470472397243185,-0.71,-5.34,0.0029607720385121748,0.07245156496022,1.0,94.0,0.008436349915392464,22.054816216867618,0.3707655151188798,1.95,14.593019072889744,2.404795075185093,0.0,nan
computed_torque,10.0,1.0,replay,132,"demo_00 +10,-10 deg",demo_00,0.053174750127711015,True,7.3,True,0.00658031230277975,2.000000000000001,False,0.005934010032489555,0.05430728981385274,0.03599654156635183,0.35105098061199297,0.026470472397243185,-0.75,0.009999999999999787,0.03116771109669778,0.07245156496022,75.0,94.0,0.21222909422493233,1000.0000000005556,5.963678412431107,7.8100000000000005,969.079912718867,10587.204314935057,0.0,nan
computed_torque,10.0,1.0,esn,133,"demo_00 +10,-7.5 deg",,0.0003554819446553061,True,2.23,False,0.006205717957340733,2.0000000000000004,True,0.005899077357266715,0.09108859595639968,0.3511996427723184,14.029101104912119,0.005153305170461153,-0.68,-5.0600000000000005,0.0018055982751525848,0.07245156496022,1.0,94.0,0.004852210891204415,16.27040789031903,0.2716388950657523,2.23,5.605017556726897,0.4894558197219749,0.0,nan
computed_torque,10.0,1.0,replay,133,"demo_00 +10,-7.5 deg",demo_00,0.04988853217949564,True,7.3,True,0.00658031230277975,2.000000000000001,False,0.005934010032489555,0.04742906402987536,0.18286669334864586,0.31149856433723616,0.012221994929868767,-0.75,0.009999999999999787,0.030842984557024482,0.07245156496022,76.0,94.0,0.189258110985651,1000.0000000005556,5.566159140670831,7.8100000000000005,970.0045234891616,10554.030212033333,0.0,nan
computed_torque,10.0,1.0,esn,134,"demo_00 +10,-5 deg",,0.0005685213851180031,True,2.66,False,0.006184890300224977,2.0,True,0.00589907735742451,0.2511535409963706,0.11023388927253804,13.344209317017897,0.03836250192602888,-0.69,-4.63,0.002073193796253392,0.07245156496022,2.0,94.0,0.005588560550482539,17.05084416210923,0.2829367391267801,2.66,4.843289615158564,0.584271495553944,0.0,nan
computed_torque,10.0,1.0,replay,134,"demo_00 +10,-5 deg",demo_00,0.04796207891916138,True,7.3,True,0.00658031230277975,2.000000000000001,False,0.005934010032489555,0.047681588625588626,0.020927942883225373,0.2798448322910913,0.03836250192602888,-0.75,0.009999999999999787,0.030608933555064347,0.07245156496022,76.0,94.0,0.170970870369345,1000.0000000005556,5.3395984302264035,7.8100000000000005,965.1929626887311,10439.616821059168,0.0,nan
computed_torque,10.0,1.0,esn,135,"demo_00 +10,-2.5 deg",,0.0010165488897901944,True,5.66,False,0.006173861890633657,2.0,True,0.005899077432360295,0.36967701430614475,0.08533198584399838,6.178244656478996,0.07240450861469995,-0.72,-1.63,0.0017914982593954065,0.07245156496022,3.0,94.0,0.008908793315141312,19.322362536618204,0.3167783209659649,5.66,16.056066405472006,2.864495955992141,0.0,nan
computed_torque,10.0,1.0,replay,135,"demo_00 +10,-2.5 deg",demo_00,0.04758170295531799,True,7.3,True,0.00658031230277975,2.000000000000001,False,0.005934010032489555,0.04941969131919317,0.011407472568937769,0.2590021519529366,0.07240450861469995,-0.75,0.009999999999999787,0.030467647857811562,0.07245156496022,76.0,94.0,0.15899184337103298,1000.0000000005556,5.307232903147621,7.8100000000000005,954.8469403166193,10248.720580883619,0.0,nan
computed_torque,10.0,1.0,esn,136,"demo_00 +10,+0 deg",,0.0014603114857240696,True,4.37,False,0.0061772006190524975,2.0,True,0.005899077365690762,1.5256648480561033,0.24171864026562978,9.858589451649767,0.11479599252456113,-0.73,-2.92,0.007020020588715772,0.07245156496022,3.0,94.0,0.026155390939425996,37.53043493908304,0.5629309271207216,4.37,26.794495599953173,10.853354844053571,0.0,nan
computed_torque,10.0,1.0,replay,136,"demo_00 +10,+0 deg",demo_00,0.04880560417716479,True,7.3,True,0.00658031230277975,2.000000000000001,False,0.005934010032489555,0.05439715748478729,0.008618411152548614,0.2516710337977491,0.1058543260919547,-0.75,0.009999999999999787,0.030420420020320364,0.07245156496022,76.0,94.0,0.1547925573303174,1000.0000000005556,5.473667997272538,7.8100000000000005,939.1899183565952,9987.986897306077,0.0,nan
computed_torque,10.0,1.0,esn,137,"demo_00 +10,+2.5 deg",,0.0018506510148915572,True,4.45,False,0.006171636627650809,2.0,True,0.005899077366417673,1.847709968916863,0.2223604364128584,9.767051392318928,0.13965346910414916,-0.73,-2.84,0.009765948469187285,0.07245156496022,4.0,94.0,0.03821763895479585,47.037091677865575,0.6960028888193592,4.45,35.98595613352505,20.53728063495764,0.0,nan
computed_torque,10.0,1.0,replay,137,"demo_00 +10,+2.5 deg",demo_00,0.051542032690912294,True,7.3,True,0.00658031230277975,2.000000000000001,False,0.005934010032489555,0.06294463924810674,0.007574996990065335,0.25900137793022643,0.13870252535074024,-0.75,0.009999999999999787,0.030467687441841213,0.07245156496022,75.0,94.0,0.1589906511524274,1000.0000000005556,5.8228773496709145,7.8100000000000005,918.4664476166322,9665.733289846015,0.0,nan
computed_torque,10.0,1.0,esn,138,"demo_00 +10,+5 deg",,0.002155015827995421,True,6.890000000000001,False,0.006177176222415795,2.0,True,0.005899077996635827,1.72299541785845,0.16390484533444816,2.8298700346801087,0.16915632331885433,-0.74,-0.39999999999999947,0.008769760216161111,0.07245156496022,5.0,94.0,0.04362795536621409,49.99457290175115,0.7299796042060389,6.890000000000001,42.92516274229001,27.734593051445653,0.0,nan
computed_torque,10.0,1.0,replay,138,"demo_00 +10,+5 deg",demo_00,0.05559024271885759,True,7.3,True,0.00658031230277975,2.000000000000001,False,0.005934010032489555,0.072050964605155,0.006854053172401368,0.2798433995416666,0.16915632331885433,-0.75,0.009999999999999787,0.03060901235764618,0.07245156496022,73.0,94.0,0.17096865299100567,1000.0000000005556,6.325491216318287,7.8100000000000005,892.941443525398,9291.717447718318,0.0,nan
computed_torque,10.0,1.0,esn,139,"demo_00 +10,+7.5 deg",,0.002355018660216766,True,5.07,False,0.006190060210962311,2.0,True,0.005899077383430762,2.978814948110924,0.23830519584887397,8.171526985238772,0.1998996243484283,-0.74,-2.2199999999999998,0.01185491733532672,0.07245156496022,5.0,94.0,0.049963285043243794,53.901565192516884,0.7056281412823976,5.07,47.1101311494054,34.462161051908254,0.0,nan
computed_torque,10.0,1.0,replay,139,"demo_00 +10,+7.5 deg",demo_00,0.06070993865686287,True,7.3,True,0.00658031230277975,2.000000000000001,False,0.005934010032489555,0.08000994181335967,0.0064007953450687756,0.31149663360086444,0.1998996243484283,-0.75,0.009999999999999787,0.030843101863839577,0.07245156496022,71.0,94.0,0.18925510629813555,1000.0000000005556,6.948976628341632,7.8100000000000005,862.8994027567371,8876.89355235762,0.0,nan
computed_torque,10.0,1.0,esn,140,"demo_00 +10,+10 deg",,0.002474749509599035,True,5.07,False,0.006178528515128491,2.0,True,0.005899077381406533,3.222275997800792,0.227849320889959,8.23109633865819,0.22838490988506888,-0.74,-2.2199999999999998,0.01177273613799169,0.07245156496022,5.0,94.0,0.05011494231269608,56.71992125366308,0.6464393487172688,5.07,48.20322331891505,35.33642354574392,0.0,nan
computed_torque,10.0,1.0,replay,140,"demo_00 +10,+10 deg",demo_00,0.06667548739182488,True,7.3,True,0.00658031230277975,2.000000000000001,False,0.005934010032489555,0.08864336813412585,0.006268032671485594,0.3510486963409173,0.22838490988506888,-0.75,0.009999999999999787,0.031167865876117865,0.07245156496022,69.0,94.0,0.21222552159660354,1000.0000000005556,7.664429352020818,7.8100000000000005,828.6435627046241,8433.160363933348,0.0,nan
computed_torque,10.0,1.0,esn,141,"demo_00 +10,+12.5 deg",,0.0026246887333295117,True,6.53,False,0.006177348470306387,1.9999999999999991,True,0.005899077781278982,2.6732045462976766,0.16699376411721292,4.0970062619777865,0.25224035825029306,-0.74,-0.7599999999999998,0.009082837346318139,0.07245156496022,6.0,94.0,0.04464417665842826,56.31836640590976,0.5770304770304487,6.53,46.140825870901985,30.46329531180218,0.0,nan
computed_torque,10.0,1.0,replay,141,"demo_00 +10,+12.5 deg",demo_00,0.0733004895592272,True,7.3,True,0.00658031230277975,2.000000000000001,False,0.005934010032489555,0.0989038195268901,0.006178472624266477,0.39614067153095617,0.25224035825029306,-0.75,0.009999999999999787,0.03158050711397798,0.07245156496022,65.0,94.0,0.23853052336473696,1250.0000000007042,8.448936073177256,7.8100000000000005,790.4950059776736,7973.104670539584,0.0,nan
computed_torque,10.0,1.0,esn,142,"demo_00 +10,+15 deg",,0.0030121259720868794,True,7.95,False,0.0061730907287582005,2.000000000000001,True,0.005899082144665502,2.6174163918130726,0.1451881386141842,3.445044352317233,0.2774571283956704,-0.74,0.6600000000000001,0.007006440551427109,0.07245156496022,7.0,94.0,0.03865046296981237,53.042787587432485,0.5298862817319909,7.95,41.18589108008669,23.653560213613275,0.0,nan
computed_torque,10.0,1.0,replay,142,"demo_00 +10,+15 deg",demo_00,0.08044108089184251,True,7.3,True,0.00658031230277975,2.000000000000001,False,0.005934010032489555,0.10920636017453496,0.006057678941785756,0.4450919972990849,0.2774571283956704,-0.75,0.009999999999999787,0.03207763444358383,0.07245156496022,61.0,94.0,0.26718703362819207,1500.0000000008397,9.285325201133665,7.8100000000000005,748.7917122237166,7509.743759979182,0.0,nan
computed_torque,10.0,1.0,esn,143,"demo_00 +12.5,-15 deg",,0.001739784226069712,True,1.6400000000000001,False,0.006280805107336725,2.0,True,0.005899077357232932,0.5984445339259467,0.1405041769133497,14.855412841068818,0.06979513934927224,-0.73,-5.65,0.004947824075387591,0.07245156496022,2.0,94.0,0.013398426032115121,27.71730686843339,0.5054882006441045,1.6400000000000001,24.498365404103563,6.6717355734775525,0.0,nan
computed_torque,10.0,1.0,replay,143,"demo_00 +12.5,-15 deg",demo_00,0.07034437794335525,True,7.3,True,0.00658031230277975,2.000000000000001,False,0.005934010032489555,0.07343079607976495,0.017240250312915546,0.48145871998817036,0.06979513934927224,-0.75,0.009999999999999787,0.03247840766452193,0.07245156496022,69.0,94.0,0.2885294344594163,1500.0000000008336,7.940392720529131,7.8100000000000005,1220.0712558161779,16521.75947516785,0.0,nan
computed_torque,10.0,1.0,esn,144,"demo_00 +12.5,-12.5 deg",,0.0009688083399671149,True,1.76,False,0.006281769890612935,2.0,True,0.005899077357221668,0.3416060484325969,0.15666350173275492,14.689419811605584,0.03511043564960371,-0.72,-5.53,0.0034073045359255573,0.07245156496022,2.0,94.0,0.009295783985347212,22.713377268393167,0.3909610865772976,1.76,16.84488406179774,3.1623832859878416,0.0,nan
computed_torque,10.0,1.0,replay,144,"demo_00 +12.5,-12.5 deg",demo_00,0.06646403158483252,True,7.3,True,0.00658031230277975,2.000000000000001,False,0.005934010032489555,0.062323126616918696,0.028581927338639783,0.4366035314647143,0.03511043564960371,-0.75,0.009999999999999787,0.03198754717962637,0.07245156496022,71.0,94.0,0.2622150931629355,1250.0000000006978,7.452109163413238,7.8100000000000005,1226.7418361793095,16603.78189957276,0.0,nan
computed_torque,10.0,1.0,esn,145,"demo_00 +12.5,-10 deg",,0.0004670115867900452,True,1.94,False,0.006249330104701894,2.0,True,0.005899077357230259,0.08875983754551824,nan,14.453962605321248,0.0045112648573429545,-0.69,-5.35,0.002174757265208514,0.07245156496022,1.0,94.0,0.006080610710262518,17.418987891507452,0.29287472259528385,1.94,8.988194464809986,0.9982095772061026,0.0,nan
computed_torque,10.0,1.0,replay,145,"demo_00 +12.5,-10 deg",demo_00,0.06335753328654566,True,7.3,True,0.00658031230277975,2.000000000000001,False,0.005934010032489555,0.052855108273859086,nan,0.39614391110128705,0.015619213020462899,-0.75,0.009999999999999787,0.031580263145366314,0.07245156496022,72.0,94.0,0.23853561037735188,1250.0000000006946,7.065216374687346,7.8100000000000005,1227.4251980198355,16569.00395783901,0.0,nan
computed_torque,10.0,1.0,esn,146,"demo_00 +12.5,-7.5 deg",,0.0005532595851219128,True,2.2,False,0.00622966124889973,2.0,True,0.005899077357262424,0.24922485017815874,0.13800704686252926,14.085660685483592,0.03162118032285779,-0.69,-5.09,0.0018936568166682875,0.07245156496022,1.0,94.0,0.005075289679095202,16.096246083599656,0.27122685821675546,2.2,2.168602079608276,0.2870235700003242,0.0,nan
computed_torque,10.0,1.0,replay,146,"demo_00 +12.5,-7.5 deg",demo_00,0.06115976653517142,True,7.3,True,0.00658031230277975,2.000000000000001,False,0.005934010032489555,0.05272432214220938,0.029195836576783922,0.3615585193272893,0.03162118032285779,-0.75,0.009999999999999787,0.031259822483632474,0.07245156496022,74.0,94.0,0.2183499062432078,1250.0000000006946,6.7983321752048775,7.8100000000000005,1222.289530249747,16420.71832469233,0.0,nan
computed_torque,10.0,1.0,esn,147,"demo_00 +12.5,-5 deg",,0.0009701977015917772,True,2.65,False,0.006196560687788559,2.0000000000000004,True,0.005899077357455075,0.3919241096406157,0.10496984382041054,13.350185284651445,0.06517990314131415,-0.72,-4.640000000000001,0.002942273712721555,0.07245156496022,2.0,94.0,0.00885422585974894,19.005988473260178,0.31512700748271977,2.65,11.233773045162495,1.9272363564519406,0.0,nan
computed_torque,10.0,1.0,replay,147,"demo_00 +12.5,-5 deg",demo_00,0.05998981753764036,True,7.3,True,0.00658031230277975,2.000000000000001,False,0.005934010032489555,0.053499436881826484,0.01432886468534637,0.33467347889250426,0.06517990314131415,-0.75,0.009999999999999787,0.03102891584799091,0.07245156496022,75.0,94.0,0.2027044338375752,1250.0000000006946,6.667150128179357,7.8100000000000005,1211.5257265654866,16164.431112285829,0.0,nan
computed_torque,10.0,1.0,esn,148,"demo_00 +12.5,-2.5 deg",,0.001445384638798284,True,6.390000000000001,False,0.00617488686509069,2.0,True,0.005899077661616308,0.49929742060083404,0.08652105578901059,3.799667285210171,0.09815520019078573,-0.73,-0.8999999999999995,0.0023582278845542992,0.07245156496022,3.0,94.0,0.012696601563021945,27.404597593903507,0.4465462132946651,6.390000000000001,23.400468706828402,5.951648995080076,0.0,nan
computed_torque,10.0,1.0,replay,148,"demo_00 +12.5,-2.5 deg",demo_00,0.05992895242275502,True,7.3,True,0.00658031230277975,2.000000000000001,False,0.005934010032489555,0.05659304677616285,0.009806760370398543,0.3174512907994463,0.09815520019078573,-0.75,0.009999999999999787,0.03088955116719848,0.07245156496022,74.0,94.0,0.1927082126975384,1250.0000000006946,6.6808846272208795,7.8100000000000005,1195.3468273987296,15807.667658068698,0.0,nan
computed_torque,10.0,1.0,esn,149,"demo_00 +12.5,+0 deg",,0.0019310276098448882,True,4.04,False,0.006191202693190192,2.0,True,0.0058990773620375345,1.8518836063566153,0.23583550163690709,10.652034162183238,0.13073117307399448,-0.73,-3.25,0.009376569882536467,0.07245156496022,3.0,94.0,0.03424266150457648,46.59649573982981,0.6968854697045613,4.04,35.42759256288542,18.655040858431857,0.0,nan
computed_torque,10.0,1.0,replay,149,"demo_00 +12.5,+0 deg",demo_00,0.061002961175316804,True,7.3,True,0.00658031230277975,2.000000000000001,False,0.005934010032489555,0.061636687433286264,0.007849369717497844,0.3114988227374388,0.13036033312299372,-0.75,0.009999999999999787,0.030842969369632274,0.07245156496022,73.0,94.0,0.1892585131174295,1250.0000000006946,6.839800642994129,7.8100000000000005,1173.9873979457439,15359.758517897848,0.0,nan
computed_torque,10.0,1.0,esn,150,"demo_00 +12.5,+2.5 deg",,0.002382333670910428,True,4.1,False,0.006170942712059313,2.000000000000001,True,0.005899077362493525,2.167504781007868,0.22013398850244315,10.612213158921213,0.1629235498800576,-0.74,-3.1900000000000004,0.012352707800297293,0.07245156496022,4.0,94.0,0.04708070481792562,56.84506008777534,0.8384472890886432,4.1,46.05113708759083,32.31376527503027,0.0,nan
computed_torque,10.0,1.0,replay,150,"demo_00 +12.5,+2.5 deg",demo_00,0.06317737061847226,True,7.3,True,0.00658031230277975,2.000000000000001,False,0.005934010032489555,0.07010392280635355,0.00711982565032874,0.3174506592901305,0.1629235498800576,-0.75,0.009999999999999787,0.030889590210572485,0.07245156496022,71.0,94.0,0.19270722907154647,1250.0000000006946,7.135244869918423,7.8100000000000005,1147.702843871269,14831.60875385804,0.0,nan
computed_torque,10.0,1.0,esn,151,"demo_00 +12.5,+5 deg",,0.002756607396206392,True,6.87,False,0.006175729378544809,2.000000000000001,True,0.005899077986242267,1.5247958253225962,0.1294900681829913,3.0457904752535834,0.1948522095664307,-0.74,-0.41999999999999993,0.01028416463148733,0.07245156496022,4.0,94.0,0.05230107257875762,60.775617231761274,0.8827429150364688,6.87,54.41074997525526,42.27765330059216,0.0,nan
computed_torque,10.0,1.0,replay,151,"demo_00 +12.5,+5 deg",demo_00,0.06636791534645511,True,7.3,True,0.00658031230277975,2.000000000000001,False,0.005934010032489555,0.07894644656914619,0.00670436039978062,0.3346722808674471,0.1948522095664307,-0.75,0.009999999999999787,0.03102899358396761,0.07245156496022,71.0,94.0,0.20270256359533181,1250.0000000006946,7.552144573791234,7.8100000000000005,1116.7686664421703,14235.453804253017,0.0,nan
computed_torque,10.0,1.0,esn,152,"demo_00 +12.5,+7.5 deg",,0.003034050013869164,True,5.16,False,0.006185435039518764,2.0,True,0.005899077390380402,2.918310831666255,0.21013541597613877,7.978844368451235,0.2252961431955169,-0.74,-2.13,0.013117068363558065,0.07245156496022,5.0,94.0,0.057061078270047735,68.64166158543033,0.8685395126198693,5.16,59.94766776296195,50.77230095238389,0.0,nan
computed_torque,10.0,1.0,replay,152,"demo_00 +12.5,+7.5 deg",demo_00,0.07046052639524501,True,7.3,True,0.00658031230277975,2.000000000000001,False,0.005934010032489555,0.08854620606224094,0.006375843738815896,0.36155685591432746,0.2252961431955169,-0.75,0.009999999999999787,0.03125993822621137,0.07245156496022,66.0,94.0,0.21834730188962534,1250.0000000006946,8.072529022479054,7.8100000000000005,1081.4796590011797,13584.60538500387,0.0,nan
computed_torque,10.0,1.0,esn,153,"demo_00 +12.5,+10 deg",,0.003242135208697552,True,4.8100000000000005,False,0.006204888152139345,2.0,True,0.005899077369750819,3.484282998181831,0.2176614333242272,8.931919966574497,0.25385915395449044,-0.74,-2.4799999999999995,0.014206853971559852,0.07245156496022,5.0,94.0,0.05963652948066192,73.42004265318509,0.8175826490547069,4.8100000000000005,62.33372773066488,55.03538943516707,0.0,nan
computed_torque,10.0,1.0,replay,153,"demo_00 +12.5,+10 deg",demo_00,0.07533188731619013,True,7.3,True,0.00658031230277975,2.000000000000001,False,0.005934010032489555,0.09746387690998043,0.006088520122111881,0.39614188684944707,0.25385915395449044,-0.75,0.009999999999999787,0.03158041590281924,0.07245156496022,65.0,94.0,0.2385324317561683,1250.0000000006946,8.67852251275689,7.8100000000000005,1042.1490468415495,12893.190995432109,0.0,nan
computed_torque,10.0,1.0,esn,154,"demo_00 +12.5,+12.5 deg",,0.0034821187559031875,True,4.98,False,0.006176404881670098,2.0,True,0.005899077374469699,3.5175215528907198,0.19898106744150898,8.545526587649464,0.2799546929467543,-0.74,-2.3099999999999996,0.013158026748390504,0.07245156496022,5.0,94.0,0.05688288716440004,75.093305936436,0.7518861877307265,4.98,61.551195309299544,52.173803289496604,0.0,nan
computed_torque,10.0,1.0,replay,154,"demo_00 +12.5,+12.5 deg",demo_00,0.08086446649117073,True,7.3,True,0.00658031230277975,2.000000000000001,False,0.005934010032489555,0.1065586629215949,0.0060278682516825,0.43660123563153075,0.2799546929467543,-0.75,0.009999999999999787,0.03198773569509696,0.07245156496022,61.0,94.0,0.26221147869461386,1250.0000000007042,9.354123440776256,7.8100000000000005,999.1075726890326,12175.890685684608,0.0,nan
computed_torque,10.0,1.0,esn,155,"demo_00 +12.5,+15 deg",,0.003927067901636743,True,5.82,False,0.006174373309166485,2.0,True,0.005899077440030125,3.121224953157057,0.15985276182837155,6.248389174261787,0.30240424173805164,-0.74,-1.4699999999999998,0.010842250137163148,0.07245156496022,6.0,94.0,0.05178975386207258,74.08551763895409,0.6978321438912886,5.82,57.93039418270726,44.9400130974532,0.0,nan
computed_torque,10.0,1.0,replay,155,"demo_00 +12.5,+15 deg",demo_00,0.08695461413138854,True,7.3,True,0.00658031230277975,2.000000000000001,False,0.005934010032489555,0.11656577059520057,0.005969887029593275,0.48145622165849206,0.30240424173805164,-0.75,0.009999999999999787,0.032478630464038385,0.07245156496022,57.0,94.0,0.2885254926719532,1500.0000000008397,10.085885228387108,7.8100000000000005,952.7025301378753,11447.674786843647,0.0,nan
computed_torque,10.0,1.0,esn,156,"demo_00 +15,-15 deg",,0.0011914535521986794,True,1.6,False,0.006242120015432809,2.0,True,0.00589907735722204,0.3990275141581181,0.14746669612582408,14.936146272997213,0.04794521873159675,-0.72,-5.6899999999999995,0.003885451521544633,0.07245156496022,2.0,94.0,0.010135150107182684,22.661827125723995,0.40351093194856286,1.6,18.75254748267074,3.9166642955961177,0.0,nan
computed_torque,10.0,1.0,replay,156,"demo_00 +15,-15 deg",demo_00,0.07975037594432549,True,7.3,True,0.00658031230277975,2.000000000000001,False,0.005934010032489555,0.07069787996717451,0.026127478461868876,0.5224776706683099,0.04794521873159675,-0.75,0.009999999999999787,0.03296190839988003,0.07245156496022,66.0,94.0,0.3126375622581269,1500.0000000008336,8.938881492055296,7.8100000000000005,1490.8148771365686,24180.309702023984,0.0,nan
computed_torque,10.0,1.0,esn,157,"demo_00 +15,-12.5 deg",,0.000556537316720098,True,1.74,False,0.006247533902541453,2.0,True,0.005899077357201658,0.15657774356809284,0.20697053002106092,14.76243010505711,0.013446520144044445,-0.7,-5.55,0.0025297174394172074,0.07245156496022,2.0,94.0,0.006724401725260247,17.847308263574444,0.3035463774421883,1.74,11.090311165972269,1.4409908063703696,0.0,nan
computed_torque,10.0,1.0,replay,157,"demo_00 +15,-12.5 deg",demo_00,0.07689225444687135,True,7.3,True,0.00658031230277975,2.000000000000001,False,0.005934010032489555,0.060532336068893695,0.08001398790207709,0.4814593035572116,0.022062737800923528,-0.75,0.009999999999999787,0.032478356108461344,0.07245156496022,69.0,94.0,0.2885303551927952,1500.000000000832,8.570194843721458,7.8100000000000005,1491.243899592568,24146.213461888405,0.0,nan
computed_torque,10.0,1.0,esn,158,"demo_00 +15,-10 deg",,0.0005229961940056356,True,1.93,False,0.006235631183584551,2.0,True,0.005899077357207384,0.1643629383687416,0.14867471147737213,14.515262737623724,0.019182665093992766,-0.69,-5.36,0.0018927868834501828,0.07245156496022,1.0,94.0,0.005319429755894875,15.074568823030262,0.25616040048747046,1.93,3.0410050687157444,0.33765898894253826,0.0,nan
computed_torque,10.0,1.0,replay,158,"demo_00 +15,-10 deg",demo_00,0.07465478275027689,True,7.3,True,0.00658031230277975,2.000000000000001,False,0.005934010032489555,0.057896434833652116,0.05237029606486226,0.44509596223394343,0.019182665093992766,-0.75,0.009999999999999787,0.03207730445766566,0.07245156496022,71.0,94.0,0.26719327873906107,1500.000000000832,8.289142160776041,7.8100000000000005,1485.7704833208038,23965.303228618264,0.0,nan
computed_torque,10.0,1.0,esn,159,"demo_00 +15,-7.5 deg",,0.0009311780618937182,True,2.19,False,0.006245376832121333,2.0000000000000004,True,0.005899077357238023,0.40206009601899195,0.1214995524617185,14.131859804571897,0.05338138732815144,-0.71,-5.1,0.00257420814924826,0.07245156496022,2.0,94.0,0.007382016301696574,18.00474764828607,0.29672793666999026,2.19,6.553481193554418,0.9724541507998605,0.0,nan
computed_torque,10.0,1.0,replay,159,"demo_00 +15,-7.5 deg",demo_00,0.0731122159669681,True,7.3,True,0.00658031230277975,2.000000000000001,False,0.005934010032489555,0.05897655296139825,0.01782227299225996,0.41461425469040153,0.05338138732815144,-0.75,0.009999999999999787,0.031761878764446826,0.07245156496022,71.0,94.0,0.24933850954405581,1500.000000000832,8.106045988725082,7.8100000000000005,1474.5745370103325,23643.76787696147,0.0,nan
computed_torque,10.0,1.0,esn,160,"demo_00 +15,-5 deg",,0.0013969653053890034,True,2.65,False,0.00620857289852785,2.0000000000000004,True,0.005899077357468926,0.5422440832810668,0.10176322231944254,13.339977656207518,0.08739712396499735,-0.73,-4.640000000000001,0.003897669274858635,0.07245156496022,3.0,94.0,0.012424916804917571,20.97278295426319,0.34762029351506224,2.65,18.16947189130579,4.390478926697241,0.0,nan
computed_torque,10.0,1.0,replay,160,"demo_00 +15,-5 deg",demo_00,0.07232845022691758,True,7.3,True,0.00658031230277975,2.000000000000001,False,0.005934010032489555,0.060976235210893695,0.011443441009853166,0.3913907954568514,0.08739712396499735,-0.75,0.009999999999999787,0.0315346485574345,0.07245156496022,71.0,94.0,0.23575855929879933,1500.000000000832,8.028811176416987,7.8100000000000005,1457.8584904422414,23189.94874591968,0.0,nan
computed_torque,10.0,1.0,esn,161,"demo_00 +15,-2.5 deg",,0.001903905295659344,True,5.83,False,0.006174032469399377,2.0,True,0.005899077439852679,0.7799362092372972,0.10756420203777384,5.727478215725984,0.12167360500653591,-0.73,-1.46,0.003442663499603896,0.07245156496022,3.0,94.0,0.017298109815975606,35.469958477954975,0.5771469592757903,5.83,31.28728901874494,10.66071288593358,0.0,nan
computed_torque,10.0,1.0,replay,161,"demo_00 +15,-2.5 deg",demo_00,0.07234949821283809,True,7.3,True,0.00658031230277975,2.000000000000001,False,0.005934010032489555,0.06477585772010445,0.008933504259007307,0.3767701412327814,0.12167360500653591,-0.75,0.009999999999999787,0.03139752876024127,0.07245156496022,71.0,94.0,0.22722118304927755,1500.000000000832,8.06166026233927,7.8100000000000005,1435.8467144808399,22614.12904707213,0.0,nan
computed_torque,10.0,1.0,esn,162,"demo_00 +15,+0 deg",,0.0024410743251864573,True,3.83,False,0.006217762777089086,2.0,True,0.00589907736015146,2.1321121704179404,0.2304747311865632,11.139385939843311,0.15601286161541092,-0.74,-3.46,0.011625646263618474,0.07245156496022,3.0,94.0,0.04193544332456621,55.33508250164681,0.8262476066464407,3.83,44.57011114818795,28.751496025689264,0.0,nan
computed_torque,10.0,1.0,replay,162,"demo_00 +15,+0 deg",demo_00,0.07319762240481988,True,7.3,True,0.00658031230277975,2.000000000000001,False,0.005934010032489555,0.06987455772942021,0.007553223574682432,0.3717686563726772,0.15601286161541092,-0.75,0.009999999999999787,0.031351701715780535,0.07245156496022,69.0,94.0,0.22430291030803373,1500.000000000832,8.204411131976022,7.8100000000000005,1408.7848775348923,21928.30497226764,0.0,nan
computed_torque,10.0,1.0,esn,163,"demo_00 +15,+2.5 deg",,0.002958287371498646,True,3.85,False,0.00618866150622471,2.0000000000000004,True,0.005899077359763629,2.4667396071214585,0.2184489832728448,11.171872533867965,0.18913882826863296,-0.74,-3.44,0.014818385101277804,0.07245156496022,4.0,94.0,0.05532506656918396,66.41103340878628,0.9762108852834814,3.85,56.56257412171888,46.8026151021973,0.0,nan
computed_torque,10.0,1.0,replay,163,"demo_00 +15,+2.5 deg",demo_00,0.07486892289898929,True,7.3,True,0.00658031230277975,2.000000000000001,False,0.005934010032489555,0.07809437228532769,0.006915864234639856,0.3767696091487129,0.18913882826863296,-0.75,0.009999999999999787,0.03139756717193704,0.07245156496022,67.0,94.0,0.22722034882832795,1500.000000000832,8.452582966192947,7.8100000000000005,1376.9392401259051,21145.941708115137,0.0,nan
computed_torque,10.0,1.0,esn,164,"demo_00 +15,+5 deg",,0.0034044908738071933,True,4.68,False,0.006173460678815404,2.0,True,0.00589907736721766,2.2378857514868766,0.1677760342447933,9.34031600459782,0.2195866169314041,-0.74,-2.6100000000000003,0.014376374460799859,0.07245156496022,4.0,94.0,0.06090426749239811,73.98589361923645,1.0316094202711215,4.68,66.21939333154681,60.392668838100306,0.0,nan
computed_torque,10.0,1.0,replay,164,"demo_00 +15,+5 deg",demo_00,0.07733512427193534,True,7.3,True,0.00658031230277975,2.000000000000001,False,0.005934010032489555,0.08684751049171474,0.006511025366085774,0.39138977104078065,0.2195866169314041,-0.75,0.009999999999999787,0.031534725046733894,0.07245156496022,65.0,94.0,0.23575695127260424,1500.000000000832,8.798279508975158,7.8100000000000005,1340.5958893589427,20281.717747726318,0.0,nan
computed_torque,10.0,1.0,esn,165,"demo_00 +15,+7.5 deg",,0.0037613914413932616,True,5.9,False,0.006173505449863735,2.0,True,0.005899077442530836,2.3748261754407136,0.1554895366025965,5.900992466831833,0.2502196693626224,-0.74,-1.3899999999999997,0.013098304145057048,0.07245156496022,5.0,94.0,0.06284761321632742,83.5854532797427,1.0266626579015383,5.9,72.92439438092494,69.62320831583375,0.0,nan
computed_torque,10.0,1.0,replay,165,"demo_00 +15,+7.5 deg",demo_00,0.08054884279617473,True,7.3,True,0.00658031230277975,2.000000000000001,False,0.005934010032489555,0.09610239602101443,0.006292215059038451,0.41461280413536333,0.2502196693626224,-0.75,0.009999999999999787,0.03176199267750297,0.07245156496022,63.0,94.0,0.24933622887120277,1500.000000000832,9.231498774631675,7.8100000000000005,1300.0599152456218,19351.261036102533,0.0,nan
computed_torque,10.0,1.0,esn,166,"demo_00 +15,+10 deg",,0.004062115062989781,True,4.8500000000000005,False,0.006205113384964587,2.0,True,0.005899077372128274,3.424294003000512,0.19770780475666902,8.870379446289318,0.27980116496889296,-0.74,-2.4399999999999995,0.01541774064692421,0.07245156496022,5.0,94.0,0.06620150664577483,90.12787198098223,0.9846112212615388,4.8500000000000005,76.39845708261211,76.71972093240304,0.0,nan
computed_torque,10.0,1.0,replay,166,"demo_00 +15,+10 deg",demo_00,0.0844505903204651,True,7.3,True,0.00658031230277975,2.000000000000001,False,0.005934010032489555,0.10600505842377672,0.006120393685735811,0.4450941606120839,0.27980116496889296,-0.75,0.009999999999999787,0.0320774548481366,0.07245156496022,60.0,94.0,0.2671904410429847,1500.000000000832,9.741443176539164,7.8100000000000005,1255.654530978475,18370.880592730082,0.0,nan
computed_torque,10.0,1.0,esn,167,"demo_00 +15,+12.5 deg",,0.00440368431236258,True,4.71,False,0.006218357088546172,2.0,True,0.005899077367340295,3.7639456161672737,0.19329202598062736,9.232248333518877,0.3064304698409309,-0.74,-2.58,0.015638489310181792,0.07245156496022,5.0,94.0,0.06636399196623508,93.70601760108082,0.924423898943822,4.71,76.71974509338567,77.21530290632761,0.0,nan
computed_torque,10.0,1.0,replay,167,"demo_00 +15,+12.5 deg",demo_00,0.0889756586475992,True,7.3,True,0.00658031230277975,2.000000000000001,False,0.005934010032489555,0.11535858253705039,0.005924074470434364,0.48145722161923665,0.3064304698409309,-0.75,0.009999999999999787,0.03247854177512566,0.07245156496022,57.0,94.0,0.28852707038413133,1500.000000000832,10.317539207842295,7.8100000000000005,1207.7201394003916,17357.297322065817,0.0,nan
computed_torque,10.0,1.0,esn,168,"demo_00 +15,+15 deg",,0.004935654145430593,True,4.83,False,0.006192370146318149,2.0,True,0.005899077368649333,3.8056325378303995,0.1793992382802697,8.956813366812531,0.32911346955845616,-0.74,-2.46,0.01463240689032468,0.07245156496022,5.0,94.0,0.06383042773013896,94.86422385937702,0.8692492665785906,4.83,74.3204346043865,71.85746073742258,0.0,nan
computed_torque,10.0,1.0,replay,168,"demo_00 +15,+15 deg",demo_00,0.094059634892601,True,7.3,True,0.00658031230277975,2.000000000000001,False,0.005934010032489555,0.12471350070547826,0.005879050803623796,0.5224753684797079,0.32911346955845616,-0.75,0.009999999999999787,0.03296212793129053,0.07245156496022,56.0,94.0,0.31263392443371674,1500.0000000008397,10.950073583357357,7.8100000000000005,1156.6133480520339,16327.377748766621,0.0,nan
pd,10.0,1.0,esn,0,demo_00,,3.551966579784075e-05,True,8.21,True,0.01134868509596558,2.0,False,0.00562321213402796,0.22586194463986847,nan,4.165569506744787,0.013358555989602866,-0.19999999999999996,0.9200000000000008,0.000299896648382488,0.07245156496022,1.0,94.0,0.024231227908184043,11.115644959789295,0.19162545464692168,11.11,0.548373627622953,0.0813810260005891,0.0,nan
pd,10.0,1.0,replay,0,demo_00,demo_00,0.0,True,7.3,False,0.006344767595249023,2.000000000000001,True,0.005934010027459218,0.0450458081741904,nan,0.11445338890576202,0.004628387990646891,0.020000000000000018,0.009999999999999787,0.014774673364240012,0.07245156496022,63.0,94.0,0.10821676838144496,58.616099013208434,0.3999924313798057,7.3,25.42154592233561,81.0756324127068,0.0,nan
pd,10.0,1.0,esn,1,"demo_00 -15,-15 deg",,0.0022699559497515636,True,12.030000000000001,True,0.011405569241858373,2.0,False,0.005407777130862982,2.584584457681167,0.12880905619468705,13.965897609697702,0.3720962667372529,-0.74,4.740000000000001,0.0007172336017412252,0.07245156496022,3.0,94.0,0.0807581827159595,131.07687996483963,0.40557803678973703,14.93,16.048579816720427,3.0879882873334648,0.0,nan
pd,10.0,1.0,replay,1,"demo_00 -15,-15 deg",demo_00,0.04099627227857184,True,7.3,False,0.006344767595249023,2.000000000000001,True,0.005934010027459218,0.2585519521514659,0.012885565737636483,0.8387787195112089,0.3720962667372529,-0.75,0.009999999999999787,0.021515801866324034,0.07245156496022,3.0,94.0,0.7002588369692516,1500.0000000008336,5.646168565533543,7.3,650.5434432771193,4236.546921516068,0.0,nan
pd,10.0,1.0,esn,2,"demo_00 -15,-12.5 deg",,0.0017797110098250013,True,12.41,True,0.01136107070194715,2.0,False,0.005775447250277512,2.410251373687599,0.1317636772955175,14.492976322145367,0.33999767274126996,-0.73,5.12,0.0006714246593300087,0.07245156496022,3.0,94.0,0.06842022318798895,102.80184918298026,0.3327313059001594,15.31,11.713424259008695,1.7410284663768727,0.0,nan
pd,10.0,1.0,replay,2,"demo_00 -15,-12.5 deg",demo_00,0.03925687832356652,True,7.3,False,0.006344767595249023,2.000000000000001,True,0.005934010027459218,0.23798249924147374,0.013010032718727799,0.7669390417370198,0.33999767274126996,-0.75,0.009999999999999787,0.0209983428830607,0.07245156496022,4.0,94.0,0.6389399970937804,1500.0000000008326,5.3416423713091925,7.3,650.5434432771193,4197.639454413498,0.0,nan
pd,10.0,1.0,esn,3,"demo_00 -15,-10 deg",,0.0013635234537426961,True,10.33,True,0.01127540422099873,2.0,False,0.00707585219084602,2.524244967525037,0.1510961975562925,10.183593065200858,0.30923078571714807,-0.73,3.04,0.0008074964842719266,0.07245156496022,4.0,94.0,0.06017536278337587,79.0655401777987,0.2684973959393676,13.23,8.113638406515326,0.9623922399362744,0.0,nan
pd,10.0,1.0,replay,3,"demo_00 -15,-10 deg",demo_00,0.037660115490485896,True,7.3,False,0.006344767595249023,2.000000000000001,True,0.005934010027459218,0.218246390765708,0.013063787468858704,0.7000264620362217,0.30923078571714807,-0.75,0.009999999999999787,0.0206241310427879,0.07245156496022,8.0,94.0,0.5810157914697508,1500.0000000008326,5.059904292546015,7.3,650.5434432771193,4164.280964508304,0.0,nan
pd,10.0,1.0,esn,4,"demo_00 -15,-7.5 deg",,0.0010192254194038755,True,7.75,True,0.0113690372092121,2.0,False,0.005861019194316474,3.501577538074645,0.22840008637005102,4.332185166287435,0.2803024061034371,-0.72,0.45999999999999996,0.0010467823638786952,0.07245156496022,3.0,94.0,0.05504972034297007,59.922507675769126,0.2152965217500295,10.66,4.9586705769692925,0.5300150756273195,0.0,nan
pd,10.0,1.0,replay,4,"demo_00 -15,-7.5 deg",demo_00,0.03621136678839549,True,7.3,False,0.006344767595249023,2.000000000000001,True,0.005934010027459218,0.19962856109787666,0.013021325417158893,0.6399206845133114,0.2803024061034371,-0.75,0.009999999999999787,0.02040672219611282,0.07245156496022,14.0,94.0,0.5279737013644018,1500.0000000008326,4.804527573961084,7.3,650.5434432771193,4136.367241894925,0.0,nan
pd,10.0,1.0,esn,5,"demo_00 -15,-5 deg",,0.0007471270064203399,True,6.65,True,0.011246757014120482,2.0,False,0.0061130303671276245,4.159253906918239,0.29198551994401917,3.7519228980838197,0.25390581182980465,-0.71,-0.6399999999999997,0.0011863905925565078,0.07245156496022,3.0,94.0,0.051266158431175185,45.120482442539156,0.20737561679865557,9.56,2.803503484207556,0.32471114035887716,0.0,nan
pd,10.0,1.0,replay,5,"demo_00 -15,-5 deg",demo_00,0.034917750362273736,True,7.3,False,0.006344767595249023,2.000000000000001,True,0.005934010027459218,0.1822310633146614,0.012792878954415044,0.5890162937155838,0.25390581182980465,-0.75,0.009999999999999787,0.020356660259256518,0.07245156496022,17.0,94.0,0.4817730377533064,1500.0000000008326,4.5796951499806475,7.3,650.5434432771193,4113.807316197379,0.0,nan
pd,10.0,1.0,esn,6,"demo_00 -15,-2.5 deg",,0.0005459588335420444,True,6.2,True,0.01135657663376531,1.9999999999999991,False,0.006038594852793887,4.330590665750201,0.31987472940572687,4.505736191815328,0.2309690209948578,-0.69,-1.0899999999999999,0.0011511884183430894,0.07245156496022,3.0,94.0,0.046486484230430745,33.96775639738029,0.2054645816155621,9.120000000000001,2.1105431115911224,0.23888157069872468,0.0,nan
pd,10.0,1.0,replay,6,"demo_00 -15,-2.5 deg",demo_00,0.033788253313665605,True,7.3,False,0.006344767595249023,2.000000000000001,True,0.005934010027459218,0.16667635771653905,0.012311381734730186,0.5501422967767485,0.2309690209948578,-0.75,0.009999999999999787,0.020480450542597353,0.07245156496022,22.0,94.0,0.44485520475808155,1500.0000000008326,4.390115988563273,7.3,650.5434432771193,4096.523945721625,0.0,nan
pd,10.0,1.0,esn,7,"demo_00 -15,+0 deg",,0.00040115732147179316,True,6.07,True,0.01143238106807254,2.0,False,0.0060017441495941945,4.070638888381227,0.30669302303096946,4.69893706997095,0.21266450422608676,-0.67,-1.2199999999999998,0.0009502721131214502,0.07245156496022,2.0,94.0,0.0395096602342756,25.265444998228908,0.1983185412756407,8.99,1.5698361198332056,0.17993519665110871,0.0,nan
pd,10.0,1.0,replay,7,"demo_00 -15,+0 deg",demo_00,0.0328337779276421,True,7.3,False,0.006344767595249023,2.000000000000001,True,0.005934010027459218,0.15364188432736836,0.011575798114402066,0.5261880694030636,0.21266450422608676,-0.75,0.009999999999999787,0.02077993668991739,0.07245156496022,23.0,94.0,0.419924016213829,1500.0000000008326,4.240807102890133,7.3,650.5434432771193,4084.454236011237,0.0,nan
pd,10.0,1.0,esn,8,"demo_00 -15,+2.5 deg",,0.0002968466376864315,True,6.0,True,0.011539574319852034,2.0,False,0.005980245846795602,3.5014470940343885,0.25987314337004286,4.70313289509205,0.20030508531816468,-0.65,-1.29,0.0006900506059578666,0.07245156496022,2.0,94.0,0.03196904848647141,17.40146120178819,0.1970801464236433,8.92,1.0812175417595429,0.1351391848673531,0.0,nan
pd,10.0,1.0,replay,8,"demo_00 -15,+2.5 deg",demo_00,0.032067052197498225,True,7.3,False,0.006344767595249023,2.000000000000001,True,0.005934010027459218,0.14409681221807757,0.010694690090995515,0.519373614185319,0.20030508531816468,-0.75,0.009999999999999787,0.0212522353153922,0.07245156496022,25.0,94.0,0.4093515594629427,1500.0000000008326,4.136712080052364,7.3,650.5434432771193,4077.550372118768,0.0,nan
pd,10.0,1.0,esn,9,"demo_00 -15,+5 deg",,0.0003105181086831992,True,5.42,True,0.011705040659416827,2.0,False,0.005836143564571791,2.966778032912819,0.21037788467921564,6.202236880208558,0.1950492555107683,-0.66,-1.87,0.0005710295984655782,0.07245156496022,2.0,94.0,0.028790507066432682,11.553991387473685,0.19847615477274683,8.35,4.7344925380678,0.29688289526421785,0.0,nan
pd,10.0,1.0,replay,9,"demo_00 -15,+5 deg",demo_00,0.03150235664413622,True,7.3,False,0.006344767595249023,2.000000000000001,True,0.005934010027459218,0.13936517366383283,0.009882556129270846,0.530441108691783,0.1950492555107683,-0.75,0.009999999999999787,0.021890232131962634,0.07245156496022,25.0,94.0,0.4143333569657992,1500.0000000008326,4.082174438623503,7.3,650.5434432771193,4075.7804380818675,0.0,nan
pd,10.0,1.0,esn,10,"demo_00 -15,+7.5 deg",,0.0005464022151097641,True,4.4,True,0.01206300976981863,2.0,False,0.0058569510529888616,2.7853726335415145,0.18461164954365092,8.999549553819076,0.19746717535840178,-0.69,-2.8899999999999997,0.0006913799937470021,0.07245156496022,2.0,94.0,0.034025783425687295,25.494169615312067,0.2084216623868792,7.38,11.056709923351205,1.1604287105533964,0.0,nan
pd,10.0,1.0,replay,10,"demo_00 -15,+7.5 deg",demo_00,0.031155033916651302,True,7.3,False,0.006344767595249023,2.000000000000001,True,0.005934010027459218,0.14006801267105043,0.009283564631934272,0.558341338330658,0.19746717535840178,-0.75,0.009999999999999787,0.022683494548800965,0.07245156496022,24.0,94.0,0.4343494117460637,1500.0000000008326,4.080359227787195,7.3,650.5434432771193,4079.1292833378325,0.0,nan
pd,10.0,1.0,esn,11,"demo_00 -15,+10 deg",,0.0009380044020705326,True,3.71,True,0.013274678250093014,2.0,False,0.005927946141107259,2.943981870393627,0.17952794057436755,10.682713309981805,0.2064470296201555,-0.72,-3.58,0.0010003921707695195,0.07245156496022,2.0,94.0,0.04673543510689259,45.83574783379547,0.24915071460448038,6.73,19.87876348064168,3.527371193595722,0.0,nan
pd,10.0,1.0,replay,11,"demo_00 -15,+10 deg",demo_00,0.03104078100563608,True,7.3,False,0.006344767595249023,2.000000000000001,True,0.005934010027459218,0.14906052638501646,0.009089909687268269,0.6006864415113239,0.2064470296201555,-0.75,0.009999999999999787,0.0236193751358092,0.07245156496022,22.0,94.0,0.46741633288932805,1500.0000000008326,4.132782327567883,7.3,650.5434432771193,4087.599378682775,0.0,nan
pd,10.0,1.0,esn,12,"demo_00 -15,+12.5 deg",,0.0014284684955742687,True,3.34,True,0.01446417548723255,2.0,False,0.005945216248525117,3.382098803550133,0.18827855745195313,11.525972107888604,0.2219717034376806,-0.73,-3.95,0.001466157430659616,0.07245156496022,2.0,94.0,0.06409087593169513,71.30866956322825,0.33423418895554896,6.4,30.926258288764693,8.372415431102048,0.0,nan
pd,10.0,1.0,replay,12,"demo_00 -15,+12.5 deg",demo_00,0.031174773925702504,True,7.3,False,0.006344767595249023,2.000000000000001,True,0.005934010027459218,0.16354818095515306,0.0091045878233376,0.654582337311682,0.2219717034376806,-0.75,0.009999999999999787,0.024684089102646422,0.07245156496022,17.0,94.0,0.5108920560620588,1500.0000000008326,4.239107376394193,7.3,650.5434432771193,4101.2115836618495,0.0,nan
pd,10.0,1.0,esn,13,"demo_00 -15,+15 deg",,0.001983524162882999,True,3.14,True,0.015681098141843042,1.9999999999999996,False,0.005946425659258863,3.968118542758354,0.2012048594230507,12.006700055461849,0.24276286358367036,-0.74,-4.15,0.002071802053310301,0.07245156496022,2.0,94.0,0.084798731737917,101.07831593641781,0.42529754997602753,6.22,43.83722379326211,16.674189691654348,0.0,nan
pd,10.0,1.0,replay,13,"demo_00 -15,+15 deg",demo_00,0.031570728593496675,True,7.3,False,0.006344767595249023,2.000000000000001,True,0.005934010027459218,0.18143966024714625,0.009199962385301219,0.7172937136060801,0.24276286358367036,-0.75,0.009999999999999787,0.025863619145402663,0.07245156496022,14.0,94.0,0.5622070404819572,1500.0000000008397,4.39728025460114,7.3,650.5434432771193,4120.005723149786,0.0,nan
pd,10.0,1.0,esn,14,"demo_00 -12.5,-15 deg",,0.0021290079880553776,True,5.72,True,0.010953285436885823,2.0,False,0.005899284242085647,2.4699031071874575,0.1336739475906687,5.632170327907307,0.3356215935405571,-0.74,-1.5700000000000003,0.001259128204376084,0.07245156496022,3.0,94.0,0.07929995518522559,119.53110977325537,0.4027809998536837,8.61,17.439757814096847,3.4863096095593473,0.0,nan
pd,10.0,1.0,replay,14,"demo_00 -12.5,-15 deg",demo_00,0.03674716598115586,True,7.3,False,0.006344767595249023,2.000000000000001,True,0.005934010027459218,0.2362791398546844,0.012787694086376245,0.7501577101763208,0.3356215935405571,-0.75,0.009999999999999787,0.02064342998803853,0.07245156496022,4.0,94.0,0.6200931912229986,1500.0000000008336,5.097626241164957,7.3,542.1195360642662,2998.159015485129,0.0,nan
pd,10.0,1.0,esn,15,"demo_00 -12.5,-12.5 deg",,0.0016616437443545244,True,11.4,True,0.011293806369280375,2.0,False,0.008366279360500394,1.304004811073657,0.07886506925881942,12.055162254328984,0.30297080863872006,-0.73,4.11,0.0007206757220432524,0.07245156496022,3.0,94.0,0.064825603314919,92.2044537594959,0.33042082556218716,14.3,13.501551476652775,2.1099353253392623,0.0,nan
pd,10.0,1.0,replay,15,"demo_00 -12.5,-12.5 deg",demo_00,0.03469975457503652,True,7.3,False,0.006344767595249023,2.000000000000001,True,0.005934010027459218,0.2160831822098232,0.01306852166949652,0.6770511260535306,0.30297080863872006,-0.75,0.009999999999999787,0.019946093269423926,0.07245156496022,9.0,94.0,0.5590587243287584,1250.0000000006978,4.75744041559749,7.3,542.1195360642662,2961.800446247327,0.0,nan
pd,10.0,1.0,esn,16,"demo_00 -12.5,-10 deg",,0.0012603814349059278,True,12.74,True,0.011384998698296648,2.0,False,0.012768018198468449,1.481629195182755,0.10037487150423301,14.879976599484293,0.27148084410034806,-0.73,5.45,0.0005323363289536848,0.07245156496022,3.0,94.0,0.05223798627250343,69.22946847711171,0.26263442970599293,15.64,10.075217988589415,1.1988181437193786,0.0,nan
pd,10.0,1.0,replay,16,"demo_00 -12.5,-10 deg",demo_00,0.03282095846711013,True,7.3,False,0.006344767595249023,2.000000000000001,True,0.005934010027459218,0.19665102453044847,0.01332237605913591,0.6085633838725006,0.27148084410034806,-0.75,0.009999999999999787,0.019398331729959185,0.07245156496022,15.0,94.0,0.5011964612867559,1250.0000000006946,4.441579791416499,7.3,542.1195360642662,2930.995658346782,0.0,nan
pd,10.0,1.0,esn,17,"demo_00 -12.5,-7.5 deg",,0.0009215371014014703,True,11.08,True,0.011288474929509412,2.0,False,0.007583340132157755,1.6541428248150227,0.12509388725603937,11.571694870064189,0.24174355944885553,-0.72,3.79,0.00046350643465088644,0.07245156496022,3.0,94.0,0.042683620326384605,50.68846970146928,0.20076193111341478,13.98,6.89990290563526,0.6076022324780835,0.0,nan
pd,10.0,1.0,replay,17,"demo_00 -12.5,-7.5 deg",demo_00,0.031126929977048055,True,7.3,False,0.006344767595249023,2.000000000000001,True,0.005934010027459218,0.1784527742545765,0.013495419433098703,0.5467896725191992,0.24174355944885553,-0.75,0.009999999999999787,0.019019154601162047,0.07245156496022,21.0,94.0,0.4481353943874927,1250.0000000006946,4.155179587386539,7.3,542.1195360642662,2905.6523276268986,0.0,nan
pd,10.0,1.0,esn,18,"demo_00 -12.5,-5 deg",,0.0006456449673198468,True,8.77,True,0.01138485372698172,2.0,False,0.005471989613034547,2.3948250164129647,0.20040230469902953,6.35603335055999,0.21456032007806838,-0.7,1.4799999999999995,0.000533721870464733,0.07245156496022,2.0,94.0,0.03743785354210089,36.383266105270685,0.1915817525409697,11.67,4.004201034659076,0.2817098188843081,0.0,nan
pd,10.0,1.0,replay,18,"demo_00 -12.5,-5 deg",demo_00,0.029637591703584036,True,7.3,False,0.006344767595249023,2.000000000000001,True,0.005934010027459218,0.161743199106138,0.01353489697498409,0.4945859151218877,0.21456032007806838,-0.75,0.009999999999999787,0.01882465316307998,0.07245156496022,24.0,94.0,0.40215619558007704,1250.0000000006946,3.9045401184638497,7.3,542.1195360642662,2885.6904631546454,0.0,nan
pd,10.0,1.0,esn,19,"demo_00 -12.5,-2.5 deg",,0.0004369127656109823,True,7.59,True,0.011333864211671879,2.0,False,0.0059238485591949904,2.943182079943943,0.26518328006969083,3.6168892138905298,0.19108638710331058,-0.68,0.2999999999999998,0.00060774250542247,0.07245156496022,3.0,94.0,0.03452234262935313,25.71757363182546,0.1922385407709253,10.5,1.734810457732434,0.15226956677405198,0.0,nan
pd,10.0,1.0,replay,19,"demo_00 -12.5,-2.5 deg",demo_00,0.028376461703483513,True,7.3,False,0.006344767595249023,2.000000000000001,True,0.005934010027459218,0.14691160093110056,0.013236863760715992,0.4555480676517921,0.19108638710331058,-0.75,0.009999999999999787,0.01882616006053857,0.07245156496022,29.0,94.0,0.3662704431692874,1250.0000000006946,3.6970241615776014,7.3,542.1195360642662,2871.0427446946946,0.0,nan
pd,10.0,1.0,esn,20,"demo_00 -12.5,+0 deg",,0.0002918671769222008,True,7.13,True,0.011308528641584872,2.000000000000001,False,0.006062199465932514,2.9862119572127983,0.2771954065903721,2.956897539271688,0.1728921733077769,-0.65,-0.16000000000000014,0.0005572509856432087,0.07245156496022,2.0,94.0,0.030888800183705753,17.620740447391164,0.19310284469748557,10.040000000000001,1.094842177308273,0.11324980413816772,0.0,nan
pd,10.0,1.0,replay,20,"demo_00 -12.5,+0 deg",demo_00,0.027369868169402716,True,7.3,False,0.006344767595249023,2.000000000000001,True,0.005934010027459218,0.1350464997663899,0.012535704078517782,0.43348249142778034,0.1728921733077769,-0.75,0.009999999999999787,0.019028834027455692,0.07245156496022,34.0,94.0,0.3439231832517894,1250.0000000006946,3.5406106849666275,7.3,542.1195360642662,2861.654947974128,0.0,nan
pd,10.0,1.0,esn,21,"demo_00 -12.5,+2.5 deg",,0.00020168209475191856,True,6.78,True,0.011498946161922196,1.9999999999999991,False,0.006114209184241016,2.642106922144181,0.23976356516354755,2.7985791940856934,0.1618079900630355,-0.61,-0.5099999999999998,0.00045005837470391935,0.07245156496022,2.0,94.0,0.02709271192275354,11.23375587540538,0.19335735462953246,9.69,1.4245757091743125,0.11025303136795017,0.0,nan
pd,10.0,1.0,replay,21,"demo_00 -12.5,+2.5 deg",demo_00,0.02664535753209854,True,7.3,False,0.006344767595249023,2.000000000000001,True,0.005934010027459218,0.12719256312450064,0.011542357404775633,0.43116208743943296,0.1618079900630355,-0.75,0.009999999999999787,0.019431089548476103,0.07245156496022,34.0,94.0,0.33799652256505075,1250.0000000006946,3.4429868421809084,7.3,542.1195360642662,2857.4864387451153,0.0,nan
pd,10.0,1.0,esn,22,"demo_00 -12.5,+5 deg",,0.00024502438682033487,True,5.75,True,0.011586122698752657,2.0,False,0.005907072875757458,2.2981903525176515,0.19542091928154834,5.062627350860315,0.15934690292307319,-0.64,-1.54,0.0004469916664107321,0.07245156496022,2.0,94.0,0.026665590357203072,11.354409202430364,0.19527337838047296,8.67,4.4730523859448,0.26063251748902627,0.0,nan
pd,10.0,1.0,replay,22,"demo_00 -12.5,+5 deg",demo_00,0.02622927094904307,True,7.3,False,0.006344767595249023,2.000000000000001,True,0.005934010027459218,0.12556045071444322,0.01067672165499336,0.4489717744578576,0.15934690292307319,-0.75,0.009999999999999787,0.02002504230704129,0.07245156496022,34.0,94.0,0.34941924963826604,1250.0000000006946,3.4102465705596274,7.3,542.1195360642662,2858.510706788121,0.0,nan
pd,10.0,1.0,esn,23,"demo_00 -12.5,+7.5 deg",,0.0004813121169519497,True,4.68,True,0.011785812753851677,2.0,False,0.005828839114522159,2.2352944061455053,0.1729349686334034,8.20332903537409,0.16543087619438082,-0.69,-2.6100000000000003,0.0006078178294262197,0.07245156496022,2.0,94.0,0.03233476763990648,23.089916144427136,0.20252203186540588,7.63,10.013995702378029,0.9635276590284584,0.0,nan
pd,10.0,1.0,replay,23,"demo_00 -12.5,+7.5 deg",demo_00,0.02614379084449299,True,7.3,False,0.006344767595249023,2.000000000000001,True,0.005934010027459218,0.13320529562216976,0.010305512131596882,0.4847025176182613,0.16543087619438082,-0.75,0.009999999999999787,0.020797801558480333,0.07245156496022,32.0,94.0,0.37662122392990155,1250.0000000006946,3.4455808948700524,7.3,542.1195360642662,2864.7158988531164,0.0,nan
pd,10.0,1.0,esn,24,"demo_00 -12.5,+10 deg",,0.000844834829427679,True,4.12,True,0.012135834018590317,2.0,False,0.005889682014650722,2.507505352725228,0.17372159454692712,9.704549042954287,0.17906640822999653,-0.71,-3.17,0.0009175212621954312,0.07245156496022,2.0,94.0,0.04400849383353551,41.44168679968429,0.22290051143564274,7.09,17.973078417242313,2.9091465914672447,0.0,nan
pd,10.0,1.0,replay,24,"demo_00 -12.5,+10 deg",demo_00,0.026404129746963916,True,7.3,False,0.006344767595249023,2.000000000000001,True,0.005934010027459218,0.14485363391164904,0.010035553555927343,0.5347176088196408,0.17906640822999653,-0.75,0.009999999999999787,0.021733200685023237,0.07245156496022,28.0,94.0,0.4164552655216062,1250.0000000006946,3.5485491780948495,7.3,542.1195360642662,2876.1052948876722,0.0,nan
pd,10.0,1.0,esn,25,"demo_00 -12.5,+12.5 deg",,0.001297209422614213,True,3.88,True,0.012393374925344978,2.0,False,0.005914252073287524,2.979562348829222,0.18403890247952057,10.344264010319513,0.19918190854928877,-0.73,-3.41,0.0013613591638176293,0.07245156496022,2.0,94.0,0.06020795334672542,64.73569068749678,0.30298450969742075,6.86,28.07558608182877,6.9531946807642635,0.0,nan
pd,10.0,1.0,replay,25,"demo_00 -12.5,+12.5 deg",demo_00,0.0270167012248514,True,7.3,False,0.006344767595249023,2.000000000000001,True,0.005934010027459218,0.1585682644248241,0.009794300617435976,0.5953239501577468,0.19918190854928877,-0.75,0.009999999999999787,0.022813525092762518,0.07245156496022,23.0,94.0,0.46556829579840775,1250.0000000007042,3.7153146600594176,7.3,542.1195360642662,2892.697654762952,0.0,nan
pd,10.0,1.0,esn,26,"demo_00 -12.5,+15 deg",,0.0018098726523986342,True,3.75,True,0.012649922522506234,2.0,False,0.005925587603145608,3.5290499336091044,0.19474614977106272,10.709056893842309,0.22400636978371752,-0.73,-3.54,0.0019105992908104964,0.07245156496022,2.0,94.0,0.07980994270790524,92.11334539839739,0.38774302811551087,6.73,39.949155258143215,13.942032258009595,0.0,nan
pd,10.0,1.0,replay,26,"demo_00 -12.5,+15 deg",demo_00,0.02797886663912261,True,7.3,False,0.006344767595249023,2.000000000000001,True,0.005934010027459218,0.17558750173661317,0.009689573838405432,0.6634861474146132,0.22400636978371752,-0.75,0.009999999999999787,0.024020932061696417,0.07245156496022,20.0,94.0,0.5211808518254225,1500.0000000008397,3.939691530114363,7.3,542.1195360642662,2914.527343490314,0.0,nan
pd,10.0,1.0,esn,27,"demo_00 -10,-15 deg",,0.002015058899357806,True,3.14,True,0.010840424321800247,1.9999999999999996,False,0.005932106225397929,3.232404354807106,0.1899140480691925,12.233655464998554,0.3004808259872032,-0.74,-4.15,0.0017299263898264867,0.07245156496022,2.0,94.0,0.07511946150760127,109.33090896375691,0.4115582563011602,5.97,18.795004068545484,3.785147221576575,0.0,nan
pd,10.0,1.0,replay,27,"demo_00 -10,-15 deg",demo_00,0.0328382712251087,True,7.3,False,0.006344767595249023,2.000000000000001,True,0.005934010027459218,0.21672010982313142,0.01273299650562034,0.673334598034334,0.3004808259872032,-0.75,0.009999999999999787,0.020039991478441967,0.07245156496022,8.0,94.0,0.5507860542711133,1500.0000000008336,4.588672531127794,7.3,433.69562885141283,1983.3929935510596,0.0,nan
pd,10.0,1.0,esn,28,"demo_00 -10,-12.5 deg",,0.0015732986331390127,True,3.5,True,0.011774722925566913,2.0,False,0.005930766911739874,2.7625214427149505,0.1844089145841212,11.527743933373573,0.26723736072823623,-0.73,-3.79,0.0013577912843076904,0.07245156496022,2.0,94.0,0.06190675298267963,82.9360879518241,0.3435825872179618,6.4,15.218520281082165,2.46826695014591,0.0,nan
pd,10.0,1.0,replay,28,"demo_00 -10,-12.5 deg",demo_00,0.03042408898269133,True,7.3,False,0.006344767595249023,2.000000000000001,True,0.005934010027459218,0.19692515188064902,0.01314551009491325,0.5984712509314118,0.26723736072823623,-0.75,0.009999999999999787,0.019168283038272473,0.07245156496022,15.0,94.0,0.48969097008360457,1250.0000000006978,4.207100781098561,7.3,433.69562885141283,1949.4522362166217,0.0,nan
pd,10.0,1.0,esn,29,"demo_00 -10,-10 deg",,0.0011901237703325959,True,4.05,True,0.011929078459873609,2.0,False,0.005896019711518581,2.3303074581895693,0.17916208804242248,10.24248968631296,0.2350726643280525,-0.72,-3.24,0.001013693872785632,0.07245156496022,2.0,94.0,0.05059898417242472,60.71672727554892,0.2761248136162391,6.97,11.94174507059882,1.5307897593780906,0.0,nan
pd,10.0,1.0,replay,29,"demo_00 -10,-10 deg",demo_00,0.028195165891478177,True,7.3,False,0.006344767595249023,2.000000000000001,True,0.005934010027459218,0.17719674513489655,0.013623497938488096,0.5276553454982541,0.2350726643280525,-0.75,0.009999999999999787,0.018449495819009076,0.07245156496022,22.0,94.0,0.43138295560928497,1000.0000000005556,3.849848963396351,7.3,433.69562885141283,1921.01820899235,0.0,nan
pd,10.0,1.0,esn,30,"demo_00 -10,-7.5 deg",,0.000859831626432002,True,5.13,True,0.011293630750351088,2.0,False,0.0058130290151538686,1.8522280041368198,0.16490094595642704,7.138955538758965,0.2043427755537115,-0.71,-2.16,0.0007266782689348129,0.07245156496022,2.0,94.0,0.040987669308167336,42.78490170953417,0.20846814801392574,8.03,8.728853520730063,0.8574562257270062,0.0,nan
pd,10.0,1.0,replay,30,"demo_00 -10,-7.5 deg",demo_00,0.02618314230428364,True,7.3,False,0.006344767595249023,2.000000000000001,True,0.005934010027459218,0.1585211315895126,0.014112887017587145,0.4631305280228341,0.2043427755537115,-0.75,0.009999999999999787,0.017908361049870803,0.07245156496022,28.0,94.0,0.37758512755522894,1000.0000000005548,3.523917575385289,7.3,433.69562885141283,1898.0096013669809,0.0,nan
pd,10.0,1.0,esn,31,"demo_00 -10,-5 deg",,0.000582012343158451,True,7.95,True,0.011331384705283006,2.000000000000001,False,0.005768788380376919,1.257987883642885,0.12893326553658113,3.7773689555452976,0.17593038777828454,-0.7,0.6600000000000001,0.0004629168245157379,0.07245156496022,2.0,94.0,0.033202219321974404,28.991375811472608,0.1913175569814121,10.85,5.637614039789115,0.40399078106958597,0.0,nan
pd,10.0,1.0,replay,31,"demo_00 -10,-5 deg",demo_00,0.024429080964609665,True,7.3,False,0.006344767595249023,2.000000000000001,True,0.005934010027459218,0.14189710665464303,0.014543269906699102,0.40825683408476665,0.17593038777828454,-0.75,0.009999999999999787,0.0175674134871116,0.07245156496022,34.0,94.0,0.33091745820867385,1000.0000000005548,3.2386283198429995,7.3,433.69562885141283,1880.3565104845986,0.0,nan
pd,10.0,1.0,esn,32,"demo_00 -10,-2.5 deg",,0.00036392768555619374,True,9.09,True,0.011333164149049441,2.0,False,0.005835694100383467,1.4925439284484596,0.1716896874379254,6.89420179022105,0.151418530188668,-0.67,1.7999999999999998,0.00035574955221109265,0.07245156496022,2.0,94.0,0.028506291189653858,18.832275420663336,0.19167609892724602,11.99,3.03611822980766,0.1753828965304626,0.0,nan
pd,10.0,1.0,replay,32,"demo_00 -10,-2.5 deg",demo_00,0.022983339986850298,True,7.3,False,0.006344767595249023,2.000000000000001,True,0.005934010027459218,0.127989423416056,0.014722825695660429,0.3677085663284217,0.151418530188668,-0.75,0.009999999999999787,0.017444164504385243,0.07245156496022,38.0,94.0,0.29515511430259156,1000.0000000005548,3.005740881727665,7.3,433.69562885141283,1868.0006730596822,0.0,nan
pd,10.0,1.0,esn,33,"demo_00 -10,+0 deg",,0.00021296134148236602,True,8.25,True,0.011306704000954702,2.0,False,0.005596572805077455,1.9069504218253168,0.230492372318543,4.766893494096114,0.13303929400725847,-0.62,0.96,0.00034792751479664503,0.07245156496022,2.0,94.0,0.02627160949332132,11.367066103367414,0.19186513161642993,11.16,1.5066812614430358,0.10490977878595635,0.0,nan
pd,10.0,1.0,replay,33,"demo_00 -10,+0 deg",demo_00,0.021902780881719774,True,7.3,False,0.006344767595249023,2.000000000000001,True,0.005934010027459218,0.11785493355249797,0.014245081001087442,0.3468085823193566,0.13303929400725847,-0.75,0.009999999999999787,0.01754849473714914,0.07245156496022,40.0,94.0,0.2748894168973656,1000.0000000005548,2.838706740161578,7.3,433.69562885141283,1860.8957551336955,0.0,nan
pd,10.0,1.0,esn,34,"demo_00 -10,+2.5 deg",,0.00013400741626886324,True,7.3100000000000005,True,0.011336623257811507,2.0,False,0.006015943766045317,1.888278989606372,0.21976843717380365,2.4778885848916925,0.12360056941232514,-0.56,0.020000000000000462,0.00034160936015032074,0.07245156496022,2.0,94.0,0.024989284772424677,11.158550729249141,0.19228479273140928,10.22,1.669670220729016,0.10553436520455715,0.0,nan
pd,10.0,1.0,replay,34,"demo_00 -10,+2.5 deg",demo_00,0.021244007416833126,True,7.3,False,0.006344767595249023,2.000000000000001,True,0.005934010027459218,0.11354003406763902,0.013214422223120229,0.3492728778231824,0.12360056941232514,-0.75,0.009999999999999787,0.017881125365666238,0.07245156496022,42.0,94.0,0.2737830449803431,1000.0000000005548,2.750454651210129,7.3,433.69562885141283,1859.0076790515411,0.0,nan
pd,10.0,1.0,esn,35,"demo_00 -10,+5 deg",,0.00019779659945620733,True,6.0200000000000005,True,0.011556236129895495,1.9999999999999991,False,0.0059855831431782315,1.7288064977167015,0.18199515441537842,4.103774620513017,0.1251603906928864,-0.62,-1.2699999999999996,0.0003879077090314195,0.07245156496022,2.0,94.0,0.02576060424867583,11.242827588784555,0.19354286265279827,8.93,4.002829366241636,0.2201817568792046,0.0,nan
pd,10.0,1.0,replay,35,"demo_00 -10,+5 deg",demo_00,0.021052863998482774,True,7.3,False,0.006344767595249023,2.000000000000001,True,0.005934010027459218,0.11861905495950337,0.012487281400476724,0.3747175744688354,0.1251603906928864,-0.75,0.009999999999999787,0.018433739165325844,0.07245156496022,41.0,94.0,0.29214361628960706,1000.0000000005548,2.749842022103029,7.3,433.69562885141283,1862.3149581202147,0.0,nan
pd,10.0,1.0,esn,36,"demo_00 -10,+7.5 deg",,0.00041620914866864197,True,5.14,True,0.011538022490237767,2.000000000000001,False,0.005812824977226095,1.771780490535756,0.16241597952147502,6.820884651812494,0.13616942954168235,-0.68,-2.1500000000000004,0.0005481906498655383,0.07245156496022,2.0,94.0,0.03087666887815679,20.11547840560475,0.19702582750107853,8.07,8.723995056760659,0.7513957297705023,0.0,nan
pd,10.0,1.0,replay,36,"demo_00 -10,+7.5 deg",demo_00,0.021353481594290732,True,7.3,False,0.006344767595249023,2.000000000000001,True,0.005934010027459218,0.12819852759366712,0.011751731968806264,0.4189737989850921,0.13616942954168235,-0.75,0.009999999999999787,0.019190673864785745,0.07245156496022,39.0,94.0,0.3267016829966968,1000.0000000005548,2.8384803290199656,7.3,433.69562885141283,1870.8089987130202,0.0,nan
pd,10.0,1.0,esn,37,"demo_00 -10,+10 deg",,0.0007425497226392343,True,4.8100000000000005,True,0.01137251032903646,2.0,False,0.005819895878848441,2.122128318687991,0.16762560506576557,7.82081661641895,0.15555420389228825,-0.71,-2.4799999999999995,0.0008402998302010982,0.07245156496022,2.0,94.0,0.04127219769972162,36.36484746074169,0.2002885936748557,7.74,15.771275387563058,2.272511805989018,0.0,nan
pd,10.0,1.0,replay,37,"demo_00 -10,+10 deg",demo_00,0.022142344747023972,True,7.3,False,0.006344767595249023,2.000000000000001,True,0.005934010027459218,0.1409299233826187,0.01113196759632739,0.4767682313174663,0.15555420389228825,-0.75,0.009999999999999787,0.020131522197547148,0.07245156496022,35.0,94.0,0.3729066212320687,1000.0000000005556,3.010257544305957,7.3,433.69562885141283,1884.4943170253555,0.0,nan
pd,10.0,1.0,esn,38,"demo_00 -10,+12.5 deg",,0.0011517235555574036,True,4.7700000000000005,True,0.011321730097078018,2.0,False,0.005823420723320303,2.562907207548038,0.17517896144260345,7.988132123469741,0.1806898300611667,-0.72,-2.5199999999999996,0.001235283298559931,0.07245156496022,2.0,94.0,0.05626678447767899,57.34612235060136,0.2670372530085736,7.69,24.870762595020132,5.5122313703434385,0.0,nan
pd,10.0,1.0,replay,38,"demo_00 -10,+12.5 deg",demo_00,0.023390854566772236,True,7.3,False,0.006344767595249023,2.000000000000001,True,0.005934010027459218,0.15455367908608528,0.010564000487296756,0.5436933384992357,0.1806898300611667,-0.75,0.009999999999999787,0.021233804296008216,0.07245156496022,28.0,94.0,0.42686778829630895,1250.0000000007042,3.253916421688711,7.3,433.69562885141283,1903.3886034375055,0.0,nan
pd,10.0,1.0,esn,39,"demo_00 -10,+15 deg",,0.0016186856607055117,True,4.68,True,0.011179071617661006,2.0,False,0.00583063021969734,3.0383830760781727,0.18147670905138394,8.269163103702857,0.20947825247276505,-0.73,-2.6100000000000003,0.0017064436575524287,0.07245156496022,2.0,94.0,0.07455962127934172,82.18996367634668,0.3449270432774552,7.6000000000000005,35.64542798186806,11.186503425705515,0.0,nan
pd,10.0,1.0,replay,39,"demo_00 -10,+15 deg",demo_00,0.025054554892697728,True,7.3,False,0.006344767595249023,2.000000000000001,True,0.005934010027459218,0.17097455080180596,0.01021197723728109,0.616645282283537,0.20947825247276505,-0.75,0.009999999999999787,0.022475117238350825,0.07245156496022,23.0,94.0,0.4858470871231059,1500.0000000008397,3.556645368041982,7.3,433.69562885141283,1927.52255203413,0.0,nan
pd,10.0,1.0,esn,40,"demo_00 -7.5,-15 deg",,0.0019050429944415647,True,2.42,True,0.00807475179811601,2.0,False,0.005909609723127409,3.4690174145394663,0.22405364356245205,13.197352473453677,0.2677925536634062,-0.73,-4.87,0.002002287666945986,0.07245156496022,1.0,94.0,0.07199290898069506,99.73728035078902,0.4182697724758828,3.93,19.67226595905555,4.0302217059659355,0.0,nan
pd,10.0,1.0,replay,40,"demo_00 -7.5,-15 deg",demo_00,0.029405036628489794,True,7.3,False,0.006344767595249023,2.000000000000001,True,0.005934010027459218,0.19998870959363685,0.012916683227938194,0.6100155336836116,0.2677925536634062,-0.75,0.009999999999999787,0.01968244375355915,0.07245156496022,15.0,94.0,0.49376134412584183,1500.0000000008336,4.133349358226702,7.3,325.27172163855965,1192.5057292683662,0.0,nan
pd,10.0,1.0,esn,41,"demo_00 -7.5,-12.5 deg",,0.0014909836830961014,True,2.63,True,0.009369996918421258,2.0,False,0.005918449129734785,2.912044622756723,0.21470891315321683,12.868665209417804,0.23376359107393288,-0.73,-4.66,0.0016274362816842156,0.07245156496022,1.0,94.0,0.058896457984698995,74.31213691321706,0.35812632794114835,4.17,16.43086849089255,2.768531444664912,0.0,nan
pd,10.0,1.0,replay,41,"demo_00 -7.5,-12.5 deg",demo_00,0.02656571089294347,True,7.3,False,0.006344767595249023,2.000000000000001,True,0.005934010027459218,0.18000922749826742,0.013272319143624606,0.533086159346479,0.23376359107393288,-0.75,0.009999999999999787,0.018649467185365535,0.07245156496022,22.0,94.0,0.4323402740063987,1250.0000000006978,3.7051629523986356,7.3,325.27172163855965,1160.8372254562073,0.0,nan
pd,10.0,1.0,esn,42,"demo_00 -7.5,-10 deg",,0.001129514145171251,True,2.96,True,0.010761304829791587,2.0,False,0.0059302521591756245,2.371969750747135,0.20658502995675482,12.34406133412928,0.20049713615976816,-0.72,-4.33,0.0012595520040116625,0.07245156496022,1.0,94.0,0.047660411675918994,52.94025246000482,0.297278021930032,5.8500000000000005,13.305108085316567,1.7993643224539622,0.0,nan
pd,10.0,1.0,replay,42,"demo_00 -7.5,-10 deg",demo_00,0.023906741465098986,True,7.3,False,0.006344767595249023,2.000000000000001,True,0.005934010027459218,0.15984053055744873,0.01392119810259516,0.4593316167464063,0.20049713615976816,-0.75,0.009999999999999787,0.01777046157691938,0.07245156496022,28.0,94.0,0.3731443471890317,1000.0000000005556,3.2985593664196133,7.3,325.27172163855965,1134.5760022911961,0.0,nan
pd,10.0,1.0,esn,43,"demo_00 -7.5,-7.5 deg",,0.0008127048073732817,True,3.48,True,0.011726879152282451,2.0000000000000004,False,0.005932154287800533,1.8804686091620457,0.19826897543742975,11.372332743409316,0.16852716833948475,-0.71,-3.81,0.000903709767853285,0.07245156496022,2.0,94.0,0.03861858690767442,35.765025728011196,0.2319057154543238,6.4,10.071333975982293,1.0454684483183772,0.0,nan
pd,10.0,1.0,replay,43,"demo_00 -7.5,-7.5 deg",demo_00,0.02147759625654201,True,7.3,False,0.006344767595249023,2.000000000000001,True,0.005934010027459218,0.14066129499634505,0.014830755858804199,0.39096065987691886,0.16852716833948475,-0.75,0.009999999999999787,0.01707553691044203,0.07245156496022,35.0,94.0,0.31787692683971364,750.0000000004198,2.9221592771056044,7.3,325.27172163855965,1113.6509208303623,0.0,nan
pd,10.0,1.0,esn,44,"demo_00 -7.5,-5 deg",,0.0005387223913484167,True,4.36,True,0.0116694223390944,2.0,False,0.005863091688103688,1.467917811211022,0.19038790486151513,9.256803492133681,0.1387110089288843,-0.69,-2.9299999999999997,0.0006047710108768315,0.07245156496022,2.0,94.0,0.03191405704909149,22.661346657877264,0.18979472018756977,7.28,6.809370166066042,0.5192538011716081,0.0,nan
pd,10.0,1.0,replay,44,"demo_00 -7.5,-5 deg",demo_00,0.019351052912603833,True,7.3,False,0.006344767595249023,2.000000000000001,True,0.005934010027459218,0.12309539450977881,0.01596538585459632,0.3317223617053617,0.1387110089288843,-0.75,0.009999999999999787,0.016593938989115944,0.07245156496022,40.0,94.0,0.26941979406783434,750.0000000004168,2.5890618221335986,7.3,325.27172163855965,1098.0013117131396,0.0,nan
pd,10.0,1.0,esn,45,"demo_00 -7.5,-2.5 deg",,0.00031594972983735753,True,6.01,True,0.011283565187680275,2.0,False,0.00598215033837725,1.102011654335971,0.17323886574171835,4.118997927801043,0.11230869537774442,-0.66,-1.2800000000000002,0.00042688307373629926,0.07245156496022,2.0,94.0,0.027264624862780206,13.185246727845161,0.19265512511859453,8.91,3.904039438631294,0.2266036927619768,0.0,nan
pd,10.0,1.0,replay,45,"demo_00 -7.5,-2.5 deg",demo_00,0.017627852539992658,True,7.3,False,0.006344767595249023,2.000000000000001,True,0.005934010027459218,0.10925819833482596,0.017175649892662955,0.28768885076199135,0.11230869537774442,-0.75,0.009999999999999787,0.016350248605289767,0.07245156496022,47.0,94.0,0.23249331760888414,750.0000000004168,2.3182852457098067,7.3,325.27172163855965,1087.5771474265655,0.0,nan
pd,10.0,1.0,esn,46,"demo_00 -7.5,+0 deg",,0.0001585693170157461,True,7.68,True,0.01132602829105465,2.0,False,0.00589072878128894,1.0913848124491896,0.18901130768884578,2.8900351391977157,0.0931270662850087,-0.5800000000000001,0.3899999999999997,0.00032731783844302696,0.07245156496022,2.0,94.0,0.024996196788631266,11.127917839673088,0.19180064790101095,10.58,1.9366055895268324,0.11414598686511417,0.0,nan
pd,10.0,1.0,replay,46,"demo_00 -7.5,+0 deg",demo_00,0.016432383707528413,True,7.3,False,0.006344767595249023,2.000000000000001,True,0.005934010027459218,0.10151424068369305,0.017580727862252832,0.26679919330686935,0.0931270662850087,-0.75,0.009999999999999787,0.0163602734972666,0.07245156496022,49.0,94.0,0.2135102748828401,750.0000000004168,2.1344185265912636,7.3,325.27172163855965,1082.3392538336486,0.0,nan
pd,10.0,1.0,esn,47,"demo_00 -7.5,+2.5 deg",,8.53525060321847e-05,True,7.4,True,0.011411269916938069,2.0,False,0.005990079364726633,1.2824614181400629,0.20696399731686804,2.270539322830385,0.08618996635550279,-0.49,0.11000000000000032,0.00031516520035686853,0.07245156496022,2.0,94.0,0.0243863050417269,11.141265000550312,0.19204330069057313,10.3,1.5189653898020028,0.09859154731449815,0.0,nan
pd,10.0,1.0,replay,47,"demo_00 -7.5,+2.5 deg",demo_00,0.01588824960250211,True,7.3,False,0.006344767595249023,2.000000000000001,True,0.005934010027459218,0.10313586220006286,0.016644095491468003,0.2745753184448814,0.08618996635550279,-0.75,0.009999999999999787,0.016628050228024147,0.07245156496022,49.0,94.0,0.21743903477510906,750.0000000004168,2.062052092655966,7.3,325.27172163855965,1082.259540314212,0.0,nan
pd,10.0,1.0,esn,48,"demo_00 -7.5,+5 deg",,0.00015174855617577853,True,6.51,True,0.011462033735735002,2.0,False,0.006102293211314464,1.2653346667636622,0.17113693903048902,2.5606336068013626,0.09343009817187051,-0.59,-0.7800000000000002,0.0003517646281469224,0.07245156496022,2.0,94.0,0.02525348328564206,11.162882003032486,0.19234757733660635,9.42,3.1306421824442845,0.16423411553781359,0.0,nan
pd,10.0,1.0,replay,48,"demo_00 -7.5,+5 deg",demo_00,0.016072824171680936,True,7.3,False,0.006344767595249023,2.000000000000001,True,0.005934010027459218,0.11116358161364545,0.015034911781626345,0.3089346696677113,0.09343009817187051,-0.75,0.009999999999999787,0.01714523958011207,0.07245156496022,48.0,94.0,0.24325838539240943,750.0000000004168,2.1142591659692385,7.3,325.27172163855965,1087.3212198872975,0.0,nan
pd,10.0,1.0,esn,49,"demo_00 -7.5,+7.5 deg",,0.0003377183138423094,True,6.04,True,0.011413906592588459,2.000000000000001,False,0.005992632751986985,1.3819700368912806,0.15129373962560977,3.9447881521408195,0.11195669234227547,-0.67,-1.25,0.000479244151505524,0.07245156496022,2.0,94.0,0.029333950751706767,16.14760144913035,0.1925470139104295,8.950000000000001,7.003144164918485,0.514601424176673,0.0,nan
pd,10.0,1.0,replay,49,"demo_00 -7.5,+7.5 deg",demo_00,0.01697955796674739,True,7.3,False,0.006344767595249023,2.000000000000001,True,0.005934010027459218,0.12378899799615974,0.013552030746973054,0.36238318082649257,0.11195669234227547,-0.75,0.009999999999999787,0.017893166900058807,0.07245156496022,43.0,94.0,0.28506930131530095,750.0000000004198,2.2843415882333975,7.3,325.27172163855965,1097.5189812705053,0.0,nan
pd,10.0,1.0,esn,50,"demo_00 -7.5,+10 deg",,0.0006203833322835703,True,6.23,True,0.011408114414922272,2.0,False,0.006046389379999987,1.6467727746492042,0.14746537908210552,3.4618746648945664,0.13795777603710319,-0.7,-1.0599999999999996,0.0007027305628224256,0.07245156496022,2.0,94.0,0.03824194123608599,30.18051345329965,0.19161622386629296,9.14,13.089156761179995,1.601091449381288,0.0,nan
pd,10.0,1.0,replay,50,"demo_00 -7.5,+10 deg",demo_00,0.018524590107544137,True,7.3,False,0.006344767595249023,2.000000000000001,True,0.005934010027459218,0.13743623268806615,0.012307154007497746,0.42775601538336233,0.13795777603710319,-0.75,0.009999999999999787,0.018846543168189525,0.07245156496022,40.0,94.0,0.33689026570473357,1000.0000000005556,2.5507569650602657,7.3,325.27172163855965,1112.8590639928068,0.0,nan
pd,10.0,1.0,esn,51,"demo_00 -7.5,+12.5 deg",,0.0009826661513295672,True,6.8,True,0.011390076011499422,2.000000000000001,False,0.006112631734224287,1.8833461892072567,0.1409745691334664,2.363590819739174,0.16796117071883343,-0.72,-0.4900000000000002,0.0009724292329722647,0.07245156496022,2.0,94.0,0.05169960288530142,48.70789925340056,0.22540234056249348,9.71,21.124402996723113,4.024303964886527,0.0,nan
pd,10.0,1.0,replay,51,"demo_00 -7.5,+12.5 deg",demo_00,0.02058989646919968,True,7.3,False,0.006344767595249023,2.000000000000001,True,0.005934010027459218,0.15085480690688577,0.011291971453406623,0.5002929369054218,0.16796117071883343,-0.75,0.009999999999999787,0.019977411966146996,0.07245156496022,34.0,94.0,0.39467325407823667,1250.0000000007042,2.888916925537543,7.3,325.27172163855965,1133.359175650719,0.0,nan
pd,10.0,1.0,esn,52,"demo_00 -7.5,+15 deg",,0.001402015467985342,True,6.76,True,0.011333471163044806,2.0,False,0.006114790346458221,2.241057290373947,0.143250417527034,2.611794388166031,0.20013158086799554,-0.73,-0.5300000000000002,0.001323709673068075,0.07245156496022,3.0,94.0,0.0682796403992161,70.8806083855624,0.2965710739933543,9.68,30.740610027130106,8.383358399462853,0.0,nan
pd,10.0,1.0,replay,52,"demo_00 -7.5,+15 deg",demo_00,0.023063410362546506,True,7.3,False,0.006344767595249023,2.000000000000001,True,0.005934010027459218,0.16483253792928218,0.010536245539921175,0.5771660472943939,0.20013158086799554,-0.75,0.009999999999999787,0.021258252162348123,0.07245156496022,26.0,94.0,0.456003475100309,1500.0000000008397,3.2785898377452005,7.3,325.27172163855965,1159.0481777630134,0.0,nan
pd,10.0,1.0,esn,53,"demo_00 -5,-15 deg",,0.00178171063950223,True,2.17,True,0.00836586915094171,2.0,False,0.00589812882435675,3.442077576996772,0.24436317516460382,13.572666157880038,0.2386411308206876,-0.73,-5.12,0.002031260875809039,0.07245156496022,1.0,94.0,0.06878519252195239,90.18262241014426,0.41124751444260105,3.64,19.852034288023358,4.037438271529226,0.0,nan
pd,10.0,1.0,replay,53,"demo_00 -5,-15 deg",demo_00,0.02663149748314883,True,7.3,False,0.006344767595249023,2.000000000000001,True,0.005934010027459218,0.18927738711180422,0.013437356441529068,0.561760530090621,0.2386411308206876,-0.75,0.009999999999999787,0.019543099639940244,0.07245156496022,20.0,94.0,0.4502111690098576,1500.0000000008336,3.7507303656225925,7.3,216.84781442570647,625.7356236254178,0.0,nan
pd,10.0,1.0,esn,54,"demo_00 -5,-12.5 deg",,0.0013957757126107748,True,2.3000000000000003,True,0.00878902374458265,1.9999999999999996,False,0.005903829244537499,2.8364667166090225,0.23671784208410826,13.34145918642415,0.2039423658408937,-0.73,-4.99,0.0016833436850813778,0.07245156496022,1.0,94.0,0.05629260884899559,65.80329751403535,0.35695962409771426,3.8200000000000003,16.90945409644465,2.8781413042186283,0.0,nan
pd,10.0,1.0,replay,54,"demo_00 -5,-12.5 deg",demo_00,0.023332139474312487,True,7.3,False,0.006344767595249023,2.000000000000001,True,0.005934010027459218,0.16740523977510133,0.013970834517850257,0.4828553417052031,0.2039423658408937,-0.75,0.009999999999999787,0.018368926794453472,0.07245156496022,26.0,94.0,0.3884123357811473,1250.0000000006978,3.273554957103766,7.3,216.84781442570647,596.1776464266702,0.0,nan
pd,10.0,1.0,esn,55,"demo_00 -5,-10 deg",,0.0010583133593105203,True,2.54,True,0.00984623167069052,2.0,False,0.00591448338071243,2.248057626606222,0.22394263480191273,12.976919273309326,0.16958214096258542,-0.72,-4.75,0.0013355886176476444,0.07245156496022,1.0,94.0,0.045484821784357275,45.42408238113754,0.30179416626029776,5.4,13.937558530607964,1.9337108704956358,0.0,nan
pd,10.0,1.0,replay,55,"demo_00 -5,-10 deg",demo_00,0.020171887950466993,True,7.3,False,0.006344767595249023,2.000000000000001,True,0.005934010027459218,0.14626810299819293,0.014570651563920284,0.40604829175188967,0.16958214096258542,-0.75,0.009999999999999787,0.017348959269290542,0.07245156496022,34.0,94.0,0.328173947651304,1000.0000000005556,2.811378800524405,7.3,216.84781442570647,571.8746139537549,0.0,nan
pd,10.0,1.0,esn,56,"demo_00 -5,-7.5 deg",,0.0007590172416965182,True,2.94,True,0.01096157047991024,2.0000000000000004,False,0.005930433814659346,1.7103317268043112,0.21361685626720203,12.333209612333652,0.13590755000625884,-0.71,-4.35,0.0009886191888219319,0.07245156496022,1.0,94.0,0.03664324102372468,29.23566865898829,0.24107464910247153,5.8500000000000005,10.708165902037262,1.1486886365841973,0.0,nan
pd,10.0,1.0,replay,56,"demo_00 -5,-7.5 deg",demo_00,0.017207290317350257,True,7.3,False,0.006344767595249023,2.000000000000001,True,0.005934010027459218,0.12526637550146164,0.01564550836030345,0.333215080275653,0.13590755000625884,-0.75,0.009999999999999787,0.016517867399887226,0.07245156496022,41.0,94.0,0.27101091242245695,750.0000000004198,2.3725718234904134,7.3,216.84781442570647,552.7647482820555,0.0,nan
pd,10.0,1.0,esn,57,"demo_00 -5,-5 deg",,0.0004942652442382241,True,3.59,True,0.011528409434407876,2.0,False,0.005928283778037415,1.260630897867206,0.210883736913448,11.066251974530703,0.10368389352879506,-0.69,-3.7,0.0006638213839902256,0.07245156496022,2.0,94.0,0.030324864259358476,17.10935947211864,0.18650279616273813,6.5200000000000005,7.312641333451927,0.5682050880464122,0.0,nan
pd,10.0,1.0,replay,57,"demo_00 -5,-5 deg",demo_00,0.014542203872646074,True,7.3,False,0.006344767595249023,2.000000000000001,True,0.005934010027459218,0.10514145426151748,0.017588512876128812,0.26805312860656855,0.10368389352879506,-0.75,0.009999999999999787,0.015911125691874552,0.07245156496022,48.0,94.0,0.2198225137027478,500.0000000002842,1.9727306141489889,7.3,216.84781442570647,538.7957969344445,0.0,nan
pd,10.0,1.0,esn,58,"demo_00 -5,-2.5 deg",,0.0002725495029470767,True,4.73,True,0.011566647392523848,2.0,False,0.005826732434984839,0.8679286546156071,0.20615255409264932,8.152486935537622,0.07475861608373909,-0.65,-2.5599999999999996,0.0004459852966250403,0.07245156496022,2.0,94.0,0.02644304242360506,11.095725679522715,0.191801496210846,7.640000000000001,4.147506493224793,0.23628688042579796,0.0,nan
pd,10.0,1.0,replay,58,"demo_00 -5,-2.5 deg",demo_00,0.012361825763527397,True,7.3,False,0.006344767595249023,2.000000000000001,True,0.005934010027459218,0.08850289429686303,0.021021425674637474,0.21798845503966696,0.07475861608373909,-0.75,0.009999999999999787,0.015560426528967858,0.07245156496022,52.0,94.0,0.18025041986439286,500.0000000002778,1.6410503736998097,7.3,216.84781442570647,529.9251912605725,0.0,nan
pd,10.0,1.0,esn,59,"demo_00 -5,+0 deg",,0.00011106023581478336,True,6.67,True,0.01128972551992224,2.0,False,0.006113698216607164,0.6350004163799571,0.19382236929571375,2.0424023403260145,0.053183425979137076,-0.53,-0.6200000000000001,0.0003386179021650912,0.07245156496022,2.0,94.0,0.02454224033510458,11.138183946541877,0.19197216198749795,9.57,1.7846466597401507,0.10762515586788347,0.0,nan
pd,10.0,1.0,replay,59,"demo_00 -5,+0 deg",demo_00,0.010958543660428083,True,7.3,False,0.006344767595249023,2.000000000000001,True,0.005934010027459218,0.08011924416949309,0.024454947320571706,0.19536000432820796,0.053183425979137076,-0.75,0.009999999999999787,0.01548798886190722,0.07245156496022,56.0,94.0,0.1614735439291383,500.0000000002778,1.4270363481120818,7.3,216.84781442570647,526.1202366272674,0.0,nan
pd,10.0,1.0,esn,60,"demo_00 -5,+2.5 deg",,4.013113766674544e-05,True,7.8,True,0.011310191382261294,2.000000000000001,False,0.0058401088568259835,0.8359466776129835,0.21350959382722712,3.1016099336800003,0.05142632725596606,-0.32,0.5099999999999998,0.00029961340406974105,0.07245156496022,1.0,94.0,0.024198160999776813,11.129259469038004,0.19186452184523559,10.700000000000001,0.8145178197502307,0.08367038110574393,0.0,nan
pd,10.0,1.0,replay,60,"demo_00 -5,+2.5 deg",demo_00,0.010654090795642153,True,7.3,False,0.006344767595249023,2.000000000000001,True,0.005934010027459218,0.08537190522121182,0.021804884565228593,0.20946732545965407,0.05142632725596606,-0.75,0.009999999999999787,0.015701722531979316,0.07245156496022,56.0,94.0,0.17073172476868673,500.0000000002778,1.3880485124984219,7.3,216.84781442570647,527.3583152725455,0.0,nan
pd,10.0,1.0,esn,61,"demo_00 -5,+5 deg",,9.674923897099346e-05,True,7.61,True,0.011301792554685943,1.9999999999999991,False,0.005916985885406162,1.0039216920034582,0.17859275010562833,2.6383593655135935,0.06860907628628012,-0.52,0.3200000000000003,0.0003131075922710994,0.07245156496022,2.0,94.0,0.024785115503067872,11.129424065656158,0.1918980704916316,10.52,1.7066415357295586,0.10414123965994079,0.0,nan
pd,10.0,1.0,replay,61,"demo_00 -5,+5 deg",demo_00,0.011554704358846493,True,7.3,False,0.006344767595249023,2.000000000000001,True,0.005934010027459218,0.10232330510866054,0.01820281462669105,0.2543377806370804,0.06860907628628012,-0.75,0.009999999999999787,0.016193512245616076,0.07245156496022,54.0,94.0,0.20432699973417084,500.0000000002842,1.5395498897592614,7.3,216.84781442570647,533.6270756133983,0.0,nan
pd,10.0,1.0,esn,62,"demo_00 -5,+7.5 deg",,0.00023791580897851843,True,7.8100000000000005,True,0.011346700937798578,2.0,False,0.005836063517658056,1.1412897750642403,0.14688948441763794,3.240538976342371,0.0967231785390574,-0.64,0.5200000000000005,0.0003839099897693049,0.07245156496022,2.0,94.0,0.027569847407499362,11.122017618077052,0.1918103039116332,10.72,4.702149340107586,0.2793232866158406,0.0,nan
pd,10.0,1.0,replay,62,"demo_00 -5,+7.5 deg",demo_00,0.013444580566814813,True,7.3,False,0.006344767595249023,2.000000000000001,True,0.005934010027459218,0.11713169368054446,0.015075412458445467,0.3171549356415969,0.0967231785390574,-0.75,0.009999999999999787,0.016941503315402073,0.07245156496022,49.0,94.0,0.2527124297305175,750.0000000004198,1.8370969475270105,7.3,216.84781442570647,544.9245735094092,0.0,nan
pd,10.0,1.0,esn,63,"demo_00 -5,+10 deg",,0.0004715103744943147,True,9.17,True,0.011292443198288073,2.0,False,0.005992601630554847,1.3509200358085232,0.13399893631393806,7.059289363600358,0.12876460242142176,-0.69,1.88,0.0005136114078372044,0.07245156496022,3.0,94.0,0.03445485327828161,22.539170932893658,0.19192565756000896,12.07,9.775139911525383,0.9413322739627981,0.0,nan
pd,10.0,1.0,replay,63,"demo_00 -5,+10 deg",demo_00,0.01600408586062665,True,7.3,False,0.006344767595249023,2.000000000000001,True,0.005934010027459218,0.13066307903688534,0.01296058474398725,0.3892534236327471,0.12876460242142176,-0.75,0.009999999999999787,0.017915139581585745,0.07245156496022,42.0,94.0,0.30893281778788845,1000.0000000005556,2.224859037272869,7.3,216.84781442570647,561.2593215013875,0.0,nan
pd,10.0,1.0,esn,64,"demo_00 -5,+12.5 deg",,0.0007845793737443364,True,10.61,True,0.011290029327804764,2.0,False,0.0067831373906272465,1.7812725010937644,0.14288744727473981,10.594437784048479,0.16238319173133697,-0.71,3.3199999999999994,0.0006871485586830906,0.07245156496022,4.0,94.0,0.0456980637110533,38.47543332269802,0.19179722609971647,13.51,16.686627250208737,2.5664465999800963,0.0,nan
pd,10.0,1.0,replay,64,"demo_00 -5,+12.5 deg",demo_00,0.018992956821188182,True,7.3,False,0.006344767595249023,2.000000000000001,True,0.005934010027459218,0.14350143032532614,0.011511182621900505,0.4662416854048593,0.16238319173133697,-0.75,0.009999999999999787,0.019080649001396145,0.07245156496022,37.0,94.0,0.36930571544432805,1250.0000000007042,2.6656545244959426,7.3,216.84781442570647,582.6501916032521,0.0,nan
pd,10.0,1.0,esn,65,"demo_00 -5,+15 deg",,0.0011566237335465278,True,10.83,True,0.011434551680687872,2.0,False,0.006922151740827241,2.0418039337167997,0.13713660949590212,11.134838661102545,0.19658510189643652,-0.72,3.54,0.0009261120835948771,0.07245156496022,4.0,94.0,0.0604555741226839,57.8636471481448,0.24337701818190774,13.73,25.09521083753681,5.656886407889005,0.0,nan
pd,10.0,1.0,replay,65,"demo_00 -5,+15 deg",demo_00,0.022267995838549177,True,7.3,False,0.006344767595249023,2.000000000000001,True,0.005934010027459218,0.1592189303795663,0.010693849648957681,0.5459290800885458,0.19658510189643652,-0.75,0.009999999999999787,0.020405243173482232,0.07245156496022,28.0,94.0,0.4319485687594799,1500.0000000008397,3.138982450953598,7.3,216.84781442570647,609.1261063654719,0.0,nan
pd,10.0,1.0,esn,66,"demo_00 -2.5,-15 deg",,0.0016372658151477806,True,2.06,True,0.009030661020620761,2.0000000000000004,False,0.005893609559317642,3.238106592109468,0.2525470541800273,13.771966976779431,0.21365568895552817,-0.73,-5.23,0.0019324559974071302,0.07245156496022,1.0,94.0,0.064383253516168,80.33921440946011,0.39161419682319326,3.5,19.32717718140052,3.781604331476029,0.0,nan
pd,10.0,1.0,replay,66,"demo_00 -2.5,-15 deg",demo_00,0.024739956807058195,True,7.3,False,0.006344767595249023,2.000000000000001,True,0.005934010027459218,0.18411531103444045,0.01435955800358517,0.5295595179542053,0.21365568895552817,-0.75,0.009999999999999787,0.01959288139813105,0.07245156496022,23.0,94.0,0.42067272888633095,1500.0000000008336,3.464647791100306,7.3,108.42390721285324,283.30010253742716,0.0,nan
pd,10.0,1.0,esn,67,"demo_00 -2.5,-12.5 deg",,0.0012785415714848423,True,2.16,True,0.008988694218144154,2.0,False,0.005897502922087809,2.6374807656817523,0.24644294445142673,13.580056060645811,0.17875353110194295,-0.73,-5.13,0.001608761100469256,0.07245156496022,1.0,94.0,0.05262158622948408,57.10662697515878,0.34115186224583016,3.66,16.6317752238216,2.749531512949415,0.0,nan
pd,10.0,1.0,replay,67,"demo_00 -2.5,-12.5 deg",demo_00,0.021013408965351994,True,7.3,False,0.006344767595249023,2.000000000000001,True,0.005934010027459218,0.16043420010904136,0.014990773460811027,0.4493503537429365,0.17875353110194295,-0.75,0.009999999999999787,0.018303077405874443,0.07245156496022,32.0,94.0,0.35876341133966233,1250.0000000006978,2.943240041834612,7.3,108.42390721285324,255.6730033755474,0.0,nan
pd,10.0,1.0,esn,68,"demo_00 -2.5,-10 deg",,0.0009657289475599458,True,2.36,True,0.00967304006164505,2.0000000000000004,False,0.005905964529679415,2.0013376898784285,0.23514728721065226,13.27455557734585,0.1439136041630369,-0.72,-4.93,0.0012886757909783607,0.07245156496022,1.0,94.0,0.04255738867487309,37.87182809975432,0.28982744568064717,5.19,13.801885712253204,1.8736823402473197,0.0,nan
pd,10.0,1.0,replay,68,"demo_00 -2.5,-10 deg",demo_00,0.017351773474173566,True,7.3,False,0.006344767595249023,2.000000000000001,True,0.005934010027459218,0.13702651375995273,0.016099938131152316,0.3702920384361981,0.1439136041630369,-0.75,0.009999999999999787,0.01716877692855592,0.07245156496022,39.0,94.0,0.2978626604354575,1000.0000000005556,2.427432284446193,7.3,108.42390721285324,233.0951744939976,0.0,nan
pd,10.0,1.0,esn,69,"demo_00 -2.5,-7.5 deg",,0.0006859923282998159,True,2.71,True,0.010586589393616097,2.0,False,0.005921967108724693,1.4535539537132955,0.22271278815652465,12.731055008535517,0.10929343247508683,-0.71,-4.58,0.0009667986345184655,0.07245156496022,1.0,94.0,0.03438122566327103,24.415578733504038,0.23222645955725094,5.61,10.58892977259221,1.1113572065688704,0.0,nan
pd,10.0,1.0,replay,69,"demo_00 -2.5,-7.5 deg",demo_00,0.013783559304574868,True,7.3,False,0.006344767595249023,2.000000000000001,True,0.005934010027459218,0.11479820581222545,0.01758932196943425,0.29372473396218696,0.10929343247508683,-0.75,0.009999999999999787,0.016228224634777542,0.07245156496022,47.0,94.0,0.23919917421639908,750.0000000004198,1.9213162797307617,7.3,108.42390721285324,215.51342127123212,0.0,nan
pd,10.0,1.0,esn,70,"demo_00 -2.5,-5 deg",,0.00043338707814891445,True,3.31,True,0.011436092753950909,2.0000000000000004,False,0.005935595953904486,1.0041873824942198,0.21897785493945354,11.661673843482545,0.07520220098562598,-0.68,-3.98,0.0006563193077943994,0.07245156496022,2.0,94.0,0.0286902699218063,16.331068925839386,0.1867691011915362,6.23,7.082713207603617,0.5299385124984815,0.0,nan
pd,10.0,1.0,replay,70,"demo_00 -2.5,-5 deg",demo_00,0.010385619418424604,True,7.3,False,0.006344767595249023,2.000000000000001,True,0.005934010027459218,0.09287550261661401,0.020252871818499277,0.22268167627390295,0.07520220098562598,-0.75,0.009999999999999787,0.015522031619801544,0.07245156496022,53.0,94.0,0.1853991143885117,500.0000000002842,1.435188628213777,7.3,108.42390721285324,202.88313069738007,0.0,nan
pd,10.0,1.0,esn,71,"demo_00 -2.5,-2.5 deg",,0.00021576270406558032,True,4.38,True,0.01137236083724939,2.0,False,0.005860677899719743,0.6177524581563334,0.2481612546717675,9.117982227850352,0.04130210392087671,-0.63,-2.91,0.0004339868606647944,0.07245156496022,2.0,94.0,0.0255495819153019,11.054812291261955,0.1910320924612363,7.29,3.687671816803858,0.1995644431706354,0.0,nan
pd,10.0,1.0,replay,71,"demo_00 -2.5,-2.5 deg",demo_00,0.007384390360369495,True,7.3,False,0.006344767595249023,2.000000000000001,True,0.005934010027459218,0.07161133456010141,0.028767443008146085,0.1649512826296451,0.04130210392087671,-0.75,0.009999999999999787,0.015088027497436853,0.07245156496022,62.0,94.0,0.14259025931509517,250.00000000014848,0.9995019037682438,7.3,108.42390721285324,195.1684615919385,0.0,nan
pd,10.0,1.0,esn,72,"demo_00 -2.5,+0 deg",,5.1164025098941636e-05,True,6.8,True,0.011373408580818867,2.000000000000001,False,0.006111690242954913,0.3047190695803235,0.3851900127821458,1.7229998871982584,0.013343816499823654,-0.37,-0.4900000000000002,0.00032842580177889623,0.07245156496022,1.0,94.0,0.024241116318617625,11.122427192892962,0.19172509408018268,9.700000000000001,0.9614739141284925,0.08659679811393863,0.0,nan
pd,10.0,1.0,replay,72,"demo_00 -2.5,+0 deg",demo_00,0.005481127148779902,True,7.3,False,0.006344767595249023,2.000000000000001,True,0.005934010027459218,0.05837843856113731,0.07379515672102926,0.13874381377377806,0.013343816499823654,-0.75,0.009999999999999787,0.014954149767203941,0.07245156496022,63.0,94.0,0.12326379536981467,250.0000000001389,0.7158197522703125,7.3,108.42390721285324,192.3425701101926,0.0,nan
pd,10.0,1.0,esn,73,"demo_00 -2.5,+2.5 deg",,4.882208138450154e-05,True,9.11,True,0.011224593386919402,2.0,False,0.005880173744180732,0.7110428773153245,0.3258563027317264,6.760086822654506,0.027031885539560537,-0.31,1.8199999999999994,0.00027949583270583847,0.07245156496022,1.0,94.0,0.024221342258712347,11.125466340370915,0.1917940906957242,12.02,0.5396618063432882,0.0810701539538719,0.0,nan
pd,10.0,1.0,replay,73,"demo_00 -2.5,+2.5 deg",demo_00,0.00588918404460199,True,7.3,False,0.006344767595249023,2.000000000000001,True,0.005934010027459218,0.07143736237008456,0.03273827151846869,0.16055067777237622,0.027031885539560537,-0.75,0.009999999999999787,0.015131763545131507,0.07245156496022,63.0,94.0,0.1379107839237564,250.00000000014848,0.7776120079958412,7.3,108.42390721285324,194.38785436368286,0.0,nan
pd,10.0,1.0,esn,74,"demo_00 -2.5,+5 deg",,7.875369059949424e-05,True,9.13,True,0.011350615981523681,2.0,False,0.005909059051616589,1.146323646949169,0.24996357636383437,6.886631802679515,0.05979870506757273,-0.45,1.8400000000000007,0.00028345021966667974,0.07245156496022,2.0,94.0,0.02445068012040168,11.131481897562617,0.19190490175102926,12.030000000000001,0.36983070421504083,0.08037441718210475,0.0,nan
pd,10.0,1.0,replay,74,"demo_00 -2.5,+5 deg",demo_00,0.008303929260476964,True,7.3,False,0.006344767595249023,2.000000000000001,True,0.005934010027459218,0.09487793481543995,0.0206887714194853,0.21636262511253213,0.05979870506757273,-0.75,0.009999999999999787,0.0156127289034002,0.07245156496022,58.0,94.0,0.1784094568591005,500.0000000002842,1.132242071718386,7.3,108.42390721285324,201.29619581174023,0.0,nan
pd,10.0,1.0,esn,75,"demo_00 -2.5,+7.5 deg",,0.00012987496429916833,True,9.540000000000001,True,0.011274521747350446,2.0,False,0.006841596027808426,1.4040393206128488,0.19895814947694512,8.004787200212348,0.09384960350248912,-0.56,2.250000000000001,0.00030590963572525053,0.07245156496022,2.0,94.0,0.025594124119071755,11.132653700685523,0.19192049232794012,12.450000000000001,1.7179871213188105,0.10920067331260089,0.0,nan
pd,10.0,1.0,replay,75,"demo_00 -2.5,+7.5 deg",demo_00,0.011558060042993543,True,7.3,False,0.006344767595249023,2.000000000000001,True,0.005934010027459218,0.11121743403321811,0.015759968072094177,0.2869515311660448,0.09384960350248912,-0.75,0.009999999999999787,0.016371897709213386,0.07245156496022,51.0,94.0,0.23153779874295094,750.0000000004198,1.5973809048838512,7.3,108.42390721285324,213.0691677571349,0.0,nan
pd,10.0,1.0,esn,76,"demo_00 -2.5,+10 deg",,0.00029917905598515407,True,10.42,True,0.011290117166053978,2.0,False,0.0069540738504915815,1.8297425570476225,0.1917351333663603,10.200390060781528,0.1285304575985092,-0.66,3.13,0.0003909742524031289,0.07245156496022,3.0,94.0,0.029763729774660797,14.445795220093387,0.19188965738192512,13.32,5.729490908885096,0.3851488144972154,0.0,nan
pd,10.0,1.0,replay,76,"demo_00 -2.5,+10 deg",demo_00,0.015150032362973038,True,7.3,False,0.006344767595249023,2.000000000000001,True,0.005934010027459218,0.1239186388455106,0.0129851910882802,0.363737754515088,0.1285304575985092,-0.75,0.009999999999999787,0.017373528209812465,0.07245156496022,43.0,94.0,0.2903574567273034,1000.0000000005556,2.102861844999998,7.3,108.42390721285324,229.7181727957812,0.0,nan
pd,10.0,1.0,esn,77,"demo_00 -2.5,+12.5 deg",,0.0005610482005047689,True,10.75,True,0.011398057886143082,2.0,False,0.006822234682391831,2.279429990611878,0.18940097243695792,11.071906431721906,0.16339582499906352,-0.7,3.46,0.0005544198009504639,0.07245156496022,3.0,94.0,0.038445378639256934,26.44716046261747,0.19191084577879494,13.65,11.470017888162198,1.2757426793490998,0.0,nan
pd,10.0,1.0,replay,77,"demo_00 -2.5,+12.5 deg",demo_00,0.0189182512671316,True,7.3,False,0.006344767595249023,2.000000000000001,True,0.005934010027459218,0.13844812775173038,0.011503845319335721,0.4434095107210903,0.16339582499906352,-0.75,0.009999999999999787,0.01857834328567177,0.07245156496022,38.0,94.0,0.3519074050421566,1250.0000000007042,2.627233435415708,7.3,108.42390721285324,251.26446159558944,0.0,nan
pd,10.0,1.0,esn,78,"demo_00 -2.5,+15 deg",,0.0008899916900153899,True,10.93,True,0.01131353093484105,2.0,False,0.007148702262921797,2.549728445395248,0.1754850301953178,11.565143276582871,0.1982995833155524,-0.72,3.6399999999999997,0.0007669877698402531,0.07245156496022,4.0,94.0,0.051443231764300316,42.98505388139233,0.19189483253217024,13.84,18.642429974291847,3.200546002586658,0.0,nan
pd,10.0,1.0,replay,78,"demo_00 -2.5,+15 deg",demo_00,0.022804438164874763,True,7.3,False,0.006344767595249023,2.000000000000001,True,0.005934010027459218,0.15701796999057974,0.0108067599335007,0.524534564667944,0.1982995833155524,-0.75,0.009999999999999787,0.019948767089146138,0.07245156496022,29.0,94.0,0.41483754521049215,1500.0000000008397,3.1626391521642563,7.3,108.42390721285324,277.7389753354176,0.0,nan
pd,10.0,1.0,esn,79,"demo_00 +0,-15 deg",,0.0014720459011259217,True,2.0100000000000002,True,0.009419455510879209,1.9999999999999996,False,0.005891803568083226,2.9330838876830896,0.2576071673403706,13.90315903013921,0.18844257990692398,-0.73,-5.279999999999999,0.0017726484542337417,0.07245156496022,1.0,94.0,0.058940004676125195,70.09983675582102,0.3636551690017936,3.43,18.222675225939287,3.332131061308498,0.0,nan
pd,10.0,1.0,replay,79,"demo_00 +0,-15 deg",demo_00,0.023939852447717118,True,7.3,False,0.006344767595249023,2.000000000000001,True,0.005934010027459218,0.1819019780111667,0.015976104020019092,0.513368438739778,0.18844257990692398,-0.75,0.009999999999999787,0.01980456149422772,0.07245156496022,28.0,94.0,0.40461351628884773,1500.0000000008336,3.300209074826992,7.3,93.2005820564972,165.39295382389398,0.0,nan
pd,10.0,1.0,esn,80,"demo_00 +0,-12.5 deg",,0.0011392351734997187,True,2.09,True,0.009003122587690225,2.0,False,0.005894795698436408,2.3551579022357427,0.24986288292501257,13.72846765197182,0.15365121678907825,-0.72,-5.2,0.0014714640579175798,0.07245156496022,1.0,94.0,0.047940539375024134,48.12987290340222,0.3160475997786974,3.58,15.714742605705197,2.4333135725175157,0.0,nan
pd,10.0,1.0,replay,80,"demo_00 +0,-12.5 deg",demo_00,0.01993104385087857,True,7.3,False,0.006344767595249023,2.000000000000001,True,0.005934010027459218,0.1573838058608009,0.016697127364903946,0.4330865134375786,0.15365121678907825,-0.75,0.009999999999999787,0.018428389969680162,0.07245156496022,37.0,94.0,0.34315937926807444,1250.0000000006978,2.75118721851484,7.3,77.66715171374767,139.49730343598836,0.0,nan
pd,10.0,1.0,esn,81,"demo_00 +0,-10 deg",,0.0008506755756605215,True,2.27,True,0.009479883520492957,2.0000000000000004,False,0.005901976245405895,1.722813641533302,0.23795672964627146,13.448321268520056,0.11914304276776726,-0.71,-5.02,0.0011791403470614841,0.07245156496022,1.0,94.0,0.038779235236624236,30.172125846891554,0.26794192379360804,5.07,12.998917262326673,1.6512018253237852,0.0,nan
pd,10.0,1.0,replay,81,"demo_00 +0,-10 deg",demo_00,0.01593960311684921,True,7.3,False,0.006344767595249023,2.000000000000001,True,0.005934010027459218,0.13246440991773709,0.018296115736867725,0.3536282860185768,0.11914304276776726,-0.75,0.009999999999999787,0.017211818261625284,0.07245156496022,42.0,94.0,0.2825764220057134,1000.0000000005556,2.202221988615489,7.3,62.13372137099815,118.39147583809726,0.0,nan
pd,10.0,1.0,esn,82,"demo_00 +0,-7.5 deg",,0.0005907449401535646,True,2.61,True,0.01050595552082891,2.0000000000000004,False,0.005917160453452599,1.1732667994313433,0.22880525237856875,12.940607513257737,0.0851657390379268,-0.7,-4.68,0.0008893751332864423,0.07245156496022,1.0,94.0,0.031604006894393376,22.581351501752415,0.21382675889071742,5.49,9.793433439861882,0.9511680506425714,0.0,nan
pd,10.0,1.0,replay,82,"demo_00 +0,-7.5 deg",demo_00,0.011958121935427704,True,7.3,False,0.006344767595249023,2.000000000000001,True,0.005934010027459218,0.1082117107870813,0.021102964653014276,0.2760621973821384,0.0851657390379268,-0.75,0.009999999999999787,0.016195775389531437,0.07245156496022,50.0,94.0,0.2239705297499979,750.0000000004198,1.6529582841920742,7.3,46.600291028248634,102.03011670126334,0.0,nan
pd,10.0,1.0,esn,83,"demo_00 +0,-5 deg",,0.0003505165917820539,True,3.2,True,0.011320676319166098,2.0,False,0.005935550105233975,0.7372044039624274,0.2462652722414488,11.910080767852602,0.05177574101230625,-0.67,-4.09,0.0006081972728657312,0.07245156496022,1.0,94.0,0.026940720944741856,14.229670830220083,0.1869270142691202,6.11,6.171346039057347,0.41597539403201267,0.0,nan
pd,10.0,1.0,replay,83,"demo_00 +0,-5 deg",demo_00,0.007979218487974102,True,7.3,False,0.006344767595249023,2.000000000000001,True,0.005934010027459218,0.08455527173492268,0.028245934100946703,0.2029669708986397,0.05177574101230625,-0.75,0.009999999999999787,0.015424577571563559,0.07245156496022,56.0,94.0,0.1698320421647462,500.0000000002842,1.1030504753665364,7.3,31.066860685499037,90.37551628565735,0.0,nan
pd,10.0,1.0,esn,84,"demo_00 +0,-2.5 deg",,0.00013674997116811031,True,4.36,True,0.011451421466359775,2.0,False,0.005863816638917353,0.3873439160381717,0.3572134609584719,9.206461604772358,0.018840617245048052,-0.5700000000000001,-2.9299999999999997,0.0004189943337371626,0.07245156496022,1.0,94.0,0.024739722769323482,11.064681735705284,0.1910298796900758,7.26,2.5419034653128563,0.13482810762604344,0.0,nan
pd,10.0,1.0,replay,84,"demo_00 +0,-2.5 deg",demo_00,0.003995577786576545,True,7.3,False,0.006344767595249023,2.000000000000001,True,0.005934010027459218,0.0628383886661757,0.05795035720733038,0.1418826942293815,0.018840617245048052,-0.74,0.009999999999999787,0.014940322071328355,0.07245156496022,63.0,94.0,0.12649220277888162,250.00000000014848,0.5521677743187369,7.3,25.4210209816014,83.39787731798604,0.0,nan
pd,10.0,1.0,esn,85,"demo_00 +0,+2.5 deg",,0.00014393430008814094,True,10.11,True,0.01127705329523717,2.0,False,0.0073239101200855295,1.1534580088268955,0.4991280210589462,9.3482146342207,0.04417420592187451,-0.5800000000000001,2.8199999999999994,0.0002854669167736854,0.07245156496022,2.0,94.0,0.02486645556927242,11.128480674334867,0.19184532109131244,13.02,2.582834133964983,0.13957126360199007,0.0,nan
pd,10.0,1.0,replay,85,"demo_00 +0,+2.5 deg",demo_00,0.0040145415582975,True,7.3,False,0.006344767595249023,2.000000000000001,True,0.005934010027459218,0.07199330912449457,0.03115317388046044,0.14194439608912507,0.03490381605529773,-0.74,0.009999999999999787,0.014940789482230639,0.07245156496022,63.0,94.0,0.12655563301724762,250.00000000014848,0.553736272239121,7.3,25.42196438385437,83.39579924524497,0.0,nan
pd,10.0,1.0,esn,86,"demo_00 +0,+5 deg",,0.00018062684154884363,True,9.52,True,0.011313261141020605,2.0,False,0.006797211108188585,1.5588960536693057,0.33621372137614475,8.001053926692695,0.06979101978453763,-0.6,2.2299999999999995,0.00029761889423220465,0.07245156496022,2.0,94.0,0.02507118812705392,11.135366758356579,0.1919703941403648,12.43,3.1497484481464806,0.16790398630040126,0.0,nan
pd,10.0,1.0,replay,86,"demo_00 +0,+5 deg",demo_00,0.008054831173399222,True,7.3,False,0.006344767595249023,2.000000000000001,True,0.005934010027459218,0.092735701371355,0.02000070189997686,0.2031880197146491,0.06979101978453763,-0.75,0.009999999999999787,0.01542957106647653,0.07245156496022,56.0,94.0,0.1700722319468485,500.0000000002842,1.1092912041950775,7.3,31.066860685499037,90.35435637942598,0.0,nan
pd,10.0,1.0,esn,87,"demo_00 +0,+7.5 deg",,0.00015511306361113724,True,9.620000000000001,True,0.011445501642829517,2.0,False,0.00699369184267587,1.7603555220933393,0.24856425531123771,8.283255038205219,0.10384753664276115,-0.5700000000000001,2.330000000000001,0.00028672954298321443,0.07245156496022,2.0,94.0,0.024815704395789746,11.1359873300346,0.19198688355166244,12.52,1.9990415735414986,0.1149468881467224,0.0,nan
pd,10.0,1.0,replay,87,"demo_00 +0,+7.5 deg",demo_00,0.012127328761401709,True,7.3,False,0.006344767595249023,2.000000000000001,True,0.005934010027459218,0.10544943879357825,0.014889583892431437,0.27655734990594816,0.10384753664276115,-0.75,0.009999999999999787,0.016212526982666613,0.07245156496022,51.0,94.0,0.22452391982700654,750.0000000004198,1.6668748837683511,7.3,46.600291028248556,101.95661612567478,0.0,nan
pd,10.0,1.0,esn,88,"demo_00 +0,+10 deg",,0.00016953842812796667,True,10.08,True,0.011257277954468643,2.0,False,0.007343916876451289,2.080490681067347,0.21771955329648532,9.50012348390593,0.13787229828113745,-0.59,2.79,0.0003063572767502345,0.07245156496022,2.0,94.0,0.0260007500489871,11.136491224450854,0.19198490119267897,12.99,0.9168493104957934,0.09452932754032978,0.0,nan
pd,10.0,1.0,replay,88,"demo_00 +0,+10 deg",demo_00,0.01623807404770955,True,7.3,False,0.006344767595249023,2.000000000000001,True,0.005934010027459218,0.11923627370396302,0.012477858460892543,0.3545180162469009,0.13787229828113745,-0.75,0.009999999999999787,0.017249421643462534,0.07245156496022,42.0,94.0,0.2835847860968832,1000.0000000005556,2.226650291426719,7.3,62.133721370998074,118.21756296908657,0.0,nan
pd,10.0,1.0,esn,89,"demo_00 +0,+12.5 deg",,0.0003506400363448484,True,10.27,True,0.011257576011948992,2.0,False,0.007155772741241473,2.4031207373322903,0.19958782718638435,10.044293490564282,0.17198715963102415,-0.67,2.9799999999999995,0.00041823070386241867,0.07245156496022,3.0,94.0,0.03143949234327397,21.5487012508965,0.19200077048224246,13.18,5.463876436666951,0.3723302859094178,0.0,nan
pd,10.0,1.0,replay,89,"demo_00 +0,+12.5 deg",demo_00,0.020392576223214273,True,7.3,False,0.006344767595249023,2.000000000000001,True,0.005934010027459218,0.13842350906650683,0.011496570678661942,0.43450002772165547,0.17198715963102415,-0.75,0.009999999999999787,0.018496570721804228,0.07245156496022,37.0,94.0,0.3447738266571513,1250.0000000007042,2.788726162660233,7.3,77.66715171374774,139.16211699134746,0.0,nan
pd,10.0,1.0,esn,90,"demo_00 +0,+15 deg",,0.0006411734114887965,True,10.48,True,0.011263903542202108,2.0,False,0.006880329780596256,2.628385411373287,0.18089003618434962,10.593469241959687,0.20609858334871872,-0.7,3.1900000000000004,0.0006031501228890339,0.07245156496022,4.0,94.0,0.04231928811135993,38.08850062106537,0.19197312220557625,13.39,11.399157946609229,1.2963290112795607,0.0,nan
pd,10.0,1.0,replay,90,"demo_00 +0,+15 deg",demo_00,0.024595689108404165,True,7.3,False,0.006344767595249023,2.000000000000001,True,0.005934010027459218,0.15914390686785193,0.010952559296394625,0.5154467716286874,0.20609858334871872,-0.75,0.009999999999999787,0.019912774894925576,0.07245156496022,28.0,94.0,0.4069987607056423,1500.0000000008397,3.353149908506341,7.3,93.20058205649727,164.82527155288813,0.0,nan
pd,10.0,1.0,esn,91,"demo_00 +2.5,-15 deg",,0.0012911607432241764,True,1.97,True,0.009157107720998144,2.0,False,0.005891041409371551,2.62234779920352,0.2636068747643869,14.008882613348714,0.16671922980980355,-0.73,-5.32,0.0015883571926727461,0.07245156496022,1.0,94.0,0.052815330521356924,59.52045426798452,0.3307906141720171,3.38,16.709593573380282,2.7830131107872336,0.0,nan
pd,10.0,1.0,replay,91,"demo_00 +2.5,-15 deg",demo_00,0.024338567753151404,True,7.3,False,0.006344767595249023,2.000000000000001,True,0.005934010027459218,0.1749109132762704,0.017582610218578383,0.5119118338660763,0.16671922980980355,-0.75,0.009999999999999787,0.020155328178505474,0.07245156496022,29.0,94.0,0.4003478964652516,1500.0000000008336,3.2759929423481084,7.3,108.42390721285324,272.1814217250639,0.0,nan
pd,10.0,1.0,esn,92,"demo_00 +2.5,-12.5 deg",,0.0009833171719020248,True,2.05,True,0.008821674906548782,2.0,False,0.005893594664358517,2.0192237143435,0.2550676134292805,13.839965127650267,0.13200371923441936,-0.72,-5.24,0.0013064205364129112,0.07245156496022,1.0,94.0,0.04263140929750847,38.93036622868304,0.28570378095173615,3.54,14.331036085995988,2.0124348563521774,0.0,nan
pd,10.0,1.0,replay,92,"demo_00 +2.5,-12.5 deg",demo_00,0.020283653600585965,True,7.3,False,0.006344767595249023,2.000000000000001,True,0.005934010027459218,0.15018417449489876,0.018971210911969225,0.43306644961466284,0.13200371923441936,-0.75,0.009999999999999787,0.018724106518924123,0.07245156496022,38.0,94.0,0.3400684280324815,1250.0000000006978,2.7274448154879956,7.3,108.42390721285324,247.79599499019685,0.0,nan
pd,10.0,1.0,esn,93,"demo_00 +2.5,-10 deg",,0.0007184058065499159,True,2.23,True,0.009447802924483424,2.0000000000000004,False,0.005900083831713291,1.3990393137518597,0.23586745420242441,13.569536016824488,0.09710256476199383,-0.71,-5.0600000000000005,0.0010429619525868564,0.07245156496022,1.0,94.0,0.034541710209103016,26.957643467251113,0.24118739049041385,4.97,11.691412135874623,1.3344942787899488,0.0,nan
pd,10.0,1.0,replay,93,"demo_00 +2.5,-10 deg",demo_00,0.016305550119051035,True,7.3,False,0.006344767595249023,2.000000000000001,True,0.005934010027459218,0.12582529647962218,0.021213193984752885,0.35564953320032305,0.09710256476199383,-0.75,0.009999999999999787,0.017460530479014164,0.07245156496022,45.0,94.0,0.28114666689435946,1000.0000000005556,2.1868415110893014,7.3,108.42390721285324,227.88673636699613,0.0,nan
pd,10.0,1.0,esn,94,"demo_00 +2.5,-7.5 deg",,0.0004775613283311526,True,2.56,True,0.01038046651803911,2.0000000000000004,False,0.005914703651522199,0.9063217179031353,0.23624453660569059,13.072512595982506,0.062222027649275674,-0.69,-4.73,0.0007905568178636832,0.07245156496022,1.0,94.0,0.0286963963110551,19.521638534035603,0.1959224530431683,5.42,8.466449300223577,0.7222137837533529,0.0,nan
pd,10.0,1.0,replay,94,"demo_00 +2.5,-7.5 deg",demo_00,0.012455843475429404,True,7.3,False,0.006344767595249023,2.000000000000001,True,0.005934010027459218,0.10129094706003529,0.026402801982846308,0.28110774995090215,0.062222027649275674,-0.75,0.009999999999999787,0.01640747217032293,0.07245156496022,51.0,94.0,0.22494861434713814,750.0000000004198,1.6616115640142997,7.3,108.42390721285324,212.41542674325424,0.0,nan
pd,10.0,1.0,esn,95,"demo_00 +2.5,-5 deg",,0.0002481983900675611,True,3.16,True,0.011241134310066181,2.0,False,0.00593506671690668,0.5369464238908193,0.3132808009934195,12.029109403171343,0.027632924284163977,-0.64,-4.13,0.0005577598108238571,0.07245156496022,1.0,94.0,0.025433164215569237,10.884981776970337,0.18727699107015175,6.0600000000000005,4.696216512610694,0.27080354683503793,0.0,nan
pd,10.0,1.0,replay,95,"demo_00 +2.5,-5 deg",demo_00,0.008885352009297775,True,7.3,False,0.006344767595249023,2.000000000000001,True,0.005934010027459218,0.07680072431698629,0.0448092982099692,0.21276428029448471,0.027632924284163977,-0.75,0.009999999999999787,0.015611366719238778,0.07245156496022,61.0,94.0,0.17443362371231738,500.0000000002842,1.1727636447123928,7.3,108.42390721285324,201.35056828241085,0.0,nan
pd,10.0,1.0,esn,96,"demo_00 +2.5,-2.5 deg",,3.993154289087575e-05,True,4.47,True,0.011255366034431126,2.0,False,0.005851716557299263,0.3243333073679983,1.142379402799655,8.911012783027301,0.01343264227955627,-0.34,-2.8200000000000003,0.0004186535239531957,0.07245156496022,1.0,94.0,0.02435476995093824,11.089853887076156,0.19120174180355146,7.37,0.7895297243129439,0.08470801362992454,0.0,nan
pd,10.0,1.0,replay,96,"demo_00 +2.5,-2.5 deg",demo_00,0.006099705288534176,True,7.3,False,0.006344767595249023,2.000000000000001,True,0.005934010027459218,0.06037589708269527,0.21265833537893458,0.15910111541998426,0.010308275335246185,-0.75,0.009999999999999787,0.01511610654563691,0.07245156496022,63.0,94.0,0.1363661344115341,250.00000000014848,0.7920738435907273,7.3,108.42390721285324,194.66777603487876,0.0,nan
pd,10.0,1.0,esn,97,"demo_00 +2.5,+0 deg",,0.00014780738007875524,True,10.67,True,0.011213575744129782,2.0,False,0.006779388625097895,0.4579614358348161,0.20704601014178953,10.445386061250174,0.037326215473269066,-0.5800000000000001,3.38,0.0002790647057662999,0.07245156496022,2.0,94.0,0.02494260028915779,11.119343592850505,0.19168780099467175,13.58,2.7071415149346265,0.14555951003871312,0.0,nan
pd,10.0,1.0,replay,97,"demo_00 +2.5,+0 deg",demo_00,0.005484972514951979,True,7.3,False,0.006344767595249023,2.000000000000001,True,0.005934010027459218,0.0625284186407525,0.028269322670027047,0.1385928699566606,0.037326215473269066,-0.75,0.009999999999999787,0.014954116428630829,0.07245156496022,64.0,94.0,0.1231061228242436,250.0000000001389,0.7212172011768885,7.3,108.42390721285324,192.35024401238147,0.0,nan
pd,10.0,1.0,esn,98,"demo_00 +2.5,+2.5 deg",,0.0002764823699304287,True,9.790000000000001,True,0.011278644371835315,2.0,False,0.007269978269127221,1.696152153899287,0.479744275978542,8.75255508022213,0.06825669652053704,-0.65,2.500000000000001,0.000346434808831825,0.07245156496022,2.0,94.0,0.0269913086069041,12.239913679674897,0.19199297758394393,12.700000000000001,5.308397060390398,0.3356830166707844,0.0,nan
pd,10.0,1.0,replay,98,"demo_00 +2.5,+2.5 deg",demo_00,0.007614449584642161,True,7.3,False,0.006344767595249023,2.000000000000001,True,0.005934010027459218,0.08073426925794344,0.022835099706572982,0.16423525388929294,0.06020083781240649,-0.75,0.009999999999999787,0.015137722995912298,0.07245156496022,61.0,94.0,0.14185591848493911,250.00000000014848,1.0286229691610813,7.3,108.42390721285324,194.3892796670756,0.0,nan
pd,10.0,1.0,esn,99,"demo_00 +2.5,+5 deg",,0.0003425348953978333,True,9.09,True,0.011317979868966706,2.0,False,0.005839906734313146,1.8892075767828633,0.3379517252235312,6.989563421836676,0.08922641072168001,-0.67,1.7999999999999998,0.00037793513729414744,0.07245156496022,2.0,94.0,0.027783558230617064,15.30606561741547,0.19207603829830666,12.0,6.638173753181899,0.47381998952357984,0.0,nan
pd,10.0,1.0,replay,99,"demo_00 +2.5,+5 deg",demo_00,0.011022964974772995,True,7.3,False,0.006344767595249023,2.000000000000001,True,0.005934010027459218,0.09103158170773966,0.016284224383826595,0.22044637829170186,0.08922641072168001,-0.75,0.009999999999999787,0.015655447461837235,0.07245156496022,53.0,94.0,0.18299801142369107,500.0000000002842,1.498824419580271,7.3,108.42390721285324,200.78489623210265,0.0,nan
pd,10.0,1.0,esn,100,"demo_00 +2.5,+7.5 deg",,0.00034387044766413094,True,9.19,True,0.01142892884281946,2.0,False,0.006027188533684991,1.9801472817651353,0.2507692505546902,7.259456436691246,0.12085930655967728,-0.67,1.8999999999999995,0.00035313153119721666,0.07245156496022,2.0,94.0,0.027052197050831842,14.859135942698899,0.19202368607144815,12.09,6.444342306853446,0.4445961268316817,0.0,nan
pd,10.0,1.0,replay,100,"demo_00 +2.5,+7.5 deg",demo_00,0.014882361877298675,True,7.3,False,0.006344767595249023,2.000000000000001,True,0.005934010027459218,0.10744424859651738,0.01360692406321535,0.2898867572848752,0.12085930655967728,-0.75,0.009999999999999787,0.016475555880106265,0.07245156496022,47.0,94.0,0.23496966986703005,750.0000000004198,2.022741804039929,7.3,108.42390721285324,211.54644647984637,0.0,nan
pd,10.0,1.0,esn,101,"demo_00 +2.5,+10 deg",,0.0003084622061950762,True,9.67,True,0.011387764333403366,2.0,False,0.007090765585024052,2.1923381197686918,0.21548547747748129,8.540036571981336,0.1534547144733868,-0.65,2.38,0.0003051825055002058,0.07245156496022,2.0,94.0,0.025817309284154096,11.137580698352874,0.1920249522726599,12.57,4.631753211441796,0.266440082698645,0.0,nan
pd,10.0,1.0,replay,101,"demo_00 +2.5,+10 deg",demo_00,0.018945429649839113,True,7.3,False,0.006344767595249023,2.000000000000001,True,0.005934010027459218,0.12588700624874838,0.012373466211764954,0.36498270026412105,0.1534547144733868,-0.75,0.009999999999999787,0.01755456691769619,0.07245156496022,40.0,94.0,0.2919304050239256,1000.0000000005556,2.568975472093431,7.3,108.42390721285324,226.6932739066762,0.0,nan
pd,10.0,1.0,esn,102,"demo_00 +2.5,+12.5 deg",,0.0003401374592251878,True,9.85,True,0.011305650219214775,2.0,False,0.007324166933366015,2.435473752871269,0.19426866008223712,9.065879250734579,0.1864630370508947,-0.66,2.5599999999999996,0.00031888903341245687,0.07245156496022,2.0,94.0,0.027301381770245717,18.98248494745877,0.192050061686026,12.76,1.267567293262069,0.10884567849121823,0.0,nan
pd,10.0,1.0,replay,102,"demo_00 +2.5,+12.5 deg",demo_00,0.023130509493194548,True,7.3,False,0.006344767595249023,2.000000000000001,True,0.005934010027459218,0.1469613120354091,0.0117225558844097,0.4427508250233558,0.1864630370508947,-0.75,0.009999999999999787,0.018846104986496262,0.07245156496022,33.0,94.0,0.35133077378568917,1250.0000000007042,3.1269069129678604,7.3,108.42390721285324,246.2553479994388,0.0,nan
pd,10.0,1.0,esn,103,"demo_00 +2.5,+15 deg",,0.0005450450010913365,True,9.98,True,0.011343554895896977,2.0,False,0.007374217576483884,2.618610969243993,0.1752275917813373,9.431780287417563,0.2193203196306808,-0.69,2.6900000000000004,0.0004471906642731427,0.07245156496022,2.0,94.0,0.035002854587650394,36.32641843096897,0.1920521729195906,12.88,3.457324465053042,0.25218649773137414,0.0,nan
pd,10.0,1.0,replay,103,"demo_00 +2.5,+15 deg",demo_00,0.027405805790766586,True,7.3,False,0.006344767595249023,2.000000000000001,True,0.005934010027459218,0.16839222807969875,0.011268174214369122,0.5218750013422266,0.2193203196306808,-0.75,0.009999999999999787,0.020306978720771567,0.07245156496022,24.0,94.0,0.41197594653538866,1500.0000000008397,3.6920868174527826,7.3,108.42390721285324,270.27383906245194,0.0,nan
pd,10.0,1.0,esn,104,"demo_00 +5,-15 deg",,0.0011015917521197127,True,1.94,True,0.008894041012971015,2.0,False,0.005890627305956777,2.285893576715839,0.2684957080963181,14.109682289103182,0.14477487542419568,-0.72,-5.35,0.0013940904103752684,0.07245156496022,1.0,94.0,0.046347626487760786,48.76020316229392,0.2954205226260396,3.35,14.948447110880851,2.215792439398034,0.0,nan
pd,10.0,1.0,replay,104,"demo_00 +5,-15 deg",demo_00,0.025880333341853214,True,7.3,False,0.006344767595249023,2.000000000000001,True,0.005934010027459218,0.16527277063825657,0.019412552724923014,0.5229818196389703,0.14477487542419568,-0.75,0.009999999999999787,0.020628367629918626,0.07245156496022,32.0,94.0,0.40546517581145247,1500.0000000008336,3.395532308038208,7.3,216.84781442570647,603.8029739079527,0.0,nan
pd,10.0,1.0,esn,105,"demo_00 +5,-12.5 deg",,0.0008183812276992028,True,2.0300000000000002,True,0.008771338660754316,2.0,False,0.00589299214790131,1.6842706966736398,0.2575742309009308,13.93920653167681,0.11016667177745242,-0.71,-5.26,0.001132266288507685,0.07245156496022,1.0,94.0,0.03708787601842617,29.650464747781772,0.25302106829202325,3.5100000000000002,12.64683919955245,1.5635009776553168,0.0,nan
pd,10.0,1.0,replay,105,"demo_00 +5,-12.5 deg",demo_00,0.022002156852551642,True,7.3,False,0.006344767595249023,2.000000000000001,True,0.005934010027459218,0.13904515288855454,0.021264069004171198,0.4470270870219367,0.11016667177745242,-0.75,0.009999999999999787,0.019174211720344437,0.07245156496022,38.0,94.0,0.34712434038670914,1250.0000000006978,2.877285416129294,7.3,216.84781442570647,580.6825293586503,0.0,nan
pd,10.0,1.0,esn,106,"demo_00 +5,-10 deg",,0.0005770283852334711,True,2.21,True,0.009425779316575695,2.0,False,0.005899135353252281,1.1029911603364464,0.25071056651666285,13.669234725212837,0.07620598488983654,-0.7,-5.08,0.0009005590061266898,0.07245156496022,1.0,94.0,0.030320836258457502,23.150308315749886,0.2137683113552674,3.74,10.0401875230974,0.9910936835996452,0.0,nan
pd,10.0,1.0,replay,106,"demo_00 +5,-10 deg",demo_00,0.01834374066220179,True,7.3,False,0.006344767595249023,2.000000000000001,True,0.005934010027459218,0.11305709866664229,0.02569794779388636,0.37394555997653983,0.07620598488983654,-0.75,0.009999999999999787,0.017900068585812345,0.07245156496022,44.0,94.0,0.2912718100986932,1000.0000000005556,2.3873297580724153,7.3,216.84781442570647,561.6699434110412,0.0,nan
pd,10.0,1.0,esn,107,"demo_00 +5,-7.5 deg",,0.0003551482084875302,True,2.54,True,0.010389829855884805,2.0,False,0.005913430815536993,0.7002171190338905,0.2921437526352278,13.170985464044907,0.04227064841812219,-0.67,-4.75,0.000695587200661116,0.07245156496022,1.0,94.0,0.026204103815220668,15.578630667256274,0.18738412339606483,5.39,6.756384023875457,0.4823090103026744,0.0,nan
pd,10.0,1.0,replay,107,"demo_00 +5,-7.5 deg",demo_00,0.015048968797118829,True,7.3,False,0.006344767595249023,2.000000000000001,True,0.005934010027459218,0.0892633803171064,0.03724236124750162,0.30595592955316475,0.04227064841812219,-0.75,0.009999999999999787,0.01685001215073055,0.07245156496022,51.0,94.0,0.23982449805882883,750.0000000004198,1.946898050017844,7.3,216.84781442570647,546.7334705017713,0.0,nan
pd,10.0,1.0,esn,108,"demo_00 +5,-5 deg",,0.00013879830323732613,True,3.14,True,0.011053179170260274,1.9999999999999996,False,0.005934739481336411,0.390856291794109,0.785788598348094,12.10206235744819,0.013237294153736331,-0.5800000000000001,-4.15,0.0005322694706107805,0.07245156496022,1.0,94.0,0.024675273637683237,10.926304006801933,0.18832976280873787,6.03,2.7877722349105167,0.1464557605589326,0.0,nan
pd,10.0,1.0,replay,108,"demo_00 +5,-5 deg",demo_00,0.01240015620977053,True,7.3,False,0.006344767595249023,2.000000000000001,True,0.005934010027459218,0.0686602978902501,0.13803661441316317,0.24743228971033904,0.00893664278164218,-0.75,0.009999999999999787,0.016070875703886805,0.07245156496022,54.0,94.0,0.19643042718810255,500.0000000002842,1.5976569839722197,7.3,216.84781442570647,535.8471842305437,0.0,nan
pd,10.0,1.0,esn,109,"demo_00 +5,-2.5 deg",,0.00010189324674024534,True,4.64,True,0.011199408033752328,2.000000000000001,False,0.005834943324457822,0.49283734464208195,0.3108236218318304,8.449082230706997,0.024477506752462894,-0.51,-2.6500000000000004,0.00044910714909600667,0.07245156496022,2.0,94.0,0.02483829830932208,11.09776965519958,0.19107540892168287,7.54,1.4668926567577885,0.10282621711447135,0.0,nan
pd,10.0,1.0,replay,109,"demo_00 +5,-2.5 deg",demo_00,0.010878665805201002,True,7.3,False,0.006344767595249023,2.000000000000001,True,0.005934010027459218,0.060795605789768045,0.038342691738913255,0.20668436320790418,0.024832131555988922,-0.75,0.009999999999999787,0.015605589732774731,0.07245156496022,56.0,94.0,0.1675805196920216,500.0000000002778,1.4097969761287805,7.3,216.84781442570647,528.9915391924657,0.0,nan
pd,10.0,1.0,esn,110,"demo_00 +5,+0 deg",,0.0002887012947401031,True,10.870000000000001,True,0.01124694125567669,2.0,False,0.007014591964412792,1.2786539556141299,0.3466948733372157,11.143671343419147,0.05923358315390428,-0.65,3.580000000000001,0.0003230663335558098,0.07245156496022,2.0,94.0,0.027113207328060725,12.559048309118387,0.19183759269019388,13.780000000000001,5.446804354194803,0.3487944433391332,0.0,nan
pd,10.0,1.0,replay,110,"demo_00 +5,+0 deg",demo_00,0.010973925656897697,True,7.3,False,0.006344767595249023,2.000000000000001,True,0.005934010027459218,0.07782771667400477,0.021102246042369825,0.19521939481092426,0.05923358315390428,-0.75,0.009999999999999787,0.015484037945342337,0.07245156496022,55.0,94.0,0.1613155547919586,500.0000000002778,1.4486487127283993,7.3,216.84781442570647,526.1540427733795,0.0,nan
pd,10.0,1.0,esn,111,"demo_00 +5,+2.5 deg",,0.0004424610991549836,True,9.16,True,0.011453677893085516,2.0,False,0.005966457441967703,2.130554791716061,0.38112522752520156,7.278136641198435,0.09293732017957512,-0.68,1.87,0.00045645939812488526,0.07245156496022,3.0,94.0,0.03102350491249432,20.001827793197354,0.19220241441805416,12.07,8.674705282943036,0.76288183718982,0.0,nan
pd,10.0,1.0,replay,111,"demo_00 +5,+2.5 deg",demo_00,0.012666763996946948,True,7.3,False,0.006344767595249023,2.000000000000001,True,0.005934010027459218,0.08843752971712633,0.01582018625677218,0.21768201514948754,0.09293732017957512,-0.75,0.009999999999999787,0.015714899326870365,0.07245156496022,51.0,94.0,0.17997185428130272,500.0000000002778,1.699942252474916,7.3,216.84781442570647,527.3300378719304,0.0,nan
pd,10.0,1.0,esn,112,"demo_00 +5,+5 deg",,0.000544050084234752,True,8.56,True,0.011434960103736114,2.0,False,0.005453242500807666,2.155586078474227,0.30484590670408884,5.628064326860195,0.11840443716586918,-0.7,1.2700000000000005,0.000514361763165166,0.07245156496022,3.0,94.0,0.032904640727439885,24.89869977038404,0.1921941165403909,11.47,10.798457254493114,1.1231980919410538,0.0,nan
pd,10.0,1.0,replay,112,"demo_00 +5,+5 deg",demo_00,0.015461496390450052,True,7.3,False,0.006344767595249023,2.000000000000001,True,0.005934010027459218,0.1008641596940876,0.014264346259674446,0.26551894465635084,0.11840443716586918,-0.75,0.009999999999999787,0.016282969568058078,0.07245156496022,47.0,94.0,0.21712975141323893,500.0000000002842,2.08951775797046,7.3,216.84781442570647,532.5235937945782,0.0,nan
pd,10.0,1.0,esn,113,"demo_00 +5,+7.5 deg",,0.0005888869574731093,True,8.700000000000001,True,0.011472375490718865,2.0,False,0.005448190772097676,2.154741231601032,0.239047076796737,6.011116671982196,0.14529662439833216,-0.7,1.410000000000001,0.0004975563641794542,0.07245156496022,3.0,94.0,0.032572911853501536,26.660275014474635,0.19201532070752597,11.6,11.562444737747228,1.25848802941417,0.0,nan
pd,10.0,1.0,replay,113,"demo_00 +5,+7.5 deg",demo_00,0.01889739721727235,True,7.3,False,0.006344767595249023,2.000000000000001,True,0.005934010027459218,0.12086054965186138,0.01340827412155532,0.32769431133259064,0.14529662439833216,-0.75,0.009999999999999787,0.017153640426567817,0.07245156496022,40.0,94.0,0.2649974686321458,750.0000000004198,2.555930112383896,7.3,216.84781442570647,541.7484971117799,0.0,nan
pd,10.0,1.0,esn,114,"demo_00 +5,+10 deg",,0.0005931028884998164,True,9.18,True,0.011377161667268241,2.0,False,0.006010672983883134,2.277536918824127,0.2037090948702469,7.340950199280397,0.17429161346317143,-0.7,1.8899999999999997,0.0004230854982617546,0.07245156496022,2.0,94.0,0.03028742944874198,24.96472760248794,0.19202310097031397,12.09,10.82709323665868,1.0983801548400982,0.0,nan
pd,10.0,1.0,replay,114,"demo_00 +5,+10 deg",demo_00,0.022707651658524047,True,7.3,False,0.006344767595249023,2.000000000000001,True,0.005934010027459218,0.1415439397804102,0.012660074846085365,0.3974101961523557,0.17429161346317143,-0.75,0.009999999999999787,0.01828171663325414,0.07245156496022,34.0,94.0,0.31864323599408073,1000.0000000005556,3.065179988568607,7.3,216.84781442570647,555.0293266454802,0.0,nan
pd,10.0,1.0,esn,115,"demo_00 +5,+12.5 deg",,0.0006145040172281252,True,9.370000000000001,True,0.011450125511233873,2.0,False,0.00643651645954083,2.455402002190977,0.18238268206298536,7.883970636119951,0.2044537695868019,-0.7,2.080000000000001,0.0003532843960745945,0.07245156496022,2.0,94.0,0.028545124837594502,19.83255224973989,0.19207607704903387,12.27,8.601291219674541,0.721217165313514,0.0,nan
pd,10.0,1.0,replay,115,"demo_00 +5,+12.5 deg",demo_00,0.026754714905706068,True,7.3,False,0.006344767595249023,2.000000000000001,True,0.005934010027459218,0.16415648949808917,0.012193237932522125,0.47119591287754164,0.2044537695868019,-0.75,0.009999999999999787,0.01962002543122538,0.07245156496022,25.0,94.0,0.3754437573096867,1250.0000000007042,3.5998375721947315,7.3,216.84781442570647,572.4025865724996,0.0,nan
pd,10.0,1.0,esn,116,"demo_00 +5,+15 deg",,0.0007497068385270242,True,9.43,True,0.011380038808654588,2.0,False,0.006585441055718727,2.611026256171914,0.16579358660802712,8.098648884338411,0.23528853643134554,-0.71,2.1399999999999997,0.0003721573730738793,0.07245156496022,2.0,94.0,0.03206362994252912,36.93821484563872,0.19212908390434572,12.33,5.038643783672361,0.34245403126300483,0.0,nan
pd,10.0,1.0,replay,116,"demo_00 +5,+15 deg",demo_00,0.030966730346508136,True,7.3,False,0.006344767595249023,2.000000000000001,True,0.005934010027459218,0.18583918947885356,0.011800320155033794,0.5472655256683965,0.23528853643134554,-0.75,0.009999999999999787,0.02112507399052684,0.07245156496022,20.0,94.0,0.4339992716434833,1500.0000000008397,4.150607217363193,7.3,216.84781442570647,593.9178585471748,0.0,nan
pd,10.0,1.0,esn,117,"demo_00 +7.5,-15 deg",,0.0009104395734274061,True,1.9100000000000001,True,0.008691886846696403,2.0,False,0.005890265179333856,1.9455287090104447,0.277950334455142,14.21620268823444,0.1199839651100773,-0.72,-5.38,0.0012002175239849914,0.07245156496022,1.0,94.0,0.039835203268044676,38.02992908425613,0.25934950681121594,3.3200000000000003,13.062752430680497,1.6857865852119398,0.0,nan
pd,10.0,1.0,replay,117,"demo_00 +7.5,-15 deg",demo_00,0.028379116456108328,True,7.3,False,0.006344767595249023,2.000000000000001,True,0.005934010027459218,0.15329496855893981,0.02190067285253258,0.5441042035593903,0.1199839651100773,-0.75,0.009999999999999787,0.02121348360911905,0.07245156496022,31.0,94.0,0.417557350051613,1500.0000000008336,3.645547903232608,7.3,325.2717216385596,1160.361656350736,0.0,nan
pd,10.0,1.0,esn,118,"demo_00 +7.5,-12.5 deg",,0.0006522171728692885,True,2.0100000000000002,True,0.008645924907243982,1.9999999999999996,False,0.0058925855791046615,1.326710103596849,0.2659829847093511,14.038637752409997,0.08510621268916044,-0.7,-5.279999999999999,0.0009606697543192371,0.07245156496022,1.0,94.0,0.031693737123210386,24.876827974992626,0.22049789290748617,3.5,10.788971552436868,1.1403220518229085,0.0,nan
pd,10.0,1.0,replay,118,"demo_00 +7.5,-12.5 deg",demo_00,0.024804145208394347,True,7.3,False,0.006344767595249023,2.000000000000001,True,0.005934010027459218,0.12444337515652434,0.024948796471588486,0.4723147020473269,0.08510621268916044,-0.75,0.009999999999999787,0.01976844963723835,0.07245156496022,38.0,94.0,0.3620236376512632,1250.0000000006978,3.177692942764402,7.3,325.2717216385596,1138.234465573445,0.0,nan
pd,10.0,1.0,esn,119,"demo_00 +7.5,-10 deg",,0.00043595101041919596,True,2.2,True,0.009457328628279051,2.0,False,0.005898609173201476,0.859579948480589,0.28225176133753477,13.762117924310969,0.05020254760433478,-0.69,-5.09,0.0007668430737100629,0.07245156496022,1.0,94.0,0.02663932202215992,18.830119137310668,0.19080691143158418,3.73,8.166540360598173,0.6706884974153347,0.0,nan
pd,10.0,1.0,replay,119,"demo_00 +7.5,-10 deg",demo_00,0.02158584863550283,True,7.3,False,0.006344767595249023,2.000000000000001,True,0.005934010027459218,0.09753447391826832,0.03202643000598419,0.40536344475595315,0.05020254760433478,-0.75,0.009999999999999787,0.0185197374173661,0.07245156496022,42.0,94.0,0.3106685760364347,1000.0000000005556,2.7593030375663927,7.3,325.2717216385596,1119.791699649941,0.0,nan
pd,10.0,1.0,esn,120,"demo_00 +7.5,-7.5 deg",,0.00023850353388840627,True,2.54,True,0.010583793353788591,2.0,False,0.005912772862116188,0.5438364528679506,0.5650089750482122,13.254793318242358,0.015389184215540858,-0.64,-4.75,0.000624785208666497,0.07245156496022,1.0,94.0,0.02470601393265029,11.01143645629183,0.18408784455945987,5.37,4.775611858465798,0.2769877332673904,0.0,nan
pd,10.0,1.0,replay,120,"demo_00 +7.5,-7.5 deg",demo_00,0.01889449965990359,True,7.3,False,0.006344767595249023,2.000000000000001,True,0.005934010027459218,0.07444601650770297,0.07734433258679116,0.3461124781370383,0.015389184215540858,-0.75,0.009999999999999787,0.017511675017368777,0.07245156496022,47.0,94.0,0.2659678074272605,750.0000000004198,2.416054419734909,7.3,325.2717216385596,1105.0074770508268,0.0,nan
pd,10.0,1.0,esn,121,"demo_00 +7.5,-5 deg",,9.60472345252341e-05,True,3.13,True,0.010928812149100608,2.0,False,0.005934466994583905,0.5287721072056792,0.5884781565389203,12.162892045959975,0.014855757737293805,-0.5,-4.16,0.0005515214248069369,0.07245156496022,1.0,94.0,0.02512009422326824,11.008858232967906,0.19013035429035705,6.01,0.5511432662017817,0.0884863284279259,0.0,nan
pd,10.0,1.0,replay,121,"demo_00 +7.5,-5 deg",demo_00,0.01697569271947905,True,7.3,False,0.006344767595249023,2.000000000000001,True,0.005934010027459218,0.06412363429631311,0.07136412376341952,0.2991901217515369,0.017368083095733875,-0.75,0.009999999999999787,0.016789605263556554,0.07245156496022,49.0,94.0,0.23181781862787157,750.0000000004168,2.1838244112396454,7.3,325.2717216385596,1093.8608627716712,0.0,nan
pd,10.0,1.0,esn,122,"demo_00 +7.5,-2.5 deg",,0.0002465244306679039,True,4.8,True,0.011251958980198958,2.0,False,0.005822485100821381,0.6550637642210523,0.23566329997692007,8.012768962143387,0.04844207958889112,-0.64,-2.49,0.0005101618981900623,0.07245156496022,2.0,94.0,0.02658102299169406,11.079082360988671,0.190586776038345,7.69,4.131457012851033,0.24294189942528877,0.0,nan
pd,10.0,1.0,replay,122,"demo_00 +7.5,-2.5 deg",demo_00,0.016108317794283532,True,7.3,False,0.006344767595249023,2.000000000000001,True,0.005934010027459218,0.07348490767297736,0.026436656683805296,0.27105621356767834,0.04844207958889112,-0.75,0.009999999999999787,0.016392769161866962,0.07245156496022,49.0,94.0,0.21331831246021601,750.0000000004168,2.100237654767156,7.3,325.2717216385596,1086.3366474286936,0.0,nan
pd,10.0,1.0,esn,123,"demo_00 +7.5,+0 deg",,0.0004550891090012206,True,10.1,True,0.01133347595672311,2.0,False,0.007335549077471395,1.939124289695944,0.39388610872511115,9.64440046477393,0.08497594514898933,-0.69,2.8099999999999996,0.00041643846198885097,0.07245156496022,3.0,94.0,0.03109221344824171,20.028033680361055,0.19201846780357798,13.01,8.686070661656238,0.7642262524037652,0.0,nan
pd,10.0,1.0,replay,123,"demo_00 +7.5,+0 deg",demo_00,0.016466995193581108,True,7.3,False,0.006344767595249023,2.000000000000001,True,0.005934010027459218,0.08740812179899145,0.01775484178570821,0.2676377266925054,0.07999982004599673,-0.75,0.009999999999999787,0.016345573196422897,0.07245156496022,47.0,94.0,0.21447964500946978,750.0000000004168,2.183130745728787,7.3,325.2717216385596,1082.426282331368,0.0,nan
pd,10.0,1.0,esn,124,"demo_00 +7.5,+2.5 deg",,0.0006389956971815471,True,8.61,True,0.01150974515737123,2.0,False,0.005444734385833887,2.535689908822586,0.3564823557783952,5.93929478897825,0.11257013672815284,-0.7,1.3199999999999994,0.0005939099031091928,0.07245156496022,3.0,94.0,0.03673882652381392,29.078259845927285,0.1925864843004548,11.52,12.61111418977696,1.5184989978660801,0.0,nan
pd,10.0,1.0,replay,124,"demo_00 +7.5,+2.5 deg",demo_00,0.017991631357295697,True,7.3,False,0.006344767595249023,2.000000000000001,True,0.005934010027459218,0.10499085629202433,0.014760238488132287,0.28970795669533156,0.11257013672815284,-0.75,0.009999999999999787,0.016650871389408968,0.07245156496022,42.0,94.0,0.23489221225592186,750.0000000004168,2.4162191896721,7.3,325.2717216385596,1082.128979736975,0.0,nan
pd,10.0,1.0,esn,125,"demo_00 +7.5,+5 deg",,0.0007796752092453263,True,8.1,True,0.011415289525807688,2.0,False,0.00568531903735662,2.450398277781196,0.27184728110303874,4.4665578485821245,0.14584193345672294,-0.71,0.8099999999999996,0.0006766091809435668,0.07245156496022,3.0,94.0,0.03978111044522589,35.864156258034456,0.20721799031558522,11.01,15.554127801544553,2.2397427946050525,0.0,nan
pd,10.0,1.0,replay,125,"demo_00 +7.5,+5 deg",demo_00,0.02043941870692263,True,7.3,False,0.006344767595249023,2.000000000000001,True,0.005934010027459218,0.12419102831349883,0.013777757554982166,0.3320950661109292,0.14584193345672294,-0.75,0.009999999999999787,0.01728900350635557,0.07245156496022,38.0,94.0,0.27008019636891195,750.0000000004168,2.762520857075022,7.3,325.2717216385596,1085.452984474957,0.0,nan
pd,10.0,1.0,esn,126,"demo_00 +7.5,+7.5 deg",,0.0008720185205399759,True,8.15,True,0.011522487086212204,2.0,False,0.005659121039181791,2.3694024682854593,0.22338940702463905,4.579622406599897,0.17450102488327288,-0.71,0.8600000000000003,0.0006778038578883149,0.07245156496022,3.0,94.0,0.04018743130899628,39.7806313246393,0.20551585561692376,11.06,17.252685918435542,2.702052103674011,0.0,nan
pd,10.0,1.0,replay,126,"demo_00 +7.5,+7.5 deg",demo_00,0.02354241218732164,True,7.3,False,0.006344767595249023,2.000000000000001,True,0.005934010027459218,0.1452990618093516,0.013698926920724787,0.3880514612805513,0.17450102488327288,-0.75,0.009999999999999787,0.01822315700293068,0.07245156496022,32.0,94.0,0.31496455373879423,750.0000000004198,3.186028058506698,7.3,325.2717216385596,1092.4170179182922,0.0,nan
pd,10.0,1.0,esn,127,"demo_00 +7.5,+10 deg",,0.0009298261876626888,True,8.48,True,0.011275434554124992,2.0,False,0.005475973812219099,2.407986228407643,0.19263889827261163,5.54653362730682,0.1998017210383359,-0.72,1.1900000000000004,0.0006052987918352885,0.07245156496022,3.0,94.0,0.037938070700028546,40.43466002926347,0.19577186761897336,11.39,17.536335308774376,2.75279029578229,0.0,nan
pd,10.0,1.0,replay,127,"demo_00 +7.5,+10 deg",demo_00,0.02709535025584358,True,7.3,False,0.006344767595249023,2.000000000000001,True,0.005934010027459218,0.16691807702956324,0.013353446162365072,0.45241077629365056,0.1998017210383359,-0.75,0.009999999999999787,0.019407892068056026,0.07245156496022,24.0,94.0,0.36581329049128725,1000.0000000005556,3.6606095096476787,7.3,325.2717216385596,1103.0518872226696,0.0,nan
pd,10.0,1.0,esn,128,"demo_00 +7.5,+12.5 deg",,0.0009975581120121551,True,8.67,True,0.011499041889441718,2.0,False,0.005444126618968533,2.5252388460425603,0.17322995569728022,6.08978937145267,0.22677381360346685,-0.72,1.38,0.0005114773370812325,0.07245156496022,2.0,94.0,0.0349015927497021,37.764585855076206,0.19209484016029257,11.57,16.378335810721094,2.3876060211322745,0.0,nan
pd,10.0,1.0,replay,128,"demo_00 +7.5,+12.5 deg",demo_00,0.03096242927587806,True,7.3,False,0.006344767595249023,2.000000000000001,True,0.005934010027459218,0.1888288579417574,0.012953552788434868,0.5219046465948661,0.22677381360346685,-0.75,0.009999999999999787,0.020796858232999635,0.07245156496022,20.0,94.0,0.42027555447811993,1250.0000000007042,4.1692613436387544,7.3,325.2717216385596,1117.4022411455915,0.0,nan
pd,10.0,1.0,esn,129,"demo_00 +7.5,+15 deg",,0.0011479719061939075,True,8.790000000000001,True,0.011297456482004593,2.0,False,0.005482767191299,2.6628750548364493,0.15878319035207408,6.483947859645222,0.2548442867216327,-0.72,1.5000000000000009,0.000453352310974023,0.07245156496022,2.0,94.0,0.03520188684446911,40.30123397856248,0.19568342029515537,11.700000000000001,13.917870353198474,1.7640170742732502,0.0,nan
pd,10.0,1.0,replay,129,"demo_00 +7.5,+15 deg",demo_00,0.03505767891848004,True,7.3,False,0.006344767595249023,2.000000000000001,True,0.005934010027459218,0.2117663782952234,0.012627307125788143,0.5945587731343264,0.2548442867216327,-0.75,0.009999999999999787,0.02234763860043104,0.07245156496022,14.0,94.0,0.4769141711655545,1500.0000000008397,4.701142744329109,7.3,325.2717216385596,1135.5284379039722,0.0,nan
pd,10.0,1.0,esn,130,"demo_00 +10,-15 deg",,0.0007241323476210264,True,1.86,True,0.008207479800698794,1.9999999999999998,False,0.00588986092234768,1.6165082417397516,0.2917026981763928,14.333362306426242,0.09499767659709164,-0.71,-5.43,0.0010134339812823852,0.07245156496022,1.0,94.0,0.03356201327162312,27.5534670233118,0.2242429033932645,3.2800000000000002,11.130631684725675,1.2223887171671175,0.0,nan
pd,10.0,1.0,replay,130,"demo_00 +10,-15 deg",demo_00,0.031608486076537365,True,7.3,False,0.006344767595249023,2.000000000000001,True,0.005934010027459218,0.1385502778138405,0.02500172212415651,0.573203925986048,0.09499767659709164,-0.75,0.009999999999999787,0.021906956356797798,0.07245156496022,28.0,94.0,0.4348650117574046,1500.0000000008336,4.00276732543976,7.3,433.69562885141295,1941.9239566727802,0.0,nan
pd,10.0,1.0,esn,131,"demo_00 +10,-12.5 deg",,0.0004925268039958372,True,1.99,True,0.008603130751746652,2.0,False,0.005892214282907591,1.0069211345966054,0.2885271886824799,14.144084016072263,0.06025914668954708,-0.69,-5.3,0.0008017366352962755,0.07245156496022,1.0,94.0,0.02687783806676156,20.367933813681688,0.19150936561824627,3.48,8.833483863723327,0.773041675046281,0.0,nan
pd,10.0,1.0,replay,131,"demo_00 +10,-12.5 deg",demo_00,0.028370335962617402,True,7.3,False,0.006344767595249023,2.000000000000001,True,0.005934010027459218,0.10782123888162856,0.030895526835119487,0.5067860171511279,0.06025914668954708,-0.75,0.009999999999999787,0.02050245671036586,0.07245156496022,34.0,94.0,0.3833007334531119,1250.0000000006978,3.592808105716887,7.3,433.69562885141295,1920.4890476116489,0.0,nan
pd,10.0,1.0,esn,132,"demo_00 +10,-10 deg",,0.0003081325776050812,True,2.2,True,0.00965059932287593,2.0,False,0.005898292063568394,0.6667187315102437,0.4419216759690341,13.854502877298787,0.026470472397243185,-0.66,-5.09,0.0006584492939607537,0.07245156496022,1.0,94.0,0.02409253257175917,14.153625584299625,0.17849694050292653,3.73,6.13836554830687,0.4036506610516547,0.0,nan
pd,10.0,1.0,replay,132,"demo_00 +10,-10 deg",demo_00,0.025578411180176043,True,7.3,False,0.006344767595249023,2.000000000000001,True,0.005934010027459218,0.07962979370636218,0.05278107577999455,0.4474091692180416,0.026470472397243185,-0.75,0.009999999999999787,0.019313561034972625,0.07245156496022,38.0,94.0,0.3380662564034416,1000.0000000005556,3.246824670435085,7.3,433.69562885141295,1902.2595146574938,0.0,nan
pd,10.0,1.0,esn,133,"demo_00 +10,-7.5 deg",,0.00016802403654567262,True,2.54,True,0.010621028367077703,2.0,False,0.0059125263943746904,0.4783434341341992,1.844292816532451,13.330371160576505,0.014304612488353692,-0.6,-4.75,0.0005923819170710831,0.07245156496022,1.0,94.0,0.02468856822219116,10.519499465188044,0.18232648592128498,5.36,2.584921323818507,0.13798632504930494,0.0,nan
pd,10.0,1.0,replay,133,"demo_00 +10,-7.5 deg",demo_00,0.023383316886330125,True,7.3,False,0.006344767595249023,2.000000000000001,True,0.005934010027459218,0.06254918356370909,0.24116356929894509,0.39817879367684667,0.01594976513804098,-0.75,0.009999999999999787,0.01838358224335607,0.07245156496022,40.0,94.0,0.301943379238075,1000.0000000005556,2.9870323261299854,7.3,433.69562885141295,1887.2147961994883,0.0,nan
pd,10.0,1.0,esn,134,"demo_00 +10,-5 deg",,0.0002040315711658985,True,3.13,True,0.010962482189516827,2.0,False,0.005934191022693666,0.8383999336713532,0.36798241063129883,12.22034671230984,0.03836250192602888,-0.61,-4.16,0.0006187487061804454,0.07245156496022,1.0,94.0,0.026997322376421364,11.124144233988526,0.19255471229100185,5.99,1.9506189903059283,0.13377604467848475,0.0,nan
pd,10.0,1.0,replay,134,"demo_00 +10,-5 deg",demo_00,0.021960152336286193,True,7.3,False,0.006344767595249023,2.000000000000001,True,0.005934010027459218,0.07006655825834748,0.03075293780098496,0.36316305347838096,0.03836250192602888,-0.75,0.009999999999999787,0.01775437755820021,0.07245156496022,41.0,94.0,0.2783970621168262,1000.0000000005556,2.8373451982587974,7.3,433.69562885141295,1875.3384431697773,0.0,nan
pd,10.0,1.0,esn,135,"demo_00 +10,-2.5 deg",,0.0004090582069611423,True,4.88,True,0.011221262605354646,2.0,False,0.005817849560905741,0.8607259279169603,0.19868006355339035,7.795596631487246,0.07240450861469995,-0.68,-2.41,0.0006011876735698346,0.07245156496022,2.0,94.0,0.02976102957045843,16.439287827088453,0.19000393898836948,7.78,7.129647272034138,0.5545647199085453,0.0,nan
pd,10.0,1.0,replay,135,"demo_00 +10,-2.5 deg",demo_00,0.021464061137947923,True,7.3,False,0.006344767595249023,2.000000000000001,True,0.005934010027459218,0.08515376626554275,0.01965591501860834,0.3465862250647616,0.07240450861469995,-0.75,0.009999999999999787,0.017459127788420372,0.07245156496022,40.0,94.0,0.2705947586580164,1000.0000000005556,2.8157282566256248,7.3,433.69562885141295,1866.6191630923654,0.0,nan
pd,10.0,1.0,esn,136,"demo_00 +10,+0 deg",,0.0006437305490061788,True,9.33,True,0.011483111999787337,2.0,False,0.0063480653718882415,2.5091426185595753,0.397535895752944,7.9691533519438975,0.11192204006243767,-0.7,2.04,0.0005439720249467519,0.07245156496022,3.0,94.0,0.03677230247760182,28.449471960634874,0.19767187313232676,12.24,12.338411632451205,1.4589659711537715,0.0,nan
pd,10.0,1.0,replay,136,"demo_00 +10,+0 deg",demo_00,0.021964317374626025,True,7.3,False,0.006344767595249023,2.000000000000001,True,0.005934010027459218,0.10774879421387061,0.01707117527209371,0.35093201976187294,0.1058543260919547,-0.75,0.009999999999999787,0.01751471413963923,0.07245156496022,38.0,94.0,0.2796938097450893,1000.0000000005556,2.9255154265950134,7.3,433.69562885141295,1861.0520765672143,0.0,nan
pd,10.0,1.0,esn,137,"demo_00 +10,+2.5 deg",,0.0008623924878905947,True,8.19,True,0.011549162304069601,2.0,False,0.0056345320735350325,2.9798753628391976,0.35860952058686574,4.98597710407993,0.13870252535074024,-0.72,0.8999999999999995,0.0007412614804129339,0.07245156496022,3.0,94.0,0.043668167167747754,39.24324991299999,0.24600657300867665,11.1,17.0196259491817,2.6881962386683047,0.0,nan
pd,10.0,1.0,replay,137,"demo_00 +10,+2.5 deg",demo_00,0.023407757517517766,True,7.3,False,0.006344767595249023,2.000000000000001,True,0.005934010027459218,0.13123443168149146,0.015793250018668322,0.37531321845121424,0.13870252535074024,-0.75,0.009999999999999787,0.017917096504250375,0.07245156496022,34.0,94.0,0.3039960787649211,1000.0000000005556,3.153564950930076,7.3,433.69562885141295,1858.6402047746888,0.0,nan
pd,10.0,1.0,esn,138,"demo_00 +10,+5 deg",,0.001044993491168954,True,7.79,True,0.01136514704860713,2.000000000000001,False,0.0058432027801144345,2.8258647352764346,0.2688184295621885,3.8183765721966907,0.16915632331885433,-0.72,0.5,0.0008344921248842417,0.07245156496022,3.0,94.0,0.04755621435233268,47.93723806283124,0.2660254283108302,10.71,20.790170607047546,3.9230750982306253,0.0,nan
pd,10.0,1.0,replay,138,"demo_00 +10,+5 deg",demo_00,0.025649206106609288,True,7.3,False,0.006344767595249023,2.000000000000001,True,0.005934010027459218,0.1566599265174453,0.01490272159740437,0.41604454153756193,0.16915632331885433,-0.75,0.009999999999999787,0.018642232733198885,0.07245156496022,28.0,94.0,0.34005709823261204,1000.0000000005556,3.4772189771737523,7.3,433.69562885141295,1859.396204185618,0.0,nan
pd,10.0,1.0,esn,139,"demo_00 +10,+7.5 deg",,0.0011870528028818691,True,7.67,True,0.011445936034106763,2.0,False,0.00589478898256651,2.698123486672429,0.21584987893379434,3.4686317790547663,0.1998996243484283,-0.72,0.3799999999999999,0.0008562957094821132,0.07245156496022,3.0,94.0,0.04871231434235129,53.901565192516884,0.2701544308033645,10.58,23.37687321223067,4.879557647034877,0.0,nan
pd,10.0,1.0,replay,139,"demo_00 +10,+7.5 deg",demo_00,0.02851639575680066,True,7.3,False,0.006344767595249023,2.000000000000001,True,0.005934010027459218,0.1801883591179081,0.014415068729432651,0.4686913350451523,0.1998996243484283,-0.75,0.009999999999999787,0.01965197570667182,0.07245156496022,23.0,94.0,0.3843670322432142,1000.0000000005556,3.873033303548,7.3,433.69562885141295,1863.3443594903038,0.0,nan
pd,10.0,1.0,esn,140,"demo_00 +10,+10 deg",,0.0013029163657835466,True,7.8,True,0.01149243355445598,2.000000000000001,False,0.005841478234939588,2.6691051446010965,0.18873423474473366,3.8084923474309686,0.22838490988506888,-0.73,0.5099999999999998,0.00080209544404069,0.07245156496022,3.0,94.0,0.04706046801124584,56.71992125366308,0.2664050458400299,10.71,24.599181916495844,5.330338265659572,0.0,nan
pd,10.0,1.0,replay,140,"demo_00 +10,+10 deg",demo_00,0.03185681800780507,True,7.3,False,0.006344767595249023,2.000000000000001,True,0.005934010027459218,0.2012885384575131,0.014233249051843675,0.5295082152468554,0.22838490988506888,-0.75,0.009999999999999787,0.020901807691243588,0.07245156496022,16.0,94.0,0.43418032953527375,1000.0000000005556,4.321541406916052,7.3,433.69562885141295,1870.5228368895673,0.0,nan
pd,10.0,1.0,esn,141,"demo_00 +10,+12.5 deg",,0.001431804578229736,True,7.99,True,0.011453244489436753,2.0,False,0.005747938745284266,2.730523687234384,0.17057446246453645,4.347954075935934,0.25224035825029306,-0.73,0.7000000000000002,0.0007104184047765184,0.07245156496022,2.0,94.0,0.0441794891441697,56.31836640590976,0.2626703150838569,10.9,24.425029334281508,5.203478616785772,0.0,nan
pd,10.0,1.0,replay,141,"demo_00 +10,+12.5 deg",demo_00,0.03555322071394012,True,7.3,False,0.006344767595249023,2.000000000000001,True,0.005934010027459218,0.22388180460872914,0.013985785457662029,0.5957840865196937,0.25224035825029306,-0.75,0.009999999999999787,0.022347309632556798,0.07245156496022,11.0,94.0,0.48757306927850724,1250.0000000007042,4.80816059973097,7.3,433.69562885141295,1880.9861862712319,0.0,nan
pd,10.0,1.0,esn,142,"demo_00 +10,+15 deg",,0.0016334020946000515,True,8.38,True,0.011281276589517249,2.0,False,0.005521432577734928,2.822236815238905,0.15654953152070858,5.441553113289288,0.2774571283956704,-0.73,1.0900000000000007,0.0006286536852905783,0.07245156496022,2.0,94.0,0.04333510697312492,53.042787587432485,0.26853251676749107,11.290000000000001,23.004425118750703,4.614268739648443,0.0,nan
pd,10.0,1.0,replay,142,"demo_00 +10,+15 deg",demo_00,0.039520944082711694,True,7.3,False,0.006344767595249023,2.000000000000001,True,0.005934010027459218,0.24678383055448413,0.013689103923378599,0.6656649898241477,0.2774571283956704,-0.75,0.009999999999999787,0.023948034931846066,0.07245156496022,6.0,94.0,0.5432378469227811,1500.0000000008397,5.3223790933555994,7.3,433.69562885141295,1894.8080613231334,0.0,nan
pd,10.0,1.0,esn,143,"demo_00 +12.5,-15 deg",,0.0005484439551057072,True,1.82,True,0.008207941095280842,2.0,False,0.00588945159034901,1.2503462786985469,0.2935591600991181,14.461682455302638,0.06979513934927224,-0.7,-5.47,0.0008408611340155591,0.07245156496022,1.0,94.0,0.027829162455345474,21.177802148519127,0.1922757328725945,3.24,9.18472022048689,0.8356253389435967,0.0,nan
pd,10.0,1.0,replay,143,"demo_00 +12.5,-15 deg",demo_00,0.03536867556729317,True,7.3,False,0.006344767595249023,2.000000000000001,True,0.005934010027459218,0.12085765777303967,0.028375237413694084,0.6090210370467591,0.06979513934927224,-0.75,0.009999999999999787,0.022710883256368653,0.07245156496022,24.0,94.0,0.4566502906149349,1500.0000000008336,4.442738582433536,7.3,542.1195360642661,2948.51410838631,0.0,nan
pd,10.0,1.0,esn,144,"demo_00 +12.5,-12.5 deg",,0.0003490423847702676,True,1.97,True,0.008674850158599439,2.0,False,0.00589186042376502,0.8054819924964307,0.3694010399001066,14.256732561696612,0.03511043564960371,-0.67,-5.32,0.0006684548170204257,0.07245156496022,1.0,94.0,0.02317858977584998,15.6938886380787,0.1715949064564817,3.47,6.806370902010985,0.4749758081523438,0.0,nan
pd,10.0,1.0,replay,144,"demo_00 +12.5,-12.5 deg",demo_00,0.03244974965073005,True,7.3,False,0.006344767595249023,2.000000000000001,True,0.005934010027459218,0.08880881182464517,0.04072849268627464,0.5493068231886105,0.03511043564960371,-0.75,0.009999999999999787,0.021377230095846356,0.07245156496022,28.0,94.0,0.4106997203914055,1250.0000000006978,4.089774448883899,7.3,542.1195360642661,2927.43820158676,0.0,nan
pd,10.0,1.0,esn,145,"demo_00 +12.5,-10 deg",,0.00022135694775049538,True,2.21,True,0.010019632624510567,2.0,False,0.005898142797076916,0.512963755552041,nan,13.947363505346189,0.012854128206170976,-0.63,-5.08,0.0005950401631627791,0.07245156496022,1.0,94.0,0.023263643891180723,9.871837185094856,0.17132527040314266,3.74,3.9721211377728824,0.20797737356572085,0.0,nan
pd,10.0,1.0,replay,145,"demo_00 +12.5,-10 deg",demo_00,0.030023847061387974,True,7.3,False,0.006344767595249023,2.000000000000001,True,0.005934010027459218,0.06386230605629348,nan,0.4988950714435629,0.016079045588713002,-0.75,0.009999999999999787,0.020280092350831,0.07245156496022,32.0,94.0,0.3735572809437538,1250.0000000006946,3.8084002465388402,7.3,542.1195360642661,2909.0325081798705,0.0,nan
pd,10.0,1.0,esn,146,"demo_00 +12.5,-7.5 deg",,0.00020975171892851608,True,2.56,True,0.010941839041313541,2.0000000000000004,False,0.0059126833656810195,0.8402301667461626,0.46527336224520116,13.39734612902892,0.03162118032285779,-0.61,-4.73,0.0006157061678716126,0.07245156496022,1.0,94.0,0.026356496998114275,13.230902934359081,0.18194596273666233,5.37,0.8220852364094171,0.08985927288741362,0.0,nan
pd,10.0,1.0,replay,146,"demo_00 +12.5,-7.5 deg",demo_00,0.028210770122841303,True,7.3,False,0.006344767595249023,2.000000000000001,True,0.005934010027459218,0.06593655891373487,0.03651204833489434,0.4607034291388312,0.03162118032285779,-0.75,0.009999999999999787,0.019460220188097566,0.07245156496022,34.0,94.0,0.3478703971755273,1250.0000000006946,3.615314285135324,7.3,542.1195360642661,2893.2813269681988,0.0,nan
pd,10.0,1.0,esn,147,"demo_00 +12.5,-5 deg",,0.00035273719123158666,True,3.13,True,0.010854327922571341,2.0,False,0.005933929119493347,1.1734940853750793,0.31429934478629507,12.270808811776307,0.06517990314131415,-0.67,-4.16,0.0007229927858788044,0.07245156496022,2.0,94.0,0.030263525436828916,14.08542535976456,0.19548491789117034,5.97,4.694868373061247,0.3154162875301896,0.0,nan
pd,10.0,1.0,replay,147,"demo_00 +12.5,-5 deg",demo_00,0.02713041363860818,True,7.3,False,0.006344767595249023,2.000000000000001,True,0.005934010027459218,0.08628197289532033,0.023109079019516584,0.43777674890453666,0.06517990314131415,-0.75,0.009999999999999787,0.018954080260082957,0.07245156496022,33.0,94.0,0.33607229295909946,1250.0000000006946,3.525183079368242,7.3,542.1195360642661,2880.1722840661705,0.0,nan
pd,10.0,1.0,esn,148,"demo_00 +12.5,-2.5 deg",,0.0005859434687364026,True,4.8500000000000005,True,0.01123950694429663,2.0,False,0.005819458734178857,1.1071499348977687,0.19185314670525913,7.911217334440819,0.09815520019078573,-0.7,-2.4399999999999995,0.0007263644932516314,0.07245156496022,2.0,94.0,0.03432262896584352,24.00121658585288,0.18962801920898892,7.75,10.409222720394657,1.0825906373699605,0.0,nan
pd,10.0,1.0,replay,148,"demo_00 +12.5,-2.5 deg",demo_00,0.026872605841176178,True,7.3,False,0.006344767595249023,2.000000000000001,True,0.005934010027459218,0.10974971063906784,0.019018045047386523,0.4323660606393488,0.09815520019078573,-0.75,0.009999999999999787,0.018787074117776425,0.07245156496022,29.0,94.0,0.33939450809736393,1250.0000000006946,3.5461438648423296,7.3,542.1195360642661,2869.6976902347606,0.0,nan
pd,10.0,1.0,esn,149,"demo_00 +12.5,+0 deg",,0.0008511989046878148,True,8.66,True,0.011472115702771495,2.0,False,0.005442997235030673,3.115925348019193,0.3968099371855188,6.475040942130614,0.13771305473865383,-0.71,1.37,0.0007029509667368876,0.07245156496022,3.0,94.0,0.04398820304603004,37.61564614968537,0.25001732364560053,11.57,16.313741311530155,2.487916049943893,0.0,nan
pd,10.0,1.0,replay,149,"demo_00 +12.5,+0 deg",demo_00,0.027466028906321317,True,7.3,False,0.006344767595249023,2.000000000000001,True,0.005934010027459218,0.1368122474738797,0.017422901149037884,0.4449099572784725,0.13036033312299372,-0.75,0.009999999999999787,0.01896761511061946,0.07245156496022,26.0,94.0,0.3571826719565845,1250.0000000006946,3.676667171591109,7.3,542.1195360642661,2861.856177455624,0.0,nan
pd,10.0,1.0,esn,150,"demo_00 +12.5,+2.5 deg",,0.0011082353696197063,True,7.8100000000000005,True,0.011516874555916884,2.0,False,0.00583669253701343,3.5602058601282813,0.36157812556952557,4.315933395569538,0.1629235498800576,-0.72,0.5200000000000005,0.0008987932041834519,0.07245156496022,3.0,94.0,0.051669264698565476,50.21237696046144,0.3017551903977476,10.73,21.7768884019789,4.332132557545109,0.0,nan
pd,10.0,1.0,replay,150,"demo_00 +12.5,+2.5 deg",demo_00,0.028867179078399367,True,7.3,False,0.006344767595249023,2.000000000000001,True,0.005934010027459218,0.16471774358795244,0.016728901449655942,0.47376932454345155,0.1629235498800576,-0.75,0.009999999999999787,0.019484806803527335,0.07245156496022,23.0,94.0,0.38720468757294574,1250.0000000006946,3.906180350432931,7.3,542.1195360642661,2856.654643751777,0.0,nan
pd,10.0,1.0,esn,151,"demo_00 +12.5,+5 deg",,0.0013352190340859475,True,7.71,True,0.011489412137564436,2.000000000000001,False,0.00587916289804992,3.323509346107748,0.28224201869338866,3.8911265757259628,0.1948522095664307,-0.73,0.41999999999999993,0.0009656366109609127,0.07245156496022,3.0,94.0,0.055802021653241975,60.775617231761274,0.32683286327156474,10.63,26.35811953414659,6.2282753313828225,0.0,nan
pd,10.0,1.0,replay,151,"demo_00 +12.5,+5 deg",demo_00,0.03097806863101154,True,7.3,False,0.006344767595249023,2.000000000000001,True,0.005934010027459218,0.19352013251383754,0.01643428893091093,0.5159857826215062,0.1948522095664307,-0.75,0.009999999999999787,0.0203109366726119,0.07245156496022,18.0,94.0,0.4266311926536433,1250.0000000006946,4.21891318494136,7.3,542.1195360642661,2854.110533379546,0.0,nan
pd,10.0,1.0,esn,152,"demo_00 +12.5,+7.5 deg",,0.0015289441001228807,True,7.62,True,0.011435689112901475,2.000000000000001,False,0.00591367379886047,3.160554446841106,0.22757837040374052,3.58439660340424,0.2252961431955169,-0.73,0.33000000000000007,0.0009883819181236333,0.07245156496022,3.0,94.0,0.057564646251686606,68.64166158543033,0.3369707729827027,10.540000000000001,29.769588586682584,7.832857124940398,0.0,nan
pd,10.0,1.0,replay,152,"demo_00 +12.5,+7.5 deg",demo_00,0.033678439061325914,True,7.3,False,0.006344767595249023,2.000000000000001,True,0.005934010027459218,0.22019834176949027,0.015855566049682374,0.5683496669449949,0.2252961431955169,-0.75,0.009999999999999787,0.02140742615238578,0.07245156496022,15.0,94.0,0.47284876143408555,1250.0000000006946,4.598172644493401,7.3,542.1195360642661,2854.254474161337,0.0,nan
pd,10.0,1.0,esn,153,"demo_00 +12.5,+10 deg",,0.0017053798283605268,True,7.73,True,0.011578957506190363,2.0,False,0.005872843910273368,3.0886636376760053,0.19294728780176343,3.804768914610632,0.25385915395449044,-0.73,0.4400000000000004,0.0009480185217777974,0.07245156496022,2.0,94.0,0.05681339282813987,73.42004265318509,0.33949383273280537,10.64,31.84195156875247,8.853502946017155,0.0,nan
pd,10.0,1.0,replay,153,"demo_00 +12.5,+10 deg",demo_00,0.03685250544014132,True,7.3,False,0.006344767595249023,2.000000000000001,True,0.005934010027459218,0.2446264556916365,0.01528169353713572,0.6280732279970701,0.25385915395449044,-0.75,0.009999999999999787,0.022731470240213877,0.07245156496022,9.0,94.0,0.5237816860002389,1250.0000000006946,5.02903659540108,7.3,542.1195360642661,2857.1332836634547,0.0,nan
pd,10.0,1.0,esn,154,"demo_00 +12.5,+12.5 deg",,0.0019013246882216422,True,8.17,True,0.011430377239372392,2.0,False,0.005644904091959922,3.0842871743866334,0.17447363009083866,4.9478702234244025,0.2799546929467543,-0.73,0.8799999999999999,0.0008618839954177075,0.07245156496022,2.0,94.0,0.05491629421696477,75.093305936436,0.3409542773947062,11.08,32.567638540615825,9.172728862462018,0.0,nan
pd,10.0,1.0,replay,154,"demo_00 +12.5,+12.5 deg",demo_00,0.04040222430326322,True,7.3,False,0.006344767595249023,2.000000000000001,True,0.005934010027459218,0.2678957658536395,0.015154473014901759,0.692986275052623,0.2799546929467543,-0.75,0.009999999999999787,0.024241182298595256,0.07245156496022,5.0,94.0,0.5778869593501874,1250.0000000007042,5.499302956498494,7.3,542.1195360642661,2862.813339712942,0.0,nan
pd,10.0,1.0,esn,155,"demo_00 +12.5,+15 deg",,0.0021687643660742656,True,9.23,True,0.011285928244612711,2.0,False,0.006128061880097494,3.124254495837854,0.16000791910536066,7.755787805302574,0.30240424173805164,-0.74,1.9400000000000004,0.0007694232529148849,0.07245156496022,3.0,94.0,0.054510753201877746,74.08551763895409,0.34901828830490983,12.14,32.13056516119028,8.88766132998988,0.0,nan
pd,10.0,1.0,replay,155,"demo_00 +12.5,+15 deg",demo_00,0.04424994232407003,True,7.3,False,0.006344767595249023,2.000000000000001,True,0.005934010027459218,0.29174041268211676,0.01494141287606148,0.7614762809656447,0.30240424173805164,-0.75,0.009999999999999787,0.025898524630631446,0.07245156496022,4.0,94.0,0.6340367558892289,1500.0000000008397,5.999397017400546,7.3,542.1195360642661,2871.3842868391657,0.0,nan
pd,10.0,1.0,esn,156,"demo_00 +15,-15 deg",,0.0003897433749370462,True,1.76,True,0.007912317466101333,2.0,False,0.005889166048149439,0.939666869946747,0.34726820545771137,14.59771237826017,0.04794521873159675,-0.68,-5.53,0.0006893462933300367,0.07245156496022,1.0,94.0,0.02298454289318085,16.640064670757194,0.16652678060079623,3.21,7.216723311507945,0.524628072456011,0.0,nan
pd,10.0,1.0,replay,156,"demo_00 +15,-15 deg",demo_00,0.03950825662711044,True,7.3,False,0.006344767595249023,2.000000000000001,True,0.005934010027459218,0.10020092010937355,0.03703077635754643,0.6512623833230644,0.04794521873159675,-0.75,0.009999999999999787,0.023632210198399384,0.07245156496022,21.0,94.0,0.48332505407367454,1500.0000000008336,4.944952469423997,7.3,650.5434432771192,4180.108790213906,0.0,nan
pd,10.0,1.0,esn,157,"demo_00 +15,-12.5 deg",,0.0002417623048375969,True,1.96,True,0.008981638915854675,2.0,False,0.005891606024696673,0.590450751687683,0.7804806880167386,14.373810192492288,0.014691221901709564,-0.64,-5.33,0.0005802503707057124,0.07245156496022,1.0,94.0,0.02121563028561849,10.81713062991741,0.1585101854414073,3.46,4.6913422709073105,0.25179937234399663,0.0,nan
pd,10.0,1.0,replay,157,"demo_00 +15,-12.5 deg",demo_00,0.036872482741382925,True,7.3,False,0.006344767595249023,2.000000000000001,True,0.005934010027459218,0.06864905655417647,0.090742983623881,0.5998500597525583,0.01812586348786652,-0.75,0.009999999999999787,0.022398183389429362,0.07245156496022,23.0,94.0,0.4451936753441434,1500.000000000832,4.644486366345826,7.3,650.5434432771192,4159.022930755385,0.0,nan
pd,10.0,1.0,esn,158,"demo_00 +15,-10 deg",,0.0002243128189516839,True,2.22,True,0.010327601252461455,1.9999999999999996,False,0.005898234122020646,0.6779475042475919,0.6132383041527815,14.03757768316441,0.019182665093992766,-0.62,-5.07,0.0005905806274529569,0.07245156496022,1.0,94.0,0.02444687227942946,13.636306907816044,0.16653852554499676,3.7600000000000002,1.644261186816194,0.09866521308937948,0.0,nan
pd,10.0,1.0,replay,158,"demo_00 +15,-10 deg",demo_00,0.034749119709311015,True,7.3,False,0.006344767595249023,2.000000000000001,True,0.005934010027459218,0.06443418939618746,0.05828403052922292,0.559923915441052,0.027984302826377382,-0.75,0.009999999999999787,0.021421711482265415,0.07245156496022,23.0,94.0,0.4184388785734251,1500.000000000832,4.418619642544478,7.3,650.5434432771192,4140.015532069611,0.0,nan
pd,10.0,1.0,esn,159,"demo_00 +15,-7.5 deg",,0.00032641017889353823,True,2.58,True,0.011046107001137104,2.0,False,0.005913331925764628,1.1937152302068603,0.36073181017700345,13.451284545657414,0.05338138732815144,-0.66,-4.71,0.0006893569116299396,0.07245156496022,2.0,94.0,0.02957637423396047,18.00474764828607,0.18300184250062188,5.39,2.4127069748429104,0.1585410441327394,0.0,nan
pd,10.0,1.0,replay,159,"demo_00 +15,-7.5 deg",demo_00,0.03323032704601298,True,7.3,False,0.006344767595249023,2.000000000000001,True,0.005934010027459218,0.08919805587853931,0.02695498503085956,0.5338404562426423,0.05592704759602628,-0.75,0.009999999999999787,0.02073933691325958,0.07245156496022,23.0,94.0,0.4050393161291127,1500.000000000832,4.279157628439458,7.3,650.5434432771192,4123.075405313996,0.0,nan
pd,10.0,1.0,esn,160,"demo_00 +15,-5 deg",,0.0005150646867276285,True,3.14,True,0.010748964637391719,1.9999999999999996,False,0.005933711112041556,1.5548826679512857,0.29180561945819844,12.307402048776257,0.08739712396499735,-0.69,-4.15,0.0008565827287764724,0.07245156496022,2.0,94.0,0.034725997403692636,17.72213011296075,0.1988650611316164,5.96,7.686010363922263,0.6689594608393463,0.0,nan
pd,10.0,1.0,replay,160,"demo_00 +15,-5 deg",demo_00,0.03239884897270112,True,7.3,False,0.006344767595249023,2.000000000000001,True,0.005934010027459218,0.1145363627780028,0.021495097334232532,0.5234350617527637,0.08739712396499735,-0.75,0.009999999999999787,0.020380579761276323,0.07245156496022,23.0,94.0,0.4060316567859839,1500.000000000832,4.234767737710511,7.3,650.5434432771192,4108.193963257629,0.0,nan
pd,10.0,1.0,esn,161,"demo_00 +15,-2.5 deg",,0.0007754912434902599,True,4.71,True,0.011173043574941761,2.0,False,0.005828959995395643,1.3949854664416068,0.19238816812828596,8.33364697655761,0.12167360500653591,-0.71,-2.58,0.000886997923991274,0.07245156496022,2.0,94.0,0.04011197235798079,32.12522012370794,0.21866444245223576,7.61,13.932567543533029,1.868237211090812,0.0,nan
pd,10.0,1.0,replay,161,"demo_00 +15,-2.5 deg",demo_00,0.03230919594422933,True,7.3,False,0.006344767595249023,2.000000000000001,True,0.005934010027459218,0.14460407403754838,0.019942941039332685,0.5293844458479091,0.12167360500653591,-0.75,0.009999999999999787,0.020362169144836458,0.07245156496022,21.0,94.0,0.42102296708240006,1500.000000000832,4.288632459537001,7.3,650.5434432771192,4095.366939709909,0.0,nan
pd,10.0,1.0,esn,162,"demo_00 +15,+0 deg",,0.0010741098696224422,True,8.1,True,0.01144949709141114,2.0,False,0.005684992245234034,3.745009373454546,0.40482393028548014,5.315223302776025,0.16268409790406888,-0.72,0.8099999999999996,0.0009007898603737157,0.07245156496022,3.0,94.0,0.05271733950135267,47.31101844606056,0.303112670784289,11.02,20.518581896552828,3.8885169054981223,0.0,nan
pd,10.0,1.0,replay,162,"demo_00 +15,+0 deg",demo_00,0.032972266926232646,True,7.3,False,0.006344767595249023,2.000000000000001,True,0.005934010027459218,0.17530956185131166,0.018950421419054647,0.5509005345368256,0.15601286161541092,-0.75,0.009999999999999787,0.020684135574216413,0.07245156496022,15.0,94.0,0.44831651677840745,1500.000000000832,4.437458896962427,7.3,650.5434432771192,4084.596465179283,0.0,nan
pd,10.0,1.0,esn,163,"demo_00 +15,+2.5 deg",,0.0013717386228304406,True,7.3100000000000005,True,0.011539911666766033,2.0,False,0.006019084259088917,4.374926444078179,0.387433773245975,3.792557623733194,0.18913882826863296,-0.73,0.020000000000000462,0.0011130155381359314,0.07245156496022,3.0,94.0,0.06150011294942262,61.65853581779233,0.35840754812053066,10.25,26.74103746553916,6.480413528850764,0.0,nan
pd,10.0,1.0,replay,163,"demo_00 +15,+2.5 deg",demo_00,0.03435218075862279,True,7.3,False,0.006344767595249023,2.000000000000001,True,0.005934010027459218,0.20708532410322364,0.01833901655873048,0.5860023004090796,0.18913882826863296,-0.75,0.009999999999999787,0.021329566957379423,0.07245156496022,15.0,94.0,0.48554193891509256,1500.000000000832,4.6724606119491,7.3,650.5434432771192,4075.8935391152377,0.0,nan
pd,10.0,1.0,esn,164,"demo_00 +15,+5 deg",,0.0016452092140499953,True,7.5,True,0.011631981882744854,2.0,False,0.0059593929160998834,4.135531868749284,0.3100440386515338,3.9290978287209426,0.2195866169314041,-0.73,0.20999999999999996,0.0011134912767240557,0.07245156496022,3.0,94.0,0.0652280851832292,73.98589361923645,0.38884733156006734,10.42,32.0873586593096,9.15925796026803,0.0,nan
pd,10.0,1.0,replay,164,"demo_00 +15,+5 deg",demo_00,0.03637720061392556,True,7.3,False,0.006344767595249023,2.000000000000001,True,0.005934010027459218,0.23733301373242102,0.017793040512874534,0.6321496685910076,0.2195866169314041,-0.75,0.009999999999999787,0.022268118058312247,0.07245156496022,9.0,94.0,0.5303024800769245,1500.000000000832,4.981671939857898,7.3,650.5434432771192,4069.2809376059754,0.0,nan
pd,10.0,1.0,esn,165,"demo_00 +15,+7.5 deg",,0.001892620844187549,True,7.84,True,0.01142515664690491,2.0,False,0.00582118419984691,3.9191143370497783,0.2566003686764043,4.546259689039736,0.2502196693626224,-0.73,0.5499999999999998,0.0010857641429584315,0.07245156496022,3.0,94.0,0.06722916116467799,83.5854532797427,0.4051686701192906,10.76,36.25064572296721,11.53464632075991,0.0,nan
pd,10.0,1.0,replay,165,"demo_00 +15,+7.5 deg",demo_00,0.03895787873085204,True,7.3,False,0.006344767595249023,2.000000000000001,True,0.005934010027459218,0.26566623530786615,0.017394249838647912,0.6868241429746076,0.2502196693626224,-0.75,0.009999999999999787,0.023461578544940045,0.07245156496022,6.0,94.0,0.5805352030935302,1500.000000000832,5.352342437932537,7.3,650.5434432771192,4064.7965896333276,0.0,nan
pd,10.0,1.0,esn,166,"demo_00 +15,+10 deg",,0.0021316804111100826,True,8.31,True,0.011500539401221681,2.0,False,0.00556252791902953,3.8468885812383378,0.2221070667044634,5.678198752222353,0.27980116496889296,-0.74,1.0200000000000005,0.001030488250630045,0.07245156496022,3.0,94.0,0.06753867859735216,90.12787198098223,0.4140034563942267,11.22,39.08806411580979,13.264972873053017,0.0,nan
pd,10.0,1.0,replay,166,"demo_00 +15,+10 deg",demo_00,0.04200344472590282,True,7.3,False,0.006344767595249023,2.000000000000001,True,0.005934010027459218,0.2937998366873099,0.01696306470718286,0.7478445419871391,0.27980116496889296,-0.75,0.009999999999999787,0.0248693139125109,0.07245156496022,4.0,94.0,0.6346017456945825,1500.000000000832,5.7725710409083835,7.3,650.5434432771192,4062.4974433457924,0.0,nan
pd,10.0,1.0,esn,167,"demo_00 +15,+12.5 deg",,0.00239804809621403,True,8.71,True,0.011300458641428146,2.0,False,0.005451415152591573,4.012914104977247,0.20607744546190504,6.82110487917099,0.3064304698409309,-0.74,1.4200000000000008,0.0009796773273214197,0.07245156496022,3.0,94.0,0.06736112695576259,93.70601760108082,0.4210385565631342,11.63,40.639890230639786,14.214588027393122,0.0,nan
pd,10.0,1.0,replay,167,"demo_00 +15,+12.5 deg",demo_00,0.04543182213543713,True,7.3,False,0.006344767595249023,2.000000000000001,True,0.005934010027459218,0.32007660042370745,0.01643707451540943,0.8134500716085841,0.3064304698409309,-0.75,0.009999999999999787,0.02645218856245627,0.07245156496022,4.0,94.0,0.6912411269471287,1500.000000000832,6.232052043416933,7.3,650.5434432771192,4062.463824448484,0.0,nan
pd,10.0,1.0,esn,168,"demo_00 +15,+15 deg",,0.0027388713432065673,True,8.57,True,0.011459380056780233,2.0,False,0.005449479666379345,4.501029537385617,0.21218056721375453,6.683946811214871,0.32911346955845616,-0.74,1.2800000000000002,0.0010132552822900737,0.07245156496022,3.0,94.0,0.06917379164830878,94.86422385937702,0.4326663513220096,11.49,41.142199222169815,14.500605134342882,0.0,nan
pd,10.0,1.0,replay,168,"demo_00 +15,+15 deg",demo_00,0.04917348346010839,True,7.3,False,0.006344767595249023,2.000000000000001,True,0.005934010027459218,0.34564212406336703,0.016293725985928584,0.8822610112737127,0.32911346955845616,-0.75,0.009999999999999787,0.028174679503802764,0.07245156496022,1.0,94.0,0.7494827588262791,1500.0000000008397,6.722197323526877,7.3,650.5434432771192,4064.8042596928826,0.0,nan
