law,omega,arm,start,origin,replayed,first_step_m,reach_path_distance_m,reach_joint_error_deg,arrival_delay_s,arrived,arrival_time_s,left_goal,hold_error_m,hold_observed_s,success,tracking_error_deg,peak_reference_speed_dps,peak_hand_speed_mps,peak_torque_nm,effort_n2m2s,peak_external_force_n
,,demonstrator,0,"demo_00 +3,+3 deg",,7.0081147184061e-09,0.0,0.0,0.0,True,1.1,False,3.353916942395607e-11,2.0,True,nan,nan,0.6530620563938354,1.6549597533278841,1.2660789047889085,0.0
,,demonstrator,1,"demo_00 +3,-3 deg",,9.063972677459157e-09,0.0,0.0,0.0,True,1.1300000000000001,False,3.204655267039645e-11,1.9999999999999998,True,nan,nan,0.7677689609130377,1.7223271194851206,1.4240585013889329,0.0
,,demonstrator,2,"demo_00 -3,+3 deg",,9.258515246268046e-09,0.0,0.0,0.0,True,1.1300000000000001,False,2.753781950408387e-11,1.9999999999999998,True,nan,nan,0.855631307303342,2.212673155098757,2.283401059152011,0.0
,,demonstrator,3,"demo_00 -3,-3 deg",,1.1415644741307564e-08,0.0,0.0,0.0,True,1.1500000000000001,False,2.8157608098495363e-11,1.9999999999999998,True,nan,nan,0.9688428779453261,2.2849399486761337,2.507288593502396,0.0
,,demonstrator,4,"demo_01 +3,+3 deg",,7.85739911194583e-09,0.0,0.0,0.0,True,1.1300000000000001,False,4.3558050124755614e-11,1.9999999999999998,True,nan,nan,0.6938361418556375,0.46113464955250644,0.13526569775608352,0.0
,,demonstrator,5,"demo_01 +3,-3 deg",,9.222734568401776e-09,0.0,0.0,0.0,True,1.1500000000000001,False,4.078858680599326e-11,1.9999999999999998,True,nan,nan,0.8098233572634553,0.6425221759972365,0.19628388426698795,0.0
,,demonstrator,6,"demo_01 -3,+3 deg",,1.0201369982459753e-08,0.0,0.0,0.0,True,1.1500000000000001,False,4.045617153190264e-11,1.9999999999999998,True,nan,nan,0.8242599139279551,0.7111442618769406,0.2506421831537175,0.0
,,demonstrator,7,"demo_01 -3,-3 deg",,1.1686706881420671e-08,0.0,0.0,0.0,True,1.17,False,3.6821213044943195e-11,2.0,True,nan,nan,0.9504817360128799,0.9856214154972747,0.4000079331049043,0.0
,,demonstrator,8,"demo_02 +3,+3 deg",,3.5046145236665536e-09,0.0,0.0,0.0,True,1.1300000000000001,False,3.3501213921284126e-11,1.9999999999999998,True,nan,nan,0.8568817830691379,2.568417004803265,2.3931257180590713,0.0
,,demonstrator,9,"demo_02 +3,-3 deg",,4.1053362878200474e-09,0.0,0.0,0.0,True,1.1400000000000001,False,3.681775849626432e-11,2.0,True,nan,nan,0.8982189436337672,2.6249705879483454,2.3405761249456045,0.0
,,demonstrator,10,"demo_02 -3,+3 deg",,5.6642752056844864e-09,0.0,0.0,0.0,True,1.1400000000000001,False,3.9422531850157485e-11,2.0,True,nan,nan,0.8275326560074616,1.8901033648263579,1.2723932403267724,0.0
,,demonstrator,11,"demo_02 -3,-3 deg",,6.494891602104203e-09,0.0,0.0,0.0,True,1.1500000000000001,False,4.1024671523757e-11,1.9999999999999998,True,nan,nan,0.8984162227243416,1.959331351556182,1.2916592712135555,0.0
,,demonstrator,12,"demo_03 +3,+3 deg",,2.505202992110163e-09,0.0,0.0,0.0,True,1.12,False,1.2386679822569299e-12,2.0,True,nan,nan,0.9422963106394379,3.2389946215324485,4.285465920148915,0.0
,,demonstrator,13,"demo_03 +3,-3 deg",,2.1936909793357176e-09,0.0,0.0,0.0,True,1.12,False,8.271977371533693e-12,2.0,True,nan,nan,0.9338434650325798,3.209582198847252,4.1029629911964465,0.0
,,demonstrator,14,"demo_03 -3,+3 deg",,2.2641702843809616e-09,0.0,0.0,0.0,True,1.1,False,1.5713457203503025e-11,2.0,True,nan,nan,0.7791232934384054,2.5351042927011718,2.6088778218692887,0.0
,,demonstrator,15,"demo_03 -3,-3 deg",,2.6368644643788563e-09,0.0,0.0,0.0,True,1.11,False,2.4488597038895104e-11,1.9999999999999998,True,nan,nan,0.7938595820458071,2.501383272894935,2.467016707233425,0.0
,,demonstrator,16,"demo_04 +3,+3 deg",,4.689200357047799e-09,0.0,0.0,0.0,True,1.1400000000000001,False,3.4872547942479704e-11,2.0,True,nan,nan,0.9719432723743021,3.083836137332536,4.097056841353748,0.0
,,demonstrator,17,"demo_04 +3,-3 deg",,4.084823475383349e-09,0.0,0.0,0.0,True,1.1300000000000001,False,3.086262659586469e-11,1.9999999999999998,True,nan,nan,0.930955594807152,3.0313119049528696,3.9444837597816704,0.0
,,demonstrator,18,"demo_04 -3,+3 deg",,3.792451966727438e-09,0.0,0.0,0.0,True,1.11,False,3.424808423698775e-11,1.9999999999999998,True,nan,nan,0.7593244266732144,2.415216651750712,2.5048345393748166,0.0
,,demonstrator,19,"demo_04 -3,-3 deg",,3.0346263355963383e-09,0.0,0.0,0.0,True,1.1,False,2.667209498718836e-11,2.0,True,nan,nan,0.7194644942891388,2.3572378856793033,2.3798616094334912,0.0
,,demonstrator,20,"demo_05 +3,+3 deg",,8.051420962424846e-09,0.0,0.0,0.0,True,1.17,False,3.7425828667984245e-11,2.0,True,nan,nan,0.9563209881595056,2.2178987871236204,2.067505906091354,0.0
,,demonstrator,21,"demo_05 +3,-3 deg",,7.122037634186493e-09,0.0,0.0,0.0,True,1.1500000000000001,False,4.134213368938917e-11,1.9999999999999998,True,nan,nan,0.8714640014431022,2.13339178130569,1.923167552906192,0.0
,,demonstrator,22,"demo_05 -3,+3 deg",,8.059392985250978e-09,0.0,0.0,0.0,True,1.1500000000000001,False,4.012083112460475e-11,1.9999999999999998,True,nan,nan,0.8063534700130448,1.5748338868867942,1.0551866283992666,0.0
,,demonstrator,23,"demo_05 -3,-3 deg",,6.861707935160155e-09,0.0,0.0,0.0,True,1.1300000000000001,False,4.289207552726322e-11,1.9999999999999998,True,nan,nan,0.7051499450153461,1.4896759031346771,0.9446199614769694,0.0
,,demonstrator,24,"demo_06 +3,+3 deg",,1.1631634613724518e-08,0.0,0.0,0.0,True,1.1500000000000001,False,3.830892295585117e-11,1.9999999999999998,True,nan,nan,0.8738142520927461,0.9512668901873294,0.39845962488445463,0.0
,,demonstrator,25,"demo_06 +3,-3 deg",,9.694343112588492e-09,0.0,0.0,0.0,True,1.1300000000000001,False,4.041889804104153e-11,1.9999999999999998,True,nan,nan,0.7414369019478081,0.7355376214831629,0.2865003597903457,0.0
,,demonstrator,26,"demo_06 -3,+3 deg",,1.125339492515059e-08,0.0,0.0,0.0,True,1.1500000000000001,False,3.491581012512062e-11,1.9999999999999998,True,nan,nan,0.8783456768288828,1.21579206488557,0.7305379999799162,0.0
,,demonstrator,27,"demo_06 -3,-3 deg",,9.064473139515384e-09,0.0,0.0,0.0,True,1.1300000000000001,False,3.5801784113511996e-11,1.9999999999999998,True,nan,nan,0.7519073166051676,1.1440282125724341,0.6534757129428537,0.0
,,demonstrator,28,"demo_07 +3,+3 deg",,2.887358419580635e-09,0.0,0.0,0.0,True,1.11,False,1.739272830506042e-11,1.9999999999999998,True,nan,nan,0.7972981491343997,2.413927921243575,2.4888957943399626,0.0
,,demonstrator,29,"demo_07 +3,-3 deg",,2.170067366535446e-09,0.0,0.0,0.0,True,1.1,False,7.47419828664298e-12,2.0,True,nan,nan,0.774728602087249,2.454730978141779,2.588838352445914,0.0
,,demonstrator,30,"demo_07 -3,+3 deg",,2.3812211915619014e-09,0.0,0.0,0.0,True,1.12,False,1.3185007408788791e-11,2.0,True,nan,nan,0.940209499011182,2.95990001873278,3.7370996460374495,0.0
,,demonstrator,31,"demo_07 -3,-3 deg",,3.5181718412020944e-09,0.0,0.0,0.0,True,1.12,False,3.679812997053932e-12,2.0,True,nan,nan,0.9370994783445223,2.99429267503874,3.8758555893525584,0.0
computed_torque,5.0,esn,0,"demo_00 +3,+3 deg",,0.0001323439831164568,0.008090446722285564,0.3788857112804425,-0.040000000000000036,True,1.06,False,0.00013313182499878308,2.0,True,0.04780087422919423,28.718444025721176,0.6973553441689048,2.6172525617335927,1.6126536577530322,0.0
computed_torque,5.0,replay,0,"demo_00 +3,+3 deg",demo_00,0.02488219877064637,0.11112122072753133,2.133853076890331,0.010000000000000009,True,1.11,False,8.123477647612465e-06,1.9999999999999998,True,0.13669837949391836,299.999993128919,2.868704772536485,337.13892963690625,1366.3889475469941,0.0
computed_torque,5.0,esn,1,"demo_00 +3,-3 deg",,0.00012535798432003898,0.004775422749473104,0.24047030964088098,-0.050000000000000044,True,1.08,False,0.00012136325281026259,2.0,True,0.05528870232420332,28.881906548626002,0.8188062825959725,2.0877867732348543,1.8069650232582295,0.0
computed_torque,5.0,replay,1,"demo_00 +3,-3 deg",demo_00,0.013273373122165531,0.05872805122708298,2.1604421162678267,-0.020000000000000018,True,1.11,False,8.148822556483205e-06,1.9999999999999998,True,0.13299964067711126,300.00005802077425,1.524448247478868,267.00219513651035,804.0906609864157,0.0
computed_torque,5.0,esn,2,"demo_00 -3,+3 deg",,0.00011131764664041647,0.0024189213078671004,0.22477919393162746,-0.040000000000000036,True,1.09,False,0.0001520828322083234,1.9999999999999998,True,0.062499542936110694,39.06217812238642,0.9136596788714831,2.544022864013194,2.882997264583239,0.0
computed_torque,5.0,replay,2,"demo_00 -3,+3 deg",demo_00,0.013273373874320303,0.05270474391817908,2.141344013320211,-0.020000000000000018,True,1.11,False,8.17961671726727e-06,1.9999999999999998,True,0.13493513153419165,300.00000687114795,1.5244494712617978,259.4061985315087,763.7537474255596,0.0
computed_torque,5.0,esn,3,"demo_00 -3,-3 deg",,0.0001421665286902418,0.006801237065745657,0.4031668361574142,-0.040000000000000036,True,1.11,False,0.0001281078143130469,1.9999999999999998,True,0.06864653988145206,39.216495318521034,1.0368543966569392,2.659219564635626,3.2081669629345493,0.0
computed_torque,5.0,replay,3,"demo_00 -3,-3 deg",demo_00,0.02589662990577579,0.01754855756192577,2.055744833159323,-0.040000000000000036,True,1.11,False,8.204934949426948e-06,1.9999999999999998,True,0.13118668829621008,300.00005802077425,2.96328507709602,359.92704150731674,1537.0400433438654,0.0
computed_torque,5.0,esn,4,"demo_01 +3,+3 deg",,0.00012636630212999286,0.010621991523300872,0.5291137698755543,-0.040000000000000036,True,1.09,False,8.639897435524541e-05,1.9999999999999998,True,0.10019184617468511,68.24516888126809,0.7557806164709245,2.3485122906972307,0.3442632148744706,0.0
computed_torque,5.0,replay,4,"demo_01 +3,+3 deg",demo_01,0.03037157076588522,0.1350917354726671,2.161512424151734,0.010000000000000009,True,1.1400000000000001,False,7.783882434743261e-06,2.0,True,0.16109966585736582,300.00001034139393,3.4957508366604735,454.53568750532406,2502.248971303971,0.0
computed_torque,5.0,esn,5,"demo_01 +3,-3 deg",,0.00010901405238368086,0.004746315985586185,0.45180990033263124,-0.020000000000000018,True,1.1300000000000001,False,0.0001181506523089483,1.9999999999999998,True,0.11488828831900846,78.72424815518025,0.8766280091106962,1.5132389277543299,0.30908207950253747,0.0
computed_torque,5.0,replay,5,"demo_01 +3,-3 deg",demo_01,0.013273372445232016,0.05871012964935884,2.0576560055458932,-0.010000000000000009,True,1.1400000000000001,False,7.81686107293637e-06,2.0,True,0.15329851247339682,300.00008649774975,1.5244473380229269,304.8240523542689,1067.5984183286084,0.0
computed_torque,5.0,esn,6,"demo_01 -3,+3 deg",,0.0001289173134608708,0.003577333826514099,0.3691182507265945,-0.030000000000000027,True,1.12,False,7.572306346756864e-05,2.0,True,0.0982749907028119,68.12127590674179,0.8849144759062116,1.8083908845971732,0.35280455403834954,0.0
computed_torque,5.0,replay,6,"demo_01 -3,+3 deg",demo_01,0.013273374557312081,0.056133628844102085,2.113947935824109,-0.010000000000000009,True,1.1400000000000001,False,7.814040718344151e-06,2.0,True,0.16284010599262214,299.99998965867303,1.524450387120684,298.53844470221316,1024.4189514495833,0.0
computed_torque,5.0,esn,7,"demo_01 -3,-3 deg",,0.00011168897011739392,0.00961441858260342,0.4876901713165459,-0.019999999999999796,True,1.1500000000000001,False,0.00011034594186953541,1.9999999999999998,True,0.11324585336654695,78.63905375542993,1.018373600927453,1.6556060891223572,0.4062440614923668,0.0
computed_torque,5.0,replay,7,"demo_01 -3,-3 deg",demo_01,0.031065377716272984,0.0843616083766295,2.0560664556926582,-0.029999999999999805,True,1.1400000000000001,False,7.847009902479481e-06,2.0,True,0.15512650227117755,300.00008649774975,3.56043865019116,473.3925920519567,2691.302007997904,0.0
computed_torque,5.0,esn,8,"demo_02 +3,+3 deg",,3.430735895515957e-05,0.0030524903277955964,0.6064811168315665,-0.020000000000000018,True,1.11,False,0.0002835886934249701,1.9999999999999998,True,0.15857725752650756,99.89842110032136,0.9438196957748017,2.778104618500904,3.0601904179041646,0.0
computed_torque,5.0,replay,8,"demo_02 +3,+3 deg",demo_02,0.03242301048518224,0.14404957200099447,2.1787929039165372,-0.010000000000000009,True,1.12,False,9.204961164081364e-06,2.0,True,0.19902203457326414,300.00001529471024,3.7291967463776086,504.5837663294044,3091.6063166579856,0.0
computed_torque,5.0,esn,9,"demo_02 +3,-3 deg",,4.5320193517884e-05,0.004697771259482593,0.6440593439617667,0.010000000000000009,True,1.1500000000000001,False,0.0002945261632161144,1.9999999999999998,True,0.1739005743636371,111.03851361652943,0.9938060663601636,2.7472461475119028,2.953957719877976,0.0
computed_torque,5.0,replay,9,"demo_02 +3,-3 deg",demo_02,0.013273372903834083,0.058631761592503696,2.000561413013552,-0.010000000000000009,True,1.1300000000000001,False,8.844496921015836e-06,1.9999999999999998,True,0.1908991730792441,300.0000633355829,1.5244480161153167,319.9624709562706,1194.2950866225628,0.0
computed_torque,5.0,esn,10,"demo_02 -3,+3 deg",,3.620945052041488e-05,0.003333457450008166,0.6098167191651692,-0.010000000000000009,True,1.1300000000000001,False,0.0002328945292952071,1.9999999999999998,True,0.15294714958944242,99.53809327961666,0.9141891733515973,2.0659487575643873,1.6989339732074478,0.0
computed_torque,5.0,replay,10,"demo_02 -3,+3 deg",demo_02,0.013273374205538297,0.05843521086488869,2.1213903288490052,-0.010000000000000009,True,1.1300000000000001,False,8.816763907366757e-06,1.9999999999999998,True,0.20219107969534986,299.99998470536303,1.5244498350573341,315.221123752782,1158.543735248174,0.0
computed_torque,5.0,esn,11,"demo_02 -3,-3 deg",,3.288134047805603e-05,0.0052174766253087175,0.6454301040860303,0.019999999999999796,True,1.17,False,0.0002566438225746835,2.0,True,0.1688438871445206,110.75512418314909,0.9929286009746193,2.023328541403945,1.6261753353849968,0.0
computed_torque,5.0,replay,11,"demo_02 -3,-3 deg",demo_02,0.03291511090027337,0.1272938800421417,2.0882988068454713,-0.020000000000000018,True,1.1300000000000001,False,8.84585587279385e-06,1.9999999999999998,True,0.19420081551072094,300.0000633355829,3.7750766969093306,518.8078027398844,3248.925499935452,0.0
computed_torque,5.0,esn,12,"demo_03 +3,+3 deg",,9.060104307062146e-05,0.008216298453358176,0.48322337271678495,-0.030000000000000027,True,1.09,False,0.00035251809658132395,1.9999999999999998,True,0.12786709631819926,69.74828889539147,1.012541105957148,3.566950949635776,5.232161678376575,0.0
computed_torque,5.0,replay,12,"demo_03 +3,+3 deg",demo_03,0.0303715729960532,0.11438157352109499,2.183335045228074,-0.020000000000000018,True,1.1,False,8.66901149474899e-06,2.0,True,0.17338867656745405,300.00001488564004,3.495754174835683,454.5357083205915,2505.8111628659663,0.0
computed_torque,5.0,esn,13,"demo_03 +3,-3 deg",,8.127899373959603e-05,0.008440512397428766,0.514317083230006,-0.030000000000000027,True,1.09,False,0.00034977919084842944,1.9999999999999998,True,0.1397287767844658,80.2247140864698,1.0078045890245055,3.5051830089819838,5.027584483806447,0.0
computed_torque,5.0,replay,13,"demo_03 +3,-3 deg",demo_03,0.013273373975629372,0.030838594993446964,1.9960789910231167,-0.020000000000000018,True,1.1,False,8.681553569814683e-06,2.0,True,0.16744622179120885,300.0000283748972,1.5244496276629775,304.8240745777546,1071.1314401875843,0.0
computed_torque,5.0,esn,14,"demo_03 -3,+3 deg",,5.623863600115204e-06,0.002430932858884608,0.510808988523008,-0.040000000000000036,True,1.06,False,0.00025155278142094335,2.0,True,0.11906581097146975,69.26495642675484,0.8479004748494056,2.8542459159544897,3.3340489958345008,0.0
computed_torque,5.0,replay,14,"demo_03 -3,+3 deg",demo_03,0.013273373194622663,0.05871512644790327,2.1291123610942737,-0.010000000000000009,True,1.09,False,9.015311484443284e-06,1.9999999999999998,True,0.17674330833079152,299.99998511443323,1.5244482959588446,298.5384238869475,1027.834396815041,0.0
computed_torque,5.0,esn,15,"demo_03 -3,-3 deg",,1.4429126130089304e-05,0.0029718317196820725,0.5493478505650053,-0.040000000000000036,True,1.07,False,0.00025690606356509416,2.0,True,0.13179966261214018,79.75294078480866,0.8680261653859556,2.7940603210306545,3.1679247804881596,0.0
computed_torque,5.0,replay,15,"demo_03 -3,-3 deg",demo_03,0.03106537547314977,0.13675854096995943,2.1706754174816347,-0.020000000000000018,True,1.09,False,9.028640547903448e-06,1.9999999999999998,True,0.17091752710020866,300.0000283748972,3.5604353353041005,473.3925698284726,2694.6881126002568,0.0
computed_torque,5.0,esn,16,"demo_04 +3,+3 deg",,0.00013038376059286305,0.004054955628335784,0.3831809269141323,-0.050000000000000044,True,1.09,False,0.00029025765114464307,1.9999999999999998,True,0.07873186663262899,51.82754969701524,1.0375805609607183,3.4406100205846055,5.01596218692244,0.0
computed_torque,5.0,replay,16,"demo_04 +3,+3 deg",demo_04,0.024882201847284097,0.061461784423052536,2.1615127585637133,-0.040000000000000036,True,1.1,False,8.463803984074294e-06,2.0,True,0.13885806125930447,300.0000144660549,2.868709450430553,337.1389592016487,1368.0348476810175,0.0
computed_torque,5.0,esn,17,"demo_04 +3,-3 deg",,0.0001094258658083912,0.0034749232434227147,0.3371154043389964,-0.040000000000000036,True,1.09,False,0.00029300138941143147,1.9999999999999998,True,0.08250870943571532,51.47590713854002,0.9945475075422316,3.4005153199976945,4.850311492970217,0.0
computed_torque,5.0,replay,17,"demo_04 +3,-3 deg",demo_04,0.013273374300219878,0.016292271454837692,2.028954690960108,-0.030000000000000027,True,1.1,False,8.442667048306426e-06,2.0,True,0.13681801836526278,300.0000144660549,1.5244501206706516,267.00222741378093,805.7109143137358,0.0
computed_torque,5.0,esn,18,"demo_04 -3,+3 deg",,9.710195201740961e-05,0.003953853003168233,0.33081899953604815,-0.06000000000000005,True,1.05,False,0.0002041098942608222,2.0,True,0.06404747837910554,41.49659949426763,0.8162810110198973,2.797861172805045,3.272217595005463,0.0
computed_torque,5.0,replay,18,"demo_04 -3,+3 deg",demo_04,0.013273372973726692,0.058693336172021736,2.1043268535203317,-0.010000000000000009,True,1.1,False,8.404577907621053e-06,2.0,True,0.14244005497771878,300.0000064345119,1.5244479310400487,259.40616896676715,765.1955625231536,0.0
computed_torque,5.0,esn,19,"demo_04 -3,-3 deg",,9.318030800622865e-05,0.0034491515392710537,0.40058757401628714,-0.06000000000000005,True,1.04,False,0.00019956064976808587,2.0,True,0.069224068335963,41.21022386805768,0.7762384825462183,2.7424161776331926,3.1288644261169467,0.0
computed_torque,5.0,replay,19,"demo_04 -3,-3 deg",demo_04,0.025896626767714172,0.11345128601081612,2.219329167577492,0.0,True,1.1,False,8.383448699821269e-06,2.0,True,0.14045204959259291,299.9999935655614,2.9632803830777483,359.92700923004713,1538.4565585960993,0.0
computed_torque,5.0,esn,20,"demo_05 +3,+3 deg",,0.00016107149630653592,0.004370001745413977,0.4553449853533302,-0.05999999999999983,True,1.11,False,0.00020223895688445387,1.9999999999999998,True,0.0799630523177841,42.56144442128621,1.0328084240598052,2.5294844695557126,2.591186174848924,0.0
computed_torque,5.0,replay,20,"demo_05 +3,+3 deg",demo_05,0.018003103197467295,0.009454014146724045,2.0612190233613528,-0.029999999999999805,True,1.1400000000000001,False,8.041730000140231e-06,2.0,True,0.13404837124858027,300.0000469734483,2.080529094508368,223.38789277309525,590.0803097661252,0.0
computed_torque,5.0,esn,21,"demo_05 +3,-3 deg",,7.264747062238247e-05,0.0025250538661725917,0.30571157758811496,-0.050000000000000044,True,1.1,False,0.00016474289171602546,2.0,True,0.068396718670518,35.265728912473726,0.9372492193181426,2.378029442698361,2.524673944747748,0.0
computed_torque,5.0,replay,21,"demo_05 +3,-3 deg",demo_05,0.013273373221735085,0.0566893651852601,2.0742064458379286,-0.020000000000000018,True,1.1300000000000001,False,8.362931503309246e-06,1.9999999999999998,True,0.13697701779796342,300.0000135840998,1.5244484675270644,228.077397658445,599.0854129603955,0.0
computed_torque,5.0,esn,22,"demo_05 -3,+3 deg",,4.7185937953509176e-05,0.006201952348113307,0.3094399267264794,-0.050000000000000044,True,1.1,False,0.00012109527216453146,2.0,True,0.06944810466664879,41.49122746033943,0.8681943968842325,1.811055435667929,1.4879096887275125,0.0
computed_torque,5.0,replay,22,"demo_05 -3,+3 deg",demo_05,0.013273374154481845,0.05868423487355851,2.0679636224499065,-0.020000000000000018,True,1.1300000000000001,False,8.35619993096875e-06,1.9999999999999998,True,0.13738056233073678,300.0000469734483,1.524449709308421,221.48915348475097,574.1215333864019,0.0
computed_torque,5.0,esn,23,"demo_05 -3,-3 deg",,0.00011376795341586493,0.010866787642732627,0.36715572021607024,-0.050000000000000044,True,1.08,False,9.953283151619976e-05,2.0,True,0.0569553071776238,31.113775870590697,0.7580873119111493,1.8096639300757813,1.4574407278441368,0.0
computed_torque,5.0,replay,23,"demo_05 -3,-3 deg",demo_05,0.01920387229902499,0.08355892616569999,2.139240231437986,0.0,True,1.1300000000000001,False,8.323004426443515e-06,1.9999999999999998,True,0.1402396394630842,299.99998641597347,2.192476986915965,243.15253701566473,687.7149261678949,0.0
computed_torque,5.0,esn,24,"demo_06 +3,+3 deg",,4.745476658124254e-05,0.00398847049462868,0.4514366276937547,-0.040000000000000036,True,1.11,False,0.000132462034950332,1.9999999999999998,True,0.09838252235604138,69.07827435087727,0.9434498164997317,0.9270861819479681,0.4229622460187106,0.0
computed_torque,5.0,replay,24,"demo_06 +3,+3 deg",demo_06,0.014288809761735122,0.03861033382320085,1.9794428040657128,-0.030000000000000027,True,1.12,False,7.810736850935592e-06,2.0,True,0.1471794967234051,300.0000743052015,1.653799287934555,177.3119150778273,366.52600968829046,0.0
computed_torque,5.0,esn,25,"demo_06 +3,-3 deg",,0.00014278559994294833,0.008332003910232382,0.33759705628354586,-0.030000000000000027,True,1.1,False,8.467369203247536e-05,2.0,True,0.08366708264499437,58.508546661544486,0.7858593459499051,0.92223298148848,0.3854326235033617,0.0
computed_torque,5.0,replay,25,"demo_06 +3,-3 deg",demo_06,0.013273371882196067,0.05866183429144675,2.1585409484766087,-0.010000000000000009,True,1.12,False,7.779084443550738e-06,2.0,True,0.15268707431617973,300.0000042879778,1.5244464130716533,211.40975759762333,531.2596535860746,0.0
computed_torque,5.0,esn,26,"demo_06 -3,+3 deg",,7.79455568778821e-05,0.003376858455621727,0.45275993379007873,-0.040000000000000036,True,1.11,False,0.00015945792916091984,1.9999999999999998,True,0.10243137243259746,69.42995058648398,0.9464306749860993,1.3935963875498782,0.895121285497958,0.0
computed_torque,5.0,replay,26,"demo_06 -3,+3 deg",demo_06,0.013273375500810161,0.0365033822034284,2.0881712202040172,-0.030000000000000027,True,1.12,False,7.805739357856582e-06,2.0,True,0.146851679576695,300.0000743052015,1.524451767939185,206.13050898547988,514.7421909910248,0.0
computed_torque,5.0,esn,27,"demo_06 -3,-3 deg",,0.0001570564259569075,0.006488687869554659,0.34764723998334407,-0.030000000000000027,True,1.1,False,0.00012792104187425756,2.0,True,0.08841324107129721,58.93725849164105,0.7966107301513842,1.3961256955260963,0.8395099072674858,0.0
computed_torque,5.0,replay,27,"demo_06 -3,-3 deg",demo_06,0.015490979716722272,0.06710869150097014,2.020839012815098,-0.010000000000000009,True,1.12,False,7.77420820744612e-06,2.0,True,0.15237110684764388,299.9999957120892,1.7658882868689136,193.14966170947292,428.0731319529975,0.0
computed_torque,5.0,esn,28,"demo_07 +3,+3 deg",,8.671502560833429e-05,0.00386319937423303,0.3381484565327853,-0.040000000000000036,True,1.07,False,0.00022882989960786837,2.0,True,0.09192092064433412,48.746718846936645,0.8560743079484663,2.7001159264149117,3.2099536406385902,0.0
computed_torque,5.0,replay,28,"demo_07 +3,+3 deg",demo_07,0.01800310112398654,0.08098043669203021,2.046681907978854,-0.020000000000000018,True,1.09,False,8.716864214894847e-06,1.9999999999999998,True,0.15259476485763027,300.00000574038125,2.0805258994777893,223.3878715511361,591.8557133285033,0.0
computed_torque,5.0,esn,29,"demo_07 +3,-3 deg",,7.693785798956484e-05,0.004096416215849885,0.308323291376978,-0.030000000000000027,True,1.07,False,0.000220817575565813,2.0,True,0.08371167337362,48.46663232538815,0.830509680746264,2.7418213533372255,3.291307422348018,0.0
computed_torque,5.0,replay,29,"demo_07 +3,-3 deg",demo_07,0.013273373093615027,0.05870434149079002,2.2172552505442735,-0.010000000000000009,True,1.09,False,8.713230801172227e-06,1.9999999999999998,True,0.1541591078002178,299.99999425968565,1.5244481380279231,228.07737428159538,600.8616160976676,0.0
computed_torque,5.0,esn,30,"demo_07 -3,+3 deg",,3.713908926626141e-05,0.005703318784249595,0.42922212064220294,-0.040000000000000036,True,1.08,False,0.0003004549231412058,2.0,True,0.10684956837613167,59.887965719770655,1.0160361977381,3.3648763032801163,4.972903628913261,0.0
computed_torque,5.0,replay,30,"demo_07 -3,+3 deg",demo_07,0.013273374087151657,0.024639226065575878,2.1308069957707554,-0.030000000000000027,True,1.09,False,8.764828538246037e-06,1.9999999999999998,True,0.14877508999785374,300.0000148617748,1.5244497985002499,221.48917470670963,576.0847488577913,0.0
computed_torque,5.0,esn,31,"demo_07 -3,-3 deg",,6.771042770375196e-05,0.004707915625636286,0.3935250257660736,-0.050000000000000044,True,1.07,False,0.00028103828516706255,2.0,True,0.09962216395106435,59.53463418603141,1.0090448590594854,3.4173162015193714,5.091268070208936,0.0
computed_torque,5.0,replay,31,"demo_07 -3,-3 deg",demo_07,0.019203874465040544,0.05746215763016717,2.0376174353881833,-0.030000000000000027,True,1.09,False,8.761379364354132e-06,1.9999999999999998,True,0.15037917295846917,300.0000148617748,2.192480257592304,243.15256039251383,689.6783024425908,0.0
computed_torque,10.0,esn,0,"demo_00 +3,+3 deg",,0.00015907376687821387,0.007226210108895769,0.3131157022235057,0.010000000000000009,True,1.11,False,6.090433498778668e-05,1.9999999999999998,True,0.02073826582832005,28.2864988969652,0.674799807579795,3.2212339221336523,1.5494593948013962,0.0
computed_torque,10.0,replay,0,"demo_00 +3,+3 deg",demo_00,0.029925575529792425,0.11565544130221315,2.0997193941247274,0.030000000000000027,True,1.1300000000000001,False,4.500702894970302e-09,1.9999999999999998,True,0.11292473919262459,299.999993128919,3.3724834684059535,414.94022109157686,1986.2918695618066,0.0
computed_torque,10.0,esn,1,"demo_00 +3,-3 deg",,0.0001506763055469571,0.003208888424152761,0.12665573685841697,0.0,True,1.1300000000000001,False,4.3946924104966915e-05,1.9999999999999998,True,0.024107206186696168,28.45150268907099,0.7929259326021335,2.569583720904436,1.723883036875342,0.0
computed_torque,10.0,replay,1,"demo_00 +3,-3 deg",demo_00,0.01595413528488562,0.06106498912371676,2.1410911120614946,0.0,True,1.1300000000000001,False,4.500797867977193e-09,1.9999999999999998,True,0.11244849765427135,300.00005802077425,1.7900692408226138,328.61808632185887,1165.3906777424484,0.0
computed_torque,10.0,esn,2,"demo_00 -3,+3 deg",,0.00013379997703457603,0.0015180346354903313,0.13279247558197382,0.010000000000000009,True,1.1400000000000001,False,2.6841137346065757e-05,2.0,True,0.026866674557232153,38.415606153861404,0.8835495261729055,2.583920093711052,2.676611095431127,0.0
computed_torque,10.0,replay,2,"demo_00 -3,+3 deg",demo_00,0.015954136188955845,0.05472766456638871,2.1373360978799347,0.0,True,1.1300000000000001,False,4.500832392459129e-09,1.9999999999999998,True,0.11315589010008549,300.00000687114795,1.7900707093491675,319.26916742339523,1108.6364205884877,0.0
computed_torque,10.0,esn,3,"demo_00 -3,-3 deg",,0.00017088002300234917,0.006998703027860103,0.3816146872597403,0.019999999999999796,True,1.17,False,2.7229103787682292e-05,2.0,True,0.02977636465280501,38.56062272562718,1.0036650458700835,2.7145767374777474,2.982488710645127,0.0
computed_torque,10.0,replay,3,"demo_00 -3,-3 deg",demo_00,0.031109147434764027,0.01790246169628409,2.0661702179763966,-0.020000000000000018,True,1.1300000000000001,False,4.5009275508741696e-09,1.9999999999999998,True,0.11268062551886648,300.00005802077425,3.4755947922816284,442.9871280090051,2226.5642593327243,0.0
computed_torque,10.0,esn,4,"demo_01 +3,+3 deg",,0.0001518884648117941,0.009994899848426043,0.3737430965902923,0.0,True,1.1300000000000001,False,4.6124363014601005e-05,1.9999999999999998,True,0.04266619756403872,67.59595040849996,0.7265679211764057,2.8904766654735146,0.369012218685311,0.0
computed_torque,10.0,replay,4,"demo_01 +3,+3 deg",demo_01,0.03651807659766105,0.14053422575941812,2.1173129994530915,0.029999999999999805,True,1.16,False,5.4616432255998635e-09,2.0,True,0.11856655134616208,300.00001034139393,4.107543755329984,559.4285384680911,3636.754912393395,0.0
computed_torque,10.0,esn,5,"demo_01 +3,-3 deg",,0.00013103136899017407,0.0021996213114823067,0.19751289740643632,0.019999999999999796,True,1.17,False,5.729936191507178e-05,2.0,True,0.049099942975334876,78.02569039413686,0.8420411758132103,1.862447911082252,0.3236133842823161,0.0
computed_torque,10.0,replay,5,"demo_01 +3,-3 deg",demo_01,0.015954134471012203,0.0610588629390757,2.0682138935462264,0.009999999999999787,True,1.16,False,5.461723636104129e-09,2.0,True,0.11816342951623633,300.00008649774975,1.790068149258733,375.16806443602326,1548.8432089718724,0.0
computed_torque,10.0,esn,6,"demo_01 -3,+3 deg",,0.0001549543828294249,0.0019481477896297582,0.14618030215818334,0.019999999999999796,True,1.17,False,5.522975338954079e-05,2.0,True,0.042182538903780716,67.57708867866316,0.8534870195548636,2.2257118579657518,0.38645650703457396,0.0
computed_torque,10.0,replay,6,"demo_01 -3,+3 deg",demo_01,0.015954137009897985,0.058310572215655755,2.068918139774492,0.009999999999999787,True,1.16,False,5.461717726469441e-09,2.0,True,0.11870150591496396,299.99998965867303,1.7900718080440212,367.4319319411855,1487.9946656919544,0.0
computed_torque,10.0,esn,7,"demo_01 -3,-3 deg",,0.00013424688290097618,0.009576966553769587,0.336444258699123,0.030000000000000027,True,1.2,False,7.037719793555978e-05,2.0,True,0.04876808092484857,78.05232760865668,0.9815611413023498,2.0612686248332572,0.4278957239486251,0.0
computed_torque,10.0,replay,7,"demo_01 -3,-3 deg",demo_01,0.03732756349930833,0.0876008459638274,2.0678401649353124,-0.010000000000000009,True,1.16,False,5.461797581959016e-09,2.0,True,0.11829884396475152,300.00008649774975,4.178066165270237,582.637036371639,3902.774347624924,0.0
computed_torque,10.0,esn,8,"demo_02 +3,+3 deg",,4.1236904184136325e-05,0.0015699246860790442,0.263259723875082,0.029999999999999805,True,1.16,False,5.89143323739928e-05,2.0,True,0.06710731996109684,98.78945424996827,0.8969676590715076,2.912043830498978,2.826996248329075,0.0
computed_torque,10.0,replay,8,"demo_02 +3,+3 deg",demo_02,0.03898031797781396,0.14975193093967848,2.13074719453821,0.020000000000000018,True,1.1500000000000001,False,5.119926749455652e-09,1.9999999999999998,True,0.12879612401658694,300.00001529471024,4.380878678982279,621.0261739438823,4490.857482752035,0.0
computed_torque,10.0,esn,9,"demo_02 +3,-3 deg",,5.447412288586848e-05,0.003021327416231484,0.2513250652473128,0.039999999999999813,True,1.18,False,6.223670542841697e-05,2.0,True,0.07413303535011576,109.91868308041276,0.9410593472209156,2.8909529878354436,2.728891149562765,0.0
computed_torque,10.0,replay,9,"demo_02 +3,-3 deg",demo_02,0.015954135020367778,0.06091628077846098,2.029217322981612,0.010000000000000009,True,1.1500000000000001,False,5.120012242820538e-09,1.9999999999999998,True,0.12879421983105185,300.0000633355829,1.7900689574736366,393.7999642538715,1732.0638205898356,0.0
computed_torque,10.0,esn,10,"demo_02 -3,+3 deg",,4.352284231918099e-05,0.0022398838398656412,0.28114574587105257,0.019999999999999796,True,1.16,False,5.7978408360715366e-05,2.0,True,0.06506533832069744,98.49770594681739,0.8689579419144634,2.1819034663041514,1.5582147704132678,0.0
computed_torque,10.0,replay,10,"demo_02 -3,+3 deg",demo_02,0.01595413658518528,0.06070335333613714,2.0370450253211243,0.010000000000000009,True,1.1500000000000001,False,5.119980061066337e-09,1.9999999999999998,True,0.12869524096241186,299.99998470536303,1.7900711402170109,387.96446000342405,1681.5883292096278,0.0
computed_torque,10.0,esn,11,"demo_02 -3,-3 deg",,3.952309738819644e-05,0.0042590110106608715,0.2593535498260917,0.039999999999999813,True,1.19,False,6.944873429797548e-05,2.0,True,0.07236576726214214,109.6742030430689,0.9417198751776662,2.1470625738837943,1.4949759897073094,0.0
computed_torque,10.0,replay,11,"demo_02 -3,-3 deg",demo_02,0.03955446708189416,0.13233530066589147,2.0839629361648866,0.0,True,1.1500000000000001,False,5.120065711134967e-09,1.9999999999999998,True,0.1286933352841806,300.0000633355829,4.430896605611175,638.5326802952424,4712.061539709858,0.0
computed_torque,10.0,esn,12,"demo_03 +3,+3 deg",,0.00010889978001463466,0.005905249490978234,0.2186766832787887,0.030000000000000027,True,1.1500000000000001,False,7.022984306964454e-05,1.9999999999999998,True,0.053124966379782056,68.80770610884422,0.9754553799974065,3.6914528306135033,4.932820582420831,0.0
computed_torque,10.0,replay,12,"demo_03 +3,+3 deg",demo_03,0.03651807928119602,0.11877242111711615,2.160188692565858,0.0,True,1.12,False,2.652472462629067e-09,2.0,True,0.12166300881089451,300.00001488564004,4.1075477684974455,559.4285640868818,3640.29453170172,0.0
computed_torque,10.0,esn,13,"demo_03 +3,-3 deg",,9.769519715946752e-05,0.005879510767402928,0.20818974932241788,0.030000000000000027,True,1.1500000000000001,False,7.413322550727925e-05,1.9999999999999998,True,0.05829029526051997,79.1897666971484,0.9675192995664414,3.636559823239052,4.7260764646231355,0.0
computed_torque,10.0,replay,13,"demo_03 +3,-3 deg",demo_03,0.01595413630763799,0.03199116846242581,2.0234959636721968,0.0,True,1.12,False,2.6525384507305766e-09,2.0,True,0.12178905918406047,300.0000283748972,1.7900708881820528,375.1680917880056,1552.2961279354286,0.0
computed_torque,10.0,esn,14,"demo_03 -3,+3 deg",,6.759711247385429e-06,0.0020996974224567104,0.30082200139961285,0.010000000000000009,True,1.11,False,5.297697388590937e-05,1.9999999999999998,True,0.04963091221687732,68.37806428960315,0.8144144609738407,2.9633825093742043,3.097572656544763,0.0
computed_torque,10.0,replay,14,"demo_03 -3,+3 deg",demo_03,0.015954135368946576,0.06106323203300008,2.058436290238575,0.020000000000000018,True,1.12,False,2.652414209450826e-09,2.0,True,0.1214653712815778,299.99998511443323,1.790069290213569,367.4319063223969,1491.1342583230305,0.0
computed_torque,10.0,esn,15,"demo_03 -3,-3 deg",,1.7343429528807924e-05,0.0023128881901273066,0.30404457585430683,0.010000000000000009,True,1.12,False,5.5431242776452735e-05,2.0,True,0.055186182686835956,78.7748517708924,0.8306894426474775,2.910243385342907,2.935836823716921,0.0
computed_torque,10.0,replay,15,"demo_03 -3,-3 deg",demo_03,0.03732756080608123,0.1420734374433009,2.154525019495911,0.010000000000000009,True,1.12,False,2.65248020306126e-09,2.0,True,0.1215916265397841,300.0000283748972,4.178062196890979,582.6370090196585,3905.826146577445,0.0
computed_torque,10.0,esn,16,"demo_04 +3,+3 deg",,0.00015671698091149664,0.004366084503014096,0.27322380602505303,0.019999999999999796,True,1.16,False,4.8900962254885164e-05,2.0,True,0.0325136063396349,51.06267515384498,1.0059556866682728,3.552029700894177,4.701419855398056,0.0
computed_torque,10.0,replay,16,"demo_04 +3,+3 deg",demo_04,0.029925579233255027,0.06379676427689766,2.16231678255701,-0.020000000000000018,True,1.12,False,4.7057427204327425e-09,2.0,True,0.11393492707564044,300.0000144660549,3.3724890963867225,414.9402574789522,1988.0548990052232,0.0
computed_torque,10.0,esn,17,"demo_04 +3,-3 deg",,0.00013152646943784003,0.003360779232640919,0.1886198693986614,0.020000000000000018,True,1.1500000000000001,False,2.9788791549828426e-05,1.9999999999999998,True,0.03405448681582976,50.6988316194243,0.9642376615157953,3.5109046549731673,4.547453184071406,0.0
computed_torque,10.0,replay,17,"demo_04 +3,-3 deg",demo_04,0.015954136695981475,0.01696326894686898,2.0396481442278445,-0.010000000000000009,True,1.12,False,4.7056393606419335e-09,2.0,True,0.11401013515125392,300.0000144660549,1.7900714743166637,328.61812604773036,1167.070128139493,0.0
computed_torque,10.0,esn,18,"demo_04 -3,+3 deg",,0.00011671339863055923,0.0019690495086951976,0.2378664169211332,0.0,True,1.11,False,4.5545452125834705e-06,1.9999999999999998,True,0.026544680265306767,40.91057506453359,0.7909955420496533,2.8940223948454307,3.0191294313131927,0.0
computed_torque,10.0,replay,18,"demo_04 -3,+3 deg",demo_04,0.015954135101589145,0.06105764416482818,2.0660069991666736,0.010000000000000009,True,1.12,False,4.705599951831148e-09,2.0,True,0.11375701155622847,300.0000064345119,1.7900688467736734,319.2691310360211,1109.8319943476752,0.0
computed_torque,10.0,esn,19,"demo_04 -3,-3 deg",,0.00011199931017702058,0.0013978947033220304,0.31568929356716474,-0.010000000000000009,True,1.09,False,1.811631222178409e-05,1.9999999999999998,True,0.02869499800092435,40.61778913368029,0.7521227410323276,2.8379746933386434,2.8952399270587557,0.0
computed_torque,10.0,replay,19,"demo_04 -3,-3 deg",demo_04,0.031109143668429776,0.11790103983992352,2.193597063060385,0.020000000000000018,True,1.12,False,4.705496378239334e-09,2.0,True,0.11383233717920221,299.9999935655614,3.4755891767214315,442.98708828313494,2227.675054817545,0.0
computed_torque,10.0,esn,20,"demo_05 +3,+3 deg",,0.00019360326595266311,0.0066605161524861305,0.31391086383546224,0.030000000000000027,True,1.2,False,0.00013532358861466403,2.0,True,0.0330134632254903,41.849897976923046,0.9949690351446442,3.1132116548377997,2.3330508442803595,0.0
computed_torque,10.0,replay,20,"demo_05 +3,+3 deg",demo_05,0.021660181162319006,0.009414316578033214,2.073211920234015,-0.010000000000000009,True,1.16,False,5.4484383560930655e-09,2.0,True,0.11331284099851185,300.0000469734483,2.4476686680125095,274.93894495150187,857.8735065329545,0.0
computed_torque,10.0,esn,21,"demo_05 +3,-3 deg",,8.731989238667288e-05,0.003131236727399419,0.13146580216412262,0.029999999999999805,True,1.18,False,8.503583811412381e-05,2.0,True,0.028292245920846625,34.83398461131286,0.9041855634851311,2.4639970044592205,2.268690774131406,0.0
computed_torque,10.0,replay,21,"demo_05 +3,-3 deg",demo_05,0.01595413539779665,0.05892905776308541,2.0583899785568245,0.009999999999999787,True,1.16,False,5.448358983426206e-09,2.0,True,0.11337313336964225,300.0000135840998,1.790069485201161,280.7106432719323,868.3195984534264,0.0
computed_torque,10.0,esn,22,"demo_05 -3,+3 deg",,5.6716194149495706e-05,0.0028115687393470297,0.12743771036743606,0.019999999999999796,True,1.17,False,6.1893851397921e-05,2.0,True,0.028572636422624392,40.812597578402126,0.8370373442603158,1.8577652660551853,1.3148530150365592,0.0
computed_torque,10.0,replay,22,"demo_05 -3,+3 deg",demo_05,0.01595413651909871,0.06097236512708745,2.057922132026059,0.009999999999999787,True,1.16,False,5.448365133628998e-09,2.0,True,0.1133052522226983,300.0000469734483,1.7900709752799902,272.602035058155,833.0415832865572,0.0
computed_torque,10.0,esn,23,"demo_05 -3,-3 deg",,0.00013674522264815828,0.008657383712357037,0.280934715423808,0.010000000000000009,True,1.1400000000000001,False,4.5675778659196975e-05,2.0,True,0.023567579590509233,30.555946588308103,0.7318268420650166,1.881781032566042,1.3011407433163207,0.0
computed_torque,10.0,replay,23,"demo_05 -3,-3 deg",demo_05,0.02306117176322659,0.08685980557395832,2.1019564671126476,0.029999999999999805,True,1.16,False,5.448285760880985e-09,2.0,True,0.11336554862984546,299.99998641597347,2.569715002074324,299.2646609423566,995.1844832393627,0.0
computed_torque,10.0,esn,24,"demo_06 +3,+3 deg",,5.7039324633462866e-05,0.00489853068105454,0.26612645024782355,0.019999999999999796,True,1.17,False,4.3872382037128586e-05,2.0,True,0.03965552813346468,67.96531002743997,0.9134459179841148,0.9348893107475625,0.4211177770439628,0.0
computed_torque,10.0,replay,24,"demo_06 +3,+3 deg",demo_06,0.017195471770594203,0.040264753449867026,1.9786564871863088,-0.010000000000000009,True,1.1400000000000001,False,5.4178738900373e-09,2.0,True,0.11563202954716562,300.0000743052015,1.9465415013169791,218.2300493265567,533.1014269437677,0.0
computed_torque,10.0,esn,25,"demo_06 +3,-3 deg",,0.00017162335871793766,0.006185200854483122,0.1495957884195983,0.020000000000000018,True,1.1500000000000001,False,4.8331708538674166e-05,1.9999999999999998,True,0.03369127747733873,57.53869742208212,0.760454876504859,1.0132278975746078,0.3886191905838614,0.0
computed_torque,10.0,replay,25,"demo_06 +3,-3 deg",demo_06,0.015954133787529592,0.061044813836412755,2.11453839732228,0.010000000000000009,True,1.1400000000000001,False,5.41778018138938e-09,2.0,True,0.11577738251042564,300.0000042879778,1.790067019781822,260.19662473553643,770.605288781103,0.0
computed_torque,10.0,esn,26,"demo_06 -3,+3 deg",,9.368820786166319e-05,0.0038416495655097666,0.2546365476982034,0.009999999999999787,True,1.16,False,4.870283819544918e-05,2.0,True,0.041308007214809726,68.29942133720795,0.9170686640933701,1.354181088535242,0.860539287364152,0.0
computed_torque,10.0,replay,26,"demo_06 -3,+3 deg",demo_06,0.015954138137287393,0.037965240828737964,2.1015250391050557,-0.010000000000000009,True,1.1400000000000001,False,5.417817013732577e-09,2.0,True,0.11589841148825498,300.0000743052015,1.7900734453425893,253.69908798212904,747.3180803157395,0.0
computed_torque,10.0,esn,27,"demo_06 -3,-3 deg",,0.00018877627571689342,0.005316403598134647,0.14692943198993624,0.010000000000000009,True,1.1400000000000001,False,5.662460036988952e-05,2.0,True,0.035603815843572015,57.933317845179985,0.7714010747118337,1.3503077964465675,0.8109144450286793,0.0
computed_torque,10.0,replay,27,"demo_06 -3,-3 deg",demo_06,0.018598119127296312,0.06975838907393005,1.9893424093854675,0.010000000000000009,True,1.1400000000000001,False,5.417723349995242e-09,2.0,True,0.11604343078894946,299.9999957120892,2.06874540206707,237.7226605655051,619.7298238585662,0.0
computed_torque,10.0,esn,28,"demo_07 +3,+3 deg",,0.00010422859039821745,0.0011233995132512757,0.12595398222749063,0.010000000000000009,True,1.12,False,6.64435940669576e-05,2.0,True,0.03758374148214264,47.98783756887333,0.8251811892440875,2.7468238296653267,2.919263440645923,0.0
computed_torque,10.0,replay,28,"demo_07 +3,+3 deg",demo_07,0.02166017866518048,0.08424621639945541,2.0216875051075993,0.0,True,1.11,False,2.703755145149383e-09,1.9999999999999998,True,0.11649286252479497,300.00000574038125,2.447664820165346,274.9389188321675,859.4172903879866,0.0
computed_torque,10.0,esn,29,"demo_07 +3,-3 deg",,9.247694926521659e-05,0.0014464202311652967,0.12867403976291183,0.010000000000000009,True,1.11,False,6.120084517824049e-05,1.9999999999999998,True,0.03436467515460033,47.696627745204054,0.7999686317536376,2.791219112263062,2.9958139242045934,0.0
computed_torque,10.0,replay,29,"demo_07 +3,-3 deg",demo_07,0.01595413524734547,0.06106103868914465,2.1681458525941872,0.010000000000000009,True,1.11,False,2.7036932811553363e-09,1.9999999999999998,True,0.11617677841580258,299.99999425968565,1.7900691001371327,280.7106145004251,869.8721080844045,0.0
computed_torque,10.0,esn,30,"demo_07 -3,+3 deg",,4.463997731084381e-05,0.002461864904147127,0.2603749725924171,0.010000000000000009,True,1.1300000000000001,False,9.154658478091131e-05,1.9999999999999998,True,0.04414512980642426,58.96400596904853,0.9782245455450128,3.4468831749056847,4.47510670899926,0.0
computed_torque,10.0,replay,30,"demo_07 -3,+3 deg",demo_07,0.01595413644150668,0.025544586515435255,2.1491361576776358,-0.010000000000000009,True,1.11,False,2.703835120584425e-09,1.9999999999999998,True,0.11673478245911316,300.0000148617748,1.7900710926362977,272.60206117748874,835.0487807404394,0.0
computed_torque,10.0,esn,31,"demo_07 -3,-3 deg",,8.138577599177447e-05,0.002736141548195506,0.2620928994904396,0.010000000000000009,True,1.1300000000000001,False,7.292803675456404e-05,1.9999999999999998,True,0.04132550530612751,58.59103053846858,0.9708633824143832,3.4994877429742375,4.587651909563244,0.0
computed_torque,10.0,replay,31,"demo_07 -3,-3 deg",demo_07,0.023061174361671984,0.05985835882601614,2.0301085405980066,-0.010000000000000009,True,1.11,False,2.7037732631575843e-09,1.9999999999999998,True,0.11641935517614849,300.0000148617748,2.5697189110982586,299.2646897138631,997.200753643575,0.0
computed_torque,20.0,esn,0,"demo_00 +3,+3 deg",,0.00020899269074602255,0.006395913412136382,0.29944644292906475,0.010000000000000009,True,1.11,False,5.18064472639655e-05,1.9999999999999998,True,0.007128093687910567,27.923512576444097,0.6568823572388635,4.429196642933772,1.537538302737764,0.0
computed_torque,20.0,replay,0,"demo_00 +3,+3 deg",demo_00,0.03936012034782069,0.1186719248218671,2.088606268451995,0.030000000000000027,True,1.1300000000000001,False,4.963554912754957e-11,1.9999999999999998,True,0.0918327763371701,299.999993128919,4.192824567734108,570.5428040009182,3526.3553163639235,0.0
computed_torque,20.0,esn,1,"demo_00 +3,-3 deg",,0.00019795883011820985,0.002313663496309509,0.08781117556493966,0.0,True,1.1300000000000001,False,3.828654978425566e-05,1.9999999999999998,True,0.008284175214403097,28.08941016824275,0.7718503418610917,3.533177616243599,1.6797281987889772,0.0
computed_torque,20.0,replay,1,"demo_00 +3,-3 deg",demo_00,0.020960451373207616,0.06262936521497063,2.1311309986769795,0.0,True,1.1300000000000001,False,4.963554912754957e-11,1.9999999999999998,True,0.09190356878151457,300.00005802077425,2.2213197228962462,451.84986869255596,2058.319759149109,0.0
computed_torque,20.0,esn,2,"demo_00 -3,+3 deg",,0.0001757859653477179,0.0016824482765064536,0.10780700070138004,0.010000000000000009,True,1.1400000000000001,False,2.9122753153570336e-05,2.0,True,0.009194327567767965,37.88412924285713,0.8592814380569835,2.8554914033906735,2.503175112755222,0.0
computed_torque,20.0,replay,2,"demo_00 -3,+3 deg",demo_00,0.020960452560981266,0.05608412603290049,2.1343462659394787,0.0,True,1.1300000000000001,False,4.963554912754957e-11,1.9999999999999998,True,0.09193413661893857,300.00000687114795,2.221321644771601,438.99510520716854,1963.2996897538003,0.0
computed_torque,20.0,esn,3,"demo_00 -3,-3 deg",,0.00022450345236119123,0.00814058507150258,0.3802496583551608,0.009999999999999787,True,1.16,False,4.1836098791154474e-05,2.0,True,0.010245519172354615,38.038470568238026,0.976333862299606,2.8331757063149747,2.779765662459075,0.0
computed_torque,20.0,replay,3,"demo_00 -3,-3 deg",demo_00,0.0408273982844922,0.018123715118334514,2.0626887982994475,-0.020000000000000018,True,1.1300000000000001,False,4.963554912754957e-11,1.9999999999999998,True,0.09200485107240558,300.00005802077425,4.304760973464998,609.1073010123821,3926.5803821259647,0.0
computed_torque,20.0,esn,4,"demo_01 +3,+3 deg",,0.00019955184181020806,0.0092572671446339,0.301820184580902,0.0,True,1.1300000000000001,False,3.210176717934281e-05,1.9999999999999998,True,0.014558033394627096,66.46411451986305,0.7033210490926903,3.974405415026083,0.42378710247147044,0.0
computed_torque,20.0,replay,4,"demo_01 +3,+3 deg",demo_01,0.0480077042895759,0.14416945072408827,2.0978171982205294,0.020000000000000018,True,1.1500000000000001,False,6.764022434821172e-11,1.9999999999999998,True,0.09266862952989198,300.00001034139393,5.102457206854025,769.2142403936253,6450.53583503261,0.0
computed_torque,20.0,esn,5,"demo_01 +3,-3 deg",,0.0001721491487594598,0.0010815500202864823,0.07669649297032166,0.009999999999999787,True,1.16,False,3.65546101071084e-05,2.0,True,0.016787874908593094,76.68361391514112,0.815059205245134,2.5616408345720116,0.34637515223561166,0.0
computed_torque,20.0,replay,5,"demo_01 +3,-3 deg",demo_01,0.02096045030340165,0.06262745963422042,2.062683939628844,0.0,True,1.1500000000000001,False,6.764022434821172e-11,1.9999999999999998,True,0.09298167190329906,300.00008649774975,2.2213182942423253,515.856088599532,2738.1493909197065,0.0
computed_torque,20.0,esn,6,"demo_01 -3,+3 deg",,0.00020357907474550545,0.0012481801301798827,0.05573601079104803,0.009999999999999787,True,1.16,False,3.7730406444334345e-05,2.0,True,0.014438768029334288,66.46175822656909,0.8283874498646187,3.1217862870953805,0.44116483794225986,0.0
computed_torque,20.0,replay,6,"demo_01 -3,+3 deg",demo_01,0.02096045363955051,0.05979154739600578,2.0588721347677477,0.0,True,1.1500000000000001,False,6.764022434821172e-11,1.9999999999999998,True,0.09258927780657879,299.99998965867303,2.2213230815824634,505.21890641913,2636.5393193661534,0.0
computed_torque,20.0,esn,7,"demo_01 -3,-3 deg",,0.00017637455108924957,0.010590499042256061,0.347230321070188,0.010000000000000009,True,1.18,False,5.388890428794144e-05,2.0,True,0.01673453650782461,76.72776584931812,0.9524073394510444,2.9223340456343823,0.4481064506600714,0.0
computed_torque,20.0,replay,7,"demo_01 -3,-3 deg",demo_01,0.049011223759720855,0.0897985734415141,2.072854986618495,-0.019999999999999796,True,1.1500000000000001,False,6.764022434821172e-11,1.9999999999999998,True,0.09290258756207082,300.00008649774975,5.179015294123334,801.1259250110036,6893.915241305394,0.0
computed_torque,20.0,esn,8,"demo_02 +3,+3 deg",,5.417847901085249e-05,0.0009679837889204164,0.10585847328122343,0.010000000000000009,True,1.1400000000000001,False,3.1639940168930324e-05,2.0,True,0.022890619320474877,97.0326315025277,0.8622542562532507,3.0443903073000076,2.5642051701296067,0.0
computed_torque,20.0,replay,8,"demo_02 +3,+3 deg",demo_02,0.05123394051576822,0.15359810185755043,2.110188422376792,0.010000000000000009,True,1.1400000000000001,False,6.343653842129811e-11,2.0,True,0.09433436836593803,300.00001529471024,5.440053490371089,853.9109891728383,7958.540302166706,0.0
computed_torque,20.0,esn,9,"demo_02 +3,-3 deg",,7.156991225836654e-05,0.0020347868310754066,0.0923098453736475,0.010000000000000009,True,1.1500000000000001,False,3.813826566768154e-05,1.9999999999999998,True,0.025370772165802195,107.927619790354,0.9029269415523112,3.026254769619645,2.4759014510468442,0.0
computed_torque,20.0,replay,9,"demo_02 +3,-3 deg",demo_02,0.020960451020556308,0.0624481552091602,2.029870602180322,0.0,True,1.1400000000000001,False,6.343653842129811e-11,2.0,True,0.09485305519053776,300.0000633355829,2.2213193402077698,541.4749508490734,3061.4787970314933,0.0
computed_torque,20.0,esn,10,"demo_02 -3,+3 deg",,5.718097532761868e-05,0.0018797947070687282,0.12212920644914725,0.010000000000000009,True,1.1500000000000001,False,3.008001593238923e-05,1.9999999999999998,True,0.022234354408241935,96.76775058575362,0.8353319898274367,2.283869070657914,1.3890659368936475,0.0
computed_torque,20.0,replay,10,"demo_02 -3,+3 deg",demo_02,0.0209604530769222,0.06224897496158787,2.0160904015193983,0.0,True,1.1400000000000001,False,6.343653842129811e-11,2.0,True,0.09410261716502595,299.99998470536303,2.2213221962850866,533.4511325047081,2977.5225953727436,0.0
computed_torque,20.0,esn,11,"demo_02 -3,-3 deg",,5.192742093682342e-05,0.003828937594776243,0.12345593896248715,0.019999999999999796,True,1.17,False,4.3874862564645056e-05,2.0,True,0.024810872564929035,107.74196683952569,0.9045347371871458,2.250772414946356,1.3312891630507222,0.0
computed_torque,20.0,replay,11,"demo_02 -3,-3 deg",demo_02,0.0519457114163564,0.13576852006020487,2.0880792032886957,-0.010000000000000009,True,1.1400000000000001,False,6.343653842129811e-11,2.0,True,0.09462257437464988,300.0000633355829,5.494351701765046,877.9824354059583,8327.737888100743,0.0
computed_torque,20.0,esn,12,"demo_03 +3,+3 deg",,0.00014307326575163204,0.004513110258395232,0.19760023613534122,0.020000000000000018,True,1.1400000000000001,False,3.965097323288031e-05,2.0,True,0.017951010184248734,67.57628634634145,0.9457549011445037,3.8599258664261455,4.603779013431427,0.0
computed_torque,20.0,replay,12,"demo_03 +3,+3 deg",demo_03,0.048007707822346056,0.12173874000543451,2.1535042833070066,0.0,True,1.12,False,1.7534841441805672e-11,2.0,True,0.09319741614428663,300.00001488564004,5.10246247370504,769.2142756194625,6453.9098753998005,0.0
computed_torque,20.0,esn,13,"demo_03 +3,-3 deg",,0.00012835321114712279,0.004368246823878724,0.1628566096895639,0.020000000000000018,True,1.1400000000000001,False,4.383456090907477e-05,2.0,True,0.019748034779270587,77.76990380175363,0.9360951276107136,3.800092842096012,4.398366854648008,0.0
computed_torque,20.0,replay,13,"demo_03 +3,-3 deg",demo_03,0.020960452709328337,0.03276674028656594,2.0245606605256197,0.0,True,1.12,False,1.7534841441805672e-11,2.0,True,0.09355110539402903,300.0000283748972,2.221321860060651,515.8561262085077,2741.456163148715,0.0
computed_torque,20.0,esn,14,"demo_03 -3,+3 deg",,8.880937482086023e-06,0.002745933777557871,0.2064690880599489,0.0,True,1.1,False,1.7299065571776397e-05,2.0,True,0.01679337067969606,67.18957151032878,0.78754237411301,3.098432426621791,2.827837345084573,0.0
computed_torque,20.0,replay,14,"demo_03 -3,+3 deg",demo_03,0.0209604514762114,0.06262910413113482,2.03917646237186,0.020000000000000018,True,1.12,False,1.7534841441805672e-11,2.0,True,0.09297757078766122,299.99998511443323,2.2213197687995954,505.21887119329574,2639.6123465413634,0.0
computed_torque,20.0,esn,15,"demo_03 -3,-3 deg",,2.2786026968841086e-05,0.002952876154994326,0.19489620805105146,0.0,True,1.11,False,2.139920188337426e-05,1.9999999999999998,True,0.018721735998109987,77.38664459682616,0.8016341656704473,3.04158249496203,2.672116298313677,0.0
computed_torque,20.0,replay,15,"demo_03 -3,-3 deg",demo_03,0.04901122022864547,0.14566764886988626,2.1472482373560107,0.010000000000000009,True,1.12,False,1.7534841441805672e-11,2.0,True,0.09333209316225549,300.0000283748972,5.179010121637547,801.1258874020306,6896.919517697774,0.0
computed_torque,20.0,esn,16,"demo_04 +3,+3 deg",,0.0002058947190693721,0.003506424598823442,0.280456982144517,0.019999999999999796,True,1.16,False,4.759431514415025e-05,2.0,True,0.010885075597658157,50.211188181662216,0.9773012685529678,4.275717904833591,4.388971423753739,0.0
computed_torque,20.0,replay,16,"demo_04 +3,+3 deg",demo_04,0.03936012522668615,0.06537848567821798,2.1610504899065694,-0.010000000000000009,True,1.1300000000000001,False,4.8222147786297154e-11,1.9999999999999998,True,0.09210335742930384,300.0000144660549,4.192831962964193,570.5428540335593,3527.986619333236,0.0
computed_torque,20.0,esn,17,"demo_04 +3,-3 deg",,0.0001727998919918469,0.002103471274743698,0.18671689526790133,0.020000000000000018,True,1.1500000000000001,False,2.4949300864795687e-05,1.9999999999999998,True,0.011412548058275622,49.86827082339352,0.9370781581496825,3.6697517199904204,4.226584425237316,0.0
computed_torque,20.0,replay,17,"demo_04 +3,-3 deg",demo_04,0.020960453215106492,0.01741100148985379,2.0359889303630254,0.0,True,1.1300000000000001,False,4.8222147786297154e-11,1.9999999999999998,True,0.09222069012139258,300.0000144660549,2.2213226154867924,451.84992331562927,2059.884532268351,0.0
computed_torque,20.0,esn,18,"demo_04 -3,+3 deg",,0.0001533381584802356,0.0013381297486384385,0.19478693156171004,0.0,True,1.11,False,2.4378141812841014e-05,1.9999999999999998,True,0.008914255333866089,40.21418681688487,0.7676694869071635,3.022092397373425,2.750058360397005,0.0
computed_torque,20.0,replay,18,"demo_04 -3,+3 deg",demo_04,0.02096045112042517,0.06262781607807832,2.054582087695089,0.020000000000000018,True,1.1300000000000001,False,4.8222147786297154e-11,1.9999999999999998,True,0.09191919236094653,300.0000064345119,2.221319176715017,438.995055174529,1964.4969606117038,0.0
computed_torque,20.0,esn,19,"demo_04 -3,-3 deg",,0.0001471438050700875,0.001461672370459259,0.27094599452146484,-0.010000000000000009,True,1.09,False,2.1845292824834122e-05,1.9999999999999998,True,0.009656678502970573,39.93737014939886,0.7300666827035628,2.9651197611067714,2.641083153339331,0.0
computed_torque,20.0,replay,19,"demo_04 -3,-3 deg",demo_04,0.04082739334991347,0.12087905340806879,2.182415677473056,0.030000000000000027,True,1.1300000000000001,False,4.8222147786297154e-11,1.9999999999999998,True,0.0920367598354292,299.9999935655614,4.304753661932746,609.1072463893105,3927.7091107368574,0.0
computed_torque,20.0,esn,20,"demo_05 +3,+3 deg",,0.00025435747535559086,0.008304561537059671,0.29191834265453115,0.010000000000000009,True,1.18,False,0.00011951257210859604,2.0,True,0.011085541402750016,41.02919184759753,0.9623232629210274,4.280666025401975,2.1550274671906258,0.0
computed_torque,20.0,replay,20,"demo_05 +3,+3 deg",demo_05,0.028508591385368705,0.009468072257996476,2.070215092756077,-0.019999999999999796,True,1.1500000000000001,False,6.747838150663317e-11,1.9999999999999998,True,0.0921111867179783,300.0000469734483,3.0466197360615532,378.04104930831505,1523.7119185805182,0.0
computed_torque,20.0,esn,21,"demo_05 +3,-3 deg",,0.00011472091571037805,0.0020338600984281864,0.07618427790629234,0.009999999999999787,True,1.16,False,7.281731241218459e-05,2.0,True,0.009469894621761055,34.20534411819961,0.874929830492128,2.561519162198016,2.048492949922832,0.0
computed_torque,20.0,replay,21,"demo_05 +3,-3 deg",demo_05,0.02096045150494209,0.06043124770156079,2.048803793094045,0.0,True,1.1500000000000001,False,6.747838150663317e-11,1.9999999999999998,True,0.09202583238430706,300.0000135840998,2.2213200011484373,385.97713449890693,1533.6575551393812,0.0
computed_torque,20.0,esn,22,"demo_05 -3,+3 deg",,7.451433752946447e-05,0.0013168760091889487,0.057118568714606494,0.009999999999999787,True,1.16,False,4.524452902311473e-05,2.0,True,0.009566874838052259,40.062287922026975,0.8097808798473943,1.9288340244176265,1.159804163922805,0.0
computed_torque,20.0,replay,22,"demo_05 -3,+3 deg",demo_05,0.020960452978521997,0.06252681224149043,2.053132435941839,0.0,True,1.1500000000000001,False,6.747838150663317e-11,1.9999999999999998,True,0.09196020180962111,300.0000469734483,2.221321950607615,374.8277982049632,1474.8796008747534,0.0
computed_torque,20.0,esn,23,"demo_05 -3,-3 deg",,0.00017965556956519137,0.007418629464348612,0.2595141104225892,0.010000000000000009,True,1.1400000000000001,False,3.853563786545192e-05,2.0,True,0.007919717386260924,29.970812212553128,0.7078141815949682,1.9575798279675296,1.1530412343391712,0.0
computed_torque,20.0,replay,23,"demo_05 -3,-3 deg",demo_05,0.030245431702133337,0.08904824275599982,2.0911076826206916,0.020000000000000018,True,1.1500000000000001,False,6.747838150663317e-11,1.9999999999999998,True,0.09187470720658955,299.99998641597347,3.179112521230896,411.4889087957403,1752.8689056850162,0.0
computed_torque,20.0,esn,24,"demo_06 +3,+3 deg",,7.49388842571889e-05,0.006186284135568973,0.2029780412421096,0.009999999999999787,True,1.16,False,1.9310002283954384e-05,2.0,True,0.013253413010241567,66.84284785245525,0.8885778778528162,0.984510652501601,0.3821378316743953,0.0
computed_torque,20.0,replay,24,"demo_06 +3,+3 deg",demo_06,0.02264228179638443,0.04139650350692669,1.9701236477762165,-0.010000000000000009,True,1.1400000000000001,False,6.220891065302018e-11,2.0,True,0.09243077034807355,300.0000743052015,2.4246869732324563,300.06631782401547,947.2691213062446,0.0
computed_torque,20.0,esn,25,"demo_06 +3,-3 deg",,0.000225478163425317,0.004839470426652896,0.1218949555928297,0.010000000000000009,True,1.1400000000000001,False,4.552188575631615e-05,2.0,True,0.01128532048453434,56.593903706017905,0.7401296711095925,1.3931883591650855,0.3655829110443459,0.0
computed_torque,20.0,replay,25,"demo_06 +3,-3 deg",demo_06,0.020960449388928815,0.06262421312633246,2.103001793403722,0.010000000000000009,True,1.1400000000000001,False,6.220891065302018e-11,2.0,True,0.09222597479831988,300.0000042879778,2.2213167746708185,357.77035901136253,1362.2869608290737,0.0
computed_torque,20.0,esn,26,"demo_06 -3,+3 deg",,0.00012308807392627898,0.004844556196671894,0.17890523599162775,0.0,True,1.1500000000000001,False,2.2816235224456283e-05,1.9999999999999998,True,0.013810314763068906,67.19222590266874,0.8930389715063147,1.4165188802041488,0.786127305668386,0.0
computed_torque,20.0,replay,26,"demo_06 -3,+3 deg",demo_06,0.020960455104355836,0.03895089938775072,2.0985031035701054,-0.010000000000000009,True,1.1400000000000001,False,6.220891065302018e-11,2.0,True,0.0924785764129486,300.0000743052015,2.221325182378271,348.83624597542746,1323.3058677367642,0.0
computed_torque,20.0,esn,27,"demo_06 -3,-3 deg",,0.00024801330373962297,0.00443280491294433,0.1199228302136692,0.010000000000000009,True,1.1400000000000001,False,4.843503816118691e-05,2.0,True,0.011928146336108414,57.02250819024391,0.7515635357821374,1.7572694479062931,0.7608600056212751,0.0
computed_torque,20.0,replay,27,"demo_06 -3,-3 deg",demo_06,0.024381227647733022,0.07151198661919893,1.9804255731019254,0.010000000000000009,True,1.1400000000000001,False,6.220891065302018e-11,2.0,True,0.09227388696553099,299.9999957120892,2.557357304900639,326.8686582775696,1091.737328514962,0.0
computed_torque,20.0,esn,28,"demo_07 +3,+3 deg",,0.00013693546150157364,0.0010177720360008034,0.09245882971002876,0.010000000000000009,True,1.12,False,3.596678573928612e-05,2.0,True,0.0126185124889477,47.20385958907573,0.8017527423451417,2.8415260894837644,2.664910871486912,0.0
computed_torque,20.0,replay,28,"demo_07 +3,+3 deg",demo_07,0.0285085880927136,0.08644643597008683,2.01376936728829,0.010000000000000009,True,1.12,False,1.5683579246431234e-11,2.0,True,0.09239725081479828,300.00000574038125,3.046614671586564,378.0410133942303,1525.2750297152795,0.0
computed_torque,20.0,esn,29,"demo_07 +3,-3 deg",,0.00012149663012846052,0.0005283929267830931,0.11826656172374336,0.010000000000000009,True,1.11,False,3.419666786428883e-05,1.9999999999999998,True,0.011557183761504008,46.94670671999757,0.7769500480196546,2.889422843806085,2.7453891661649186,0.0
computed_torque,20.0,replay,29,"demo_07 +3,-3 deg",demo_07,0.020960451315977992,0.06262859428471705,2.1553761856047973,0.020000000000000018,True,1.12,False,1.5683579246431234e-11,2.0,True,0.09228553679185754,299.99999425968565,2.2213195188683104,385.9770949380845,1535.227129803456,0.0
computed_torque,20.0,esn,30,"demo_07 -3,+3 deg",,5.864802867810807e-05,0.001354628210461407,0.18547387061396983,0.0,True,1.12,False,5.9211835197207136e-05,2.0,True,0.014850164637369568,57.98769582730812,0.9491889602700434,3.5693827492243244,4.038110671515664,0.0
computed_torque,20.0,replay,30,"demo_07 -3,+3 deg",demo_07,0.020960452884769852,0.02615373155716825,2.147558474704234,0.0,True,1.12,False,1.5683579246431234e-11,2.0,True,0.09261483401681347,300.0000148617748,2.2213221264496172,374.827834119047,1476.7665006993586,0.0
computed_torque,20.0,esn,31,"demo_07 -3,-3 deg",,0.00010692478933861481,0.0017589864427439916,0.20572837181743472,0.010000000000000009,True,1.1300000000000001,False,4.574495720413326e-05,1.9999999999999998,True,0.013931103162257078,57.62280712163766,0.9420313890050025,3.6266186343746436,4.150823694453342,0.0
computed_torque,20.0,replay,31,"demo_07 -3,-3 deg",demo_07,0.030245435103551595,0.061486505359815126,2.020216248353861,0.0,True,1.12,False,1.5683579246431234e-11,2.0,True,0.09250338276403983,300.0000148617748,3.17911760292233,411.4889483565618,1754.7632367554233,0.0
computed_torque,40.0,esn,0,"demo_00 +3,+3 deg",,0.00029523341953006493,0.006112009561885878,0.3009110525535217,0.010000000000000009,True,1.11,False,5.153416892436625e-05,1.9999999999999998,True,0.0025491572600334737,27.806662472727893,0.6523221114397069,6.845122084534012,1.8353930895579393,0.0
computed_torque,40.0,replay,0,"demo_00 +3,+3 deg",demo_00,0.05570742913492821,0.1180561890865441,2.0843040689369943,0.030000000000000027,True,1.1300000000000001,False,3.216075623659792e-11,1.9999999999999998,True,0.06629355913042341,299.999993128919,5.570742913492822,881.7479698196009,7574.707810589176,0.0
computed_torque,40.0,esn,1,"demo_00 +3,-3 deg",,0.0002796435310665533,0.001985063998369811,0.08361362025171766,0.0,True,1.1300000000000001,False,3.931347406273647e-05,1.9999999999999998,True,0.0029299120188188994,27.976765185342423,0.7664812233896747,5.887940699501962,1.9261568953945327,0.0
computed_torque,40.0,replay,1,"demo_00 +3,-3 deg",demo_00,0.029609016231291946,0.06230638093625095,2.125428603538664,0.0,True,1.1300000000000001,False,3.216075623659792e-11,1.9999999999999998,True,0.06631397187575433,300.00005802077425,2.9609016231291942,698.3134334339502,4385.997518208697,0.0
computed_torque,40.0,esn,2,"demo_00 -3,+3 deg",,0.0002483196361220914,0.002000532076234896,0.10046439580376042,0.0,True,1.1300000000000001,False,3.5029906894469345e-05,1.9999999999999998,True,0.003274956888731204,37.72979825714781,0.8532808019741389,4.910064516309262,2.663055108295391,0.0
computed_torque,40.0,replay,2,"demo_00 -3,+3 deg",demo_00,0.02960901790916861,0.055805296164000665,2.1300580678487004,0.0,True,1.1300000000000001,False,3.216075623659792e-11,1.9999999999999998,True,0.06630805009091978,300.00000687114795,2.9609017909168607,678.446980774715,4202.128058837102,0.0
computed_torque,40.0,esn,3,"demo_00 -3,-3 deg",,0.00031714367708501076,0.008518671137702483,0.3769305214615016,0.0,True,1.1500000000000001,False,4.853766668423164e-05,1.9999999999999998,True,0.003666147815689371,37.884812337790024,0.9691453264115323,4.474011589378801,2.9107220961124822,0.0
computed_torque,40.0,replay,3,"demo_00 -3,-3 deg",demo_00,0.05756610417359435,0.01808231609444607,2.056349321147692,-0.020000000000000018,True,1.1300000000000001,False,3.216075623659792e-11,1.9999999999999998,True,0.0663284583766223,300.00005802077425,5.756610417359434,941.347647019136,8343.812200967968,0.0
computed_torque,40.0,esn,4,"demo_01 +3,+3 deg",,0.0002818950326835352,0.008943876849164966,0.2810433012110705,-0.010000000000000009,True,1.12,False,2.857866342383098e-05,2.0,True,0.005181128926283251,65.97032659322477,0.6981867114683926,6.142262914131218,0.6447051605708487,0.0
computed_torque,40.0,replay,4,"demo_01 +3,+3 deg",demo_01,0.06788979780616038,0.1434236584003808,2.090477192527086,0.020000000000000018,True,1.1500000000000001,False,4.377953251770296e-11,1.9999999999999998,True,0.0664452249700997,300.00001034139393,6.788979780616038,1188.7856442446937,13830.330778400037,0.0
computed_torque,40.0,esn,5,"demo_01 +3,-3 deg",,0.00024318357305795423,0.0007348079514379516,0.035707492127655824,0.0,True,1.1500000000000001,False,3.177533647796403e-05,1.9999999999999998,True,0.0059607687259136686,76.10125182334909,0.8092883311806811,4.576142539257688,0.4801676894006208,0.0
computed_torque,40.0,replay,5,"demo_01 +3,-3 deg",demo_01,0.029609014718757536,0.062306120740275,2.055096492970107,0.0,True,1.1500000000000001,False,4.377953251770296e-11,1.9999999999999998,True,0.06650678578848605,300.00008649774975,2.9609014718757534,797.2321369265495,5839.874264858364,0.0
computed_torque,40.0,esn,6,"demo_01 -3,+3 deg",,0.0002875821475491376,0.0011173737819132575,0.037061917160088054,0.0,True,1.1500000000000001,False,3.4023796851490455e-05,1.9999999999999998,True,0.005122569993149536,65.9487195331311,0.8227052719384791,5.5618438481881025,0.6393766956759894,0.0
computed_torque,40.0,replay,6,"demo_01 -3,+3 deg",demo_01,0.029609019432804584,0.05948067027497212,2.056042236246427,0.0,True,1.1500000000000001,False,4.377953251770296e-11,1.9999999999999998,True,0.0664301552284818,299.99998965867303,2.9609019432804584,780.7928553750191,5643.535839065656,0.0
computed_torque,40.0,esn,7,"demo_01 -3,-3 deg",,0.00024915460691118783,0.011044578943451396,0.35952557491853987,0.010000000000000009,True,1.18,False,5.223141982579431e-05,2.0,True,0.005938446427103507,76.12251444110065,0.9461687680150968,4.804788432873839,0.5569054476367149,0.0
computed_torque,40.0,replay,7,"demo_01 -3,-3 deg",demo_01,0.0691609969081672,0.08933870748223796,2.070257639955728,-0.019999999999999796,True,1.1500000000000001,False,4.377953251770296e-11,1.9999999999999998,True,0.06649172999906527,300.00008649774975,6.916099690816719,1238.1037022897328,14682.352355268451,0.0
computed_torque,40.0,esn,8,"demo_02 +3,+3 deg",,7.653770456695392e-05,0.0008422433786395673,0.05544284803305753,0.0,True,1.1300000000000001,False,2.6130280389970874e-05,1.9999999999999998,True,0.008154183013256064,96.27931216292288,0.8559137111426239,3.4495633606793445,2.6143286705933186,0.0
computed_torque,40.0,replay,8,"demo_02 +3,+3 deg",demo_02,0.07242608703996531,0.15280072161452982,2.1020786550401525,0.010000000000000009,True,1.1400000000000001,False,4.1080888214489785e-11,2.0,True,0.06675202044071163,300.00001529471024,7.242608703996531,1319.68061963075,17043.20766583818,0.0
computed_torque,40.0,esn,9,"demo_02 +3,-3 deg",,0.00010110629999532679,0.0018132155569331523,0.07542039731665119,0.010000000000000009,True,1.1500000000000001,False,3.216476026199871e-05,1.9999999999999998,True,0.009006980510358862,107.06256678206121,0.8964530574448347,3.5348135764245576,2.5491462407619196,0.0
computed_torque,40.0,replay,9,"demo_02 +3,-3 deg",demo_02,0.029609015720617145,0.06213274610987987,2.02237108969142,0.0,True,1.1400000000000001,False,4.1080888214489785e-11,2.0,True,0.06683810848820994,300.0000633355829,2.9609015720617147,836.824924039477,6530.76326713438,0.0
computed_torque,40.0,esn,10,"demo_02 -3,+3 deg",,8.077724701884733e-05,0.0017445831561305808,0.0714384616822553,0.0,True,1.1400000000000001,False,2.355449456322207e-05,2.0,True,0.007900322773140608,96.0157649352812,0.8293546226347198,2.5775575986391184,1.3906878670324192,0.0
computed_torque,40.0,replay,10,"demo_02 -3,+3 deg",demo_02,0.029609018626704106,0.061923586364052166,2.012505497150707,0.0,True,1.1400000000000001,False,4.1080888214489785e-11,2.0,True,0.06671611088809556,299.99998470536303,2.9609018626704104,824.424477507276,6368.831855079444,0.0
computed_torque,40.0,esn,11,"demo_02 -3,-3 deg",,7.335911093451335e-05,0.003908747569849913,0.12353549882369698,0.009999999999999787,True,1.16,False,3.839048020165248e-05,2.0,True,0.008786630939309268,106.86397432696633,0.8983038586224973,2.5288619405933943,1.3435708775518098,0.0
computed_torque,40.0,replay,11,"demo_02 -3,-3 deg",demo_02,0.07332771453673881,0.13504879548504894,2.0865075754433366,-0.010000000000000009,True,1.1400000000000001,False,4.1080888214489785e-11,2.0,True,0.06680224521224717,300.0000633355829,7.33277145367388,1356.88194562739,17753.064775961073,0.0
computed_torque,40.0,esn,12,"demo_03 +3,+3 deg",,0.00020211153743130932,0.003967381792628073,0.21303504093355638,0.020000000000000018,True,1.1400000000000001,False,3.391597217032704e-05,2.0,True,0.006454727724025313,67.09818047321319,0.9382482415703621,6.176671866451171,4.874320868350724,0.0
computed_torque,40.0,replay,12,"demo_03 +3,+3 deg",demo_03,0.06788980281370777,0.12112113362999401,2.149199219796186,0.0,True,1.12,False,1.1367860243079147e-11,2.0,True,0.06654952985189444,300.00001488564004,6.788980281370777,1188.7856986846239,13833.709939604996,0.0
computed_torque,40.0,esn,13,"demo_03 +3,-3 deg",,0.0001813188151248639,0.003799475122085562,0.17632950462168073,0.020000000000000018,True,1.1400000000000001,False,3.807171996190855e-05,2.0,True,0.007088528422005968,77.19677844317306,0.9289817631073799,5.878529633419809,4.641736304636274,0.0
computed_torque,40.0,replay,13,"demo_03 +3,-3 deg",demo_03,0.02960901810023253,0.03260585202484748,2.017774045734114,0.0,True,1.12,False,1.1367860243079147e-11,2.0,True,0.06660712675802943,300.0000283748972,2.9609018100232527,797.232195049512,5843.221654081779,0.0
computed_torque,40.0,esn,14,"demo_03 -3,+3 deg",,1.2545558852428804e-05,0.003095651991394374,0.17721074343693907,0.0,True,1.1,False,9.113092062045422e-06,2.0,True,0.006023185432170699,66.72288045723988,0.7813656409202148,3.5335585596676786,2.8698071665520217,0.0
computed_torque,40.0,replay,14,"demo_03 -3,+3 deg",demo_03,0.029609016358648845,0.062306371969175475,2.0348938001106758,0.020000000000000018,True,1.12,False,1.1367860243079147e-11,2.0,True,0.06651528597723154,299.99998511443323,2.9609016358648845,780.7928009350934,5646.77395914728,0.0
computed_torque,40.0,esn,15,"demo_03 -3,-3 deg",,3.218880975194248e-05,0.0032451264298282703,0.1612636966992835,-0.010000000000000009,True,1.1,False,1.4274182313345275e-05,2.0,True,0.006700848646077013,76.82376193907852,0.7954188878921747,3.4614109019563664,2.708407901346776,0.0
computed_torque,40.0,replay,15,"demo_03 -3,-3 deg",demo_03,0.06916099193822556,0.14491859858832934,2.1419416716726434,0.010000000000000009,True,1.12,False,1.1367860243079147e-11,2.0,True,0.06657291251015629,300.0000283748972,6.916099193822555,1238.1036441667743,14685.557829318494,0.0
computed_torque,40.0,esn,16,"demo_04 +3,+3 deg",,0.0002908531595382869,0.0031398106377157815,0.29058708801527333,0.019999999999999796,True,1.16,False,4.953050428365294e-05,2.0,True,0.003916235934263765,49.91114186410643,0.9686901963079813,6.60792767110646,4.712340209086941,0.0
computed_torque,40.0,replay,16,"demo_04 +3,+3 deg",demo_04,0.05570743605886502,0.0650468849067882,2.156907267069263,-0.020000000000000018,True,1.12,False,3.485602430218517e-11,2.0,True,0.06634654240072341,300.0000144660549,5.570743605886502,881.7480471427734,7576.247977087646,0.0
computed_torque,40.0,esn,17,"demo_04 +3,-3 deg",,0.0002441035171878074,0.0016394140393869044,0.19741332721354538,0.010000000000000009,True,1.1400000000000001,False,2.72718854206433e-05,2.0,True,0.00410389646174763,49.5742996402192,0.9290575302329005,5.7315205885439156,4.470282472135231,0.0
computed_torque,40.0,replay,17,"demo_04 +3,-3 deg",demo_04,0.029609018803893224,0.017319941373295036,2.029435852834531,-0.010000000000000009,True,1.12,False,3.485602430218517e-11,2.0,True,0.06636459990359043,300.0000144660549,2.9609018803893226,698.313517851427,4387.505987799935,0.0
computed_torque,40.0,esn,18,"demo_04 -3,+3 deg",,0.0002166104835904473,0.001608321957280117,0.18172536020779634,0.0,True,1.11,False,2.955184810146292e-05,1.9999999999999998,True,0.003216786211849911,39.96329003075674,0.7609873461366392,3.447293858266947,2.800606971335208,0.0
computed_torque,40.0,replay,18,"demo_04 -3,+3 deg",demo_04,0.02960901584500256,0.062306241013104356,2.050407166772414,0.010000000000000009,True,1.12,False,3.485602430218517e-11,2.0,True,0.06631739269961988,300.0000064345119,2.9609015845002555,678.4469034515449,4203.465984462546,0.0
computed_torque,40.0,esn,19,"demo_04 -3,-3 deg",,0.00020785774590280796,0.0016257375498354115,0.2565100676624392,-0.010000000000000009,True,1.09,False,2.682988156223969e-05,1.9999999999999998,True,0.0034936337971625503,39.690657399951085,0.7237320826963732,3.3849089232659706,2.682522811704498,0.0
computed_torque,40.0,replay,19,"demo_04 -3,-3 deg",demo_04,0.05756609723657752,0.12026469267490858,2.176853522881352,0.020000000000000018,True,1.12,False,3.485602430218517e-11,2.0,True,0.06633545813747156,299.9999935655614,5.7566097236577525,941.3475626016617,8345.117330520268,0.0
computed_torque,40.0,esn,20,"demo_05 +3,+3 deg",,0.00035931695087551097,0.008533126624474332,0.2929936313174889,0.0,True,1.17,False,0.0001202095715099585,2.0,True,0.004033377392150405,40.72497620257441,0.9539190915026783,6.615574766530325,2.4046931605866733,0.0
computed_torque,40.0,replay,20,"demo_05 +3,+3 deg",demo_05,0.040396880711028336,0.009533688681927416,2.0639447924411325,-0.019999999999999796,True,1.1500000000000001,False,4.36744894741501e-11,1.9999999999999998,True,0.06634845657885666,300.0000469734483,4.039688071102834,584.2452580219414,3277.096127430263,0.0
computed_torque,40.0,esn,21,"demo_05 +3,-3 deg",,0.00016205843321518283,0.0020424688503355845,0.07122435514835761,0.009999999999999787,True,1.16,False,7.259531066221766e-05,2.0,True,0.003397962245582156,33.93003793305171,0.8670323769027379,3.72442864896604,2.1510694945573507,0.0
computed_torque,40.0,replay,21,"demo_05 +3,-3 deg",demo_05,0.029609016376850178,0.06012256953117434,2.0427295248323296,0.0,True,1.1500000000000001,False,4.36744894741501e-11,1.9999999999999998,True,0.06633083970312786,300.0000135840998,2.9609016376850175,596.510116952856,3268.8095885520584,0.0
computed_torque,40.0,esn,22,"demo_05 -3,+3 deg",,0.00010526273864722194,0.0009913149384076774,0.04456063049875737,0.0,True,1.1500000000000001,False,4.7034164885979454e-05,1.9999999999999998,True,0.0034449898281274137,39.80047639664756,0.8026894093416447,2.17341669289694,1.187195421972647,0.0
computed_torque,40.0,replay,22,"demo_05 -3,+3 deg",demo_05,0.029609018459452022,0.062200528798663356,2.048726890826623,0.0,True,1.1500000000000001,False,4.36744894741501e-11,1.9999999999999998,True,0.066323509124028,300.0000469734483,2.960901845945202,579.2793244985795,3155.4079557836135,0.0
computed_torque,40.0,esn,23,"demo_05 -3,-3 deg",,0.000253786302302372,0.00716633095748973,0.25601497445831045,0.0,True,1.1300000000000001,False,4.0707952046658016e-05,1.9999999999999998,True,0.0028698629306458862,29.76988668309766,0.7013784680307983,2.2108645267120894,1.1691925468176525,0.0
computed_torque,40.0,replay,23,"demo_05 -3,-3 deg",demo_05,0.04259708668285345,0.08860322531371888,2.087222473734127,0.020000000000000018,True,1.1500000000000001,False,4.36744894741501e-11,1.9999999999999998,True,0.06630588561998582,299.99998641597347,4.259708668285344,635.9374045025078,3718.2871543656597,0.0
computed_torque,40.0,esn,24,"demo_06 +3,+3 deg",,0.00010586251023610258,0.0065503886454767995,0.18749468264824795,0.0,True,1.1500000000000001,False,1.678183257840235e-05,1.9999999999999998,True,0.0048632756631817094,66.49004030754278,0.8823379633585633,1.1450494328098333,0.38761718524970806,0.0
computed_torque,40.0,replay,24,"demo_06 +3,+3 deg",demo_06,0.032108722685861665,0.041158540812410445,1.962570082580484,-0.010000000000000009,True,1.1400000000000001,False,4.0285724026792235e-11,2.0,True,0.06641663559018797,300.0000743052015,3.210872268586167,463.73885481893296,2037.6869372258475,0.0
computed_torque,40.0,esn,25,"demo_06 +3,-3 deg",,0.0003185159878394045,0.0045092870788510315,0.12736043549185694,0.010000000000000009,True,1.1400000000000001,False,4.768648009655565e-05,2.0,True,0.004173955026959779,56.31514417054784,0.7350604377904997,2.153109282346042,0.4048611196803617,0.0
computed_torque,40.0,replay,25,"demo_06 +3,-3 deg",demo_06,0.029609013386663937,0.06230578535417512,2.099337888029876,0.010000000000000009,True,1.1400000000000001,False,4.0285724026792235e-11,2.0,True,0.06637667089173228,300.0000042879778,2.960901338666394,552.9178275630148,2905.905963701363,0.0
computed_torque,40.0,esn,26,"demo_06 -3,+3 deg",,0.00017387927674892103,0.0050473820834930835,0.15865010985262148,0.0,True,1.1500000000000001,False,1.824857626394604e-05,1.9999999999999998,True,0.00507407380251582,66.86712986804638,0.886634734033143,1.6312191102285711,0.8006346346282582,0.0
computed_torque,40.0,replay,26,"demo_06 -3,+3 deg",demo_06,0.0296090214620797,0.03874688881321425,2.091898543305441,-0.010000000000000009,True,1.1400000000000001,False,4.0285724026792235e-11,2.0,True,0.06642072971313849,300.0000743052015,2.9609021462079697,539.1105619620242,2830.5196689855197,0.0
computed_torque,40.0,esn,27,"demo_06 -3,-3 deg",,0.0003503489441676242,0.004200558705043171,0.12860043070419228,0.0,True,1.1300000000000001,False,5.144667083566542e-05,1.9999999999999998,True,0.004418431335457734,56.75678711360902,0.746416181225428,2.71578005585518,0.8267470411717373,0.0
computed_torque,40.0,replay,27,"demo_06 -3,-3 deg",demo_06,0.034311708671893794,0.07115869345838119,1.9764435233474482,0.010000000000000009,True,1.1400000000000001,False,4.0285724026792235e-11,2.0,True,0.06638076747955945,299.9999957120892,3.4311708671893797,505.1606537016984,2315.889354430765,0.0
computed_torque,40.0,esn,28,"demo_07 +3,+3 deg",,0.00019343914328466072,0.0012287131573859998,0.10667064485241529,0.0,True,1.11,False,3.154522355429535e-05,1.9999999999999998,True,0.0046001885374729245,46.94965546925738,0.7959510581249581,3.6791097416229737,2.7730285547183944,0.0
computed_torque,40.0,replay,28,"demo_07 +3,+3 deg",demo_07,0.040396876030921805,0.08598981487068835,2.009540402011532,0.0,True,1.11,False,1.1342152471156514e-11,1.9999999999999998,True,0.06640342873868846,300.00000574038125,4.0396876030921804,584.2452025183559,3278.8134088207307,0.0
computed_torque,40.0,esn,29,"demo_07 +3,-3 deg",,0.00017163092862483337,0.0005964050138166738,0.13344544460083582,0.010000000000000009,True,1.11,False,3.1553784728273526e-05,1.9999999999999998,True,0.004202085063142804,46.702948358344656,0.7715619231564156,4.01601799588256,2.8714479352010573,0.0
computed_torque,40.0,replay,29,"demo_07 +3,-3 deg",demo_07,0.029609016131147047,0.06230631911842054,2.151804483224634,0.010000000000000009,True,1.11,False,1.1342152471156514e-11,1.9999999999999998,True,0.06638849015368982,299.99999425968565,2.960901613114705,596.5100558134033,3270.530327140391,0.0
computed_torque,40.0,esn,30,"demo_07 -3,+3 deg",,8.284809369781863e-05,0.0009789591509948305,0.16003361747064568,0.0,True,1.12,False,5.083944734747315e-05,2.0,True,0.005366770962161235,57.65250173195024,0.9421907706316517,4.051739317549008,4.112389211338709,0.0
computed_torque,40.0,replay,30,"demo_07 -3,+3 deg",demo_07,0.02960901834700023,0.02602717703356716,2.1409736375094055,-0.010000000000000009,True,1.11,False,1.1342152471156514e-11,1.9999999999999998,True,0.06643686685252048,300.0000148617748,2.960901834700023,579.2793800021635,3157.261197122184,0.0
computed_torque,40.0,esn,31,"demo_07 -3,-3 deg",,0.00015104566514918474,0.0012721832783395292,0.18461249455218096,0.0,True,1.12,False,3.5133993933731764e-05,2.0,True,0.005028968744990119,57.31245333882576,0.9351013970365345,4.122095560837564,4.233609584098408,0.0
computed_torque,40.0,replay,31,"demo_07 -3,-3 deg",demo_07,0.0425970914572048,0.06114666168875472,2.012660872863702,-0.010000000000000009,True,1.11,False,1.1342152471156514e-11,1.9999999999999998,True,0.0664219357879009,300.0000148617748,4.259709145720479,635.9374656419591,3720.1443360625685,0.0
pd,5.0,esn,0,"demo_00 +3,+3 deg",,3.584102241461192e-05,0.07724484050571351,2.2642618991631385,0.8999999999999999,True,2.0,False,0.0032062447347268627,2.0,True,0.7135274647382874,28.896399521985657,0.6838325023501448,1.7262343794529884,0.9363092981141201,0.0
pd,5.0,replay,0,"demo_00 +3,+3 deg",demo_00,0.0038455653366624245,0.09892248897977186,3.241999653299796,0.0,True,1.1,True,0.00016356343974826393,2.0,False,1.0265534765666404,299.999993128919,0.8934650459731828,65.34512569802149,45.08369327695428,0.0
pd,5.0,esn,1,"demo_00 +3,-3 deg",,2.0792019475979017e-05,0.08902663963498343,2.8175148315960996,0.8800000000000001,True,2.0100000000000002,False,0.0034559985673588136,1.9999999999999996,True,0.8506882633687419,29.27658737559704,0.7892207280018919,1.8485318960342108,1.0863640334919136,0.0
pd,5.0,replay,1,"demo_00 +3,-3 deg",demo_00,0.004592132830321461,0.054444058084448584,2.4760779497971717,-0.030000000000000027,True,1.1,True,0.00016221696594644373,2.0,False,0.8657220722279572,300.00005802077425,0.8716249622737585,65.34512569802149,44.249457080914475,0.0
pd,5.0,esn,2,"demo_00 -3,+3 deg",,1.8094942562150664e-05,0.09876385897610244,3.143906814090844,0.9000000000000001,True,2.0300000000000002,True,0.003683194818117367,2.0,False,0.967088020951213,39.12698375800859,0.8953715371688752,2.2841978596040997,1.7067835793072899,0.0
pd,5.0,replay,2,"demo_00 -3,+3 deg",demo_00,0.004438399681566506,0.05126784403866519,2.7246111037449094,-0.040000000000000036,True,1.09,True,0.0001682922846723775,1.9999999999999998,False,0.7931256070989345,300.00000687114795,0.8456771504286642,65.34512869131389,43.68063290111883,0.0
pd,5.0,esn,3,"demo_00 -3,-3 deg",,3.632876864308731e-05,0.110843510474265,3.843638585747911,0.8899999999999999,True,2.04,True,0.003901267914655776,2.0,False,1.1164623026734437,39.44589843537872,1.0010650833816332,2.413744677358456,1.9228745572830461,0.0
pd,5.0,replay,3,"demo_00 -3,-3 deg",demo_00,0.003695280169924184,0.02087605924911854,1.511076061244718,-0.07000000000000006,True,1.08,True,0.00017185179273216815,2.0,False,0.7745033116818186,300.00005802077425,0.829335778333111,65.34512869131389,43.931830000367135,0.0
pd,5.0,esn,4,"demo_01 +3,+3 deg",,2.2383941521289514e-05,0.016950756380615165,1.6899345218334754,-0.030000000000000027,True,1.1,True,0.0027726865054868203,2.0,False,0.6074921205744972,63.084025325570515,0.6791772408307561,0.6929575163259474,0.19699704139568106,0.0
pd,5.0,replay,4,"demo_01 +3,+3 deg",demo_01,0.003062704990588004,0.1116148088281298,2.7367501070864932,-0.020000000000000018,True,1.11,True,4.5779885887135516e-05,1.9999999999999998,False,0.9646302079275202,300.00001034139393,0.821403753017806,65.34512944719256,42.838594508471616,0.0
pd,5.0,esn,5,"demo_01 +3,-3 deg",,1.1747111432527578e-05,0.014814630615180032,2.1020587426549504,-0.040000000000000036,True,1.11,True,0.0034082853166390375,1.9999999999999998,False,0.6995439364566292,72.36004876265832,0.776951041901364,0.7873049500552194,0.22697032462442215,0.0
pd,5.0,replay,5,"demo_01 +3,-3 deg",demo_01,0.005439303655179398,0.059230282109869394,2.101049734970652,-0.050000000000000044,True,1.1,True,4.682655555709806e-05,2.0,False,0.795053447353814,300.00008649774975,0.807252500587849,65.34512944719256,41.27530499830041,0.0
pd,5.0,esn,6,"demo_01 -3,+3 deg",,1.3812014649038607e-05,0.014783035848152172,2.470251856386422,-0.020000000000000018,True,1.1300000000000001,True,0.004658708822604385,1.9999999999999998,False,0.7520154344601363,60.32668628079017,0.7610862944135411,1.0052593880277367,0.30030181638694187,0.0
pd,5.0,replay,6,"demo_01 -3,+3 deg",demo_01,0.005273503098657689,0.04916149805115387,2.7225141827096992,-0.07000000000000006,True,1.08,True,4.945859696017511e-05,2.0,False,0.7206942391381063,299.99998965867303,0.7944186383519618,65.34512494214275,41.52791807969013,0.0
pd,5.0,esn,7,"demo_01 -3,-3 deg",,3.548793748878771e-05,0.009527647611017629,2.9782902725733043,-0.029999999999999805,True,1.1400000000000001,True,0.005186028527206605,2.0,False,0.8540135296941656,69.55554879804964,0.8694089217562533,1.1560005053440363,0.391689623269987,0.0
pd,5.0,replay,7,"demo_01 -3,-3 deg",demo_01,0.002902844727880432,0.07567198737714266,1.8031720110314535,-0.10999999999999988,True,1.06,True,5.1412872254439204e-05,2.0,False,0.7921135875597595,300.00008649774975,0.7898477690286213,65.34512494214275,42.71270510045766,0.0
pd,5.0,esn,8,"demo_02 +3,+3 deg",,3.2882531415672055e-05,0.08595715204471867,2.3337742765412584,0.7899999999999998,True,1.92,False,0.0028069747147891383,2.0,True,0.8272625418215085,99.98880826623994,0.9642687304719375,1.8529345358825093,1.245954335992838,0.0
pd,5.0,replay,8,"demo_02 +3,+3 deg",demo_02,0.002576012438763008,0.11524322406620267,1.9151710100399917,-0.040000000000000036,True,1.09,False,0.00014412852473526757,1.9999999999999998,True,0.7698919630026116,300.00001529471024,0.8948111818157345,65.34513052610869,42.90908693210165,0.0
pd,5.0,esn,9,"demo_02 +3,-3 deg",,4.368838094288007e-05,0.08170952589719672,2.39817753115892,0.73,True,1.87,False,0.0024799418663402073,2.0,True,0.8606067538208212,109.98577341731074,1.0126122292042699,1.7791042016565934,1.1463454810883946,0.0
pd,5.0,replay,9,"demo_02 +3,-3 deg",demo_02,0.005757174326940693,0.03882014147569327,1.9335245551492275,-0.08000000000000007,True,1.06,False,0.00015898364068635528,2.0,True,0.6571696645706573,300.0000633355829,0.8973822075077448,65.34513052610869,41.065494881114326,0.0
pd,5.0,esn,10,"demo_02 -3,+3 deg",,2.2538188718680802e-05,0.04436050365924809,1.9766763724704433,-0.14000000000000012,True,1.0,True,0.0005459937057334447,2.0,False,0.7503283399768687,97.08776812558341,0.912262730120283,1.3803157922574236,0.6960912488058204,0.0
pd,5.0,replay,10,"demo_02 -3,+3 deg",demo_02,0.005633950481410806,0.08556231025827822,2.733468134893983,-0.1100000000000001,True,1.03,False,0.00017181479348382864,2.0,True,0.743210926534458,299.99998470536303,0.910757317282829,65.3451238632269,42.40349189815219,0.0
pd,5.0,esn,11,"demo_02 -3,-3 deg",,3.8239402765317406e-05,0.04242572631652419,2.157812410744405,-0.15000000000000013,True,1.0,True,0.0005884924116436357,2.0,False,0.8006439254646601,107.08450735934255,0.9760869970986353,1.3257329845791286,0.6453832011794443,0.0
pd,5.0,replay,11,"demo_02 -3,-3 deg",demo_02,0.0023629561059239305,0.14444338374113405,2.491445783536854,-0.1200000000000001,True,1.03,True,0.0001707053455203915,2.0,False,0.8976367396495283,300.0000633355829,0.9158458519598562,65.3451238632269,44.564522429188905,0.0
pd,5.0,esn,12,"demo_03 +3,+3 deg",,3.9823840619852144e-05,0.11830359825875751,2.948048734262156,0.9199999999999999,True,2.04,True,0.004241071659661293,2.0,False,0.9611659194799771,74.98401863488017,0.9951483062033318,2.6106279759063806,2.360360239758223,0.0
pd,5.0,replay,12,"demo_03 +3,+3 deg",demo_03,0.003062705219671307,0.09221192765173948,1.7752272409024947,-0.07000000000000006,True,1.05,True,0.00023197822103751217,2.0,False,0.7362644913420595,300.00001488564004,0.8898446275685575,65.34513043700703,44.2945900256859,0.0
pd,5.0,esn,13,"demo_03 +3,-3 deg",,4.417362403157741e-05,0.1225589482861585,2.9127485783981664,0.9100000000000001,True,2.0300000000000002,True,0.004061899205177373,2.0,False,0.9426749731368584,84.5505283479609,1.0013756635890296,2.504477031315025,2.2066847558068696,0.0
pd,5.0,replay,13,"demo_03 +3,-3 deg",demo_03,0.0054393032184842415,0.036232108243069744,1.9544524814659856,-0.07000000000000006,True,1.05,True,0.00023121623720477838,2.0,False,0.662166522953278,300.0000283748972,0.8944339948517,65.34513043700703,43.276116747326476,0.0
pd,5.0,esn,14,"demo_03 -3,+3 deg",,1.336426736021412e-06,0.08956939878913589,2.195554633312319,0.8899999999999999,True,1.99,True,0.0033521089504458335,2.0,False,0.7629164035518954,72.13798717638215,0.848190677768442,2.0578951264223853,1.5074870926710338,0.0
pd,5.0,replay,14,"demo_03 -3,+3 deg",demo_03,0.005273503508347256,0.08983499409298454,2.8388344216149077,-0.040000000000000036,True,1.06,True,0.00022067604358205683,2.0,False,0.7769166456387443,299.99998511443323,0.9099618706789607,65.34512395232855,44.82165729444266,0.0
pd,5.0,esn,15,"demo_03 -3,-3 deg",,1.0369246387889902e-05,0.08832336474859592,2.2036981925552976,0.8599999999999999,True,1.97,False,0.003149222952859819,2.0,True,0.7708361500462574,81.64523000050234,0.8784853510623859,1.963968289430639,1.3878119857308906,0.0
pd,5.0,replay,15,"demo_03 -3,-3 deg",demo_03,0.0029028445020184658,0.1618762987173035,2.896545273116742,-0.050000000000000044,True,1.06,True,0.000219447047011392,2.0,False,0.9196574913507498,300.0000283748972,0.9145300836102915,65.34512395232855,46.5378487603067,0.0
pd,5.0,esn,16,"demo_04 +3,+3 deg",,3.2311063045485895e-05,0.15268866878490775,2.778640012827359,0.8900000000000001,True,2.0300000000000002,True,0.004689006204808818,2.0,False,1.1058770163273985,50.64845667092502,1.0412767529320157,2.6942376025760684,2.4182560273126774,0.0
pd,5.0,replay,16,"demo_04 +3,+3 deg",demo_04,0.0038455657962313226,0.05643119017708736,1.8329546804970012,-0.10000000000000009,True,1.04,True,0.00020799016620233615,2.0,False,0.8090491523699304,300.0000144660549,0.8939260574714438,65.34513034561422,44.806163460335505,0.0
pd,5.0,esn,17,"demo_04 +3,-3 deg",,2.2181343576692487e-05,0.14168938249635124,2.699994296825833,0.9000000000000001,True,2.0300000000000002,True,0.004556921035547511,2.0,False,1.0302129375337625,50.23053345954121,0.9876245841681872,2.643451306430402,2.3407101725538975,0.0
pd,5.0,replay,17,"demo_04 +3,-3 deg",demo_04,0.004592132643868705,0.03250217436935289,1.9800360534738128,-0.09000000000000008,True,1.04,True,0.00020745783052903934,2.0,False,0.7790112382455974,300.0000144660549,0.9037439704287575,65.34513034561422,44.54077952461177,0.0
pd,5.0,esn,18,"demo_04 -3,+3 deg",,2.5128740245403783e-05,0.11360891141835866,2.0828505472222982,0.8799999999999999,True,1.99,True,0.0039200440263291265,2.0,False,0.8310867223318188,40.281283509555244,0.8079016422895264,2.1549299206812496,1.592563721836654,0.0
pd,5.0,replay,18,"demo_04 -3,+3 deg",demo_04,0.004438399844296766,0.05216335539883928,2.690991296927535,-0.06000000000000005,True,1.05,True,0.00019932053779964256,2.0,False,0.8546448354443783,300.0000064345119,0.9276647236223897,65.34512404372137,45.58294646113078,0.0
pd,5.0,esn,19,"demo_04 -3,-3 deg",,3.059346289911648e-05,0.10247483033846498,1.9845709644163605,0.8899999999999999,True,1.99,True,0.0037217941310203275,2.0,False,0.7643740230718118,39.89803115574612,0.7610337291293923,2.0965584381680356,1.5181113618413955,0.0
pd,5.0,replay,19,"demo_04 -3,-3 deg",demo_04,0.003695279731451178,0.10358647595739864,2.9315657131777906,-0.050000000000000044,True,1.05,True,0.00019853958678222786,2.0,False,0.9383849145028481,299.9999935655614,0.9359218785371058,65.34512404372137,46.4217264698282,0.0
pd,5.0,esn,20,"demo_05 +3,+3 deg",,4.308686017915036e-05,0.13394682274163472,2.610382268639029,0.78,True,1.95,True,0.003955489603323521,2.0,False,1.0615940971591984,40.602660372668645,1.026148624002084,1.8242423305628894,1.1678888813713575,0.0
pd,5.0,replay,20,"demo_05 +3,+3 deg",demo_05,0.004704242357674532,0.010089987822375733,1.7064302550816455,-0.1399999999999999,True,1.03,True,9.848685062126066e-05,2.0,False,0.7892878942629471,300.0000469734483,0.8883172747019952,65.34513015350905,43.35742402652905,0.0
pd,5.0,esn,21,"demo_05 +3,-3 deg",,2.0329077493421312e-05,0.12560968330473218,2.361029290374521,0.7999999999999998,True,1.95,True,0.0038746995686058765,2.0,False,0.9747859005013149,33.650068614520215,0.9352736248922168,1.832181794383274,1.171601614556808,0.0
pd,5.0,replay,21,"demo_05 +3,-3 deg",demo_05,0.0037845905120133536,0.05475016729203082,2.3161942643421605,-0.1200000000000001,True,1.03,True,9.791684370093744e-05,2.0,False,0.8350482533986968,300.0000135840998,0.9006356293352484,65.34513015350905,43.44153306135554,0.0
pd,5.0,esn,22,"demo_05 -3,+3 deg",,1.253243993020278e-05,0.10366635053283525,2.349877804171808,0.75,True,1.9000000000000001,False,0.0033467227193719608,1.9999999999999998,True,0.8666284415847169,39.19042955861501,0.8513743615771653,1.3529841073886677,0.6678072980641515,0.0
pd,5.0,replay,22,"demo_05 -3,+3 deg",demo_05,0.0036208378437780618,0.05651838873433767,2.2943157429090855,-0.1200000000000001,True,1.03,True,9.684734261356846e-05,2.0,False,0.8390448505386344,300.0000469734483,0.90739652421647,65.34512423582653,43.88962307675249,0.0
pd,5.0,esn,23,"demo_05 -3,-3 deg",,2.7266610319648216e-05,0.09444502546692281,2.088162717802315,0.77,True,1.9000000000000001,False,0.0031589958284969255,1.9999999999999998,True,0.7674589896335055,30.218554539439534,0.745812522005834,1.3501928459915966,0.6598975271802622,0.0
pd,5.0,replay,23,"demo_05 -3,-3 deg",demo_05,0.0045272413837285546,0.07345788574751315,2.8270543135680226,-0.09000000000000008,True,1.04,True,9.459728612341876e-05,2.0,False,0.8828497403476501,299.99998641597347,0.9168435848247223,65.34512423582653,44.092933017522945,0.0
pd,5.0,esn,24,"demo_06 +3,+3 deg",,1.4747509255453489e-05,0.015858354767311126,3.386963393150243,-0.040000000000000036,True,1.11,True,0.0019338599319648135,1.9999999999999998,False,0.9281426000008015,64.63847249522327,0.9188729390379242,0.7896102680382429,0.24155240943465364,0.0
pd,5.0,replay,24,"demo_06 +3,+3 deg",demo_06,0.005132010405266015,0.03776831944450244,1.9224870029399959,-0.08000000000000007,True,1.07,False,0.0001166603744904525,2.0,True,0.8237125081564458,300.0000743052015,0.867738267843384,65.34512812865506,42.382049990498594,0.0
pd,5.0,esn,25,"demo_06 +3,-3 deg",,3.1113321733679674e-05,0.01603268571669111,2.997782271151217,-0.020000000000000018,True,1.11,True,0.0013164380775654335,1.9999999999999998,False,0.7843299874590163,55.534511284943015,0.7796644134188213,0.7593440749950416,0.20480364935237455,0.0
pd,5.0,replay,25,"demo_06 +3,-3 deg",demo_06,0.0032885947428952416,0.05201420871646619,3.2495696111210726,-0.06000000000000005,True,1.07,False,0.00011569880864157753,2.0,True,0.9585129669395807,300.0000042879778,0.888148076869182,65.34512812865506,42.77264616409567,0.0
pd,5.0,esn,26,"demo_06 -3,+3 deg",,1.922366551741639e-05,0.012592654407871337,3.53897259191003,-0.050000000000000044,True,1.1,True,0.0010766385033032472,2.0,False,0.9503437310121461,65.74779348035987,0.9430155693764468,1.1606585739480384,0.5015821701065372,0.0
pd,5.0,replay,26,"demo_06 -3,+3 deg",demo_06,0.003059986078718215,0.03493279769796804,1.6979439323393761,-0.08000000000000007,True,1.07,False,0.00011912863901967448,2.0,True,0.8151775549829183,300.0000743052015,0.8628920704345626,65.34512626068023,42.500411287576114,0.0
pd,5.0,esn,27,"demo_06 -3,-3 deg",,3.3996574096886727e-05,0.007711300209591719,3.102967038337178,-0.040000000000000036,True,1.09,True,0.0006773571951170234,1.9999999999999998,False,0.8005407387989668,56.82398133377765,0.8095948355068102,1.1478214023535922,0.4610397249118531,0.0
pd,5.0,replay,27,"demo_06 -3,-3 deg",demo_06,0.004968132877797083,0.060028215783748506,2.8816278145410474,-0.06000000000000005,True,1.07,False,0.00011838226565847047,2.0,True,0.8839336547933841,299.9999957120892,0.8782990736939416,65.34512626068023,42.6105083108881,0.0
pd,5.0,esn,28,"demo_07 +3,+3 deg",,2.2334680334599614e-05,0.022169987822716994,2.420731093441773,-0.040000000000000036,True,1.07,True,0.004240655290564615,2.0,False,0.7719341892931882,47.425513544996726,0.8918324026728748,2.282654213971909,1.7864901611378352,0.0
pd,5.0,replay,28,"demo_07 +3,+3 deg",demo_07,0.004704241835792778,0.07872938999551636,2.6489506003461694,-0.050000000000000044,True,1.06,True,0.0002299147008672557,2.0,False,0.7702324811677306,300.00000574038125,0.9293436543080899,65.34512395752668,45.6906317374772,0.0
pd,5.0,esn,29,"demo_07 +3,-3 deg",,2.1958691515123208e-05,0.06426950915622691,2.1429817688525077,0.8799999999999999,True,1.98,False,0.003206146109950862,2.0,True,0.7481235052218641,47.37847660895303,0.8588707162966415,2.3469421908575985,1.855957011162843,0.0
pd,5.0,replay,29,"demo_07 +3,-3 deg",demo_07,0.0037845904249800945,0.053755163128707685,2.9717851374071396,-0.050000000000000044,True,1.05,True,0.0002348900128445549,2.0,False,0.7856630500606073,299.99999425968565,0.9315222314862899,65.34512395752668,45.726498996077076,0.0
pd,5.0,esn,30,"demo_07 -3,+3 deg",,9.025917008483385e-06,0.07102414759029166,2.50925825004196,0.8699999999999999,True,1.99,True,0.0033228180682144306,2.0,False,0.9143884176110144,57.92446597569382,1.0544368198480536,2.822878392425171,2.7656425852083633,0.0
pd,5.0,replay,30,"demo_07 -3,+3 deg",demo_07,0.0036208379427696852,0.026899195772494652,1.8022351249998083,-0.07000000000000006,True,1.05,True,0.00023873924310850763,2.0,False,0.7073703752052504,300.0000148617748,0.9166211473430308,65.34513043180876,45.01898300038355,0.0
pd,5.0,esn,31,"demo_07 -3,-3 deg",,1.5359553056270702e-05,0.08014923358780844,2.4259352505784837,0.8799999999999999,True,2.0,True,0.0036529625780170735,2.0,False,0.9285940431704558,57.97185065752777,1.0384554562705344,2.8996931530849555,2.8742730984610567,0.0
pd,5.0,replay,31,"demo_07 -3,-3 deg",demo_07,0.004527241883358869,0.052891962459604105,1.8695419062537497,-0.07000000000000006,True,1.05,True,0.00023759910815860592,2.0,False,0.7335764764027857,300.0000148617748,0.9180170880875613,65.34513043180876,45.12229314549233,0.0
pd,10.0,esn,0,"demo_00 +3,+3 deg",,6.930007939252423e-05,0.010458175365537926,0.9273481687672249,-0.07000000000000006,True,1.03,True,0.0035601335292965598,2.0,False,0.24126220540788382,29.728553675355425,0.7379833556827105,2.2020939714591914,1.4717869193083128,0.0
pd,10.0,replay,0,"demo_00 +3,+3 deg",demo_00,0.007609577810031489,0.11392973881268348,2.510369650341262,-0.040000000000000036,True,1.06,False,7.801393664459099e-08,2.0,True,0.4322434949333097,299.999993128919,1.155971568175445,130.69025139604298,169.90045405053812,0.0
pd,10.0,esn,1,"demo_00 +3,-3 deg",,4.0676662277940694e-05,0.014290900149893674,1.144700660346062,-0.10000000000000009,True,1.03,True,0.0040047052917453274,2.0,False,0.2935036834253397,30.22109335320853,0.8624746739882052,2.3794307641601873,1.731008076810742,0.0
pd,10.0,replay,1,"demo_00 +3,-3 deg",demo_00,0.00882656542533227,0.05714962015721122,2.136440334423847,-0.07000000000000006,True,1.06,False,7.792771055675383e-08,2.0,True,0.3335237833621359,300.00005802077425,1.0318863956776443,130.69025139604298,165.38689980245465,0.0
pd,10.0,esn,2,"demo_00 -3,+3 deg",,3.577541206785336e-05,0.026814768144213075,1.2889000068214493,-0.10000000000000009,True,1.03,True,0.004575913272473998,2.0,False,0.319154597160934,40.350664351926476,0.9665145920483958,2.976491624760525,2.7457964205858207,0.0
pd,10.0,replay,2,"demo_00 -3,+3 deg",demo_00,0.008560088351447228,0.05156854410243064,2.278948960815234,-0.07000000000000006,True,1.06,False,7.800371623028869e-08,2.0,True,0.30225950508766747,300.00000687114795,1.0218808643775197,130.69025738262778,165.70301163196302,0.0
pd,10.0,esn,3,"demo_00 -3,-3 deg",,7.057107959682922e-05,0.03345211501937439,1.6588952324998019,-0.1100000000000001,True,1.04,True,0.004991472771925118,2.0,False,0.3759044120900206,40.84442316459414,1.0941768892520705,3.1774652929853477,3.1506371361418064,0.0
pd,10.0,replay,3,"demo_00 -3,-3 deg",demo_00,0.007318989880857376,0.0201095457450896,1.838156123098817,-0.09000000000000008,True,1.06,False,7.794883975209636e-08,2.0,True,0.35630082394633406,300.00005802077425,1.1160504702738225,130.69025738262778,169.6400469406683,0.0
pd,10.0,esn,4,"demo_01 +3,+3 deg",,4.225535965443904e-05,0.013608371191424232,0.691334891909895,-0.08000000000000007,True,1.05,False,0.001100491936477836,2.0,True,0.20903318305863977,65.63060966819971,0.7111696732128181,0.8903695912689488,0.26943784271166116,0.0
pd,10.0,replay,4,"demo_01 +3,+3 deg",demo_01,0.006112811682462235,0.13782757096338263,2.3917757993186806,-0.050000000000000044,True,1.08,False,5.9495250990780114e-08,2.0,True,0.4738232165354805,300.00001034139393,1.0238638945937724,130.69025889438512,166.3804669967785,0.0
pd,10.0,esn,5,"demo_01 +3,-3 deg",,2.3471849096848994e-05,0.007605900102807119,0.8738862831500882,-0.09000000000000008,True,1.06,False,0.001437756656446252,2.0,True,0.24448994912073876,75.44079430288467,0.8241631231620554,0.960601198065917,0.2775428519906947,0.0
pd,10.0,replay,5,"demo_01 +3,-3 deg",demo_01,0.010117761818108735,0.060224966885111836,2.015423548851269,-0.07000000000000006,True,1.08,False,5.9570711691469624e-08,2.0,True,0.33944793451298916,300.00008649774975,1.0662885744839958,130.69025889438512,154.70482898993143,0.0
pd,10.0,esn,6,"demo_01 -3,+3 deg",,2.762777851352547e-05,0.008530025902680342,1.0513602026184194,-0.10000000000000009,True,1.05,True,0.0023532554762198494,2.0,False,0.2779673896897798,64.31812842681951,0.847477579050481,1.1633184284416718,0.37810878079846705,0.0
pd,10.0,replay,6,"demo_01 -3,+3 deg",demo_01,0.009857898523344549,0.05650312567738888,2.256455244707969,-0.07000000000000006,True,1.08,False,5.954883513274534e-08,2.0,True,0.2813338175958607,299.99998965867303,1.0481118360804371,130.6902498842855,156.70884730056062,0.0
pd,10.0,esn,7,"demo_01 -3,-3 deg",,6.73092382692708e-05,0.003369364614352923,1.3724309731052955,-0.10999999999999988,True,1.06,True,0.002679554492807326,2.0,False,0.3182112646523924,74.0991927770864,0.975475324282043,1.30717722494658,0.49371255875598347,0.0
pd,10.0,replay,7,"demo_01 -3,-3 deg",demo_01,0.005802180976090836,0.08698165557978889,2.013907182289289,-0.08999999999999986,True,1.08,False,5.9586130079256956e-08,2.0,True,0.3913063843193999,300.00008649774975,1.0054364307823649,130.6902498842855,166.15384809014918,0.0
pd,10.0,esn,8,"demo_02 +3,+3 deg",,6.030734050575905e-05,0.04568463812672081,0.8776603428020915,0.26,True,1.3900000000000001,False,0.00067205924254275,2.0,True,0.22426903943862736,99.52668870612861,0.922841703736004,2.6125886582654783,2.4116841771169426,0.0
pd,10.0,replay,8,"demo_02 +3,+3 deg",demo_02,0.0051945757612936174,0.147798887719112,2.128626396203328,-0.020000000000000018,True,1.11,False,1.2355562676525212e-07,1.9999999999999998,True,0.4155518202867528,300.00001529471024,1.018819707106976,130.69026105221738,165.16817987999661,0.0
pd,10.0,esn,9,"demo_02 +3,-3 deg",,7.911302320832891e-05,0.04583746220089112,0.8787225978621452,0.19999999999999996,True,1.34,False,0.00045570620289359125,1.9999999999999998,True,0.22611069837950556,110.03254960822477,0.9610968222383124,2.4701439748371836,2.2534221156459417,0.0
pd,10.0,replay,9,"demo_02 +3,-3 deg",demo_02,0.01038076481538718,0.05973377725591606,1.981390050694932,-0.030000000000000027,True,1.11,False,1.2359336769332674e-07,1.9999999999999998,True,0.27415092653337375,300.0000633355829,1.038076481538718,130.69026105221738,148.82791475818297,0.0
pd,10.0,esn,10,"demo_02 -3,+3 deg",,4.172125071321402e-05,0.02400319391794308,0.724249554046631,-0.020000000000000018,True,1.12,False,0.0008175840504942249,2.0,True,0.20103652829958957,97.85257513123985,0.8765805562012073,1.8875373055646096,1.3147729867998195,0.0
pd,10.0,replay,10,"demo_02 -3,+3 deg",demo_02,0.010208997020155475,0.07205360692856172,2.1985427152521027,-0.030000000000000027,True,1.11,False,1.23544778600731e-07,1.9999999999999998,True,0.28220363011532784,299.99998470536303,1.0208997020155475,130.6902477264538,152.48581252386955,0.0
pd,10.0,esn,11,"demo_02 -3,-3 deg",,6.949843789259224e-05,0.02612047635301109,0.8048063353461519,-0.030000000000000027,True,1.12,False,0.0005043705276347859,2.0,True,0.21605880978837028,108.357481559849,0.9414357504270159,1.8246290327871106,1.2087517665178322,0.0
pd,10.0,replay,11,"demo_02 -3,-3 deg",demo_02,0.004795095544833078,0.1425932208854389,2.2864929205238425,-0.040000000000000036,True,1.11,False,1.2355038180669866e-07,1.9999999999999998,True,0.4327943143116353,300.0000633355829,1.0171275480038886,130.6902477264538,166.62797513722447,0.0
pd,10.0,esn,12,"demo_03 +3,+3 deg",,7.459185495146527e-05,0.06205239700005565,1.2347059033770391,0.3999999999999999,True,1.52,True,0.0019715857275515065,2.0,False,0.31421177557835084,72.34377269603377,1.0382126776715834,3.7284379629882443,4.292581477010412,0.0
pd,10.0,replay,12,"demo_03 +3,+3 deg",demo_03,0.006112812165101481,0.11827417497666622,2.076227511312842,-0.030000000000000027,True,1.09,False,1.409993133520832e-07,1.9999999999999998,True,0.3896030859548051,300.00001488564004,1.023897926666561,130.69026087401406,169.16741692001935,0.0
pd,10.0,esn,13,"demo_03 +3,-3 deg",,8.211062885199611e-05,0.0647805272592486,1.193202523109754,0.3899999999999999,True,1.51,True,0.0017959437306408704,2.0,False,0.2993607943611728,82.2657721198037,1.0215198613632075,3.6145187095562905,4.0835856664604515,0.0
pd,10.0,replay,13,"demo_03 +3,-3 deg",demo_03,0.01011776099877285,0.033122880660871046,1.9791619339624424,-0.030000000000000027,True,1.09,False,1.4102367170430258e-07,1.9999999999999998,True,0.27763256241696904,300.0000283748972,1.066287512674816,130.69026087401406,157.9196225846594,0.0
pd,10.0,esn,14,"demo_03 -3,+3 deg",,2.507427476194891e-06,0.04373095153946413,0.8898168512095431,-0.07000000000000006,True,1.03,True,0.0035519977395892773,2.0,False,0.2320784007217362,70.4696151773718,0.8531984618416544,2.933078157420473,2.790540080124691,0.0
pd,10.0,replay,14,"demo_03 -3,+3 deg",demo_03,0.009857899292100649,0.06119364009392884,2.2387830570887983,-0.010000000000000009,True,1.09,False,1.4089230982252788e-07,1.9999999999999998,True,0.31482164298879156,299.99998511443323,1.0481128194022657,130.6902479046571,160.95244616295645,0.0
pd,10.0,esn,15,"demo_03 -3,-3 deg",,1.9382188642828434e-05,0.043829366879655336,0.8737238236761197,0.32999999999999985,True,1.44,False,0.001022887476537125,2.0,True,0.22418845637668142,80.39078322517148,0.8640335306947365,2.803101083523556,2.608115965903171,0.0
pd,10.0,replay,15,"demo_03 -3,-3 deg",demo_03,0.005802180491780227,0.1497814705206234,2.4665719041469507,-0.020000000000000018,True,1.09,False,1.4087975743207346e-07,1.9999999999999998,True,0.4482965465446798,300.0000283748972,1.0054018518972434,130.6902479046571,170.86572201819214,0.0
pd,10.0,esn,16,"demo_04 +3,+3 deg",,6.25791914630019e-05,0.02825706999740325,1.3142834694867362,-0.1200000000000001,True,1.02,True,0.005811639751160918,2.0,False,0.3622051550436584,52.40774663098506,1.1023342447719582,3.6352943192350002,4.189388028134763,0.0
pd,10.0,replay,16,"demo_04 +3,+3 deg",demo_04,0.007609578725250343,0.06600141934659073,2.085435333517826,-0.10000000000000009,True,1.04,False,8.854996913032863e-08,2.0,True,0.358148696667689,300.0000144660549,1.1559830254885302,130.69026069122845,170.66383948119574,0.0
pd,10.0,esn,17,"demo_04 +3,-3 deg",,4.301373192793824e-05,0.03434968083586462,1.2218947428624785,-0.1100000000000001,True,1.02,True,0.005581876278401012,2.0,False,0.3409630699264373,52.03776283404103,1.0529714705501976,3.605236562242559,4.085156056239828,0.0
pd,10.0,replay,17,"demo_04 +3,-3 deg",demo_04,0.008826565072475296,0.027552349938135656,1.998068971295817,-0.09000000000000008,True,1.04,False,8.857643215164673e-08,2.0,True,0.2957231066826215,300.0000144660549,1.031886045941271,130.69026069122845,166.50106798886443,0.0
pd,10.0,esn,18,"demo_04 -3,+3 deg",,4.888629304369355e-05,0.024916615970699132,0.9158183668417716,-0.1100000000000001,True,1.0,True,0.004430961361708127,2.0,False,0.2733020679576357,41.85710633598482,0.8601606060125816,2.9025805648223497,2.8266262134896847,0.0
pd,10.0,replay,18,"demo_04 -3,+3 deg",demo_04,0.008560088658662524,0.05650703433435334,2.2289121893280104,-0.07000000000000006,True,1.04,False,8.835390265275218e-08,2.0,True,0.3219851243782879,300.0000064345119,1.0218813701563396,130.69024808744274,167.61296740183332,0.0
pd,10.0,esn,19,"demo_04 -3,-3 deg",,5.909513609605352e-05,0.028265352421484934,0.8651920708976886,-0.1100000000000001,True,0.99,True,0.004213547879091284,2.0,False,0.2517600520682835,41.52340208698875,0.8130508590041846,2.856768636691049,2.7152400457372616,0.0
pd,10.0,replay,19,"demo_04 -3,-3 deg",demo_04,0.007318989005889458,0.11502424351183073,2.4601919720169025,-0.06000000000000005,True,1.04,False,8.834805340080834e-08,2.0,True,0.4078847839382567,299.9999935655614,1.1160395145183113,130.69024808744274,171.96459222572517,0.0
pd,10.0,esn,20,"demo_05 +3,+3 deg",,8.401629511671167e-05,0.012769858763623807,1.2940356378802473,-0.1399999999999999,True,1.03,True,0.0040716113779040155,2.0,False,0.3390679323766342,43.15275204823316,1.0612395268718626,2.289576244733404,2.0386319476119956,0.0
pd,10.0,replay,20,"demo_05 +3,+3 deg",demo_05,0.009188943604260277,0.009857973435511357,1.9688936962298267,-0.11999999999999988,True,1.05,False,6.499325756881959e-08,2.0,True,0.3053764184075289,300.0000469734483,1.240264448569444,130.6902603070181,165.97624371170176,0.0
pd,10.0,esn,21,"demo_05 +3,-3 deg",,3.959816953407935e-05,0.010899502965149646,1.115147583700336,-0.13000000000000012,True,1.02,True,0.004005630055862853,2.0,False,0.31266331519789897,34.99940176350492,0.971383904958327,2.3275952388631342,2.0629544378184317,0.0
pd,10.0,replay,21,"demo_05 +3,-3 deg",demo_05,0.007365043738570426,0.055901145141364815,2.1211688339066734,-0.10000000000000009,True,1.05,False,6.497021510407415e-08,2.0,True,0.31446614677917095,300.0000135840998,0.9539062075751941,130.6902603070181,166.5628124545478,0.0
pd,10.0,esn,22,"demo_05 -3,+3 deg",,2.4447157617923187e-05,0.01612756912526361,1.0626905719924873,-0.1200000000000001,True,1.03,True,0.0029291412810770845,2.0,False,0.2832318254672288,41.831335021752025,0.8880164265400866,1.7033924009361325,1.1945542452961322,0.0
pd,10.0,replay,22,"demo_05 -3,+3 deg",demo_05,0.007061328841740006,0.05818801976059901,2.1145707632796835,-0.10000000000000009,True,1.05,False,6.515261725995638e-08,2.0,True,0.31323718015222285,300.0000469734483,0.9330429806582149,130.69024847165306,166.2309179899958,0.0
pd,10.0,esn,23,"demo_05 -3,-3 deg",,5.3362817726165835e-05,0.015111326078569402,0.9542530887894216,-0.1100000000000001,True,1.02,True,0.002817766028791108,2.0,False,0.25113891530648297,32.093735488609326,0.781305856239462,1.7161581983262642,1.2031812541445275,0.0
pd,10.0,replay,23,"demo_05 -3,-3 deg",demo_05,0.008857205232381994,0.08031773407439811,2.323871814515574,-0.08000000000000007,True,1.05,False,6.514147921490681e-08,2.0,True,0.3382709556452142,299.99998641597347,1.1982215218013912,130.69024847165306,167.5491683699965,0.0
pd,10.0,esn,24,"demo_06 +3,+3 deg",,2.8571801176427184e-05,0.01031367677956241,1.3930579096317233,-0.10000000000000009,True,1.05,False,0.0006240515483273534,2.0,True,0.32722395685583416,68.89935232762504,0.9676488637445537,0.9561422729421076,0.36309705908186635,0.0
pd,10.0,replay,24,"demo_06 +3,+3 deg",demo_06,0.00991657682017584,0.03760293404192976,1.8823789990057642,-0.06000000000000005,True,1.09,False,1.379485644975337e-07,1.9999999999999998,True,0.3144368976114654,300.0000743052015,1.2153410195815424,130.69025625731012,161.54726934970424,0.0
pd,10.0,esn,25,"demo_06 +3,-3 deg",,6.109975394389014e-05,0.012257166106631889,1.2434494589690834,-0.08000000000000007,True,1.05,False,0.00047420963410379027,2.0,True,0.273894354140076,58.764984634249046,0.8131367515585279,0.9333880841456317,0.3069227129291434,0.0
pd,10.0,replay,25,"demo_06 +3,-3 deg",demo_06,0.006406487103207495,0.05749286180541593,2.46076709151472,-0.040000000000000036,True,1.09,False,1.3792320508244808e-07,1.9999999999999998,True,0.3729406153298139,300.0000042879778,0.8710834478768189,130.69025625731012,164.10625112141162,0.0
pd,10.0,esn,26,"demo_06 -3,+3 deg",,3.754756971635374e-05,0.006941340974537706,1.456960725725283,-0.10000000000000009,True,1.05,False,0.0004811645408082719,2.0,True,0.3363153481636776,69.89940406400078,0.9855639147615413,1.3892497327116318,0.7731530185636163,0.0
pd,10.0,replay,26,"demo_06 -3,+3 deg",demo_06,0.005969106320086692,0.03544286145568267,1.9014012661848159,-0.06000000000000005,True,1.09,False,1.380358198897912e-07,1.9999999999999998,True,0.33032965148073073,300.0000743052015,0.8644112587467218,130.69025252136046,163.0460069410072,0.0
pd,10.0,esn,27,"demo_06 -3,-3 deg",,6.677432908537705e-05,0.008097998926688449,1.2957253840398293,-0.09000000000000008,True,1.04,False,0.0007010923001294427,2.0,True,0.2799227717595052,59.80249579337729,0.8356109148109125,1.3645728579776903,0.6965507098322106,0.0
pd,10.0,replay,27,"demo_06 -3,-3 deg",demo_06,0.009616806270121294,0.06300775269250956,2.2144309920773497,-0.040000000000000036,True,1.09,False,1.3801568803825875e-07,1.9999999999999998,True,0.33307196137080836,299.9999957120892,1.1761277835439092,130.69025252136046,163.46576768503348,0.0
pd,10.0,esn,28,"demo_07 +3,+3 deg",,4.360182564475577e-05,0.009026340620167932,1.0403152182675264,-0.09000000000000008,True,1.02,True,0.0027835820790246837,2.0,False,0.2516707704988345,48.77072953613476,0.8918305116238976,2.815057254158927,2.741025525717577,0.0
pd,10.0,replay,28,"demo_07 +3,+3 deg",demo_07,0.009188942582892639,0.08270338757370561,2.234007510260066,-0.050000000000000044,True,1.06,False,1.7670495133224952e-07,2.0,True,0.30582941625284743,300.00000574038125,1.2402519479278091,130.69024791505336,168.0497648666483,0.0
pd,10.0,esn,29,"demo_07 +3,-3 deg",,4.275664649357587e-05,0.014479631320086688,0.9140605799686653,-0.08000000000000007,True,1.02,True,0.0032755660798994782,2.0,False,0.23457899213507924,48.7460935939942,0.8617049476279416,2.9197073684140205,2.8521953164185865,0.0
pd,10.0,replay,29,"demo_07 +3,-3 deg",demo_07,0.00736504357191776,0.05748299807207316,2.4047313520449274,-0.040000000000000036,True,1.06,False,1.766439995046457e-07,2.0,True,0.3036625525682083,299.99999425968565,0.9539029986176614,130.69024791505336,168.60686437075867,0.0
pd,10.0,esn,30,"demo_07 -3,+3 deg",,1.765780320775332e-05,0.01219951217926043,1.0687478694958623,-0.10000000000000009,True,1.02,True,0.003476988903414561,2.0,False,0.294277105364938,59.82932620811181,1.0552555984205347,3.457647948003018,4.2838550038635415,0.0
pd,10.0,replay,30,"demo_07 -3,+3 deg",demo_07,0.007061329028277388,0.025053279910748794,2.0063223872101075,-0.06000000000000005,True,1.06,False,1.7677462661993549e-07,2.0,True,0.28283604830373704,300.0000148617748,0.933045973216365,130.6902608636175,167.9586389083168,0.0
pd,10.0,esn,31,"demo_07 -3,-3 deg",,3.0116856673937335e-05,0.02063932225426944,1.0175994002985056,-0.10000000000000009,True,1.02,True,0.004028572983904332,2.0,False,0.2884836144244529,59.77256682996468,1.0456455034862644,3.5762215980099756,4.465337589012601,0.0
pd,10.0,replay,31,"demo_07 -3,-3 deg",demo_07,0.008857206210034529,0.05561796106934488,1.915024881725909,-0.06000000000000005,True,1.06,False,1.7673019182505834e-07,2.0,True,0.30119453433998394,300.0000148617748,1.1982335301454905,130.6902608636175,169.2179344796364,0.0
pd,20.0,esn,0,"demo_00 +3,+3 deg",,0.0001295485086525612,0.006857324602151634,0.4147196857138992,-0.050000000000000044,True,1.05,False,7.039777653247799e-05,2.0,True,0.0635237238474421,28.929248520397312,0.7069799152128381,2.473431576350748,1.6124258992603486,0.0
pd,20.0,replay,0,"demo_00 +3,+3 deg",demo_00,0.01489381085811293,0.11734075246683219,2.225757975821367,0.0,True,1.1,False,1.4542388910722792e-11,2.0,True,0.20809342701243358,299.999993128919,2.0524588900244676,261.38050279208596,644.5330979675869,0.0
pd,20.0,esn,1,"demo_00 +3,-3 deg",,7.797483911229179e-05,0.0051305377801543735,0.38470826799444735,-0.07000000000000006,True,1.06,False,9.313042624198791e-05,2.0,True,0.07837099947466944,29.273132289712983,0.831695428134365,2.2824214998704626,1.8563095400124867,0.0
pd,20.0,replay,1,"demo_00 +3,-3 deg",demo_00,0.016298199786323072,0.05782692404562977,2.11828939003184,-0.030000000000000027,True,1.1,False,1.4542388910722792e-11,2.0,True,0.13150813946483564,300.00005802077425,1.686620359025804,261.38050279208596,611.6586024140519,0.0
pd,20.0,esn,2,"demo_00 -3,+3 deg",,6.987181141319878e-05,0.008556094316314492,0.43092693877360855,-0.06000000000000005,True,1.07,False,0.00010210329526052399,2.0,True,0.08299992264582638,39.29987832152703,0.9257511268393827,2.88220015969381,2.9005939016774045,0.0
pd,20.0,replay,2,"demo_00 -3,+3 deg",demo_00,0.015909300968661028,0.051383801482323126,2.1629765368874394,-0.030000000000000027,True,1.1,False,1.4542388910722792e-11,2.0,True,0.12775055404558533,300.00000687114795,1.6701554553240294,261.38051476525555,615.8443983925077,0.0
pd,20.0,esn,3,"demo_00 -3,-3 deg",,0.00013312851167801101,0.014894526683284304,0.6605658442358615,-0.08000000000000007,True,1.07,False,0.0001225519469840963,2.0,True,0.0992650401738341,39.66118342459908,1.0541316768288758,3.041826086609354,3.318678345572309,0.0
pd,20.0,replay,3,"demo_00 -3,-3 deg",demo_00,0.014353200315307804,0.020070267856158175,1.9969705074915125,-0.050000000000000044,True,1.1,False,1.4542388910722792e-11,2.0,True,0.20553809235233908,300.00005802077425,1.9971934603858112,261.38051476525555,647.404131970764,0.0
pd,20.0,esn,4,"demo_01 +3,+3 deg",,7.576669359560735e-05,0.010948560637112732,0.32963266193153673,-0.050000000000000044,True,1.08,False,5.6501515258694056e-05,2.0,True,0.05707659714846515,66.1364499648747,0.7107738638240241,1.67519783233071,0.28926003655062865,0.0
pd,20.0,replay,4,"demo_01 +3,+3 deg",demo_01,0.012199204116138866,0.14577520793057405,2.2072817440271133,0.0,True,1.1300000000000001,False,1.8355145436939276e-11,1.9999999999999998,True,0.25521679161039157,300.00001034139393,2.0164622255446885,261.38051778877025,636.4915294363961,0.0
pd,20.0,esn,5,"demo_01 +3,-3 deg",,4.6784584694851093e-05,0.0032149946604928654,0.2835016700557036,-0.050000000000000044,True,1.1,False,4.3544725096225116e-05,2.0,True,0.0666408471020411,76.26495408021317,0.827013797163176,1.0218829583497473,0.272694502509467,0.0
pd,20.0,replay,5,"demo_01 +3,-3 deg",demo_01,0.017502030963611245,0.06262342232470473,2.0354020122660743,-0.020000000000000018,True,1.1300000000000001,False,1.8355145436939276e-11,1.9999999999999998,True,0.14877369855835978,300.00008649774975,1.7502030963611244,261.38051778877025,551.2517187123639,0.0
pd,20.0,esn,6,"demo_01 -3,+3 deg",,5.520213992415892e-05,0.0031428315762406273,0.3536490850215198,-0.06000000000000005,True,1.09,False,7.107997073931192e-05,1.9999999999999998,True,0.0770916125900783,65.98999627954541,0.856165323921813,1.1055241686051085,0.3718017246877757,0.0
pd,20.0,replay,6,"demo_01 -3,+3 deg",demo_01,0.017213117460663816,0.05787803521718993,2.1084698165325904,-0.020000000000000018,True,1.1300000000000001,False,1.8355145436939276e-11,1.9999999999999998,True,0.1394542375565357,299.99998965867303,1.7213117460663816,261.380499768571,562.5487874864605,0.0
pd,20.0,esn,7,"demo_01 -3,-3 deg",,0.0001212916590206642,0.008644871864391787,0.5859278441169806,-0.05999999999999983,True,1.11,False,5.3588904646998726e-05,1.9999999999999998,True,0.0883728047657676,76.1509527528477,0.9869295668052397,1.1923753261886163,0.4734333892717814,0.0
pd,20.0,replay,7,"demo_01 -3,-3 deg",demo_01,0.011628935620040805,0.0888725282322688,2.078877254818707,-0.039999999999999813,True,1.1300000000000001,False,1.8355145436939276e-11,1.9999999999999998,True,0.2528520504865615,300.00008649774975,1.9834556515978006,261.380499768571,633.3101454714102,0.0
pd,20.0,esn,8,"demo_02 +3,+3 deg",,0.00010140158514406852,0.017376277717414314,0.25150399024395226,0.010000000000000009,True,1.1400000000000001,False,9.253630542571762e-05,2.0,True,0.05555035955741953,96.98255721488401,0.8789033031703387,3.2080038964330138,2.9796401390573837,0.0
pd,20.0,replay,8,"demo_02 +3,+3 deg",demo_02,0.010614902590056303,0.15675402326497193,2.1495373709873924,0.0,True,1.1300000000000001,False,1.5594146122415144e-11,1.9999999999999998,True,0.2664849721471782,300.00001529471024,2.0091728418503054,261.38052210443476,625.8332305974473,0.0
pd,20.0,esn,9,"demo_02 +3,-3 deg",,0.0001296648396955635,0.019161230323028872,0.24674987535820686,0.010000000000000009,True,1.1500000000000001,False,8.534859616744314e-05,1.9999999999999998,True,0.05561257152661157,107.7002760303865,0.9120892183047222,3.201143973910512,2.8350432565756423,0.0
pd,20.0,replay,9,"demo_02 +3,-3 deg",demo_02,0.016860629006904358,0.06559904715231218,2.014285833105413,-0.010000000000000009,True,1.1300000000000001,False,1.5594146122415144e-11,1.9999999999999998,True,0.1502754319681194,300.0000633355829,1.6860629006904357,261.38052210443476,507.4684071733079,0.0
pd,20.0,esn,10,"demo_02 -3,+3 deg",,7.159879614423278e-05,0.008862670954296298,0.1935432888671681,-0.010000000000000009,True,1.1300000000000001,False,4.425402589144896e-05,1.9999999999999998,True,0.04930243682062299,96.45031315314593,0.8369615632825893,2.444834869069857,1.5963163085773444,0.0
pd,20.0,replay,10,"demo_02 -3,+3 deg",demo_02,0.016736464698572193,0.0665024560983402,2.055587708362688,-0.010000000000000009,True,1.1300000000000001,False,1.5594146122415144e-11,1.9999999999999998,True,0.14649857625981447,299.99998470536303,1.6736464698572193,261.3804954529076,520.5048793680809,0.0
pd,20.0,esn,11,"demo_02 -3,-3 deg",,0.00011483069164902695,0.012695042069631322,0.24618038298242206,-0.010000000000000009,True,1.1400000000000001,False,4.937001780662864e-05,2.0,True,0.053091043345349836,107.24192604512828,0.9016476312828875,2.4232797520477964,1.4953389440057812,0.0
pd,20.0,replay,11,"demo_02 -3,-3 deg",demo_02,0.009950619647975396,0.13862025270987297,2.1791821171493515,-0.020000000000000018,True,1.1300000000000001,False,1.5594146122415144e-11,1.9999999999999998,True,0.27075821671073314,300.0000633355829,1.9968156812562141,261.3804954529076,620.3675967932828,0.0
pd,20.0,esn,12,"demo_03 +3,+3 deg",,0.00013077633525426221,0.025496092350970823,0.4746522160659316,-0.010000000000000009,True,1.11,False,0.00020284432364625087,1.9999999999999998,True,0.08052852651253113,68.38754641237895,1.0049295408672576,3.996981009657744,5.205612222626141,0.0
pd,20.0,replay,12,"demo_03 +3,+3 deg",demo_03,0.012199205151592453,0.12462844433768411,2.1592868134607848,-0.020000000000000018,True,1.1,False,5.067125533592132e-12,2.0,True,0.2481653971335782,300.00001488564004,2.016477973814352,261.3805217480281,640.1696969142841,0.0
pd,20.0,esn,13,"demo_03 +3,-3 deg",,0.00014174303799579816,0.026584684963924958,0.4363018780513811,0.010000000000000009,True,1.1300000000000001,False,0.00018378320542310067,1.9999999999999998,True,0.07675287471701973,78.42429727088648,0.988142452013306,3.9501766139057106,5.002699754593777,0.0
pd,20.0,replay,13,"demo_03 +3,-3 deg",demo_03,0.01750202952995046,0.03880958085667459,2.0098151731610177,-0.020000000000000018,True,1.1,False,5.067125533592132e-12,2.0,True,0.1422774603994241,300.0000283748972,1.750202952995046,261.3805217480281,554.8735789664332,0.0
pd,20.0,esn,14,"demo_03 -3,+3 deg",,4.425156149445323e-06,0.014307522601050952,0.31851631248001144,-0.010000000000000009,True,1.09,False,0.00012109233345520896,1.9999999999999998,True,0.05875883040507254,67.48162414185828,0.8235119928527064,3.2292087700725256,3.308612696502413,0.0
pd,20.0,replay,14,"demo_03 -3,+3 deg",demo_03,0.017213118803395145,0.06349151255807518,2.0768278862250433,0.0,True,1.1,False,5.067125533592132e-12,2.0,True,0.14171991815326512,299.99998511443323,1.7213118803395144,261.3804958093142,566.0755076131711,0.0
pd,20.0,esn,15,"demo_03 -3,-3 deg",,3.384715989488122e-05,0.0146099796885936,0.2995091974077825,0.0,True,1.11,False,0.00010845720353614384,1.9999999999999998,True,0.056324794566067135,77.5802605693297,0.8301270447863885,3.184285112873133,3.1296491983262973,0.0
pd,20.0,replay,15,"demo_03 -3,-3 deg",demo_03,0.011628934563129713,0.14723899894656425,2.2550154896702264,-0.010000000000000009,True,1.1,False,5.067125533592132e-12,2.0,True,0.256790415593515,300.0000283748972,1.9834398664607984,261.3804958093142,636.8351828882747,0.0
pd,20.0,esn,16,"demo_04 +3,+3 deg",,0.00011740988930240071,0.01086474166607997,0.5612348418389942,-0.07000000000000006,True,1.07,False,0.0001681998733756927,2.0,True,0.09033573421432015,51.62790997028635,1.0511114337645764,3.798119815184333,4.826067913488287,0.0
pd,20.0,replay,16,"demo_04 +3,+3 deg",demo_04,0.01489381266936462,0.06739399292671965,2.154239927627091,-0.050000000000000044,True,1.09,False,1.5684457252950615e-11,1.9999999999999998,True,0.2000946761320522,300.0000144660549,2.052481581487543,261.3805213824569,646.152397919425,0.0
pd,20.0,esn,17,"demo_04 +3,-3 deg",,8.099268460859315e-05,0.013090138995377172,0.4841590723338673,-0.06000000000000005,True,1.07,False,0.00017502106984503986,2.0,True,0.08567176146648953,51.29101458154474,1.0076966579517785,3.762774200239584,4.719442316641368,0.0
pd,20.0,replay,17,"demo_04 +3,-3 deg",demo_04,0.016298199160625918,0.02748794517075194,2.016869990405004,-0.040000000000000036,True,1.09,False,1.5684457252950615e-11,1.9999999999999998,True,0.12595277627292278,300.0000144660549,1.6866199074202695,261.3805213824569,613.2362787874243,0.0
pd,20.0,esn,18,"demo_04 -3,+3 deg",,9.247530362983827e-05,0.008522452636352748,0.34173413537117914,-0.07000000000000006,True,1.04,False,0.00011892010362095082,2.0,True,0.06875678518336371,41.33571261261543,0.8242665196814155,3.0897516277058634,3.171303679628126,0.0
pd,20.0,replay,18,"demo_04 -3,+3 deg",demo_04,0.01590930151038655,0.057677724134090655,2.088910467010982,-0.020000000000000018,True,1.09,False,1.5684457252950615e-11,1.9999999999999998,True,0.12809342009066133,300.0000064345119,1.6701557931382267,261.3804961748855,617.2830215061751,0.0
pd,20.0,esn,19,"demo_04 -3,-3 deg",,0.0001101868620832681,0.008970571540318384,0.3613429392342986,-0.07000000000000006,True,1.03,False,0.00011405690947681949,2.0,True,0.06375737361511456,41.04385862646431,0.7822710454819406,3.040511116961242,3.065820391325365,0.0
pd,20.0,replay,19,"demo_04 -3,-3 deg",demo_04,0.014353198578004631,0.11736393988762896,2.2583175317039625,-0.010000000000000009,True,1.09,False,1.5684457252950615e-11,1.9999999999999998,True,0.2092723463014316,299.9999935655614,1.997171715564366,261.3804961748855,648.8593529155274,0.0
pd,20.0,esn,20,"demo_05 +3,+3 deg",,0.00015961547559979877,0.005636285091167465,0.531842633389078,-0.07999999999999985,True,1.09,False,6.652018111962382e-05,1.9999999999999998,True,0.08410546945041268,42.423991935875854,1.015727570661863,2.986770506427348,2.2932235802552814,0.0
pd,20.0,replay,20,"demo_05 +3,+3 deg",demo_05,0.017517113191768716,0.00939510176818749,2.0458530484868938,-0.04999999999999982,True,1.12,False,2.039018379485408e-11,2.0,True,0.145233815861915,300.0000469734483,2.0017727420780105,261.3805206140362,621.2356721912693,0.0
pd,20.0,esn,21,"demo_05 +3,-3 deg",,7.506469001479729e-05,0.0018480851993014035,0.38563853761271827,-0.08000000000000007,True,1.07,False,6.950050846178173e-05,2.0,True,0.07755138358806352,34.82210116760249,0.9279886656877868,2.6147874341143287,2.2775107399181307,0.0
pd,20.0,replay,21,"demo_05 +3,-3 deg",demo_05,0.013936931319911782,0.05591319869362692,2.0600516353037603,-0.030000000000000027,True,1.12,False,2.039018379485408e-11,2.0,True,0.1352213128669964,300.0000135840998,1.5480954945361463,261.3805206140362,625.3318065428717,0.0
pd,20.0,esn,22,"demo_05 -3,+3 deg",,4.6480971304591826e-05,0.004922567122197681,0.34657547112622766,-0.07000000000000006,True,1.08,False,5.764445209418407e-05,2.0,True,0.07144590810711417,41.32183185607783,0.8537034759362534,1.9701075846497957,1.3040249099739443,0.0
pd,20.0,replay,22,"demo_05 -3,+3 deg",demo_05,0.013416932094103924,0.05805806203965808,2.0623016001544783,-0.030000000000000027,True,1.12,False,2.039018379485408e-11,2.0,True,0.13829422985773562,300.0000469734483,1.5100638772208674,261.3804969433061,621.7300067686322,0.0
pd,20.0,esn,23,"demo_05 -3,-3 deg",,0.000102121310143238,0.009834192080126675,0.38545551378570314,-0.07000000000000006,True,1.06,False,7.881133949740817e-05,2.0,True,0.06324336626588176,31.297078801120325,0.7500315199418963,1.9835722578402368,1.3106658253910988,0.0
pd,20.0,replay,23,"demo_05 -3,-3 deg",demo_05,0.01693966487280488,0.08168545085009238,2.1430560400146716,-0.010000000000000009,True,1.12,False,2.039018379485408e-11,2.0,True,0.15100758390226787,299.99998641597347,1.9392148613765883,261.3804969433061,631.3278827264445,0.0
pd,20.0,esn,24,"demo_06 +3,+3 deg",,5.359265823201147e-05,0.005193719673492184,0.4610993651953532,-0.040000000000000036,True,1.11,False,2.8024218770404032e-05,1.9999999999999998,True,0.0890744473144557,68.5736108965515,0.93517862219214,1.0590604137844046,0.39846406915657145,0.0
pd,20.0,replay,24,"demo_06 +3,+3 deg",demo_06,0.0184969916120221,0.03733571385533916,1.9402428536350957,-0.020000000000000018,True,1.1300000000000001,False,1.5334141998524032e-11,1.9999999999999998,True,0.12854911116235535,300.0000743052015,1.9771032405653044,261.38051251462025,595.0403809581088,0.0
pd,20.0,esn,25,"demo_06 +3,-3 deg",,0.00011772260427308351,0.007081328229630055,0.4133433237083175,-0.030000000000000027,True,1.1,False,6.681906354065394e-05,2.0,True,0.07399094577046522,58.19754707990626,0.7808192392643964,1.0597107332443896,0.3525962681262136,0.0
pd,20.0,replay,25,"demo_06 +3,-3 deg",demo_06,0.012155749885586648,0.058732039983110204,2.19615949965476,0.0,True,1.1300000000000001,False,1.5334141998524032e-11,1.9999999999999998,True,0.158838324877619,300.0000042879778,1.3683485808774818,261.38051251462025,613.6286121066033,0.0
pd,20.0,esn,26,"demo_06 -3,+3 deg",,7.158246145068549e-05,0.0048840031903355065,0.476258150323173,-0.040000000000000036,True,1.11,False,2.0569338565192326e-05,1.9999999999999998,True,0.09227475849600987,69.25474955860437,0.9448469481841196,1.5332865132564466,0.8367477596101519,0.0
pd,20.0,replay,26,"demo_06 -3,+3 deg",demo_06,0.01136476966858086,0.0353546350376253,2.0370339210230917,-0.020000000000000018,True,1.1300000000000001,False,1.5334141998524032e-11,1.9999999999999998,True,0.15813856928616968,300.0000743052015,1.304130347917635,261.3805050427209,606.1108427143647,0.0
pd,20.0,esn,27,"demo_06 -3,-3 deg",,0.00012870586222953317,0.005540919680703848,0.43682039370318426,-0.030000000000000027,True,1.1,False,5.6891713969551294e-05,2.0,True,0.07612682740611383,58.87704007798117,0.7958038409468127,1.5098499683493922,0.7729797003744127,0.0
pd,20.0,replay,27,"demo_06 -3,-3 deg",demo_06,0.018004514680396436,0.06343491512782533,2.024808575688439,0.0,True,1.1300000000000001,False,1.5334141998524032e-11,1.9999999999999998,True,0.1315078846920449,299.9999957120892,1.9228101246471676,261.3805050427209,608.5780868392646,0.0
pd,20.0,esn,28,"demo_07 +3,+3 deg",,8.302998155711717e-05,0.005298475676239182,0.35267526882279143,-0.030000000000000027,True,1.08,False,4.958280752798183e-05,2.0,True,0.0653119533443793,48.176769453990126,0.8428459935316246,3.002714646696467,2.921065678429871,0.0
pd,20.0,replay,28,"demo_07 +3,+3 deg",demo_07,0.017517111237281127,0.0827663004851269,2.0824827143923184,-0.010000000000000009,True,1.1,False,4.56687546920646e-12,2.0,True,0.1450348828763183,300.00000574038125,2.001769719653458,261.3804958301067,622.9929484456808,0.0
pd,20.0,esn,29,"demo_07 +3,-3 deg",,8.098903901888935e-05,0.006199200021391266,0.3176946506119416,-0.020000000000000018,True,1.08,False,5.833955713633028e-05,2.0,True,0.05878491355253361,48.014952178887675,0.8166798868391156,3.0530365614997477,3.031760474110177,0.0
pd,20.0,replay,29,"demo_07 +3,-3 deg",demo_07,0.013936931015154504,0.05789065640510755,2.219337235293702,0.0,True,1.1,False,4.56687546920646e-12,2.0,True,0.13326350216419725,299.99999425968565,1.5480948759418665,261.3804958301067,627.0919071971063,0.0
pd,20.0,esn,30,"demo_07 -3,+3 deg",,3.3766676963740024e-05,0.005885516466382535,0.34557467702264477,-0.030000000000000027,True,1.09,False,0.0001233724009439563,1.9999999999999998,True,0.07564505546413175,59.154689236950205,0.9983505608664838,3.75987955950376,4.509705111649577,0.0
pd,20.0,replay,30,"demo_07 -3,+3 deg",demo_07,0.01341693242386718,0.025052039127039558,2.1020703928953393,-0.020000000000000018,True,1.1,False,4.56687546920646e-12,2.0,True,0.13456120819885606,300.0000148617748,1.5100644679069894,261.380521727235,623.6329008165138,0.0
pd,20.0,esn,31,"demo_07 -3,-3 deg",,5.78522831195821e-05,0.006060780912993699,0.3332623492960561,-0.040000000000000036,True,1.08,False,0.00012187394400876991,2.0,True,0.07180176078558008,58.93147038877679,0.9914488050534852,3.819117185110867,4.680877034442587,0.0
pd,20.0,replay,31,"demo_07 -3,-3 deg",demo_07,0.016939666743166215,0.0557939278688196,1.9761269960960273,-0.020000000000000018,True,1.1,False,4.56687546920646e-12,2.0,True,0.14628042094135152,300.0000148617748,1.9392177427782729,261.380521727235,633.2262286658695,0.0
pd,40.0,esn,0,"demo_00 +3,+3 deg",,0.000226680485675216,0.005445841687319697,0.3108121283273735,-0.010000000000000009,True,1.09,False,4.5762853783746874e-05,1.9999999999999998,True,0.015063490949169988,28.15396121762494,0.6706550663667795,4.946863152701496,1.6382155823152917,0.0
pd,40.0,replay,0,"demo_00 +3,+3 deg",demo_00,0.028486692960309642,0.11668098719553377,2.129309719276728,0.020000000000000018,True,1.12,False,2.9006361918737455e-11,2.0,True,0.12561807236709205,299.999993128919,3.2839179206877867,522.7610055841719,2364.647258358468,0.0
pd,40.0,esn,1,"demo_00 +3,-3 deg",,0.0001442381385681384,0.002084380383358346,0.12497942845254918,-0.020000000000000018,True,1.11,False,3.743875522176283e-05,1.9999999999999998,True,0.018621838199667777,28.369435110582252,0.7888919535433618,3.3594788347922986,1.7498291520155458,0.0
pd,40.0,replay,1,"demo_00 +3,-3 deg",demo_00,0.02777757444032004,0.05750711729482406,2.120521987511352,-0.010000000000000009,True,1.12,False,2.9006361918737455e-11,2.0,True,0.06513648153619205,300.00005802077425,2.777757444032004,522.7610055841719,2134.3598123405964,0.0
pd,40.0,esn,2,"demo_00 -3,+3 deg",,0.00013289503647055865,0.0034360872074918106,0.14733347724579987,-0.010000000000000009,True,1.12,False,3.850715138904671e-05,2.0,True,0.01966377430535665,38.223632113381115,0.8775059413142403,3.152038610673522,2.672460935206921,0.0
pd,40.0,replay,2,"demo_00 -3,+3 deg",demo_00,0.02743321834616025,0.050779475557466223,2.134226346569056,-0.010000000000000009,True,1.12,False,2.9006361918737455e-11,2.0,True,0.06432597137151326,300.00000687114795,2.743321834616025,522.7610295305111,2157.2602265267187,0.0
pd,40.0,esn,3,"demo_00 -3,-3 deg",,0.00023688305161048313,0.009831037157051905,0.40546890775293337,-0.020000000000000018,True,1.1300000000000001,False,5.792786049918762e-05,1.9999999999999998,True,0.023608845825479646,38.43463100006076,0.9982015678545155,3.2689733438463526,2.970200162397476,0.0
pd,40.0,replay,3,"demo_00 -3,-3 deg",demo_00,0.02756959911041892,0.01971155426331143,2.0401710264795874,-0.030000000000000027,True,1.12,False,2.9006361918737455e-11,2.0,True,0.12922978549885678,300.00005802077425,3.1953383372505964,522.7610295305111,2388.0255794035443,0.0
pd,40.0,esn,4,"demo_01 +3,+3 deg",,0.00012608239212854932,0.009523889381660098,0.27539353718568876,-0.020000000000000018,True,1.11,False,2.599459746582859e-05,1.9999999999999998,True,0.013000308248977183,66.01425145361497,0.7042023542249567,3.35039566466142,0.3718084859993662,0.0
pd,40.0,replay,4,"demo_01 +3,+3 deg",demo_01,0.02435966809883664,0.14590200645668613,2.133191647355126,0.020000000000000018,True,1.1500000000000001,False,3.539201522846979e-11,1.9999999999999998,True,0.1631629256231375,300.00001034139393,3.539233012831588,522.7610355775405,2350.791660905072,0.0
pd,40.0,esn,5,"demo_01 +3,-3 deg",,9.240093038784395e-05,0.0013967386748331844,0.07173653712956493,-0.010000000000000009,True,1.1400000000000001,False,3.0914327513468876e-05,2.0,True,0.015088511892125855,76.17028753049435,0.8174221353556007,1.4765240583863317,0.3241713290321573,0.0
pd,40.0,replay,5,"demo_01 +3,-3 deg",demo_01,0.026350740154862745,0.06293572906561537,2.0473879207191703,0.0,True,1.1500000000000001,False,3.539201522846979e-11,1.9999999999999998,True,0.0850574476321753,300.00008649774975,2.6350740154862744,522.7610355775405,1794.550989031062,0.0
pd,40.0,esn,6,"demo_01 -3,+3 deg",,0.00010959166275749866,0.0008569641779151904,0.09035377225058625,-0.010000000000000009,True,1.1400000000000001,False,3.4516862891267804e-05,2.0,True,0.01781465716961339,66.06350716392951,0.8366528933812407,1.923270765074335,0.3735181650536115,0.0
pd,40.0,replay,6,"demo_01 -3,+3 deg",demo_01,0.026343302054396674,0.05758375936507742,2.067620232745809,0.0,True,1.1500000000000001,False,3.539201522846979e-11,1.9999999999999998,True,0.08215166091479817,299.99998965867303,2.6343302054396673,522.760999537142,1845.2171524464284,0.0
pd,40.0,esn,7,"demo_01 -3,-3 deg",,0.00019908174460195555,0.010516965209577147,0.3849201742735605,-0.010000000000000009,True,1.16,False,5.859124733468498e-05,2.0,True,0.020354295726226795,76.2674985078202,0.9629362358737045,1.2507828887599155,0.4370019235668663,0.0
pd,40.0,replay,7,"demo_01 -3,-3 deg",demo_01,0.023455216892543186,0.08850640205028192,2.079221064986283,-0.019999999999999796,True,1.1500000000000001,False,3.539201522846979e-11,1.9999999999999998,True,0.16642244271106918,300.00008649774975,3.522599891402264,522.760999537142,2339.5849707583234,0.0
pd,40.0,esn,8,"demo_02 +3,+3 deg",,0.00014432226889816643,0.004626761632443554,0.07109268224879522,0.0,True,1.1300000000000001,False,2.1161748281433638e-05,1.9999999999999998,True,0.013675451285688511,96.05537446902704,0.861597469100366,4.092047414572079,2.945604801368101,0.0
pd,40.0,replay,8,"demo_02 +3,+3 deg",demo_02,0.022170362961790563,0.15668714279078014,2.1280839747143956,0.010000000000000009,True,1.1400000000000001,False,3.321799335520785e-11,2.0,True,0.1767871030119337,300.00001529471024,3.648035816973096,522.7610442088695,2302.707244242751,0.0
pd,40.0,esn,9,"demo_02 +3,-3 deg",,0.0001757962817926334,0.006520397774420384,0.09474056547152832,0.0,True,1.1400000000000001,False,2.7959629926342304e-05,2.0,True,0.01386023818914058,106.78922236217572,0.899491766469038,4.20870278557306,2.877766204609615,0.0
pd,40.0,replay,9,"demo_02 +3,-3 deg",demo_02,0.022507145668522067,0.06600310890483739,2.019088849274124,0.0,True,1.1400000000000001,False,3.321799335520785e-11,2.0,True,0.09485311031786836,300.0000633355829,2.2507145668522064,522.7610442088695,1581.0498577107735,0.0
pd,40.0,esn,10,"demo_02 -3,+3 deg",,0.00010688044750278775,0.002415815834282801,0.07235397651471388,-0.010000000000000009,True,1.1300000000000001,False,1.9297311565331347e-05,1.9999999999999998,True,0.011457865069900038,95.84266647397504,0.8305185734769887,3.254019823923799,1.6446681623101407,0.0
pd,40.0,replay,10,"demo_02 -3,+3 deg",demo_02,0.02269899436254025,0.06546029381823412,2.0235716057678266,0.0,True,1.1400000000000001,False,3.321799335520785e-11,2.0,True,0.09219086072393458,299.99998470536303,2.269899436254025,522.7609909058152,1627.3661281811694,0.0
pd,40.0,esn,11,"demo_02 -3,-3 deg",,0.00015863177574233867,0.0058384918613879596,0.14103732969093896,0.0,True,1.1500000000000001,False,3.588746821110792e-05,1.9999999999999998,True,0.012320269045736207,106.64851873853377,0.8983505451341766,3.352102829738495,1.6137442991333857,0.0
pd,40.0,replay,11,"demo_02 -3,-3 deg",demo_02,0.021319641052579674,0.13732216340199283,2.12189076612452,-0.010000000000000009,True,1.1400000000000001,False,3.321799335520785e-11,2.0,True,0.17930899812093756,300.0000633355829,3.6399800762889996,522.7609909058152,2284.6333964273167,0.0
pd,40.0,esn,12,"demo_03 +3,+3 deg",,0.00020155563896544017,0.009911866136290803,0.25154767395028793,0.010000000000000009,True,1.1300000000000001,False,3.2086704330253806e-05,1.9999999999999998,True,0.01938481944271291,67.01022230163115,0.9600486387477001,4.6993669649359315,5.006151810379241,0.0
pd,40.0,replay,12,"demo_03 +3,+3 deg",demo_03,0.024359670285294552,0.12450921811542998,2.1636334395991015,-0.010000000000000009,True,1.11,False,1.0269505121797491e-11,1.9999999999999998,True,0.16290052380599376,300.00001488564004,3.539262398351979,522.7610434960562,2354.4488034445467,0.0
pd,40.0,esn,13,"demo_03 +3,-3 deg",,0.00021172704383505192,0.010065102078705142,0.21406826664097964,0.010000000000000009,True,1.1300000000000001,False,3.589152513189757e-05,1.9999999999999998,True,0.018655503893027718,77.08545716975328,0.9477752028158057,4.714279291775918,4.826529994510874,0.0
pd,40.0,replay,13,"demo_03 +3,-3 deg",demo_03,0.02635073803306925,0.039288095108710494,2.0137079664547706,-0.010000000000000009,True,1.11,False,1.0269505121797491e-11,1.9999999999999998,True,0.08483531904466109,300.0000283748972,2.635073803306925,522.7610434960562,1798.113487088132,0.0
pd,40.0,esn,14,"demo_03 -3,+3 deg",,7.030555003981791e-06,0.0033022418573719434,0.17817931141528218,-0.010000000000000009,True,1.09,False,5.270953754913563e-06,1.9999999999999998,True,0.014128078366607682,66.5888817945531,0.7944425666982889,3.859147422072482,3.1375489318495102,0.0
pd,40.0,replay,14,"demo_03 -3,+3 deg",demo_03,0.026343304020833517,0.06326315838309522,2.0431699364790905,0.010000000000000009,True,1.11,False,1.0269505121797491e-11,1.9999999999999998,True,0.08232471218686598,299.99998511443323,2.6343304020833513,522.7609916186284,1848.5752584559095,0.0
pd,40.0,esn,15,"demo_03 -3,-3 deg",,5.175197149504999e-05,0.0035827283487224557,0.16189207287919466,-0.010000000000000009,True,1.1,False,9.426683572933837e-06,2.0,True,0.013619273331575268,76.67174531761118,0.8056619669299301,3.8812459885867723,2.9990088472681116,0.0
pd,40.0,replay,15,"demo_03 -3,-3 deg",demo_03,0.02345521465769459,0.14622048182654443,2.1788792682051104,0.0,True,1.11,False,1.0269505121797491e-11,1.9999999999999998,True,0.16662323291642397,300.0000283748972,3.5225710891004516,522.7609916186284,2342.8730316511733,0.0
pd,40.0,esn,16,"demo_04 +3,+3 deg",,0.00020716515028152208,0.004439868280623063,0.3315580822615251,0.0,True,1.1400000000000001,False,4.7864051912755176e-05,2.0,True,0.02109184235794599,50.50182604153633,0.995955350763871,4.674902352734932,4.70233860667982,0.0
pd,40.0,replay,16,"demo_04 +3,+3 deg",demo_04,0.028486696481050552,0.06686103282237736,2.162786215361737,-0.020000000000000018,True,1.12,False,2.8182304679477154e-11,2.0,True,0.1251175319537714,300.0000144660549,3.283923499795574,522.7610427649138,2366.3165068478747,0.0
pd,40.0,esn,17,"demo_04 +3,-3 deg",,0.00014459158751396574,0.004616929451622537,0.2415230841561522,0.0,True,1.1300000000000001,False,2.5705628801267e-05,1.9999999999999998,True,0.020106424126211116,50.16784473692825,0.9551115237199654,4.30187072704415,4.523403989577475,0.0
pd,40.0,replay,17,"demo_04 +3,-3 deg",demo_04,0.02777757350554446,0.027350893479350546,2.022508878702373,-0.010000000000000009,True,1.12,False,2.8182304679477154e-11,2.0,True,0.06465479899428482,300.0000144660549,2.777757350554446,522.7610427649138,2135.9521624083,0.0
pd,40.0,esn,18,"demo_04 -3,+3 deg",,0.00016530140811930744,0.002097892748578856,0.1827267883134492,-0.020000000000000018,True,1.09,False,3.289820495911029e-05,1.9999999999999998,True,0.016127463642167883,40.4421047997478,0.7821492973349131,3.5398087188540837,2.964207892611247,0.0
pd,40.0,replay,18,"demo_04 -3,+3 deg",demo_04,0.02743321914419246,0.05734146571073782,2.0565465528900995,0.010000000000000009,True,1.12,False,2.8182304679477154e-11,2.0,True,0.06415630560351539,300.0000064345119,2.7433219144192456,522.760992349771,2158.6573403018356,0.0
pd,40.0,esn,19,"demo_04 -3,-3 deg",,0.00019129315475622217,0.0013847025514204326,0.2520537956408362,-0.030000000000000027,True,1.07,False,3.0516439608131046e-05,2.0,True,0.015043923334247731,40.16295042072881,0.7432487471894803,3.4913036157611295,2.864314727318423,0.0
pd,40.0,replay,19,"demo_04 -3,-3 deg",demo_04,0.027569595718883778,0.11683819701870975,2.1983509774983423,0.020000000000000018,True,1.12,False,2.8182304679477154e-11,2.0,True,0.12933782787272696,299.9999935655614,3.1953330447539043,522.760992349771,2389.3717584142546,0.0
pd,40.0,esn,20,"demo_05 +3,+3 deg",,0.0002873789493769644,0.007721989999071203,0.32381571713777346,-0.019999999999999796,True,1.1500000000000001,False,0.00012530364724417677,1.9999999999999998,True,0.019243653699259042,41.30780838658225,0.9744867081033507,5.973541012854696,2.430484740736673,0.0
pd,40.0,replay,20,"demo_05 +3,+3 deg",demo_05,0.03174518023307819,0.009489830757422237,2.060739500806945,-0.029999999999999805,True,1.1400000000000001,False,3.93960874646404e-11,2.0,True,0.08123691817314065,300.0000469734483,3.1745180233078187,522.7610412280724,2194.6609905269383,0.0
pd,40.0,esn,21,"demo_05 +3,-3 deg",,0.00013452814479470538,0.0013706399951122262,0.12276599723558777,-0.010000000000000009,True,1.1400000000000001,False,7.917132764283161e-05,2.0,True,0.01779519451465066,34.254934098233775,0.88743404392377,3.1926133551518205,2.2395928873388473,0.0
pd,40.0,replay,21,"demo_05 +3,-3 deg",demo_05,0.024896333607857528,0.05538797310072301,2.044303992261224,-0.010000000000000009,True,1.1400000000000001,False,3.93960874646404e-11,2.0,True,0.07091642836470742,300.0000135840998,2.4896333607857524,522.7610412280724,2220.827841664315,0.0
pd,40.0,esn,22,"demo_05 -3,+3 deg",,8.380470844257419e-05,0.0020239103619187166,0.08895587121211601,-0.010000000000000009,True,1.1400000000000001,False,5.356447081994369e-05,2.0,True,0.01637298220604593,40.33599693044134,0.8199828297465556,2.341911516492427,1.2646726844920868,0.0
pd,40.0,replay,22,"demo_05 -3,+3 deg",demo_05,0.024149363192222977,0.057462638934410136,2.0498117567533187,-0.010000000000000009,True,1.1400000000000001,False,3.93960874646404e-11,2.0,True,0.07424397243548884,300.0000469734483,2.4149363192222975,522.7609938866123,2197.4455823728754,0.0
pd,40.0,esn,23,"demo_05 -3,-3 deg",,0.00018652242881156894,0.007899135178828039,0.2597414391006296,-0.010000000000000009,True,1.12,False,4.6622674710143464e-05,2.0,True,0.014552035416727583,30.288128036302698,0.7179206360315185,2.329473954854624,1.245001957766368,0.0
pd,40.0,replay,23,"demo_05 -3,-3 deg",demo_05,0.030907664825018864,0.0812082006479996,2.096853113799877,0.010000000000000009,True,1.1400000000000001,False,3.93960874646404e-11,2.0,True,0.08346510517456747,299.99998641597347,3.090766482501886,522.7609938866123,2263.466058252678,0.0
pd,40.0,esn,24,"demo_06 +3,+3 deg",,9.413737501318784e-05,0.006013475226342839,0.20397085351823802,-0.010000000000000009,True,1.1400000000000001,False,2.147580003291554e-05,2.0,True,0.020758636944858015,67.26314135483688,0.9001799158348409,1.283364451375888,0.4107203436802176,0.0
pd,40.0,replay,24,"demo_06 +3,+3 deg",demo_06,0.03209429353852071,0.03689446508900396,1.9558565260439713,-0.010000000000000009,True,1.1400000000000001,False,3.257643210524898e-11,2.0,True,0.06193538309501199,300.0000743052015,3.209429353852071,522.7610250292405,2025.0637472521216,0.0
pd,40.0,esn,25,"demo_06 +3,-3 deg",,0.00021787132832426165,0.005236721693953767,0.16319388623021677,0.0,True,1.1300000000000001,False,5.1912408457903094e-05,1.9999999999999998,True,0.017178981036690542,56.979528566793626,0.7502539722397243,1.8071350207012244,0.3930529648172303,0.0
pd,40.0,replay,25,"demo_06 +3,-3 deg",demo_06,0.02188670774044834,0.0583368937630017,2.123229176627195,0.010000000000000009,True,1.1400000000000001,False,3.257643210524898e-11,2.0,True,0.08562881407419513,300.0000042879778,2.1886707740448337,522.7610250292405,2147.4518371917397,0.0
pd,40.0,esn,26,"demo_06 -3,+3 deg",,0.00012984792455838414,0.0047526429790226,0.18833547944275855,-0.010000000000000009,True,1.1400000000000001,False,2.3675826401373053e-05,2.0,True,0.021565110081968004,67.71978128929258,0.9058617552409268,1.8152442222144853,0.8454933827140578,0.0
pd,40.0,replay,26,"demo_06 -3,+3 deg",demo_06,0.020651626675005804,0.03499031297119577,2.0760449512721557,-0.010000000000000009,True,1.1400000000000001,False,3.257643210524898e-11,2.0,True,0.0894366908778328,300.0000743052015,2.091797723414213,522.7610100854419,2100.132738949785,0.0
pd,40.0,esn,27,"demo_06 -3,-3 deg",,0.00023839214399310447,0.004601797052935785,0.17572528176590088,0.0,True,1.1300000000000001,False,5.4453525353230416e-05,1.9999999999999998,True,0.017696453170276422,57.49646903003743,0.762197158317913,2.332566193577179,0.8302622334055212,0.0
pd,40.0,replay,27,"demo_06 -3,-3 deg",demo_06,0.03149026127603785,0.06301923074839265,1.9818554730242801,0.010000000000000009,True,1.1400000000000001,False,3.257643210524898e-11,2.0,True,0.06285066368056826,299.9999957120892,3.1490261276037854,522.7610100854419,2110.1236798447594,0.0
pd,40.0,esn,28,"demo_07 +3,+3 deg",,0.00015019661478731208,0.001825182772979987,0.14888001098945247,0.0,True,1.11,False,3.0156136637557108e-05,1.9999999999999998,True,0.014828265547079066,47.375036411359936,0.8104405252877048,3.535513411057937,2.9388131265082738,0.0
pd,40.0,replay,28,"demo_07 +3,+3 deg",demo_07,0.03174517666464819,0.08188274115968641,2.0311417595019976,0.0,True,1.11,False,9.185155967001439e-12,1.9999999999999998,True,0.0810523375025172,300.00000574038125,3.1745176664648187,522.7609916602134,2196.4849336828697,0.0
pd,40.0,esn,29,"demo_07 +3,-3 deg",,0.00014489735967699102,0.0017571569522466292,0.16010241294922495,0.0,True,1.1,False,2.969932813666333e-05,2.0,True,0.013260125263107695,47.14495617032924,0.7855421811811827,3.5590422353937825,3.0243344669849397,0.0
pd,40.0,replay,29,"demo_07 +3,-3 deg",demo_07,0.02489633310337243,0.05732802519049773,2.167397248288308,0.010000000000000009,True,1.11,False,9.185155967001439e-12,1.9999999999999998,True,0.0705619081843387,299.99999425968565,2.489633310337243,522.7609916602134,2222.656479143089,0.0
pd,40.0,esn,30,"demo_07 -3,+3 deg",,6.158129640267956e-05,0.0011182107759351808,0.16485152109327567,-0.010000000000000009,True,1.11,False,4.824747528809719e-05,1.9999999999999998,True,0.0171795397725356,58.170560891246886,0.9597102955929256,4.4380834337155335,4.424768003990815,0.0
pd,40.0,replay,30,"demo_07 -3,+3 deg",demo_07,0.024149363697908766,0.024835987235792407,2.1279965101233516,-0.010000000000000009,True,1.11,False,9.185155967001439e-12,1.9999999999999998,True,0.0738471661287025,300.0000148617748,2.4149363697908766,522.76104345447,2199.387608673955,0.0
pd,40.0,esn,31,"demo_07 -3,-3 deg",,0.00010644458547520373,0.0019397510858856035,0.1826781510567572,-0.010000000000000009,True,1.11,False,3.35007840075437e-05,1.9999999999999998,True,0.016266034406969443,57.86625108654171,0.953023404631099,4.460624795541902,4.536827207232379,0.0
pd,40.0,replay,31,"demo_07 -3,-3 deg",demo_07,0.030907668239391662,0.055473289971226886,1.9973897588156575,-0.010000000000000009,True,1.11,False,9.185155967001439e-12,1.9999999999999998,True,0.08301148948088069,300.0000148617748,3.090766823939166,522.76104345447,2265.4124730913272,0.0
