warmup_s,start,origin,group,offset_q1_deg,offset_q2_deg,success,arrival_time_s,arrival_delay_s,first_step_m,reach_path_distance_m,training_path_ratio
0.0,0,"demo_00 -15,-15 deg",offset,-15.0,-15.0,True,1.37,0.20000000000000018,0.4587596782813691,0.1513782305150683,0.07696826122328251
0.0,1,"demo_00 -15,-12.5 deg",offset,-15.0,-12.5,True,1.37,0.20000000000000018,0.43263341251389237,0.13647135217781148,0.08162186878827095
0.0,2,"demo_00 -15,-10 deg",offset,-15.0,-10.0,True,1.37,0.2100000000000002,0.4087298815127755,0.1201700270426219,0.08620187898144847
0.0,3,"demo_00 -15,-7.5 deg",offset,-15.0,-7.5,True,1.37,0.2100000000000002,0.3875126932666788,0.10251388970954135,0.09197677968298715
0.0,4,"demo_00 -15,-5 deg",offset,-15.0,-5.0,True,1.37,0.2100000000000002,0.3694918063247023,0.08358800380637187,0.09794237216261442
0.0,5,"demo_00 -15,-2.5 deg",offset,-15.0,-2.5,True,1.37,0.21999999999999997,0.355194716534742,0.06353566989848528,0.1025701398701689
0.0,6,"demo_00 -15,+0 deg",offset,-15.0,0.0,True,1.37,0.21999999999999997,0.3451179346219726,0.042573916316587065,0.10651151898367028
0.0,7,"demo_00 -15,+2.5 deg",offset,-15.0,2.5,True,1.37,0.21999999999999997,0.33966256249644217,0.03704094924502472,0.10777489896794139
0.0,8,"demo_00 -15,+5 deg",offset,-15.0,5.0,True,1.37,0.21999999999999997,0.33906833162333916,0.05250050778428766,0.10167651840586772
0.0,9,"demo_00 -15,+7.5 deg",offset,-15.0,7.5,True,1.37,0.21999999999999997,0.3433682044543177,0.06794711091633668,0.08916665751516377
0.0,10,"demo_00 -15,+10 deg",offset,-15.0,10.0,True,1.37,0.21999999999999997,0.35238213710163,0.08316002364398717,0.07793039747114747
0.0,11,"demo_00 -15,+12.5 deg",offset,-15.0,12.5,True,1.37,0.2100000000000002,0.36575271263986114,0.09838396955219272,0.06897295638379569
0.0,12,"demo_00 -15,+15 deg",offset,-15.0,15.0,True,1.37,0.2100000000000002,0.3830075143762569,0.11391138053864815,0.061010122815631194
0.0,13,"demo_00 -12.5,-15 deg",offset,-12.5,-15.0,True,1.37,0.2100000000000002,0.41535504678912677,0.1593585761415074,0.08112624359744078
0.0,14,"demo_00 -12.5,-12.5 deg",offset,-12.5,-12.5,True,1.37,0.2100000000000002,0.3893247021124147,0.14326104800373304,0.08718704820474343
0.0,15,"demo_00 -12.5,-10 deg",offset,-12.5,-10.0,True,1.37,0.2100000000000002,0.365680934313466,0.1256416527433057,0.09445271496630873
0.0,16,"demo_00 -12.5,-7.5 deg",offset,-12.5,-7.5,True,1.37,0.21999999999999997,0.344967598342716,0.10655027388337734,0.1021322499617715
0.0,17,"demo_00 -12.5,-5 deg",offset,-12.5,-5.0,True,1.37,0.21999999999999997,0.32778780417860537,0.08609368505675664,0.11158991754443677
0.0,18,"demo_00 -12.5,-2.5 deg",offset,-12.5,-2.5,True,1.37,0.21999999999999997,0.3147608224706379,0.06445265173947154,0.1211422661348949
0.0,19,"demo_00 -12.5,+0 deg",offset,-12.5,0.0,True,1.37,0.21999999999999997,0.30644871070131224,0.04188613815637522,0.12888514780449198
0.0,20,"demo_00 -12.5,+2.5 deg",offset,-12.5,2.5,True,1.37,0.21999999999999997,0.30326232213974746,0.03926943997988546,0.1322348700334691
0.0,21,"demo_00 -12.5,+5 deg",offset,-12.5,5.0,True,1.37,0.21999999999999997,0.3053755027826038,0.055689311124016386,0.12090148460984156
0.0,22,"demo_00 -12.5,+7.5 deg",offset,-12.5,7.5,True,1.37,0.21999999999999997,0.3126846561444663,0.0719615526739406,0.10246034706952035
0.0,23,"demo_00 -12.5,+10 deg",offset,-12.5,10.0,True,1.37,0.21999999999999997,0.32483403937308625,0.08784631636661407,0.08708088527065386
0.0,24,"demo_00 -12.5,+12.5 deg",offset,-12.5,12.5,True,1.37,0.21999999999999997,0.3412937556902484,0.10409758369406054,0.07482350747732079
0.0,25,"demo_00 -12.5,+15 deg",offset,-12.5,15.0,True,1.37,0.2100000000000002,0.3614548394871512,0.120411140213261,0.06570877681183003
0.0,26,"demo_00 -10,-15 deg",offset,-10.0,-15.0,True,1.3800000000000001,0.2200000000000002,0.37194892361677,0.16704912854200912,0.08550735057583625
0.0,27,"demo_00 -10,-12.5 deg",offset,-10.0,-12.5,True,1.37,0.21999999999999997,0.34591808620404796,0.14961140323435804,0.09308669530585569
0.0,28,"demo_00 -10,-10 deg",offset,-10.0,-10.0,True,1.37,0.21999999999999997,0.32246114120927405,0.13051089213208247,0.10282435609919194
0.0,29,"demo_00 -10,-7.5 deg",offset,-10.0,-7.5,True,1.37,0.21999999999999997,0.3022319824487757,0.10979550527984201,0.11512737724691208
0.0,30,"demo_00 -10,-5 deg",offset,-10.0,-5.0,True,1.37,0.22999999999999998,0.28596411519885767,0.0875952112766566,0.1291905341196693
0.0,31,"demo_00 -10,-2.5 deg",offset,-10.0,-2.5,True,1.37,0.22999999999999998,0.2744027576790942,0.06414253108112379,0.14615197860902393
0.0,32,"demo_00 -10,+0 deg",offset,-10.0,0.0,True,1.37,0.22999999999999998,0.26818774121859923,0.039759508735897196,0.1616697386881754
0.0,33,"demo_00 -10,+2.5 deg",offset,-10.0,2.5,True,1.37,0.22999999999999998,0.26771184791195923,0.04269321250837163,0.16939645466653988
0.0,34,"demo_00 -10,+5 deg",offset,-10.0,5.0,True,1.37,0.22999999999999998,0.2730146928893693,0.060132964942982495,0.14505265979757637
0.0,35,"demo_00 -10,+7.5 deg",offset,-10.0,7.5,True,1.37,0.22999999999999998,0.283771935032201,0.07725460290742617,0.117133494713955
0.0,36,"demo_00 -10,+10 deg",offset,-10.0,10.0,True,1.37,0.21999999999999997,0.29938638165330195,0.09413110053155674,0.09697225971218135
0.0,37,"demo_00 -10,+12.5 deg",offset,-10.0,12.5,True,1.37,0.21999999999999997,0.3191279330793317,0.11132851784736207,0.08136513619319867
0.0,38,"demo_00 -10,+15 deg",offset,-10.0,15.0,True,1.37,0.21999999999999997,0.3422583432256068,0.1284846164520166,0.06973172359512976
0.0,39,"demo_00 -7.5,-15 deg",offset,-7.5,-15.0,True,1.3800000000000001,0.22999999999999998,0.3286491431662649,0.17440008335676374,0.08989425975147762
0.0,40,"demo_00 -7.5,-12.5 deg",offset,-7.5,-12.5,True,1.3800000000000001,0.22999999999999998,0.30248221135860265,0.15545661674747455,0.09937130726379137
0.0,41,"demo_00 -7.5,-10 deg",offset,-7.5,-10.0,True,1.37,0.22999999999999998,0.2791038879502368,0.13466172420803466,0.11190870587619722
0.0,42,"demo_00 -7.5,-7.5 deg",offset,-7.5,-7.5,True,1.37,0.22999999999999998,0.25932543436713335,0.11208166042329022,0.12930648278108633
0.0,43,"demo_00 -7.5,-5 deg",offset,-7.5,-5.0,True,1.37,0.22999999999999998,0.24407239651789406,0.08788784036315234,0.15335294096423402
0.0,44,"demo_00 -7.5,-2.5 deg",offset,-7.5,-2.5,True,1.37,0.22999999999999998,0.2342700047543502,0.06233986445161307,0.18507863050640141
0.0,45,"demo_00 -7.5,+0 deg",offset,-7.5,0.0,True,1.37,0.24,0.23064297565141356,0.03588345756188403,0.21750984093066147
0.0,46,"demo_00 -7.5,+2.5 deg",offset,-7.5,2.5,True,1.37,0.24,0.23349614500457702,0.04752625255049618,0.2356341035059164
0.0,47,"demo_00 -7.5,+5 deg",offset,-7.5,5.0,True,1.37,0.22999999999999998,0.24260618413724525,0.06603807043211748,0.17727874436176638
0.0,48,"demo_00 -7.5,+7.5 deg",offset,-7.5,7.5,True,1.37,0.22999999999999998,0.2573038503907049,0.08400605538486039,0.13410620840477203
0.0,49,"demo_00 -7.5,+10 deg",offset,-7.5,10.0,True,1.37,0.22999999999999998,0.276685319929696,0.10215739317945302,0.10582276306230899
0.0,50,"demo_00 -7.5,+12.5 deg",offset,-7.5,12.5,True,1.37,0.22999999999999998,0.2998210451809966,0.1204349173166575,0.08670482130034354
0.0,51,"demo_00 -7.5,+15 deg",offset,-7.5,15.0,True,1.37,0.21999999999999997,0.3258834238857113,0.1383519342671093,0.07383569490225694
0.0,52,"demo_00 -5,-15 deg",offset,-5.0,-15.0,True,1.3800000000000001,0.24,0.2856168156604125,0.1813677275361147,0.09473604039500806
0.0,53,"demo_00 -5,-12.5 deg",offset,-5.0,-12.5,True,1.3800000000000001,0.24,0.25911873975299893,0.1606968160140522,0.105856484547672
0.0,54,"demo_00 -5,-10 deg",offset,-5.0,-10.0,True,1.3800000000000001,0.24,0.23565292915690786,0.13795800655202836,0.12172830144591636
0.0,55,"demo_00 -5,-7.5 deg",offset,-5.0,-7.5,True,1.37,0.24,0.21626787780644532,0.113222212954608,0.14526357462699077
0.0,56,"demo_00 -5,-5 deg",offset,-5.0,-5.0,True,1.37,0.24,0.2021916367083591,0.08669216682628837,0.18295025416057487
0.0,57,"demo_00 -5,-2.5 deg",offset,-5.0,-2.5,True,1.37,0.24,0.1946193311125669,0.05870657436944827,0.24528160053571302
0.0,58,"demo_00 -5,+0 deg",offset,-5.0,0.0,True,1.37,0.24,0.19433929017488163,0.033953947235011966,0.3353563228337078
0.0,59,"demo_00 -5,+2.5 deg",offset,-5.0,2.5,True,1.37,0.24,0.20139473025252824,0.054034204874335114,0.33664297263227055
0.0,60,"demo_00 -5,+5 deg",offset,-5.0,5.0,True,1.37,0.24,0.2150649100106443,0.07364852652130857,0.21173414885609773
0.0,61,"demo_00 -5,+7.5 deg",offset,-5.0,7.5,True,1.37,0.24,0.23418331997797998,0.09280664047659401,0.14835976587733163
0.0,62,"demo_00 -5,+10 deg",offset,-5.0,10.0,True,1.37,0.22999999999999998,0.2575193939390064,0.11238186519090185,0.11375089174500821
0.0,63,"demo_00 -5,+12.5 deg",offset,-5.0,12.5,True,1.37,0.22999999999999998,0.28400818985563403,0.13174638332159508,0.09143575481165739
0.0,64,"demo_00 -5,+15 deg",offset,-5.0,15.0,True,1.37,0.21999999999999997,0.31281691980384496,0.15026120383744188,0.07704784400413106
0.0,65,"demo_00 -2.5,-15 deg",offset,-2.5,-15.0,True,1.3800000000000001,0.24,0.24311209229591355,0.18789547466236584,0.10169221652146541
0.0,66,"demo_00 -2.5,-12.5 deg",offset,-2.5,-12.5,True,1.3800000000000001,0.25,0.21599508505050433,0.16524581049140274,0.11384415309003221
0.0,67,"demo_00 -2.5,-10 deg",offset,-2.5,-10.0,True,1.3800000000000001,0.25,0.1921740366068612,0.14024758071537752,0.1328503191677236
0.0,68,"demo_00 -2.5,-7.5 deg",offset,-2.5,-7.5,True,1.37,0.25,0.17307985850020416,0.11298171162721224,0.16292587730702363
0.0,69,"demo_00 -2.5,-5 deg",offset,-2.5,-5.0,True,1.37,0.25,0.16046359272527186,0.0836844452438442,0.2186045031281576
0.0,70,"demo_00 -2.5,-2.5 deg",offset,-2.5,-2.5,True,1.37,0.25,0.15594588082011956,0.052770859445132164,0.3454767137662348
0.0,71,"demo_00 -2.5,+0 deg",offset,-2.5,0.0,True,1.37,0.25,0.16023688702467814,0.04102642848096804,0.6994466850897898
0.0,72,"demo_00 -2.5,+2.5 deg",offset,-2.5,2.5,True,1.37,0.25,0.17268878814145658,0.06254531436459564,0.46009227518478285
0.0,73,"demo_00 -2.5,+5 deg",offset,-2.5,5.0,True,1.37,0.25,0.19171193039788187,0.0832518557718137,0.235858554681549
0.0,74,"demo_00 -2.5,+7.5 deg",offset,-2.5,7.5,True,1.37,0.24,0.21555675309389652,0.10419849912104104,0.1571989072160917
0.0,75,"demo_00 -2.5,+10 deg",offset,-2.5,10.0,True,1.37,0.24,0.24278163184391574,0.12525747995860248,0.1170718013892487
0.0,76,"demo_00 -2.5,+12.5 deg",offset,-2.5,12.5,True,1.37,0.22999999999999998,0.27234333083464535,0.1455636097456354,0.09408596646493227
0.0,77,"demo_00 -2.5,+15 deg",offset,-2.5,15.0,True,1.37,0.22999999999999998,0.30352346487228943,0.16448412962443304,0.07833960295875464
0.0,78,"demo_00 +0,-15 deg",offset,0.0,-15.0,True,1.3800000000000001,0.25,0.20159383507733664,0.19393488903306863,0.10955070367935453
0.0,79,"demo_00 +0,-12.5 deg",offset,0.0,-12.5,True,1.3800000000000001,0.26,0.17342449076111888,0.16901081478161709,0.1242730988722941
0.0,80,"demo_00 +0,-10 deg",offset,0.0,-10.0,True,1.3800000000000001,0.26,0.1487870232812984,0.14140816151652594,0.14782574043949503
0.0,81,"demo_00 +0,-7.5 deg",offset,0.0,-7.5,True,1.3800000000000001,0.27,0.12978342465101556,0.11120784432720979,0.1856908654812731
0.0,82,"demo_00 +0,-5 deg",offset,0.0,-5.0,True,1.37,0.26,0.11920137953220039,0.07865921053995872,0.265886910558947
0.0,83,"demo_00 +0,-2.5 deg",offset,0.0,-2.5,True,1.37,0.26,0.11934413816207584,0.04439335846903718,0.5031837223716189
0.0,84,demo_00,demonstrated,0.0,0.0,True,1.37,0.26,0.13019575947579806,0.050464609843443003,nan
0.0,85,"demo_00 +0,+2.5 deg",offset,0.0,2.5,True,1.37,0.26,0.14944231833635577,0.07346268872917867,0.46133606039582264
0.0,86,"demo_00 +0,+5 deg",offset,0.0,5.0,True,1.37,0.25,0.17431233110235947,0.095916517613646,0.23161967535565411
0.0,87,"demo_00 +0,+7.5 deg",offset,0.0,7.5,True,1.37,0.25,0.20272415972872695,0.11896640616028335,0.15418008770033917
0.0,88,"demo_00 +0,+10 deg",offset,0.0,10.0,True,1.37,0.24,0.2333579877425261,0.1413722231191117,0.11664359849500233
0.0,89,"demo_00 +0,+12.5 deg",offset,0.0,12.5,True,1.37,0.24,0.2654104479978897,0.16224059311902014,0.09349616479031224
0.0,90,"demo_00 +0,+15 deg",offset,0.0,15.0,True,1.37,0.22999999999999998,0.29838558496341344,0.1811018198235195,0.078834736007548
0.0,91,"demo_00 +2.5,-15 deg",offset,2.5,-15.0,True,1.3800000000000001,0.26,0.16195595476900335,0.19951476683851152,0.11966209266202925
0.0,92,"demo_00 +2.5,-12.5 deg",offset,2.5,-12.5,True,1.3800000000000001,0.27,0.13209276376864634,0.1720937387547147,0.13810102074938405
0.0,93,"demo_00 +2.5,-10 deg",offset,2.5,-10.0,True,1.3800000000000001,0.27,0.10577576623359483,0.14194130384956766,0.1686191080471724
0.0,94,"demo_00 +2.5,-7.5 deg",offset,2.5,-7.5,True,1.3800000000000001,0.28,0.08640569063661119,0.11094389048723308,0.22146573037763692
0.0,95,"demo_00 +2.5,-5 deg",offset,2.5,-5.0,True,1.3800000000000001,0.28,0.07932528096669143,0.08250900648772787,0.3461990900921082
0.0,96,"demo_00 +2.5,-2.5 deg",offset,2.5,-2.5,True,1.37,0.27,0.08760938161555355,0.06129131339802483,0.9350558745848265
0.0,97,"demo_00 +2.5,+0 deg",offset,2.5,0.0,True,1.37,0.27,0.1077838653856042,0.06284430758620849,1.0879017567119553
0.0,98,"demo_00 +2.5,+2.5 deg",offset,2.5,2.5,True,1.37,0.26,0.13459774350049591,0.08752882306405899,0.3410963602697425
0.0,99,"demo_00 +2.5,+5 deg",offset,2.5,5.0,True,1.37,0.26,0.16482298918502378,0.11287799366529154,0.20145345537325873
0.0,100,"demo_00 +2.5,+7.5 deg",offset,2.5,7.5,True,1.37,0.25,0.196867113127562,0.13791100016129204,0.1439340812217518
0.0,101,"demo_00 +2.5,+10 deg",offset,2.5,10.0,True,1.37,0.25,0.22993749460453833,0.16110926359211084,0.11130597840626458
0.0,102,"demo_00 +2.5,+12.5 deg",offset,2.5,12.5,True,1.37,0.24,0.26361040537287656,0.18188788973702932,0.09152628620608107
0.0,103,"demo_00 +2.5,+15 deg",offset,2.5,15.0,True,1.37,0.22999999999999998,0.29764039234863754,0.2001205283236906,0.07802000530163164
0.0,104,"demo_00 +5,-15 deg",offset,5.0,-15.0,True,1.3800000000000001,0.28,0.12612750299623623,0.2050839087109376,0.1318193339820774
0.0,105,"demo_00 +5,-12.5 deg",offset,5.0,-12.5,True,1.3800000000000001,0.28,0.09382704668695295,0.17662745797171847,0.15698205604822252
0.0,106,"demo_00 +5,-10 deg",offset,5.0,-10.0,True,1.3800000000000001,0.28,0.06413087910186914,0.14924239774381728,0.19887526034181863
0.0,107,"demo_00 +5,-7.5 deg",offset,5.0,-7.5,True,1.3800000000000001,0.29000000000000004,0.04300407402742103,0.12490099215217296,0.27976233319846533
0.0,108,"demo_00 +5,-5 deg",offset,5.0,-5.0,True,1.3800000000000001,0.29000000000000004,0.04497149289809063,0.10591025318217252,0.5217255941100293
0.0,109,"demo_00 +5,-2.5 deg",offset,5.0,-2.5,True,1.3800000000000001,0.29000000000000004,0.06809490047836213,0.09576770263853376,nan
0.0,110,"demo_00 +5,+0 deg",offset,5.0,0.0,True,1.37,0.27,0.09845494511824014,0.09767542663945712,0.5388313576263797
0.0,111,"demo_00 +5,+2.5 deg",offset,5.0,2.5,True,1.37,0.27,0.13110333067777225,0.11160925426281587,0.26295526058200674
0.0,112,"demo_00 +5,+5 deg",offset,5.0,5.0,True,1.37,0.26,0.16466019029698306,0.1359088666753244,0.175054209566716
0.0,113,"demo_00 +5,+7.5 deg",offset,5.0,7.5,True,1.37,0.26,0.1986345390414756,0.16180052712529433,0.1305943906208001
0.0,114,"demo_00 +5,+10 deg",offset,5.0,10.0,True,1.37,0.25,0.23280784900132412,0.18460566085779548,0.10505581214317113
0.0,115,"demo_00 +5,+12.5 deg",offset,5.0,12.5,True,1.37,0.24,0.26706446913601734,0.2043752574577264,0.0881998251480576
0.0,116,"demo_00 +5,+15 deg",offset,5.0,15.0,True,1.37,0.24,0.3013340749436355,0.22134414257862184,0.07562788578827544
0.0,117,"demo_00 +7.5,-15 deg",offset,7.5,-15.0,True,1.3800000000000001,0.29000000000000004,0.09850687450401065,0.21419135081511023,0.1495862808014546
0.0,118,"demo_00 +7.5,-12.5 deg",offset,7.5,-12.5,True,1.3800000000000001,0.29000000000000004,0.06454607023227452,0.18977569259653296,0.18394432117575418
0.0,119,"demo_00 +7.5,-10 deg",offset,7.5,-10.0,True,1.3800000000000001,0.30000000000000004,0.03053584802553433,0.16813578189807296,0.24417932814363985
0.0,120,"demo_00 +7.5,-7.5 deg",offset,7.5,-7.5,True,1.3800000000000001,0.30000000000000004,0.0036383475889460435,0.1505501825359089,0.3897365473996784
0.0,121,"demo_00 +7.5,-5 deg",offset,7.5,-5.0,True,1.3800000000000001,0.30000000000000004,0.037622352730566536,0.13869468887204914,1.1433199976486792
0.0,122,"demo_00 +7.5,-2.5 deg",offset,7.5,-2.5,True,1.3800000000000001,0.30000000000000004,0.07170646480541923,0.13421960342975425,1.0254639847288354
0.0,123,"demo_00 +7.5,+0 deg",offset,7.5,0.0,True,1.37,0.28,0.10578769253495052,0.13803591831562828,0.35435346248290017
0.0,124,"demo_00 +7.5,+2.5 deg",offset,7.5,2.5,True,1.37,0.28,0.13984871647769961,0.14973376485127965,0.21282030416866574
0.0,125,"demo_00 +7.5,+5 deg",offset,7.5,5.0,True,1.37,0.27,0.17387396989938475,0.1680246782339567,0.15314406642366657
0.0,126,"demo_00 +7.5,+7.5 deg",offset,7.5,7.5,True,1.37,0.26,0.2078481927544744,0.1904576481958291,0.12001694443730784
0.0,127,"demo_00 +7.5,+10 deg",offset,7.5,10.0,True,1.37,0.25,0.24175621187140103,0.21133626783220522,0.0990057435062223
0.0,128,"demo_00 +7.5,+12.5 deg",offset,7.5,12.5,True,1.37,0.25,0.2755828882578854,0.22927708144414402,0.08385364372873676
0.0,129,"demo_00 +7.5,+15 deg",offset,7.5,15.0,True,1.37,0.24,0.3093131030791207,0.24444148584510744,0.07342809684270978
0.0,130,"demo_00 +10,-15 deg",offset,10.0,-15.0,True,1.3800000000000001,0.30000000000000004,0.0873894481985042,0.23128650562445338,0.17466338919507693
0.0,131,"demo_00 +10,-12.5 deg",offset,10.0,-12.5,True,1.3800000000000001,0.31000000000000005,0.05961843458832058,0.21162895679299504,0.22326090673389268
0.0,132,"demo_00 +10,-10 deg",offset,10.0,-10.0,True,1.3800000000000001,0.31000000000000005,0.04077419278394994,0.19514993481674195,0.3270934013877947
0.0,133,"demo_00 +10,-7.5 deg",offset,10.0,-7.5,True,1.3800000000000001,0.31000000000000005,0.04438489752613979,0.18278497238198052,0.6702052475069651
0.0,134,"demo_00 +10,-5 deg",offset,10.0,-5.0,True,1.3800000000000001,0.31000000000000005,0.06694425335753156,0.1754521341887418,nan
0.0,135,"demo_00 +10,-2.5 deg",offset,10.0,-2.5,True,1.3800000000000001,0.31000000000000005,0.09590583682660062,0.17390225821102534,0.49096497736369743
0.0,136,"demo_00 +10,+0 deg",offset,10.0,0.0,True,1.3800000000000001,0.30000000000000004,0.1269495140126923,0.17835942140053077,0.2612862080686794
0.0,137,"demo_00 +10,+2.5 deg",offset,10.0,2.5,True,1.37,0.28,0.15883753733192374,0.18852066598168246,0.17971515787868092
0.0,138,"demo_00 +10,+5 deg",offset,10.0,5.0,True,1.37,0.28,0.1911195288495084,0.20367584176341397,0.1357529311759128
0.0,139,"demo_00 +10,+7.5 deg",offset,10.0,7.5,True,1.37,0.27,0.22359208775972053,0.22236721032685317,0.10997724883312257
0.0,140,"demo_00 +10,+10 deg",offset,10.0,10.0,True,1.37,0.26,0.2561465304659406,0.24047506422523474,0.09271918391092704
0.0,141,"demo_00 +10,+12.5 deg",offset,10.0,12.5,True,1.37,0.25,0.28871635504242954,0.2560191756740796,0.0804020324591972
0.0,142,"demo_00 +10,+15 deg",offset,10.0,15.0,True,1.37,0.24,0.32125605462682644,0.26895487552133124,0.0712066302183254
0.0,143,"demo_00 +12.5,-15 deg",offset,12.5,-15.0,True,1.3800000000000001,0.32000000000000006,0.09859700801697394,0.2552052562555476,0.21065189428827094
0.0,144,"demo_00 +12.5,-12.5 deg",offset,12.5,-12.5,True,1.3800000000000001,0.33000000000000007,0.0835374114085631,0.2396896743907777,0.29024073213232654
0.0,145,"demo_00 +12.5,-10 deg",offset,12.5,-10.0,True,1.3800000000000001,0.33000000000000007,0.07944156889245861,0.22728800813520716,0.5065469819674395
0.0,146,"demo_00 +12.5,-7.5 deg",offset,12.5,-7.5,True,1.3800000000000001,0.33000000000000007,0.08789315632461067,0.2185790691434169,2.794425347444515
0.0,147,"demo_00 +12.5,-5 deg",offset,12.5,-5.0,True,1.3800000000000001,0.32000000000000006,0.10594356047553209,0.21405646620160756,0.7343058957165457
0.0,148,"demo_00 +12.5,-2.5 deg",offset,12.5,-2.5,True,1.3800000000000001,0.32000000000000006,0.12964030098107562,0.21405927933079572,0.32217356646438217
0.0,149,"demo_00 +12.5,+0 deg",offset,12.5,0.0,True,1.3800000000000001,0.31000000000000005,0.15642378947277605,0.21861925515708014,0.20738401624801325
0.0,150,"demo_00 +12.5,+2.5 deg",offset,12.5,2.5,True,1.3800000000000001,0.30000000000000004,0.18493576520471483,0.22754073674815967,0.15330111357453985
0.0,151,"demo_00 +12.5,+5 deg",offset,12.5,5.0,True,1.37,0.28,0.21446039799279776,0.24040734737535588,0.12273800431229542
0.0,152,"demo_00 +12.5,+7.5 deg",offset,12.5,7.5,True,1.37,0.27,0.24459960346942763,0.25606431835994126,0.10217391479136195
0.0,153,"demo_00 +12.5,+10 deg",offset,12.5,10.0,True,1.37,0.26,0.2751166877142203,0.27115919190022214,0.0877702600211203
0.0,154,"demo_00 +12.5,+12.5 deg",offset,12.5,12.5,True,1.37,0.25,0.30586133838827045,0.2839513233871105,0.07715321795452798
0.0,155,"demo_00 +12.5,+15 deg",offset,12.5,15.0,True,1.37,0.24,0.33673206799326794,0.2943714830718536,0.0690410463717513
0.0,156,"demo_00 +15,-15 deg",offset,15.0,-15.0,True,1.3800000000000001,0.3400000000000001,0.1263435524129861,0.2841239829209606,0.2706315092838746
0.0,157,"demo_00 +15,-12.5 deg",offset,15.0,-12.5,True,1.3800000000000001,0.3500000000000001,0.12017387541784039,0.2719387226944871,0.4283378024569017
0.0,158,"demo_00 +15,-10 deg",offset,15.0,-10.0,True,1.3800000000000001,0.3500000000000001,0.12197738108574817,0.262569161522843,1.2322444476936791
0.0,159,"demo_00 +15,-7.5 deg",offset,15.0,-7.5,True,1.3800000000000001,0.3400000000000001,0.13144346940998652,0.25636399465094956,1.2001207879805416
0.0,160,"demo_00 +15,-5 deg",offset,15.0,-5.0,True,1.3800000000000001,0.3400000000000001,0.1471039678517222,0.2535906286935838,0.3983538991709223
0.0,161,"demo_00 +15,-2.5 deg",offset,15.0,-2.5,True,1.3800000000000001,0.33000000000000007,0.16722058288913727,0.2543911532191624,0.23970937928164937
0.0,162,"demo_00 +15,+0 deg",offset,15.0,0.0,True,1.3800000000000001,0.32000000000000006,0.1903708082486097,0.2587894864167785,0.1718135800027733
0.0,163,"demo_00 +15,+2.5 deg",offset,15.0,2.5,True,1.3800000000000001,0.30000000000000004,0.21555814622192956,0.2666238007084484,0.13534860511138277
0.0,164,"demo_00 +15,+5 deg",offset,15.0,5.0,True,1.3800000000000001,0.29000000000000004,0.24212158419765598,0.2776346270088329,0.11132354818453448
0.0,165,"demo_00 +15,+7.5 deg",offset,15.0,7.5,True,1.37,0.27,0.26962488754542097,0.2905951467313054,0.09541229171050364
0.0,166,"demo_00 +15,+10 deg",offset,15.0,10.0,True,1.37,0.26,0.29777498879309927,0.30259600113544854,0.08330067424358018
0.0,167,"demo_00 +15,+12.5 deg",offset,15.0,12.5,True,1.37,0.25,0.32636946684622603,0.3124572773321118,0.07411951994004337
0.0,168,"demo_00 +15,+15 deg",offset,15.0,15.0,True,1.37,0.24,0.35526404035406545,0.32018958368219863,0.06695402962600197
0.05,0,"demo_00 -15,-15 deg",offset,-15.0,-15.0,True,1.33,0.16000000000000014,0.36855988041452864,0.17494400194981072,0.11404278992423524
0.05,1,"demo_00 -15,-12.5 deg",offset,-15.0,-12.5,True,1.32,0.15000000000000013,0.3430124628399137,0.15670973150784656,0.11107182586919587
0.05,2,"demo_00 -15,-10 deg",offset,-15.0,-10.0,True,1.32,0.16000000000000014,0.3190520794057904,0.1373207484876938,0.10525712193878892
0.05,3,"demo_00 -15,-7.5 deg",offset,-15.0,-7.5,True,1.32,0.16000000000000014,0.29714795158125085,0.1168321195174861,0.09888709582592774
0.05,4,"demo_00 -15,-5 deg",offset,-15.0,-5.0,True,1.32,0.16000000000000014,0.27787201569734465,0.09544053275794821,0.09089166554136388
0.05,5,"demo_00 -15,-2.5 deg",offset,-15.0,-2.5,True,1.31,0.15999999999999992,0.26188934495092403,0.073352951976005,0.08139772770623688
0.05,6,"demo_00 -15,+0 deg",offset,-15.0,0.0,True,1.31,0.15999999999999992,0.249913776648091,0.05091053629376196,0.072089936576295
0.05,7,"demo_00 -15,+2.5 deg",offset,-15.0,2.5,True,1.31,0.15999999999999992,0.24261561349023217,0.028469622085955146,0.06578220206229518
0.05,8,"demo_00 -15,+5 deg",offset,-15.0,5.0,True,1.3,0.1499999999999999,0.24049014332605753,0.012035802763611308,0.06241718145844571
0.05,9,"demo_00 -15,+7.5 deg",offset,-15.0,7.5,True,1.3,0.1499999999999999,0.2437329257774555,0.034317843023585454,0.05993575971913528
0.05,10,"demo_00 -15,+10 deg",offset,-15.0,10.0,True,1.3,0.1499999999999999,0.2521872403344971,0.05712318274588322,0.05958944868343964
0.05,11,"demo_00 -15,+12.5 deg",offset,-15.0,12.5,True,1.3,0.14000000000000012,0.26539561619398944,0.07967650869296511,0.06075999295606607
0.05,12,"demo_00 -15,+15 deg",offset,-15.0,15.0,True,1.3,0.14000000000000012,0.28272284923441837,0.10150653718147419,0.06176884173510869
0.05,13,"demo_00 -12.5,-15 deg",offset,-12.5,-15.0,True,1.33,0.17000000000000015,0.3316120570959752,0.1807523381588718,0.11648871609501824
0.05,14,"demo_00 -12.5,-12.5 deg",offset,-12.5,-12.5,True,1.32,0.16000000000000014,0.30579011386878197,0.16116351104112436,0.11413726845362472
0.05,15,"demo_00 -12.5,-10 deg",offset,-12.5,-10.0,True,1.32,0.16000000000000014,0.2816116406375052,0.14027310124616313,0.109729417116963
0.05,16,"demo_00 -12.5,-7.5 deg",offset,-12.5,-7.5,True,1.32,0.16999999999999993,0.25962981887872905,0.11816749656702141,0.10270506812545689
0.05,17,"demo_00 -12.5,-5 deg",offset,-12.5,-5.0,True,1.32,0.16999999999999993,0.24054223363727756,0.09502255981529488,0.09426613927369755
0.05,18,"demo_00 -12.5,-2.5 deg",offset,-12.5,-2.5,True,1.31,0.15999999999999992,0.2251799663990207,0.07111294672354045,0.0838834975670879
0.05,19,"demo_00 -12.5,+0 deg",offset,-12.5,0.0,True,1.31,0.15999999999999992,0.21443585537877696,0.04684565951438516,0.07188913465633699
0.05,20,"demo_00 -12.5,+2.5 deg",offset,-12.5,2.5,True,1.31,0.15999999999999992,0.20910749794589079,0.022698527106881004,0.06369711765536133
0.05,21,"demo_00 -12.5,+5 deg",offset,-12.5,5.0,True,1.31,0.15999999999999992,0.2096836480530544,0.014915790815272464,0.058608106748890824
0.05,22,"demo_00 -12.5,+7.5 deg",offset,-12.5,7.5,True,1.3,0.1499999999999999,0.21618147597458226,0.03894098911183546,0.0569139702894507
0.05,23,"demo_00 -12.5,+10 deg",offset,-12.5,10.0,True,1.3,0.1499999999999999,0.22814801372226132,0.06312829940408073,0.05773638286212342
0.05,24,"demo_00 -12.5,+12.5 deg",offset,-12.5,12.5,True,1.3,0.1499999999999999,0.24482341503670982,0.08670547943578746,0.0593083933618168
0.05,25,"demo_00 -12.5,+15 deg",offset,-12.5,15.0,True,1.3,0.14000000000000012,0.2653513849878665,0.10924344679428676,0.06141476036533132
0.05,26,"demo_00 -10,-15 deg",offset,-10.0,-15.0,True,1.33,0.17000000000000015,0.2951018452008768,0.18644583154763633,0.12036443912581227
0.05,27,"demo_00 -10,-12.5 deg",offset,-10.0,-12.5,True,1.32,0.16999999999999993,0.2688358874532437,0.1653840340550027,0.11792400434248433
0.05,28,"demo_00 -10,-10 deg",offset,-10.0,-10.0,True,1.32,0.16999999999999993,0.2442444965443967,0.14283716486001477,0.11452056647809253
0.05,29,"demo_00 -10,-7.5 deg",offset,-10.0,-7.5,True,1.32,0.16999999999999993,0.22199021010520875,0.11890523317589387,0.10930043728345193
0.05,30,"demo_00 -10,-5 deg",offset,-10.0,-5.0,True,1.32,0.17999999999999994,0.20295111840662586,0.09379963058086313,0.10027859389965504
0.05,31,"demo_00 -10,-2.5 deg",offset,-10.0,-2.5,True,1.31,0.16999999999999993,0.18821340119244934,0.0678182638440517,0.08855908895835024
0.05,32,"demo_00 -10,+0 deg",offset,-10.0,0.0,True,1.31,0.16999999999999993,0.17894727449829856,0.041454992047126965,0.07257724209295864
0.05,33,"demo_00 -10,+2.5 deg",offset,-10.0,2.5,True,1.31,0.16999999999999993,0.1761145647792017,0.015359998999677597,0.061120228340160905
0.05,34,"demo_00 -10,+5 deg",offset,-10.0,5.0,True,1.31,0.16999999999999993,0.18010282124056964,0.02131168173382888,0.0535521762885862
0.05,35,"demo_00 -10,+7.5 deg",offset,-10.0,7.5,True,1.3,0.15999999999999992,0.19055346998039557,0.04562885505282744,0.05274322762380612
0.05,36,"demo_00 -10,+10 deg",offset,-10.0,10.0,True,1.3,0.1499999999999999,0.20654250259700296,0.07120648990086628,0.05580732818966342
0.05,37,"demo_00 -10,+12.5 deg",offset,-10.0,12.5,True,1.3,0.1499999999999999,0.22694353654264934,0.09572051360688727,0.05854152141656727
0.05,38,"demo_00 -10,+15 deg",offset,-10.0,15.0,True,1.3,0.1499999999999999,0.25071130213602383,0.11883348849374792,0.06077188530705489
0.05,39,"demo_00 -7.5,-15 deg",offset,-7.5,-15.0,True,1.33,0.17999999999999994,0.25937249236017973,0.19202081031118157,0.12384836976233886
0.05,40,"demo_00 -7.5,-12.5 deg",offset,-7.5,-12.5,True,1.33,0.17999999999999994,0.23244757454180645,0.16931496962967152,0.12264902065267486
0.05,41,"demo_00 -7.5,-10 deg",offset,-7.5,-10.0,True,1.32,0.17999999999999994,0.2071733146644061,0.14493884380751887,0.12069004719925058
0.05,42,"demo_00 -7.5,-7.5 deg",offset,-7.5,-7.5,True,1.32,0.17999999999999994,0.18435195684710567,0.1189947392062493,0.1174938896267902
0.05,43,"demo_00 -7.5,-5 deg",offset,-7.5,-5.0,True,1.32,0.17999999999999994,0.16513121888316737,0.09168285598242103,0.11140135793837368
0.05,44,"demo_00 -7.5,-2.5 deg",offset,-7.5,-2.5,True,1.32,0.17999999999999994,0.15102173885328274,0.06333393122922837,0.09935790979348536
0.05,45,"demo_00 -7.5,+0 deg",offset,-7.5,0.0,True,1.31,0.17999999999999994,0.14366249003689852,0.03452511358752108,0.0780611646590797
0.05,46,"demo_00 -7.5,+2.5 deg",offset,-7.5,2.5,True,1.31,0.17999999999999994,0.14420310354568533,0.010882724731808001,0.05945909528189952
0.05,47,"demo_00 -7.5,+5 deg",offset,-7.5,5.0,True,1.31,0.16999999999999993,0.1526537004204115,0.030901845873911184,0.04820823344316207
0.05,48,"demo_00 -7.5,+7.5 deg",offset,-7.5,7.5,True,1.3,0.15999999999999992,0.16789848986025654,0.054845382755227656,0.04997952811640911
0.05,49,"demo_00 -7.5,+10 deg",offset,-7.5,10.0,True,1.3,0.15999999999999992,0.18835140047545987,0.08171249505771468,0.053879738204117365
0.05,50,"demo_00 -7.5,+12.5 deg",offset,-7.5,12.5,True,1.3,0.15999999999999992,0.21255560082851113,0.1070008351002448,0.057773682575289344
0.05,51,"demo_00 -7.5,+15 deg",offset,-7.5,15.0,True,1.3,0.1499999999999999,0.23940474225877617,0.1304796250664033,0.060977091292356025
0.05,52,"demo_00 -5,-15 deg",offset,-5.0,-15.0,True,1.33,0.18999999999999995,0.22496947322592478,0.19743927492995178,0.12853878556940643
0.05,53,"demo_00 -5,-12.5 deg",offset,-5.0,-12.5,True,1.33,0.18999999999999995,0.1971285951757005,0.1729319125384729,0.12840013281197868
0.05,54,"demo_00 -5,-10 deg",offset,-5.0,-10.0,True,1.32,0.17999999999999994,0.17080103539060837,0.14651630572631855,0.12950745431240157
0.05,55,"demo_00 -5,-7.5 deg",offset,-5.0,-7.5,True,1.32,0.18999999999999995,0.14695002195073276,0.11831833789029443,0.12858782022281282
0.05,56,"demo_00 -5,-5 deg",offset,-5.0,-5.0,True,1.32,0.18999999999999995,0.12713713270298144,0.08852812865103957,0.12790404422280058
0.05,57,"demo_00 -5,-2.5 deg",offset,-5.0,-2.5,True,1.32,0.18999999999999995,0.11366099061918854,0.05752196461809882,0.12290505545252338
0.05,58,"demo_00 -5,+0 deg",offset,-5.0,0.0,True,1.31,0.17999999999999994,0.10905631304188508,0.02585426723576088,0.1018423921359387
0.05,59,"demo_00 -5,+2.5 deg",offset,-5.0,2.5,True,1.31,0.17999999999999994,0.11453394553449923,0.021309279364948135,0.054770263392647935
0.05,60,"demo_00 -5,+5 deg",offset,-5.0,5.0,True,1.31,0.17999999999999994,0.12892044240299824,0.0425292549844638,0.047546781000026364
0.05,61,"demo_00 -5,+7.5 deg",offset,-5.0,7.5,True,1.31,0.17999999999999994,0.14974841970683528,0.06714076087740704,0.05165330370300507
0.05,62,"demo_00 -5,+10 deg",offset,-5.0,10.0,True,1.3,0.15999999999999992,0.1747876175675613,0.09502775005236642,0.05511875722672384
0.05,63,"demo_00 -5,+12.5 deg",offset,-5.0,12.5,True,1.3,0.15999999999999992,0.20252291531841493,0.12079843565304738,0.05846902234990109
0.05,64,"demo_00 -5,+15 deg",offset,-5.0,15.0,True,1.3,0.1499999999999999,0.23201717933226895,0.14434343177329473,0.06172810514594976
0.05,65,"demo_00 -2.5,-15 deg",offset,-2.5,-15.0,True,1.33,0.18999999999999995,0.19279473745732437,0.20267439217294028,0.1367990316057266
0.05,66,"demo_00 -2.5,-12.5 deg",offset,-2.5,-12.5,True,1.33,0.19999999999999996,0.16378764310980465,0.17613761428289146,0.13691169528425992
0.05,67,"demo_00 -2.5,-10 deg",offset,-2.5,-10.0,True,1.33,0.19999999999999996,0.13593874305917555,0.1474339695281329,0.13917449304223486
0.05,68,"demo_00 -2.5,-7.5 deg",offset,-2.5,-7.5,True,1.32,0.19999999999999996,0.1103183677903458,0.1166787824704025,0.14327378484538197
0.05,69,"demo_00 -2.5,-5 deg",offset,-2.5,-5.0,True,1.32,0.19999999999999996,0.08909246671744056,0.08411207230716448,0.15211945648443473
0.05,70,"demo_00 -2.5,-2.5 deg",offset,-2.5,-2.5,True,1.32,0.19999999999999996,0.07626964685204414,0.05017537738520563,0.1724440401926678
0.05,71,"demo_00 -2.5,+0 deg",offset,-2.5,0.0,True,1.31,0.18999999999999995,0.07643038105408251,0.01562323780706039,0.21240485316192134
0.05,72,"demo_00 -2.5,+2.5 deg",offset,-2.5,2.5,True,1.31,0.18999999999999995,0.08966948213420636,0.034161454727054945,0.07854737312234668
0.05,73,"demo_00 -2.5,+5 deg",offset,-2.5,5.0,True,1.31,0.18999999999999995,0.11153623835990005,0.05652949742539657,0.064917234854852
0.05,74,"demo_00 -2.5,+7.5 deg",offset,-2.5,7.5,True,1.31,0.17999999999999994,0.13807100130371838,0.08306256772596433,0.06319278796651971
0.05,75,"demo_00 -2.5,+10 deg",offset,-2.5,10.0,True,1.3,0.16999999999999993,0.16712207423116868,0.11150503965614741,0.062311476434153266
0.05,76,"demo_00 -2.5,+12.5 deg",offset,-2.5,12.5,True,1.3,0.15999999999999992,0.19762257155255283,0.13732654589988152,0.06181626356920746
0.05,77,"demo_00 -2.5,+15 deg",offset,-2.5,15.0,True,1.3,0.15999999999999992,0.22902054591400675,0.1605677184763927,0.06277983174115603
0.05,78,"demo_00 +0,-15 deg",offset,0.0,-15.0,True,1.33,0.19999999999999996,0.16437206539238022,0.2077174577408818,0.1471029122773429
0.05,79,"demo_00 +0,-12.5 deg",offset,0.0,-12.5,True,1.33,0.20999999999999996,0.13415516347096132,0.17889492559570044,0.14951262490129513
0.05,80,"demo_00 +0,-10 deg",offset,0.0,-10.0,True,1.33,0.20999999999999996,0.104415774307759,0.1475851686196465,0.15553113916901398
0.05,81,"demo_00 +0,-7.5 deg",offset,0.0,-7.5,True,1.32,0.20999999999999996,0.07598194602914615,0.11392145729377828,0.16634770226299458
0.05,82,"demo_00 +0,-5 deg",offset,0.0,-5.0,True,1.32,0.20999999999999996,0.0514454613645837,0.0781586372505531,0.19022967128639312
0.05,83,"demo_00 +0,-2.5 deg",offset,0.0,-2.5,True,1.32,0.20999999999999996,0.03946097538342947,0.04080336683460134,0.26775241549622203
0.05,84,demo_00,demonstrated,0.0,0.0,True,1.32,0.20999999999999996,0.050361380049392154,0.02445751589956441,nan
0.05,85,"demo_00 +0,+2.5 deg",offset,0.0,2.5,True,1.31,0.19999999999999996,0.07491509673483139,0.04994630531449117,0.1260034519652493
0.05,86,"demo_00 +0,+5 deg",offset,0.0,5.0,True,1.31,0.18999999999999995,0.10397273106818122,0.07326806105021898,0.08105770475854897
0.05,87,"demo_00 +0,+7.5 deg",offset,0.0,7.5,True,1.31,0.18999999999999995,0.13473048367348361,0.10306164905182942,0.0719878771075237
0.05,88,"demo_00 +0,+10 deg",offset,0.0,10.0,True,1.3,0.16999999999999993,0.16630296157992375,0.13138594346030272,0.06906354783543343
0.05,89,"demo_00 +0,+12.5 deg",offset,0.0,12.5,True,1.3,0.16999999999999993,0.1983392341650972,0.15669546507424478,0.06663018223799692
0.05,90,"demo_00 +0,+15 deg",offset,0.0,15.0,True,1.3,0.15999999999999992,0.2306709489056541,0.1791585993645553,0.06551004843747178
0.05,91,"demo_00 +2.5,-15 deg",offset,2.5,-15.0,True,1.33,0.20999999999999996,0.14219658474212987,0.2125958462907416,0.16144682116346734
0.05,92,"demo_00 +2.5,-12.5 deg",offset,2.5,-12.5,True,1.33,0.21999999999999997,0.11150839845774742,0.18131275441575226,0.16762242570315658
0.05,93,"demo_00 +2.5,-10 deg",offset,2.5,-10.0,True,1.33,0.21999999999999997,0.08062921008780678,0.14755580850404734,0.18025584529897049
0.05,94,"demo_00 +2.5,-7.5 deg",offset,2.5,-7.5,True,1.33,0.22999999999999998,0.049590376169576414,0.11305124661332085,0.20262863807197784
0.05,95,"demo_00 +2.5,-5 deg",offset,2.5,-5.0,True,1.32,0.21999999999999997,0.018557900992190093,0.08062270471330528,0.2626851389322069
0.05,96,"demo_00 +2.5,-2.5 deg",offset,2.5,-2.5,True,1.32,0.21999999999999997,0.013775070290367165,0.05482462596745878,0.5519329809641388
0.05,97,"demo_00 +2.5,+0 deg",offset,2.5,0.0,True,1.32,0.21999999999999997,0.04500576480813973,0.04825662751039699,0.4945963870161884
0.05,98,"demo_00 +2.5,+2.5 deg",offset,2.5,2.5,True,1.31,0.19999999999999996,0.07667435501807826,0.06927425759328905,0.13527366706595276
0.05,99,"demo_00 +2.5,+5 deg",offset,2.5,5.0,True,1.31,0.19999999999999996,0.10850917791258119,0.09700089483666134,0.08904025338978126
0.05,100,"demo_00 +2.5,+7.5 deg",offset,2.5,7.5,True,1.31,0.18999999999999995,0.14047192947159784,0.12738845971833887,0.07806667375503629
0.05,101,"demo_00 +2.5,+10 deg",offset,2.5,10.0,True,1.31,0.18999999999999995,0.17254283470104764,0.15471851109759752,0.07272795100660819
0.05,102,"demo_00 +2.5,+12.5 deg",offset,2.5,12.5,True,1.3,0.16999999999999993,0.20470609327842673,0.17886517280393485,0.07062696815799123
0.05,103,"demo_00 +2.5,+15 deg",offset,2.5,15.0,True,1.3,0.15999999999999992,0.23694708902832334,0.2000562012154158,0.06895337028727726
0.05,104,"demo_00 +5,-15 deg",offset,5.0,-15.0,True,1.34,0.24,0.12974312536118415,0.21791195410757006,0.17852125171749972
0.05,105,"demo_00 +5,-12.5 deg",offset,5.0,-12.5,True,1.33,0.22999999999999998,0.10095413108946844,0.18596356902898292,0.19376002846814655
0.05,106,"demo_00 +5,-10 deg",offset,5.0,-10.0,True,1.33,0.22999999999999998,0.07299223816102017,0.1550950388740822,0.2181902644886112
0.05,107,"demo_00 +5,-7.5 deg",offset,5.0,-7.5,True,1.33,0.24,0.04773697793396131,0.12699043672720728,0.26680235044925105
0.05,108,"demo_00 +5,-5 deg",offset,5.0,-5.0,True,1.32,0.22999999999999998,0.03285122966672726,0.10409918955312994,0.42396721965077083
0.05,109,"demo_00 +5,-2.5 deg",offset,5.0,-2.5,True,1.32,0.22999999999999998,0.04196392548398164,0.09063614217572487,nan
0.05,110,"demo_00 +5,+0 deg",offset,5.0,0.0,True,1.32,0.21999999999999997,0.06597955171445864,0.09100015899601055,0.30423958527293105
0.05,111,"demo_00 +5,+2.5 deg",offset,5.0,2.5,True,1.32,0.21999999999999997,0.09424696938222644,0.10514564167590479,0.13571071692816913
0.05,112,"demo_00 +5,+5 deg",offset,5.0,5.0,True,1.31,0.19999999999999996,0.12398327837825893,0.12864483070055463,0.09511259070658705
0.05,113,"demo_00 +5,+7.5 deg",offset,5.0,7.5,True,1.31,0.19999999999999996,0.15440730936494249,0.15592464122024136,0.08140202831561624
0.05,114,"demo_00 +5,+10 deg",offset,5.0,10.0,True,1.31,0.18999999999999995,0.18522645230030724,0.18129988926492094,0.07593715213325862
0.05,115,"demo_00 +5,+12.5 deg",offset,5.0,12.5,True,1.3,0.16999999999999993,0.2163037556881223,0.20363111327578517,0.07346182932370972
0.05,116,"demo_00 +5,+15 deg",offset,5.0,15.0,True,1.3,0.16999999999999993,0.24756313484174886,0.22304321732586757,0.07095832089525347
0.05,117,"demo_00 +7.5,-15 deg",offset,7.5,-15.0,True,1.34,0.25,0.13004421488849482,0.22776640457345906,0.20595883174030288
0.05,118,"demo_00 +7.5,-12.5 deg",offset,7.5,-12.5,True,1.33,0.24,0.10640058123756246,0.19990358484880177,0.23243152134834769
0.05,119,"demo_00 +7.5,-10 deg",offset,7.5,-10.0,True,1.33,0.25,0.08620496478257336,0.1746361241078211,0.2771929878024928
0.05,120,"demo_00 +7.5,-7.5 deg",offset,7.5,-7.5,True,1.33,0.25,0.07265011032959848,0.15340819795478788,0.39109421140246015
0.05,121,"demo_00 +7.5,-5 deg",offset,7.5,-5.0,True,1.33,0.25,0.06996263672980653,0.13817963270538824,0.9973554667664357
0.05,122,"demo_00 +7.5,-2.5 deg",offset,7.5,-2.5,True,1.32,0.24,0.07945054964166874,0.13117854619758812,0.7806874303799569
0.05,123,"demo_00 +7.5,+0 deg",offset,7.5,0.0,True,1.32,0.22999999999999998,0.09777075875925466,0.13379919260436043,0.23895230803248108
0.05,124,"demo_00 +7.5,+2.5 deg",offset,7.5,2.5,True,1.32,0.22999999999999998,0.12108017997118399,0.14559795359676816,0.13484034792287014
0.05,125,"demo_00 +7.5,+5 deg",offset,7.5,5.0,True,1.31,0.20999999999999996,0.14710139459070853,0.16464882558466026,0.09922475275776882
0.05,126,"demo_00 +7.5,+7.5 deg",offset,7.5,7.5,True,1.31,0.19999999999999996,0.1746823984843474,0.18797249112081957,0.0850115481823075
0.05,127,"demo_00 +7.5,+10 deg",offset,7.5,10.0,True,1.31,0.18999999999999995,0.20322965559095033,0.21062022966265936,0.078567592672903
0.05,128,"demo_00 +7.5,+12.5 deg",offset,7.5,12.5,True,1.3,0.17999999999999994,0.23241611946436658,0.23058407249780694,0.07502603210701408
0.05,129,"demo_00 +7.5,+15 deg",offset,7.5,15.0,True,1.3,0.16999999999999993,0.26204764734200453,0.24783131423928725,0.07290898142151274
0.05,130,"demo_00 +10,-15 deg",offset,10.0,-15.0,True,1.34,0.26,0.1431857306580943,0.24591047804526373,0.2456866551188065
0.05,131,"demo_00 +10,-12.5 deg",offset,10.0,-12.5,True,1.34,0.27,0.1259661497753018,0.22272118757135514,0.28842275377835686
0.05,132,"demo_00 +10,-10 deg",offset,10.0,-10.0,True,1.33,0.26,0.11337733532348977,0.2026936699728808,0.3865986951965142
0.05,133,"demo_00 +10,-7.5 deg",offset,10.0,-7.5,True,1.33,0.26,0.1072276268592328,0.18695298574804634,0.7119460259494872
0.05,134,"demo_00 +10,-5 deg",offset,10.0,-5.0,True,1.33,0.26,0.10876542624780283,0.1767447822729912,nan
0.05,135,"demo_00 +10,-2.5 deg",offset,10.0,-2.5,True,1.32,0.25,0.11781696227965946,0.17313259106173662,0.42005268533082574
0.05,136,"demo_00 +10,+0 deg",offset,10.0,0.0,True,1.32,0.24,0.1329582781921956,0.1765860015662016,0.2053900063784525
0.05,137,"demo_00 +10,+2.5 deg",offset,10.0,2.5,True,1.32,0.22999999999999998,0.15246582611589474,0.1867917362727855,0.1340146277484702
0.05,138,"demo_00 +10,+5 deg",offset,10.0,5.0,True,1.32,0.22999999999999998,0.17494726223518,0.20271039984154215,0.10150849401094095
0.05,139,"demo_00 +10,+7.5 deg",offset,10.0,7.5,True,1.31,0.20999999999999996,0.19944703715844855,0.22248117451997593,0.08760388556567447
0.05,140,"demo_00 +10,+10 deg",offset,10.0,10.0,True,1.31,0.19999999999999996,0.22534344800174255,0.2420345173683429,0.08040602281314824
0.05,141,"demo_00 +10,+12.5 deg",offset,10.0,12.5,True,1.31,0.18999999999999995,0.2522325696538702,0.25925209544353967,0.07645202390115827
0.05,142,"demo_00 +10,+15 deg",offset,10.0,15.0,True,1.3,0.16999999999999993,0.2798461852668356,0.2739691706627978,0.07456759775268607
0.05,143,"demo_00 +12.5,-15 deg",offset,12.5,-15.0,True,1.34,0.28,0.16627461495319767,0.270925567546988,0.30392744893948603
0.05,144,"demo_00 +12.5,-12.5 deg",offset,12.5,-12.5,True,1.34,0.29000000000000004,0.15450152646561463,0.2519247405439965,0.3877182739811213
0.05,145,"demo_00 +12.5,-10 deg",offset,12.5,-10.0,True,1.33,0.28,0.1470882918718477,0.23616012084028126,0.6260579834047268
0.05,146,"demo_00 +12.5,-7.5 deg",offset,12.5,-7.5,True,1.33,0.28,0.14482302493751828,0.22439878539359337,3.152266291725315
0.05,147,"demo_00 +12.5,-5 deg",offset,12.5,-5.0,True,1.33,0.27,0.1480487533283518,0.21738896347352132,0.7534313077202736
0.05,148,"demo_00 +12.5,-2.5 deg",offset,12.5,-2.5,True,1.33,0.27,0.1565192147332076,0.21564439847363792,0.3036648605646324
0.05,149,"demo_00 +12.5,+0 deg",offset,12.5,0.0,True,1.32,0.25,0.16952834928793847,0.21934277571649877,0.18437657392732837
0.05,150,"demo_00 +12.5,+2.5 deg",offset,12.5,2.5,True,1.32,0.24,0.18619160704821525,0.2282707255677644,0.13150493380673844
0.05,151,"demo_00 +12.5,+5 deg",offset,12.5,5.0,True,1.32,0.22999999999999998,0.20567462479386245,0.24181215035011597,0.10434422470333009
0.05,152,"demo_00 +12.5,+7.5 deg",offset,12.5,7.5,True,1.31,0.20999999999999996,0.2272943960299366,0.258492540719942,0.0905572707860399
0.05,153,"demo_00 +12.5,+10 deg",offset,12.5,10.0,True,1.31,0.19999999999999996,0.2505298745364499,0.27482794538917255,0.08279480002959524
0.05,154,"demo_00 +12.5,+12.5 deg",offset,12.5,12.5,True,1.31,0.18999999999999995,0.2749952501255552,0.289048914715789,0.07834852776264736
0.05,155,"demo_00 +12.5,+15 deg",offset,12.5,15.0,True,1.3,0.16999999999999993,0.3004066697954976,0.3010220192453218,0.07613656105920298
0.05,156,"demo_00 +15,-15 deg",offset,15.0,-15.0,True,1.34,0.30000000000000004,0.19591581617619383,0.3010858765385237,0.4018314577421884
0.05,157,"demo_00 +15,-12.5 deg",offset,15.0,-12.5,True,1.34,0.31000000000000005,0.1880559238266226,0.2855316228406147,0.5936286797960089
0.05,158,"demo_00 +15,-10 deg",offset,15.0,-10.0,True,1.34,0.31000000000000005,0.18386184974624128,0.2730246963390199,1.586251574433585
0.05,159,"demo_00 +15,-7.5 deg",offset,15.0,-7.5,True,1.33,0.29000000000000004,0.18367433549624743,0.26406380327477913,1.4353518280007456
0.05,160,"demo_00 +15,-5 deg",offset,15.0,-5.0,True,1.33,0.29000000000000004,0.18758715146266627,0.25909586633811355,0.4403204394885322
0.05,161,"demo_00 +15,-2.5 deg",offset,15.0,-2.5,True,1.33,0.28,0.19542677535651717,0.2583961588882417,0.24748460589977045
0.05,162,"demo_00 +15,+0 deg",offset,15.0,0.0,True,1.32,0.26,0.20680998606241985,0.2620274018388711,0.16962374752864043
0.05,163,"demo_00 +15,+2.5 deg",offset,15.0,2.5,True,1.32,0.24,0.22124369473329353,0.26985472369065877,0.129838866792218
0.05,164,"demo_00 +15,+5 deg",offset,15.0,5.0,True,1.32,0.22999999999999998,0.23821812262532657,0.28144797986773273,0.10636129529617457
0.05,165,"demo_00 +15,+7.5 deg",offset,15.0,7.5,True,1.32,0.21999999999999997,0.2572665465091092,0.29528827421090564,0.09250922325967265
0.05,166,"demo_00 +15,+10 deg",offset,15.0,10.0,True,1.31,0.19999999999999996,0.2779911043993293,0.30831335384811587,0.0850473929023953
0.05,167,"demo_00 +15,+12.5 deg",offset,15.0,12.5,True,1.31,0.18999999999999995,0.30006612744482264,0.31937800215769535,0.0801943146249202
0.05,168,"demo_00 +15,+15 deg",offset,15.0,15.0,True,1.31,0.17999999999999994,0.3232304957403826,0.3284524794705442,0.0771443416077018
0.1,0,"demo_00 -15,-15 deg",offset,-15.0,-15.0,True,1.29,0.1200000000000001,0.3359075448951828,0.20551463143075188,0.19608292066044739
0.1,1,"demo_00 -15,-12.5 deg",offset,-15.0,-12.5,True,1.28,0.1100000000000001,0.3109856935137714,0.1843145284848979,0.1922832199628644
0.1,2,"demo_00 -15,-10 deg",offset,-15.0,-10.0,True,1.28,0.1200000000000001,0.2872529728199861,0.16221769193403224,0.18411093930910893
0.1,3,"demo_00 -15,-7.5 deg",offset,-15.0,-7.5,True,1.27,0.1100000000000001,0.265150354426118,0.13945048829834547,0.17711746605410558
0.1,4,"demo_00 -15,-5 deg",offset,-15.0,-5.0,True,1.27,0.1100000000000001,0.24524458180158984,0.11629759701282072,0.16716304942868035
0.1,5,"demo_00 -15,-2.5 deg",offset,-15.0,-2.5,True,1.26,0.10999999999999988,0.2282395997399935,0.0930884657777684,0.1560505022078819
0.1,6,"demo_00 -15,+0 deg",offset,-15.0,0.0,True,1.26,0.10999999999999988,0.2149539655390286,0.07034054341517355,0.14595576879559238
0.1,7,"demo_00 -15,+2.5 deg",offset,-15.0,2.5,True,1.26,0.10999999999999988,0.20623406872430994,0.04850774527102962,0.13875719288400043
0.1,8,"demo_00 -15,+5 deg",offset,-15.0,5.0,True,1.25,0.09999999999999987,0.20278945494015926,0.028047041715879992,0.13137027147156286
0.1,9,"demo_00 -15,+7.5 deg",offset,-15.0,7.5,True,1.25,0.09999999999999987,0.20499552034927154,0.0415023262816765,0.1217111798540696
0.1,10,"demo_00 -15,+10 deg",offset,-15.0,10.0,True,1.24,0.08999999999999986,0.21277274782901914,0.0652428644343665,0.11748771584263897
0.1,11,"demo_00 -15,+12.5 deg",offset,-15.0,12.5,True,1.24,0.08000000000000007,0.2256276510653436,0.08890626026032676,0.11619910235235918
0.1,12,"demo_00 -15,+15 deg",offset,-15.0,15.0,True,1.24,0.08000000000000007,0.24282289956586592,0.11198646858216818,0.11521053172492893
0.1,13,"demo_00 -12.5,-15 deg",offset,-12.5,-15.0,True,1.29,0.13000000000000012,0.30334393721141106,0.20906263596993593,0.19777809409722058
0.1,14,"demo_00 -12.5,-12.5 deg",offset,-12.5,-12.5,True,1.28,0.1200000000000001,0.2778844911142875,0.18634127268489434,0.19466104534680512
0.1,15,"demo_00 -12.5,-10 deg",offset,-12.5,-10.0,True,1.28,0.1200000000000001,0.25360077053303604,0.16256251870529115,0.1885634291484822
0.1,16,"demo_00 -12.5,-7.5 deg",offset,-12.5,-7.5,True,1.27,0.11999999999999988,0.23100078970627072,0.13797509576099373,0.18024458012199443
0.1,17,"demo_00 -12.5,-5 deg",offset,-12.5,-5.0,True,1.27,0.11999999999999988,0.21077032048842606,0.11290108482637612,0.1697722466296561
0.1,18,"demo_00 -12.5,-2.5 deg",offset,-12.5,-2.5,True,1.27,0.11999999999999988,0.19380122395360616,0.08778816982748482,0.1575585463616552
0.1,19,"demo_00 -12.5,+0 deg",offset,-12.5,0.0,True,1.26,0.10999999999999988,0.18116237858480363,0.06323672698013241,0.14693896983946608
0.1,20,"demo_00 -12.5,+2.5 deg",offset,-12.5,2.5,True,1.26,0.10999999999999988,0.17394694349196713,0.03986903776349603,0.13957951132816496
0.1,21,"demo_00 -12.5,+5 deg",offset,-12.5,5.0,True,1.25,0.09999999999999987,0.17297207801365835,0.02099551129467064,0.13013056298616693
0.1,22,"demo_00 -12.5,+7.5 deg",offset,-12.5,7.5,True,1.25,0.09999999999999987,0.17846231265245482,0.04580418987862792,0.12072268908628153
0.1,23,"demo_00 -12.5,+10 deg",offset,-12.5,10.0,True,1.24,0.08999999999999986,0.18996243480340627,0.07103355143379282,0.11750823470616778
0.1,24,"demo_00 -12.5,+12.5 deg",offset,-12.5,12.5,True,1.24,0.08999999999999986,0.20655762786470308,0.09583389347882651,0.11602683477141909
0.1,25,"demo_00 -12.5,+15 deg",offset,-12.5,15.0,True,1.24,0.08000000000000007,0.22720410457232532,0.11970261128049359,0.11641845159237588
0.1,26,"demo_00 -10,-15 deg",offset,-10.0,-15.0,True,1.29,0.13000000000000012,0.2716671144795382,0.21258041796912774,0.20095172347407816
0.1,27,"demo_00 -10,-12.5 deg",offset,-10.0,-12.5,True,1.28,0.1299999999999999,0.24548758501812695,0.18818718726011335,0.19698807990159903
0.1,28,"demo_00 -10,-10 deg",offset,-10.0,-10.0,True,1.28,0.1299999999999999,0.22041320154844388,0.16255204145026744,0.19169179858071342
0.1,29,"demo_00 -10,-7.5 deg",offset,-10.0,-7.5,True,1.28,0.1299999999999999,0.1970240724505448,0.13593139342703883,0.18414100062778316
0.1,30,"demo_00 -10,-5 deg",offset,-10.0,-5.0,True,1.27,0.1299999999999999,0.17616134019693902,0.10866596506048744,0.17320424727273995
0.1,31,"demo_00 -10,-2.5 deg",offset,-10.0,-2.5,True,1.27,0.1299999999999999,0.15900033331246516,0.0813310545850356,0.15919613759571585
0.1,32,"demo_00 -10,+0 deg",offset,-10.0,0.0,True,1.26,0.11999999999999988,0.1470248086222557,0.05468992186378873,0.14621881940267
0.1,33,"demo_00 -10,+2.5 deg",offset,-10.0,2.5,True,1.26,0.11999999999999988,0.14173209358945818,0.029630171553410644,0.13929661486820058
0.1,34,"demo_00 -10,+5 deg",offset,-10.0,5.0,True,1.25,0.10999999999999988,0.1440218641699623,0.025354624413368086,0.12646569230447566
0.1,35,"demo_00 -10,+7.5 deg",offset,-10.0,7.5,True,1.25,0.10999999999999988,0.1536935849177428,0.05220122661313051,0.11868878749561708
0.1,36,"demo_00 -10,+10 deg",offset,-10.0,10.0,True,1.24,0.08999999999999986,0.16960244336453853,0.07895399646347291,0.1179075723297048
0.1,37,"demo_00 -10,+12.5 deg",offset,-10.0,12.5,True,1.24,0.08999999999999986,0.19028133185328686,0.1048106811260204,0.11707201953427204
0.1,38,"demo_00 -10,+15 deg",offset,-10.0,15.0,True,1.23,0.07999999999999985,0.21442624633907412,0.12932862468546388,0.11750761194413717
0.1,39,"demo_00 -7.5,-15 deg",offset,-7.5,-15.0,True,1.29,0.1399999999999999,0.24143644367383704,0.21607775278255717,0.20249892354657795
0.1,40,"demo_00 -7.5,-12.5 deg",offset,-7.5,-12.5,True,1.29,0.1399999999999999,0.21434471716707562,0.18983962411055036,0.19945166590937455
0.1,41,"demo_00 -7.5,-10 deg",offset,-7.5,-10.0,True,1.28,0.1399999999999999,0.1881908732799958,0.16218635033049594,0.19503289925334472
0.1,42,"demo_00 -7.5,-7.5 deg",offset,-7.5,-7.5,True,1.28,0.1399999999999999,0.1636119614402067,0.13326709122230082,0.18853113916235403
0.1,43,"demo_00 -7.5,-5 deg",offset,-7.5,-5.0,True,1.27,0.1299999999999999,0.1416365184761828,0.10351477976943356,0.17942300354084945
0.1,44,"demo_00 -7.5,-2.5 deg",offset,-7.5,-2.5,True,1.27,0.1299999999999999,0.12388268943096918,0.07355480036792822,0.1631018745531525
0.1,45,"demo_00 -7.5,+0 deg",offset,-7.5,0.0,True,1.26,0.1299999999999999,0.11260008863642003,0.04446561153505727,0.1444227850538118
0.1,46,"demo_00 -7.5,+2.5 deg",offset,-7.5,2.5,True,1.26,0.1299999999999999,0.11002275981029043,0.017486669894656744,0.13971626139444981
0.1,47,"demo_00 -7.5,+5 deg",offset,-7.5,5.0,True,1.25,0.10999999999999988,0.11692159762149365,0.03217783168873354,0.12276105888984065
0.1,48,"demo_00 -7.5,+7.5 deg",offset,-7.5,7.5,True,1.25,0.10999999999999988,0.13197420160862364,0.06117125280681918,0.11797698471687243
0.1,49,"demo_00 -7.5,+10 deg",offset,-7.5,10.0,True,1.24,0.09999999999999987,0.15291280425123244,0.08936576490630188,0.11751700511936236
0.1,50,"demo_00 -7.5,+12.5 deg",offset,-7.5,12.5,True,1.24,0.09999999999999987,0.17776377795424095,0.1161164629285517,0.11721235449880744
0.1,51,"demo_00 -7.5,+15 deg",offset,-7.5,15.0,True,1.23,0.07999999999999985,0.20518297739454974,0.14109515615480456,0.11881009895945169
0.1,52,"demo_00 -5,-15 deg",offset,-5.0,-15.0,True,1.29,0.1499999999999999,0.21349709975691303,0.21957259210004518,0.2051008396569023
0.1,53,"demo_00 -5,-12.5 deg",offset,-5.0,-12.5,True,1.29,0.1499999999999999,0.18534687301633213,0.19135453921392123,0.20230743174945398
0.1,54,"demo_00 -5,-10 deg",offset,-5.0,-10.0,True,1.28,0.1399999999999999,0.1578203468557642,0.16143181114699667,0.20047237460003062
0.1,55,"demo_00 -5,-7.5 deg",offset,-5.0,-7.5,True,1.28,0.1499999999999999,0.13153787250019558,0.12998269923165762,0.1938447362929799
0.1,56,"demo_00 -5,-5 deg",offset,-5.0,-5.0,True,1.27,0.1399999999999999,0.10768141650390613,0.09737326083598019,0.18637506916438537
0.1,57,"demo_00 -5,-2.5 deg",offset,-5.0,-2.5,True,1.27,0.1399999999999999,0.08854638815499906,0.06429282717730711,0.16822193422953477
0.1,58,"demo_00 -5,+0 deg",offset,-5.0,0.0,True,1.26,0.1299999999999999,0.0780291789001374,0.03218679971959031,0.14054220896471029
0.1,59,"demo_00 -5,+2.5 deg",offset,-5.0,2.5,True,1.26,0.1299999999999999,0.07991909854453987,0.010843001528805329,0.129732187987034
0.1,60,"demo_00 -5,+5 deg",offset,-5.0,5.0,True,1.25,0.11999999999999988,0.09370190863454794,0.04222448585748537,0.11750752928153596
0.1,61,"demo_00 -5,+7.5 deg",offset,-5.0,7.5,True,1.25,0.11999999999999988,0.11536025092811772,0.07328319319020556,0.11631676089325554
0.1,62,"demo_00 -5,+10 deg",offset,-5.0,10.0,True,1.24,0.09999999999999987,0.14144845475739634,0.1026827180715352,0.1181825188099602
0.1,63,"demo_00 -5,+12.5 deg",offset,-5.0,12.5,True,1.24,0.09999999999999987,0.17003547732355906,0.1300086394799756,0.11827590440269231
0.1,64,"demo_00 -5,+15 deg",offset,-5.0,15.0,True,1.23,0.07999999999999985,0.20012563027501984,0.1551484609138963,0.1199891808656307
0.1,65,"demo_00 -2.5,-15 deg",offset,-2.5,-15.0,True,1.29,0.1499999999999999,0.18911787432473806,0.22306009051733372,0.21280594849370896
0.1,66,"demo_00 -2.5,-12.5 deg",offset,-2.5,-12.5,True,1.29,0.15999999999999992,0.1599535721289129,0.19265543863417642,0.20858999926975508
0.1,67,"demo_00 -2.5,-10 deg",offset,-2.5,-10.0,True,1.28,0.1499999999999999,0.13094002689270004,0.16026367449612988,0.20718856657094076
0.1,68,"demo_00 -2.5,-7.5 deg",offset,-2.5,-7.5,True,1.28,0.15999999999999992,0.10249284113093031,0.1260071310315149,0.20160103625184755
0.1,69,"demo_00 -2.5,-5 deg",offset,-2.5,-5.0,True,1.27,0.1499999999999999,0.07562788894150942,0.09022775031678909,0.19744496286379296
0.1,70,"demo_00 -2.5,-2.5 deg",offset,-2.5,-2.5,True,1.27,0.1499999999999999,0.05331648609286597,0.053491075575078074,0.1839801278568717
0.1,71,"demo_00 -2.5,+0 deg",offset,-2.5,0.0,True,1.26,0.1399999999999999,0.04386140712162088,0.017384748099741006,0.1331061879734838
0.1,72,"demo_00 -2.5,+2.5 deg",offset,-2.5,2.5,True,1.26,0.1399999999999999,0.054860242132082994,0.021768440302004404,0.10724283171080913
0.1,73,"demo_00 -2.5,+5 deg",offset,-2.5,5.0,True,1.25,0.1299999999999999,0.07837880066875218,0.05644420518871541,0.11253827516314914
0.1,74,"demo_00 -2.5,+7.5 deg",offset,-2.5,7.5,True,1.25,0.11999999999999988,0.10660283868157533,0.08913042045780874,0.11599856120337444
0.1,75,"demo_00 -2.5,+10 deg",offset,-2.5,10.0,True,1.24,0.10999999999999988,0.13677844445238183,0.11927008440040697,0.11776569603000824
0.1,76,"demo_00 -2.5,+12.5 deg",offset,-2.5,12.5,True,1.24,0.09999999999999987,0.1679521241830784,0.14675732565375962,0.11909362264956107
0.1,77,"demo_00 -2.5,+15 deg",offset,-2.5,15.0,True,1.23,0.08999999999999986,0.1997277558708371,0.17162713998810034,0.11990600358205371
0.1,78,"demo_00 +0,-15 deg",offset,0.0,-15.0,True,1.3,0.16999999999999993,0.1701042343053854,0.22655734824666998,0.22143792862286005
0.1,79,"demo_00 +0,-12.5 deg",offset,0.0,-12.5,True,1.29,0.16999999999999993,0.14045072762641775,0.19379149096940665,0.22046012656771766
0.1,80,"demo_00 +0,-10 deg",offset,0.0,-10.0,True,1.29,0.16999999999999993,0.11052176074265224,0.15868394473093367,0.21992873491273546
0.1,81,"demo_00 +0,-7.5 deg",offset,0.0,-7.5,True,1.28,0.16999999999999993,0.08036915783260193,0.12138631147315435,0.2199339225356693
0.1,82,"demo_00 +0,-5 deg",offset,0.0,-5.0,True,1.27,0.15999999999999992,0.05013803031178589,0.08220748088038182,0.22397283302131962
0.1,83,"demo_00 +0,-2.5 deg",offset,0.0,-2.5,True,1.27,0.15999999999999992,0.020759199880795474,0.041643501534323654,0.2373309507307452
0.1,84,demo_00,demonstrated,0.0,0.0,True,1.26,0.1499999999999999,0.016108147417697116,0.009315034017840477,nan
0.1,85,"demo_00 +0,+2.5 deg",offset,0.0,2.5,True,1.26,0.1499999999999999,0.0452222137696452,0.0391753751441694,0.1163918021500694
0.1,86,"demo_00 +0,+5 deg",offset,0.0,5.0,True,1.25,0.1299999999999999,0.0763539274664634,0.07580552350823519,0.11345447023447085
0.1,87,"demo_00 +0,+7.5 deg",offset,0.0,7.5,True,1.25,0.1299999999999999,0.10794826878968113,0.10924385536747322,0.11560712771971357
0.1,88,"demo_00 +0,+10 deg",offset,0.0,10.0,True,1.24,0.10999999999999988,0.13981731040889744,0.13940313863151765,0.11834933453572472
0.1,89,"demo_00 +0,+12.5 deg",offset,0.0,12.5,True,1.24,0.10999999999999988,0.17189958519599158,0.16644978984929987,0.11856997523701848
0.1,90,"demo_00 +0,+15 deg",offset,0.0,15.0,True,1.23,0.08999999999999986,0.20416212000764497,0.1906012847016575,0.12041656718541978
0.1,91,"demo_00 +2.5,-15 deg",offset,2.5,-15.0,True,1.3,0.17999999999999994,0.1586714304347859,0.23024098542562008,0.23745656126133094
0.1,92,"demo_00 +2.5,-12.5 deg",offset,2.5,-12.5,True,1.29,0.17999999999999994,0.1298491620192077,0.1950319439900502,0.2401959362696489
0.1,93,"demo_00 +2.5,-10 deg",offset,2.5,-10.0,True,1.29,0.17999999999999994,0.10098363917868877,0.15769186461329854,0.24596806989516973
0.1,94,"demo_00 +2.5,-7.5 deg",offset,2.5,-7.5,True,1.28,0.17999999999999994,0.07241652268633408,0.12000491288547041,0.25801979820845783
0.1,95,"demo_00 +2.5,-5 deg",offset,2.5,-5.0,True,1.28,0.17999999999999994,0.04532385391580491,0.08418499266241314,0.29119011332022066
0.1,96,"demo_00 +2.5,-2.5 deg",offset,2.5,-2.5,True,1.27,0.16999999999999993,0.026060006635059967,0.05459040338689996,0.47825527475593765
0.1,97,"demo_00 +2.5,+0 deg",offset,2.5,0.0,True,1.26,0.15999999999999992,0.03415858166095079,0.04602062974300053,0.30503239913627145
0.1,98,"demo_00 +2.5,+2.5 deg",offset,2.5,2.5,True,1.26,0.1499999999999999,0.0596834511838112,0.06757561445019625,0.13517497110586923
0.1,99,"demo_00 +2.5,+5 deg",offset,2.5,5.0,True,1.25,0.1399999999999999,0.08891844877999801,0.10119898283089174,0.1214971541396098
0.1,100,"demo_00 +2.5,+7.5 deg",offset,2.5,7.5,True,1.25,0.1299999999999999,0.11932272020549914,0.1339348171723497,0.11769145124069418
0.1,101,"demo_00 +2.5,+10 deg",offset,2.5,10.0,True,1.24,0.11999999999999988,0.15030226456895568,0.16319109943011037,0.11801622861208788
0.1,102,"demo_00 +2.5,+12.5 deg",offset,2.5,12.5,True,1.24,0.10999999999999988,0.18164742148224441,0.18909937169331023,0.11887240827711254
0.1,103,"demo_00 +2.5,+15 deg",offset,2.5,15.0,True,1.23,0.08999999999999986,0.21326020385539843,0.21199707123643857,0.1205870362628267
0.1,104,"demo_00 +5,-15 deg",offset,5.0,-15.0,True,1.3,0.19999999999999996,0.15674991784602604,0.23498732296232105,0.25933321109750296
0.1,105,"demo_00 +5,-12.5 deg",offset,5.0,-12.5,True,1.29,0.18999999999999995,0.13064256489198126,0.1997757013361344,0.27154928295603786
0.1,106,"demo_00 +5,-10 deg",offset,5.0,-10.0,True,1.29,0.18999999999999995,0.1056883107554823,0.1656872000370143,0.29057662028906117
0.1,107,"demo_00 +5,-7.5 deg",offset,5.0,-7.5,True,1.28,0.18999999999999995,0.08327142234834702,0.13420763673066494,0.3319151778688673
0.1,108,"demo_00 +5,-5 deg",offset,5.0,-5.0,True,1.28,0.18999999999999995,0.06643062421312014,0.10782932752103748,0.46705305582942486
0.1,109,"demo_00 +5,-2.5 deg",offset,5.0,-2.5,True,1.27,0.17999999999999994,0.060473247434744526,0.09138361332874785,nan
0.1,110,"demo_00 +5,+0 deg",offset,5.0,0.0,True,1.27,0.16999999999999993,0.0686536727497272,0.09083951336160938,0.25762355396211056
0.1,111,"demo_00 +5,+2.5 deg",offset,5.0,2.5,True,1.26,0.15999999999999992,0.08732703471895481,0.10673814643636244,0.14565111840321554
0.1,112,"demo_00 +5,+5 deg",offset,5.0,5.0,True,1.25,0.1399999999999999,0.11151587529729103,0.13325793691047944,0.12857876385640998
0.1,113,"demo_00 +5,+7.5 deg",offset,5.0,7.5,True,1.25,0.1399999999999999,0.13849172118944703,0.16309229833576178,0.12097865083938245
0.1,114,"demo_00 +5,+10 deg",offset,5.0,10.0,True,1.24,0.11999999999999988,0.16700978287598725,0.19040774855693332,0.11927448614621301
0.1,115,"demo_00 +5,+12.5 deg",offset,5.0,12.5,True,1.24,0.10999999999999988,0.19647609185509385,0.21449218378329482,0.11915929077508838
0.1,116,"demo_00 +5,+15 deg",offset,5.0,15.0,True,1.23,0.09999999999999987,0.2265792225894667,0.23562824442548555,0.11962200298572426
0.1,117,"demo_00 +7.5,-15 deg",offset,7.5,-15.0,True,1.3,0.20999999999999996,0.1649055907666002,0.2454392876303746,0.2947824177745166
0.1,118,"demo_00 +7.5,-12.5 deg",offset,7.5,-12.5,True,1.3,0.20999999999999996,0.14290169592007568,0.2143315795977457,0.3185961258505111
0.1,119,"demo_00 +7.5,-10 deg",offset,7.5,-10.0,True,1.29,0.20999999999999996,0.12330567665691458,0.18570814997794202,0.36446466716007925
0.1,120,"demo_00 +7.5,-7.5 deg",offset,7.5,-7.5,True,1.29,0.20999999999999996,0.1076995153872403,0.16109285036436635,0.48130862903783683
0.1,121,"demo_00 +7.5,-5 deg",offset,7.5,-5.0,True,1.28,0.19999999999999996,0.09827511147608989,0.14276519481883657,1.132910655315614
0.1,122,"demo_00 +7.5,-2.5 deg",offset,7.5,-2.5,True,1.27,0.18999999999999995,0.09710951777808385,0.13360690267007477,0.8072745192271977
0.1,123,"demo_00 +7.5,+0 deg",offset,7.5,0.0,True,1.27,0.17999999999999994,0.10470184498344308,0.13575223574097525,0.23908540180380008
0.1,124,"demo_00 +7.5,+2.5 deg",offset,7.5,2.5,True,1.26,0.16999999999999993,0.1195742590003074,0.14881862129282403,0.15303579429174494
0.1,125,"demo_00 +7.5,+5 deg",offset,7.5,5.0,True,1.25,0.1499999999999999,0.1395597217911687,0.17026039068832208,0.13296690130363764
0.1,126,"demo_00 +7.5,+7.5 deg",offset,7.5,7.5,True,1.25,0.1399999999999999,0.16289845069743375,0.19602482585194278,0.12509521543197508
0.1,127,"demo_00 +7.5,+10 deg",offset,7.5,10.0,True,1.24,0.11999999999999988,0.1884361413720199,0.22056655762790697,0.12186383407596572
0.1,128,"demo_00 +7.5,+12.5 deg",offset,7.5,12.5,True,1.24,0.11999999999999988,0.21546084457621595,0.24225957175303078,0.11905779843787868
0.1,129,"demo_00 +7.5,+15 deg",offset,7.5,15.0,True,1.23,0.09999999999999987,0.24353127639393166,0.2611479466079629,0.11972866739138711
0.1,130,"demo_00 +10,-15 deg",offset,10.0,-15.0,True,1.31,0.22999999999999998,0.181984038620791,0.26422380631318204,0.3455966978429092
0.1,131,"demo_00 +10,-12.5 deg",offset,10.0,-12.5,True,1.3,0.22999999999999998,0.16428810860841722,0.2376772168598415,0.39484166041358193
0.1,132,"demo_00 +10,-10 deg",offset,10.0,-10.0,True,1.29,0.21999999999999997,0.14955921235877206,0.21433009432475547,0.5068455947217181
0.1,133,"demo_00 +10,-7.5 deg",offset,10.0,-7.5,True,1.29,0.21999999999999997,0.13894132009792814,0.19547715378512023,0.8847531714332947
0.1,134,"demo_00 +10,-5 deg",offset,10.0,-5.0,True,1.28,0.20999999999999996,0.13361308777998895,0.18268279470021825,nan
0.1,135,"demo_00 +10,-2.5 deg",offset,10.0,-2.5,True,1.28,0.20999999999999996,0.13438783477847385,0.1774781935458504,0.4658036962606325
0.1,136,"demo_00 +10,+0 deg",offset,10.0,0.0,True,1.27,0.18999999999999995,0.14132741119569844,0.18067002965286505,0.22743916898350897
0.1,137,"demo_00 +10,+2.5 deg",offset,10.0,2.5,True,1.26,0.16999999999999993,0.15373755301633982,0.19188538900740237,0.15975170413432777
0.1,138,"demo_00 +10,+5 deg",offset,10.0,5.0,True,1.26,0.16999999999999993,0.17054323143134642,0.20977409703300626,0.1356886155149171
0.1,139,"demo_00 +10,+7.5 deg",offset,10.0,7.5,True,1.25,0.1499999999999999,0.19068007100693748,0.2317036378218493,0.12736022494977178
0.1,140,"demo_00 +10,+10 deg",offset,10.0,10.0,True,1.24,0.1299999999999999,0.21328307753300024,0.25301551972779407,0.1235666899914897
0.1,141,"demo_00 +10,+12.5 deg",offset,10.0,12.5,True,1.24,0.11999999999999988,0.23771111786760588,0.2718365753114699,0.12065707165652982
0.1,142,"demo_00 +10,+15 deg",offset,10.0,15.0,True,1.23,0.09999999999999987,0.26350569764956255,0.28815780757013315,0.12043552148557933
0.1,143,"demo_00 +12.5,-15 deg",offset,12.5,-15.0,True,1.31,0.25,0.20593656450195275,0.2898117400067463,0.4250684584166333
0.1,144,"demo_00 +12.5,-12.5 deg",offset,12.5,-12.5,True,1.3,0.25,0.19193984192696853,0.267494266718363,0.5295289527745048
0.1,145,"demo_00 +12.5,-10 deg",offset,12.5,-10.0,True,1.3,0.25,0.18089617356869747,0.24861093997701275,0.8188907860687907
0.1,146,"demo_00 +12.5,-7.5 deg",offset,12.5,-7.5,True,1.29,0.24,0.17352549755101745,0.2340896862417028,3.9860812703129174
0.1,147,"demo_00 +12.5,-5 deg",offset,12.5,-5.0,True,1.28,0.21999999999999997,0.17045505177123704,0.22495241163631716,0.9176934706522133
0.1,148,"demo_00 +12.5,-2.5 deg",offset,12.5,-2.5,True,1.28,0.21999999999999997,0.17205552942655677,0.22199593869895534,0.35912915857907024
0.1,149,"demo_00 +12.5,+0 deg",offset,12.5,0.0,True,1.27,0.19999999999999996,0.17832807578326032,0.22555869219789443,0.21841071433869572
0.1,150,"demo_00 +12.5,+2.5 deg",offset,12.5,2.5,True,1.26,0.17999999999999994,0.18891934310465397,0.2353589571131988,0.1634018362518061
0.1,151,"demo_00 +12.5,+5 deg",offset,12.5,5.0,True,1.26,0.16999999999999993,0.20325102481927515,0.2505686760337011,0.14014187612137716
0.1,152,"demo_00 +12.5,+7.5 deg",offset,12.5,7.5,True,1.25,0.1499999999999999,0.22067631545689262,0.269097257728165,0.1305162778359188
0.1,153,"demo_00 +12.5,+10 deg",offset,12.5,10.0,True,1.24,0.1299999999999999,0.24059109024532477,0.2869830783098106,0.12591502179390573
0.1,154,"demo_00 +12.5,+12.5 deg",offset,12.5,12.5,True,1.24,0.11999999999999988,0.26248432820421685,0.30270147299998906,0.12262069179365215
0.1,155,"demo_00 +12.5,+15 deg",offset,12.5,15.0,True,1.23,0.09999999999999987,0.28594632124989977,0.3161437926168937,0.12149750529498878
0.1,156,"demo_00 +15,-15 deg",offset,15.0,-15.0,True,1.31,0.27,0.23479710369347653,0.32058413166892347,0.5608674237648656
0.1,157,"demo_00 +15,-12.5 deg",offset,15.0,-12.5,True,1.31,0.28,0.22367567618871964,0.3018697686449972,0.8069806449571015
0.1,158,"demo_00 +15,-10 deg",offset,15.0,-10.0,True,1.3,0.27,0.2152389805924793,0.28652094592593874,2.108574635633407
0.1,159,"demo_00 +15,-7.5 deg",offset,15.0,-7.5,True,1.29,0.25,0.20993742802951146,0.27514567907614024,1.8462982788845463
0.1,160,"demo_00 +15,-5 deg",offset,15.0,-5.0,True,1.29,0.25,0.20813197896779342,0.2684350276667584,0.5494794720509814
0.1,161,"demo_00 +15,-2.5 deg",offset,15.0,-2.5,True,1.28,0.22999999999999998,0.21002631199703273,0.2667990519800872,0.30588746226857394
0.1,162,"demo_00 +15,+0 deg",offset,15.0,0.0,True,1.27,0.20999999999999996,0.2156266963765738,0.2703898292958394,0.21080336624940882
0.1,163,"demo_00 +15,+2.5 deg",offset,15.0,2.5,True,1.27,0.18999999999999995,0.22474903907564073,0.2789984743377786,0.16604673848756069
0.1,164,"demo_00 +15,+5 deg",offset,15.0,5.0,True,1.26,0.16999999999999993,0.23706846955508293,0.2920277984901642,0.14420538331542604
0.1,165,"demo_00 +15,+7.5 deg",offset,15.0,7.5,True,1.25,0.1499999999999999,0.25218698578331505,0.3073872046722825,0.13364196138323142
0.1,166,"demo_00 +15,+10 deg",offset,15.0,10.0,True,1.25,0.1399999999999999,0.26969370468534365,0.3217403843365312,0.12736259060017516
0.1,167,"demo_00 +15,+12.5 deg",offset,15.0,12.5,True,1.24,0.11999999999999988,0.2892048529638808,0.3341585337103591,0.1244901305408887
0.1,168,"demo_00 +15,+15 deg",offset,15.0,15.0,True,1.23,0.09999999999999987,0.31038333434613286,0.34459628258096014,0.12292236287919991
0.25,0,"demo_00 -15,-15 deg",offset,-15.0,-15.0,True,1.21,0.040000000000000036,0.34085643533426585,0.2881599925567515,0.4030122458353542
0.25,1,"demo_00 -15,-12.5 deg",offset,-15.0,-12.5,True,1.2,0.030000000000000027,0.313166469843476,0.2572516171053554,0.39324302143214585
0.25,2,"demo_00 -15,-10 deg",offset,-15.0,-10.0,True,1.19,0.030000000000000027,0.28692497618201207,0.2261042624679639,0.37637547553851447
0.25,3,"demo_00 -15,-7.5 deg",offset,-15.0,-7.5,True,1.18,0.020000000000000018,0.26269605049576605,0.19498118499833472,0.3576213177771847
0.25,4,"demo_00 -15,-5 deg",offset,-15.0,-5.0,True,1.16,0.0,0.24121135169147848,0.16446893660851905,0.33575981037027336
0.25,5,"demo_00 -15,-2.5 deg",offset,-15.0,-2.5,True,1.1500000000000001,0.0,0.22338109598038736,0.13537481263356718,0.3037112657357953
0.25,6,"demo_00 -15,+0 deg",offset,-15.0,0.0,True,1.1400000000000001,-0.010000000000000009,0.2102438334718031,0.10880330331706384,0.27376681887713916
0.25,7,"demo_00 -15,+2.5 deg",offset,-15.0,2.5,True,1.1400000000000001,-0.010000000000000009,0.20280692512144277,0.086044606949624,0.24833642185770494
0.25,8,"demo_00 -15,+5 deg",offset,-15.0,5.0,True,1.1300000000000001,-0.020000000000000018,0.20177897301453904,0.06718956020162342,0.22758992463952116
0.25,9,"demo_00 -15,+7.5 deg",offset,-15.0,7.5,True,1.1300000000000001,-0.020000000000000018,0.20731560322356593,0.05065876703319077,0.20874035749066652
0.25,10,"demo_00 -15,+10 deg",offset,-15.0,10.0,True,1.12,-0.030000000000000027,0.2189633463588731,0.07652966416435304,0.20259986105156985
0.25,11,"demo_00 -15,+12.5 deg",offset,-15.0,12.5,True,1.12,-0.039999999999999813,0.2358481077533202,0.10309498340598583,0.20278551793183153
0.25,12,"demo_00 -15,+15 deg",offset,-15.0,15.0,True,1.12,-0.039999999999999813,0.2569573051908321,0.12942865147930654,0.20347492993270805
0.25,13,"demo_00 -12.5,-15 deg",offset,-12.5,-15.0,True,1.21,0.050000000000000044,0.3132381017495799,0.2870312852423167,0.40800468171495724
0.25,14,"demo_00 -12.5,-12.5 deg",offset,-12.5,-12.5,True,1.2,0.040000000000000036,0.2842732595772379,0.25438102712948907,0.40025963037034024
0.25,15,"demo_00 -12.5,-10 deg",offset,-12.5,-10.0,True,1.18,0.020000000000000018,0.2566871215227945,0.22125532607867388,0.3916614440332081
0.25,16,"demo_00 -12.5,-7.5 deg",offset,-12.5,-7.5,True,1.17,0.019999999999999796,0.23112069900730708,0.18802146647936632,0.3708841928742725
0.25,17,"demo_00 -12.5,-5 deg",offset,-12.5,-5.0,True,1.16,0.009999999999999787,0.208461572906336,0.15527297771490275,0.3458927911901821
0.25,18,"demo_00 -12.5,-2.5 deg",offset,-12.5,-2.5,True,1.1500000000000001,0.0,0.18988988948199423,0.12397579922598029,0.31355985707005707
0.25,19,"demo_00 -12.5,+0 deg",offset,-12.5,0.0,True,1.1400000000000001,-0.010000000000000009,0.17682374018664,0.09558466714952277,0.27894781019897547
0.25,20,"demo_00 -12.5,+2.5 deg",offset,-12.5,2.5,True,1.1300000000000001,-0.020000000000000018,0.1706416044007752,0.07188043517760977,0.25310424844538404
0.25,21,"demo_00 -12.5,+5 deg",offset,-12.5,5.0,True,1.12,-0.030000000000000027,0.17217494856569424,0.05234227070042361,0.22873892405361027
0.25,22,"demo_00 -12.5,+7.5 deg",offset,-12.5,7.5,True,1.12,-0.030000000000000027,0.18129441208640465,0.05479814816790235,0.21155956354897804
0.25,23,"demo_00 -12.5,+10 deg",offset,-12.5,10.0,True,1.12,-0.030000000000000027,0.19699542259787742,0.08274177202685866,0.20709648043438472
0.25,24,"demo_00 -12.5,+12.5 deg",offset,-12.5,12.5,True,1.12,-0.030000000000000027,0.2178893093928775,0.11084734498642472,0.20716502425709973
0.25,25,"demo_00 -12.5,+15 deg",offset,-12.5,15.0,True,1.12,-0.039999999999999813,0.24265475718438492,0.13821361883094402,0.2102535858824566
0.25,26,"demo_00 -10,-15 deg",offset,-10.0,-15.0,True,1.21,0.050000000000000044,0.28712463591846,0.2859393606508288,0.4153523474462842
0.25,27,"demo_00 -10,-12.5 deg",offset,-10.0,-12.5,True,1.2,0.04999999999999982,0.25668634937832596,0.25138963047980073,0.4064688931144462
0.25,28,"demo_00 -10,-10 deg",offset,-10.0,-10.0,True,1.18,0.029999999999999805,0.2274568560438491,0.21612421473124602,0.40064687979911756
0.25,29,"demo_00 -10,-7.5 deg",offset,-10.0,-7.5,True,1.17,0.019999999999999796,0.2001354592193673,0.1805507506721066,0.385476517757251
0.25,30,"demo_00 -10,-5 deg",offset,-10.0,-5.0,True,1.16,0.019999999999999796,0.17578313985235464,0.14529098336177734,0.35833381463274755
0.25,31,"demo_00 -10,-2.5 deg",offset,-10.0,-2.5,True,1.1400000000000001,0.0,0.15596234072394033,0.11143104112251828,0.3257932825487791
0.25,32,"demo_00 -10,+0 deg",offset,-10.0,0.0,True,1.1300000000000001,-0.010000000000000009,0.14272814869589232,0.08087330551437374,0.28474288256234315
0.25,33,"demo_00 -10,+2.5 deg",offset,-10.0,2.5,True,1.1300000000000001,-0.010000000000000009,0.13812045926323802,0.05627210432937435,0.25591641038648527
0.25,34,"demo_00 -10,+5 deg",offset,-10.0,5.0,True,1.12,-0.020000000000000018,0.14307921019891467,0.03597194132034513,0.22634485969662502
0.25,35,"demo_00 -10,+7.5 deg",offset,-10.0,7.5,True,1.11,-0.030000000000000027,0.1567731934732804,0.06134880653826992,0.21468200508342447
0.25,36,"demo_00 -10,+10 deg",offset,-10.0,10.0,True,1.11,-0.040000000000000036,0.1772378425221361,0.0914265363355005,0.21518427252691777
0.25,37,"demo_00 -10,+12.5 deg",offset,-10.0,12.5,True,1.11,-0.040000000000000036,0.20245981201218788,0.1209148834105824,0.21647449491636964
0.25,38,"demo_00 -10,+15 deg",offset,-10.0,15.0,True,1.11,-0.040000000000000036,0.2309005456222208,0.14917789573137122,0.21781174276308218
0.25,39,"demo_00 -7.5,-15 deg",offset,-7.5,-15.0,True,1.21,0.05999999999999983,0.2632714540646245,0.28493475265665696,0.41831782270105455
0.25,40,"demo_00 -7.5,-12.5 deg",offset,-7.5,-12.5,True,1.2,0.04999999999999982,0.23121810416507738,0.24830772529184753,0.4149587205911862
0.25,41,"demo_00 -7.5,-10 deg",offset,-7.5,-10.0,True,1.18,0.039999999999999813,0.20006730430426103,0.2107323550563253,0.4088259371675901
0.25,42,"demo_00 -7.5,-7.5 deg",offset,-7.5,-7.5,True,1.17,0.029999999999999805,0.17051216139725167,0.17254354327630025,0.3975397796929231
0.25,43,"demo_00 -7.5,-5 deg",offset,-7.5,-5.0,True,1.1500000000000001,0.010000000000000009,0.1437463586325633,0.13445727130466897,0.37971230976161735
0.25,44,"demo_00 -7.5,-2.5 deg",offset,-7.5,-2.5,True,1.1400000000000001,0.0,0.12183399370559643,0.09758682873412959,0.34244591066690405
0.25,45,"demo_00 -7.5,+0 deg",offset,-7.5,0.0,True,1.1300000000000001,0.0,0.10797685853292747,0.06443137353865296,0.29006150863323577
0.25,46,"demo_00 -7.5,+2.5 deg",offset,-7.5,2.5,True,1.12,-0.010000000000000009,0.10557135791784578,0.03888838816371963,0.2654979406937702
0.25,47,"demo_00 -7.5,+5 deg",offset,-7.5,5.0,True,1.11,-0.030000000000000027,0.11546220302069539,0.03870894707670019,0.2285035715491687
0.25,48,"demo_00 -7.5,+7.5 deg",offset,-7.5,7.5,True,1.11,-0.030000000000000027,0.13505687517867276,0.07097920086938951,0.22222063931226277
0.25,49,"demo_00 -7.5,+10 deg",offset,-7.5,10.0,True,1.1,-0.040000000000000036,0.16089955621531024,0.10299490618922895,0.22442387475494854
0.25,50,"demo_00 -7.5,+12.5 deg",offset,-7.5,12.5,True,1.1,-0.040000000000000036,0.19049361999493128,0.1336019337626556,0.22585080588919826
0.25,51,"demo_00 -7.5,+15 deg",offset,-7.5,15.0,True,1.1,-0.050000000000000044,0.22236038452171003,0.16244666391368065,0.22842379328830403
0.25,52,"demo_00 -5,-15 deg",offset,-5.0,-15.0,True,1.21,0.06999999999999984,0.24267302230019522,0.2840388896762023,0.42205493659065735
0.25,53,"demo_00 -5,-12.5 deg",offset,-5.0,-12.5,True,1.2,0.05999999999999983,0.20901838282459284,0.2451809606833442,0.41928029756733887
0.25,54,"demo_00 -5,-10 deg",offset,-5.0,-10.0,True,1.18,0.039999999999999813,0.17581817565081528,0.2050860279148491,0.4189179814206426
0.25,55,"demo_00 -5,-7.5 deg",offset,-5.0,-7.5,True,1.17,0.039999999999999813,0.14362182449361316,0.16410574473214298,0.40864114783310457
0.25,56,"demo_00 -5,-5 deg",offset,-5.0,-5.0,True,1.1500000000000001,0.020000000000000018,0.11354658937060237,0.12278333608016631,0.3973632341617415
0.25,57,"demo_00 -5,-2.5 deg",offset,-5.0,-2.5,True,1.1400000000000001,0.010000000000000009,0.0880868502493778,0.08231969590891476,0.3628868179301221
0.25,58,"demo_00 -5,+0 deg",offset,-5.0,0.0,True,1.12,-0.010000000000000009,0.07259062351043971,0.04586190165146873,0.3030153888144578
0.25,59,"demo_00 -5,+2.5 deg",offset,-5.0,2.5,True,1.11,-0.020000000000000018,0.07388271860459328,0.019432441743150904,0.26227525491253534
0.25,60,"demo_00 -5,+5 deg",offset,-5.0,5.0,True,1.11,-0.020000000000000018,0.09140983654258647,0.049232469916653504,0.23297917414127228
0.25,61,"demo_00 -5,+7.5 deg",offset,-5.0,7.5,True,1.1,-0.030000000000000027,0.11824984840672578,0.08435659322264526,0.2338468859952927
0.25,62,"demo_00 -5,+10 deg",offset,-5.0,10.0,True,1.1,-0.040000000000000036,0.14952209012128378,0.11785825023632013,0.23682600925620162
0.25,63,"demo_00 -5,+12.5 deg",offset,-5.0,12.5,True,1.09,-0.050000000000000044,0.18299765034059995,0.1492127802163246,0.23834631209450527
0.25,64,"demo_00 -5,+15 deg",offset,-5.0,15.0,True,1.09,-0.06000000000000005,0.21767564145404888,0.17827917133354412,0.23961900877282988
0.25,65,"demo_00 -2.5,-15 deg",offset,-2.5,-15.0,True,1.21,0.06999999999999984,0.22656095918040456,0.28332831811151304,0.43458608791040004
0.25,66,"demo_00 -2.5,-12.5 deg",offset,-2.5,-12.5,True,1.2,0.06999999999999984,0.19162536240375347,0.24206736464912862,0.4282576396850939
0.25,67,"demo_00 -2.5,-10 deg",offset,-2.5,-10.0,True,1.18,0.04999999999999982,0.156655708156109,0.19928457174920672,0.4278027076954469
0.25,68,"demo_00 -2.5,-7.5 deg",offset,-2.5,-7.5,True,1.16,0.039999999999999813,0.1218970141317664,0.15519142816198603,0.4220321905174425
0.25,69,"demo_00 -2.5,-5 deg",offset,-2.5,-5.0,True,1.1500000000000001,0.030000000000000027,0.08793326496526216,0.11032796589911009,0.4135382075412369
0.25,70,"demo_00 -2.5,-2.5 deg",offset,-2.5,-2.5,True,1.1300000000000001,0.010000000000000009,0.056669314159837544,0.06566058769425452,0.39576491786479556
0.25,71,"demo_00 -2.5,+0 deg",offset,-2.5,0.0,True,1.12,0.0,0.036591104993857426,0.024645164238025187,0.3184161063605707
0.25,72,"demo_00 -2.5,+2.5 deg",offset,-2.5,2.5,True,1.11,-0.010000000000000009,0.04636864584654545,0.025788317068873495,0.25198308477393494
0.25,73,"demo_00 -2.5,+5 deg",offset,-2.5,5.0,True,1.1,-0.020000000000000018,0.0753213607775981,0.06495097216576672,0.2475884125560035
0.25,74,"demo_00 -2.5,+7.5 deg",offset,-2.5,7.5,True,1.09,-0.040000000000000036,0.10922803060690747,0.1020732126789625,0.2509137072549229
0.25,75,"demo_00 -2.5,+10 deg",offset,-2.5,10.0,True,1.09,-0.040000000000000036,0.14470161885669391,0.13638426123726105,0.24939686197408026
0.25,76,"demo_00 -2.5,+12.5 deg",offset,-2.5,12.5,True,1.09,-0.050000000000000044,0.18085164155792616,0.16791474124319225,0.24930149452487094
0.25,77,"demo_00 -2.5,+15 deg",offset,-2.5,15.0,True,1.09,-0.050000000000000044,0.21735348833915413,0.19670674408648942,0.24673007851321527
0.25,78,"demo_00 +0,-15 deg",offset,0.0,-15.0,True,1.22,0.08999999999999986,0.21628833815167983,0.2829266012208261,0.44688259155383386
0.25,79,"demo_00 +0,-12.5 deg",offset,0.0,-12.5,True,1.2,0.07999999999999985,0.18084221007794507,0.23915295472975154,0.44571732991798235
0.25,80,"demo_00 +0,-10 deg",offset,0.0,-10.0,True,1.18,0.05999999999999983,0.14511562760167482,0.19349466541656948,0.4476261714503098
0.25,81,"demo_00 +0,-7.5 deg",offset,0.0,-7.5,True,1.16,0.04999999999999982,0.10913862542304141,0.1461551451739425,0.4447738355858391
0.25,82,"demo_00 +0,-5 deg",offset,0.0,-5.0,True,1.1400000000000001,0.030000000000000027,0.07293986026306684,0.09758463688894069,0.4435286340202262
0.25,83,"demo_00 +0,-2.5 deg",offset,0.0,-2.5,True,1.1300000000000001,0.020000000000000018,0.03654657456384735,0.04845440330937932,0.4332674350390002
0.25,84,demo_00,demonstrated,0.0,0.0,True,1.11,0.0,1.5855542622282878e-05,2.2747454331109553e-05,nan
0.25,85,"demo_00 +0,+2.5 deg",offset,0.0,2.5,True,1.1,-0.010000000000000009,0.03672172403615989,0.04516838169524419,0.26910388450211187
0.25,86,"demo_00 +0,+5 deg",offset,0.0,5.0,True,1.09,-0.030000000000000027,0.0735493465847938,0.08671169572495423,0.267587733455048
0.25,87,"demo_00 +0,+7.5 deg",offset,0.0,7.5,True,1.09,-0.030000000000000027,0.11047664209990787,0.12450837913635278,0.2626538726792507
0.25,88,"demo_00 +0,+10 deg",offset,0.0,10.0,True,1.08,-0.050000000000000044,0.1474832633238767,0.15878153214623505,0.26190511119155285
0.25,89,"demo_00 +0,+12.5 deg",offset,0.0,12.5,True,1.08,-0.050000000000000044,0.18455009094897537,0.18978141602148774,0.25771076327040715
0.25,90,"demo_00 +0,+15 deg",offset,0.0,15.0,True,1.08,-0.06000000000000005,0.22165915546775405,0.21778622802748485,0.25576314575042464
0.25,91,"demo_00 +2.5,-15 deg",offset,2.5,-15.0,True,1.22,0.09999999999999987,0.21304255315574952,0.28320875876868795,0.4713899769426439
0.25,92,"demo_00 +2.5,-12.5 deg",offset,2.5,-12.5,True,1.2,0.08999999999999986,0.17827441891559573,0.2373307965181046,0.4747941569173039
0.25,93,"demo_00 +2.5,-10 deg",offset,2.5,-10.0,True,1.18,0.06999999999999984,0.14354197044893113,0.19043202470532103,0.4841502344382538
0.25,94,"demo_00 +2.5,-7.5 deg",offset,2.5,-7.5,True,1.16,0.05999999999999983,0.10918455941830259,0.1439420112804059,0.49423683118615025
0.25,95,"demo_00 +2.5,-5 deg",offset,2.5,-5.0,True,1.1400000000000001,0.040000000000000036,0.07609756482420585,0.09922458202021919,0.5244241031368732
0.25,96,"demo_00 +2.5,-2.5 deg",offset,2.5,-2.5,True,1.12,0.020000000000000018,0.04757241078167318,0.06054907332066292,0.6878921324739071
0.25,97,"demo_00 +2.5,+0 deg",offset,2.5,0.0,True,1.11,0.010000000000000009,0.03715691975689113,0.04643681959055336,0.41482984236328024
0.25,98,"demo_00 +2.5,+2.5 deg",offset,2.5,2.5,True,1.09,-0.020000000000000018,0.056379197484431244,0.0744388888252811,0.2936555754298941
0.25,99,"demo_00 +2.5,+5 deg",offset,2.5,5.0,True,1.08,-0.030000000000000027,0.0876672745922955,0.11479912269446915,0.27882361909843667
0.25,100,"demo_00 +2.5,+7.5 deg",offset,2.5,7.5,True,1.08,-0.040000000000000036,0.12216212994702853,0.15179932062544693,0.27306227117285814
0.25,101,"demo_00 +2.5,+10 deg",offset,2.5,10.0,True,1.07,-0.050000000000000044,0.1578256468304275,0.18502044680026455,0.268815757031882
0.25,102,"demo_00 +2.5,+12.5 deg",offset,2.5,12.5,True,1.07,-0.06000000000000005,0.19404200164754407,0.21476149597490352,0.2656489320915968
0.25,103,"demo_00 +2.5,+15 deg",offset,2.5,15.0,True,1.07,-0.07000000000000006,0.23056288575573486,0.2414399235563211,0.26281132300766175
0.25,104,"demo_00 +5,-15 deg",offset,5.0,-15.0,True,1.22,0.11999999999999988,0.21745836108351826,0.2862505406362784,0.5039959485541875
0.25,105,"demo_00 +5,-12.5 deg",offset,5.0,-12.5,True,1.2,0.09999999999999987,0.1846357705110364,0.24185120251749304,0.5212426405945152
0.25,106,"demo_00 +5,-10 deg",offset,5.0,-10.0,True,1.18,0.07999999999999985,0.15268370063921052,0.19865735912841,0.5483077740586118
0.25,107,"demo_00 +5,-7.5 deg",offset,5.0,-7.5,True,1.16,0.06999999999999984,0.12255785863438702,0.15800239975084487,0.5965321916543745
0.25,108,"demo_00 +5,-5 deg",offset,5.0,-5.0,True,1.1400000000000001,0.050000000000000044,0.09629564336352547,0.12257468245664863,0.763272210782293
0.25,109,"demo_00 +5,-2.5 deg",offset,5.0,-2.5,True,1.12,0.030000000000000027,0.07822882425133584,0.09836199499213732,nan
0.25,110,"demo_00 +5,+0 deg",offset,5.0,0.0,True,1.1,0.0,0.07485801654503692,0.0949898695328561,0.3999660901364046
0.25,111,"demo_00 +5,+2.5 deg",offset,5.0,2.5,True,1.09,-0.010000000000000009,0.08809211013990441,0.11518952813730571,0.30539933103617617
0.25,112,"demo_00 +5,+5 deg",offset,5.0,5.0,True,1.08,-0.030000000000000027,0.11232971353039256,0.14908803837091414,0.28922451987824843
0.25,113,"demo_00 +5,+7.5 deg",offset,5.0,7.5,True,1.07,-0.040000000000000036,0.1421245339725879,0.18367755952244635,0.2794223740326382
0.25,114,"demo_00 +5,+10 deg",offset,5.0,10.0,True,1.07,-0.050000000000000044,0.17470266036545773,0.21485399656797424,0.27320963351350613
0.25,115,"demo_00 +5,+12.5 deg",offset,5.0,12.5,True,1.06,-0.07000000000000006,0.20879159322178373,0.24265944124906547,0.2712361953884837
0.25,116,"demo_00 +5,+15 deg",offset,5.0,15.0,True,1.06,-0.07000000000000006,0.2437704824265343,0.26743615518601904,0.2659533126836757
0.25,117,"demo_00 +7.5,-15 deg",offset,7.5,-15.0,True,1.23,0.1399999999999999,0.2293820165672076,0.2967300272057591,0.5544187136431897
0.25,118,"demo_00 +7.5,-12.5 deg",offset,7.5,-12.5,True,1.21,0.11999999999999988,0.199398852760191,0.2562765493091021,0.5914597783934974
0.25,119,"demo_00 +7.5,-10 deg",offset,7.5,-10.0,True,1.18,0.09999999999999987,0.17120292284474395,0.21838829654815678,0.657833202747809
0.25,120,"demo_00 +7.5,-7.5 deg",offset,7.5,-7.5,True,1.16,0.07999999999999985,0.14606200221000004,0.18477915273677314,0.8230892366900565
0.25,121,"demo_00 +7.5,-5 deg",offset,7.5,-5.0,True,1.1300000000000001,0.050000000000000044,0.12605184480352824,0.15832701952651324,1.7697682244577595
0.25,122,"demo_00 +7.5,-2.5 deg",offset,7.5,-2.5,True,1.11,0.030000000000000027,0.11412981121912762,0.14342097941384874,1.1282486474070734
0.25,123,"demo_00 +7.5,+0 deg",offset,7.5,0.0,True,1.09,0.0,0.11307770730557538,0.14420042393802449,0.38598048272953345
0.25,124,"demo_00 +7.5,+2.5 deg",offset,7.5,2.5,True,1.08,-0.010000000000000009,0.1233194539395992,0.1607614772192987,0.3124564112319923
0.25,125,"demo_00 +7.5,+5 deg",offset,7.5,5.0,True,1.07,-0.030000000000000027,0.1425415322687229,0.18860696303907398,0.29541363157168454
0.25,126,"demo_00 +7.5,+7.5 deg",offset,7.5,7.5,True,1.06,-0.050000000000000044,0.16775177617456885,0.21949865088716355,0.2873968507537123
0.25,127,"demo_00 +7.5,+10 deg",offset,7.5,10.0,True,1.06,-0.06000000000000005,0.19670399458863339,0.24779138190685665,0.2799828930592667
0.25,128,"demo_00 +7.5,+12.5 deg",offset,7.5,12.5,True,1.06,-0.06000000000000005,0.2280024490876703,0.27303943392634067,0.2720302730847007
0.25,129,"demo_00 +7.5,+15 deg",offset,7.5,15.0,True,1.06,-0.07000000000000006,0.26081631526696875,0.2953900710531761,0.2680870644401393
0.25,130,"demo_00 +10,-15 deg",offset,10.0,-15.0,True,1.23,0.1499999999999999,0.24798492816293383,0.31507443404429414,0.6372048228338283
0.25,131,"demo_00 +10,-12.5 deg",offset,10.0,-12.5,True,1.21,0.1399999999999999,0.2211644441845798,0.27924886463528553,0.7089858256224588
0.25,132,"demo_00 +10,-10 deg",offset,10.0,-10.0,True,1.19,0.11999999999999988,0.19677343113556625,0.24693952050165746,0.8735540058818655
0.25,133,"demo_00 +10,-7.5 deg",offset,10.0,-7.5,True,1.16,0.08999999999999986,0.17601442163155556,0.2198601100272655,1.4569256098423642
0.25,134,"demo_00 +10,-5 deg",offset,10.0,-5.0,True,1.1300000000000001,0.06000000000000005,0.1604862386041922,0.20035393004283408,nan
0.25,135,"demo_00 +10,-2.5 deg",offset,10.0,-2.5,True,1.11,0.040000000000000036,0.15196891590377412,0.1910375257162598,0.6838495807533076
0.25,136,"demo_00 +10,+0 deg",offset,10.0,0.0,True,1.09,0.010000000000000009,0.15179057158574938,0.19376303286803254,0.3726705766446213
0.25,137,"demo_00 +10,+2.5 deg",offset,10.0,2.5,True,1.07,-0.020000000000000018,0.16009218349307575,0.20808732986957493,0.3176558660746973
0.25,138,"demo_00 +10,+5 deg",offset,10.0,5.0,True,1.06,-0.030000000000000027,0.17576005490650712,0.23152384492775066,0.2986673017974174
0.25,139,"demo_00 +10,+7.5 deg",offset,10.0,7.5,True,1.06,-0.040000000000000036,0.1971044599021397,0.25829436469548056,0.2883233272107192
0.25,140,"demo_00 +10,+10 deg",offset,10.0,10.0,True,1.05,-0.06000000000000005,0.22253762465498408,0.2831852157675594,0.28335979612610385
0.25,141,"demo_00 +10,+12.5 deg",offset,10.0,12.5,True,1.05,-0.07000000000000006,0.25084350596795296,0.3053579336187797,0.2773060520652178
0.25,142,"demo_00 +10,+15 deg",offset,10.0,15.0,True,1.05,-0.08000000000000007,0.28116883787322305,0.3249912508626011,0.2722710776438226
0.25,143,"demo_00 +12.5,-15 deg",offset,12.5,-15.0,True,1.24,0.17999999999999994,0.27211646499958225,0.34018124399625793,0.7575958175988723
0.25,144,"demo_00 +12.5,-12.5 deg",offset,12.5,-12.5,True,1.22,0.16999999999999993,0.24832989784220483,0.3089533026068189,0.9164021389023986
0.25,145,"demo_00 +12.5,-10 deg",offset,12.5,-10.0,True,1.19,0.1399999999999999,0.2272755307134556,0.2817893699232638,1.3801271933903503
0.25,146,"demo_00 +12.5,-7.5 deg",offset,12.5,-7.5,True,1.16,0.10999999999999988,0.20993563333907703,0.26014016492384234,6.438087338723068
0.25,147,"demo_00 +12.5,-5 deg",offset,12.5,-5.0,True,1.1300000000000001,0.07000000000000006,0.19743991340447362,0.2456254106812508,1.4134165666416014
0.25,148,"demo_00 +12.5,-2.5 deg",offset,12.5,-2.5,True,1.1,0.040000000000000036,0.19087586380469615,0.23981965430353233,0.5504073149173474
0.25,149,"demo_00 +12.5,+0 deg",offset,12.5,0.0,True,1.08,0.010000000000000009,0.1909705989164536,0.2434948832508254,0.3644882572617623
0.25,150,"demo_00 +12.5,+2.5 deg",offset,12.5,2.5,True,1.06,-0.020000000000000018,0.19780748591700947,0.2562240906143525,0.31770277057676877
0.25,151,"demo_00 +12.5,+5 deg",offset,12.5,5.0,True,1.05,-0.040000000000000036,0.2108033133381042,0.2763305586551031,0.30235294775437
0.25,152,"demo_00 +12.5,+7.5 deg",offset,12.5,7.5,True,1.05,-0.050000000000000044,0.22896462258267578,0.29908390867953794,0.2923905252780043
0.25,153,"demo_00 +12.5,+10 deg",offset,12.5,10.0,True,1.04,-0.07000000000000006,0.25121058005562996,0.3202176102240726,0.28770502219896343
0.25,154,"demo_00 +12.5,+12.5 deg",offset,12.5,12.5,True,1.04,-0.08000000000000007,0.2765813972993794,0.33895372569736215,0.2817962056266104
0.25,155,"demo_00 +12.5,+15 deg",offset,12.5,15.0,True,1.04,-0.09000000000000008,0.3043102109672418,0.35555178692698025,0.27659419165956733
0.25,156,"demo_00 +15,-15 deg",offset,15.0,-15.0,True,1.25,0.20999999999999996,0.300630380213711,0.37072152017486426,0.9690077803282958
0.25,157,"demo_00 +15,-12.5 deg",offset,15.0,-12.5,True,1.23,0.19999999999999996,0.2795174927997496,0.34372535941385296,1.3636757649883398
0.25,158,"demo_00 +15,-10 deg",offset,15.0,-10.0,True,1.2,0.16999999999999993,0.26118891978713193,0.32103096050773194,3.4641438477432054
0.25,159,"demo_00 +15,-7.5 deg",offset,15.0,-7.5,True,1.16,0.11999999999999988,0.2464017249034633,0.30360040632170077,2.9497965710086356
0.25,160,"demo_00 +15,-5 deg",offset,15.0,-5.0,True,1.12,0.08000000000000007,0.23594714615956985,0.2927053110871348,0.8655801157614241
0.25,161,"demo_00 +15,-2.5 deg",offset,15.0,-2.5,True,1.09,0.040000000000000036,0.2305266290272933,0.28915600942556174,0.48574932583904507
0.25,162,"demo_00 +15,+0 deg",offset,15.0,0.0,True,1.07,0.010000000000000009,0.2305912418204575,0.29330509223256884,0.3579459330582669
0.25,163,"demo_00 +15,+2.5 deg",offset,15.0,2.5,True,1.05,-0.030000000000000027,0.23621575698507705,0.30478030137218426,0.3199043160020839
0.25,164,"demo_00 +15,+5 deg",offset,15.0,5.0,True,1.05,-0.040000000000000036,0.2470837823607258,0.32210083579448234,0.3018452922504528
0.25,165,"demo_00 +15,+7.5 deg",offset,15.0,7.5,True,1.04,-0.06000000000000005,0.26259311362541493,0.3408684999228818,0.2951962102416467
0.25,166,"demo_00 +15,+10 deg",offset,15.0,10.0,True,1.04,-0.07000000000000006,0.28201396233527043,0.35804951899642945,0.28843716677221676
0.25,167,"demo_00 +15,+12.5 deg",offset,15.0,12.5,True,1.04,-0.08000000000000007,0.30462291703871214,0.3731953567886497,0.28293392021049907
0.25,168,"demo_00 +15,+15 deg",offset,15.0,15.0,True,1.04,-0.09000000000000008,0.3297794529527836,0.38650774653709147,0.278051778191103
0.5,0,"demo_00 -15,-15 deg",offset,-15.0,-15.0,True,1.17,0.0,0.4026983882299932,0.3740106717140341,0.5909035750293188
0.5,1,"demo_00 -15,-12.5 deg",offset,-15.0,-12.5,True,1.1400000000000001,-0.029999999999999805,0.36586218647330204,0.3324221432062243,0.5836185402150923
0.5,2,"demo_00 -15,-10 deg",offset,-15.0,-10.0,True,1.12,-0.039999999999999813,0.3316170755748182,0.2913540214344524,0.5603234493567225
0.5,3,"demo_00 -15,-7.5 deg",offset,-15.0,-7.5,True,1.09,-0.06999999999999984,0.3008489230826847,0.2512923288461727,0.5381906265268128
0.5,4,"demo_00 -15,-5 deg",offset,-15.0,-5.0,True,1.06,-0.09999999999999987,0.2746833166192067,0.21295142410912696,0.5054651195201192
0.5,5,"demo_00 -15,-2.5 deg",offset,-15.0,-2.5,True,1.03,-0.1200000000000001,0.25445410616884795,0.17726598996723344,0.4575985807097689
0.5,6,"demo_00 -15,+0 deg",offset,-15.0,0.0,True,1.01,-0.14000000000000012,0.24152709152024926,0.14564141658359722,0.402453208316942
0.5,7,"demo_00 -15,+2.5 deg",offset,-15.0,2.5,True,1.0,-0.15000000000000013,0.23693850317350745,0.11971126271148501,0.3490722089967768
0.5,8,"demo_00 -15,+5 deg",offset,-15.0,5.0,True,1.0,-0.15000000000000013,0.24098393761627618,0.0993463255061649,0.3007012932996592
0.5,9,"demo_00 -15,+7.5 deg",offset,-15.0,7.5,True,1.01,-0.14000000000000012,0.25306159550189095,0.0828163623074718,0.2647638350822861
0.5,10,"demo_00 -15,+10 deg",offset,-15.0,10.0,True,1.02,-0.13000000000000012,0.2719177788044341,0.07022803387215211,0.2517086148628715
0.5,11,"demo_00 -15,+12.5 deg",offset,-15.0,12.5,True,1.09,-0.06999999999999984,0.2960831996181019,0.09551574719381353,0.2439729967799399
0.5,12,"demo_00 -15,+15 deg",offset,-15.0,15.0,True,1.19,0.030000000000000027,0.3242074204392698,0.12148990504149307,0.23477827915734004
0.5,13,"demo_00 -12.5,-15 deg",offset,-12.5,-15.0,False,0.62,-0.5399999999999999,0.3753158516325015,0.36723199824595454,1.000229150556785
0.5,14,"demo_00 -12.5,-12.5 deg",offset,-12.5,-12.5,True,1.1400000000000001,-0.019999999999999796,0.33649107319358534,0.32374417127140614,0.5915201504664346
0.5,15,"demo_00 -12.5,-10 deg",offset,-12.5,-10.0,True,1.11,-0.04999999999999982,0.30012185251704865,0.2805435465071649,0.5808722576486358
0.5,16,"demo_00 -12.5,-7.5 deg",offset,-12.5,-7.5,True,1.08,-0.07000000000000006,0.2672156373950608,0.23824687942822434,0.5565347572080734
0.5,17,"demo_00 -12.5,-5 deg",offset,-12.5,-5.0,True,1.04,-0.1100000000000001,0.23915670655132382,0.19761266128289207,0.5290752338134551
0.5,18,"demo_00 -12.5,-2.5 deg",offset,-12.5,-2.5,True,1.01,-0.14000000000000012,0.21772362819494592,0.1597860971981158,0.48143552701124426
0.5,19,"demo_00 -12.5,+0 deg",offset,-12.5,0.0,True,0.99,-0.16000000000000014,0.20485321499145348,0.12641075457810638,0.41694095189964303
0.5,20,"demo_00 -12.5,+2.5 deg",offset,-12.5,2.5,True,0.98,-0.17000000000000015,0.20199810698144322,0.0998234571840014,0.35511229034239933
0.5,21,"demo_00 -12.5,+5 deg",offset,-12.5,5.0,True,0.98,-0.17000000000000015,0.2093588480994072,0.07897609972370603,0.2995052474780064
0.5,22,"demo_00 -12.5,+7.5 deg",offset,-12.5,7.5,True,0.99,-0.16000000000000014,0.22572631986528485,0.062387892652382905,0.2679437406739063
0.5,23,"demo_00 -12.5,+10 deg",offset,-12.5,10.0,True,1.01,-0.14000000000000012,0.24912770761941644,0.07669887887966458,0.25987162674173164
0.5,24,"demo_00 -12.5,+12.5 deg",offset,-12.5,12.5,True,1.06,-0.09000000000000008,0.2775991171679785,0.10420271606938497,0.2567214509936804
0.5,25,"demo_00 -12.5,+15 deg",offset,-12.5,15.0,True,1.17,0.010000000000000009,0.309569382809398,0.13156601193280854,0.2492051383399988
0.5,26,"demo_00 -10,-15 deg",offset,-10.0,-15.0,False,0.61,-0.5499999999999999,0.3495378762152454,0.36029236191223113,1.028590047255533
0.5,27,"demo_00 -10,-12.5 deg",offset,-10.0,-12.5,True,1.1400000000000001,-0.010000000000000009,0.3085350125580666,0.31466154817066155,0.596792476860306
0.5,28,"demo_00 -10,-10 deg",offset,-10.0,-10.0,True,1.11,-0.040000000000000036,0.2697051465781766,0.2692058175570386,0.5899237037260311
0.5,29,"demo_00 -10,-7.5 deg",offset,-10.0,-7.5,True,1.07,-0.08000000000000007,0.23413912237488096,0.22451597967615772,0.5792419799437794
0.5,30,"demo_00 -10,-5 deg",offset,-10.0,-5.0,True,1.02,-0.1200000000000001,0.2035008954444146,0.18135878324137916,0.5546673925185646
0.5,31,"demo_00 -10,-2.5 deg",offset,-10.0,-2.5,True,0.99,-0.15000000000000013,0.18019914287152555,0.14100714467725184,0.5047094862203794
0.5,32,"demo_00 -10,+0 deg",offset,-10.0,0.0,True,0.97,-0.17000000000000015,0.16714363097275012,0.10564703720700558,0.42974793856268145
0.5,33,"demo_00 -10,+2.5 deg",offset,-10.0,2.5,True,0.96,-0.18000000000000016,0.1665305350045081,0.078385866287402,0.35871517458090263
0.5,34,"demo_00 -10,+5 deg",offset,-10.0,5.0,True,0.96,-0.18000000000000016,0.1782430403867355,0.05712078977575776,0.29515616771630426
0.5,35,"demo_00 -10,+7.5 deg",offset,-10.0,7.5,True,0.97,-0.17000000000000015,0.19988820913692343,0.05687918503001102,0.2739693882258653
0.5,36,"demo_00 -10,+10 deg",offset,-10.0,10.0,True,0.99,-0.16000000000000014,0.228438069155441,0.08603501694465512,0.2761229873590549
0.5,37,"demo_00 -10,+12.5 deg",offset,-10.0,12.5,True,1.05,-0.10000000000000009,0.2614373863182834,0.11543723014605616,0.27440302208446793
0.5,38,"demo_00 -10,+15 deg",offset,-10.0,15.0,True,1.16,0.009999999999999787,0.2972241492887228,0.14387862826539216,0.26394216690829037
0.5,39,"demo_00 -7.5,-15 deg",offset,-7.5,-15.0,False,0.62,-0.5300000000000001,0.32616304067067975,0.353253335696617,1.0117444325894949
0.5,40,"demo_00 -7.5,-12.5 deg",offset,-7.5,-12.5,True,1.1400000000000001,-0.010000000000000009,0.2828907387679313,0.3053954474780834,0.6034732840602491
0.5,41,"demo_00 -7.5,-10 deg",offset,-7.5,-10.0,True,1.1,-0.040000000000000036,0.24132715134023663,0.2574618862360481,0.6001831210137444
0.5,42,"demo_00 -7.5,-7.5 deg",offset,-7.5,-7.5,True,1.05,-0.09000000000000008,0.2025399794042087,0.2100399314987699,0.5997039226755256
0.5,43,"demo_00 -7.5,-5 deg",offset,-7.5,-5.0,True,1.0,-0.14000000000000012,0.16839774452840797,0.1640564702726269,0.5857105955450402
0.5,44,"demo_00 -7.5,-2.5 deg",offset,-7.5,-2.5,True,0.96,-0.18000000000000016,0.14213647488328662,0.12084294638650273,0.5414256325508803
0.5,45,"demo_00 -7.5,+0 deg",offset,-7.5,0.0,True,0.9400000000000001,-0.19000000000000006,0.12844133927539836,0.08311721666710149,0.4496985370818385
0.5,46,"demo_00 -7.5,+2.5 deg",offset,-7.5,2.5,True,0.9400000000000001,-0.19000000000000006,0.13101945285910518,0.05519959333569126,0.36652961354417884
0.5,47,"demo_00 -7.5,+5 deg",offset,-7.5,5.0,True,0.9500000000000001,-0.19000000000000006,0.14873800515966282,0.03606328105987786,0.2955224528770586
0.5,48,"demo_00 -7.5,+7.5 deg",offset,-7.5,7.5,True,0.96,-0.18000000000000016,0.17684002775536684,0.06681066179513366,0.2915443240785846
0.5,49,"demo_00 -7.5,+10 deg",offset,-7.5,10.0,True,0.98,-0.16000000000000014,0.21097923853105346,0.09863631033805464,0.2977432505277914
0.5,50,"demo_00 -7.5,+12.5 deg",offset,-7.5,12.5,True,1.03,-0.1100000000000001,0.24846706105520452,0.12944529742461983,0.29707860918071266
0.5,51,"demo_00 -7.5,+15 deg",offset,-7.5,15.0,True,1.1400000000000001,-0.010000000000000009,0.2878085975713171,0.1586147374868183,0.2855200282279917
0.5,52,"demo_00 -5,-15 deg",offset,-5.0,-15.0,False,0.62,-0.5200000000000001,0.30617991417688073,0.346083488725111,1.010589347027593
0.5,53,"demo_00 -5,-12.5 deg",offset,-5.0,-12.5,True,1.1400000000000001,0.0,0.2607499181678103,0.2958260677045191,0.6019566679988521
0.5,54,"demo_00 -5,-10 deg",offset,-5.0,-10.0,True,1.09,-0.050000000000000044,0.21639708081699519,0.24519320387231763,0.6101220064806058
0.5,55,"demo_00 -5,-7.5 deg",offset,-5.0,-7.5,True,1.03,-0.10000000000000009,0.17396789839808208,0.19482682777904678,0.6137299081456647
0.5,56,"demo_00 -5,-5 deg",offset,-5.0,-5.0,True,0.97,-0.16000000000000014,0.13521650494723816,0.14565771624209722,0.6129630406574385
0.5,57,"demo_00 -5,-2.5 deg",offset,-5.0,-2.5,True,0.93,-0.20000000000000007,0.1041319834981614,0.0990955949728305,0.5778835029893722
0.5,58,"demo_00 -5,+0 deg",offset,-5.0,0.0,True,0.92,-0.21000000000000008,0.0888047800865052,0.058494146123865304,0.4742357012025516
0.5,59,"demo_00 -5,+2.5 deg",offset,-5.0,2.5,True,0.92,-0.21000000000000008,0.09663705201503589,0.030009622328440712,0.35347569467288414
0.5,60,"demo_00 -5,+5 deg",offset,-5.0,5.0,True,0.93,-0.20000000000000007,0.12294629649290617,0.04629346706011287,0.31332299671998365
0.5,61,"demo_00 -5,+7.5 deg",offset,-5.0,7.5,True,0.9400000000000001,-0.19000000000000006,0.15850397382388332,0.08118422088496356,0.3246792769850536
0.5,62,"demo_00 -5,+10 deg",offset,-5.0,10.0,True,0.97,-0.17000000000000015,0.198144374644502,0.11487708755855075,0.3311585743458399
0.5,63,"demo_00 -5,+12.5 deg",offset,-5.0,12.5,True,1.02,-0.1200000000000001,0.23963194394571236,0.14647783470340647,0.3253327504161556
0.5,64,"demo_00 -5,+15 deg",offset,-5.0,15.0,True,1.1300000000000001,-0.020000000000000018,0.28196088963503796,0.17588738333590084,0.3079981675973581
0.5,65,"demo_00 -2.5,-15 deg",offset,-2.5,-15.0,False,0.62,-0.5200000000000001,0.2907383918496029,0.33901362677602903,1.0273620072788887
0.5,66,"demo_00 -2.5,-12.5 deg",offset,-2.5,-12.5,False,0.67,-0.4600000000000001,0.24360098974150943,0.28607018549770546,0.9188051734190666
0.5,67,"demo_00 -2.5,-10 deg",offset,-2.5,-10.0,True,1.08,-0.050000000000000044,0.19687948311293296,0.23246125736531942,0.6142022975340902
0.5,68,"demo_00 -2.5,-7.5 deg",offset,-2.5,-7.5,True,1.01,-0.1100000000000001,0.15099063188816833,0.17884171498356524,0.6190011103369139
0.5,69,"demo_00 -2.5,-5 deg",offset,-2.5,-5.0,True,0.92,-0.20000000000000007,0.10693466020392439,0.1261170584497717,0.6344180135751892
0.5,70,"demo_00 -2.5,-2.5 deg",offset,-2.5,-2.5,True,0.89,-0.2300000000000001,0.06807348763841733,0.07573230684136617,0.610816820531311
0.5,71,"demo_00 -2.5,+0 deg",offset,-2.5,0.0,True,0.89,-0.2300000000000001,0.04836199408459538,0.031322032445052585,0.5165666778550541
0.5,72,"demo_00 -2.5,+2.5 deg",offset,-2.5,2.5,True,0.9,-0.22000000000000008,0.0669229307383833,0.024152783340936516,0.3499696469940971
0.5,73,"demo_00 -2.5,+5 deg",offset,-2.5,5.0,True,0.91,-0.21000000000000008,0.10474101529746183,0.06316254128294509,0.36601745556489884
0.5,74,"demo_00 -2.5,+7.5 deg",offset,-2.5,7.5,True,0.93,-0.20000000000000007,0.14738775319979608,0.10048890305199648,0.3733656432972446
0.5,75,"demo_00 -2.5,+10 deg",offset,-2.5,10.0,True,0.9500000000000001,-0.18000000000000005,0.19140959993792114,0.13495806264130122,0.36905296462499987
0.5,76,"demo_00 -2.5,+12.5 deg",offset,-2.5,12.5,True,1.02,-0.1200000000000001,0.2358196924677548,0.1666013933262225,0.3532922239151504
0.5,77,"demo_00 -2.5,+15 deg",offset,-2.5,15.0,True,1.12,-0.020000000000000018,0.2802439917739497,0.1956576252321834,0.3279055794601157
0.5,78,"demo_00 +0,-15 deg",offset,0.0,-15.0,False,0.63,-0.5000000000000001,0.2810381304995184,0.33202183215569514,1.032341314049109
0.5,79,"demo_00 +0,-12.5 deg",offset,0.0,-12.5,False,0.66,-0.4600000000000001,0.23308539669651118,0.2763357850318313,0.94965088154936
0.5,80,"demo_00 +0,-10 deg",offset,0.0,-10.0,True,1.07,-0.050000000000000044,0.1851635521552665,0.21945113609490713,0.628584983134602
0.5,81,"demo_00 +0,-7.5 deg",offset,0.0,-7.5,True,0.9500000000000001,-0.16000000000000003,0.13734507266709114,0.16212331475381425,0.6518444896089839
0.5,82,"demo_00 +0,-5 deg",offset,0.0,-5.0,True,0.85,-0.2600000000000001,0.08971665148357007,0.10539145971653738,0.6582529468548932
0.5,83,"demo_00 +0,-2.5 deg",offset,0.0,-2.5,True,0.85,-0.2600000000000001,0.04249893759787269,0.05101016908294113,0.587166653788084
0.5,84,demo_00,demonstrated,0.0,0.0,True,0.86,-0.2500000000000001,0.009020292829686135,0.0009571186887514111,nan
0.5,85,"demo_00 +0,+2.5 deg",offset,0.0,2.5,True,0.88,-0.2300000000000001,0.052976757585622355,0.0454605898463696,0.45309161078309423
0.5,86,"demo_00 +0,+5 deg",offset,0.0,5.0,True,0.89,-0.2300000000000001,0.09950839967424457,0.08707256338282247,0.4414188440628079
0.5,87,"demo_00 +0,+7.5 deg",offset,0.0,7.5,True,0.92,-0.20000000000000007,0.14587263125698322,0.1247524415021232,0.42010901104437415
0.5,88,"demo_00 +0,+10 deg",offset,0.0,10.0,True,0.9500000000000001,-0.18000000000000005,0.19194237760524144,0.15882940458746045,0.40365592732068206
0.5,89,"demo_00 +0,+12.5 deg",offset,0.0,12.5,True,1.02,-0.1100000000000001,0.23767822476178402,0.18981342801283102,0.37522281606396496
0.5,90,"demo_00 +0,+15 deg",offset,0.0,15.0,True,1.11,-0.030000000000000027,0.283059488815411,0.21794086182296413,0.3484020801950516
0.5,91,"demo_00 +2.5,-15 deg",offset,2.5,-15.0,False,0.63,-0.4900000000000001,0.27811633280893766,0.3257544963369127,1.0679472743728113
0.5,92,"demo_00 +2.5,-12.5 deg",offset,2.5,-12.5,False,0.66,-0.45000000000000007,0.23063168632894687,0.26749188254382594,0.9863360099634513
0.5,93,"demo_00 +2.5,-10 deg",offset,2.5,-10.0,False,0.7000000000000001,-0.41000000000000003,0.18339696675484904,0.20863358984088384,0.9011815254770547
0.5,94,"demo_00 +2.5,-7.5 deg",offset,2.5,-7.5,True,0.76,-0.3400000000000001,0.13671885298993655,0.15073055007530634,0.7952818368687318
0.5,95,"demo_00 +2.5,-5 deg",offset,2.5,-5.0,True,0.8,-0.30000000000000004,0.09138946747858222,0.09600014329301586,0.712042024905734
0.5,96,"demo_00 +2.5,-2.5 deg",offset,2.5,-2.5,True,0.8200000000000001,-0.28,0.050809321526896045,0.05082194799324236,0.6681630425364986
0.5,97,"demo_00 +2.5,+0 deg",offset,2.5,0.0,True,0.84,-0.2600000000000001,0.03647289435979092,0.036654185625291574,0.7229077359982963
0.5,98,"demo_00 +2.5,+2.5 deg",offset,2.5,2.5,True,0.86,-0.2500000000000001,0.0673300868654017,0.07683141779239319,0.5337069878625343
0.5,99,"demo_00 +2.5,+5 deg",offset,2.5,5.0,True,0.88,-0.2300000000000001,0.11006674273630807,0.11721565639360336,0.48875540344258084
0.5,100,"demo_00 +2.5,+7.5 deg",offset,2.5,7.5,True,0.9,-0.22000000000000008,0.1548852590353892,0.15362347777613836,0.4616251419608757
0.5,101,"demo_00 +2.5,+10 deg",offset,2.5,10.0,True,0.9400000000000001,-0.18000000000000005,0.20016537145422328,0.18637067317134529,0.4294000874778593
0.5,102,"demo_00 +2.5,+12.5 deg",offset,2.5,12.5,True,1.03,-0.10000000000000009,0.24545615326164172,0.21585795011959777,0.3921322941673195
0.5,103,"demo_00 +2.5,+15 deg",offset,2.5,15.0,True,1.11,-0.030000000000000027,0.2905816255609459,0.24253286102473576,0.3631933643502702
0.5,104,"demo_00 +5,-15 deg",offset,5.0,-15.0,False,0.64,-0.4600000000000001,0.28259015587513325,0.322676741145822,1.0994913847635215
0.5,105,"demo_00 +5,-12.5 deg",offset,5.0,-12.5,False,0.66,-0.44000000000000006,0.23696861550176007,0.26596495237026335,1.0495612956040015
0.5,106,"demo_00 +5,-10 deg",offset,5.0,-10.0,False,0.6900000000000001,-0.41000000000000003,0.19243371486158625,0.21106490416933502,0.9864232223848293
0.5,107,"demo_00 +5,-7.5 deg",offset,5.0,-7.5,True,0.73,-0.3600000000000001,0.15000613549572359,0.15975542503849027,0.9128761648377823
0.5,108,"demo_00 +5,-5 deg",offset,5.0,-5.0,True,0.77,-0.32000000000000006,0.11206346842081998,0.11560772090565431,0.8995695125307022
0.5,109,"demo_00 +5,-2.5 deg",offset,5.0,-2.5,True,0.8,-0.29000000000000004,0.08467651474576954,0.08568756044485137,nan
0.5,110,"demo_00 +5,+0 deg",offset,5.0,0.0,True,0.8200000000000001,-0.28,0.07931355840378207,0.0826708067455424,0.719549153224934
0.5,111,"demo_00 +5,+2.5 deg",offset,5.0,2.5,True,0.85,-0.2500000000000001,0.09929267296900189,0.11495785167252884,0.5635703187093191
0.5,112,"demo_00 +5,+5 deg",offset,5.0,5.0,True,0.87,-0.2400000000000001,0.13342982313076066,0.1525666354769601,0.5163181084919091
0.5,113,"demo_00 +5,+7.5 deg",offset,5.0,7.5,True,0.9,-0.21000000000000008,0.1733315262066411,0.18660732337931102,0.4777769617420507
0.5,114,"demo_00 +5,+10 deg",offset,5.0,10.0,True,0.9400000000000001,-0.18000000000000005,0.2156230251822027,0.21711465015419873,0.4469672328205873
0.5,115,"demo_00 +5,+12.5 deg",offset,5.0,12.5,True,1.04,-0.09000000000000008,0.2589606994558047,0.2445416659942072,0.40304586963964806
0.5,116,"demo_00 +5,+15 deg",offset,5.0,15.0,True,1.1,-0.030000000000000027,0.30273972738284677,0.2692231194938767,0.37341616017806967
0.5,117,"demo_00 +7.5,-15 deg",offset,7.5,-15.0,False,0.64,-0.45000000000000007,0.2944890707462312,0.3279933232594789,1.1852879622914303
0.5,118,"demo_00 +7.5,-12.5 deg",offset,7.5,-12.5,False,0.66,-0.43000000000000005,0.2518543366145781,0.2757512210286633,1.1550803050339646
0.5,119,"demo_00 +7.5,-10 deg",offset,7.5,-10.0,True,0.6900000000000001,-0.39,0.21138369062498583,0.22701010604512548,1.1194271021416804
0.5,120,"demo_00 +7.5,-7.5 deg",offset,7.5,-7.5,True,0.72,-0.3600000000000001,0.17463634014989546,0.18382291436409393,1.163485033744411
0.5,121,"demo_00 +7.5,-5 deg",offset,7.5,-5.0,True,0.75,-0.33000000000000007,0.14445892418876038,0.149723998313585,1.8948756370088653
0.5,122,"demo_00 +7.5,-2.5 deg",offset,7.5,-2.5,True,0.78,-0.30000000000000004,0.12557163990156742,0.13014350258309706,1.4925609518071152
0.5,123,"demo_00 +7.5,+0 deg",offset,7.5,0.0,True,0.81,-0.28,0.12310371905231936,0.132132989434006,0.6960256889595079
0.5,124,"demo_00 +7.5,+2.5 deg",offset,7.5,2.5,True,0.8300000000000001,-0.26,0.13773528019176645,0.15859658940176136,0.5802300332355665
0.5,125,"demo_00 +7.5,+5 deg",offset,7.5,5.0,True,0.86,-0.2400000000000001,0.16477529460258067,0.19227921076322144,0.5288538403986887
0.5,126,"demo_00 +7.5,+7.5 deg",offset,7.5,7.5,True,0.89,-0.22000000000000008,0.19904593223683273,0.22309093124161494,0.4934777243799523
0.5,127,"demo_00 +7.5,+10 deg",offset,7.5,10.0,True,0.9400000000000001,-0.18000000000000005,0.23726595195753933,0.2506962865913369,0.4578007964211564
0.5,128,"demo_00 +7.5,+12.5 deg",offset,7.5,12.5,True,1.05,-0.07000000000000006,0.27765610863222073,0.2754044041288823,0.40599486122665984
0.5,129,"demo_00 +7.5,+15 deg",offset,7.5,15.0,True,1.1,-0.030000000000000027,0.31925518021213384,0.29761984874557246,0.3813091616483315
0.5,130,"demo_00 +10,-15 deg",offset,10.0,-15.0,False,0.65,-0.43000000000000005,0.31328778538756324,0.342332152973752,1.301821323702586
0.5,131,"demo_00 +10,-12.5 deg",offset,10.0,-12.5,False,0.66,-0.41000000000000003,0.274258106614579,0.2955603778277437,1.3250426386020766
0.5,132,"demo_00 +10,-10 deg",offset,10.0,-10.0,True,0.6900000000000001,-0.38,0.2382956921027271,0.25335979106546214,1.4067934231116241
0.5,133,"demo_00 +10,-7.5 deg",offset,10.0,-7.5,True,0.72,-0.3500000000000001,0.2070500024289972,0.21779331297836327,1.8947681968146626
0.5,134,"demo_00 +10,-5 deg",offset,10.0,-5.0,True,0.75,-0.32000000000000006,0.18294337824933865,0.19173707790051672,nan
0.5,135,"demo_00 +10,-2.5 deg",offset,10.0,-2.5,True,0.77,-0.30000000000000004,0.16899043003759542,0.17902095458022554,0.9949680261152828
0.5,136,"demo_00 +10,+0 deg",offset,10.0,0.0,True,0.8,-0.28,0.1676295220044204,0.18373005771404424,0.6728941061249557
0.5,137,"demo_00 +10,+2.5 deg",offset,10.0,2.5,True,0.8300000000000001,-0.26,0.17900497042007185,0.20636486907317908,0.5819037415582818
0.5,138,"demo_00 +10,+5 deg",offset,10.0,5.0,True,0.85,-0.2400000000000001,0.20081331320208903,0.23545499171201362,0.5341890582459569
0.5,139,"demo_00 +10,+7.5 deg",offset,10.0,7.5,True,0.89,-0.21000000000000008,0.22995751141230902,0.2623301461177653,0.4956575053766981
0.5,140,"demo_00 +10,+10 deg",offset,10.0,10.0,True,0.96,-0.15000000000000013,0.26387796138281183,0.2864274429091793,0.45326817436509054
0.5,141,"demo_00 +10,+12.5 deg",offset,10.0,12.5,True,1.06,-0.06000000000000005,0.30083290230134885,0.3079805383250965,0.40900074097478456
0.5,142,"demo_00 +10,+15 deg",offset,10.0,15.0,True,1.1,-0.030000000000000027,0.33971301654539,0.3272904663039261,0.3869952321208124
0.5,143,"demo_00 +12.5,-15 deg",offset,12.5,-15.0,False,0.66,-0.4,0.33810894854213724,0.3645304325389951,1.4856385016815035
0.5,144,"demo_00 +12.5,-12.5 deg",offset,12.5,-12.5,False,0.67,-0.38,0.3028124118602122,0.32328353098395757,1.624290418588446
0.5,145,"demo_00 +12.5,-10 deg",offset,12.5,-10.0,True,0.6900000000000001,-0.36,0.27113264792499603,0.2873392296120909,2.0915245811210434
0.5,146,"demo_00 +12.5,-7.5 deg",offset,12.5,-7.5,True,0.71,-0.3400000000000001,0.2445211730888083,0.2582384902891606,8.022279766438297
0.5,147,"demo_00 +12.5,-5 deg",offset,12.5,-5.0,True,0.74,-0.32000000000000006,0.22478317492310693,0.23844172427739663,1.6950301456344392
0.5,148,"demo_00 +12.5,-2.5 deg",offset,12.5,-2.5,True,0.77,-0.29000000000000004,0.21378634922137407,0.23050448065960089,0.8280049316053789
0.5,149,"demo_00 +12.5,+0 deg",offset,12.5,0.0,True,0.79,-0.28,0.21281039170892466,0.23672761661530875,0.651147794932022
0.5,150,"demo_00 +12.5,+2.5 deg",offset,12.5,2.5,True,0.8200000000000001,-0.26,0.2218847873424167,0.2565436033726052,0.5780800443277595
0.5,151,"demo_00 +12.5,+5 deg",offset,12.5,5.0,True,0.85,-0.2400000000000001,0.239757163297701,0.2809003538951095,0.5347210530877459
0.5,152,"demo_00 +12.5,+7.5 deg",offset,12.5,7.5,True,0.89,-0.21000000000000008,0.26453383747109255,0.30334337511088416,0.4979308000878759
0.5,153,"demo_00 +12.5,+10 deg",offset,12.5,10.0,True,1.0,-0.1100000000000001,0.29436270013919935,0.3234927889051089,0.4424099239310881
0.5,154,"demo_00 +12.5,+12.5 deg",offset,12.5,12.5,True,1.06,-0.06000000000000005,0.32775869164572163,0.3414830352235694,0.41224526304921766
0.5,155,"demo_00 +12.5,+15 deg",offset,12.5,15.0,True,1.1,-0.030000000000000027,0.36363809158140115,0.3576528923265666,0.3905734141645416
0.5,156,"demo_00 +15,-15 deg",offset,15.0,-15.0,False,0.68,-0.36,0.36796146464164986,0.3932768618274036,1.7982347226610094
0.5,157,"demo_00 +15,-12.5 deg",offset,15.0,-12.5,False,0.68,-0.35,0.3361948732881265,0.3573357973543235,2.2945776402557816
0.5,158,"demo_00 +15,-10 deg",offset,15.0,-10.0,True,0.6900000000000001,-0.33999999999999997,0.3082637171014796,0.3268555581780372,5.025449354372673
0.5,159,"demo_00 +15,-7.5 deg",offset,15.0,-7.5,True,0.71,-0.33000000000000007,0.2853353594148369,0.30317745305541416,3.6188315521888743
0.5,160,"demo_00 +15,-5 deg",offset,15.0,-5.0,True,0.74,-0.30000000000000004,0.2686973618085395,0.28815020937166824,1.0964617665869938
0.5,161,"demo_00 +15,-2.5 deg",offset,15.0,-2.5,True,0.77,-0.28,0.25953368153611656,0.2835744754833963,0.7393326917236837
0.5,162,"demo_00 +15,+0 deg",offset,15.0,0.0,True,0.79,-0.27,0.2585847527617685,0.2906742326765151,0.6250407782826378
0.5,163,"demo_00 +15,+2.5 deg",offset,15.0,2.5,True,0.8200000000000001,-0.26,0.26586418460686306,0.3079932186243526,0.5707546037129594
0.5,164,"demo_00 +15,+5 deg",offset,15.0,5.0,True,0.85,-0.2400000000000001,0.2806470080232689,0.32740243257490464,0.5318654807839489
0.5,165,"demo_00 +15,+7.5 deg",offset,15.0,7.5,True,0.92,-0.18000000000000005,0.30174234044736875,0.3451364418585756,0.48492058591237963
0.5,166,"demo_00 +15,+10 deg",offset,15.0,10.0,True,1.02,-0.09000000000000008,0.32784348895626536,0.36099115780461755,0.43653201621873633
0.5,167,"demo_00 +15,+12.5 deg",offset,15.0,12.5,True,1.07,-0.050000000000000044,0.35776837797866123,0.37518298480037854,0.41075805403867177
0.5,168,"demo_00 +15,+15 deg",offset,15.0,15.0,True,1.1,-0.030000000000000027,0.39055444738174133,0.38815038112088707,0.3923812169370536
1.0,0,"demo_00 -15,-15 deg",offset,-15.0,-15.0,True,1.1,-0.06999999999999984,0.550859518718476,0.33559149233503244,0.7649708810221172
1.0,1,"demo_00 -15,-12.5 deg",offset,-15.0,-12.5,True,1.08,-0.08999999999999986,0.5349338776667015,0.31191773548284674,0.7896506723186267
1.0,2,"demo_00 -15,-10 deg",offset,-15.0,-10.0,True,1.07,-0.08999999999999986,0.5231321913454452,0.29101655792924763,0.8037334904888928
1.0,3,"demo_00 -15,-7.5 deg",offset,-15.0,-7.5,True,1.05,-0.10999999999999988,0.5155830121161658,0.27312824639536926,0.8332525018889113
1.0,4,"demo_00 -15,-5 deg",offset,-15.0,-5.0,True,1.04,-0.11999999999999988,0.5122964199348873,0.25844513306428457,0.8552092447439559
1.0,5,"demo_00 -15,-2.5 deg",offset,-15.0,-2.5,True,1.03,-0.1200000000000001,0.5131628667066317,0.24715406373320475,0.865867621412206
1.0,6,"demo_00 -15,+0 deg",offset,-15.0,0.0,True,1.03,-0.1200000000000001,0.5179655855672749,0.2393767723583675,0.8665879226792951
1.0,7,"demo_00 -15,+2.5 deg",offset,-15.0,2.5,True,1.03,-0.1200000000000001,0.526404156291272,0.2350947378995309,0.8554844389601194
1.0,8,"demo_00 -15,+5 deg",offset,-15.0,5.0,True,1.04,-0.1100000000000001,0.5381241249893183,0.23429933384664312,0.793313343962191
1.0,9,"demo_00 -15,+7.5 deg",offset,-15.0,7.5,True,1.04,-0.1100000000000001,0.5527468724864258,0.2369271988440034,0.7028829591901584
1.0,10,"demo_00 -15,+10 deg",offset,-15.0,10.0,True,1.06,-0.09000000000000008,0.5698951374598725,0.24286141834458594,0.6215042270464527
1.0,11,"demo_00 -15,+12.5 deg",offset,-15.0,12.5,True,1.08,-0.07999999999999985,0.5892117684050395,0.25192881812660384,0.5653665970319856
1.0,12,"demo_00 -15,+15 deg",offset,-15.0,15.0,True,1.1,-0.05999999999999983,0.6103713454479678,0.2638957000669694,0.5199556340692902
1.0,13,"demo_00 -12.5,-15 deg",offset,-12.5,-15.0,True,1.09,-0.06999999999999984,0.5136239022369781,0.31896089669332206,0.7686641532207475
1.0,14,"demo_00 -12.5,-12.5 deg",offset,-12.5,-12.5,True,1.07,-0.08999999999999986,0.4974865429284357,0.2941296473450954,0.7995924921368585
1.0,15,"demo_00 -12.5,-10 deg",offset,-12.5,-10.0,True,1.06,-0.09999999999999987,0.48594420877670874,0.2721998317222728,0.8293457644268648
1.0,16,"demo_00 -12.5,-7.5 deg",offset,-12.5,-7.5,True,1.04,-0.1100000000000001,0.4791717997653709,0.2534538060441738,0.8651737515089619
1.0,17,"demo_00 -12.5,-5 deg",offset,-12.5,-5.0,True,1.03,-0.1200000000000001,0.4771876665470787,0.23822487358235653,0.904423159571003
1.0,18,"demo_00 -12.5,-2.5 deg",offset,-12.5,-2.5,True,1.02,-0.13000000000000012,0.47984950070647475,0.22661822898416792,0.9427347137617239
1.0,19,"demo_00 -12.5,+0 deg",offset,-12.5,0.0,True,1.01,-0.14000000000000012,0.4868725015795085,0.2187301293177654,0.9709776096783145
1.0,20,"demo_00 -12.5,+2.5 deg",offset,-12.5,2.5,True,1.02,-0.13000000000000012,0.4978652822628641,0.21475453097625358,0.9607555486053112
1.0,21,"demo_00 -12.5,+5 deg",offset,-12.5,5.0,True,1.02,-0.13000000000000012,0.512374051241741,0.21451620343115932,0.873535410703382
1.0,22,"demo_00 -12.5,+7.5 deg",offset,-12.5,7.5,True,1.03,-0.1200000000000001,0.5299250468616836,0.21792333074203715,0.7467098714690606
1.0,23,"demo_00 -12.5,+10 deg",offset,-12.5,10.0,True,1.05,-0.10000000000000009,0.550058288996693,0.224825299019954,0.6487366592222312
1.0,24,"demo_00 -12.5,+12.5 deg",offset,-12.5,12.5,True,1.07,-0.08000000000000007,0.5723499946486714,0.2350089022164467,0.5796359747989052
1.0,25,"demo_00 -12.5,+15 deg",offset,-12.5,15.0,True,1.1,-0.05999999999999983,0.5964243886729412,0.24819805851868906,0.5312617512135639
1.0,26,"demo_00 -10,-15 deg",offset,-10.0,-15.0,True,1.08,-0.07999999999999985,0.4749056929881633,0.30176770208712406,0.7731765919877968
1.0,27,"demo_00 -10,-12.5 deg",offset,-10.0,-12.5,True,1.06,-0.09000000000000008,0.4584114493494976,0.27569798114023797,0.803598100401856
1.0,28,"demo_00 -10,-10 deg",offset,-10.0,-10.0,True,1.04,-0.1100000000000001,0.4470625636229116,0.2526715099820338,0.8507246047368517
1.0,29,"demo_00 -10,-7.5 deg",offset,-10.0,-7.5,True,1.03,-0.1200000000000001,0.4410965995309364,0.23309794946665213,0.9030679835216014
1.0,30,"demo_00 -10,-5 deg",offset,-10.0,-5.0,True,1.01,-0.13000000000000012,0.4405402890758563,0.21723860445583051,0.9698454225120392
1.0,31,"demo_00 -10,-2.5 deg",offset,-10.0,-2.5,True,1.0,-0.14000000000000012,0.4452012943981904,0.20528051537636838,1.045225468214846
1.0,32,"demo_00 -10,+0 deg",offset,-10.0,0.0,True,1.0,-0.14000000000000012,0.45469720829676674,0.19752391893838941,1.102119193669367
1.0,33,"demo_00 -10,+2.5 deg",offset,-10.0,2.5,True,1.0,-0.14000000000000012,0.46851248331424117,0.1938632716744172,1.122895960124593
1.0,34,"demo_00 -10,+5 deg",offset,-10.0,5.0,True,1.01,-0.13000000000000012,0.48606522116584844,0.19434523553360908,0.9521953152357686
1.0,35,"demo_00 -10,+7.5 deg",offset,-10.0,7.5,True,1.02,-0.1200000000000001,0.5067667102154942,0.19869494048677055,0.7839225510894501
1.0,36,"demo_00 -10,+10 deg",offset,-10.0,10.0,True,1.04,-0.1100000000000001,0.5300641097112511,0.20671743448745278,0.6726415027858332
1.0,37,"demo_00 -10,+12.5 deg",offset,-10.0,12.5,True,1.07,-0.08000000000000007,0.5554647510149948,0.2181502289637879,0.5908933703132865
1.0,38,"demo_00 -10,+15 deg",offset,-10.0,15.0,True,1.1,-0.050000000000000044,0.5825454923974297,0.23266722896932798,0.5355729802715042
1.0,39,"demo_00 -7.5,-15 deg",offset,-7.5,-15.0,True,1.08,-0.07000000000000006,0.43480564409378314,0.28407468218808696,0.7588161645075077
1.0,40,"demo_00 -7.5,-12.5 deg",offset,-7.5,-12.5,True,1.05,-0.10000000000000009,0.4177651825660183,0.2566696383004442,0.8064723394842888
1.0,41,"demo_00 -7.5,-10 deg",offset,-7.5,-10.0,True,1.03,-0.1100000000000001,0.4065232906541611,0.23246566635566515,0.856274056281967
1.0,42,"demo_00 -7.5,-7.5 deg",offset,-7.5,-7.5,True,1.01,-0.13000000000000012,0.40140499038778055,0.21198156709554652,0.9363933942167025
1.0,43,"demo_00 -7.5,-5 deg",offset,-7.5,-5.0,True,0.99,-0.15000000000000013,0.40244397199108695,0.19545014583612802,1.0514225450586252
1.0,44,"demo_00 -7.5,-2.5 deg",offset,-7.5,-2.5,True,0.98,-0.16000000000000014,0.4093688286455591,0.18327710409386586,1.197327894006628
1.0,45,"demo_00 -7.5,+0 deg",offset,-7.5,0.0,True,0.98,-0.15000000000000013,0.42165335004472976,0.1756042573014738,1.3330030662332462
1.0,46,"demo_00 -7.5,+2.5 deg",offset,-7.5,2.5,True,0.98,-0.15000000000000013,0.4386102700041443,0.1725098384692175,1.4041762319403563
1.0,47,"demo_00 -7.5,+5 deg",offset,-7.5,5.0,True,1.0,-0.14000000000000012,0.45949303217458304,0.17383377873011935,1.0455849392599832
1.0,48,"demo_00 -7.5,+7.5 deg",offset,-7.5,7.5,True,1.01,-0.13000000000000012,0.48357715499608767,0.17930677229077233,0.8190260781471763
1.0,49,"demo_00 -7.5,+10 deg",offset,-7.5,10.0,True,1.03,-0.1100000000000001,0.5102102220401972,0.18861415916151286,0.6821137318392727
1.0,50,"demo_00 -7.5,+12.5 deg",offset,-7.5,12.5,True,1.06,-0.08000000000000007,0.5388336013840018,0.2014334861627961,0.5953105752655401
1.0,51,"demo_00 -7.5,+15 deg",offset,-7.5,15.0,True,1.09,-0.06000000000000005,0.5689848283492942,0.21759229440625472,0.5439799268925009
1.0,52,"demo_00 -5,-15 deg",offset,-5.0,-15.0,True,1.07,-0.07000000000000006,0.39346093987024217,0.26593490363208017,0.7476324757258139
1.0,53,"demo_00 -5,-12.5 deg",offset,-5.0,-12.5,True,1.04,-0.10000000000000009,0.37562092645890477,0.2370731024828687,0.794646100595275
1.0,54,"demo_00 -5,-10 deg",offset,-5.0,-10.0,True,1.01,-0.13000000000000012,0.36436934520727543,0.21159197948367045,0.8644797021069686
1.0,55,"demo_00 -5,-7.5 deg",offset,-5.0,-7.5,True,0.99,-0.14000000000000012,0.3601584486446412,0.1900849334619006,0.9567012197044101
1.0,56,"demo_00 -5,-5 deg",offset,-5.0,-5.0,True,0.97,-0.16000000000000014,0.3630239975553269,0.17285661021645315,1.1249099427618565
1.0,57,"demo_00 -5,-2.5 deg",offset,-5.0,-2.5,True,0.96,-0.17000000000000015,0.3725648430852392,0.16044592995141344,1.4062043931659747
1.0,58,"demo_00 -5,+0 deg",offset,-5.0,0.0,True,0.96,-0.17000000000000015,0.3880370685201703,0.15304350717142798,1.8099668846554322
1.0,59,"demo_00 -5,+2.5 deg",offset,-5.0,2.5,True,0.97,-0.16000000000000014,0.40851386604679185,0.15067512285728832,1.7543361657660599
1.0,60,"demo_00 -5,+5 deg",offset,-5.0,5.0,True,0.98,-0.15000000000000013,0.4330401679952859,0.1530026638021635,1.1184064083094893
1.0,61,"demo_00 -5,+7.5 deg",offset,-5.0,7.5,True,1.0,-0.13000000000000012,0.46073796564900177,0.15973247909556887,0.8223964666311407
1.0,62,"demo_00 -5,+10 deg",offset,-5.0,10.0,True,1.02,-0.1200000000000001,0.4908564723288467,0.17055774935013301,0.6812113260857541
1.0,63,"demo_00 -5,+12.5 deg",offset,-5.0,12.5,True,1.06,-0.08000000000000007,0.5227824284553223,0.18509279966258793,0.5907397757362323
1.0,64,"demo_00 -5,+15 deg",offset,-5.0,15.0,True,1.09,-0.06000000000000005,0.5560288527518163,0.20288811584867308,0.5425971941300984
1.0,65,"demo_00 -2.5,-15 deg",offset,-2.5,-15.0,True,1.06,-0.08000000000000007,0.3510651540291776,0.24738098599459651,0.7462476809233158
1.0,66,"demo_00 -2.5,-12.5 deg",offset,-2.5,-12.5,True,1.02,-0.1100000000000001,0.3320756214280724,0.21690898807134384,0.7905777969996177
1.0,67,"demo_00 -2.5,-10 deg",offset,-2.5,-10.0,True,0.99,-0.14000000000000012,0.3206504762171855,0.19002636548756724,0.8582710949671808
1.0,68,"demo_00 -2.5,-7.5 deg",offset,-2.5,-7.5,True,0.96,-0.16000000000000014,0.3174372702744494,0.1673657624150057,0.966210383727044
1.0,69,"demo_00 -2.5,-5 deg",offset,-2.5,-5.0,True,0.93,-0.19000000000000006,0.32246085068962954,0.1494208438274363,1.1981935541957762
1.0,70,"demo_00 -2.5,-2.5 deg",offset,-2.5,-2.5,True,0.93,-0.19000000000000006,0.33509765823505594,0.1367942186395663,1.7231582718523686
1.0,71,"demo_00 -2.5,+0 deg",offset,-2.5,0.0,True,0.93,-0.19000000000000006,0.3542651284456659,0.12979198264670272,3.2704091821583363
1.0,72,"demo_00 -2.5,+2.5 deg",offset,-2.5,2.5,True,0.9500000000000001,-0.17000000000000004,0.378702576890076,0.12823552780205863,2.070839056367083
1.0,73,"demo_00 -2.5,+5 deg",offset,-2.5,5.0,True,0.97,-0.15000000000000013,0.40720040007675956,0.13168946142762392,1.0922092848282978
1.0,74,"demo_00 -2.5,+7.5 deg",offset,-2.5,7.5,True,0.99,-0.14000000000000012,0.438721087663172,0.13987268347337578,0.7884976631946293
1.0,75,"demo_00 -2.5,+10 deg",offset,-2.5,10.0,True,1.02,-0.1100000000000001,0.4724315140546625,0.1524051711711381,0.6479529907417092
1.0,76,"demo_00 -2.5,+12.5 deg",offset,-2.5,12.5,True,1.05,-0.09000000000000008,0.5076872343844321,0.16882555114482806,0.5789018128058809
1.0,77,"demo_00 -2.5,+15 deg",offset,-2.5,15.0,True,1.09,-0.050000000000000044,0.5439995233632275,0.18861029794116366,0.5300586708875599
1.0,78,"demo_00 +0,-15 deg",offset,0.0,-15.0,True,1.04,-0.09000000000000008,0.30790619705819655,0.22841842334259688,0.7491839582095361
1.0,79,"demo_00 +0,-12.5 deg",offset,0.0,-12.5,True,1.0,-0.1200000000000001,0.28726458168182994,0.1961362878173065,0.7914147519988766
1.0,80,"demo_00 +0,-10 deg",offset,0.0,-10.0,True,0.96,-0.16000000000000014,0.27542311229859295,0.16769287511884098,0.8653272118865857
1.0,81,"demo_00 +0,-7.5 deg",offset,0.0,-7.5,True,0.91,-0.20000000000000007,0.27335080578649606,0.14375337828002974,0.9963284131665238
1.0,82,"demo_00 +0,-5 deg",offset,0.0,-5.0,False,0.62,-0.4900000000000001,0.2810284393996543,0.12506024243797362,1.6500421101438802
1.0,83,"demo_00 +0,-2.5 deg",offset,0.0,-2.5,False,0.55,-0.56,0.2974304901420713,0.11225345379245791,3.010952990771603
1.0,84,demo_00,demonstrated,0.0,0.0,True,0.91,-0.20000000000000007,0.3209348619808022,0.1057852287120241,nan
1.0,85,"demo_00 +0,+2.5 deg",offset,0.0,2.5,True,0.93,-0.18000000000000005,0.34982522927553383,0.10518198630748124,1.7419675900566156
1.0,86,"demo_00 +0,+5 deg",offset,0.0,5.0,True,0.9500000000000001,-0.17000000000000004,0.3826058130323437,0.11000414993434501,0.9380678083558922
1.0,87,"demo_00 +0,+7.5 deg",offset,0.0,7.5,True,0.98,-0.14000000000000012,0.41810135575478474,0.11988112449977903,0.7005183416657529
1.0,88,"demo_00 +0,+10 deg",offset,0.0,10.0,True,1.01,-0.1200000000000001,0.45543602813094175,0.13434260367087794,0.6049450146361612
1.0,89,"demo_00 +0,+12.5 deg",offset,0.0,12.5,True,1.05,-0.08000000000000007,0.49397252237010486,0.1528382603129744,0.5477828553148764
1.0,90,"demo_00 +0,+15 deg",offset,0.0,15.0,True,1.1,-0.040000000000000036,0.5332507344444871,0.17475964365540914,0.5121829768675917
1.0,91,"demo_00 +2.5,-15 deg",offset,2.5,-15.0,True,1.03,-0.09000000000000008,0.26444313972780215,0.20901516079631988,0.7507184660700652
1.0,92,"demo_00 +2.5,-12.5 deg",offset,2.5,-12.5,True,0.97,-0.14000000000000012,0.24139419989950076,0.17465163786342036,0.8048236689367492
1.0,93,"demo_00 +2.5,-10 deg",offset,2.5,-10.0,True,0.87,-0.2400000000000001,0.22875043639559628,0.14446175898587788,0.9279598701893004
1.0,94,"demo_00 +2.5,-7.5 deg",offset,2.5,-7.5,True,0.67,-0.43000000000000005,0.22806104594209248,0.11920472461527433,1.245182576112172
1.0,95,"demo_00 +2.5,-5 deg",offset,2.5,-5.0,True,0.59,-0.5100000000000001,0.23917427035851505,0.09963088741761328,1.7676762781759496
1.0,96,"demo_00 +2.5,-2.5 deg",offset,2.5,-2.5,False,0.51,-0.5900000000000001,0.2602899567219574,0.08666979710211378,4.417805898128357
1.0,97,"demo_00 +2.5,+0 deg",offset,2.5,0.0,True,0.88,-0.22000000000000008,0.28891653926022837,0.08093266703958936,3.2858965843380776
1.0,98,"demo_00 +2.5,+2.5 deg",offset,2.5,2.5,True,0.91,-0.20000000000000007,0.32275713294962527,0.08158053002684182,1.0493463512397176
1.0,99,"demo_00 +2.5,+5 deg",offset,2.5,5.0,True,0.9400000000000001,-0.17000000000000004,0.360052471905102,0.08808169662940346,0.7055991484208893
1.0,100,"demo_00 +2.5,+7.5 deg",offset,2.5,7.5,True,0.97,-0.15000000000000013,0.39956255825821985,0.099945681484786,0.59752253888383
1.0,101,"demo_00 +2.5,+10 deg",offset,2.5,10.0,True,1.01,-0.1100000000000001,0.44043918119987074,0.11659119414144392,0.5427834990643018
1.0,102,"demo_00 +2.5,+12.5 deg",offset,2.5,12.5,True,1.05,-0.08000000000000007,0.4821043046028972,0.13736817780802046,0.5155387478639959
1.0,103,"demo_00 +2.5,+15 deg",offset,2.5,15.0,True,1.1,-0.040000000000000036,0.5241609767871319,0.1615783456674761,0.49385756916491175
1.0,104,"demo_00 +5,-15 deg",offset,5.0,-15.0,True,1.01,-0.09000000000000008,0.22147269874080733,0.18906997703631404,0.7583784552000584
1.0,105,"demo_00 +5,-12.5 deg",offset,5.0,-12.5,True,0.91,-0.19000000000000006,0.19482421704377784,0.15246283789076157,0.8478145516835764
1.0,106,"demo_00 +5,-10 deg",offset,5.0,-10.0,True,0.74,-0.3600000000000001,0.18070321047656548,0.12035850811243476,1.0426540381772311
1.0,107,"demo_00 +5,-7.5 deg",offset,5.0,-7.5,True,0.65,-0.44000000000000006,0.18184457228716008,0.09362901766053838,1.2797208328555327
1.0,108,"demo_00 +5,-5 deg",offset,5.0,-5.0,True,0.56,-0.53,0.19770180274434931,0.07305666721234864,2.0262587160128547
1.0,109,"demo_00 +5,-2.5 deg",offset,5.0,-2.5,False,0.45,-0.6400000000000001,0.22486632087808847,0.05993693248744222,nan
1.0,110,"demo_00 +5,+0 deg",offset,5.0,0.0,True,0.85,-0.2500000000000001,0.25948523275890284,0.05522157868445568,1.2107711283534814
1.0,111,"demo_00 +5,+2.5 deg",offset,5.0,2.5,True,0.89,-0.21000000000000008,0.29865791291485955,0.05752870080104371,0.6574366487744486
1.0,112,"demo_00 +5,+5 deg",offset,5.0,5.0,True,0.92,-0.19000000000000006,0.3405123220847201,0.06610312292416984,0.5448396049406521
1.0,113,"demo_00 +5,+7.5 deg",offset,5.0,7.5,True,0.96,-0.15000000000000013,0.38388877143932604,0.0803032567298568,0.5053642262371588
1.0,114,"demo_00 +5,+10 deg",offset,5.0,10.0,True,1.01,-0.1100000000000001,0.42806387280545605,0.09941864330057895,0.4894345283424385
1.0,115,"demo_00 +5,+12.5 deg",offset,5.0,12.5,True,1.06,-0.07000000000000006,0.4725756780847131,0.12269317644111334,0.4798511880196605
1.0,116,"demo_00 +5,+15 deg",offset,5.0,15.0,True,1.1,-0.030000000000000027,0.5171213949157206,0.14934298395354867,0.4702916977807312
1.0,117,"demo_00 +7.5,-15 deg",offset,7.5,-15.0,True,0.97,-0.1200000000000001,0.18051308606920988,0.16860716157997313,0.7938669031363244
1.0,118,"demo_00 +7.5,-12.5 deg",offset,7.5,-12.5,True,0.81,-0.28,0.14830993898814954,0.12934378803455712,0.9347195706580145
1.0,119,"demo_00 +7.5,-10 deg",offset,7.5,-10.0,True,0.73,-0.3500000000000001,0.1313636417113135,0.09537739971688049,1.0577265338372632
1.0,120,"demo_00 +7.5,-7.5 deg",offset,7.5,-7.5,True,0.64,-0.44000000000000006,0.13528786610057783,0.06727908894493989,1.3522427909422579
1.0,121,"demo_00 +7.5,-5 deg",offset,7.5,-5.0,True,0.51,-0.5700000000000001,0.1582187628560763,0.04550684133020465,2.971827186469442
1.0,122,"demo_00 +7.5,-2.5 deg",offset,7.5,-2.5,True,0.22,-0.8600000000000001,0.19316357883167984,0.03198206228365514,2.3608244103825324
1.0,123,"demo_00 +7.5,+0 deg",offset,7.5,0.0,False,0.17,-0.92,0.2344698446696613,0.02867623359309828,0.8633784001971652
1.0,124,"demo_00 +7.5,+2.5 deg",offset,7.5,2.5,False,0.12,-0.9700000000000001,0.2789955536696604,0.03318760487065238,0.692477204145305
1.0,125,"demo_00 +7.5,+5 deg",offset,7.5,5.0,True,0.91,-0.19000000000000006,0.32510871503967453,0.06327437632952627,0.4375888857674077
1.0,126,"demo_00 +7.5,+7.5 deg",offset,7.5,7.5,True,0.9500000000000001,-0.16000000000000003,0.37192998649628867,0.08234127064200739,0.446582963366672
1.0,127,"demo_00 +7.5,+10 deg",offset,7.5,10.0,True,1.01,-0.1100000000000001,0.41895636682914045,0.10139033253593971,0.45017484112202355
1.0,128,"demo_00 +7.5,+12.5 deg",offset,7.5,12.5,True,1.06,-0.06000000000000005,0.46588353798146326,0.12019516353096307,0.44986272455083776
1.0,129,"demo_00 +7.5,+15 deg",offset,7.5,15.0,True,1.11,-0.020000000000000018,0.5125189601860308,0.1385757791563917,0.44938513943722647
1.0,130,"demo_00 +10,-15 deg",offset,10.0,-15.0,True,0.9,-0.18000000000000005,0.14469538628763662,0.14725411496701168,0.8649417930336347
1.0,131,"demo_00 +10,-12.5 deg",offset,10.0,-12.5,True,0.8,-0.27,0.10388183627283624,0.10528842653566226,0.9636745583207503
1.0,132,"demo_00 +10,-10 deg",offset,10.0,-10.0,True,0.72,-0.3500000000000001,0.0808462914137394,0.07007011602286468,1.1166025415727616
1.0,133,"demo_00 +10,-7.5 deg",offset,10.0,-7.5,True,0.61,-0.4600000000000001,0.09009218332955753,0.04124901294827979,1.583569864597958
1.0,134,"demo_00 +10,-5 deg",offset,10.0,-5.0,True,0.26,-0.81,0.12426050248812136,0.017971966415956202,nan
1.0,135,"demo_00 +10,-2.5 deg",offset,10.0,-2.5,True,0.22,-0.8500000000000001,0.16846997160489624,0.004964898455859206,0.4187174418881413
1.0,136,"demo_00 +10,+0 deg",offset,10.0,0.0,False,0.19,-0.8900000000000001,0.21629957847853257,0.017722329995943045,0.31200913807800135
1.0,137,"demo_00 +10,+2.5 deg",offset,10.0,2.5,False,0.11,-0.9800000000000001,0.26546429012444245,0.009117264565010191,0.3651040875075508
1.0,138,"demo_00 +10,+5 deg",offset,10.0,5.0,False,0.08,-1.01,0.3150259062090183,0.023109560046303962,0.4557185513849398
1.0,139,"demo_00 +10,+7.5 deg",offset,10.0,7.5,True,0.9500000000000001,-0.15000000000000002,0.3645326748234045,0.09430082032781294,0.40460595800480914
1.0,140,"demo_00 +10,+10 deg",offset,10.0,10.0,True,1.01,-0.10000000000000009,0.4137384250933871,0.11371766597817333,0.42065111117805387
1.0,141,"demo_00 +10,+12.5 deg",offset,10.0,12.5,True,1.07,-0.050000000000000044,0.46249674884666914,0.13281207384250285,0.42862590157509395
1.0,142,"demo_00 +10,+15 deg",offset,10.0,15.0,True,1.11,-0.020000000000000018,0.5107154777720593,0.15127491431882684,0.43619826852799265
1.0,143,"demo_00 +12.5,-15 deg",offset,12.5,-15.0,True,0.86,-0.20000000000000007,0.12036332348071341,0.12472894539032933,0.9370750612573526
1.0,144,"demo_00 +12.5,-12.5 deg",offset,12.5,-12.5,True,0.79,-0.26,0.06873772164235649,0.08074865873318808,1.0437703344171292
1.0,145,"demo_00 +12.5,-10 deg",offset,12.5,-10.0,True,0.72,-0.33000000000000007,0.029548808801497736,0.04640298994468371,1.2948973218877022
1.0,146,"demo_00 +12.5,-7.5 deg",offset,12.5,-7.5,False,0.31,-0.74,0.05372831249455076,0.01889326329814421,2.2640381042557083
1.0,147,"demo_00 +12.5,-5 deg",offset,12.5,-5.0,True,0.29,-0.77,0.10335702849783572,0.022610925651833952,0.213784890814292
1.0,148,"demo_00 +12.5,-2.5 deg",offset,12.5,-2.5,True,0.58,-0.4800000000000001,0.15538286438108298,0.02925253901071521,0.3943862536243339
1.0,149,"demo_00 +12.5,+0 deg",offset,12.5,0.0,True,0.77,-0.30000000000000004,0.20766146012796596,0.04667278203769725,0.3536948740070156
1.0,150,"demo_00 +12.5,+2.5 deg",offset,12.5,2.5,True,0.84,-0.2400000000000001,0.25970988519240085,0.06717190858073421,0.33971710742067013
1.0,151,"demo_00 +12.5,+5 deg",offset,12.5,5.0,False,0.06,-1.03,0.3113362019187821,0.009010115934475009,0.36017624226486195
1.0,152,"demo_00 +12.5,+7.5 deg",offset,12.5,7.5,False,0.05,-1.05,0.3624367951708784,0.02669835733256439,0.4651351958518261
1.0,153,"demo_00 +12.5,+10 deg",offset,12.5,10.0,True,1.02,-0.09000000000000008,0.41294598242985014,0.12702478808249573,0.40241931191323477
1.0,154,"demo_00 +12.5,+12.5 deg",offset,12.5,12.5,True,1.08,-0.040000000000000036,0.46281895670169604,0.1460382119904749,0.41397276340925193
1.0,155,"demo_00 +12.5,+15 deg",offset,12.5,15.0,True,1.12,-0.010000000000000009,0.5120244721739096,0.16438133588431972,0.42401987373168304
1.0,156,"demo_00 +15,-15 deg",offset,15.0,-15.0,True,0.85,-0.19000000000000006,0.1165973882574097,0.1165973882574097,1.061436800210059
1.0,157,"demo_00 +15,-12.5 deg",offset,15.0,-12.5,True,0.79,-0.24,0.06444927069312571,0.06444927069312571,1.28990507047746
1.0,158,"demo_00 +15,-10 deg",offset,15.0,-10.0,True,0.71,-0.32000000000000006,0.024967569997992486,0.036826036901315876,2.4217657659833045
1.0,159,"demo_00 +15,-7.5 deg",offset,15.0,-7.5,True,0.33,-0.71,0.05446600743516726,0.04485636865890498,0.9124959753341719
1.0,160,"demo_00 +15,-5 deg",offset,15.0,-5.0,True,0.37,-0.67,0.1053986257311526,0.05927709624090506,0.5865381313635727
1.0,161,"demo_00 +15,-2.5 deg",offset,15.0,-2.5,True,0.62,-0.43000000000000005,0.1579308399671708,0.06145317645847196,0.46259510031660117
1.0,162,"demo_00 +15,+0 deg",offset,15.0,0.0,True,0.75,-0.31000000000000005,0.2105428049414207,0.06534687573807918,0.3915135205104963
1.0,163,"demo_00 +15,+2.5 deg",offset,15.0,2.5,True,0.8300000000000001,-0.25,0.2628761384290813,0.082542059558779,0.35617237131206514
1.0,164,"demo_00 +15,+5 deg",offset,15.0,5.0,True,0.89,-0.20000000000000007,0.314778242150445,0.10193112974761431,0.3559401399241419
1.0,165,"demo_00 +15,+7.5 deg",offset,15.0,7.5,False,0.03,-1.07,0.3661612022480478,0.012392879254934562,0.5179574695451381
1.0,166,"demo_00 +15,+10 deg",offset,15.0,10.0,True,1.04,-0.07000000000000006,0.4169664045324318,0.14068015199519196,0.38936991108154856
1.0,167,"demo_00 +15,+12.5 deg",offset,15.0,12.5,True,1.09,-0.030000000000000027,0.46715235258606025,0.15943786260498574,0.4043364572592698
1.0,168,"demo_00 +15,+15 deg",offset,15.0,15.0,True,1.12,-0.010000000000000009,0.5166892441718377,0.17741997145349087,0.41778431866134935
1.5,0,"demo_00 -15,-15 deg",offset,-15.0,-15.0,True,1.04,-0.1299999999999999,0.8482874748621099,0.3889309347948906,0.8803310430817
1.5,1,"demo_00 -15,-12.5 deg",offset,-15.0,-12.5,True,1.05,-0.11999999999999988,0.8523292443339778,0.40085722323194783,0.9537741216090271
1.5,2,"demo_00 -15,-10 deg",offset,-15.0,-10.0,True,1.05,-0.10999999999999988,0.8575574610989252,0.4151541081609559,1.0450106253237932
1.5,3,"demo_00 -15,-7.5 deg",offset,-15.0,-7.5,True,1.06,-0.09999999999999987,0.8637701623506934,0.43145623327730626,1.1523614152899528
1.5,4,"demo_00 -15,-5 deg",offset,-15.0,-5.0,True,1.07,-0.08999999999999986,0.8707766490522816,0.44949593700764534,1.2743596358006524
1.5,5,"demo_00 -15,-2.5 deg",offset,-15.0,-2.5,True,1.08,-0.07000000000000006,0.8784037952018435,0.4689603187931721,1.3901367321790064
1.5,6,"demo_00 -15,+0 deg",offset,-15.0,0.0,True,1.1,-0.050000000000000044,0.8865014489280343,0.4894938660299643,1.492558454867673
1.5,7,"demo_00 -15,+2.5 deg",offset,-15.0,2.5,True,1.11,-0.040000000000000036,0.8949469513358534,0.5107096934500962,1.574453723692621
1.5,8,"demo_00 -15,+5 deg",offset,-15.0,5.0,True,1.1300000000000001,-0.020000000000000018,0.9036486241528836,0.532435019302807,1.5330967496679253
1.5,9,"demo_00 -15,+7.5 deg",offset,-15.0,7.5,True,1.1500000000000001,0.0,0.9125479618468921,0.5544228527263865,1.3845746528464624
1.5,10,"demo_00 -15,+10 deg",offset,-15.0,10.0,True,1.16,0.009999999999999787,0.92162024141308,0.5760659874866982,1.2525667678593664
1.5,11,"demo_00 -15,+12.5 deg",offset,-15.0,12.5,True,1.18,0.020000000000000018,0.9308733348678929,0.5976438665315659,1.1349781539165633
1.5,12,"demo_00 -15,+15 deg",offset,-15.0,15.0,True,1.19,0.030000000000000027,0.940344657257037,0.6186022784921275,1.0325845233164186
1.5,13,"demo_00 -12.5,-15 deg",offset,-12.5,-15.0,True,1.03,-0.1299999999999999,0.8153327380663635,0.37135508887615337,0.8941316055314519
1.5,14,"demo_00 -12.5,-12.5 deg",offset,-12.5,-12.5,True,1.04,-0.11999999999999988,0.8203744252501441,0.38360931872573634,0.983092737777372
1.5,15,"demo_00 -12.5,-10 deg",offset,-12.5,-10.0,True,1.05,-0.10999999999999988,0.8267914344745045,0.39820743347129683,1.0971310684275877
1.5,16,"demo_00 -12.5,-7.5 deg",offset,-12.5,-7.5,True,1.05,-0.10000000000000009,0.8343675467485022,0.4149587972291272,1.241953896492295
1.5,17,"demo_00 -12.5,-5 deg",offset,-12.5,-5.0,True,1.07,-0.08000000000000007,0.842895841749739,0.43359772556995557,1.4023276916369523
1.5,18,"demo_00 -12.5,-2.5 deg",offset,-12.5,-2.5,True,1.08,-0.07000000000000006,0.8521862095851581,0.45380869161620413,1.5928209351724525
1.5,19,"demo_00 -12.5,+0 deg",offset,-12.5,0.0,True,1.09,-0.06000000000000005,0.8620717067397543,0.47523375716948946,1.774609754265115
1.5,20,"demo_00 -12.5,+2.5 deg",offset,-12.5,2.5,True,1.11,-0.040000000000000036,0.8724137036047964,0.4974823505711336,1.888318219650969
1.5,21,"demo_00 -12.5,+5 deg",offset,-12.5,5.0,True,1.1300000000000001,-0.020000000000000018,0.883105654119163,0.5201433445016446,1.786523234587031
1.5,22,"demo_00 -12.5,+7.5 deg",offset,-12.5,7.5,True,1.1500000000000001,0.0,0.8940752503506842,0.5427945740212959,1.5619092294744985
1.5,23,"demo_00 -12.5,+10 deg",offset,-12.5,10.0,True,1.16,0.009999999999999787,0.9052847389742132,0.565684935966603,1.3756728865376264
1.5,24,"demo_00 -12.5,+12.5 deg",offset,-12.5,12.5,True,1.18,0.029999999999999805,0.916729275638762,0.5880719632488793,1.211273742461944
1.5,25,"demo_00 -12.5,+15 deg",offset,-12.5,15.0,True,1.19,0.030000000000000027,0.9284333590125519,0.61014916692284,1.0947356509056954
1.5,26,"demo_00 -10,-15 deg",offset,-10.0,-15.0,True,1.02,-0.1399999999999999,0.7803082596161466,0.3534183425028334,0.9097399636685571
1.5,27,"demo_00 -10,-12.5 deg",offset,-10.0,-12.5,True,1.03,-0.1200000000000001,0.7863573530973806,0.36580549079684815,1.0077434409985042
1.5,28,"demo_00 -10,-10 deg",offset,-10.0,-10.0,True,1.04,-0.1100000000000001,0.7939861674248568,0.3806821079417369,1.149957496699169
1.5,29,"demo_00 -10,-7.5 deg",offset,-10.0,-7.5,True,1.05,-0.10000000000000009,0.802962557406933,0.3980968111216026,1.341109562890715
1.5,30,"demo_00 -10,-5 deg",offset,-10.0,-5.0,True,1.06,-0.08000000000000007,0.8130615771935586,0.4175093551832268,1.5774934407084085
1.5,31,"demo_00 -10,-2.5 deg",offset,-10.0,-2.5,True,1.07,-0.07000000000000006,0.8240743282033594,0.4385393690939529,1.8771720880950913
1.5,32,"demo_00 -10,+0 deg",offset,-10.0,0.0,True,1.09,-0.050000000000000044,0.8358153540981451,0.46079465994762475,2.1660842145773076
1.5,33,"demo_00 -10,+2.5 deg",offset,-10.0,2.5,True,1.11,-0.030000000000000027,0.8481284476727595,0.483851735143066,2.3626088751087173
1.5,34,"demo_00 -10,+5 deg",offset,-10.0,5.0,True,1.1300000000000001,-0.010000000000000009,0.8608906881951702,0.5073978270197192,2.098464247166615
1.5,35,"demo_00 -10,+7.5 deg",offset,-10.0,7.5,True,1.1500000000000001,0.010000000000000009,0.8740145167042714,0.5313432789284053,1.7508085537627627
1.5,36,"demo_00 -10,+10 deg",offset,-10.0,10.0,True,1.17,0.019999999999999796,0.8874477115946083,0.5549872253446292,1.4918416501430787
1.5,37,"demo_00 -10,+12.5 deg",offset,-10.0,12.5,True,1.18,0.029999999999999805,0.9011712520767425,0.5784695331426237,1.2936080142336661
1.5,38,"demo_00 -10,+15 deg",offset,-10.0,15.0,True,1.2,0.04999999999999982,0.9151952354671123,0.6014675706945403,1.1330646450973325
1.5,39,"demo_00 -7.5,-15 deg",offset,-7.5,-15.0,True,1.01,-0.14000000000000012,0.7432355926671971,0.3349824519237003,0.911540161990796
1.5,40,"demo_00 -7.5,-12.5 deg",offset,-7.5,-12.5,True,1.02,-0.13000000000000012,0.7503070203687312,0.34748031851903133,1.0339651059603563
1.5,41,"demo_00 -7.5,-10 deg",offset,-7.5,-10.0,True,1.03,-0.1100000000000001,0.7591802186836185,0.36294781778885876,1.1985911138882932
1.5,42,"demo_00 -7.5,-7.5 deg",offset,-7.5,-7.5,True,1.04,-0.10000000000000009,0.7696045582434495,0.38089674283354924,1.449582193618197
1.5,43,"demo_00 -7.5,-5 deg",offset,-7.5,-5.0,True,1.05,-0.09000000000000008,0.7813344251776075,0.4009675196077564,1.8133592084474155
1.5,44,"demo_00 -7.5,-2.5 deg",offset,-7.5,-2.5,True,1.07,-0.07000000000000006,0.794139591212542,0.4228049819702474,2.2974219154490023
1.5,45,"demo_00 -7.5,+0 deg",offset,-7.5,0.0,True,1.09,-0.040000000000000036,0.8078137526621995,0.4460122971804905,2.833211991807076
1.5,46,"demo_00 -7.5,+2.5 deg",offset,-7.5,2.5,True,1.11,-0.020000000000000018,0.8221810257301356,0.4701621462524404,3.2073467476599893
1.5,47,"demo_00 -7.5,+5 deg",offset,-7.5,5.0,True,1.1300000000000001,-0.010000000000000009,0.8371002246008569,0.49480927412735004,2.5077480493067674
1.5,48,"demo_00 -7.5,+7.5 deg",offset,-7.5,7.5,True,1.1500000000000001,0.010000000000000009,0.8524668022051147,0.5195012526567772,1.9618764850219796
1.5,49,"demo_00 -7.5,+10 deg",offset,-7.5,10.0,True,1.17,0.029999999999999805,0.8682124296724358,0.544294637181982,1.5944410587066131
1.5,50,"demo_00 -7.5,+12.5 deg",offset,-7.5,12.5,True,1.19,0.04999999999999982,0.8843023366389952,0.5687689749192824,1.3406669331706385
1.5,51,"demo_00 -7.5,+15 deg",offset,-7.5,15.0,True,1.2,0.04999999999999982,0.9007307159310927,0.5928108177224872,1.1765122370288605
1.5,52,"demo_00 -5,-15 deg",offset,-5.0,-15.0,True,1.0,-0.14000000000000012,0.704148826995504,0.31608173745161516,0.910039097848646
1.5,53,"demo_00 -5,-12.5 deg",offset,-5.0,-12.5,True,1.01,-0.13000000000000012,0.7122682151318027,0.32887538102998193,1.044484328532823
1.5,54,"demo_00 -5,-10 deg",offset,-5.0,-10.0,True,1.02,-0.1200000000000001,0.7224316536205911,0.3447364851085009,1.2489918750083977
1.5,55,"demo_00 -5,-7.5 deg",offset,-5.0,-7.5,True,1.03,-0.10000000000000009,0.7343662026981791,0.36329284121213873,1.558324486657203
1.5,56,"demo_00 -5,-5 deg",offset,-5.0,-5.0,True,1.05,-0.08000000000000007,0.7478017654874601,0.38428986125036063,2.067484899060326
1.5,57,"demo_00 -5,-2.5 deg",offset,-5.0,-2.5,True,1.07,-0.06000000000000005,0.7624832476624455,0.40709092261527685,2.936013110426544
1.5,58,"demo_00 -5,+0 deg",offset,-5.0,0.0,True,1.09,-0.040000000000000036,0.7781803752956741,0.4312579236006238,4.244132504152829
1.5,59,"demo_00 -5,+2.5 deg",offset,-5.0,2.5,True,1.11,-0.020000000000000018,0.7946949013406831,0.45632674027707426,4.467050625289741
1.5,60,"demo_00 -5,+5 deg",offset,-5.0,5.0,True,1.1300000000000001,0.0,0.8118650735349388,0.4818204849627685,2.922166037163036
1.5,61,"demo_00 -5,+7.5 deg",offset,-5.0,7.5,True,1.16,0.029999999999999805,0.8295673590248019,0.5077924429757987,2.1018365805587007
1.5,62,"demo_00 -5,+10 deg",offset,-5.0,10.0,True,1.18,0.039999999999999813,0.8477155529567043,0.5335642062109303,1.6609073838380868
1.5,63,"demo_00 -5,+12.5 deg",offset,-5.0,12.5,True,1.19,0.04999999999999982,0.8662575534380927,0.5589972474458575,1.3815786327497603
1.5,64,"demo_00 -5,+15 deg",offset,-5.0,15.0,True,1.21,0.05999999999999983,0.8851702547170192,0.5841485156192127,1.1918537393414923
1.5,65,"demo_00 -2.5,-15 deg",offset,-2.5,-15.0,True,0.99,-0.15000000000000013,0.6630953205484903,0.2967528733871864,0.9214576076146644
1.5,66,"demo_00 -2.5,-12.5 deg",offset,-2.5,-12.5,True,1.0,-0.13000000000000012,0.6723032326377881,0.3098792089598602,1.0599048627803993
1.5,67,"demo_00 -2.5,-10 deg",offset,-2.5,-10.0,True,1.01,-0.1200000000000001,0.6838208069991615,0.32621109694345024,1.2889362448784678
1.5,68,"demo_00 -2.5,-7.5 deg",offset,-2.5,-7.5,True,1.02,-0.10000000000000009,0.6973471483748341,0.34558836323023545,1.660915763297897
1.5,69,"demo_00 -2.5,-5 deg",offset,-2.5,-5.0,True,1.04,-0.08000000000000007,0.7125822304507666,0.36731947944726057,2.36685823738055
1.5,70,"demo_00 -2.5,-2.5 deg",offset,-2.5,-2.5,True,1.06,-0.06000000000000005,0.7292412335641307,0.3910163112633337,4.007384843471792
1.5,71,"demo_00 -2.5,+0 deg",offset,-2.5,0.0,True,1.09,-0.030000000000000027,0.7470658115571023,0.41618800618273555,8.597940250713217
1.5,72,"demo_00 -2.5,+2.5 deg",offset,-2.5,2.5,True,1.11,-0.010000000000000009,0.7658320097847225,0.4424033385579651,5.936431322717693
1.5,73,"demo_00 -2.5,+5 deg",offset,-2.5,5.0,True,1.1400000000000001,0.020000000000000018,0.7853548227167493,0.4691818408735587,3.1368835741487455
1.5,74,"demo_00 -2.5,+7.5 deg",offset,-2.5,7.5,True,1.17,0.039999999999999813,0.8054895687788074,0.4960385767895843,2.1471037637356876
1.5,75,"demo_00 -2.5,+10 deg",offset,-2.5,10.0,True,1.19,0.05999999999999983,0.8261304115442917,0.5227634776225927,1.6498869786232966
1.5,76,"demo_00 -2.5,+12.5 deg",offset,-2.5,12.5,True,1.2,0.05999999999999983,0.8472064986628737,0.5494281934548418,1.3740579667620298
1.5,77,"demo_00 -2.5,+15 deg",offset,-2.5,15.0,True,1.22,0.07999999999999985,0.8686763256578325,0.5754691523684581,1.1730474930391004
1.5,78,"demo_00 +0,-15 deg",offset,0.0,-15.0,True,0.98,-0.15000000000000013,0.6201367295036027,0.2770940620028029,0.9318434333018957
1.5,79,"demo_00 +0,-12.5 deg",offset,0.0,-12.5,True,0.99,-0.13000000000000012,0.6304943011129176,0.29047819755661136,1.0870588628081228
1.5,80,"demo_00 +0,-10 deg",offset,0.0,-10.0,True,1.0,-0.1200000000000001,0.6434541482123485,0.3075117200444345,1.351668287316644
1.5,81,"demo_00 +0,-7.5 deg",offset,0.0,-7.5,True,1.01,-0.10000000000000009,0.6586791450408519,0.32758881141561264,1.8047421552365694
1.5,82,"demo_00 +0,-5 deg",offset,0.0,-5.0,True,1.03,-0.08000000000000007,0.6758316294377051,0.35041934847895206,2.7421119320019907
1.5,83,"demo_00 +0,-2.5 deg",offset,0.0,-2.5,True,1.06,-0.050000000000000044,0.6945904769955872,0.3752159996035758,5.559532333492256
1.5,84,demo_00,demonstrated,0.0,0.0,True,1.09,-0.020000000000000018,0.7146640118498665,0.40148689472439536,nan
1.5,85,"demo_00 +0,+2.5 deg",offset,0.0,2.5,True,1.12,0.010000000000000009,0.7357985711236292,0.42872618245711885,5.6837502532954165
1.5,86,"demo_00 +0,+5 deg",offset,0.0,5.0,True,1.1500000000000001,0.030000000000000027,0.7577829507938625,0.45642535231436576,2.9433180166076394
1.5,87,"demo_00 +0,+7.5 deg",offset,0.0,7.5,True,1.17,0.04999999999999982,0.7804491977208453,0.4843106428357184,2.032533363026957
1.5,88,"demo_00 +0,+10 deg",offset,0.0,10.0,True,1.19,0.05999999999999983,0.8036703476111348,0.5123037714283697,1.5906681407086753
1.5,89,"demo_00 +0,+12.5 deg",offset,0.0,12.5,True,1.21,0.07999999999999985,0.8273558006593468,0.5397004247165,1.3147435129036802
1.5,90,"demo_00 +0,+15 deg",offset,0.0,15.0,True,1.22,0.07999999999999985,0.8514450979269905,0.5670798465313416,1.1475524598910911
1.5,91,"demo_00 +2.5,-15 deg",offset,2.5,-15.0,True,0.96,-0.16000000000000014,0.5753506852515773,0.2571760493635516,0.959359311175634
1.5,92,"demo_00 +2.5,-12.5 deg",offset,2.5,-12.5,True,0.97,-0.14000000000000012,0.5869473224035395,0.27094369683524705,1.1408527745935633
1.5,93,"demo_00 +2.5,-10 deg",offset,2.5,-10.0,True,0.99,-0.1200000000000001,0.6014700420809431,0.28854270123975884,1.4479138103767508
1.5,94,"demo_00 +2.5,-7.5 deg",offset,2.5,-7.5,True,1.01,-0.09000000000000008,0.6185333699912172,0.3096375603639307,2.0153985645777897
1.5,95,"demo_00 +2.5,-5 deg",offset,2.5,-5.0,True,1.03,-0.07000000000000006,0.6377511922854843,0.33335709390817536,3.391557246339213
1.5,96,"demo_00 +2.5,-2.5 deg",offset,2.5,-2.5,True,1.06,-0.040000000000000036,0.6587573390297756,0.35933269847905003,9.823009795123438
1.5,97,"demo_00 +2.5,+0 deg",offset,2.5,0.0,True,1.09,-0.010000000000000009,0.6812203010497812,0.38672792521578386,12.17396122112764
1.5,98,"demo_00 +2.5,+2.5 deg",offset,2.5,2.5,True,1.1300000000000001,0.020000000000000018,0.7048522092453235,0.4149993119458938,3.9425437603186895
1.5,99,"demo_00 +2.5,+5 deg",offset,2.5,5.0,True,1.16,0.04999999999999982,0.7294127646582507,0.4438825369333703,2.4202353109971524
1.5,100,"demo_00 +2.5,+7.5 deg",offset,2.5,7.5,True,1.19,0.06999999999999984,0.7547090346075469,0.47299362333391487,1.791777189174686
1.5,101,"demo_00 +2.5,+10 deg",offset,2.5,10.0,True,1.2,0.07999999999999985,0.7805920762561144,0.5016919632854752,1.4507829969870913
1.5,102,"demo_00 +2.5,+12.5 deg",offset,2.5,12.5,True,1.22,0.08999999999999986,0.8069513292572328,0.5305595031878111,1.2347044736411354
1.5,103,"demo_00 +2.5,+15 deg",offset,2.5,15.0,True,1.23,0.08999999999999986,0.8337076844317693,0.5585948158589288,1.0928016258823625
1.5,104,"demo_00 +5,-15 deg",offset,5.0,-15.0,True,0.9500000000000001,-0.15000000000000002,0.5288337328057633,0.23694314139596806,0.9798715752934468
1.5,105,"demo_00 +5,-12.5 deg",offset,5.0,-12.5,True,0.96,-0.14000000000000012,0.5417979681400398,0.2511566814546223,1.2059322973335413
1.5,106,"demo_00 +5,-10 deg",offset,5.0,-10.0,True,0.98,-0.1200000000000001,0.5580477302947529,0.2696133969829094,1.5977550916996348
1.5,107,"demo_00 +5,-7.5 deg",offset,5.0,-7.5,True,1.0,-0.09000000000000008,0.5771314019537616,0.2916705150898677,2.402032444829764
1.5,108,"demo_00 +5,-5 deg",offset,5.0,-5.0,True,1.02,-0.07000000000000006,0.5985993863465225,0.3166269362868794,4.865954574312459
1.5,109,"demo_00 +5,-2.5 deg",offset,5.0,-2.5,True,1.06,-0.030000000000000027,0.6220291770238332,0.3436574125045367,nan
1.5,110,"demo_00 +5,+0 deg",offset,5.0,0.0,True,1.1,0.0,0.6470418317009816,0.3722150443109415,5.614437384618909
1.5,111,"demo_00 +5,+2.5 deg",offset,5.0,2.5,True,1.1400000000000001,0.040000000000000036,0.6733107496187497,0.4017583763700003,2.850411121972938
1.5,112,"demo_00 +5,+5 deg",offset,5.0,5.0,True,1.17,0.05999999999999983,0.700564295486922,0.4317552373522583,1.983790987081171
1.5,113,"demo_00 +5,+7.5 deg",offset,5.0,7.5,True,1.2,0.08999999999999986,0.7285838823018083,0.4616847585208035,1.5411336684681713
1.5,114,"demo_00 +5,+10 deg",offset,5.0,10.0,True,1.21,0.08999999999999986,0.757198943086016,0.49179539100131464,1.304208679744408
1.5,115,"demo_00 +5,+12.5 deg",offset,5.0,12.5,True,1.23,0.09999999999999987,0.7862799945322586,0.5212956867938585,1.1381777148531942
1.5,116,"demo_00 +5,+15 deg",offset,5.0,15.0,True,1.24,0.10999999999999988,0.8157308035717273,0.5507623550232655,1.016928229840881
1.5,117,"demo_00 +7.5,-15 deg",offset,7.5,-15.0,True,0.93,-0.16000000000000003,0.48070666729486206,0.21644345602805942,1.0332127176360206
1.5,118,"demo_00 +7.5,-12.5 deg",offset,7.5,-12.5,True,0.9400000000000001,-0.15000000000000002,0.49522200096775365,0.23124436212029903,1.3194312419893737
1.5,119,"demo_00 +7.5,-10 deg",offset,7.5,-10.0,True,0.96,-0.1200000000000001,0.5134217993918471,0.2506340692845955,1.8468305340408804
1.5,120,"demo_00 +7.5,-7.5 deg",offset,7.5,-7.5,True,0.99,-0.09000000000000008,0.5347620638571793,0.2738136242919397,3.153387828284482
1.5,121,"demo_00 +7.5,-5 deg",offset,7.5,-5.0,True,1.02,-0.06000000000000005,0.5587091624319178,0.3001029564165103,10.06880994274633
1.5,122,"demo_00 +7.5,-2.5 deg",offset,7.5,-2.5,True,1.06,-0.020000000000000018,0.5847703434399436,0.32846135604063675,9.635465414145317
1.5,123,"demo_00 +7.5,+0 deg",offset,7.5,0.0,True,1.11,0.020000000000000018,0.6125112403612876,0.35824422740406153,3.4457371919436457
1.5,124,"demo_00 +7.5,+2.5 deg",offset,7.5,2.5,True,1.16,0.06999999999999984,0.6415630047413461,0.38887918366855545,2.152404642502667
1.5,125,"demo_00 +7.5,+5 deg",offset,7.5,5.0,True,1.19,0.08999999999999986,0.6716221446878153,0.4198125706729805,1.628556655171855
1.5,126,"demo_00 +7.5,+7.5 deg",offset,7.5,7.5,True,1.21,0.09999999999999987,0.7024457107694465,0.45103717358538514,1.3448351939346495
1.5,127,"demo_00 +7.5,+10 deg",offset,7.5,10.0,True,1.22,0.09999999999999987,0.7338438103113492,0.48199503064735094,1.171301966711264
1.5,128,"demo_00 +7.5,+12.5 deg",offset,7.5,12.5,True,1.23,0.10999999999999988,0.765670863978204,0.5127382110119436,1.0418610645149857
1.5,129,"demo_00 +7.5,+15 deg",offset,7.5,15.0,True,1.25,0.11999999999999988,0.7978166213800003,0.542805605509869,0.9465861233799261
1.5,130,"demo_00 +10,-15 deg",offset,10.0,-15.0,True,0.9,-0.18000000000000005,0.431124504633986,0.1958160876577158,1.1223267138178317
1.5,131,"demo_00 +10,-12.5 deg",offset,10.0,-12.5,True,0.93,-0.14,0.4474533333402332,0.21134789054367578,1.4700770744806668
1.5,132,"demo_00 +10,-10 deg",offset,10.0,-10.0,True,0.9500000000000001,-0.12,0.4679061138224511,0.2318227217941957,2.2983791647717497
1.5,133,"demo_00 +10,-7.5 deg",offset,10.0,-7.5,True,0.98,-0.09000000000000008,0.491807723936216,0.25641842928302877,5.108161910083579
1.5,134,"demo_00 +10,-5 deg",offset,10.0,-5.0,True,1.02,-0.050000000000000044,0.5185132983295158,0.28393701558674167,nan
1.5,135,"demo_00 +10,-2.5 deg",offset,10.0,-2.5,True,1.07,0.0,0.5474442297000053,0.3136650999047566,4.277507575374191
1.5,136,"demo_00 +10,+0 deg",offset,10.0,0.0,True,1.1300000000000001,0.050000000000000044,0.5781041990751591,0.3446769780082788,2.3757881250686492
1.5,137,"demo_00 +10,+2.5 deg",offset,10.0,2.5,True,1.17,0.07999999999999985,0.610081588547473,0.37637664113664726,1.7132833158969434
1.5,138,"demo_00 +10,+5 deg",offset,10.0,5.0,True,1.2,0.10999999999999988,0.643043944706289,0.40856898076181486,1.368039845447039
1.5,139,"demo_00 +10,+7.5 deg",offset,10.0,7.5,True,1.22,0.11999999999999988,0.6767284799851302,0.4407791775672988,1.1727456571911887
1.5,140,"demo_00 +10,+10 deg",offset,10.0,10.0,True,1.23,0.11999999999999988,0.7109310702428115,0.472688162906933,1.0473487181120653
1.5,141,"demo_00 +10,+12.5 deg",offset,10.0,12.5,True,1.24,0.11999999999999988,0.7454951676767168,0.5044061946158204,0.9564873435843285
1.5,142,"demo_00 +10,+15 deg",offset,10.0,15.0,True,1.25,0.11999999999999988,0.7803014451028029,0.5357396202620622,0.8872753640757655
1.5,143,"demo_00 +12.5,-15 deg",offset,12.5,-15.0,True,0.87,-0.19000000000000006,0.38029580949759234,0.17510737900575846,1.2462100634363216
1.5,144,"demo_00 +12.5,-12.5 deg",offset,12.5,-12.5,True,0.91,-0.14,0.3988167546064762,0.191532093293746,1.7605715091833314
1.5,145,"demo_00 +12.5,-10 deg",offset,12.5,-10.0,True,0.9400000000000001,-0.10999999999999999,0.4219343643074442,0.21339897295200824,3.2985415301639205
1.5,146,"demo_00 +12.5,-7.5 deg",offset,12.5,-7.5,True,0.97,-0.08000000000000007,0.4487857718112916,0.23946330411633665,20.077034820015342
1.5,147,"demo_00 +12.5,-5 deg",offset,12.5,-5.0,True,1.02,-0.040000000000000036,0.47858143777293277,0.2684482993820813,5.6372467292334205
1.5,148,"demo_00 +12.5,-2.5 deg",offset,12.5,-2.5,True,1.09,0.030000000000000027,0.5106429761589191,0.29947285868531426,2.5924966310379522
1.5,149,"demo_00 +12.5,+0 deg",offset,12.5,0.0,True,1.1500000000000001,0.08000000000000007,0.5444110562638766,0.3316955500550853,1.758279923574497
1.5,150,"demo_00 +12.5,+2.5 deg",offset,12.5,2.5,True,1.19,0.10999999999999988,0.5794371356739996,0.3646974597818804,1.381186010895221
1.5,151,"demo_00 +12.5,+5 deg",offset,12.5,5.0,True,1.21,0.11999999999999988,0.6153684774422686,0.3979468692510364,1.1754517570931962
1.5,152,"demo_00 +12.5,+7.5 deg",offset,12.5,7.5,True,1.22,0.11999999999999988,0.6519316558551631,0.43089656270898563,1.0468222450420515
1.5,153,"demo_00 +12.5,+10 deg",offset,12.5,10.0,True,1.24,0.1299999999999999,0.6889169527921449,0.46406710424631326,0.948655062392783
1.5,154,"demo_00 +12.5,+12.5 deg",offset,12.5,12.5,True,1.25,0.1299999999999999,0.7261645590018951,0.49657368973442567,0.8804213351898015
1.5,155,"demo_00 +12.5,+15 deg",offset,12.5,15.0,True,1.26,0.1299999999999999,0.763552831831829,0.528787357704387,0.8269480081572043
1.5,156,"demo_00 +15,-15 deg",offset,15.0,-15.0,True,0.84,-0.20000000000000007,0.32852218857530124,0.15432503535715567,1.4562181131092942
1.5,157,"demo_00 +15,-12.5 deg",offset,15.0,-12.5,True,0.88,-0.15000000000000002,0.34978969368004265,0.1719426217509515,2.404134776479759
1.5,158,"demo_00 +15,-10 deg",offset,15.0,-10.0,True,0.93,-0.09999999999999998,0.37613021758496024,0.19546928470831065,7.4293915180291314
1.5,159,"demo_00 +15,-7.5 deg",offset,15.0,-7.5,True,0.97,-0.07000000000000006,0.4064139584861303,0.22321028522885822,7.942235012537897
1.5,160,"demo_00 +15,-5 deg",offset,15.0,-5.0,True,1.03,-0.010000000000000009,0.43967291904407524,0.2538348664328502,2.8238862393374307
1.5,161,"demo_00 +15,-2.5 deg",offset,15.0,-2.5,True,1.11,0.06000000000000005,0.4751255315077525,0.28622410644156077,1.790257334346614
1.5,162,"demo_00 +15,+0 deg",offset,15.0,0.0,True,1.16,0.09999999999999987,0.5121613280114131,0.3197452238501614,1.3741044644918727
1.5,163,"demo_00 +15,+2.5 deg",offset,15.0,2.5,True,1.2,0.11999999999999988,0.5503119434685319,0.3538204106198761,1.1572720030105823
1.5,164,"demo_00 +15,+5 deg",offset,15.0,5.0,True,1.22,0.1299999999999999,0.5892214488290776,0.3879006944712084,1.0229945795146285
1.5,165,"demo_00 +15,+7.5 deg",offset,15.0,7.5,True,1.23,0.1299999999999999,0.6286207442747749,0.4220938042057286,0.9349611666097921
1.5,166,"demo_00 +15,+10 deg",offset,15.0,10.0,True,1.24,0.1299999999999999,0.6683068800277854,0.4557918347621679,0.8695671336640123
1.5,167,"demo_00 +15,+12.5 deg",offset,15.0,12.5,True,1.25,0.1299999999999999,0.7081267833612046,0.4894978121113461,0.8186561112029778
1.5,168,"demo_00 +15,+15 deg",offset,15.0,15.0,True,1.26,0.1299999999999999,0.7479645830743052,0.5225632850858333,0.7776483259742393
2.5,0,"demo_00 -15,-15 deg",offset,-15.0,-15.0,True,1.09,-0.07999999999999985,0.9416486217949038,0.40474422651806236,0.7904995337727482
2.5,1,"demo_00 -15,-12.5 deg",offset,-15.0,-12.5,True,1.09,-0.07999999999999985,0.9490544397074164,0.42472472725544597,0.8787129300699111
2.5,2,"demo_00 -15,-10 deg",offset,-15.0,-10.0,True,1.1,-0.05999999999999983,0.9570827705587751,0.4467468965912307,0.970099033202499
2.5,3,"demo_00 -15,-7.5 deg",offset,-15.0,-7.5,True,1.12,-0.039999999999999813,0.9656190752907247,0.4705175609111633,1.0790368887960509
2.5,4,"demo_00 -15,-5 deg",offset,-15.0,-5.0,True,1.1300000000000001,-0.029999999999999805,0.9745663585738195,0.4956956512240267,1.2140846540254646
2.5,5,"demo_00 -15,-2.5 deg",offset,-15.0,-2.5,True,1.1400000000000001,-0.010000000000000009,0.9838428458148549,0.5219089281906707,1.3463079319949518
2.5,6,"demo_00 -15,+0 deg",offset,-15.0,0.0,True,1.1500000000000001,0.0,0.9933795778180456,0.5488550195088066,1.4803127187819145
2.5,7,"demo_00 -15,+2.5 deg",offset,-15.0,2.5,False,1.17,0.019999999999999796,1.0031185342806341,0.5765842264474422,1.5703225970868449
2.5,8,"demo_00 -15,+5 deg",offset,-15.0,5.0,False,1.18,0.029999999999999805,1.0130114746174887,0.6042645939018519,1.5611150263202072
2.5,9,"demo_00 -15,+7.5 deg",offset,-15.0,7.5,False,1.19,0.039999999999999813,1.0230194013225316,0.6322158126012118,1.4371471150379689
2.5,10,"demo_00 -15,+10 deg",offset,-15.0,10.0,False,1.2,0.04999999999999982,1.033112428372155,0.659673297547602,1.3130583541243948
2.5,11,"demo_00 -15,+12.5 deg",offset,-15.0,12.5,False,1.21,0.050000000000000044,1.0432698369406306,0.6871590999810251,1.2096882664142616
2.5,12,"demo_00 -15,+15 deg",offset,-15.0,15.0,False,1.22,0.06000000000000005,1.0534801693286566,0.7137670441450288,1.1092276702609034
2.5,13,"demo_00 -12.5,-15 deg",offset,-12.5,-15.0,True,1.08,-0.07999999999999985,0.9094529661606132,0.3908756155593964,0.8061299376154829
2.5,14,"demo_00 -12.5,-12.5 deg",offset,-12.5,-12.5,True,1.08,-0.07999999999999985,0.9178241016511377,0.4113802300028947,0.9109562019080361
2.5,15,"demo_00 -12.5,-10 deg",offset,-12.5,-10.0,True,1.1,-0.05999999999999983,0.9269706891789221,0.43413091361122674,1.0266159706303186
2.5,16,"demo_00 -12.5,-7.5 deg",offset,-12.5,-7.5,True,1.11,-0.040000000000000036,0.9367701526905144,0.4586695191894589,1.1737852839441996
2.5,17,"demo_00 -12.5,-5 deg",offset,-12.5,-5.0,True,1.12,-0.030000000000000027,0.947114354267577,0.4846856124997182,1.3623512552211277
2.5,18,"demo_00 -12.5,-2.5 deg",offset,-12.5,-2.5,True,1.1400000000000001,-0.010000000000000009,0.957908190719302,0.5119233687268718,1.560682021983112
2.5,19,"demo_00 -12.5,+0 deg",offset,-12.5,0.0,True,1.1500000000000001,0.0,0.9690682867222324,0.5399001235787532,1.7658128705391656
2.5,20,"demo_00 -12.5,+2.5 deg",offset,-12.5,2.5,True,1.16,0.009999999999999787,0.9805222334031752,0.5681605876172728,1.92069857729503
2.5,21,"demo_00 -12.5,+5 deg",offset,-12.5,5.0,True,1.17,0.019999999999999796,0.9922083782800221,0.5969640778904098,1.8537419348368804
2.5,22,"demo_00 -12.5,+7.5 deg",offset,-12.5,7.5,False,1.19,0.039999999999999813,1.0040759182707721,0.6254714417455091,1.6372612961516124
2.5,23,"demo_00 -12.5,+10 deg",offset,-12.5,10.0,False,1.2,0.04999999999999982,1.0160849954212217,0.654030307075395,1.454872863119838
2.5,24,"demo_00 -12.5,+12.5 deg",offset,-12.5,12.5,False,1.21,0.05999999999999983,1.0282065831928469,0.6817803012047029,1.3010080974525313
2.5,25,"demo_00 -12.5,+15 deg",offset,-12.5,15.0,False,1.22,0.06000000000000005,1.0404220992647235,0.7094754057243801,1.1838463335578302
2.5,26,"demo_00 -10,-15 deg",offset,-10.0,-15.0,True,1.06,-0.09999999999999987,0.8752178194175902,0.37640237681302574,0.8310885725417608
2.5,27,"demo_00 -10,-12.5 deg",offset,-10.0,-12.5,True,1.08,-0.07000000000000006,0.8845687378670203,0.3976823279715822,0.9308780099418572
2.5,28,"demo_00 -10,-10 deg",offset,-10.0,-10.0,True,1.09,-0.06000000000000005,0.8948568450129332,0.42119464477134755,1.0850352680667195
2.5,29,"demo_00 -10,-7.5 deg",offset,-10.0,-7.5,True,1.1,-0.050000000000000044,0.90595088193801,0.4466063638415413,1.2923029485470414
2.5,30,"demo_00 -10,-5 deg",offset,-10.0,-5.0,True,1.12,-0.020000000000000018,0.9177307830050248,0.4735329295713154,1.536875881747063
2.5,31,"demo_00 -10,-2.5 deg",offset,-10.0,-2.5,True,1.1300000000000001,-0.010000000000000009,0.9300871911204308,0.5015515226650863,1.8614583144062067
2.5,32,"demo_00 -10,+0 deg",offset,-10.0,0.0,True,1.1500000000000001,0.010000000000000009,0.9429212734887212,0.5302626364072859,2.181875411052091
2.5,33,"demo_00 -10,+2.5 deg",offset,-10.0,2.5,True,1.16,0.019999999999999796,0.9561451186613653,0.5597651488652498,2.4311523403162796
2.5,34,"demo_00 -10,+5 deg",offset,-10.0,5.0,True,1.17,0.029999999999999805,0.9696825274109535,0.5891597973325852,2.2006591634156085
2.5,35,"demo_00 -10,+7.5 deg",offset,-10.0,7.5,True,1.18,0.039999999999999813,0.9834697832675354,0.6187226241745123,1.867534809302868
2.5,36,"demo_00 -10,+10 deg",offset,-10.0,10.0,False,1.2,0.04999999999999982,0.9974560114021174,0.6477201396202293,1.603354167888342
2.5,37,"demo_00 -10,+12.5 deg",offset,-10.0,12.5,False,1.21,0.05999999999999983,1.0116029189762883,0.6767018823394861,1.3994431861911107
2.5,38,"demo_00 -10,+15 deg",offset,-10.0,15.0,False,1.22,0.06999999999999984,1.0258839441190337,0.7047784600235611,1.2420680576279552
2.5,39,"demo_00 -7.5,-15 deg",offset,-7.5,-15.0,True,1.05,-0.10000000000000009,0.8389408916780362,0.36135940628417,0.8362772104839761
2.5,40,"demo_00 -7.5,-12.5 deg",offset,-7.5,-12.5,True,1.07,-0.08000000000000007,0.849292016489052,0.3832385185713844,0.9612950847388178
2.5,41,"demo_00 -7.5,-10 deg",offset,-7.5,-10.0,True,1.08,-0.06000000000000005,0.8607517498920414,0.4075177041663246,1.1412855412986858
2.5,42,"demo_00 -7.5,-7.5 deg",offset,-7.5,-7.5,True,1.09,-0.050000000000000044,0.873179100954016,0.43384802900320024,1.4123019648481374
2.5,43,"demo_00 -7.5,-5 deg",offset,-7.5,-5.0,True,1.11,-0.030000000000000027,0.8864409944387751,0.46168210456228387,1.7883267272343806
2.5,44,"demo_00 -7.5,-2.5 deg",offset,-7.5,-2.5,True,1.1300000000000001,-0.010000000000000009,0.9004126854885142,0.4908096741008726,2.3077960364159136
2.5,45,"demo_00 -7.5,+0 deg",offset,-7.5,0.0,True,1.1400000000000001,0.010000000000000009,0.9149786875202525,0.5206808014146393,2.913431150674264
2.5,46,"demo_00 -7.5,+2.5 deg",offset,-7.5,2.5,True,1.16,0.029999999999999805,0.9300343343757542,0.5507918688928728,3.338654650503285
2.5,47,"demo_00 -7.5,+5 deg",offset,-7.5,5.0,True,1.17,0.029999999999999805,0.9454875965187391,0.5812822876722464,2.6570551301196224
2.5,48,"demo_00 -7.5,+7.5 deg",offset,-7.5,7.5,True,1.18,0.039999999999999813,0.9612605644256197,0.6114697615546119,2.1115039112810123
2.5,49,"demo_00 -7.5,+10 deg",offset,-7.5,10.0,True,1.19,0.04999999999999982,0.97729010848495,0.6415837052168675,1.7403455735712923
2.5,50,"demo_00 -7.5,+12.5 deg",offset,-7.5,12.5,True,1.21,0.06999999999999984,0.9935275095315707,0.6708494888375461,1.4708711617187407
2.5,51,"demo_00 -7.5,+15 deg",offset,-7.5,15.0,False,1.22,0.06999999999999984,1.0099371793208196,0.6999300328159642,1.2965202297428091
2.5,52,"demo_00 -5,-15 deg",offset,-5.0,-15.0,True,1.04,-0.10000000000000009,0.8006339517426078,0.3455834110567965,0.8385548838902993
2.5,53,"demo_00 -5,-12.5 deg",offset,-5.0,-12.5,True,1.06,-0.08000000000000007,0.8120133736645281,0.3683845765540886,0.9780876596033441
2.5,54,"demo_00 -5,-10 deg",offset,-5.0,-10.0,True,1.07,-0.07000000000000006,0.8246835356972462,0.3936221073608833,1.2012624695498657
2.5,55,"demo_00 -5,-7.5 deg",offset,-5.0,-7.5,True,1.09,-0.040000000000000036,0.8384920953696585,0.42090771251685366,1.523183928098383
2.5,56,"demo_00 -5,-5 deg",offset,-5.0,-5.0,True,1.11,-0.020000000000000018,0.8532914418548863,0.4497986989206877,2.0664406369206962
2.5,57,"demo_00 -5,-2.5 deg",offset,-5.0,-2.5,True,1.12,-0.010000000000000009,0.8689399866202098,0.4798164187934309,3.013542633638012
2.5,58,"demo_00 -5,+0 deg",offset,-5.0,0.0,True,1.1400000000000001,0.010000000000000009,0.8853041650170039,0.510448499086094,4.418889254415485
2.5,59,"demo_00 -5,+2.5 deg",offset,-5.0,2.5,True,1.1500000000000001,0.020000000000000018,0.9022611322339291,0.5417665939613939,4.7399115075531935
2.5,60,"demo_00 -5,+5 deg",offset,-5.0,5.0,True,1.17,0.039999999999999813,0.9197015950664473,0.5729873600862707,3.126321256453394
2.5,61,"demo_00 -5,+7.5 deg",offset,-5.0,7.5,True,1.18,0.04999999999999982,0.9375320221600876,0.6041722346344098,2.298454787271622
2.5,62,"demo_00 -5,+10 deg",offset,-5.0,10.0,True,1.19,0.04999999999999982,0.9556756368296305,0.6347721249459773,1.8392694618505046
2.5,63,"demo_00 -5,+12.5 deg",offset,-5.0,12.5,True,1.2,0.05999999999999983,0.9740719806257979,0.6652416764438499,1.5360603502636283
2.5,64,"demo_00 -5,+15 deg",offset,-5.0,15.0,True,1.21,0.05999999999999983,0.9926752546426793,0.6947800478544847,1.3393210621386367
2.5,65,"demo_00 -2.5,-15 deg",offset,-2.5,-15.0,True,1.03,-0.1100000000000001,0.7603245669673081,0.32947140500750893,0.8529666553827217
2.5,66,"demo_00 -2.5,-12.5 deg",offset,-2.5,-12.5,True,1.04,-0.09000000000000008,0.7727704605769878,0.3529416752816042,1.0098800696420878
2.5,67,"demo_00 -2.5,-10 deg",offset,-2.5,-10.0,True,1.06,-0.07000000000000006,0.7867010958093271,0.37911995007584975,1.2535425481856652
2.5,68,"demo_00 -2.5,-7.5 deg",offset,-2.5,-7.5,True,1.08,-0.040000000000000036,0.8019503586993483,0.40745898257838337,1.6445870031853234
2.5,69,"demo_00 -2.5,-5 deg",offset,-2.5,-5.0,True,1.1,-0.020000000000000018,0.8183539351445801,0.4373508032529205,2.3979591132249665
2.5,70,"demo_00 -2.5,-2.5 deg",offset,-2.5,-2.5,True,1.12,0.0,0.8357514669722579,0.4683590606218785,4.133363402266502
2.5,71,"demo_00 -2.5,+0 deg",offset,-2.5,0.0,True,1.1400000000000001,0.020000000000000018,0.8539895692392276,0.5002712339237856,9.061622786892041
2.5,72,"demo_00 -2.5,+2.5 deg",offset,-2.5,2.5,True,1.1500000000000001,0.030000000000000027,0.8729255894928298,0.5323499113755,6.365526418609985
2.5,73,"demo_00 -2.5,+5 deg",offset,-2.5,5.0,True,1.17,0.04999999999999982,0.8924314021706273,0.5645260976694634,3.4125327093033815
2.5,74,"demo_00 -2.5,+7.5 deg",offset,-2.5,7.5,True,1.18,0.04999999999999982,0.9123963254774267,0.5964653528936771,2.383184768982792
2.5,75,"demo_00 -2.5,+10 deg",offset,-2.5,10.0,True,1.19,0.05999999999999983,0.9327284602953666,0.6281212493453956,1.8516333800481093
2.5,76,"demo_00 -2.5,+12.5 deg",offset,-2.5,12.5,True,1.2,0.05999999999999983,0.9533542260616822,0.6588939620662193,1.5462464905246933
2.5,77,"demo_00 -2.5,+15 deg",offset,-2.5,15.0,True,1.21,0.06999999999999984,0.9742163789140001,0.689380247089645,1.3325338475640989
2.5,78,"demo_00 +0,-15 deg",offset,0.0,-15.0,True,1.02,-0.1100000000000001,0.7180580402856016,0.31268455774162446,0.8668560001019838
2.5,79,"demo_00 +0,-12.5 deg",offset,0.0,-12.5,True,1.03,-0.09000000000000008,0.7316220408185924,0.33722329525537975,1.045314852450359
2.5,80,"demo_00 +0,-10 deg",offset,0.0,-10.0,True,1.05,-0.07000000000000006,0.7468778948763981,0.36440609606067426,1.3309526762772512
2.5,81,"demo_00 +0,-7.5 deg",offset,0.0,-7.5,True,1.08,-0.030000000000000027,0.7636421778141608,0.3937675377260551,1.7966565616321746
2.5,82,"demo_00 +0,-5 deg",offset,0.0,-5.0,True,1.1,-0.010000000000000009,0.7817308047901728,0.4247968149243667,2.7939071332550784
2.5,83,"demo_00 +0,-2.5 deg",offset,0.0,-2.5,True,1.12,0.010000000000000009,0.8009620717232365,0.45695851699853857,5.811220881478359
2.5,84,demo_00,demonstrated,0.0,0.0,True,1.1400000000000001,0.030000000000000027,0.8211606165647171,0.4896843123586859,nan
2.5,85,"demo_00 +0,+2.5 deg",offset,0.0,2.5,True,1.1500000000000001,0.040000000000000036,0.8421621266715523,0.5227376150578078,6.202041743112498
2.5,86,"demo_00 +0,+5 deg",offset,0.0,5.0,True,1.17,0.04999999999999982,0.8638179853322053,0.5558571520129394,3.251900100515073
2.5,87,"demo_00 +0,+7.5 deg",offset,0.0,7.5,True,1.18,0.05999999999999983,0.8859988220388129,0.5886349273018361,2.269923308245086
2.5,88,"demo_00 +0,+10 deg",offset,0.0,10.0,True,1.19,0.05999999999999983,0.908596173354459,0.6208761562672296,1.7936594625947229
2.5,89,"demo_00 +0,+12.5 deg",offset,0.0,12.5,True,1.21,0.07999999999999985,0.9315220115688324,0.6528048873423404,1.4843956793858206
2.5,90,"demo_00 +0,+15 deg",offset,0.0,15.0,True,1.22,0.07999999999999985,0.9547064913720802,0.6837843181237565,1.2968610049143454
2.5,91,"demo_00 +2.5,-15 deg",offset,2.5,-15.0,True,1.0,-0.1200000000000001,0.6738997988795049,0.29568772780405894,0.8975216086675758
2.5,92,"demo_00 +2.5,-12.5 deg",offset,2.5,-12.5,True,1.02,-0.09000000000000008,0.6886516808448263,0.3210504316335418,1.0977641005524619
2.5,93,"demo_00 +2.5,-10 deg",offset,2.5,-10.0,True,1.05,-0.06000000000000005,0.7053168434154822,0.34942747292801435,1.4330308476008347
2.5,94,"demo_00 +2.5,-7.5 deg",offset,2.5,-7.5,True,1.07,-0.030000000000000027,0.723689450188955,0.3799592548383279,2.0559391884237677
2.5,95,"demo_00 +2.5,-5 deg",offset,2.5,-5.0,True,1.09,-0.010000000000000009,0.7435613512976426,0.4120768711930568,3.536766184836113
2.5,96,"demo_00 +2.5,-2.5 deg",offset,2.5,-2.5,True,1.12,0.020000000000000018,0.7647260697410527,0.4451934887367863,10.401310482767512
2.5,97,"demo_00 +2.5,+0 deg",offset,2.5,0.0,True,1.1400000000000001,0.040000000000000036,0.7869836155265657,0.4789618289344491,13.1166965636974
2.5,98,"demo_00 +2.5,+2.5 deg",offset,2.5,2.5,True,1.16,0.04999999999999982,0.8101459635513468,0.5130726242121089,4.3376064483228856
2.5,99,"demo_00 +2.5,+5 deg",offset,2.5,5.0,True,1.17,0.05999999999999983,0.8340423590449796,0.5468789855794419,2.7115861835749753
2.5,100,"demo_00 +2.5,+7.5 deg",offset,2.5,7.5,True,1.18,0.05999999999999983,0.8585233474616651,0.5806061399708595,2.040951838372342
2.5,101,"demo_00 +2.5,+10 deg",offset,2.5,10.0,True,1.2,0.07999999999999985,0.88346267059389,0.6137559342009681,1.6413407963760749
2.5,102,"demo_00 +2.5,+12.5 deg",offset,2.5,12.5,True,1.21,0.07999999999999985,0.9087567695759666,0.6460012282875305,1.407625913385547
2.5,103,"demo_00 +2.5,+15 deg",offset,2.5,15.0,True,1.22,0.07999999999999985,0.9343222933610184,0.6779027084365173,1.2457635958732824
2.5,104,"demo_00 +5,-15 deg",offset,5.0,-15.0,True,0.99,-0.1100000000000001,0.6279386949516857,0.27826472584171225,0.9230275131115966
2.5,105,"demo_00 +5,-12.5 deg",offset,5.0,-12.5,True,1.01,-0.09000000000000008,0.6439728355630504,0.3047984815677664,1.1751867579827517
2.5,106,"demo_00 +5,-10 deg",offset,5.0,-10.0,True,1.04,-0.06000000000000005,0.6621569125588495,0.33423400479534754,1.6067114141071954
2.5,107,"demo_00 +5,-7.5 deg",offset,5.0,-7.5,True,1.06,-0.030000000000000027,0.6822554030821893,0.3659629748544432,2.490090187390959
2.5,108,"demo_00 +5,-5 deg",offset,5.0,-5.0,True,1.09,0.0,0.7040301764145522,0.3991663214998019,5.1054238960611595
2.5,109,"demo_00 +5,-2.5 deg",offset,5.0,-2.5,True,1.12,0.030000000000000027,0.7272455178137965,0.4334345137755435,nan
2.5,110,"demo_00 +5,+0 deg",offset,5.0,0.0,True,1.1400000000000001,0.040000000000000036,0.7516736510646768,0.4683074818187834,6.153837472130987
2.5,111,"demo_00 +5,+2.5 deg",offset,5.0,2.5,True,1.16,0.05999999999999983,0.7771007027619476,0.5030256399988261,3.1818333669158596
2.5,112,"demo_00 +5,+5 deg",offset,5.0,5.0,True,1.17,0.05999999999999983,0.8033323460061084,0.538047608350596,2.250425744804253
2.5,113,"demo_00 +5,+7.5 deg",offset,5.0,7.5,True,1.19,0.07999999999999985,0.8301980357405526,0.5723396182341457,1.7610534615417635
2.5,114,"demo_00 +5,+10 deg",offset,5.0,10.0,True,1.2,0.07999999999999985,0.8575529587961056,0.6062300115847901,1.4896912487721958
2.5,115,"demo_00 +5,+12.5 deg",offset,5.0,12.5,True,1.21,0.07999999999999985,0.8852774307074492,0.6395573486858755,1.3085913420350932
2.5,116,"demo_00 +5,+15 deg",offset,5.0,15.0,True,1.22,0.08999999999999986,0.9132741658611739,0.6719352582756336,1.1680190898828715
2.5,117,"demo_00 +7.5,-15 deg",offset,7.5,-15.0,True,0.97,-0.1200000000000001,0.5802920363256686,0.2606769520160537,0.9819701679417965
2.5,118,"demo_00 +7.5,-12.5 deg",offset,7.5,-12.5,True,1.0,-0.09000000000000008,0.5977363734872041,0.2884770505773455,1.292511960843051
2.5,119,"demo_00 +7.5,-10 deg",offset,7.5,-10.0,True,1.03,-0.050000000000000044,0.6175826230611705,0.31916160574871566,1.8724900377965834
2.5,120,"demo_00 +7.5,-7.5 deg",offset,7.5,-7.5,True,1.06,-0.020000000000000018,0.639555297598258,0.3520361586902397,3.2969549260935445
2.5,121,"demo_00 +7.5,-5 deg",offset,7.5,-5.0,True,1.09,0.010000000000000009,0.6633783183138421,0.3864750642203829,10.72079860564624
2.5,122,"demo_00 +7.5,-2.5 deg",offset,7.5,-2.5,True,1.12,0.040000000000000036,0.6887811365083115,0.4218405689936251,10.44117492838718
2.5,123,"demo_00 +7.5,+0 deg",offset,7.5,0.0,True,1.1400000000000001,0.050000000000000044,0.71550467113281,0.4574785796739235,3.8358674175761003
2.5,124,"demo_00 +7.5,+2.5 deg",offset,7.5,2.5,True,1.16,0.06999999999999984,0.7433072747029298,0.49339500378001244,2.451883070794076
2.5,125,"demo_00 +7.5,+5 deg",offset,7.5,5.0,True,1.18,0.07999999999999985,0.771970190734459,0.5288315483923952,1.867106585820226
2.5,126,"demo_00 +7.5,+7.5 deg",offset,7.5,7.5,True,1.19,0.07999999999999985,0.8013015451340328,0.5642173451972003,1.5511442694934159
2.5,127,"demo_00 +7.5,+10 deg",offset,7.5,10.0,True,1.2,0.07999999999999985,0.8311380385191265,0.5987681307756851,1.3488841809471843
2.5,128,"demo_00 +7.5,+12.5 deg",offset,7.5,12.5,True,1.21,0.08999999999999986,0.8613440731618477,0.6324156020075193,1.1978544404993134
2.5,129,"demo_00 +7.5,+15 deg",offset,7.5,15.0,True,1.22,0.08999999999999986,0.8918087407283571,0.6657154632300617,1.0942379614917868
2.5,130,"demo_00 +10,-15 deg",offset,10.0,-15.0,True,0.96,-0.1200000000000001,0.5311138246252429,0.24312695865386857,1.057774890886937
2.5,131,"demo_00 +10,-12.5 deg",offset,10.0,-12.5,True,0.99,-0.08000000000000007,0.5501423698110407,0.27223414304555144,1.4681645964775676
2.5,132,"demo_00 +10,-10 deg",offset,10.0,-10.0,True,1.02,-0.050000000000000044,0.5718383094739402,0.30431376055089704,2.3785770019259465
2.5,133,"demo_00 +10,-7.5 deg",offset,10.0,-7.5,True,1.06,-0.010000000000000009,0.5958718401166443,0.3384694865577921,5.390217763834099
2.5,134,"demo_00 +10,-5 deg",offset,10.0,-5.0,True,1.09,0.020000000000000018,0.6219185696378802,0.3740269208911667,nan
2.5,135,"demo_00 +10,-2.5 deg",offset,10.0,-2.5,True,1.12,0.050000000000000044,0.6496665655525028,0.41030904857588063,4.7167958180266725
2.5,136,"demo_00 +10,+0 deg",offset,10.0,0.0,True,1.1500000000000001,0.07000000000000006,0.6788220448209756,0.4469254086650117,2.6809639435469848
2.5,137,"demo_00 +10,+2.5 deg",offset,10.0,2.5,True,1.17,0.07999999999999985,0.7091144766730153,0.48362755688117953,1.9584522281040724
2.5,138,"demo_00 +10,+5 deg",offset,10.0,5.0,True,1.18,0.08999999999999986,0.7403010067309437,0.5200323493880398,1.5829224640746449
2.5,139,"demo_00 +10,+7.5 deg",offset,10.0,7.5,True,1.2,0.09999999999999987,0.7721695147397899,0.5557023991365629,1.3531271580644617
2.5,140,"demo_00 +10,+10 deg",offset,10.0,10.0,True,1.21,0.09999999999999987,0.804539579061814,0.5912018425724382,1.2053850207006394
2.5,141,"demo_00 +10,+12.5 deg",offset,10.0,12.5,True,1.22,0.09999999999999987,0.8372610802119794,0.6258260931063518,1.0981325146217986
2.5,142,"demo_00 +10,+15 deg",offset,10.0,15.0,True,1.22,0.08999999999999986,0.8702108221937112,0.6595253476360664,1.0238396009324267
2.5,143,"demo_00 +12.5,-15 deg",offset,12.5,-15.0,True,0.9400000000000001,-0.12,0.4806089764874276,0.22571425404075496,1.1818903607773144
2.5,144,"demo_00 +12.5,-12.5 deg",offset,12.5,-12.5,True,0.98,-0.07000000000000006,0.50145944112295,0.25631685040108243,1.7822091522578207
2.5,145,"demo_00 +12.5,-10 deg",offset,12.5,-10.0,True,1.02,-0.030000000000000027,0.5252503616855358,0.28983734220080665,3.462507800682208
2.5,146,"demo_00 +12.5,-7.5 deg",offset,12.5,-7.5,True,1.06,0.010000000000000009,0.5515779972726256,0.32527141820076244,21.388629607754755
2.5,147,"demo_00 +12.5,-5 deg",offset,12.5,-5.0,True,1.1,0.040000000000000036,0.5800569514896313,0.3619028199813324,6.113439224352393
2.5,148,"demo_00 +12.5,-2.5 deg",offset,12.5,-2.5,True,1.1300000000000001,0.07000000000000006,0.6103272269082377,0.3990247284341241,2.903099311629631
2.5,149,"demo_00 +12.5,+0 deg",offset,12.5,0.0,True,1.1500000000000001,0.08000000000000007,0.6420581800156067,0.4367043980309796,2.022098475872357
2.5,150,"demo_00 +12.5,+2.5 deg",offset,12.5,2.5,True,1.17,0.08999999999999986,0.6749512149189388,0.4739520080583534,1.6048948730055776
2.5,151,"demo_00 +12.5,+5 deg",offset,12.5,5.0,True,1.19,0.09999999999999987,0.7087418521204963,0.511186399383471,1.3601404215525144
2.5,152,"demo_00 +12.5,+7.5 deg",offset,12.5,7.5,True,1.2,0.09999999999999987,0.7432008744099005,0.547804373670699,1.206925638415306
2.5,153,"demo_00 +12.5,+10 deg",offset,12.5,10.0,True,1.21,0.09999999999999987,0.7781339435234342,0.5836086987729746,1.097855049610961
2.5,154,"demo_00 +12.5,+12.5 deg",offset,12.5,12.5,True,1.22,0.09999999999999987,0.8133793677091375,0.6186164009976044,1.0157666867260755
2.5,155,"demo_00 +12.5,+15 deg",offset,12.5,15.0,True,1.23,0.09999999999999987,0.8488042669929874,0.6531587746632052,0.9513088131495009
2.5,156,"demo_00 +15,-15 deg",offset,15.0,-15.0,True,0.92,-0.12,0.429059007598231,0.20870791666642996,1.3995953150648448
2.5,157,"demo_00 +15,-12.5 deg",offset,15.0,-12.5,True,0.97,-0.06000000000000005,0.4520576527187235,0.24099786421772265,2.453738552752337
2.5,158,"demo_00 +15,-10 deg",offset,15.0,-10.0,True,1.01,-0.020000000000000018,0.4782628602601308,0.2759905324220254,7.994983154441032
2.5,159,"demo_00 +15,-7.5 deg",offset,15.0,-7.5,True,1.06,0.020000000000000018,0.5071713224630692,0.3126783866119752,8.611749502647541
2.5,160,"demo_00 +15,-5 deg",offset,15.0,-5.0,True,1.1,0.06000000000000005,0.5383229646771193,0.3503164961646227,3.120276562338732
2.5,161,"demo_00 +15,-2.5 deg",offset,15.0,-2.5,True,1.1400000000000001,0.09000000000000008,0.5713051073448743,0.388452797550658,2.031001384121156
2.5,162,"demo_00 +15,+0 deg",offset,15.0,0.0,True,1.16,0.09999999999999987,0.6057515401488149,0.42675676199345736,1.583393400489453
2.5,163,"demo_00 +15,+2.5 deg",offset,15.0,2.5,True,1.18,0.09999999999999987,0.6413401704066712,0.4649024379645943,1.3444550097166896
2.5,164,"demo_00 +15,+5 deg",offset,15.0,5.0,True,1.19,0.09999999999999987,0.6777908299147904,0.5024580914456342,1.1907224490466572
2.5,165,"demo_00 +15,+7.5 deg",offset,15.0,7.5,True,1.21,0.10999999999999988,0.7148632901018088,0.5396883701956997,1.0753715988851174
2.5,166,"demo_00 +15,+10 deg",offset,15.0,10.0,True,1.22,0.10999999999999988,0.7523548641723884,0.5762916531236588,0.9961587334325652
2.5,167,"demo_00 +15,+12.5 deg",offset,15.0,12.5,True,1.22,0.09999999999999987,0.7900970704622943,0.6120525187335855,0.9414307613324024
2.5,168,"demo_00 +15,+15 deg",offset,15.0,15.0,True,1.23,0.09999999999999987,0.8279513282903154,0.6469429093464526,0.8913417167704498
