law,omega,damping,arm,start,origin,replayed,first_step_m,reach_path_distance_m,reach_joint_error_deg,arrival_delay_s,arrived,arrival_time_s,left_goal,hold_error_m,hold_observed_s,success,training_path_distance_deg,demonstrator_training_path_distance_deg,training_path_ratio,tracking_error_deg,peak_reference_speed_dps,peak_hand_speed_mps,settling_time_s,final_distance_m,peak_torque_nm,effort_n2m2s,peak_external_force_n,reference_lead
,,,demonstrator,0,demo_00,,2.248695229651626e-09,0.0,0.0,0.0,True,1.11,False,1.055388501426935e-11,1.9999999999999998,True,0.0,0.0,nan,nan,nan,0.8572022752378818,1.11,5.420799638382024e-15,2.7066665931740523,3.5913335976138443,0.0,nan
,,,demonstrator,1,"demo_00 -15,-15 deg",,1.3006090637896707e-08,0.0,0.0,0.0,True,1.17,False,8.185356725659577e-12,2.0,True,10.762550191362198,10.762550191362198,1.0,nan,nan,1.385800316339431,1.17,5.420799638382024e-15,4.121841562631286,9.211992662269815,0.0,nan
,,,demonstrator,2,"demo_00 -15,-12.5 deg",,1.1891942404062492e-08,0.0,0.0,0.0,True,1.17,False,6.248673843711098e-12,2.0,True,9.73889307555764,9.73889307555764,1.0,nan,nan,1.3547937902688993,1.17,5.420799638382024e-15,4.099493370129581,8.986231367057671,0.0,nan
,,,demonstrator,3,"demo_00 -15,-10 deg",,1.0763121931103982e-08,0.0,0.0,0.0,True,1.16,False,4.748817466130098e-12,2.0,True,8.852111935220934,8.852111935220934,1.0,nan,nan,1.3272904748649692,1.16,6.265632927836534e-15,4.079974039484794,8.776472939874724,0.0,nan
,,,demonstrator,4,"demo_00 -15,-7.5 deg",,9.621936348533312e-09,0.0,0.0,0.0,True,1.16,False,2.4694152165633344e-12,2.0,True,7.972485786834196,7.972485786834196,1.0,nan,nan,1.3033264119002346,1.16,6.265632927836534e-15,4.062966665753825,8.58226217005907,0.0,nan
,,,demonstrator,5,"demo_00 -15,-5 deg",,8.472175791485815e-09,0.0,0.0,0.0,True,1.16,False,1.480573045881041e-13,2.0,True,7.20764547919915,7.20764547919915,1.0,nan,nan,1.283159961473271,1.16,3.9283700765566935e-15,4.048295341563624,8.4032498288265,0.0,nan
,,,demonstrator,6,"demo_00 -15,-2.5 deg",,7.32035292939856e-09,0.0,0.0,0.0,True,1.1500000000000001,False,2.5016067505620075e-12,1.9999999999999998,True,6.644371103904945,6.644371103904945,1.0,nan,nan,1.2670256684557932,1.1500000000000001,4.632437998758358e-15,4.0358518991321874,8.239193415750579,0.0,nan
,,,demonstrator,7,"demo_00 -15,+0 deg",,6.178288539991243e-09,0.0,0.0,0.0,True,1.1500000000000001,False,5.203006750940128e-12,1.9999999999999998,True,6.199678792285735,6.199678792285735,1.0,nan,nan,1.255125193217512,1.1500000000000001,5.111850690840453e-15,4.0254792424416435,8.089960934976036,0.0,nan
,,,demonstrator,8,"demo_00 -15,+2.5 deg",,5.06897241305203e-09,0.0,0.0,0.0,True,1.1500000000000001,False,7.94505989592018e-12,1.9999999999999998,True,5.961964530068546,5.961964530068546,1.0,nan,nan,1.2476187592773142,1.1500000000000001,5.512120354514498e-15,4.017264748207377,7.955538557028797,0.0,nan
,,,demonstrator,9,"demo_00 -15,+5 deg",,4.040757837302626e-09,0.0,0.0,0.0,True,1.1500000000000001,False,1.0722617108911373e-11,1.9999999999999998,True,6.177549531491353,6.177549531491353,1.0,nan,nan,1.2446179827123596,1.1500000000000001,5.512120354514498e-15,4.011338975206503,7.836043278782191,0.0,nan
,,,demonstrator,10,"demo_00 -15,+7.5 deg",,3.2007731824011957e-09,0.0,0.0,0.0,True,1.1500000000000001,False,1.352995965141884e-11,1.9999999999999998,True,6.916481093223364,6.916481093223364,1.0,nan,nan,1.2461809139262696,1.1500000000000001,5.4840971920226826e-15,4.0077810490855,7.731742052151308,0.0,nan
,,,demonstrator,11,"demo_00 -15,+10 deg",,2.760720745170359e-09,0.0,0.0,0.0,True,1.1500000000000001,False,1.6360106243626884e-11,1.9999999999999998,True,7.80203127141555,7.80203127141555,1.0,nan,nan,1.2523099352721858,1.1500000000000001,5.512120354514498e-15,4.006957266053331,7.6430793537183,0.0,nan
,,,demonstrator,12,"demo_00 -15,+12.5 deg",,2.937957652209379e-09,0.0,0.0,0.0,True,1.16,False,1.7214676738351456e-11,2.0,True,8.723299870928011,8.723299870928011,1.0,nan,nan,1.262994933912,1.16,5.512120354514498e-15,4.009056268234277,7.570715873681638,0.0,nan
,,,demonstrator,13,"demo_00 -15,+15 deg",,3.6665478353415965e-09,0.0,0.0,0.0,True,1.16,False,1.9775131177903494e-11,2.0,True,9.790680141901253,9.790680141901253,1.0,nan,nan,1.2783097830280905,1.16,5.512120354514498e-15,4.014607447779893,7.515582000749986,0.0,nan
,,,demonstrator,14,"demo_00 -12.5,-15 deg",,1.198498414317404e-08,0.0,0.0,0.0,True,1.16,False,9.507601913692582e-12,2.0,True,10.180198083558139,10.180198083558139,1.0,nan,nan,1.3109696527635448,1.16,5.420799638382024e-15,3.905800931772159,8.231561675415382,0.0,nan
,,,demonstrator,15,"demo_00 -12.5,-12.5 deg",,1.0885163048830756e-08,0.0,0.0,0.0,True,1.16,False,7.289123577337771e-12,2.0,True,9.077758779604899,9.077758779604899,1.0,nan,nan,1.2807475767369545,1.16,5.420799638382024e-15,3.884484230674614,8.026912764793586,0.0,nan
,,,demonstrator,16,"demo_00 -12.5,-10 deg",,9.773451943252488e-09,0.0,0.0,0.0,True,1.16,False,5.012579680130072e-12,2.0,True,8.032024963473367,8.032024963473367,1.0,nan,nan,1.254073728938317,1.16,5.0206146149789415e-15,3.865535161474111,7.837013384213697,0.0,nan
,,,demonstrator,17,"demo_00 -12.5,-7.5 deg",,8.653030721340699e-09,0.0,0.0,0.0,True,1.1500000000000001,False,2.9957732768444013e-12,1.9999999999999998,True,7.126269995158935,7.126269995158935,1.0,nan,nan,1.2312877358903587,1.1500000000000001,6.265632927836534e-15,3.848741715647046,7.661452194139329,0.0,nan
,,,demonstrator,18,"demo_00 -12.5,-5 deg",,7.529224401927114e-09,0.0,0.0,0.0,True,1.1500000000000001,False,3.5007252708724314e-13,1.9999999999999998,True,6.269358219504453,6.269358219504453,1.0,nan,nan,1.2124953318266123,1.1500000000000001,4.242156220644677e-15,3.8339458039085903,7.499915833654316,0.0,nan
,,,demonstrator,19,"demo_00 -12.5,-2.5 deg",,6.411441420695562e-09,0.0,0.0,0.0,True,1.1500000000000001,False,2.3533221572295944e-12,1.9999999999999998,True,5.569025933559436,5.569025933559436,1.0,nan,nan,1.1979331876505177,1.1500000000000001,4.632437998758358e-15,3.8209569797321397,7.35218948524307,0.0,nan
,,,demonstrator,20,"demo_00 -12.5,+0 deg",,5.317428480540089e-09,0.0,0.0,0.0,True,1.1500000000000001,False,5.093096658051559e-12,1.9999999999999998,True,5.069712412845691,5.069712412845691,1.0,nan,nan,1.1877979279847828,1.1500000000000001,5.111850690840453e-15,3.8098411921659157,7.218160415732983,0.0,nan
,,,demonstrator,21,"demo_00 -12.5,+2.5 deg",,4.283331476881593e-09,0.0,0.0,0.0,True,1.1500000000000001,False,7.869439500443058e-12,1.9999999999999998,True,4.811325794731997,4.811325794731997,1.0,nan,nan,1.1822366878366766,1.1500000000000001,5.420799638382024e-15,3.8006468572304626,7.097825305623489,0.0,nan
,,,demonstrator,22,"demo_00 -12.5,+5 deg",,3.387913338106368e-09,0.0,0.0,0.0,True,1.1500000000000001,False,1.0675523614621582e-11,1.9999999999999998,True,5.151697470863624,5.151697470863624,1.0,nan,nan,1.1813397013970426,1.1500000000000001,5.512120354514498e-15,3.7934259744183576,6.9913024250992555,0.0,nan
,,,demonstrator,23,"demo_00 -12.5,+7.5 deg",,2.7974702929495475e-09,0.0,0.0,0.0,True,1.1500000000000001,False,1.350517085984208e-11,1.9999999999999998,True,5.9817120350538255,5.9817120350538255,1.0,nan,nan,1.1851358745601712,1.1500000000000001,5.4840971920226826e-15,3.788410546163372,6.8988500588820685,0.0,nan
,,,demonstrator,24,"demo_00 -12.5,+10 deg",,2.74737799595257e-09,0.0,0.0,0.0,True,1.1500000000000001,False,1.635276759209539e-11,1.9999999999999998,True,6.956066060007412,6.956066060007412,1.0,nan,nan,1.1936377859218608,1.1500000000000001,5.4840971920226826e-15,3.7858600299042138,6.820893064240173,0.0,nan
,,,demonstrator,25,"demo_00 -12.5,+12.5 deg",,3.286184884156925e-09,0.0,0.0,0.0,True,1.1500000000000001,False,1.9211380546076832e-11,1.9999999999999998,True,8.03119072923262,8.03119072923262,1.0,nan,nan,1.2068886034931174,1.1500000000000001,5.4840971920226826e-15,3.786035603245714,6.75806012486996,0.0,nan
,,,demonstrator,26,"demo_00 -12.5,+15 deg",,4.210193868795532e-09,0.0,0.0,0.0,True,1.16,False,1.9785423361222944e-11,2.0,True,9.101599835869152,9.101599835869152,1.0,nan,nan,1.2245893173994868,1.16,5.512120354514498e-15,3.7894324614482855,6.711235220074674,0.0,nan
,,,demonstrator,27,"demo_00 -10,-15 deg",,1.0977999294765777e-08,0.0,0.0,0.0,True,1.16,False,9.721006485487938e-12,2.0,True,9.582090238800468,9.582090238800468,1.0,nan,nan,1.2353609828366903,1.16,5.420799638382024e-15,3.6900136492300475,7.30666332972808,0.0,nan
,,,demonstrator,28,"demo_00 -10,-12.5 deg",,9.894654218979339e-09,0.0,0.0,0.0,True,1.1500000000000001,False,8.310430727210037e-12,1.9999999999999998,True,8.48223193744255,8.48223193744255,1.0,nan,nan,1.2060517486601001,1.1500000000000001,5.420799638382024e-15,3.669338359150715,7.121857908878798,0.0,nan
,,,demonstrator,29,"demo_00 -10,-10 deg",,8.8025932986154e-09,0.0,0.0,0.0,True,1.1500000000000001,False,5.717112648126525e-12,1.9999999999999998,True,7.347989614561788,7.347989614561788,1.0,nan,nan,1.1804249131038627,1.1500000000000001,5.063396036227354e-15,3.6506838244813933,6.950635173973301,0.0,nan
,,,demonstrator,30,"demo_00 -10,-7.5 deg",,7.70620504688926e-09,0.0,0.0,0.0,True,1.1500000000000001,False,3.0702673207999392e-12,1.9999999999999998,True,6.283607093735563,6.283607093735563,1.0,nan,nan,1.1588533027045107,1.1500000000000001,6.265632927836534e-15,3.6338374195888505,6.7926252866183345,0.0,nan
,,,demonstrator,31,"demo_00 -10,-5 deg",,6.613046371623631e-09,0.0,0.0,0.0,True,1.1400000000000001,False,4.220600113256641e-13,2.0,True,5.371905275532018,5.371905275532018,1.0,nan,nan,1.1415896949169695,1.1400000000000001,4.39625888431457e-15,3.6185867954570305,6.647549175005652,0.0,nan
,,,demonstrator,32,"demo_00 -10,-2.5 deg",,5.5369791098869046e-09,0.0,0.0,0.0,True,1.1400000000000001,False,2.6359738633227643e-12,2.0,True,4.5715470818324935,4.5715470818324935,1.0,nan,nan,1.1287742500817772,1.1400000000000001,4.555974381910842e-15,3.6049730221433522,6.5152190777500305,0.0,nan
,,,demonstrator,33,"demo_00 -10,+0 deg",,4.5053978624616545e-09,0.0,0.0,0.0,True,1.1400000000000001,False,5.730613243399441e-12,2.0,True,4.000538462351017,4.000538462351017,1.0,nan,nan,1.1205951682187396,1.1400000000000001,5.111850690840453e-15,3.5929792476311544,6.395542027274809,0.0,nan
,,,demonstrator,34,"demo_00 -10,+2.5 deg",,3.5766846947716477e-09,0.0,0.0,0.0,True,1.1400000000000001,False,8.860582403851514e-12,2.0,True,3.720676610262821,3.720676610262821,1.0,nan,nan,1.1171814294260687,1.1400000000000001,5.512120354514498e-15,3.5826327962157407,6.288527046188187,0.0,nan
,,,demonstrator,35,"demo_00 -10,+5 deg",,2.8777196182804195e-09,0.0,0.0,0.0,True,1.1400000000000001,False,1.2016843259459575e-11,2.0,True,4.2628121970554735,4.2628121970554735,1.0,nan,nan,1.1185954812294523,1.1400000000000001,5.512120354514498e-15,3.5740674523621356,6.194297066766844,0.0,nan
,,,demonstrator,36,"demo_00 -10,+7.5 deg",,2.6279056345224363e-09,0.0,0.0,0.0,True,1.1400000000000001,False,1.519413597549882e-11,2.0,True,5.208742494885825,5.208742494885825,1.0,nan,nan,1.1248897752913958,1.1400000000000001,5.512120354514498e-15,3.5675733615011502,6.113106914586723,0.0,nan
,,,demonstrator,37,"demo_00 -10,+10 deg",,2.967535199643352e-09,0.0,0.0,0.0,True,1.1500000000000001,False,1.6479345338398504e-11,1.9999999999999998,True,6.236982057553702,6.236982057553702,1.0,nan,nan,1.1360616194993496,1.1500000000000001,5.4840971920226826e-15,3.563227787320326,6.0453691610963025,0.0,nan
,,,demonstrator,38,"demo_00 -10,+12.5 deg",,3.757303209766413e-09,0.0,0.0,0.0,True,1.1500000000000001,False,1.9346242952964997e-11,1.9999999999999998,True,7.395006322751494,7.395006322751494,1.0,nan,nan,1.1518725146478277,1.1500000000000001,5.4840971920226826e-15,3.561542788541348,5.991690301152609,0.0,nan
,,,demonstrator,39,"demo_00 -10,+15 deg",,4.792199571050257e-09,0.0,0.0,0.0,True,1.1500000000000001,False,2.221097634384334e-11,1.9999999999999998,True,8.60959182713233,8.60959182713233,1.0,nan,nan,1.1721205866872795,1.1500000000000001,5.512120354514498e-15,3.5628969208724923,5.952920626491927,0.0,nan
,,,demonstrator,40,"demo_00 -7.5,-15 deg",,9.987037153485205e-09,0.0,0.0,0.0,True,1.1500000000000001,False,1.0904180782940557e-11,1.9999999999999998,True,9.126774210355928,9.126774210355928,1.0,nan,nan,1.1590290144251114,1.1500000000000001,5.420799638382024e-15,3.473823712261943,6.436452872405535,0.0,nan
,,,demonstrator,41,"demo_00 -7.5,-12.5 deg",,8.922428967286782e-09,0.0,0.0,0.0,True,1.1500000000000001,False,8.31420396148772e-12,1.9999999999999998,True,7.8924157718108505,7.8924157718108505,1.0,nan,nan,1.1307336810403144,1.1500000000000001,5.420799638382024e-15,3.4535266867506937,6.270309852499109,0.0,nan
,,,demonstrator,42,"demo_00 -7.5,-10 deg",,7.85282216143244e-09,0.0,0.0,0.0,True,1.1400000000000001,False,6.326662420085554e-12,2.0,True,6.740215512319023,6.740215512319023,1.0,nan,nan,1.1063419058772446,1.1400000000000001,5.0206146149789415e-15,3.434882207097691,6.116660713490587,0.0,nan
,,,demonstrator,43,"demo_00 -7.5,-7.5 deg",,6.784331560989521e-09,0.0,0.0,0.0,True,1.1400000000000001,False,3.3240415391399806e-12,2.0,True,5.572951719560627,5.572951719560627,1.0,nan,nan,1.0861718073215998,1.1400000000000001,6.265632927836534e-15,3.417667469255278,5.975174999894657,0.0,nan
,,,demonstrator,44,"demo_00 -7.5,-5 deg",,5.727883601919532e-09,0.0,0.0,0.0,True,1.1400000000000001,False,2.7778135061231134e-13,2.0,True,4.49589082033599,4.49589082033599,1.0,nan,nan,1.0705556394903446,1.1400000000000001,3.9283700765566935e-15,3.4018960553117523,5.845606599053205,0.0,nan
,,,demonstrator,45,"demo_00 -7.5,-2.5 deg",,4.7044772650828305e-09,0.0,0.0,0.0,True,1.1400000000000001,False,2.8221338278161836e-12,2.0,True,3.5776302118395775,3.5776302118395775,1.0,nan,nan,1.0596861615641888,1.1400000000000001,4.491946442396235e-15,3.3874977650460902,5.72779441749944,0.0,nan
,,,demonstrator,46,"demo_00 -7.5,+0 deg",,3.757785419972084e-09,0.0,0.0,0.0,True,1.1300000000000001,False,6.63634018687123e-12,1.9999999999999998,True,2.9439415675816205,2.9439415675816205,1.0,nan,nan,1.053680318723238,1.1300000000000001,5.3302268750589315e-15,3.374478503572956,5.621665975564814,0.0,nan
,,,demonstrator,47,"demo_00 -7.5,+2.5 deg",,2.9833849009199473e-09,0.0,0.0,0.0,True,1.1300000000000001,False,1.0157446768884036e-11,1.9999999999999998,True,2.65161482227211,2.65161482227211,1.0,nan,nan,1.0526419825787714,1.1300000000000001,5.512120354514498e-15,3.3629102396336954,5.527244659883047,0.0,nan
,,,demonstrator,48,"demo_00 -7.5,+5 deg",,2.568511381109801e-09,0.0,0.0,0.0,True,1.1400000000000001,False,1.2282390481256144e-11,2.0,True,3.4683880323559872,3.4683880323559872,1.0,nan,nan,1.0566801569519566,1.1400000000000001,5.512120354514498e-15,3.353057702977761,5.444661602010268,0.0,nan
,,,demonstrator,49,"demo_00 -7.5,+7.5 deg",,2.7085703191560943e-09,0.0,0.0,0.0,True,1.1400000000000001,False,1.5474734671017936e-11,2.0,True,4.540546377596946,4.540546377596946,1.0,nan,nan,1.0657353450451237,1.1400000000000001,5.512120354514498e-15,3.344938189975979,5.374173470714148,0.0,nan
,,,demonstrator,50,"demo_00 -7.5,+10 deg",,3.3526282310028725e-09,0.0,0.0,0.0,True,1.1400000000000001,False,1.867564416381163e-11,2.0,True,5.723848330371508,5.723848330371508,1.0,nan,nan,1.07964364031542,1.1400000000000001,5.512120354514498e-15,3.3390023020351567,5.316187912122488,0.0,nan
,,,demonstrator,51,"demo_00 -7.5,+12.5 deg",,4.292373849452168e-09,0.0,0.0,0.0,True,1.1400000000000001,False,2.187619612948762e-11,2.0,True,6.971047485370299,6.971047485370299,1.0,nan,nan,1.0982038941117551,1.1400000000000001,5.512120354514498e-15,3.3354953264411424,5.271298997006174,0.0,nan
,,,demonstrator,52,"demo_00 -7.5,+15 deg",,5.384705915598517e-09,0.0,0.0,0.0,True,1.1500000000000001,False,2.2470761083848304e-11,1.9999999999999998,True,8.188533735092438,8.188533735092438,1.0,nan,nan,1.121161127734598,1.1500000000000001,5.512120354514498e-15,3.334885358076542,5.240335908108763,0.0,nan
,,,demonstrator,53,"demo_00 -5,-15 deg",,9.013996171861456e-09,0.0,0.0,0.0,True,1.1400000000000001,False,1.2031167171534369e-11,2.0,True,8.690804127997184,8.690804127997184,1.0,nan,nan,1.0820311623179162,1.1400000000000001,5.420799638382024e-15,3.2567434317750736,5.620368747147735,0.0,nan
,,,demonstrator,54,"demo_00 -5,-12.5 deg",,7.970550576528306e-09,0.0,0.0,0.0,True,1.1400000000000001,False,9.08640611064496e-12,2.0,True,7.432521381958587,7.432521381958587,1.0,nan,nan,1.0548638218897304,1.1400000000000001,5.420799638382024e-15,3.236511293138646,5.471782892738027,0.0,nan
,,,demonstrator,55,"demo_00 -5,-10 deg",,6.9266035428942745e-09,0.0,0.0,0.0,True,1.1400000000000001,False,6.086107631810465e-12,2.0,True,6.165456649857062,6.165456649857062,1.0,nan,nan,1.0318519794742127,1.1400000000000001,5.0206146149789415e-15,3.2175830865377764,5.334672673016947,0.0,nan
,,,demonstrator,56,"demo_00 -5,-7.5 deg",,5.8908282543742885e-09,0.0,0.0,0.0,True,1.1300000000000001,False,3.3896404401496153e-12,1.9999999999999998,True,4.957913960028026,4.957913960028026,1.0,nan,nan,1.0133297402881134,1.1300000000000001,6.265632927836534e-15,3.199940838770546,5.208745146669449,0.0,nan
,,,demonstrator,57,"demo_00 -5,-5 deg",,4.879459468617566e-09,0.0,0.0,0.0,True,1.1300000000000001,False,8.080143375332903e-14,1.9999999999999998,True,3.75368464849518,3.75368464849518,1.0,nan,nan,0.9995883175659616,1.1300000000000001,3.884194229483362e-15,3.1834708163382057,5.093786083471478,0.0,nan
,,,demonstrator,58,"demo_00 -5,-2.5 deg",,3.925442813573592e-09,0.0,0.0,0.0,True,1.1300000000000001,False,3.5459494454001544e-12,1.9999999999999998,True,2.6786179951776896,2.6786179951776896,1.0,nan,nan,0.9908584136860563,1.1300000000000001,4.577566798522238e-15,3.1681599605294704,4.989660919095671,0.0,nan
,,,demonstrator,59,"demo_00 -5,+0 deg",,3.1004715288948265e-09,0.0,0.0,0.0,True,1.1300000000000001,False,7.066572325987941e-12,1.9999999999999998,True,1.8908796364316314,1.8908796364316314,1.0,nan,nan,0.9872946318853695,1.1300000000000001,5.3302268750589315e-15,3.1540503035985186,4.896318620833399,0.0,nan
,,,demonstrator,60,"demo_00 -5,+2.5 deg",,2.5558982988085895e-09,0.0,0.0,0.0,True,1.1300000000000001,False,1.0611793670167054e-11,1.9999999999999998,True,1.8423910691393575,1.8423910691393575,1.0,nan,nan,0.9889642626005631,1.1300000000000001,5.512120354514498e-15,3.141325765908172,4.8137991752650855,0.0,nan
,,,demonstrator,61,"demo_00 -5,+5 deg",,2.5059638703414746e-09,0.0,0.0,0.0,True,1.1300000000000001,False,1.4174833277514584e-11,1.9999999999999998,True,2.8962570253240454,2.8962570253240454,1.0,nan,nan,0.9958423308989035,1.1300000000000001,5.512120354514498e-15,3.1300411225384877,4.742245630711656,0.0,nan
,,,demonstrator,62,"demo_00 -5,+7.5 deg",,2.9940307419163825e-09,0.0,0.0,0.0,True,1.1300000000000001,False,1.7746961787328747e-11,1.9999999999999998,True,4.112408088240441,4.112408088240441,1.0,nan,nan,1.0078137947593182,1.1300000000000001,5.512120354514498e-15,3.1204972291753124,4.681921936498671,0.0,nan
,,,demonstrator,63,"demo_00 -5,+10 deg",,3.832856458260762e-09,0.0,0.0,0.0,True,1.1400000000000001,False,1.911241148869807e-11,2.0,True,5.35504335643123,5.35504335643123,1.0,nan,nan,1.024682514000245,1.1400000000000001,5.512120354514498e-15,3.1129173529879672,4.633238252087861,0.0,nan
,,,demonstrator,64,"demo_00 -5,+12.5 deg",,4.853554839727505e-09,0.0,0.0,0.0,True,1.1400000000000001,False,2.2310756869405538e-11,2.0,True,6.667287798282184,6.667287798282184,1.0,nan,nan,1.0461854576372835,1.1400000000000001,5.512120354514498e-15,3.107690688831333,4.596785999469857,0.0,nan
,,,demonstrator,65,"demo_00 -5,+15 deg",,5.9706536056044636e-09,0.0,0.0,0.0,True,1.1500000000000001,False,2.2853463696667816e-11,1.9999999999999998,True,7.932950423380334,7.932950423380334,1.0,nan,nan,1.0720099185383267,1.1500000000000001,5.512120354514498e-15,3.105364492085878,4.573385765587662,0.0,nan
,,,demonstrator,66,"demo_00 -2.5,-15 deg",,8.060780516263939e-09,0.0,0.0,0.0,True,1.1400000000000001,False,1.1700196685466373e-11,2.0,True,8.120902212103429,8.120902212103429,1.0,nan,nan,1.0044293117914116,1.1400000000000001,5.420799638382024e-15,3.0382213127455886,4.8580989963797325,0.0,nan
,,,demonstrator,67,"demo_00 -2.5,-12.5 deg",,7.041178234712892e-09,0.0,0.0,0.0,True,1.1300000000000001,False,9.710109846173695e-12,1.9999999999999998,True,6.938359574781361,6.938359574781361,1.0,nan,nan,0.978522181652345,1.1300000000000001,5.420799638382024e-15,3.017791299359836,4.7260305084320455,0.0,nan
,,,demonstrator,68,"demo_00 -2.5,-10 deg",,6.026737968830051e-09,0.0,0.0,0.0,True,1.1300000000000001,False,6.312810395239974e-12,1.9999999999999998,True,5.676262714408268,5.676262714408268,1.0,nan,nan,0.9570607338242083,1.1300000000000001,5.0206146149789415e-15,2.998519747525417,4.60448335085236,0.0,nan
,,,demonstrator,69,"demo_00 -2.5,-7.5 deg",,5.030089356376903e-09,0.0,0.0,0.0,True,1.12,False,3.1989441612768734e-12,2.0,True,4.439265681005834,4.439265681005834,1.0,nan,nan,0.9403958485411729,1.12,6.265632927836534e-15,2.9802591521183155,4.493200482119453,0.0,nan
,,,demonstrator,70,"demo_00 -2.5,-5 deg",,4.076247322437642e-09,0.0,0.0,0.0,True,1.12,False,6.907904727215477e-13,2.0,True,3.145426020257325,3.145426020257325,1.0,nan,nan,0.9288220402815105,1.12,3.7105374255538066e-15,2.962978210986333,4.391998740991285,0.0,nan
,,,demonstrator,71,"demo_00 -2.5,-2.5 deg",,3.218966804459608e-09,0.0,0.0,0.0,True,1.12,False,4.614614650194499e-12,2.0,True,1.8929585974569376,1.8929585974569376,1.0,nan,nan,0.9225566071177497,1.12,4.930190325141863e-15,2.9466940994569413,4.300770217888565,0.0,nan
,,,demonstrator,72,"demo_00 -2.5,+0 deg",,2.5765494696997505e-09,0.0,0.0,0.0,True,1.12,False,8.569588072906966e-12,2.0,True,0.8980090771678382,0.8980090771678382,1.0,nan,nan,0.921722586026464,1.12,5.420799638382024e-15,2.931524656309479,4.219486542843671,0.0,nan
,,,demonstrator,73,"demo_00 -2.5,+2.5 deg",,2.3548202162638333e-09,0.0,0.0,0.0,True,1.12,False,1.2544217609271818e-11,2.0,True,1.3426102757979932,1.3426102757979932,1.0,nan,nan,0.926338507032286,1.12,5.512120354514498e-15,2.917554886787044,4.148206777800483,0.0,nan
,,,demonstrator,74,"demo_00 -2.5,+5 deg",,2.679333090475305e-09,0.0,0.0,0.0,True,1.12,False,1.6532952106758355e-11,2.0,True,2.6081337614895856,2.6081337614895856,1.0,nan,nan,0.9363169168290246,1.12,5.512120354514498e-15,2.904970039142289,4.087089817475143,0.0,nan
,,,demonstrator,75,"demo_00 -2.5,+7.5 deg",,3.410813404864496e-09,0.0,0.0,0.0,True,1.1300000000000001,False,1.8396928053226972e-11,1.9999999999999998,True,3.9123409319262543,3.9123409319262543,1.0,nan,nan,0.9514719716074004,1.1300000000000001,5.512120354514498e-15,2.893974757293806,4.036412503618613,0.0,nan
,,,demonstrator,76,"demo_00 -2.5,+10 deg",,4.358673709460432e-09,0.0,0.0,0.0,True,1.1300000000000001,False,2.1970328237686047e-11,1.9999999999999998,True,5.26196166850563,5.26196166850563,1.0,nan,nan,0.9715346249481005,1.1300000000000001,5.512120354514498e-15,2.8848916174401085,3.996595074620379,0.0,nan
,,,demonstrator,77,"demo_00 -2.5,+12.5 deg",,5.41770722617668e-09,0.0,0.0,0.0,True,1.1400000000000001,False,2.2885082242365977e-11,2.0,True,6.567441649231515,6.567441649231515,1.0,nan,nan,0.9961726578393981,1.1400000000000001,5.512120354514498e-15,2.8780899792565586,3.968236149724616,0.0,nan
,,,demonstrator,78,"demo_00 -2.5,+15 deg",,6.539195351452728e-09,0.0,0.0,0.0,True,1.1400000000000001,False,2.6059358597348366e-11,2.0,True,7.921503102770436,7.921503102770436,1.0,nan,nan,1.0250123632816455,1.1400000000000001,5.512120354514498e-15,2.874236243215602,3.9521602418489987,0.0,nan
,,,demonstrator,79,"demo_00 +0,-15 deg",,7.1293269710023785e-09,0.0,0.0,0.0,True,1.1300000000000001,False,1.2464555791349802e-11,1.9999999999999998,True,7.5568923326608894,7.5568923326608894,1.0,nan,nan,0.9262923556533346,1.1300000000000001,5.420799638382024e-15,2.8178131821315535,4.149551456701889,0.0,nan
,,,demonstrator,80,"demo_00 +0,-12.5 deg",,6.136652786812952e-09,0.0,0.0,0.0,True,1.12,False,1.0119384723595034e-11,2.0,True,6.377246175289189,6.377246175289189,1.0,nan,nan,0.9018029946362918,1.12,5.420799638382024e-15,2.7971156402647295,4.033016908999813,0.0,nan
,,,demonstrator,81,"demo_00 +0,-10 deg",,5.156632535617896e-09,0.0,0.0,0.0,True,1.12,False,6.279697364441072e-12,2.0,True,5.122756451871138,5.122756451871138,1.0,nan,nan,0.8820976724419406,1.12,5.420799638382024e-15,2.777302928319899,3.9261074850285227,0.0,nan
,,,demonstrator,82,"demo_00 +0,-7.5 deg",,4.208336770469893e-09,0.0,0.0,0.0,True,1.11,False,2.670350183419194e-12,1.9999999999999998,True,3.8891417906546457,3.8891417906546457,1.0,nan,nan,0.8675439471940947,1.11,5.978733960281817e-15,2.7583239575669154,3.8286006939069708,0.0,nan
,,,demonstrator,83,"demo_00 +0,-5 deg",,3.3320856204315783e-09,0.0,0.0,0.0,True,1.11,False,1.7079916702922692e-12,1.9999999999999998,True,2.6022551723041376,2.6022551723041376,1.0,nan,nan,0.8584343356204575,1.11,4.242156220644677e-15,2.74017525073152,3.7403439077772553,0.0,nan
,,,demonstrator,84,"demo_00 +0,-2.5 deg",,2.6183955009126554e-09,0.0,0.0,0.0,True,1.11,False,6.118671387034696e-12,1.9999999999999998,True,1.3056205598504806,1.3056205598504806,1.0,nan,nan,0.8549618455065551,1.11,5.0206146149789415e-15,2.7229181217707517,3.661256279955478,0.0,nan
,,,demonstrator,85,"demo_00 +0,+2.5 deg",,2.406355402191245e-09,0.0,0.0,0.0,True,1.11,False,1.500397048391294e-11,1.9999999999999998,True,1.3499602816745566,1.3499602816745566,1.0,nan,nan,0.8651069252921887,1.11,5.512120354514498e-15,2.6915119664758738,3.530656739138553,0.0,nan
,,,demonstrator,86,"demo_00 +0,+5 deg",,3.023430423546049e-09,0.0,0.0,0.0,True,1.12,False,1.7443250005920373e-11,2.0,True,2.6929104496170755,2.6929104496170755,1.0,nan,nan,0.8785073250612598,1.12,5.512120354514498e-15,2.6776467670430497,3.479404618805106,0.0,nan
,,,demonstrator,87,"demo_00 +0,+7.5 deg",,3.897105707376733e-09,0.0,0.0,0.0,True,1.12,False,2.143390799968036e-11,2.0,True,4.054850195212392,4.054850195212392,1.0,nan,nan,0.8971309316666065,1.12,5.4840971920226826e-15,2.6653390232430816,3.437872795132814,0.0,nan
,,,demonstrator,88,"demo_00 +0,+10 deg",,4.89915587402376e-09,0.0,0.0,0.0,True,1.1300000000000001,False,2.2779378606086703e-11,1.9999999999999998,True,5.376867912810926,5.376867912810926,1.0,nan,nan,0.9206245071965501,1.1300000000000001,5.512120354514498e-15,2.654876971737181,3.4064993243378483,0.0,nan
,,,demonstrator,89,"demo_00 +0,+12.5 deg",,5.97046271357047e-09,0.0,0.0,0.0,True,1.1300000000000001,False,2.6325913345708606e-11,1.9999999999999998,True,6.735418744753007,6.735418744753007,1.0,nan,nan,0.9485808043473737,1.1300000000000001,5.512120354514498e-15,2.646819025466831,3.385899996682573,0.0,nan
,,,demonstrator,90,"demo_00 +0,+15 deg",,7.083099961302476e-09,0.0,0.0,0.0,True,1.1400000000000001,False,2.6753028183583827e-11,2.0,True,8.028795054611413,8.028795054611413,1.0,nan,nan,0.9805644491205098,1.1400000000000001,5.512120354514498e-15,2.641679365798739,3.376915851708389,0.0,nan
,,,demonstrator,91,"demo_00 +2.5,-15 deg",,6.221645592107592e-09,0.0,0.0,0.0,True,1.12,False,1.3007463764019973e-11,2.0,True,6.932563639303647,6.932563639303647,1.0,nan,nan,0.8477000430297071,1.12,5.420799638382024e-15,2.5952720664492293,3.4948272012644463,0.0,nan
,,,demonstrator,92,"demo_00 +2.5,-12.5 deg",,5.259659365797909e-09,0.0,0.0,0.0,True,1.11,False,1.0231817370602544e-11,1.9999999999999998,True,5.754825556150323,5.754825556150323,1.0,nan,nan,0.8248218959836214,1.11,5.512120354514498e-15,2.5741104396301027,3.3928916779689655,0.0,nan
,,,demonstrator,93,"demo_00 +2.5,-10 deg",,4.320848362397161e-09,0.0,0.0,0.0,True,1.11,False,5.898841171310609e-12,1.9999999999999998,True,4.507387300457787,4.507387300457787,1.0,nan,nan,0.807127689930382,1.11,6.265632927836534e-15,2.5536647043762097,3.2997380258531384,0.0,nan
,,,demonstrator,94,"demo_00 +2.5,-7.5 deg",,3.4354306731278907e-09,0.0,0.0,0.0,True,1.1,False,1.7005270230627615e-12,2.0,True,3.2759776969961907,3.2759776969961907,1.0,nan,nan,0.7949996289666094,1.1,4.890025172686938e-15,2.533914108615261,3.215177236558949,0.0,nan
,,,demonstrator,95,"demo_00 +2.5,-5 deg",,2.6716525568590387e-09,0.0,0.0,0.0,True,1.1,False,3.2201659310963773e-12,2.0,True,1.996431528752648,1.996431528752648,1.0,nan,nan,0.788718489118506,1.1,4.555974381910842e-15,2.514869835956094,3.139086976074449,0.0,nan
,,,demonstrator,96,"demo_00 +2.5,-2.5 deg",,2.1800152531160984e-09,0.0,0.0,0.0,True,1.1,False,8.167110843869849e-12,2.0,True,0.7073414776894524,0.7073414776894524,1.0,nan,nan,0.7884355790748803,1.1,5.3302268750589315e-15,2.4966760349968644,3.0714141718181915,0.0,nan
,,,demonstrator,97,"demo_00 +2.5,+0 deg",,2.1729192070444448e-09,0.0,0.0,0.0,True,1.1,False,1.3132668386661927e-11,2.0,True,0.5903960363225216,0.5903960363225216,1.0,nan,nan,0.7941563913216193,1.1,5.512120354514498e-15,2.479343933954772,3.0121805642213095,0.0,nan
,,,demonstrator,98,"demo_00 +2.5,+2.5 deg",,2.6680103035955716e-09,0.0,0.0,0.0,True,1.11,False,1.6229542296807796e-11,1.9999999999999998,True,1.8801197193375954,1.8801197193375954,1.0,nan,nan,0.8057399027482046,1.11,5.512120354514498e-15,2.4630610649057294,2.961491881182021,0.0,nan
,,,demonstrator,99,"demo_00 +2.5,+5 deg",,3.4658893279543377e-09,0.0,0.0,0.0,True,1.11,False,2.068559624330653e-11,1.9999999999999998,True,3.181669085347461,3.181669085347461,1.0,nan,nan,0.8229136987489346,1.11,5.512120354514498e-15,2.448051654328507,2.919551503828615,0.0,nan
,,,demonstrator,100,"demo_00 +2.5,+7.5 deg",,4.41230635976509e-09,0.0,0.0,0.0,True,1.12,False,2.2525529477086606e-11,2.0,True,4.456120563634844,4.456120563634844,1.0,nan,nan,0.845301234604958,1.12,5.512120354514498e-15,2.4345545789648466,2.8866797806034468,0.0,nan
,,,demonstrator,101,"demo_00 +2.5,+10 deg",,5.435371923270253e-09,0.0,0.0,0.0,True,1.12,False,2.6489346278815573e-11,2.0,True,5.776323540623945,5.776323540623945,1.0,nan,nan,0.8724552134241127,1.12,5.512120354514498e-15,2.423014273125793,2.863340541760409,0.0,nan
,,,demonstrator,102,"demo_00 +2.5,+12.5 deg",,6.5025311371964764e-09,0.0,0.0,0.0,True,1.1300000000000001,False,2.7271680297947197e-11,1.9999999999999998,True,7.050747946832506,7.050747946832506,1.0,nan,nan,0.903890923859294,1.1300000000000001,5.512120354514498e-15,2.413887613249653,2.8501769041591327,0.0,nan
,,,demonstrator,103,"demo_00 +2.5,+15 deg",,7.597306240592079e-09,0.0,0.0,0.0,True,1.1400000000000001,False,2.7577927953434652e-11,2.0,True,8.311541876891955,8.311541876891955,1.0,nan,nan,0.9391512786670838,1.1400000000000001,5.512120354514498e-15,2.4078679996434986,2.848059180528263,0.0,nan
,,,demonstrator,104,"demo_00 +5,-15 deg",,5.33990405654175e-09,0.0,0.0,0.0,True,1.1,False,1.4773949389906632e-11,2.0,True,6.303718035010635,6.303718035010635,1.0,nan,nan,0.7687491159936226,1.1,5.420799638382024e-15,2.370248458830512,2.894196767570498,0.0,nan
,,,demonstrator,105,"demo_00 +5,-12.5 deg",,4.413550561726693e-09,0.0,0.0,0.0,True,1.1,False,9.944940734019849e-12,2.0,True,5.0747277119413345,5.0747277119413345,1.0,nan,nan,0.7477274289912007,1.1,5.512120354514498e-15,2.348533646980398,2.805967075871376,0.0,nan
,,,demonstrator,106,"demo_00 +5,-10 deg",,3.526280638030129e-09,0.0,0.0,0.0,True,1.1,False,5.066280339001732e-12,2.0,True,3.833980455516702,3.833980455516702,1.0,nan,nan,0.7323693348648487,1.1,6.169484474161015e-15,2.327405076038223,2.7257244580778703,0.0,nan
,,,demonstrator,107,"demo_00 +5,-7.5 deg",,2.7289284319467467e-09,0.0,0.0,0.0,True,1.09,False,1.7200722977624683e-13,1.9999999999999998,True,2.603958954829355,2.603958954829355,1.0,nan,nan,0.7230655878036096,1.09,3.2652638748082423e-15,2.306837969304595,2.6533126210251616,0.0,nan
,,,demonstrator,108,"demo_00 +5,-5 deg",,2.1407853071712115e-09,0.0,0.0,0.0,True,1.09,False,5.3521077435517255e-12,1.9999999999999998,True,1.3314368562388694,1.3314368562388694,1.0,nan,nan,0.7200675589429292,1.09,4.577566798522238e-15,2.2869792263614954,2.5886396019823605,0.0,nan
,,,demonstrator,109,"demo_00 +5,-2.5 deg",,1.9768214080237903e-09,0.0,0.0,0.0,True,1.09,False,1.0892252713367885e-11,1.9999999999999998,True,0.049527184991027776,0.049527184991027776,nan,nan,nan,0.7234569339560948,1.09,5.420799638382024e-15,2.2677979075164947,2.531681138847694,0.0,nan
,,,demonstrator,110,"demo_00 +5,+0 deg",,2.342089804751677e-09,0.0,0.0,0.0,True,1.1,False,1.4738673330813776e-11,2.0,True,1.2304911090449369,1.2304911090449369,1.0,nan,nan,0.7331351824922723,1.1,5.512120354514498e-15,2.249473406367896,2.4824870468452946,0.0,nan
,,,demonstrator,111,"demo_00 +5,+2.5 deg",,3.062129699993377e-09,0.0,0.0,0.0,True,1.1,False,1.9712437144971707e-11,2.0,True,2.5177304823931896,2.5177304823931896,1.0,nan,nan,0.7488357975166522,1.1,5.512120354514498e-15,2.2321952200845563,2.441191254484343,0.0,nan
,,,demonstrator,112,"demo_00 +5,+5 deg",,3.954533388658091e-09,0.0,0.0,0.0,True,1.11,False,2.2118073039584715e-11,1.9999999999999998,True,3.7798274251830413,3.7798274251830413,1.0,nan,nan,0.7701558225604429,1.11,5.512120354514498e-15,2.216162686285562,2.4080263607132286,0.0,nan
,,,demonstrator,113,"demo_00 +5,+7.5 deg",,4.931643981809948e-09,0.0,0.0,0.0,True,1.11,False,2.654596138364966e-11,1.9999999999999998,True,5.068561153787403,5.068561153787403,1.0,nan,nan,0.7965983796976256,1.11,5.512120354514498e-15,2.20174479098812,2.3833438605086883,0.0,nan
,,,demonstrator,114,"demo_00 +5,+10 deg",,5.955422612705357e-09,0.0,0.0,0.0,True,1.12,False,2.773874881830991e-11,2.0,True,6.309209214827455,6.309209214827455,1.0,nan,nan,0.827616726646087,1.12,5.512120354514498e-15,2.189349362475932,2.3676415734927265,0.0,nan
,,,demonstrator,115,"demo_00 +5,+12.5 deg",,7.007624576614479e-09,0.0,0.0,0.0,True,1.1300000000000001,False,2.8366464704723908e-11,1.9999999999999998,True,7.533454409007347,7.533454409007347,1.0,nan,nan,0.8627647505451472,1.1300000000000001,5.512120354514498e-15,2.1795694235844163,2.361600332054404,0.0,nan
,,,demonstrator,116,"demo_00 +5,+15 deg",,8.078118242953889e-09,0.0,0.0,0.0,True,1.1300000000000001,False,3.183067985006994e-11,1.9999999999999998,True,8.819526418586488,8.819526418586488,1.0,nan,nan,0.901503629391172,1.1300000000000001,5.512120354514498e-15,2.1733368632587386,2.3661326789589214,0.0,nan
,,,demonstrator,117,"demo_00 +7.5,-15 deg",,4.486601223998357e-09,0.0,0.0,0.0,True,1.09,False,1.4576185328025246e-11,1.9999999999999998,True,5.562520723070491,5.562520723070491,1.0,nan,nan,0.689563596116237,1.09,5.420799638382024e-15,2.1425201969649996,2.3480787807658454,0.0,nan
,,,demonstrator,118,"demo_00 +7.5,-12.5 deg",,3.603058265675031e-09,0.0,0.0,0.0,True,1.09,False,9.136658802669771e-12,1.9999999999999998,True,4.339819089031135,4.339819089031135,1.0,nan,nan,0.6707202949641452,1.09,5.512120354514498e-15,2.1202057211500063,2.2726976357459394,0.0,nan
,,,demonstrator,119,"demo_00 +7.5,-10 deg",,2.784927773166014e-09,0.0,0.0,0.0,True,1.08,False,4.075684666642106e-12,2.0,True,3.1315453422783905,3.1315453422783905,1.0,nan,nan,0.6581248687693894,1.08,6.265632927836534e-15,2.098354068612496,2.204553327288061,0.0,nan
,,,demonstrator,120,"demo_00 +7.5,-7.5 deg",,2.123348992045962e-09,0.0,0.0,0.0,True,1.08,False,2.079441456769378e-12,2.0,True,1.8760230911927496,1.8760230911927496,1.0,nan,nan,0.6521620647617706,1.08,4.318467880798754e-15,2.0770538618964034,2.143521833571453,0.0,nan
,,,demonstrator,121,"demo_00 +7.5,-5 deg",,1.8157730646992571e-09,0.0,0.0,0.0,True,1.08,False,8.259119887702648e-12,2.0,True,0.6103677855520978,0.6103677855520978,1.0,nan,nan,0.6530219272026649,1.08,5.111850690840453e-15,2.056300013992659,2.0895419802968496,0.0,nan
,,,demonstrator,122,"demo_00 +7.5,-2.5 deg",,2.04356891868467e-09,0.0,0.0,0.0,True,1.08,False,1.4451059590345111e-11,2.0,True,0.6645621753617241,0.6645621753617241,1.0,nan,nan,0.6606718193764358,1.08,5.420799638382024e-15,2.036248364028443,2.0426197003554263,0.0,nan
,,,demonstrator,123,"demo_00 +7.5,+0 deg",,2.6830500214034933e-09,0.0,0.0,0.0,True,1.09,False,1.850507311671237e-11,1.9999999999999998,True,1.9314785811357724,1.9314785811357724,1.0,nan,nan,0.6748609824136319,1.09,5.512120354514498e-15,2.0170611051910194,2.002835354430148,0.0,nan
,,,demonstrator,124,"demo_00 +7.5,+2.5 deg",,3.523353886510042e-09,0.0,0.0,0.0,True,1.09,False,2.4044705095939258e-11,1.9999999999999998,True,3.211505148251083,3.211505148251083,1.0,nan,nan,0.6951561079538777,1.09,5.512120354514498e-15,1.9989063180179123,1.9703547661349143,0.0,nan
,,,demonstrator,125,"demo_00 +7.5,+5 deg",,4.457154434999074e-09,0.0,0.0,0.0,True,1.1,False,2.6498865833602138e-11,2.0,True,4.460410487854896,4.460410487854896,1.0,nan,nan,0.7209966919001016,1.1,5.512120354514498e-15,1.9821035733694032,1.94544483519089,0.0,nan
,,,demonstrator,126,"demo_00 +7.5,+7.5 deg",,5.439924996851956e-09,0.0,0.0,0.0,True,1.11,False,2.8158960033123976e-11,1.9999999999999998,True,5.693833919778704,5.693833919778704,1.0,nan,nan,0.7517551204271806,1.11,5.512120354514498e-15,1.9670219870276875,1.9284948761626424,0.0,nan
,,,demonstrator,127,"demo_00 +7.5,+10 deg",,6.4515037289005436e-09,0.0,0.0,0.0,True,1.12,False,2.9156590866690205e-11,2.0,True,6.911025327211308,6.911025327211308,1.0,nan,nan,0.7869755794208605,1.12,5.512120354514498e-15,1.954187874518353,1.9200452123575191,0.0,nan
,,,demonstrator,128,"demo_00 +7.5,+12.5 deg",,7.48129199956745e-09,0.0,0.0,0.0,True,1.12,False,3.303046697706813e-11,2.0,True,8.178860971562937,8.178860971562937,1.0,nan,nan,0.8259029401043689,1.12,5.512120354514498e-15,1.9444174837899515,1.920825063464457,0.0,nan
,,,demonstrator,129,"demo_00 +7.5,+15 deg",,8.52273582855353e-09,0.0,0.0,0.0,True,1.1300000000000001,False,3.303506501013332e-11,1.9999999999999998,True,9.37096411880275,9.37096411880275,1.0,nan,nan,0.8679117362506127,1.1300000000000001,5.512120354514498e-15,1.9387955149999683,1.9318024318492677,0.0,nan
,,,demonstrator,130,"demo_00 +10,-15 deg",,3.6649449561992152e-09,0.0,0.0,0.0,True,1.08,False,1.3774549145462761e-11,2.0,True,4.769092664657462,4.769092664657462,1.0,nan,nan,0.6103129800244926,1.08,5.512120354514498e-15,1.911927531936525,1.8570206434913226,0.0,nan
,,,demonstrator,131,"demo_00 +10,-12.5 deg",,2.8360141894227837e-09,0.0,0.0,0.0,True,1.07,False,8.545145157684023e-12,2.0,True,3.582040881979665,3.582040881979665,1.0,nan,nan,0.5940870728157125,1.07,5.4840971920226826e-15,1.888977688609053,1.7936617431863195,0.0,nan
,,,demonstrator,132,"demo_00 +10,-10 deg",,2.12095671377848e-09,0.0,0.0,0.0,True,1.07,False,1.6821605112965963e-12,2.0,True,2.3436148542106263,2.3436148542106263,1.0,nan,nan,0.5848315478754714,1.07,4.39625888431457e-15,1.8664468259621607,1.7368306816670736,0.0,nan
,,,demonstrator,133,"demo_00 +10,-7.5 deg",,1.6873199025934791e-09,0.0,0.0,0.0,True,1.07,False,5.210185815624194e-12,2.0,True,1.094528654425864,1.094528654425864,1.0,nan,nan,0.5828928604883991,1.07,4.577566798522238e-15,1.8443558691349191,1.6864356127413562,0.0,nan
,,,demonstrator,134,"demo_00 +10,-5 deg",,1.7708778187256263e-09,0.0,0.0,0.0,True,1.07,False,1.2119323133230407e-11,2.0,True,0.16468781077512382,0.16468781077512382,nan,nan,nan,0.588342088408644,1.07,5.420799638382024e-15,1.8228422353644116,1.6424469311323489,0.0,nan
,,,demonstrator,135,"demo_00 +10,-2.5 deg",,2.3260409174831875e-09,0.0,0.0,0.0,True,1.07,False,1.902918427165352e-11,2.0,True,1.432586354651375,1.432586354651375,1.0,nan,nan,0.600961829522679,1.07,5.512120354514498e-15,1.8020467781328162,1.6049025205086818,0.0,nan
,,,demonstrator,136,"demo_00 +10,+0 deg",,3.116501129207039e-09,0.0,0.0,0.0,True,1.08,False,2.324096295706235e-11,2.0,True,2.686001826844875,2.686001826844875,1.0,nan,nan,0.620283774582543,1.08,5.512120354514498e-15,1.7821130942288592,1.5739161300426112,0.0,nan
,,,demonstrator,137,"demo_00 +10,+2.5 deg",,4.010033502571871e-09,0.0,0.0,0.0,True,1.09,False,2.6355817302662797e-11,1.9999999999999998,True,3.9256849915608307,3.9256849915608307,1.0,nan,nan,0.6456625423714101,1.09,5.512120354514498e-15,1.7633288129118985,1.5496895407260791,0.0,nan
,,,demonstrator,138,"demo_00 +10,+5 deg",,4.9544172721971484e-09,0.0,0.0,0.0,True,1.09,False,3.1844138750357035e-11,1.9999999999999998,True,5.194264115654449,5.194264115654449,1.0,nan,nan,0.6763831107974638,1.09,5.512120354514498e-15,1.7460345075122392,1.5325293949717707,0.0,nan
,,,demonstrator,139,"demo_00 +10,+7.5 deg",,5.927492682372467e-09,0.0,0.0,0.0,True,1.1,False,3.3425848005132735e-11,2.0,True,6.414062478601573,6.414062478601573,1.0,nan,nan,0.7118854026531819,1.1,5.512120354514498e-15,1.7307501085797439,1.522869847883453,0.0,nan
,,,demonstrator,140,"demo_00 +10,+10 deg",,6.918260586516894e-09,0.0,0.0,0.0,True,1.11,False,3.4293072411270673e-11,1.9999999999999998,True,7.617615021782961,7.617615021782961,1.0,nan,nan,0.7512410559196789,1.11,5.512120354514498e-15,1.7181808869351243,1.5213025780496767,0.0,nan
,,,demonstrator,141,"demo_00 +10,+12.5 deg",,7.92025646855034e-09,0.0,0.0,0.0,True,1.12,False,3.457282825633047e-11,2.0,True,8.804187100211541,8.804187100211541,1.0,nan,nan,0.7937901067983518,1.12,5.512120354514498e-15,1.7093027431693375,1.5286161951146071,0.0,nan
,,,demonstrator,142,"demo_00 +10,+15 deg",,8.92898019184565e-09,0.0,0.0,0.0,True,1.1300000000000001,False,3.437616513672866e-11,1.9999999999999998,True,9.97297993755837,9.97297993755837,1.0,nan,nan,0.8389523377935215,1.1300000000000001,5.512120354514498e-15,1.7056122623819008,1.545847724682135,0.0,nan
,,,demonstrator,143,"demo_00 +12.5,-15 deg",,2.8797893478914044e-09,0.0,0.0,0.0,True,1.06,False,1.3607752673120789e-11,2.0,True,3.9579765236116633,3.9579765236116633,1.0,nan,nan,0.5312464415344788,1.06,5.60415245948141e-15,1.6783418602614473,1.4216810161223712,0.0,nan
,,,demonstrator,144,"demo_00 +12.5,-12.5 deg",,2.128053078191617e-09,0.0,0.0,0.0,True,1.05,False,6.642177915213779e-12,2.0,True,2.7596798603089296,2.7596798603089296,1.0,nan,nan,0.5182623627137274,1.05,6.265632927836534e-15,1.6547636255692098,1.369544943794848,0.0,nan
,,,demonstrator,145,"demo_00 +12.5,-10 deg",,1.5887699880895675e-09,0.0,0.0,0.0,True,1.05,False,1.93359122205485e-12,2.0,True,1.516706683541626,1.516706683541626,1.0,nan,nan,0.5131522734108678,1.05,4.318467880798754e-15,1.6315628704016674,1.3232661894956368,0.0,nan
,,,demonstrator,146,"demo_00 +12.5,-7.5 deg",,1.5232181787935602e-09,0.0,0.0,0.0,True,1.05,False,1.0529124847353197e-11,2.0,True,0.26330498336686575,0.26330498336686575,1.0,nan,nan,0.5161545220479612,1.05,5.111850690840453e-15,1.6088113886545445,1.2827853607297481,0.0,nan
,,,demonstrator,147,"demo_00 +12.5,-5 deg",,1.9886891341076327e-09,0.0,0.0,0.0,True,1.06,False,1.7148437414425025e-11,2.0,True,0.9911850700444864,0.9911850700444864,1.0,nan,nan,0.5271181339006481,1.06,5.420799638382024e-15,1.5866386767364054,1.2481055891775374,0.0,nan
,,,demonstrator,148,"demo_00 +12.5,-2.5 deg",,2.7320120820018926e-09,0.0,0.0,0.0,True,1.06,False,2.4845822904762553e-11,2.0,True,2.2526435050616405,2.2526435050616405,1.0,nan,nan,0.5455350962924226,1.06,5.512120354514498e-15,1.5652135494308563,1.2192988590213065,0.0,nan
,,,demonstrator,149,"demo_00 +12.5,+0 deg",,3.588775443542157e-09,0.0,0.0,0.0,True,1.07,False,2.914826361668715e-11,2.0,True,3.4923037600663442,3.4923037600663442,1.0,nan,nan,0.5706415791980413,1.07,5.512120354514498e-15,1.5447805629073166,1.1965155456391363,0.0,nan
,,,demonstrator,150,"demo_00 +12.5,+2.5 deg",,4.497616396466618e-09,0.0,0.0,0.0,True,1.08,False,3.225921491705287e-11,2.0,True,4.7180863712175976,4.7180863712175976,1.0,nan,nan,0.6016371414113688,1.08,5.512120354514498e-15,1.5256605303466615,1.179997840637734,0.0,nan
,,,demonstrator,151,"demo_00 +12.5,+5 deg",,5.434417125376291e-09,0.0,0.0,0.0,True,1.09,False,3.436872300960629e-11,1.9999999999999998,True,5.929263764800514,5.929263764800514,1.0,nan,nan,0.6376735659297258,1.09,5.512120354514498e-15,1.508392615052262,1.1700979556609425,0.0,nan
,,,demonstrator,152,"demo_00 +12.5,+7.5 deg",,6.387928145482759e-09,0.0,0.0,0.0,True,1.1,False,3.564783074526683e-11,2.0,True,7.125109482887996,7.125109482887996,1.0,nan,nan,0.6777556567944117,1.1,5.512120354514498e-15,1.4935938087593803,1.1673022853625852,0.0,nan
,,,demonstrator,153,"demo_00 +12.5,+10 deg",,7.351865572561873e-09,0.0,0.0,0.0,True,1.11,False,3.624018749422724e-11,1.9999999999999998,True,8.304952561329905,8.304952561329905,1.0,nan,nan,0.7211217948880958,1.11,5.512120354514498e-15,1.4823080802202517,1.17226308968877,0.0,nan
,,,demonstrator,154,"demo_00 +12.5,+12.5 deg",,8.322031223624993e-09,0.0,0.0,0.0,True,1.12,False,3.6271911595339367e-11,2.0,True,9.467983691238246,9.467983691238246,1.0,nan,nan,0.7671205222182608,1.12,5.512120354514498e-15,1.475919600148406,1.1858397491332913,0.0,nan
,,,demonstrator,155,"demo_00 +12.5,+15 deg",,9.295114573067458e-09,0.0,0.0,0.0,True,1.1300000000000001,False,3.5850639601623567e-11,1.9999999999999998,True,10.613412350526854,10.613412350526854,1.0,nan,nan,0.8152558781641647,1.1300000000000001,5.512120354514498e-15,1.4763968348782377,1.209152271564562,0.0,nan
,,,demonstrator,156,"demo_00 +15,-15 deg",,2.140307626390518e-09,0.0,0.0,0.0,True,1.04,False,1.1999712642314648e-11,2.0,True,3.0830208578634846,3.0830208578634846,1.0,nan,nan,0.4527618459267076,1.04,5.4840971920226826e-15,1.4416672327980582,1.0428138575782786,0.0,nan
,,,demonstrator,157,"demo_00 +15,-12.5 deg",,1.5171661822345068e-09,0.0,0.0,0.0,True,1.03,False,2.7174329495690855e-12,2.0,True,1.8724277575672243,1.8724277575672243,1.0,nan,nan,0.44394981925145016,1.03,4.318467880798754e-15,1.4175312301567111,1.00112476578209,0.0,nan
,,,demonstrator,158,"demo_00 +15,-10 deg",,1.3009249834997662e-09,0.0,0.0,0.0,True,1.03,False,7.976975660050495e-12,2.0,True,0.6247274958728081,0.6247274958728081,1.0,nan,nan,0.44414071000726807,1.03,4.930190325141863e-15,1.3937323994270836,0.9646587362111488,0.0,nan
,,,demonstrator,159,"demo_00 +15,-7.5 deg",,1.6688001299441939e-09,0.0,0.0,0.0,True,1.04,False,1.6745406540391564e-11,2.0,True,0.6276785256171862,0.6276785256171862,1.0,nan,nan,0.4533156614903407,1.04,5.420799638382024e-15,1.370397689457168,0.9333895076455869,0.0,nan
,,,demonstrator,160,"demo_00 +15,-5 deg",,2.368326269571643e-09,0.0,0.0,0.0,True,1.04,False,2.632671239156831e-11,2.0,True,1.8845069184258154,1.8845069184258154,1.0,nan,nan,0.47092460584698737,1.04,5.512120354514498e-15,1.3477241630222454,0.9073545273442862,0.0,nan
,,,demonstrator,161,"demo_00 +15,-2.5 deg",,3.192372431692544e-09,0.0,0.0,0.0,True,1.05,False,3.2160464855827943e-11,2.0,True,3.1231814216714904,3.1231814216714904,1.0,nan,nan,0.4960289155176389,1.05,5.512120354514498e-15,1.3259202854402294,0.8866624453743415,0.0,nan
,,,demonstrator,162,"demo_00 +15,+0 deg",,4.068701927370725e-09,0.0,0.0,0.0,True,1.06,False,3.646257540478625e-11,2.0,True,4.348695644200389,4.348695644200389,1.0,nan,nan,0.5276688785674913,1.06,5.512120354514498e-15,1.3053394807782928,0.8715039168008473,0.0,nan
,,,demonstrator,163,"demo_00 +15,+2.5 deg",,4.9714897489118556e-09,0.0,0.0,0.0,True,1.08,False,3.538981494365224e-11,2.0,True,5.513385272396162,5.513385272396162,1.0,nan,nan,0.5646359027878634,1.08,5.512120354514498e-15,1.2864607158109,0.8621664099195501,0.0,nan
,,,demonstrator,164,"demo_00 +15,+5 deg",,5.889502834164231e-09,0.0,0.0,0.0,True,1.09,False,3.71301249979799e-11,1.9999999999999998,True,6.700443578972736,6.700443578972736,1.0,nan,nan,0.6058216699903063,1.09,5.512120354514498e-15,1.2699874952376518,0.8590539412146077,0.0,nan
,,,demonstrator,165,"demo_00 +15,+7.5 deg",,6.816779420039433e-09,0.0,0.0,0.0,True,1.1,False,3.8072932682228187e-11,2.0,True,7.872313936761244,7.872313936761244,1.0,nan,nan,0.6503375246845412,1.1,5.512120354514498e-15,1.2569291723519336,0.8627129511930721,0.0,nan
,,,demonstrator,166,"demo_00 +15,+10 deg",,7.749486368431717e-09,0.0,0.0,0.0,True,1.11,False,3.836218591715027e-11,1.9999999999999998,True,9.028289614813424,9.028289614813424,1.0,nan,nan,0.697559306611642,1.11,5.512120354514498e-15,1.2487792684481394,0.8738659184462191,0.0,nan
,,,demonstrator,167,"demo_00 +15,+12.5 deg",,8.6846805881019e-09,0.0,0.0,0.0,True,1.12,False,3.812105828485294e-11,2.0,True,10.167635263933715,10.167635263933715,1.0,nan,nan,0.7468645274839281,1.12,5.512120354514498e-15,1.2476012014789315,0.8934548010087379,0.0,nan
,,,demonstrator,168,"demo_00 +15,+15 deg",,9.619745557223777e-09,0.0,0.0,0.0,True,1.1300000000000001,False,3.745639707993587e-11,1.9999999999999998,True,11.289608751464488,11.289608751464488,1.0,nan,nan,0.7976846824274055,1.1300000000000001,5.512120354514498e-15,1.2562157122837552,0.9226970058956813,0.0,nan
pd,10.0,1.0,esn,0,demo_00,,2.087360085165711e-06,0.0025504308466397026,0.5521110616945324,-0.07000000000000006,True,1.04,False,0.00010355036119972254,2.0,True,0.0654374438893181,0.0,nan,0.23773965681830553,53.86050981490291,0.9405124646520079,1.04,0.000539848119455286,3.2525615560963095,4.796762348943345,0.0,nan
pd,10.0,1.0,replay,0,demo_00,demo_00,3.188829988748285e-10,0.006156927879341269,0.4288825775210127,-0.050000000000000044,True,1.06,False,1.7670806047307992e-07,2.0,True,0.12241700640312785,0.0,nan,0.2314834442440297,52.13113668892076,0.9106549484366365,1.06,7.547845170246429e-13,3.14184602006113,4.256529402954539,0.0,nan
pd,10.0,1.0,esn,1,"demo_00 -15,-15 deg",,0.0375161390668141,0.3451390918907078,13.892561806243297,0.6200000000000001,True,1.79,False,0.0004953843481101759,2.0,True,5.116601007967922,10.762550191362198,0.47540786495698767,1.2786208779633692,2292.323627710915,5.317043573567699,1.79,0.0004920199519744638,142.43059757632963,403.2629118161618,0.0,nan
pd,10.0,1.0,replay,1,"demo_00 -15,-15 deg",demo_00,0.041107387722500874,0.13413868104415,9.265528561406121,-0.10999999999999988,True,1.06,False,1.7696646366699454e-07,2.0,True,1.5774450926698023,10.762550191362198,0.14656796619966775,1.2463983933653324,1500.0000148619056,5.656397759975596,1.06,7.558881775694469e-13,653.4512784209574,4193.975260515627,0.0,nan
pd,10.0,1.0,esn,2,"demo_00 -15,-12.5 deg",,0.03421361755712238,0.30102335025208915,12.367014616188019,0.16000000000000014,True,1.33,True,0.0015310081581870654,2.0,False,5.490765017952711,9.73889307555764,0.5637976488039751,1.1329896530408063,2013.9522040531529,4.834097597433329,1.75,0.0004915498761866554,196.75519705758217,532.7190779415903,0.0,nan
pd,10.0,1.0,replay,2,"demo_00 -15,-12.5 deg",demo_00,0.03937484904650825,0.11933358719919099,8.63839334599795,-0.10999999999999988,True,1.06,False,1.7697071166918844e-07,2.0,True,1.4374158695767612,9.73889307555764,0.14759540518874176,1.1358507104694686,1500.0000148619056,5.3523163134471545,1.06,7.558881775694469e-13,653.4512784209574,4155.026545704528,0.0,nan
pd,10.0,1.0,esn,3,"demo_00 -15,-10 deg",,0.03154442846005011,0.2572067162018046,11.020672000487831,0.14000000000000012,True,1.3,True,0.00130054607862494,2.0,False,4.747411979952431,8.852111935220934,0.5363027506535866,0.9955334817890316,1737.1459415331803,4.418135710727142,1.69,0.0004915304377814221,252.25202554157056,724.7405006227793,0.0,nan
pd,10.0,1.0,replay,3,"demo_00 -15,-10 deg",demo_00,0.03778421578873184,0.10319178026676448,8.139811407288343,-0.09999999999999987,True,1.06,False,1.7697582442302989e-07,2.0,True,1.3078997619113066,8.852111935220934,0.14775002524622544,1.0312279046089765,1500.0000148619056,5.070980812646004,1.06,7.558881775694469e-13,653.4512784209574,4121.624202591669,0.0,nan
pd,10.0,1.0,esn,4,"demo_00 -15,-7.5 deg",,0.029579048033624444,0.2139810178656579,9.805831034320203,0.10000000000000009,True,1.26,True,0.0010867505407545972,2.0,False,4.036561319802366,7.972485786834196,0.5063115103282295,0.8687897693985803,1462.004431573782,4.080710714950723,1.6,0.0004919032144627906,307.77912167215953,979.2202734499074,0.0,nan
pd,10.0,1.0,replay,4,"demo_00 -15,-7.5 deg",demo_00,0.03634066027803474,0.08578224030880327,7.721135923730581,-0.09999999999999987,True,1.06,False,1.7698180086130922e-07,2.0,True,1.195474726929531,7.972485786834196,0.14995006060766444,0.9351863278639607,1500.0000148619056,4.815944276312224,1.06,7.558881775694469e-13,653.4512784209574,4093.6628301819624,0.0,nan
pd,10.0,1.0,esn,5,"demo_00 -15,-5 deg",,0.028360118307330772,0.17184336392080055,8.840084042827288,0.050000000000000044,True,1.21,False,0.0009128257382800728,2.0,True,3.3617995235375866,7.20764547919915,0.46642132069890874,0.757385951419735,1188.61591653155,3.833119662916467,1.21,0.0004926126489474341,363.2965445027684,1295.7933817301332,0.0,nan
pd,10.0,1.0,replay,5,"demo_00 -15,-5 deg",demo_00,0.035051062964411475,0.06724467849957903,7.4406313746268555,-0.09999999999999987,True,1.06,False,1.7698864335017094e-07,2.0,True,1.113838871088902,7.20764547919915,0.15453574600795458,0.8512577358221733,1500.0000148619056,4.591364360600395,1.06,7.558881775694469e-13,653.4512784209574,4071.0504043649653,0.0,nan
pd,10.0,1.0,esn,6,"demo_00 -15,-2.5 deg",,0.027881233178293687,0.1314233815648841,8.238580866409142,0.019999999999999796,True,1.17,False,0.0008133535749243119,2.0,True,2.7023930021635953,6.644371103904945,0.4067191551921866,0.6688828384676468,961.277641632296,3.68368211489842,1.17,0.0004936076907433968,418.7653984123032,1673.8447303559292,0.0,nan
pd,10.0,1.0,replay,6,"demo_00 -15,-2.5 deg",demo_00,0.03392415190467063,0.0478045265149585,7.347401935048055,-0.09000000000000008,True,1.06,False,1.7699634612351375e-07,2.0,True,1.0592959709802579,6.644371103904945,0.1594275747719302,0.7838951674783543,1500.0000148619056,4.401920647133498,1.06,7.558881775694469e-13,653.4512784209574,4053.7087744075957,0.0,nan
pd,10.0,1.0,esn,7,"demo_00 -15,+0 deg",,0.028077387205671454,0.09406669147747017,8.001487342534714,-0.010000000000000009,True,1.1400000000000001,False,0.0008082127760848058,2.0,True,2.147658693323232,6.199678792285735,0.3464145103768223,0.6137425144986469,1088.408585721053,3.6345897242358762,1.1400000000000001,0.0004948433635659513,474.1479831580167,2112.5193764036007,0.0,nan
pd,10.0,1.0,replay,7,"demo_00 -15,+0 deg",demo_00,0.032970560203142256,0.02786843115049388,7.3894820792599525,-0.09000000000000008,True,1.06,False,1.7700490543218052e-07,2.0,True,1.0239629150210325,6.199678792285735,0.1651638656336761,0.7380998902856911,1500.0000148619056,4.2525994845564625,1.06,7.558881775694469e-13,653.4512784209574,4041.574290823888,0.0,nan
pd,10.0,1.0,esn,8,"demo_00 -15,+2.5 deg",,0.028834880117046286,0.06180231069223061,8.194681148884133,-0.030000000000000027,True,1.12,True,0.0008873493529168991,2.0,False,1.8303249168988318,5.961964530068546,0.307000302948429,0.6021874005975062,1215.25798387394,3.680079337771295,1.37,0.0004962821839392768,529.4079168704603,2610.7350009232387,0.0,nan
pd,10.0,1.0,replay,8,"demo_00 -15,+2.5 deg",demo_00,0.032202754687474106,0.019786094276991885,7.597764698481794,-0.09000000000000008,True,1.06,False,1.770143135901888e-07,2.0,True,1.012908424939255,5.961964530068546,0.16989507734082565,0.7183294211698599,1500.0000148619056,4.148317656514302,1.06,7.558881775694469e-13,653.4512784209574,4034.598548928479,0.0,nan
pd,10.0,1.0,esn,9,"demo_00 -15,+5 deg",,0.030014955073478424,0.03821877182582078,8.784027849757843,0.25,True,1.4000000000000001,False,0.00047049183339885483,1.9999999999999998,True,1.738474937124058,6.177549531491353,0.2814182109365239,0.6378648621745464,1341.7455661353574,3.807336430516266,1.4000000000000001,0.0004978953759892643,584.510231213243,3167.1967226051383,0.0,nan
pd,10.0,1.0,replay,9,"demo_00 -15,+5 deg",demo_00,0.03163478824166579,0.03358388433296531,7.9611579146927856,-0.09000000000000008,True,1.06,False,1.770245611923019e-07,2.0,True,1.0305660258457232,6.177549531491353,0.16682440514514646,0.726883146604734,1500.0000148619056,4.093402590778849,1.06,7.558881775694469e-13,653.4512784209574,4032.7492214725303,0.0,nan
pd,10.0,1.0,esn,10,"demo_00 -15,+7.5 deg",,0.03147760503283566,0.06916104839168204,9.692594201349657,0.2699999999999998,True,1.42,False,0.0007362810932909873,2.0,True,2.048002387186452,6.916481093223364,0.2961046751350257,0.7150826672344195,1467.794462853778,3.9996226475235637,1.42,0.0004996638482650647,639.4214391386549,3780.4144438101794,0.0,nan
pd,10.0,1.0,replay,10,"demo_00 -15,+7.5 deg",demo_00,0.03128184076797502,0.051658844996692675,8.461519579291153,-0.09000000000000008,True,1.06,False,1.7703564025414182e-07,2.0,True,1.0795674360243963,6.916481093223364,0.1560862267204252,0.7628356738912432,1500.0000148619056,4.091020396161978,1.06,7.558881775694469e-13,653.4512784209574,4036.010939887596,0.0,nan
pd,10.0,1.0,esn,11,"demo_00 -15,+10 deg",,0.03309648940985703,0.10332931747874242,10.836076744629425,0.2799999999999998,True,1.43,False,0.0009802991192347712,2.0,True,2.4955059015102385,7.80203127141555,0.3198533580162734,0.823523341568567,1593.331300692187,4.239711661868199,1.43,0.0005015789188238768,694.1095767130962,4448.723019394323,0.0,nan
pd,10.0,1.0,replay,11,"demo_00 -15,+10 deg",demo_00,0.031159544330473563,0.07163865173482477,9.077917678102898,-0.09000000000000008,True,1.06,False,1.7704754038630535e-07,2.0,True,1.1598612840112288,7.80203127141555,0.14866145028931563,0.8225000109929983,1500.0000148619056,4.142708103028816,1.06,7.561089608896567e-13,653.4512784209574,4044.3861663758835,0.0,nan
pd,10.0,1.0,esn,12,"demo_00 -15,+12.5 deg",,0.03476429044122505,0.13834364324465964,12.094638033425763,0.28,True,1.44,True,0.001216586284208814,2.0,False,3.005827594193017,8.723299870928011,0.34457460349500146,0.9537682188396046,1718.2862443505503,4.512174721541801,1.83,0.0005036427927305047,748.5442212928127,5170.305638905347,0.0,nan
pd,10.0,1.0,replay,12,"demo_00 -15,+12.5 deg",demo_00,0.03128313532539779,0.0920845643845508,9.748463274434103,-0.09999999999999987,True,1.06,False,1.770602508277547e-07,2.0,True,1.2674621482882686,8.723299870928011,0.1452961800054951,0.9009703497270743,1500.0000148619056,4.2481679033094,1.06,7.561102079778039e-13,653.4512784209574,4057.895978156661,0.0,nan
pd,10.0,1.0,esn,13,"demo_00 -15,+15 deg",,0.036392066047169956,0.17317274503975102,13.51103841635547,0.29000000000000004,True,1.45,True,0.0014430648307090423,2.0,False,3.542079683710674,9.790680141901253,0.36178075806517335,1.0991299163832786,1842.5929904675593,4.804293939527357,1.87,0.0005058688097725962,802.6964888672813,5943.220895991909,0.0,nan
pd,10.0,1.0,replay,13,"demo_00 -15,+15 deg",demo_00,0.031666529216913014,0.11227621280141295,10.535025143085793,-0.09999999999999987,True,1.06,False,1.7707376261437555e-07,2.0,True,1.3987383193559726,9.790680141901253,0.14286426469697247,0.99351091403256,1500.0000148619056,4.405393988480425,1.06,7.563335014114699e-13,653.4512784209574,4076.5806607869554,0.0,nan
pd,10.0,1.0,esn,14,"demo_00 -12.5,-15 deg",,0.035190917507067467,0.348748037376148,13.218057373010403,0.6300000000000001,True,1.79,False,0.00046144214009888557,2.0,True,4.966225816780422,10.180198083558139,0.48783194354550785,1.2253905172872308,2188.430672849782,4.978085784013924,1.79,0.0005047478705291034,135.97534166657874,227.7259284870739,0.0,nan
pd,10.0,1.0,replay,14,"demo_00 -12.5,-15 deg",demo_00,0.03683379882938527,0.14602290646673363,8.511880547997531,-0.09999999999999987,True,1.06,False,1.76894947197821e-07,2.0,True,1.4142381389659977,10.180198083558139,0.1389204932318664,1.1059168584526753,1499.9999942598195,5.105685082012756,1.06,7.556648993484434e-13,544.5427330965115,2945.070436722867,0.0,nan
pd,10.0,1.0,esn,15,"demo_00 -12.5,-12.5 deg",,0.031406237294341964,0.3031290297128929,11.601918103506717,0.18000000000000016,True,1.34,True,0.0014601330913715947,1.9999999999999998,False,5.275100450733684,9.077758779604899,0.581101632991759,1.07258435735063,1909.3381831676982,4.446123234224327,1.74,0.0005038300757643405,118.63428667593615,278.4479336484211,0.0,nan
pd,10.0,1.0,replay,15,"demo_00 -12.5,-12.5 deg",demo_00,0.03479326313884561,0.12975670434286501,7.778454734273308,-0.09999999999999987,True,1.06,False,1.76901011569698e-07,2.0,True,1.2677319429483052,9.077758779604899,0.13965252588519234,0.9959951868853588,1250.0000148618783,4.765950106390282,1.06,7.558881775694469e-13,544.5427330965115,2908.6809893990267,0.0,nan
pd,10.0,1.0,esn,16,"demo_00 -12.5,-10 deg",,0.028230011134148168,0.2577058520776743,10.103134254864214,0.14000000000000012,True,1.3,True,0.0012265972390900755,2.0,False,4.555744490537886,8.032024963473367,0.5671975014091342,0.927057255898101,1631.8484682500768,3.977953597745604,1.68,0.0005033746842497684,173.3406099119276,391.7551683057769,0.0,nan
pd,10.0,1.0,replay,16,"demo_00 -12.5,-10 deg",demo_00,0.03292083996151044,0.11200103834914513,7.136202252214531,-0.09999999999999987,True,1.06,False,1.7690789464507948e-07,2.0,True,1.1287248382560593,8.032024963473367,0.14052805405723662,0.8915827147720837,1250.0000148618783,4.4505185395637055,1.06,7.558881775694469e-13,544.5427330965115,2877.8448009981894,0.0,nan
pd,10.0,1.0,esn,17,"demo_00 -12.5,-7.5 deg",,0.025772314396681047,0.2127473392072815,8.808341606257741,0.10999999999999988,True,1.26,False,0.0009964420329096138,2.0,True,3.8300087845018145,7.126269995158935,0.5374492949472363,0.7910789666643401,1356.0636699123384,3.5885379686142134,1.26,0.0005033256579703255,228.84708552452977,567.6320876417462,0.0,nan
pd,10.0,1.0,replay,17,"demo_00 -12.5,-7.5 deg",demo_00,0.031232413287172835,0.09283028610724911,6.642062040435428,-0.09000000000000008,True,1.06,False,1.7691560150522088e-07,2.0,True,1.00204334775301,7.126269995158935,0.14061259935895284,0.7955687238563689,1250.0000148618783,4.164503322608202,1.06,7.558881775694469e-13,544.5427330965115,2852.468500347799,0.0,nan
pd,10.0,1.0,esn,18,"demo_00 -12.5,-5 deg",,0.02413240895642435,0.1688583189308811,7.7160330464470945,0.05999999999999983,True,1.21,False,0.0008040112111845835,2.0,True,3.135766910623227,6.269358219504453,0.5001735107219772,0.6693624907256718,1082.074261356568,3.2950498687368652,1.21,0.0005036293736960063,284.3350453308604,805.8041582007394,0.0,nan
pd,10.0,1.0,replay,18,"demo_00 -12.5,-5 deg",demo_00,0.029747571218089817,0.0723698842501831,6.270903566669199,-0.09000000000000008,True,1.06,False,1.769241329144679e-07,2.0,True,0.8960688597528903,6.269358219504453,0.14292832350289883,0.712036815345652,1250.0000148618783,3.9141727482957567,1.06,7.558881775694469e-13,544.5427330965115,2832.471180588241,0.0,nan
pd,10.0,1.0,esn,19,"demo_00 -12.5,-2.5 deg",,0.023360089778196653,0.12672197072250677,6.973793022752852,0.009999999999999787,True,1.16,False,0.0006970583446803063,2.0,True,2.47514175979707,5.569025933559436,0.44444787819745096,0.5706876638182637,809.9587997141526,3.1133476477992743,1.16,0.0005042362307954789,339.7657352153397,1105.745971349595,0.0,nan
pd,10.0,1.0,replay,19,"demo_00 -12.5,-2.5 deg",demo_00,0.028489438719691992,0.05088313870224629,6.083687751435951,-0.09000000000000008,True,1.06,False,1.7693348773839682e-07,2.0,True,0.8308416881365778,5.569025933559436,0.14918976820162627,0.6464499677593414,1250.0000148618783,3.706847725487889,1.06,7.558881775694469e-13,544.5427330965115,2817.7847412343826,0.0,nan
pd,10.0,1.0,esn,20,"demo_00 -12.5,+0 deg",,0.02342039617088949,0.0879143865822966,6.689506916437916,-0.020000000000000018,True,1.1300000000000001,False,0.0006970823571793611,1.9999999999999998,True,1.9042233832902804,5.069712412845691,0.3756077718462568,0.508992981577165,906.9574471731264,3.0519587841606675,1.1300000000000001,0.000505102195138481,395.1016649711487,1466.691440484973,0.0,nan
pd,10.0,1.0,replay,20,"demo_00 -12.5,+0 deg",demo_00,0.027483919815998754,0.02881623381324072,6.099873048511346,-0.09000000000000008,True,1.06,False,1.7694366441774156e-07,2.0,True,0.8052163249366601,5.069712412845691,0.158828797250194,0.6051631487415385,1250.0000148618783,3.5504596451506036,1.06,7.558881775694469e-13,544.5427330965115,2808.354319339259,0.0,nan
pd,10.0,1.0,esn,21,"demo_00 -12.5,+2.5 deg",,0.02419117433301381,0.05484494695091631,6.911588775247022,-0.040000000000000036,True,1.11,False,0.0007925071632612199,1.9999999999999998,True,1.6063951336818487,4.811325794731997,0.3338778545075286,0.4992095950805616,1033.6808818398717,3.1068393382683075,1.11,0.0005061902012258139,450.3067246834335,1887.6460702260706,0.0,nan
pd,10.0,1.0,replay,21,"demo_00 -12.5,+2.5 deg",demo_00,0.02675815954977582,0.011547943202560014,6.320296292930399,-0.09000000000000008,True,1.06,False,1.7695465787314894e-07,2.0,True,0.8078581759303392,4.811325794731997,0.16790760185370882,0.5936069709291427,1250.0000148618783,3.452652890722305,1.06,7.558881775694469e-13,544.5427330965115,2804.1387906923865,0.0,nan
pd,10.0,1.0,esn,22,"demo_00 -12.5,+5 deg",,0.02549849445973398,0.040508715600034516,7.588859441162858,0.22999999999999998,True,1.3800000000000001,False,0.0004476498939635143,1.9999999999999998,True,1.5916450741886423,5.151697470863624,0.3089554623870064,0.5455030887881512,1160.0243822861778,3.2615749778411223,1.3800000000000001,0.000507471353679868,505.34627206265,2367.401350753721,0.0,nan
pd,10.0,1.0,replay,22,"demo_00 -12.5,+5 deg",demo_00,0.02633819843198212,0.028583006979533396,6.7271497688181885,-0.09000000000000008,True,1.06,False,1.7696646307464627e-07,2.0,True,0.8440065938213512,5.151697470863624,0.16383077589372946,0.6136310708394941,1250.0000148618783,3.4194990331557,1.06,7.558881775694469e-13,544.5427330965115,2805.1113120435916,0.0,nan
pd,10.0,1.0,esn,23,"demo_00 -12.5,+7.5 deg",,0.02716190325371992,0.07391213270838431,8.608906225411477,0.25,True,1.4000000000000001,False,0.0007182947388012179,1.9999999999999998,True,1.9530401866192872,5.9817120350538255,0.32650187357300847,0.6371748442109388,1285.9119315261617,3.4931524958926126,1.4000000000000001,0.0005089258897584328,560.1871915113891,2904.551415548719,0.0,nan
pd,10.0,1.0,replay,23,"demo_00 -12.5,+7.5 deg",demo_00,0.0262461033159198,0.04991512218102644,7.291342450162388,-0.09000000000000008,True,1.06,False,1.7697907304221637e-07,2.0,True,0.9155089371612513,5.9817120350538255,0.1530513223967013,0.662386643765333,1250.0000148618783,3.4542004733744043,1.06,7.558881775694469e-13,544.5427330965115,2811.2598630975385,0.0,nan
pd,10.0,1.0,esn,24,"demo_00 -12.5,+10 deg",,0.02902321123387631,0.10980766756224171,9.86114160899427,0.2699999999999998,True,1.42,False,0.0009803577947769396,2.0,True,2.4317373480995905,6.956066060007412,0.3495851429704506,0.7592908138189519,1411.2710919865717,3.7785163648140103,1.42,0.0005105438850685136,614.7979267467313,3497.512199250071,0.0,nan
pd,10.0,1.0,replay,24,"demo_00 -12.5,+10 deg",demo_00,0.026497214838946955,0.07234202211533207,7.981437603482518,-0.09000000000000008,True,1.06,False,1.7699248270797412e-07,2.0,True,1.0188321814215122,6.956066060007412,0.14646672021691906,0.7340498201906197,1250.0000148618783,3.5563629368947924,1.06,7.558881775694469e-13,544.5427330965115,2822.5877322459455,0.0,nan
pd,10.0,1.0,esn,25,"demo_00 -12.5,+12.5 deg",,0.030955197496802762,0.14598888815815034,11.264186753052263,0.2799999999999998,True,1.43,True,0.0012191291578764302,2.0,False,2.9651921952529374,8.03119072923262,0.369209535076782,0.9007516998593997,1536.0330256787636,4.098286123725795,1.82,0.0005123257029519845,669.1484895878515,4144.543433319662,0.0,nan
pd,10.0,1.0,replay,25,"demo_00 -12.5,+12.5 deg",demo_00,0.027098320137700124,0.09459917131359892,8.769442441436583,-0.09000000000000008,True,1.06,False,1.7700668464166127e-07,2.0,True,1.1500816841396846,8.03119072923262,0.14320188909890014,0.8224332431278399,1250.0000148618783,3.7222173951528164,1.06,7.558881775694469e-13,544.5427330965115,2839.1138727042426,0.0,nan
pd,10.0,1.0,esn,26,"demo_00 -12.5,+15 deg",,0.03285885857626393,0.18157262138676478,12.712743099486344,0.28,True,1.44,True,0.0014487929413765292,2.0,False,3.5167396851903407,9.101599835869152,0.3863869812569618,1.0548545935739415,1660.1324668130294,4.437620621847671,1.86,0.0005142822026155845,723.210448025883,4843.773905171814,0.0,nan
pd,10.0,1.0,replay,26,"demo_00 -12.5,+15 deg",demo_00,0.028047336712776736,0.11604895641845792,9.591997124051055,-0.09999999999999987,True,1.06,False,1.770216724749659e-07,2.0,True,1.2967813367714698,9.101599835869152,0.14247839502467363,0.9224489226255538,1500.0000057405152,3.945647048935555,1.06,7.558881775694469e-13,544.5427330965115,2860.873036304544,0.0,nan
pd,10.0,1.0,esn,27,"demo_00 -10,-15 deg",,0.03325671872488883,0.35064596299208106,12.556766218749441,0.2200000000000002,True,1.3800000000000001,True,0.0016174070622424555,1.9999999999999998,False,5.7969039427289974,9.582090238800468,0.6049727980285314,1.178003841005144,2084.327624589131,4.677903121466237,1.79,0.000516399201407394,129.50703187208111,171.25612719624516,0.0,nan
pd,10.0,1.0,replay,27,"demo_00 -10,-15 deg",demo_00,0.03290091094303818,0.15825524567821217,7.862236945507494,-0.09999999999999987,True,1.06,False,1.7682631540748458e-07,2.0,True,1.296505578114658,9.582090238800468,0.1353050895789686,0.9856567556514505,1499.9999942598195,4.594617655110103,1.06,7.556686917391825e-13,435.63418777206556,1921.6999193247354,0.0,nan
pd,10.0,1.0,esn,28,"demo_00 -10,-12.5 deg",,0.028980419588810726,0.30338677712234047,10.90327993746675,0.18999999999999995,True,1.34,True,0.0013930514750590877,1.9999999999999998,False,5.077111385632999,8.48223193744255,0.5985584246077313,1.0194843024777123,1804.5220555923077,4.095197899421988,1.74,0.0005150383321090766,112.12167060998033,143.09566050268677,0.0,nan
pd,10.0,1.0,replay,28,"demo_00 -10,-12.5 deg",demo_00,0.03049325530530877,0.14030252226262976,7.0446683401742645,-0.09000000000000008,True,1.06,False,1.7683438653340857e-07,2.0,True,1.1450079639273398,8.48223193744255,0.13498899492160873,0.8758663253745701,1249.9999942597947,4.213473903341682,1.06,7.554453812795785e-13,435.63418777206556,1887.7385763753623,0.0,nan
pd,10.0,1.0,esn,29,"demo_00 -10,-10 deg",,0.02525116965855402,0.2561731440848598,9.294169968680706,0.1499999999999999,True,1.3,True,0.0011408550438393558,2.0,False,4.344590480335159,7.347989614561788,0.5912624688153233,0.8673635086184108,1526.356342717695,3.5695803439970297,1.6600000000000001,0.0005141561588700237,94.83819971126616,177.5313785148976,0.0,nan
pd,10.0,1.0,replay,29,"demo_00 -10,-10 deg",demo_00,0.028270692602860407,0.12070113219963374,6.273221414834355,-0.09000000000000008,True,1.06,False,1.7684323452862616e-07,2.0,True,0.9980882723364777,7.347989614561788,0.13583147564042938,0.7709074433012437,1000.0000148618514,3.856654336391263,1.06,7.554453812795785e-13,435.63418777206556,1859.2848422835207,0.0,nan
pd,10.0,1.0,esn,30,"demo_00 -10,-7.5 deg",,0.02221225770958813,0.20931336430852193,7.82758321255358,0.10999999999999988,True,1.26,False,0.0008930590496555519,2.0,True,3.602446741253747,6.283607093735563,0.5733087202166417,0.7234795973785452,1249.9350844730388,3.1185377294685743,1.26,0.0005136989234801994,149.95273032715863,274.63778516182276,0.0,nan
pd,10.0,1.0,replay,30,"demo_00 -10,-7.5 deg",demo_00,0.02626457229731704,0.09950029609719659,5.616899737826599,-0.09000000000000008,True,1.06,False,1.768528646841179e-07,2.0,True,0.8602326331109504,6.283607093735563,0.13690108567872722,0.6738107977663935,1000.0000148618514,3.5311395034729056,1.06,7.556686917391825e-13,435.63418777206556,1836.2564901502933,0.0,nan
pd,10.0,1.0,esn,31,"demo_00 -10,-5 deg",,0.02003494467427052,0.1633255416529875,6.614567430567865,0.06999999999999984,True,1.21,False,0.0006809939888876151,2.0,True,2.8839863852309042,5.371905275532018,0.5368647132269626,0.5923078517349937,975.3509017725349,2.7660103949086414,1.21,0.0005136147546884939,205.40390693539996,434.2294400457874,0.0,nan
pd,10.0,1.0,replay,31,"demo_00 -10,-5 deg",demo_00,0.02451552214537603,0.076846371956837,5.144794479731861,-0.08000000000000007,True,1.06,False,1.7686327921950816e-07,2.0,True,0.7376020645701595,5.371905275532018,0.13730734753082735,0.5892167691623155,1000.0000148618514,3.2462145602135712,1.06,7.554453812795785e-13,435.63418777206556,1818.5828253197828,0.0,nan
pd,10.0,1.0,esn,32,"demo_00 -10,-2.5 deg",,0.018868688929201988,0.11918364701846404,5.730791536856893,0.019999999999999796,True,1.16,False,0.0005569174538296668,2.0,True,2.193952542043656,4.5715470818324935,0.47991467719155934,0.48353986892440365,702.6841662824754,2.53961741856965,1.16,0.0005138552569063626,260.78911255040987,655.8692043710555,0.0,nan
pd,10.0,1.0,replay,32,"demo_00 -10,-2.5 deg",demo_00,0.02307330620081311,0.05299751909310715,4.865142114196888,-0.08000000000000007,True,1.06,False,1.7687447761596232e-07,2.0,True,0.6429070914785745,4.5715470818324935,0.14063228048848328,0.5238893175214607,1000.0000148618514,3.013580994394903,1.06,7.554453812795785e-13,435.63418777206556,1806.204919791241,0.0,nan
pd,10.0,1.0,esn,33,"demo_00 -10,+0 deg",,0.01875424154412495,0.07861205522869713,5.378432727041127,-0.020000000000000018,True,1.12,False,0.0005653261375652058,2.0,True,1.6178466858603082,4.000538462351017,0.40440723194785644,0.4153602760067651,725.5424614119612,2.4604617612367514,1.12,0.000514377045830468,316.07109617394343,938.8784578038874,0.0,nan
pd,10.0,1.0,replay,33,"demo_00 -10,+0 deg",demo_00,0.02199407761480359,0.0284702281900376,4.842605193718461,-0.08000000000000007,True,1.06,False,1.7688646117488098e-07,2.0,True,0.6105441258710318,4.000538462351017,0.1526154870442691,0.48620236048036414,1000.0000148618514,2.8466136709382375,1.06,7.554453812795785e-13,435.63418777206556,1799.0759052785081,0.0,nan
pd,10.0,1.0,esn,34,"demo_00 -10,+2.5 deg",,0.019570310950311587,0.044763531368717906,5.6472432985392675,-0.040000000000000036,True,1.1,False,0.0006802976259392106,2.0,True,1.350039662623061,3.720676610262821,0.3628478914021224,0.40964619465730534,852.1233285393529,2.52909460603842,1.1,0.0005151431496202997,371.2140485929423,1282.3492287395263,0.0,nan
pd,10.0,1.0,replay,34,"demo_00 -10,+2.5 deg",demo_00,0.021333765523124788,0.006647580219498643,5.083511108792572,-0.08000000000000007,True,1.06,False,1.7689922643659474e-07,2.0,True,0.629211287541371,3.720676610262821,0.1691120603725151,0.48303083490827753,1000.0000148618514,2.758168261510169,1.06,7.558881775694469e-13,435.63418777206556,1797.1613041710389,0.0,nan
pd,10.0,1.0,esn,35,"demo_00 -10,+5 deg",,0.021080995687325806,0.04433696578654754,6.451826156197832,0.20999999999999996,True,1.35,False,0.00041967891368484094,2.0,True,1.4400520949568283,4.2628121970554735,0.3378173910526813,0.4701356041733634,978.3063399022093,2.7222399704615325,1.35,0.0005161242129270699,426.18368144168267,1685.1582423977325,0.0,nan
pd,10.0,1.0,replay,35,"demo_00 -10,+5 deg",demo_00,0.0211378173156675,0.027736374211736133,5.55632162495314,-0.08000000000000007,True,1.06,False,1.7691277029196114e-07,2.0,True,0.6881106746576281,4.2628121970554735,0.16142176639471445,0.5151751432542612,1000.0000148618514,2.7570724390814787,1.06,7.558881775694469e-13,435.63418777206556,1800.4393686652004,0.0,nan
pd,10.0,1.0,esn,36,"demo_00 -10,+7.5 deg",,0.023033185147609096,0.08059708031218633,7.61782829245573,0.24,True,1.3800000000000001,False,0.0007113173124744324,1.9999999999999998,True,1.8636963523462977,5.208742494885825,0.35780159110882476,0.5778478094990112,1104.0163921876372,3.0051652696829816,1.3800000000000001,0.0005172994614029763,480.94727714994076,2145.9829738776994,0.0,nan
pd,10.0,1.0,replay,36,"demo_00 -10,+7.5 deg",demo_00,0.02143046746535554,0.05228842912782358,6.21061414826459,-0.08000000000000007,True,1.06,False,1.7692708849773205e-07,2.0,True,0.7859865136400912,5.208742494885825,0.1508975562550477,0.5767534686180237,1000.0000148618514,2.8449801970878306,1.06,7.558881775694469e-13,435.63418777206556,1808.9013875490243,0.0,nan
pd,10.0,1.0,esn,37,"demo_00 -10,+10 deg",,0.025217645433875585,0.11824704676394315,8.963743086866259,0.25,True,1.4000000000000001,False,0.0009771986223658968,1.9999999999999998,True,2.383862305979251,6.236982057553702,0.3822140714822355,0.713043513279096,1229.1820406908305,3.345559848880501,1.4000000000000001,0.0005186574048652864,535.4737119622293,2663.3198905344325,0.0,nan
pd,10.0,1.0,replay,37,"demo_00 -10,+10 deg",demo_00,0.022208832874914552,0.07689156182260971,6.967906429067426,-0.09000000000000008,True,1.06,False,1.769421771249945e-07,2.0,True,0.916315085932319,6.236982057553702,0.14691642167265115,0.659436524247759,1000.0000148618514,3.015878789056717,1.06,7.558881775694469e-13,435.63418777206556,1822.551907460489,0.0,nan
pd,10.0,1.0,esn,38,"demo_00 -10,+12.5 deg",,0.027480666875123846,0.15553133724426413,10.467460917402661,0.2699999999999998,True,1.42,True,0.0012287488780381168,2.0,False,2.934438464141175,7.395006322751494,0.3968135165906585,0.8641280428420128,1353.7354971174407,3.7191437988167024,1.81,0.0005201962759598174,589.7334549804388,3235.505169856561,0.0,nan
pd,10.0,1.0,replay,38,"demo_00 -10,+12.5 deg",demo_00,0.02344526000803553,0.10063682425270715,7.846046908419499,-0.09000000000000008,True,1.06,False,1.7695803006411067e-07,2.0,True,1.0639408615662413,7.395006322751494,0.14387288058063158,0.7561059767344142,1250.0000057404905,3.2586187074442265,1.06,7.558881775694469e-13,435.63418777206556,1841.4088010627308,0.0,nan
pd,10.0,1.0,esn,39,"demo_00 -10,+15 deg",,0.029713291063290806,0.19175139397053473,12.046291680344074,0.2799999999999998,True,1.43,True,0.0014600394910774242,2.0,False,3.5000283547636992,8.60959182713233,0.40652663041860876,1.0251535507111822,1477.6125802156362,4.10929042753233,1.86,0.0005219242165715957,643.6985466574731,3860.7382713797742,0.0,nan
pd,10.0,1.0,replay,39,"demo_00 -10,+15 deg",demo_00,0.02509624173451376,0.12313723464744243,8.791947333473159,-0.09000000000000008,True,1.06,False,1.7697464305757445e-07,2.0,True,1.2218833454817906,8.60959182713233,0.1419211700177398,0.861778388412269,1500.0000057405152,3.5604667709307205,1.06,7.558881775694469e-13,435.63418777206556,1865.5030990292169,0.0,nan
pd,10.0,1.0,esn,40,"demo_00 -7.5,-15 deg",,0.03178667306835884,0.3507830670209728,12.03212928350134,0.22999999999999998,True,1.3800000000000001,True,0.0015606352191809122,1.9999999999999998,False,5.593595490296626,9.126774210355928,0.6128776018091595,1.1346581239748708,1980.046281377054,4.426724686689159,1.79,0.0005269069754734513,123.02764394874903,233.53257861617723,0.0,nan
pd,10.0,1.0,replay,40,"demo_00 -7.5,-15 deg",demo_00,0.029445012980435795,0.17058508961463154,7.4157335529976915,-0.09000000000000008,True,1.06,False,1.767609502977665e-07,2.0,True,1.218519262855914,9.126774210355928,0.1335103986108575,0.8881627954539779,1499.9999942598195,4.137296253195783,1.06,7.554453812795785e-13,326.7256424476197,1124.1254859535502,0.0,nan
pd,10.0,1.0,esn,41,"demo_00 -7.5,-12.5 deg",,0.027041353542692156,0.30170684052303415,10.253125935958144,0.18999999999999995,True,1.34,True,0.001315560517786948,1.9999999999999998,False,4.8647950260805,7.8924157718108505,0.616388589594579,0.9720331668510801,1699.536537541402,3.7945385515677543,1.74,0.0005251039701316219,105.59852968341616,126.36747070597745,0.0,nan
pd,10.0,1.0,replay,41,"demo_00 -7.5,-12.5 deg",demo_00,0.02661124977221166,0.15071195696085557,6.448648018911535,-0.09000000000000008,True,1.06,False,1.7677123766188568e-07,2.0,True,1.061434467344038,7.8924157718108505,0.13448790560871585,0.7781946119367879,1249.9999942597947,3.709470821110898,1.06,7.556686917391825e-13,326.7256424476197,1092.4463999357672,0.0,nan
pd,10.0,1.0,esn,42,"demo_00 -7.5,-10 deg",,0.02274335471455711,0.2525013404885511,8.579588755751622,0.16999999999999993,True,1.31,True,0.0010479810257333834,2.0,False,4.090152233103634,6.740215512319023,0.6068281089273934,0.8150648832765454,1420.7031401473932,3.2088876044363634,1.62,0.0005238009896078469,88.27357306081021,81.80128473111711,0.0,nan
pd,10.0,1.0,replay,42,"demo_00 -7.5,-10 deg",demo_00,0.023958081296803123,0.12897278781998314,5.562615105806173,-0.08000000000000007,True,1.06,False,1.7678225905640614e-07,2.0,True,0.9080557587601207,6.740215512319023,0.1347220659488523,0.6721328342429002,999.9999942597702,3.3032588810717898,1.06,7.556686917391825e-13,326.7256424476197,1066.1761800543547,0.0,nan
pd,10.0,1.0,esn,43,"demo_00 -7.5,-7.5 deg",,0.0190422023563887,0.20344183327353177,6.970820785803313,0.11999999999999988,True,1.26,False,0.0007768375823626228,2.0,True,3.3583847086399343,5.572951719560627,0.6026222507638574,0.6650717368035747,1143.6530429348823,2.6870962261966804,1.26,0.0005229464693644669,71.09227942001768,99.99713908597703,0.0,nan
pd,10.0,1.0,replay,43,"demo_00 -7.5,-7.5 deg",demo_00,0.021534775286722808,0.10543398662141731,4.743019807377809,-0.08000000000000007,True,1.06,False,1.767940200375949e-07,2.0,True,0.7609010701060761,5.572951719560627,0.1365346603372451,0.5729617364311553,750.0000148618233,2.927272500338622,1.06,7.552272438011246e-13,326.7256424476197,1045.2428893060796,0.0,nan
pd,10.0,1.0,esn,44,"demo_00 -7.5,-5 deg",,0.016173109410133137,0.15511947068338275,5.547251908097194,0.06999999999999984,True,1.21,False,0.0005447053809325882,2.0,True,2.61136089019482,4.49589082033599,0.5808328081240339,0.5260115198230092,868.480924495835,2.2583407013908112,1.21,0.0005224901144727529,126.49940235061045,180.85717304054,0.0,nan
pd,10.0,1.0,replay,44,"demo_00 -7.5,-5 deg",demo_00,0.019413664244678823,0.08026101801195627,4.07812973708096,-0.08000000000000007,True,1.06,False,1.768065242715493e-07,2.0,True,0.6250973719342265,4.49589082033599,0.1390374893239759,0.4857227792302838,750.0000148618233,2.594580282059084,1.06,7.554453812795785e-13,326.7256424476197,1029.5851782486943,0.0,nan
pd,10.0,1.0,esn,45,"demo_00 -7.5,-2.5 deg",,0.014442645467583384,0.10847235446397646,4.4714861289196755,0.010000000000000009,True,1.1500000000000001,False,0.0004022059197309989,1.9999999999999998,True,1.8967326481044853,3.5776302118395775,0.530164532328568,0.40802080788086653,595.268893459991,1.9667990950842968,1.1500000000000001,0.0005223844852713102,181.831866793649,324.0309725972657,0.0,nan
pd,10.0,1.0,replay,45,"demo_00 -7.5,-2.5 deg",demo_00,0.017694658223506077,0.053719758209482146,3.657291694117287,-0.08000000000000007,True,1.06,False,1.7681977263915765e-07,2.0,True,0.5110701315925223,3.5776302118395775,0.14285158088759983,0.41869046619112366,750.0000148618233,2.3241280170952354,1.06,7.556686917391825e-13,326.7256424476197,1019.1524583244534,0.0,nan
pd,10.0,1.0,esn,46,"demo_00 -7.5,+0 deg",,0.014079051300166835,0.06577715799915906,4.0328572930313,-0.030000000000000027,True,1.1,False,0.0004270541133220232,2.0,True,1.2946825493086012,2.9439415675816205,0.43977861638475135,0.3341917696316858,544.1553927815753,1.8598017262415654,1.1,0.0005225865412355116,237.0526890331492,528.9258623390706,0.0,nan
pd,10.0,1.0,replay,46,"demo_00 -7.5,+0 deg",demo_00,0.01650089955447442,0.026343492093548235,3.5869097667177794,-0.07000000000000006,True,1.06,False,1.7683376660235682e-07,2.0,True,0.4450278231846446,2.9439415675816205,0.15116734247895572,0.38323015813864353,750.0000148618233,2.1403777891477955,1.06,7.554453812795785e-13,326.7256424476197,1013.9051148962477,0.0,nan
pd,10.0,1.0,esn,47,"demo_00 -7.5,+2.5 deg",,0.015003376951744715,0.031296196320500805,4.381968456172889,-0.040000000000000036,True,1.09,False,0.0005535669784202198,1.9999999999999998,True,1.0693875358528995,2.65161482227211,0.4032967106951699,0.3361732436467086,670.5772881311493,1.9510863439296882,1.09,0.0005230590579883619,292.1263879118687,794.7189604714893,0.0,nan
pd,10.0,1.0,replay,47,"demo_00 -7.5,+2.5 deg",demo_00,0.015954709738355506,0.005815220354279771,3.8642613792066802,-0.07000000000000006,True,1.06,False,1.768485036119622e-07,2.0,True,0.4805710444842457,2.65161482227211,0.18123712405275177,0.38847364911877047,750.0000148618233,2.067781822150823,1.06,7.556686917391825e-13,326.7256424476197,1013.8147391914015,0.0,nan
pd,10.0,1.0,esn,48,"demo_00 -7.5,+5 deg",,0.01685065131059457,0.050617092802616254,5.351145053523729,0.17999999999999994,True,1.32,False,0.0004124623936078605,2.0,True,1.298142375811091,3.4683880323559872,0.37427829980410127,0.4144032810174846,796.5836247922248,2.2018025423064196,1.32,0.0005237718508893561,347.01905522154306,1120.3709535490311,0.0,nan
pd,10.0,1.0,replay,48,"demo_00 -7.5,+5 deg",demo_00,0.016133007265985634,0.03162390097462101,4.421547818521813,-0.08000000000000007,True,1.06,False,1.7686398145430308e-07,2.0,True,0.5683387531330462,3.4683880323559872,0.16386250553026738,0.433099809122375,750.0000148618233,2.119383404472928,1.06,7.554453812795785e-13,326.7256424476197,1018.8643503046346,0.0,nan
pd,10.0,1.0,esn,49,"demo_00 -7.5,+7.5 deg",,0.019222503293917403,0.08991785077220973,6.693775612686352,0.21999999999999997,True,1.36,False,0.0007202813725149981,1.9999999999999998,True,1.79504485594549,4.540546377596946,0.39533675171830435,0.5380478350215281,922.1002699107873,2.553331065370434,1.36,0.000524702758917713,401.6983961570063,1504.6416280094966,0.0,nan
pd,10.0,1.0,replay,49,"demo_00 -7.5,+7.5 deg",demo_00,0.017030170021672016,0.058949826772797406,5.197511466915931,-0.08000000000000007,True,1.06,False,1.7688019688624147e-07,2.0,True,0.6973121842580318,4.540546377596946,0.1535745098207938,0.5067880455889536,750.0000148618233,2.2886214941302643,1.06,7.554453812795785e-13,326.7256424476197,1029.0485689227987,0.0,nan
pd,10.0,1.0,esn,50,"demo_00 -7.5,+10 deg",,0.02183043608341948,0.12927288620086566,8.213348608800347,0.25,True,1.3900000000000001,False,0.000998783824118308,2.0,True,2.3508363946147535,5.723848330371508,0.4107090647634564,0.6842725692163609,1047.056824227615,2.959655747857811,1.3900000000000001,0.0005258383630089068,456.13374239460376,1946.1072918512386,0.0,nan
pd,10.0,1.0,replay,50,"demo_00 -7.5,+10 deg",demo_00,0.018564075220807007,0.08537888364898659,6.101321747001892,-0.08000000000000007,True,1.06,False,1.768971451739978e-07,2.0,True,0.8475160222764014,5.723848330371508,0.1480675191512968,0.5987604960582312,1000.0000057404657,2.5541452700220924,1.06,7.558881775694469e-13,326.7256424476197,1044.373693507354,0.0,nan
pd,10.0,1.0,esn,51,"demo_00 -7.5,+12.5 deg",,0.024493748961723395,0.16745657238597528,9.823269271806659,0.26,True,1.4000000000000001,True,0.0012403340373223265,1.9999999999999998,False,2.9313374193822717,6.971047485370299,0.42050171448897544,0.8426151402018424,1171.3865968459381,3.392263680349926,1.8,0.0005271744320942936,510.2960411001205,2443.180322476602,0.0,nan
pd,10.0,1.0,replay,51,"demo_00 -7.5,+12.5 deg",demo_00,0.020618210411367136,0.1103971958877895,7.08604240311054,-0.08000000000000007,True,1.06,False,1.7691482298511566e-07,2.0,True,1.0077379664879518,6.971047485370299,0.14456047941185715,0.701639526661157,1250.0000057404905,2.8914891877565623,1.06,7.558881775694469e-13,326.7256424476197,1064.8576175445596,0.0,nan
pd,10.0,1.0,esn,52,"demo_00 -7.5,+15 deg",,0.0271011016814088,0.20407538457958463,11.434943155458129,0.2699999999999998,True,1.42,True,0.001479102885056376,2.0,False,3.500263705417671,8.188533735092438,0.4274591543070876,1.0084313730568741,1295.0265333429854,3.8345669769554713,1.85,0.0005287161061172026,564.1578236117158,2994.1311731366036,0.0,nan
pd,10.0,1.0,replay,52,"demo_00 -7.5,+15 deg",demo_00,0.02308134219190999,0.13370589433848623,8.089159839307335,-0.09000000000000008,True,1.06,False,1.7693322148499952e-07,2.0,True,1.172119712744584,8.188533735092438,0.14314158684129208,0.8110085406048488,1500.0000057405152,3.280462728112714,1.06,7.558881775694469e-13,326.7256424476197,1090.529513731211,0.0,nan
pd,10.0,1.0,esn,53,"demo_00 -5,-15 deg",,0.030848943559810386,0.34925759635540343,11.612613706665464,0.24,True,1.3800000000000001,True,0.0014951861402798142,1.9999999999999998,False,5.379547572036437,8.690804127997184,0.6189930750718884,1.0940178679228163,1875.6192045161918,4.235887181011873,1.79,0.0005361932615045734,173.91754306996845,414.2437015989184,0.0,nan
pd,10.0,1.0,replay,53,"demo_00 -5,-15 deg",demo_00,0.0266517345640299,0.18266007956485356,7.16372626903133,-0.08000000000000007,True,1.06,False,1.7669926225015438e-07,2.0,True,1.1672463029533104,8.690804127997184,0.13430820505930618,0.8153792860305181,1499.9999942598195,3.7529030713863794,1.06,7.550078923448795e-13,217.81709712317385,552.5901989449515,0.0,nan
pd,10.0,1.0,esn,54,"demo_00 -5,-12.5 deg",,0.025701875759282945,0.298286632086363,9.768419255015509,0.20999999999999996,True,1.35,True,0.0012296823294043388,2.0,False,4.612038095032318,7.432521381958587,0.6205213356301134,0.929068760777943,1594.415049576466,3.5602346511328506,1.73,0.000533945349497202,118.54589020059089,227.97773379086877,0.0,nan
pd,10.0,1.0,replay,54,"demo_00 -5,-12.5 deg",demo_00,0.023356181327829878,0.16054737283990445,6.0890252101919415,-0.08000000000000007,True,1.06,False,1.767119881563941e-07,2.0,True,1.007232718194185,7.432521381958587,0.13551696206876745,0.7053091729097409,1249.9999942597947,3.2759687709569465,1.06,7.552259299714415e-13,217.81709712317385,523.0311101921271,0.0,nan
pd,10.0,1.0,esn,55,"demo_00 -5,-10 deg",,0.020880464865743197,0.2468178492222209,7.96802034810738,0.17999999999999994,True,1.32,False,0.0009513035713450479,2.0,True,3.830754242197797,6.165456649857062,0.6213253064209945,0.7693059966338207,1314.9230802776522,2.9179671409159273,1.32,0.0005322244186399896,81.70106429425691,104.30594387486221,0.0,nan
pd,10.0,1.0,replay,55,"demo_00 -5,-10 deg",demo_00,0.020200233016630913,0.13632649328500374,5.0429537732487955,-0.08000000000000007,True,1.06,False,1.7672540748122926e-07,2.0,True,0.847671136210995,6.165456649857062,0.1374871618358791,0.5981463000595957,999.9999942597702,2.8140761504142273,1.06,7.554453812795785e-13,217.81709712317385,498.72855339070793,0.0,nan
pd,10.0,1.0,esn,56,"demo_00 -5,-7.5 deg",,0.016493716276071126,0.19521144119217576,6.259035242773593,0.1399999999999999,True,1.27,False,0.0006608171715543135,2.0,True,3.083014806092289,4.957913960028026,0.6218370933719997,0.6155701944243943,1037.2524974202518,2.321671752047229,1.27,0.0005309810162824952,64.44835766607439,43.47850691544685,0.0,nan
pd,10.0,1.0,replay,56,"demo_00 -5,-7.5 deg",demo_00,0.017240493078215773,0.11006537635086472,4.068338827719371,-0.07000000000000006,True,1.06,False,1.7673952517662464e-07,2.0,True,0.6916004047163788,4.957913960028026,0.13949423291574614,0.4965987998616216,749.9999942597391,2.375606513553246,1.06,7.554453812795785e-13,217.81709712317385,479.62005970745975,0.0,nan
pd,10.0,1.0,esn,57,"demo_00 -5,-5 deg",,0.012770189539447217,0.14404908279987902,4.63556319674012,0.06999999999999984,True,1.2,False,0.00039010244864799975,2.0,True,2.34338546255,3.75368464849518,0.6242893801666166,0.4712307801985249,761.499941426944,1.7983016120233632,1.2,0.0005301662411913677,47.61764363287376,45.483504169340144,0.0,nan
pd,10.0,1.0,replay,57,"demo_00 -5,-5 deg",demo_00,0.014580676205176205,0.08196247215875493,3.1822689463406904,-0.07000000000000006,True,1.06,False,1.767543435680687e-07,2.0,True,0.5431753309278488,3.75368464849518,0.1447045721183859,0.40574601354761874,500.00001486179553,1.9761557833555103,1.06,7.552272438011246e-13,217.81709712317385,465.65279713212414,0.0,nan
pd,10.0,1.0,esn,58,"demo_00 -5,-2.5 deg",,0.01017861362815768,0.09436133391821447,3.287086601724457,0.0,True,1.1300000000000001,False,0.00023270667558606106,1.9999999999999998,True,1.583122026159376,2.6786179951776896,0.5910219482619273,0.34653131491583267,487.74917552666085,1.406884252185851,1.1300000000000001,0.0005297333440335826,102.89017702975465,110.05557675121361,0.0,nan
pd,10.0,1.0,replay,58,"demo_00 -5,-2.5 deg",demo_00,0.01240518797860759,0.0523242492575255,2.530607971335395,-0.07000000000000006,True,1.06,False,1.7676986477765954e-07,2.0,True,0.41235077211046484,2.6786179951776896,0.15394161200022513,0.3352165114684134,500.00001486179553,1.644863684154964,1.06,7.556686917391825e-13,217.81709712317385,456.78372911830445,0.0,nan
pd,10.0,1.0,esn,59,"demo_00 -5,+0 deg",,0.009394953799816818,0.048909621595344704,2.6430960650127577,-0.040000000000000036,True,1.09,False,0.00025666014493736167,1.9999999999999998,True,0.9104579036768568,1.8908796364316314,0.4814996608642024,0.2699184769130174,362.7876550873938,1.2496953417378955,1.09,0.0005296392975610883,158.0427031089218,236.68634780329688,0.0,nan
pd,10.0,1.0,replay,59,"demo_00 -5,+0 deg",demo_00,0.011004250949286708,0.02170872042614652,2.3258727192438937,-0.07000000000000006,True,1.06,False,1.7678608969743505e-07,2.0,True,0.3243340596437797,1.8908796364316314,0.17152549183714616,0.30036670703571916,500.00001486179553,1.4310347331047788,1.06,7.554453812795785e-13,217.81709712317385,452.97980527264514,0.0,nan
pd,10.0,1.0,esn,60,"demo_00 -5,+2.5 deg",,0.010574448017933846,0.020297914733055037,3.147815206317432,-0.06000000000000005,True,1.07,False,0.0004499127180899072,2.0,True,0.7925709685983039,1.8423910691393575,0.43018606737414344,0.28460459820949835,489.0343863907301,1.3848904128897217,1.07,0.0005298462476522045,213.04009454176563,424.6364656699626,0.0,nan
pd,10.0,1.0,replay,60,"demo_00 -5,+2.5 deg",demo_00,0.01069669257844176,0.010057737309607776,2.6777802627654017,-0.07000000000000006,True,1.06,False,1.768030147683973e-07,2.0,True,0.36729412465499445,1.8423910691393575,0.19935730844948668,0.3137277634346472,500.00001486179553,1.3917249896151254,1.06,7.552272438011246e-13,217.81709712317385,454.2181647780476,0.0,nan
pd,10.0,1.0,esn,61,"demo_00 -5,+5 deg",,0.013004484602597267,0.06075762104629818,4.4116860048232445,-0.050000000000000044,True,1.08,True,0.0006045347725382463,2.0,False,1.2264893102973389,2.8962570253240454,0.42347391808574525,0.3817327151019227,614.8480976966331,1.7280220467360305,1.28,0.0005303227746976793,267.84884766254237,672.9491775119025,0.0,nan
pd,10.0,1.0,replay,61,"demo_00 -5,+5 deg",demo_00,0.011588860215099861,0.0404819489219947,3.4223515965934874,-0.07000000000000006,True,1.06,False,1.7682063859750144e-07,2.0,True,0.4926014068122538,2.8962570253240454,0.17008207576367967,0.3702542651624449,500.00001486179553,1.5424394016563772,1.06,7.554453812795785e-13,217.81709712317385,460.4863261165933,0.0,nan
pd,10.0,1.0,esn,62,"demo_00 -5,+7.5 deg",,0.01597128289981263,0.10284232543309682,5.962137459385686,0.20999999999999996,True,1.34,False,0.0007502357250550455,1.9999999999999998,True,1.7680211033038258,4.112408088240441,0.42992355461014126,0.5182996852975411,740.1556786850791,2.1692590087090595,1.34,0.0005310449151033753,322.4371131168442,980.4654216348247,0.0,nan
pd,10.0,1.0,replay,62,"demo_00 -5,+7.5 deg",demo_00,0.01346858030132668,0.07009674798975044,4.365887588770925,-0.07000000000000006,True,1.06,False,1.7683895734178583e-07,2.0,True,0.6468341176421993,4.112408088240441,0.15728840712375838,0.4540648614018266,750.000005740441,1.839131825782954,1.06,7.556686917391825e-13,217.81709712317385,471.78232830306945,0.0,nan
pd,10.0,1.0,esn,63,"demo_00 -5,+10 deg",,0.019096992619662276,0.14352194217984623,7.589412831515298,0.22999999999999998,True,1.37,False,0.0010240196725473914,2.0,True,2.358991634313022,5.35504335643123,0.4405177469721046,0.672037984960783,864.8878231058286,2.6490883105006597,1.37,0.000531996913249188,376.7746987330879,1345.8405221840926,0.0,nan
pd,10.0,1.0,replay,63,"demo_00 -5,+10 deg",demo_00,0.0160189237981267,0.0981151269553638,5.384371547429614,-0.08000000000000007,True,1.06,False,1.7685796493282493e-07,2.0,True,0.8113384419979204,5.35504335643123,0.1515092199997839,0.5527376760860248,1000.0000057404657,2.2261932280514345,1.06,7.554453812795785e-13,217.81709712317385,488.11477928190476,0.0,nan
pd,10.0,1.0,esn,64,"demo_00 -5,+12.5 deg",,0.02220325086608268,0.18230185005058297,9.285525732741053,0.25,True,1.3900000000000001,True,0.0012730894456229945,2.0,False,2.948254407495223,6.667287798282184,0.44219696174729933,0.8347251695228959,1109.653221631525,3.1407481895885043,1.79,0.00053317169346133,430.83304828154695,1767.562673405241,0.0,nan
pd,10.0,1.0,replay,64,"demo_00 -5,+12.5 deg",demo_00,0.019000262273597395,0.12415228316870967,6.473975135792205,-0.08000000000000007,True,1.06,False,1.7687765383260865e-07,2.0,True,0.9797856124980217,6.667287798282184,0.14695415019439564,0.6594172522565357,1250.0000057404905,2.6664552058766566,1.06,7.554453812795785e-13,217.81709712317385,509.50275661752386,0.0,nan
pd,10.0,1.0,esn,65,"demo_00 -5,+15 deg",,0.0251997267381088,0.21904671031909617,10.957426948322686,0.2599999999999998,True,1.41,True,0.0015084641855903276,2.0,False,3.524508738481084,7.932950423380334,0.4442872513224713,1.003058180070539,1368.119480862853,3.6317229671468225,1.84,0.0005345710582346005,484.585200187806,2243.9735008090443,0.0,nan
pd,10.0,1.0,replay,65,"demo_00 -5,+15 deg",demo_00,0.022269174645155414,0.1480583105846018,7.562619603251975,-0.09000000000000008,True,1.06,False,1.768980169732678e-07,2.0,True,1.1501222927833055,7.932950423380334,0.14498039586805123,0.7705259120739033,1500.0000057405152,3.1393743713479347,1.06,7.558881775694469e-13,217.81709712317385,535.9754946642345,0.0,nan
pd,10.0,1.0,esn,66,"demo_00 -2.5,-15 deg",,0.030494447961199784,0.3462137183563999,11.275832937016139,0.25,True,1.3900000000000001,True,0.0014165437452745252,2.0,False,5.12407690220056,8.120902212103429,0.6309738460541505,1.0555020935532877,1771.0796378000655,4.116650725271574,1.79,0.0005441671460402347,252.60072547092633,713.0876191973192,0.0,nan
pd,10.0,1.0,replay,66,"demo_00 -2.5,-15 deg",demo_00,0.024745909304374914,0.19402983031457852,7.091753218142831,-0.08000000000000007,True,1.06,False,1.7664167999945314e-07,2.0,True,1.1269875366032915,8.120902212103429,0.13877614914801267,0.7678462157783916,1499.9999942598195,3.4654452566164853,1.06,7.547845170246429e-13,108.90855179872798,207.31585688592682,0.0,nan
pd,10.0,1.0,esn,67,"demo_00 -2.5,-12.5 deg",,0.025060807860887584,0.2930040856458022,9.438945645680493,0.22999999999999998,True,1.36,True,0.0011426499119151486,1.9999999999999998,False,4.358343994403663,6.938359574781361,0.6281519352563969,0.8902973180974547,1489.1916315805056,3.409693551413987,1.72,0.000541467860982605,197.2604416075361,447.65039351971313,0.0,nan
pd,10.0,1.0,replay,67,"demo_00 -2.5,-12.5 deg",demo_00,0.021020920586154217,0.1693015209221888,5.968950758156207,-0.07000000000000006,True,1.06,False,1.7665708886954612e-07,2.0,True,0.9647395188176936,6.938359574781361,0.13904432429881586,0.6582299707393479,1249.9999942597947,2.94412893401714,1.06,7.550078923448795e-13,108.90855179872798,179.6963089404612,0.0,nan
pd,10.0,1.0,esn,68,"demo_00 -2.5,-10 deg",,0.0198485806388678,0.2390763920822717,7.579447291582665,0.19999999999999996,True,1.33,False,0.0008530500868216155,2.0,True,3.57652253140694,5.676262714408268,0.6300840379231427,0.7302498214581569,1209.0509377068215,2.724231004024872,1.33,0.0005393288240339999,141.89428867667078,244.79577947740873,0.0,nan
pd,10.0,1.0,replay,68,"demo_00 -2.5,-10 deg",demo_00,0.017361152086233893,0.14216609618613138,4.819956881164665,-0.07000000000000006,True,1.06,False,1.766731518587438e-07,2.0,True,0.802952680959765,5.676262714408268,0.14145798412776078,0.5508157457171592,999.9999942597702,2.4284353039116917,1.06,7.550078923448795e-13,108.90855179872798,157.12690613786913,0.0,nan
pd,10.0,1.0,esn,69,"demo_00 -2.5,-7.5 deg",,0.014895021266857121,0.18455758035673228,5.773678295354022,0.15999999999999992,True,1.28,False,0.0005433599394973808,2.0,True,2.817090570881799,4.439265681005834,0.6345848104868353,0.5759597907066715,930.7688903012507,2.0646716060550765,1.28,0.0005377026011504575,86.54284473684814,104.85932424977848,0.0,nan
pd,10.0,1.0,replay,69,"demo_00 -2.5,-7.5 deg",demo_00,0.01379531024263391,0.11269789021338428,3.699071282713581,-0.06000000000000005,True,1.06,False,1.7668987040246014e-07,2.0,True,0.641724121722084,4.439265681005834,0.14455636761453852,0.4479685394862056,749.9999942597391,1.9224737839922135,1.06,7.550078923448795e-13,108.90855179872798,139.553860013338,0.0,nan
pd,10.0,1.0,esn,70,"demo_00 -2.5,-5 deg",,0.010301190953951484,0.13011782744932526,3.980995640773055,0.07999999999999985,True,1.2,False,0.00025492290879015477,2.0,True,2.056360348565241,3.145426020257325,0.6537621089549617,0.4305871849897784,654.4439911450261,1.4431098679682994,1.2,0.0005365414804334649,40.663040598724535,27.91328955594683,0.0,nan
pd,10.0,1.0,replay,70,"demo_00 -2.5,-5 deg",demo_00,0.010400594810397089,0.08110952578213781,2.5908326929350403,-0.06000000000000005,True,1.06,False,1.7670724928848997e-07,2.0,True,0.48180724690094306,3.145426020257325,0.15317710345052934,0.35450236278466174,499.999994259708,1.4365733921051647,1.06,7.547845170246429e-13,108.90855179872798,126.93206859729376,0.0,nan
pd,10.0,1.0,esn,71,"demo_00 -2.5,-2.5 deg",,0.0064256629085014064,0.07667810336677212,2.3052420572022956,-0.010000000000000009,True,1.11,False,0.00012477971101781105,1.9999999999999998,True,1.2470857213360376,1.8929585974569376,0.6588024286486842,0.3049648644664802,380.1615721044548,0.9027823073202362,1.11,0.0005357991074657001,23.960054081269455,13.775581207838675,0.0,nan
pd,10.0,1.0,replay,71,"demo_00 -2.5,-2.5 deg",demo_00,0.00740380191893471,0.04779933932447016,1.5960417763887986,-0.06000000000000005,True,1.06,False,1.7672528671808893e-07,2.0,True,0.33068604145956987,1.8929585974569376,0.17469269634519438,0.2807713454905236,250.0000148617692,1.001229791321252,1.06,7.554453812795785e-13,108.90855179872798,119.22530673310926,0.0,nan
pd,10.0,1.0,esn,72,"demo_00 -2.5,+0 deg",,0.004702076160272688,0.027330869516907157,1.2611623186296985,-0.050000000000000044,True,1.07,False,8.977080857523895e-05,2.0,True,0.47977139298609084,0.8980090771678382,0.5342611841956041,0.23300478680945055,181.43028550149867,0.874417303206414,1.07,0.0005354321018586388,79.03723388705951,62.020356558794745,0.0,nan
pd,10.0,1.0,replay,72,"demo_00 -2.5,+0 deg",demo_00,0.005503996497482842,0.013444966683015475,1.1013578555272023,-0.06000000000000005,True,1.06,False,1.7674398404908747e-07,2.0,True,0.22241898968019358,0.8980090771678382,0.2476801129690846,0.2459206701605973,250.0000148617692,0.9093251260897544,1.06,7.554453812795785e-13,108.90855179872798,116.4064518481833,0.0,nan
pd,10.0,1.0,esn,73,"demo_00 -2.5,+2.5 deg",,0.006590746706317263,0.03049946307006697,2.13372641221097,-0.07000000000000006,True,1.05,False,0.00035578171762817764,2.0,True,0.6007665254060196,1.3426102757979932,0.4474615875027087,0.2642916775982893,307.48588343226135,0.9175191425806941,1.05,0.000535401561974705,133.9513610896236,171.9901183553206,0.0,nan
pd,10.0,1.0,replay,73,"demo_00 -2.5,+2.5 deg",demo_00,0.005906435108396378,0.021068644119454395,1.6534446535993756,-0.06000000000000005,True,1.06,False,1.7676333579229863e-07,2.0,True,0.3013632914967096,1.3426102757979932,0.2244607366181459,0.2660789550825157,250.0000148617692,0.9091603768219589,1.06,7.556686917391825e-13,108.90855179872798,118.45772884125356,0.0,nan
pd,10.0,1.0,esn,74,"demo_00 -2.5,+5 deg",,0.01001268053334733,0.0765270235753268,3.7536360630838908,-0.050000000000000044,True,1.07,True,0.0005112642010988467,2.0,False,1.2176912061312737,2.6081337614895856,0.4668821914393734,0.3753264541331297,433.0912655894985,1.3650210621542915,1.24,0.0005356743834352684,188.66935891228107,342.80915837104845,0.0,nan
pd,10.0,1.0,replay,74,"demo_00 -2.5,+5 deg",demo_00,0.008312565348646425,0.0545733007990445,2.6709220057369265,-0.06000000000000005,True,1.06,False,1.767833394953485e-07,2.0,True,0.463087581789622,2.6081337614895856,0.17755515021021714,0.33145789648693097,500.00000574040354,1.1329484475332294,1.06,7.554453812795785e-13,108.90855179872798,125.37095152745408,0.0,nan
pd,10.0,1.0,esn,75,"demo_00 -2.5,+7.5 deg",,0.013697950924270707,0.1205350643375741,5.464842194581196,0.18999999999999995,True,1.32,False,0.0008059925182290955,2.0,True,1.8083172983479934,3.9123409319262543,0.4622085165409299,0.5186248474869712,695.3017439935212,1.9052524662855672,1.32,0.0005362243373077881,243.1598438939007,573.398291496646,0.0,nan
pd,10.0,1.0,replay,75,"demo_00 -2.5,+7.5 deg",demo_00,0.01156112429942272,0.08622970871465667,3.7833178106470924,-0.07000000000000006,True,1.06,False,1.7680398816057909e-07,2.0,True,0.634801416129783,3.9123409319262543,0.16225615997561757,0.42145571971665685,750.000005740441,1.5976494046183196,1.06,7.556686917391825e-13,108.90855179872798,137.14773069784187,0.0,nan
pd,10.0,1.0,esn,76,"demo_00 -2.5,+10 deg",,0.01734174869611995,0.16187203767406125,7.215988500411286,0.21999999999999997,True,1.35,True,0.0010696010778658133,2.0,False,2.418254494759341,5.26196166850563,0.4595728070832019,0.6753202307485487,958.5545075817853,2.451453095754296,1.7,0.0005370328745172209,297.393118366805,862.4909156434379,0.0,nan
pd,10.0,1.0,replay,76,"demo_00 -2.5,+10 deg",demo_00,0.015149538227633905,0.11552302764709384,4.944653472585469,-0.07000000000000006,True,1.06,False,1.7682527485489716e-07,2.0,True,0.8092813822356003,5.26196166850563,0.1537984183882191,0.5233693852143443,1000.0000057404657,2.102869560418572,1.06,7.554453812795785e-13,108.90855179872798,153.7996102990092,0.0,nan
pd,10.0,1.0,esn,77,"demo_00 -2.5,+12.5 deg",,0.02085160511971881,0.20063977591711996,8.936891365804405,0.24,True,1.3800000000000001,True,0.00132150679689284,1.9999999999999998,False,3.005898985880115,6.567441649231515,0.45769709826532656,0.8391563510035114,1219.5268859219714,2.991189920134566,1.79,0.0005380896425022051,351.3411388352255,1208.6505371791097,0.0,nan
pd,10.0,1.0,replay,77,"demo_00 -2.5,+12.5 deg",demo_00,0.018915225467121054,0.14225506907502822,6.09774954337238,-0.08000000000000007,True,1.06,False,1.7684718583974752e-07,2.0,True,0.984498187051204,6.567441649231515,0.14990589024363912,0.6312426363813672,1250.0000057404905,2.6270631410159155,1.06,7.556686917391825e-13,108.90855179872798,175.3480836904838,0.0,nan
pd,10.0,1.0,esn,78,"demo_00 -2.5,+15 deg",,0.024188636124031472,0.23703867575183354,10.684732427253273,0.26,True,1.4000000000000001,True,0.001550761961293442,1.9999999999999998,False,3.5817452287962825,7.921503102770436,0.45215474668483263,1.0076974844090825,1478.2214482321701,3.5198760377765566,1.83,0.0005393927172147575,404.9774646416064,1610.2900051252684,0.0,nan
pd,10.0,1.0,replay,78,"demo_00 -2.5,+15 deg",demo_00,0.022799433439422957,0.16643980948261722,7.282369945467849,-0.08000000000000007,True,1.06,False,1.7686970946761732e-07,2.0,True,1.1597118396268367,7.921503102770436,0.1464004778614861,0.7422382078171756,1500.0000057405152,3.162331505599523,1.06,7.554453812795785e-13,108.90855179872798,201.82443181975975,0.0,nan
pd,10.0,1.0,esn,79,"demo_00 +0,-15 deg",,0.030745135483490924,0.34178695678988014,11.14068824579986,0.27,True,1.4000000000000001,True,0.0013395959835838635,1.9999999999999998,False,4.868842985254422,7.5568923326608894,0.6442916970262077,1.019617587432812,1666.4614198895692,4.078359279342665,1.79,0.0005507226239303345,331.24093250168147,1129.7726565541084,0.0,nan
pd,10.0,1.0,replay,79,"demo_00 +0,-15 deg",demo_00,0.023939874710749154,0.2042279779560893,7.25953053553509,-0.07000000000000006,True,1.06,False,1.7658866829821977e-07,2.0,True,1.0949653351151853,7.5568923326608894,0.1448962466201543,0.7440413571685955,1499.9999942598195,3.30025252285201,1.06,7.547845170246429e-13,93.20058169982791,88.50028474549073,0.0,nan
pd,10.0,1.0,esn,80,"demo_00 +0,-12.5 deg",,0.025174042025431175,0.28628753128073636,9.29974873244121,0.25,True,1.37,False,0.0010567458072424196,2.0,True,4.111428026789579,6.377246175289189,0.644702731207195,0.8567262067930044,1383.9008514900504,3.3581746201968574,1.37,0.0005475618633985083,275.9391490683535,785.1195390648185,0.0,nan
pd,10.0,1.0,replay,80,"demo_00 +0,-12.5 deg",demo_00,0.0199310748221235,0.17644514559690416,6.098265426792982,-0.06000000000000005,True,1.06,False,1.7660702806154378e-07,2.0,True,0.9264497053999144,6.377246175289189,0.14527425787477974,0.6357851869385768,1249.9999942597947,2.751224398727076,1.06,7.547845170246429e-13,77.6671513570784,62.61973333268079,0.0,nan
pd,10.0,1.0,esn,81,"demo_00 +0,-10 deg",,0.019781813126064328,0.22967742792566076,7.431319680632116,0.21999999999999997,True,1.34,False,0.0007562436837681274,1.9999999999999998,True,3.3373752310699873,5.122756451871138,0.6514803626572913,0.6996365876362306,1103.1219470713395,2.654434550987189,1.34,0.0005450017082858942,220.62066496188734,503.03120977578027,0.0,nan
pd,10.0,1.0,replay,81,"demo_00 +0,-10 deg",demo_00,0.015939634426100354,0.14587903651129835,4.9031627059260074,-0.06000000000000005,True,1.06,False,1.7662600158955144e-07,2.0,True,0.7587884291394685,5.122756451871138,0.14812112117145712,0.5297331738154104,999.9999942597702,2.202251215156161,1.06,7.547845170246429e-13,62.133721014328884,41.52844508175262,0.0,nan
pd,10.0,1.0,esn,82,"demo_00 +0,-7.5 deg",,0.014567994059151303,0.17209844678582517,5.606333323487005,0.18999999999999995,True,1.3,False,0.00044734340851821486,2.0,True,2.5567172042756523,3.8891417906546457,0.6573988149311699,0.5491953165851463,824.2380559867922,1.9669270866077548,1.3,0.0005429966201189579,165.32592919182878,283.9267724198099,0.0,nan
pd,10.0,1.0,replay,82,"demo_00 +0,-7.5 deg",demo_00,0.011958147691608776,0.11260264580407975,3.7233764077941656,-0.050000000000000044,True,1.06,False,1.766455923097684e-07,2.0,True,0.5923242973968779,3.8891417906546457,0.1523020576982291,0.4281886309949431,749.9999942597391,1.6529788071419425,1.06,7.547845170246429e-13,46.600290671579366,25.180559858714542,0.0,nan
pd,10.0,1.0,esn,83,"demo_00 +0,-5 deg",,0.009532474874328574,0.11400587377832537,3.770242982969459,0.07999999999999985,True,1.19,False,0.00023022634136442302,2.0,True,1.8159935344929123,2.6022551723041376,0.6978537515538729,0.4093428879594843,547.3494375386042,1.29546549360192,1.19,0.0005414998335329683,110.0940546148453,127.9607840164701,0.0,nan
pd,10.0,1.0,replay,83,"demo_00 +0,-5 deg",demo_00,0.007979235366871952,0.07684045726963018,2.524593216521789,-0.050000000000000044,True,1.06,False,1.7666579958378682e-07,2.0,True,0.4279154209489461,2.6022551723041376,0.1644402230431742,0.3359569435466786,499.999994259708,1.103062513846034,1.06,7.550078923448795e-13,31.06686032882978,13.537960724975044,0.0,nan
pd,10.0,1.0,esn,84,"demo_00 +0,-2.5 deg",,0.0046755487937174675,0.05616806978697384,1.9717118261569517,-0.030000000000000027,True,1.08,False,0.0002730878834630392,2.0,True,0.9584697361172433,1.3056205598504806,0.7341104801742759,0.29317391169893575,272.5429039356128,0.9295328802816762,1.08,0.0005404650493246429,54.96266794517131,35.032508263162995,0.0,nan
pd,10.0,1.0,replay,84,"demo_00 +0,-2.5 deg",demo_00,0.003995585140223864,0.03903278588394514,1.343916193701403,-0.050000000000000044,True,1.06,False,1.7668662400930552e-07,2.0,True,0.26749170805565997,1.3056205598504806,0.20487706480839504,0.26369113093537955,249.9999942596833,0.9108490619865378,1.06,7.550078923448795e-13,15.533429986080264,6.570542384423345,0.0,nan
pd,10.0,1.0,esn,85,"demo_00 +0,+2.5 deg",,0.004499001578913034,0.051627609862838736,1.827648575162545,-0.08000000000000007,True,1.03,False,0.0003073803827459285,2.0,True,0.686178918084299,1.3499602816745566,0.5082956346190638,0.28260092277471105,270.54473245299215,0.9763665265167076,1.03,0.0005396086266955889,54.856211563671785,36.676122624234694,0.0,nan
pd,10.0,1.0,replay,85,"demo_00 +0,+2.5 deg",demo_00,0.00401454384742347,0.03852396109043575,1.2365724731591312,-0.050000000000000044,True,1.06,False,1.767301051729004e-07,2.0,True,0.30526027769038167,1.3499602816745566,0.22612537704570235,0.25525182423890164,250.00000574037884,0.9104460502708707,1.06,7.554453812795785e-13,15.533430699418762,6.582832266267211,0.0,nan
pd,10.0,1.0,esn,86,"demo_00 +0,+5 deg",,0.008813542952386823,0.09970842178473566,3.576266073267433,-0.07000000000000006,True,1.05,True,0.0004910843844291826,2.0,False,1.3639861404379623,2.6929104496170755,0.5065100254751945,0.3964972124177469,538.7200868522744,1.232897837994493,1.22,0.0005397112805420557,109.47672508417685,129.87430763702568,0.0,nan
pd,10.0,1.0,replay,86,"demo_00 +0,+5 deg",demo_00,0.008054827553495025,0.07478053212833191,2.4112887765923943,-0.06000000000000005,True,1.06,False,1.7675274871530856e-07,2.0,True,0.4876177075267734,2.6929104496170755,0.18107460929349184,0.32289938504033355,500.00000574040354,1.1092904834945214,1.06,7.556686917391825e-13,31.066861042168277,13.545423986464378,0.0,nan
pd,10.0,1.0,esn,87,"demo_00 +0,+7.5 deg",,0.012943253632155611,0.1440658016376063,5.348822749844,0.17999999999999994,True,1.3,False,0.0008916577277355999,2.0,True,1.9377072514699327,4.054850195212392,0.47787394310098213,0.5387361420980357,804.6013524260944,1.8262169022338033,1.3,0.00054012707160975,163.86284499874182,283.39063299698097,0.0,nan
pd,10.0,1.0,replay,87,"demo_00 +0,+7.5 deg",demo_00,0.01212730783018169,0.10806424203691074,3.6182140687687028,-0.06000000000000005,True,1.06,False,1.767759825882616e-07,2.0,True,0.6694045819768428,4.054850195212392,0.16508737678329435,0.4133242310181098,750.000005740441,1.6668660448637824,1.06,7.556686917391825e-13,46.60029138491779,25.149713384600062,0.0,nan
pd,10.0,1.0,esn,88,"demo_00 +0,+10 deg",,0.01688514178004117,0.18507100835486961,7.091722983416775,0.20999999999999996,True,1.34,True,0.001151421657898388,1.9999999999999998,False,2.5369320320110176,5.376867912810926,0.4718233873602368,0.693473771222181,1068.1681022098426,2.4042333123074475,1.71,0.0005408341474260061,217.9853839745703,496.0355266060952,0.0,nan
pd,10.0,1.0,replay,88,"demo_00 +0,+10 deg",demo_00,0.016238021066728878,0.13816437780404497,4.81325998472344,-0.07000000000000006,True,1.06,False,1.7679979324362448e-07,2.0,True,0.8505248926936506,5.376867912810926,0.15818221806550053,0.5144854484457879,1000.0000057404657,2.2266268201230695,1.06,7.552272438011246e-13,62.13372172766729,41.41088327283664,0.0,nan
pd,10.0,1.0,esn,89,"demo_00 +0,+12.5 deg",,0.02063565178953028,0.22304101602290166,8.849366768835477,0.22999999999999998,True,1.36,True,0.0013834381352106813,1.9999999999999998,False,3.125516024979593,6.735418744753007,0.4640418277504152,0.8551799645735397,1329.4119569513866,2.9670492376793107,1.78,0.0005418183922915501,271.8168248328805,766.4471978652263,0.0,nan
pd,10.0,1.0,replay,89,"demo_00 +0,+12.5 deg",demo_00,0.020392473039311094,0.1651513255810491,6.028492056674061,-0.07000000000000006,True,1.06,False,1.7682416323289944e-07,2.0,True,1.030879450585184,6.735418744753007,0.153053505602492,0.6209444658701834,1250.0000057404905,2.788680511879688,1.06,7.554453812795785e-13,77.66715207041698,62.354152571925404,0.0,nan
pd,10.0,1.0,esn,90,"demo_00 +0,+15 deg",,0.02419073670903591,0.2584756883263146,10.55771470990684,0.25,True,1.3900000000000001,True,0.0016087525462237277,2.0,False,3.6805727064158567,8.028795054611413,0.45842155409134344,1.0216027527591391,1588.335900427937,3.5147776264092045,1.82,0.0005430737112003699,325.3312591749331,1093.1096609608862,0.0,nan
pd,10.0,1.0,replay,90,"demo_00 +0,+15 deg",demo_00,0.024595514132708447,0.18921283720418794,7.215817274042217,-0.08000000000000007,True,1.06,False,1.7684907367371394e-07,2.0,True,1.2103642356959456,8.028795054611413,0.15075291216964887,0.7301502454454071,1500.0000057405152,3.353073553707579,1.06,7.556686917391825e-13,93.20058241316649,88.01491116600636,0.0,nan
pd,10.0,1.0,esn,91,"demo_00 +2.5,-15 deg",,0.03158833341304348,0.3365428324562731,11.18218248924047,0.2899999999999998,True,1.41,True,0.0012666583798278622,2.0,False,4.623364437769723,6.932563639303647,0.6669054448426418,0.9883445731349638,1561.7988901833792,4.126456889367655,1.79,0.0005557364589011963,409.84271483596524,1664.0180114636055,0.0,nan
pd,10.0,1.0,replay,91,"demo_00 +2.5,-15 deg",demo_00,0.024342624554124007,0.21292755402261462,7.618486675530045,-0.06000000000000005,True,1.06,False,1.7654072638493926e-07,2.0,True,1.0631579373830842,6.932563639303647,0.1533571118417998,0.7404396754543204,1499.9999942598195,3.2760821094032986,1.06,7.534606896747849e-13,108.90853885016382,196.314379155054,0.0,nan
pd,10.0,1.0,esn,92,"demo_00 +2.5,-12.5 deg",,0.026034130532110743,0.2791675084996836,9.380248330330165,0.28,True,1.3900000000000001,False,0.0009858454339325838,2.0,True,3.857081944000246,5.754825556150323,0.6702343809323791,0.8311258819413374,1278.5777085668415,3.4142793036709604,1.3900000000000001,0.000552100627407466,354.58656074065925,1240.1301603450281,0.0,nan
pd,10.0,1.0,replay,92,"demo_00 +2.5,-12.5 deg",demo_00,0.020288060258515945,0.18164907584464043,6.458132133229417,-0.050000000000000044,True,1.06,False,1.7656233130737425e-07,2.0,True,0.8867029842936699,5.754825556150323,0.15407990661785198,0.6345485257248722,1249.9999942597947,2.7275818615479532,1.06,7.539033109900399e-13,108.90853885016382,171.9501434808862,0.0,nan
pd,10.0,1.0,esn,93,"demo_00 +2.5,-10 deg",,0.02069294410046147,0.22133090613301698,7.5642189320728095,0.26,True,1.37,False,0.0006979347193056638,2.0,True,3.0852246214188437,4.507387300457787,0.684481810805452,0.6812929121890148,997.1717038847336,2.7236325222919864,1.37,0.0005491137254508941,299.32287324026333,878.7834690310658,0.0,nan
pd,10.0,1.0,replay,93,"demo_00 +2.5,-10 deg",demo_00,0.016310784516950005,0.14727349291910619,5.274645911941236,-0.050000000000000044,True,1.06,False,1.7658451499794963e-07,2.0,True,0.7117319152017942,4.507387300457787,0.15790343002686014,0.5317919058499387,999.9999942597702,2.187070203648194,1.06,7.547845170246429e-13,108.90853885016382,152.05935232602363,0.0,nan
pd,10.0,1.0,esn,94,"demo_00 +2.5,-7.5 deg",,0.01559806190371936,0.1649178981798241,5.819776367523006,0.22999999999999998,True,1.33,False,0.00038836605529517123,2.0,True,2.3325816989310666,3.2759776969961907,0.7120261230929189,0.5405863918619171,717.696119542008,2.0590632239648086,1.33,0.000546731935883942,244.09194550607785,580.4786463418162,0.0,nan
pd,10.0,1.0,replay,94,"demo_00 +2.5,-7.5 deg",demo_00,0.012462814529235871,0.11065985502658902,4.1317254947620485,-0.040000000000000036,True,1.06,False,1.766072766136104e-07,2.0,True,0.5391207925989597,3.2759776969961907,0.1645679068857185,0.43488377339422657,749.9999942597391,1.662017277297983,1.06,7.545652002198154e-13,108.90853885016382,136.60336084096073,0.0,nan
pd,10.0,1.0,esn,95,"demo_00 +2.5,-5 deg",,0.010840857776128518,0.11176023083191494,4.122948628698619,0.06999999999999984,True,1.17,False,0.00042466002244071,2.0,True,1.6573655511653718,1.996431528752648,0.8301639837359603,0.4148372049120868,440.2528664617183,1.433405605415341,1.17,0.0005449091398663834,188.93265867420325,345.4505361716367,0.0,nan
pd,10.0,1.0,replay,95,"demo_00 +2.5,-5 deg",demo_00,0.008895928229278227,0.07544635076926315,3.0173860806753243,-0.040000000000000036,True,1.06,False,1.7663061571769194e-07,2.0,True,0.37051107573948805,1.996431528752648,0.18558666821445158,0.3492117379963064,499.999994259708,1.1735280818951654,1.06,7.547845170246429e-13,108.90853885016382,125.55033810245618,0.0,nan
pd,10.0,1.0,esn,96,"demo_00 +2.5,-2.5 deg",,0.006747709865955377,0.0670452270115132,2.634165297728972,-0.06000000000000005,True,1.04,False,0.00047980017178883425,2.0,True,0.8487515000509422,0.7073414776894524,1.1999176166275574,0.31988116561304925,307.3274390571554,1.003779178716922,1.04,0.0005435986936445998,133.88233730399304,173.67774205260045,0.0,nan
pd,10.0,1.0,replay,96,"demo_00 +2.5,-2.5 deg",demo_00,0.006117223751638878,0.047818812456095997,2.0472574221364197,-0.040000000000000036,True,1.06,False,1.7665452695208837e-07,2.0,True,0.21207810336712885,0.7073414776894524,0.2998242151158546,0.2855162949718161,249.9999942596833,0.9121498077640002,1.06,7.550078923448795e-13,108.90853885016382,118.87566039463114,0.0,nan
pd,10.0,1.0,esn,97,"demo_00 +2.5,+0 deg",,0.004709529437420887,0.05179112977951039,1.8823824235213427,-0.09000000000000008,True,1.01,False,0.0002573188820361947,2.0,True,0.5062317226774296,0.5903960363225216,0.8574443111621521,0.28758985080739596,181.29119861100358,1.0135891784602955,1.01,0.0005427552064183658,78.97664288338945,64.89376588740032,0.0,nan
pd,10.0,1.0,replay,97,"demo_00 +2.5,+0 deg",demo_00,0.005507874084118287,0.044307812323198435,1.5333362376840827,-0.040000000000000036,True,1.06,False,1.766790037445075e-07,2.0,True,0.2238840045367295,0.5903960363225216,0.37920987060019173,0.2607390259790685,249.99998513828822,0.9119106646313632,1.06,7.550078923448795e-13,108.90853885016382,116.56237937991162,0.0,nan
pd,10.0,1.0,esn,98,"demo_00 +2.5,+2.5 deg",,0.00651964602341665,0.08529504882821053,2.577299681583646,-0.09000000000000008,True,1.02,False,0.0003222617579663309,2.0,True,1.0366594620734058,1.8801197193375954,0.5513794953646048,0.33751111685888074,379.07030385634465,1.0433206641721162,1.02,0.0005423362175249794,24.249505065285817,18.599384427986447,0.0,nan
pd,10.0,1.0,replay,98,"demo_00 +2.5,+2.5 deg",demo_00,0.007634208724087529,0.0686741736967137,1.8903971007616551,-0.050000000000000044,True,1.06,False,1.7670403747247688e-07,2.0,True,0.3992258050560284,1.8801197193375954,0.21234062966835102,0.2853060437871728,250.00000574037884,1.0303961157366217,1.06,7.547845170246429e-13,108.90853885016382,118.60175899408692,0.0,nan
pd,10.0,1.0,esn,99,"demo_00 +2.5,+5 deg",,0.010085012508306469,0.13149981024587382,4.017166900027566,0.09999999999999987,True,1.21,False,0.0007232429114525502,2.0,True,1.5798069363188278,3.181669085347461,0.49653401844783673,0.44415705520821475,647.6408679792115,1.4138033547719007,1.21,0.000542303690785969,40.240337239486955,34.07603858905323,0.0,nan
pd,10.0,1.0,replay,99,"demo_00 +2.5,+5 deg",demo_00,0.011039399373284322,0.10270403828803074,2.8101780271906165,-0.050000000000000044,True,1.06,False,1.7672961574345286e-07,2.0,True,0.5791175563375809,3.181669085347461,0.18201690395918002,0.34889174004967094,500.00000574040354,1.5002904666071182,1.06,7.554453812795785e-13,108.90853885016382,124.99387036796449,0.0,nan
pd,10.0,1.0,esn,100,"demo_00 +2.5,+7.5 deg",,0.013968675102944327,0.17435859613575713,5.627112178231312,0.15999999999999992,True,1.28,False,0.0010101803042520017,2.0,True,2.1654586882455673,4.456120563634844,0.4859515485099912,0.5784351172339698,913.8760401267824,1.9661626595648611,1.28,0.0005426252647000781,84.54220582054512,110.40008543064141,0.0,nan
pd,10.0,1.0,replay,100,"demo_00 +2.5,+7.5 deg",demo_00,0.014896981615774347,0.13629185339809224,3.896990526525634,-0.06000000000000005,True,1.06,False,1.7675572172438058e-07,2.0,True,0.7606190684564147,4.456120563634844,0.17069086385669513,0.434550001588968,750.000005740441,2.0240188904036636,1.06,7.554453812795785e-13,108.90853885016382,135.74822812021932,0.0,nan
pd,10.0,1.0,esn,101,"demo_00 +2.5,+10 deg",,0.01783869351551147,0.21371377147291884,7.310230002442713,0.19999999999999996,True,1.32,True,0.001250178014924407,2.0,False,2.7390547372965,5.776323540623945,0.47418651639458437,0.7265897085530278,1177.7553288029148,2.525286335411645,1.72,0.0005432752181670151,138.5477149696709,246.45785612622942,0.0,nan
pd,10.0,1.0,replay,101,"demo_00 +2.5,+10 deg",demo_00,0.018959128470269277,0.16635819642148408,5.062279484335446,-0.06000000000000005,True,1.06,False,1.7678233717809776e-07,2.0,True,0.9439324697523009,5.776323540623945,0.16341405794079525,0.5315154174873644,1000.0000057404657,2.5701298957083942,1.06,7.554453812795785e-13,108.90853885016382,150.88444374922554,0.0,nan
pd,10.0,1.0,esn,102,"demo_00 +2.5,+12.5 deg",,0.02160019218210947,0.2500550303022854,8.978840999234388,0.21999999999999997,True,1.35,True,0.0014749518970371264,2.0,False,3.2967970035609446,7.050747946832506,0.4675811741422419,0.8829171103753459,1439.27052129269,3.07935850598693,1.78,0.0005442351312727291,192.2564587320722,440.96156884234387,0.0,nan
pd,10.0,1.0,replay,102,"demo_00 +2.5,+12.5 deg",demo_00,0.023143769974768285,0.1929761836214341,6.230756693512503,-0.07000000000000006,True,1.06,False,1.7680943732118264e-07,2.0,True,1.127447077565507,7.050747946832506,0.1599046067264401,0.6343918105340958,1250.0000057404905,3.1279705320737947,1.06,7.556686917391825e-13,108.90853885016382,170.4328624171669,0.0,nan
pd,10.0,1.0,esn,103,"demo_00 +2.5,+15 deg",,0.025216088171595766,0.28372448873901573,10.640651555716138,0.22999999999999998,True,1.37,True,0.0016880752843348706,2.0,False,3.8457762446951715,8.311541876891955,0.46270310631380396,1.0448332377102996,1698.4249788913314,3.624066656707857,1.82,0.0005454942383612371,245.64306974645314,692.4662544953327,0.0,nan
pd,10.0,1.0,replay,103,"demo_00 +2.5,+15 deg",demo_00,0.027418895651087936,0.21644853188307797,7.405188603066024,-0.08000000000000007,True,1.06,False,1.7683699078463518e-07,2.0,True,1.3104340579752718,8.311541876891955,0.15766437532109265,0.7404689586682109,1500.0000057405152,3.693073194670042,1.06,7.556686917391825e-13,108.90853885016382,194.43513815244265,0.0,nan
pd,10.0,1.0,esn,104,"demo_00 +5,-15 deg",,0.03298029822062325,0.3326648312390424,11.467399302585344,0.32999999999999985,True,1.43,True,0.0012055807284586527,2.0,False,4.373902537091316,6.303718035010635,0.6938607521464015,0.9655294790460808,1457.126789045068,4.261266553017305,1.8,0.0005590661170071358,488.41081752335754,2315.5546387398017,0.0,nan
pd,10.0,1.0,replay,104,"demo_00 +5,-15 deg",demo_00,0.025897397853893715,0.22002205541593656,8.17611033412092,-0.040000000000000036,True,1.06,False,1.7649840126962207e-07,2.0,True,1.0192566753457444,6.303718035010635,0.1616913494044035,0.7524517853720476,1499.9999942598195,3.396482040017508,1.06,7.534606896747849e-13,217.81708417460973,530.8988223016531,0.0,nan
pd,10.0,1.0,esn,105,"demo_00 +5,-12.5 deg",,0.027573529471267434,0.2772436070072382,9.697916891821636,0.30999999999999983,True,1.41,False,0.0009299713948657471,2.0,True,3.643490857525835,5.0747277119413345,0.717967754004287,0.8183819375067423,1173.2575320740284,3.5770654639820916,1.41,0.0005549383970273623,433.20741864663523,1812.4391268628688,0.0,nan
pd,10.0,1.0,replay,105,"demo_00 +5,-12.5 deg",demo_00,0.0220214259358034,0.18566898041771154,7.00992752982202,-0.040000000000000036,True,1.06,False,1.7652358071956215e-07,2.0,True,0.8329872904593775,5.0747277119413345,0.16414423349242488,0.6499442081824621,1249.9999942597947,2.878488361892508,1.06,7.539033109900399e-13,217.81708417460973,507.80382865510546,0.0,nan
pd,10.0,1.0,esn,106,"demo_00 +5,-10 deg",,0.022466444270296985,0.2246997542283705,7.992338533564563,0.30000000000000004,True,1.4000000000000001,False,0.0006627410770626438,1.9999999999999998,True,2.895318717875783,3.833980455516702,0.7551730509501471,0.681249173937621,891.236061905375,2.9273303513037496,1.4000000000000001,0.0005515168631055093,378.00563207708933,1371.8356588359409,0.0,nan
pd,10.0,1.0,replay,106,"demo_00 +5,-10 deg",demo_00,0.018366482698097538,0.1513442809515006,5.87752338618339,-0.040000000000000036,True,1.06,False,1.7654930616264314e-07,2.0,True,0.6500136107766841,3.833980455516702,0.16954014719646823,0.5524260982760986,999.9999942597702,2.3889168809969945,1.06,7.539033109900399e-13,217.81708417460973,488.8110696350166,0.0,nan
pd,10.0,1.0,esn,107,"demo_00 +5,-7.5 deg",,0.017755054606281736,0.17672538212287947,6.4118149352500975,0.28,True,1.37,False,0.0003788123885887553,2.0,True,2.1865658968558694,2.603958954829355,0.8397082806549696,0.5571234646048552,741.0932905071844,2.3257330033493675,1.37,0.0005487591689115696,322.84556887534177,994.3244562472735,0.0,nan
pd,10.0,1.0,replay,107,"demo_00 +5,-7.5 deg",demo_00,0.015076976618098214,0.12035696721229844,4.826400946976399,-0.030000000000000027,True,1.06,False,1.765755771923633e-07,2.0,True,0.47274777238852306,2.603958954829355,0.181549625239582,0.46333777980982227,749.9999942597391,1.9490602431745043,1.06,7.545652002198154e-13,217.81708417460973,473.88844714311523,0.0,nan
pd,10.0,1.0,esn,108,"demo_00 +5,-5 deg",,0.01364794797339751,0.1364976356466869,4.966173830123614,-0.040000000000000036,True,1.05,False,0.0008935389354539496,2.0,True,1.7358430095943371,1.3314368562388694,1.3037366371979975,0.45350633362762394,614.6575852821782,1.8020098365924202,1.05,0.0005466194639321419,267.7658539428447,680.2185193635756,0.0,nan
pd,10.0,1.0,replay,108,"demo_00 +5,-5 deg",demo_00,0.012435404190345497,0.09611239817413629,3.8615867124543497,-0.030000000000000027,True,1.06,False,1.7660238636068037e-07,2.0,True,0.3073333851764286,1.3314368562388694,0.2308283594045941,0.388763063056879,499.999994259708,1.6006123505579553,1.06,7.547845170246429e-13,217.81708417460973,463.0097693749572,0.0,nan
pd,10.0,1.0,esn,109,"demo_00 +5,-2.5 deg",,0.010607126453759818,0.11066355787502327,3.8642072034335277,-0.10000000000000009,True,0.99,False,0.0006243918215828304,2.0,True,1.0790301044029222,0.049527184991027776,nan,0.38547224247743644,488.49125335056544,1.4211450960788083,0.99,0.0005450502834044112,212.80348722447775,429.5736688566941,0.0,nan
pd,10.0,1.0,replay,109,"demo_00 +5,-2.5 deg",demo_00,0.010921331991008944,0.08449614272856573,3.119015924629391,-0.030000000000000027,True,1.06,False,1.7662972482134743e-07,2.0,True,0.20415450480284542,0.049527184991027776,nan,0.3386027691049491,499.9999851383161,1.4135718324672022,1.06,7.547845170246429e-13,217.81708417460973,456.1553160544269,0.0,nan
pd,10.0,1.0,esn,110,"demo_00 +5,+0 deg",,0.009428022653185313,0.10900529508324869,3.41755591312182,-0.1100000000000001,True,0.99,False,0.0004215430385811866,2.0,True,1.0450802392460605,1.2304911090449369,0.8493196184547928,0.37287093160937657,362.67527078015985,1.2903798543661058,0.99,0.000544004445578303,157.99374466324906,242.20002659630245,0.0,nan
pd,10.0,1.0,replay,110,"demo_00 +5,+0 deg",demo_00,0.011019763673321685,0.09019894644347139,2.773411729848238,-0.040000000000000036,True,1.06,False,1.7665758241616742e-07,2.0,True,0.35646159735077027,1.2304911090449369,0.2896905103422023,0.32444055178468995,499.9999851383161,1.4527941017933277,1.06,7.547886077849195e-13,217.81708417460973,453.31251438872727,0.0,nan
pd,10.0,1.0,esn,111,"demo_00 +5,+2.5 deg",,0.010512135672035853,0.13334922381378392,3.8655513733212916,-0.10000000000000009,True,1.0,False,0.0004354996913994217,2.0,True,1.5136808884015707,2.5177304823931896,0.6012084688917,0.42169315126255885,487.5403549778821,1.4577951399763973,1.0,0.0005434368502633338,103.37011822243582,117.67461884685456,0.0,nan
pd,10.0,1.0,replay,111,"demo_00 +5,+2.5 deg",demo_00,0.012710486961837799,0.1106773276287101,2.990560500276385,-0.040000000000000036,True,1.06,False,1.766859435687478e-07,2.0,True,0.5389109095298504,2.5177304823931896,0.2140463061072355,0.35059904700519423,499.9999851383161,1.7039205228194352,1.06,7.550078923448795e-13,217.81708417460973,454.47672664865144,0.0,nan
pd,10.0,1.0,esn,112,"demo_00 +5,+5 deg",,0.013139684970690497,0.17224905375200814,4.929664890186177,0.09999999999999987,True,1.21,False,0.0009451446290901055,2.0,True,1.9443726387084257,3.7798274251830413,0.5144077810944683,0.5162157367037006,756.5018864203145,1.8287272060203859,1.21,0.0005433060928477451,48.96429273516662,55.35483532147939,0.0,nan
pd,10.0,1.0,replay,112,"demo_00 +5,+5 deg",demo_00,0.015501360680388755,0.1394918091097921,3.6459850485348313,-0.050000000000000044,True,1.06,False,1.7671478991114268e-07,2.0,True,0.726102604288696,3.7798274251830413,0.19209940629856503,0.40926384642517066,500.00000574040354,2.0931452438295173,1.06,7.554453812795785e-13,217.81708417460973,459.6521465160995,0.0,nan
pd,10.0,1.0,esn,113,"demo_00 +5,+7.5 deg",,0.01645525440952979,0.21171349759315425,6.31685245940972,0.15999999999999992,True,1.27,True,0.0011762992476642788,2.0,False,2.4803269095860254,5.068561153787403,0.4893552300799685,0.6379480176091242,1023.0881113800048,2.2954727836022575,1.67,0.0005435758294151221,63.568271650458584,54.39255113560955,0.0,nan
pd,10.0,1.0,replay,113,"demo_00 +5,+7.5 deg",demo_00,0.0189339303687117,0.17099586880831943,4.573673610912261,-0.050000000000000044,True,1.06,False,1.7674409815081554e-07,2.0,True,0.9129748137095876,5.068561153787403,0.18012504653857858,0.48865256076070956,750.000005740441,2.559231397866776,1.06,7.552272438011246e-13,217.81708417460973,468.85279582252554,0.0,nan
pd,10.0,1.0,esn,114,"demo_00 +5,+10 deg",,0.02001174358274373,0.2482202032594512,7.814626948503075,0.18999999999999995,True,1.31,True,0.0013880617741918145,2.0,False,3.0123543131094235,6.309209214827455,0.4774535461639159,0.7756266352959031,1287.2784678530143,2.801672511667888,1.73,0.0005442158498832715,79.98340164845558,113.74881150784604,0.0,nan
pd,10.0,1.0,replay,114,"demo_00 +5,+10 deg",demo_00,0.02274180820805786,0.20001645384117153,5.610027921398774,-0.06000000000000005,True,1.06,False,1.7677383990498841e-07,2.0,True,1.0986298567418822,6.309209214827455,0.1741311500908799,0.5800676273608287,1000.0000057404657,3.068219392287684,1.06,7.554453812795785e-13,217.81708417460973,482.1036056059833,0.0,nan
pd,10.0,1.0,esn,115,"demo_00 +5,+12.5 deg",,0.023610525680771783,0.2818603851547009,9.367916211591677,0.20999999999999996,True,1.34,True,0.0015911333284376187,1.9999999999999998,False,3.534831339185991,7.533454409007347,0.4692178577412751,0.9234444220187074,1549.064885643414,3.3221244413377793,1.78,0.0005452028360379503,112.65622709236565,232.20908494691744,0.0,nan
pd,10.0,1.0,replay,115,"demo_00 +5,+12.5 deg",demo_00,0.02678729473434352,0.22561874055480155,6.707934851861027,-0.07000000000000006,True,1.06,False,1.7680397990014594e-07,2.0,True,1.2838718677988366,7.533454409007347,0.1704227301440598,0.6783895275620457,1250.0000057404905,3.602668370598099,1.06,7.554453812795785e-13,217.81708417460973,499.4415551315158,0.0,nan
pd,10.0,1.0,esn,116,"demo_00 +5,+15 deg",,0.027158389972676018,0.3130110771297701,10.986573349849317,0.22999999999999998,True,1.36,True,0.0017891028065002172,1.9999999999999998,False,4.056022538147318,8.819526418586488,0.459891194338911,1.078361883664951,1808.451062588919,3.8450939592630404,1.81,0.0005465207993291077,165.90921897182508,408.3992017436132,0.0,nan
pd,10.0,1.0,replay,116,"demo_00 +5,+15 deg",demo_00,0.03099831134483753,0.24803876074029943,7.870596903603173,-0.07000000000000006,True,1.06,False,1.7683447620228916e-07,2.0,True,1.4695457625957635,8.819526418586488,0.16662411254858386,0.7807224579989703,1500.0000057405152,4.153265051306107,1.06,7.556686917391825e-13,217.81708417460973,520.9168293210903,0.0,nan
pd,10.0,1.0,esn,117,"demo_00 +7.5,-15 deg",,0.03485694262176937,0.3362722889787078,11.908213424712226,0.3599999999999999,True,1.45,True,0.0011620812668301061,2.0,False,4.1705531293780655,5.562520723070491,0.7497595671114976,0.957111421370448,1352.4801533385091,4.478202500894286,1.81,0.0005605479322339425,566.9501812168513,3084.126401673135,0.0,nan
pd,10.0,1.0,replay,117,"demo_00 +7.5,-15 deg",demo_00,0.028415370776017634,0.22744815008431804,8.830984630415513,-0.030000000000000027,True,1.06,False,1.7646229659848285e-07,2.0,True,0.9574864338537427,5.562520723070491,0.17213175132680023,0.775734222952515,1499.9999942598195,3.648009501530148,1.06,7.532401119503815e-13,326.72562949905546,1092.3603784745483,0.0,nan
pd,10.0,1.0,esn,118,"demo_00 +7.5,-12.5 deg",,0.029688854921645358,0.2872960165810384,10.25514170778613,0.34999999999999987,True,1.44,False,0.0009089090460035703,2.0,True,3.4707453084037714,4.339819089031135,0.7997442375365503,0.8253968163941335,1174.8542265612934,3.8369937244065966,1.44,0.0005559087360708319,511.8066591322134,2501.816440048178,0.0,nan
pd,10.0,1.0,replay,118,"demo_00 +7.5,-12.5 deg",demo_00,0.024844623661392916,0.1954587922636193,7.710151937192582,-0.030000000000000027,True,1.06,False,1.764914189320312e-07,2.0,True,0.7613820645403082,4.339819089031135,0.17544096860274577,0.6778583739474988,1249.9999942597947,3.180655545068864,1.06,7.534636015919998e-13,326.72562949905546,1070.2606506877962,0.0,nan
pd,10.0,1.0,esn,119,"demo_00 +7.5,-10 deg",,0.024921692023210377,0.2432595983964999,8.740720507457135,0.3599999999999999,True,1.44,False,0.0006748395117337165,2.0,True,2.778480530153709,3.1315453422783905,0.8872554047492075,0.706918299355632,1048.2966490291308,3.2453252170394777,1.44,0.0005520429510896098,456.6738524569646,1981.9840752845316,0.0,nan
pd,10.0,1.0,replay,119,"demo_00 +7.5,-10 deg",demo_00,0.021631977638665967,0.1670737729139829,6.678045231953735,-0.020000000000000018,True,1.06,False,1.7652106469675995e-07,2.0,True,0.5720011914150167,3.1315453422783905,0.1826578027443955,0.5876813281723544,999.9999942597702,2.762927097441627,1.06,7.539033109900399e-13,326.72562949905546,1051.8360803262326,0.0,nan
pd,10.0,1.0,esn,120,"demo_00 +7.5,-7.5 deg",,0.020693321243634773,0.20617137280951656,7.326027223670062,0.3599999999999999,True,1.44,False,0.0004605106389208543,2.0,True,2.1331569533786716,1.8760230911927496,1.1370632714453635,0.6053377827591222,921.8552670347275,2.722418961921194,1.44,0.0005489093463597895,401.5916645296786,1525.2868045201826,0.0,nan
pd,10.0,1.0,replay,120,"demo_00 +7.5,-7.5 deg",demo_00,0.018947648131664902,0.14441882056365257,5.703845955025195,-0.020000000000000018,True,1.06,False,1.7655122550585956e-07,2.0,True,0.39707006171031045,1.8760230911927496,0.21165521020205502,0.5093750869866881,749.9999942597391,2.4204958443620854,1.06,7.539033109900399e-13,326.72562949905546,1037.0605008929526,0.0,nan
pd,10.0,1.0,esn,121,"demo_00 +7.5,-5 deg",,0.017241708224283954,0.1789365379087527,6.142041098810268,-0.1100000000000001,True,0.97,True,0.0010576788108427786,2.0,False,2.0451917392737915,0.6103677855520978,3.350753083116679,0.527719430247127,795.6181023963876,2.3006554657506784,1.43,0.0005464618606028139,346.59844066310825,1132.1135347580635,0.0,nan
pd,10.0,1.0,replay,121,"demo_00 +7.5,-5 deg",demo_00,0.017036351846348902,0.13047064875497258,4.880318113851223,-0.020000000000000018,True,1.06,False,1.765818895423899e-07,2.0,True,0.2763705372023311,0.6103677855520978,0.4527934529708917,0.4492078536139416,749.9999851383424,2.189138142923158,1.06,7.547845170246429e-13,326.72562949905546,1025.912774585295,0.0,nan
pd,10.0,1.0,esn,122,"demo_00 +7.5,-2.5 deg",,0.014933387067871891,0.1656241658505002,5.327848958769933,-0.1200000000000001,True,0.96,False,0.0007353420974031339,2.0,True,1.6333059460271215,0.6645621753617241,2.457717286028363,0.484432472345532,669.6692956378138,2.027865146177493,0.96,0.0005446516379322362,291.73083534540996,802.5950853509399,0.0,nan
pd,10.0,1.0,replay,122,"demo_00 +7.5,-2.5 deg",demo_00,0.016174904318920866,0.1279681777620954,4.296661763912346,-0.020000000000000018,True,1.06,False,1.7661304260475946e-07,2.0,True,0.34659864272272145,0.6645621753617241,0.5215443423846178,0.4150886211894145,749.9999851383424,2.106244544222924,1.06,7.547845170246429e-13,326.72562949905546,1018.3775771606719,0.0,nan
pd,10.0,1.0,esn,123,"demo_00 +7.5,+0 deg",,0.01415483197532537,0.16942664539923874,5.029838456091092,-0.1200000000000001,True,0.97,False,0.0005780084090614878,2.0,True,1.6794122195191883,1.9314785811357724,0.8694956474907628,0.4848470799280151,544.0888960927072,1.9514877873685923,0.97,0.0005434290729479106,237.02372080253505,536.6160574273838,0.0,nan
pd,10.0,1.0,replay,123,"demo_00 +7.5,+0 deg",demo_00,0.01653580597736313,0.13746468502440862,4.04095299692447,-0.030000000000000027,True,1.06,False,1.7664466950116273e-07,2.0,True,0.5273942625868201,1.9314785811357724,0.2730520895948508,0.41338167417461025,749.9999851383424,2.189432717424894,1.06,7.547886077849195e-13,326.72562949905546,1014.4463399984913,0.0,nan
pd,10.0,1.0,esn,124,"demo_00 +7.5,+2.5 deg",,0.014983552710482299,0.18959960037385237,5.360438779540366,-0.10000000000000009,True,0.99,True,0.0005808623621607691,2.0,False,2.074721810908995,3.211505148251083,0.6460278639250646,0.5298661531307198,595.917572043767,2.0792854463414194,1.56,0.0005427457549867612,182.51013586889613,333.82771549176414,0.0,nan
pd,10.0,1.0,replay,124,"demo_00 +7.5,+2.5 deg",demo_00,0.01805895814870679,0.1566951496180273,4.209240309208024,-0.030000000000000027,True,1.06,False,1.76676745564302e-07,2.0,True,0.722012089507609,3.211505148251083,0.22482046771769973,0.4442543812631129,749.9999851383424,2.422434552565486,1.06,7.550078923448795e-13,326.72562949905546,1014.1183585652175,0.0,nan
pd,10.0,1.0,esn,125,"demo_00 +7.5,+5 deg",,0.017053308720208514,0.2212642157227326,6.168035682287998,0.10999999999999988,True,1.21,True,0.001191742663287319,2.0,False,2.3975026405986775,4.460410487854896,0.5375071749846249,0.6111419781613971,865.2657419606436,2.367020914250399,1.6400000000000001,0.0005425562226254368,128.2212725336782,193.66157521467645,0.0,nan
pd,10.0,1.0,replay,125,"demo_00 +7.5,+5 deg",demo_00,0.020503365079773725,0.18246743186147354,4.718881764605453,-0.040000000000000036,True,1.06,False,1.7670924550706517e-07,2.0,True,0.9196724945107335,4.460410487854896,0.2061856183449661,0.5014683042459108,749.9999851383424,2.7684488847730924,1.06,7.552259299714415e-13,326.72562949905546,1017.4020734270205,0.0,nan
pd,10.0,1.0,esn,126,"demo_00 +7.5,+7.5 deg",,0.01987031070135732,0.25582367770484327,7.293184275037807,0.1499999999999999,True,1.26,True,0.001373766728339735,2.0,False,2.8805072643215213,5.693833919778704,0.5058994176692592,0.7180125126869056,1132.2001294807123,2.755794155385615,1.7,0.0005428194616379624,74.18649623855262,115.34346379853794,0.0,nan
pd,10.0,1.0,replay,126,"demo_00 +7.5,+7.5 deg",demo_00,0.023602724713915408,0.21134712833078803,5.481397843691499,-0.050000000000000044,True,1.06,False,1.7674213503677862e-07,2.0,True,1.1164201468388655,5.693833919778704,0.19607529172228758,0.5769459888069206,750.000005740441,3.1916184121049507,1.06,7.552272438011246e-13,326.72562949905546,1024.3165246776223,0.0,nan
pd,10.0,1.0,esn,127,"demo_00 +7.5,+10 deg",,0.023070629706570797,0.2883903037497068,8.598990957658133,0.17999999999999994,True,1.3,True,0.0015556297795044803,2.0,False,3.363352754672653,6.911025327211308,0.48666479942272345,0.842285674973703,1396.700091897759,3.2014084024478415,1.74,0.0005435001011471336,86.78217434881311,97.90791123140083,0.0,nan
pd,10.0,1.0,replay,127,"demo_00 +7.5,+10 deg",demo_00,0.02715253802400349,0.2386265311670745,6.4006026150824455,-0.06000000000000005,True,1.06,False,1.7677537459534169e-07,2.0,True,1.3113668897301578,6.911025327211308,0.18974997596475487,0.6641686369067928,1000.0000057404657,3.665880444502192,1.06,7.554453812795785e-13,326.72562949905546,1034.892972500615,0.0,nan
pd,10.0,1.0,esn,128,"demo_00 +7.5,+12.5 deg",,0.0264374813156431,0.3184817980829822,10.043758345178398,0.20999999999999996,True,1.33,True,0.0017344661741058101,2.0,False,3.8440057021707053,8.178860971562937,0.4699927918491242,0.9787121937938481,1658.7576732909579,3.676960136984988,1.78,0.000544569283014169,103.06478709425386,140.21283655466624,0.0,nan
pd,10.0,1.0,replay,128,"demo_00 +7.5,+12.5 deg",demo_00,0.031017182946398332,0.26272139279784806,7.445165335383471,-0.06000000000000005,True,1.06,False,1.7680891529865854e-07,2.0,True,1.5043795672003204,8.178860971562937,0.18393509468260852,0.7587539720010571,1250.0000057404905,4.174249306461458,1.06,7.556686917391825e-13,326.72562949905546,1049.1766648549255,0.0,nan
pd,10.0,1.0,esn,129,"demo_00 +7.5,+15 deg",,0.029847498844758544,0.34639582172279465,11.508763835679211,0.21999999999999997,True,1.35,True,0.0019147322264482989,2.0,False,4.330444548408412,9.37096411880275,0.46211302204427573,1.1240594073011014,1918.3768629677454,4.16695131935253,1.81,0.0005460051974539752,119.1958934881939,240.95460580917623,0.0,nan
pd,10.0,1.0,replay,129,"demo_00 +7.5,+15 deg",demo_00,0.03511063321986255,0.28372877541921204,8.516215609342822,-0.07000000000000006,True,1.06,False,1.7684270110783276e-07,2.0,True,1.6952861776770074,9.37096411880275,0.1809084056010237,0.8579101502745184,1500.0000057405152,4.705881669023265,1.06,7.556686917391825e-13,326.72562949905546,1067.2287172632687,0.0,nan
pd,10.0,1.0,esn,130,"demo_00 +10,-15 deg",,0.03714639025589393,0.35085793457331693,12.553342957164151,0.3999999999999999,True,1.48,True,0.0011484165589962809,2.0,False,4.01001841436068,4.769092664657462,0.8408346610830003,0.970828644144861,1481.6696395353908,4.769250173372909,1.83,0.0005599957338122269,645.4659403727104,3969.491556521744,0.0,nan
pd,10.0,1.0,replay,130,"demo_00 +10,-15 deg",demo_00,0.03166733550700159,0.24124563080232145,9.587664832161105,-0.020000000000000018,True,1.06,False,1.7643308457439355e-07,2.0,True,0.8736852109506132,4.769092664657462,0.18319736528192732,0.8072413251363743,1499.9999942598195,4.007162217775076,1.06,7.534578431830346e-13,435.6341748235015,1880.7676928049798,0.0,nan
pd,10.0,1.0,esn,131,"demo_00 +10,-12.5 deg",,0.03226897997012466,0.31014786315738635,11.091631542873259,0.4099999999999999,True,1.48,False,0.0009305737638713233,2.0,True,3.368964503691061,3.582040881979665,0.9405153695033083,0.8600961131573849,1355.2412449868648,4.179828403925447,1.48,0.0005548233951954411,590.3894102207768,3308.0468194492337,0.0,nan
pd,10.0,1.0,replay,131,"demo_00 +10,-12.5 deg",demo_00,0.028434819852222043,0.21446266231423403,8.560034399747284,-0.010000000000000009,True,1.06,False,1.7646657130111759e-07,2.0,True,0.6689055155370519,3.582040881979665,0.18673866032689496,0.7158581512226222,1249.9999942597947,3.597903352937025,1.06,7.532401119503815e-13,435.6341748235015,1859.3595532906213,0.0,nan
pd,10.0,1.0,esn,132,"demo_00 +10,-10 deg",,0.02788167021319084,0.2757164002755995,9.702499234164339,0.41999999999999993,True,1.49,False,0.0007389714122576778,2.0,True,2.7642703286919192,2.3436148542106263,1.1794900189020083,0.7651697663891419,1228.858196826913,3.652544923279491,1.49,0.0005505027349766098,535.3326345057038,2709.0398659745847,0.0,nan
pd,10.0,1.0,replay,132,"demo_00 +10,-10 deg",demo_00,0.025649605871633292,0.19272666398558377,7.568534842444337,-0.010000000000000009,True,1.06,False,1.7650056532949458e-07,2.0,True,0.48142472317077317,2.3436148542106263,0.20541972684028154,0.6356768590764572,999.9999942597702,3.2527472167914895,1.06,7.534606896747849e-13,435.6341748235015,1841.1431297313134,0.0,nan
pd,10.0,1.0,esn,133,"demo_00 +10,-7.5 deg",,0.02413240701307301,0.24902638076242847,8.492392277762361,-0.14,True,0.93,True,0.0014320238272592788,2.0,False,3.1368527391894347,1.094528654425864,2.8659393488742184,0.6889829345863848,1102.611559587392,3.206825048318572,1.5,0.0005469931457561027,480.3352840502729,2173.203084924296,0.0,nan
pd,10.0,1.0,replay,133,"demo_00 +10,-7.5 deg",demo_00,0.023461803883874914,0.17783191624990727,6.693961957921708,-0.010000000000000009,True,1.06,False,1.7653505068824395e-07,2.0,True,0.348073177978583,1.094528654425864,0.3180119374409299,0.5712961775211495,999.9999851383719,2.9938485129953127,1.06,7.534606896747849e-13,435.6341748235015,1826.0976389422046,0.0,nan
pd,10.0,1.0,esn,134,"demo_00 +10,-5 deg",,0.021230498563428502,0.231982282896327,7.533833094999095,-0.14,True,0.93,True,0.0010793547847460043,2.0,False,2.6124313938593215,0.16468781077512382,nan,0.6361242455122907,976.5886626874029,2.86889841908625,1.51,0.0005442477520281748,425.4354025344766,1700.9989272638277,0.0,nan
pd,10.0,1.0,replay,134,"demo_00 +10,-5 deg",demo_00,0.022045418690207964,0.17148302682502603,5.988688849883904,-0.010000000000000009,True,1.06,False,1.765700110261513e-07,2.0,True,0.361292386195312,0.16468781077512382,nan,0.5283394322313583,999.9999851383719,2.8449912857124624,1.06,7.545652002198154e-13,435.6341748235015,1814.2064881759025,0.0,nan
pd,10.0,1.0,esn,135,"demo_00 +10,-2.5 deg",,0.01942216490785785,0.22629804826206215,6.919200382109342,-0.13,True,0.9400000000000001,True,0.000846602255801725,2.0,False,2.373603952344006,1.432586354651375,1.6568662298348018,0.6118559250007546,850.8728098334672,2.6677969871285705,1.54,0.0005422156271705735,370.6692799003059,1292.6309090738148,0.0,nan
pd,10.0,1.0,replay,135,"demo_00 +10,-2.5 deg",demo_00,0.02155411371596823,0.17451087769468285,5.518907892310976,-0.010000000000000009,True,1.06,False,1.7660542506190304e-07,2.0,True,0.5403728092637159,1.432586354651375,0.37720086297709954,0.5119899445482695,999.9999851383719,2.823976925741923,1.06,7.547845170246429e-13,435.6341748235015,1805.4583279477602,0.0,nan
pd,10.0,1.0,esn,136,"demo_00 +10,+0 deg",,0.018889858548160825,0.23272875709193938,6.704279532721222,-0.1200000000000001,True,0.96,True,0.0007546911947279299,2.0,False,2.417604139668899,2.686001826844875,0.9000753891924002,0.6198515200317188,725.5430867965548,2.6234547986039694,1.58,0.0005408440157184607,316.071368612849,948.0559111444268,0.0,nan
pd,10.0,1.0,replay,136,"demo_00 +10,+0 deg",demo_00,0.02205613900211987,0.18634352002200336,5.323280806282061,-0.020000000000000018,True,1.06,False,1.7664126671895456e-07,2.0,True,0.7432794866888477,2.686001826844875,0.27672337347660875,0.524455126895536,999.9999851383719,2.9340415668081237,1.06,7.547886077849195e-13,435.6341748235015,1799.8483191065718,0.0,nan
pd,10.0,1.0,esn,137,"demo_00 +10,+2.5 deg",,0.019615692533961327,0.25034887739026374,6.942110004214118,0.06999999999999984,True,1.16,True,0.0013377634538263006,2.0,False,2.5313989945933213,3.9256849915608307,0.6448298832013138,0.6599988685142604,704.1649088391597,2.7329847479688336,1.6300000000000001,0.0005400804473415934,261.67424136144393,666.997385074694,0.0,nan
pd,10.0,1.0,replay,137,"demo_00 +10,+2.5 deg",demo_00,0.023498503725825435,0.20534222803801294,5.453803395875774,-0.030000000000000027,True,1.06,False,1.766775058106893e-07,2.0,True,0.9528366585044505,3.9256849915608307,0.24271857282303436,0.5634999715208189,999.9999851383719,3.162072706476449,1.06,7.550078923448795e-13,435.6341748235015,1797.379632809674,0.0,nan
pd,10.0,1.0,esn,138,"demo_00 +10,+5 deg",,0.02136585480148061,0.2765500451411488,7.603209592103105,0.1299999999999999,True,1.22,True,0.0014701388530539898,2.0,False,2.920976804218012,5.194264115654449,0.5623466075617498,0.7284550761275258,973.8953484564213,2.9703458607111313,1.67,0.0005398746513048252,207.50858718574534,448.9591231369077,0.0,nan
pd,10.0,1.0,replay,138,"demo_00 +10,+5 deg",demo_00,0.025737112767190363,0.2295660905764187,5.907541509431095,-0.030000000000000027,True,1.06,False,1.7671410267969185e-07,2.0,True,1.1634279356031687,5.194264115654449,0.22398320718748876,0.6237963384934121,999.9999851383719,3.485519407376642,1.06,7.554453812795785e-13,435.6341748235015,1798.0651996144659,0.0,nan
pd,10.0,1.0,esn,139,"demo_00 +10,+7.5 deg",,0.02382491011638245,0.30587569923723035,8.529614002585769,0.15999999999999992,True,1.26,True,0.0016063833168139055,2.0,False,3.351807261984374,6.414062478601573,0.5225716576922326,0.8197435256810617,1241.1750108252706,3.300394251648196,1.71,0.0005401802029233645,153.60324172704733,293.2393200946648,0.0,nan
pd,10.0,1.0,replay,139,"demo_00 +10,+7.5 deg",demo_00,0.028600841000974243,0.2563228892589133,6.5692483802377915,-0.040000000000000036,True,1.06,False,1.767510133532714e-07,2.0,True,1.3722905475544795,6.414062478601573,0.21395029314614242,0.699486587428579,999.9999851383719,3.881040713701981,1.06,7.554453812795785e-13,435.6341748235015,1801.9297186509657,0.0,nan
pd,10.0,1.0,esn,140,"demo_00 +10,+10 deg",,0.02671998296814894,0.3337628620494182,9.653915566632179,0.17999999999999994,True,1.29,True,0.0017544841948690492,2.0,False,3.7942415735678674,7.617615021782961,0.49808786118989196,0.9287082399011588,1505.9831575770093,3.691879788712862,1.75,0.0005409558555628183,99.98524640048599,198.94474587563408,0.0,nan
pd,10.0,1.0,replay,140,"demo_00 +10,+10 deg",demo_00,0.031937917473854625,0.2815273510618606,7.3951538765273455,-0.050000000000000044,True,1.06,False,1.7678818176807577e-07,2.0,True,1.579423841785235,7.617615021782961,0.20733836473342268,0.7857267079392606,1000.0000057404657,4.329234844322259,1.06,7.552272438011246e-13,435.6341748235015,1809.0119288585884,0.0,nan
pd,10.0,1.0,esn,141,"demo_00 +10,+12.5 deg",,0.029857247000963146,0.35964148658666034,10.905554549524698,0.19999999999999996,True,1.32,True,0.0019071541950997036,2.0,False,4.227796630970693,8.804187100211541,0.48020295148760644,1.0512961401110943,1768.311914251254,4.121869704551269,1.78,0.0005421665322046711,109.87179977709164,165.0049532565803,0.0,nan
pd,10.0,1.0,replay,141,"demo_00 +10,+12.5 deg",demo_00,0.03563142463271454,0.3037468108909932,8.330735047417397,-0.06000000000000005,True,1.06,False,1.7682554438003672e-07,2.0,True,1.7839000683494488,8.804187100211541,0.2026195091090904,0.8789853667545149,1250.0000057404905,4.815549323377106,1.06,7.556686917391825e-13,435.6341748235015,1819.367130496292,0.0,nan
pd,10.0,1.0,esn,142,"demo_00 +10,+15 deg",,0.033109325341510384,0.3837348058065071,12.23742040655413,0.21999999999999997,True,1.35,True,0.0020535449815536778,2.0,False,4.650245545204102,9.97297993755837,0.46628445803758395,1.1845457151501402,2028.165512318002,4.574897628822323,1.81,0.0005437839686559346,126.01747083662002,190.18655804761678,0.0,nan
pd,10.0,1.0,replay,142,"demo_00 +10,+15 deg",demo_00,0.03959678887817167,0.32303704569291797,9.337688470441975,-0.07000000000000006,True,1.06,False,1.768630223680985e-07,2.0,True,1.9854555671274594,9.97297993755837,0.19908348152293062,0.9767988223754243,1500.0000057405152,5.329481693109355,1.06,7.554453812795785e-13,435.6341748235015,1833.0699254587214,0.0,nan
pd,10.0,1.0,esn,143,"demo_00 +12.5,-15 deg",,0.03977885404787685,0.37694680602077874,13.458266399859685,0.44999999999999996,True,1.51,True,0.0011637235881627316,2.0,False,3.9423629404190796,3.9579765236116633,0.9960551602316386,1.0150419619906037,1661.8609130969048,5.124885079397744,1.87,0.0005572002470003455,723.9634183076772,4971.42464671902,0.0,nan
pd,10.0,1.0,replay,143,"demo_00 +12.5,-15 deg",demo_00,0.03545166740834627,0.2622270822425091,10.470854634317828,0.0,True,1.06,False,1.7641152532739414e-07,2.0,True,0.7683265911082804,3.9579765236116633,0.19412105820354397,0.8457950044538851,1499.9999942598195,4.449300869506557,1.06,7.530166378225485e-13,544.5427201479473,2896.146524217372,0.0,nan
pd,10.0,1.0,esn,144,"demo_00 +12.5,-12.5 deg",,0.035213667375204184,0.3451073984316295,12.148529512574688,-0.17000000000000004,True,0.88,True,0.0021079566679130185,2.0,False,5.0513389747612445,2.7596798603089296,1.830407594522858,0.9295458090002273,1535.6026099438752,4.590685064142627,1.52,0.000551472013151883,668.9609857815656,4230.931690516548,0.0,nan
pd,10.0,1.0,replay,144,"demo_00 +12.5,-12.5 deg",demo_00,0.032539123138153554,0.24105942709868833,9.500956987208573,0.010000000000000009,True,1.06,False,1.7644985644553399e-07,2.0,True,0.5632428637127731,2.7596798603089296,0.2040971751157112,0.7637209213738408,1249.9999942597947,4.097167914951984,1.06,7.534578431830346e-13,544.5427201479473,2875.093484889801,0.0,nan
pd,10.0,1.0,esn,145,"demo_00 +12.5,-10 deg",,0.031205323310220197,0.3197665251563512,10.926741542189943,-0.16000000000000003,True,0.89,True,0.0017162517020113657,2.0,False,4.330048134021425,1.516706683541626,2.854901465793261,0.8603375694719151,1409.410205534335,4.126962488753176,1.53,0.0005466858253505593,613.987261000623,3552.8310752442335,0.0,nan
pd,10.0,1.0,replay,145,"demo_00 +12.5,-10 deg",demo_00,0.03012021367379121,0.22570739466769368,8.580126937442591,0.010000000000000009,True,1.06,False,1.7648868930929826e-07,2.0,True,0.4159024343734657,1.516706683541626,0.27421415022863993,0.69701005253612,1249.9999851383982,3.816698899859186,1.06,7.534636015919998e-13,544.5427201479473,2856.6918516080023,0.0,nan
pd,10.0,1.0,esn,146,"demo_00 +12.5,-7.5 deg",,0.027890474928764415,0.30184880166931954,9.898583008887725,-0.15000000000000002,True,0.9,True,0.0013830268417335894,2.0,False,3.751213776034752,0.26330498336686575,14.246649372405322,0.808608405102539,1283.3741759980587,3.750118560721073,1.55,0.0005428010386795245,559.0816584595699,2937.9275534098683,0.0,nan
pd,10.0,1.0,replay,146,"demo_00 +12.5,-7.5 deg",demo_00,0.02831410220761343,0.2173163075080562,7.792830224649531,0.010000000000000009,True,1.06,False,1.7652800056821845e-07,2.0,True,0.406373588857112,0.26330498336686575,1.5433569986440674,0.6500824997195251,1249.9999851383982,3.6245121087625547,1.06,7.539033109900399e-13,544.5427201479473,2840.9257626481094,0.0,nan
pd,10.0,1.0,esn,147,"demo_00 +12.5,-5 deg",,0.0254326084049341,0.29206868133379493,9.07732421976206,-0.15000000000000002,True,0.91,True,0.001122851572150267,2.0,False,3.396164559729979,0.9911850700444864,3.4263677514609374,0.7762487149586029,1157.5811110974244,3.4785151723482577,1.57,0.0005397692134800954,504.2818996186495,2386.7546547554516,0.0,nan
pd,10.0,1.0,replay,147,"demo_00 +12.5,-5 deg",demo_00,0.027239730511602465,0.2165885985290789,7.149918486140781,0.0,True,1.06,False,1.7656776564672116e-07,2.0,True,0.5706406566316327,0.9911850700444864,0.5757155488692148,0.6270366133091939,1249.9999851383982,3.5351619611584586,1.06,7.545652002198154e-13,544.5427201479473,2827.7827580296744,0.0,nan
pd,10.0,1.0,esn,148,"demo_00 +12.5,-2.5 deg",,0.023986588937588715,0.29110204543049534,8.604216213905735,-0.12,True,0.9400000000000001,True,0.0010333682452977274,2.0,False,3.2227744828490885,2.2526435050616405,1.4306633409181637,0.7652987266598086,1032.1134382075127,3.32819642518801,1.6,0.0005375365503804144,449.62389265991993,1899.5862236428854,0.0,nan
pd,10.0,1.0,replay,148,"demo_00 +12.5,-2.5 deg",demo_00,0.026985946991508625,0.2234774292330927,6.768818869358354,0.0,True,1.06,False,1.766079535090544e-07,2.0,True,0.7834877702865157,2.2526435050616405,0.34780815008057686,0.6301092947834872,1249.9999851383982,3.5566815661355724,1.06,7.547845170246429e-13,544.5427201479473,2817.255149269861,0.0,nan
pd,10.0,1.0,esn,149,"demo_00 +12.5,+0 deg",,0.02363301253165007,0.29884406756087595,8.440893987280479,0.07000000000000006,True,1.1400000000000001,True,0.0016232739774881275,2.0,False,3.012594679618853,3.4923037600663442,0.8626382143693085,0.7771677319414391,907.0492478070308,3.3064695175434444,1.6300000000000001,0.0005360463187227265,395.14165646514186,1476.4491835083866,0.0,nan
pd,10.0,1.0,replay,149,"demo_00 +12.5,+0 deg",demo_00,0.027580901217758934,0.23718867492884202,6.6212676133763475,-0.010000000000000009,True,1.06,False,1.7664852829902748e-07,2.0,True,1.0092558186314253,3.4923037600663442,0.28899428227636537,0.6585213791119834,1249.9999851383982,3.687495105125917,1.06,7.547886077849195e-13,544.5427201479473,2809.3416709052235,0.0,nan
pd,10.0,1.0,esn,150,"demo_00 +12.5,+2.5 deg",,0.02432223168162229,0.31456027898156436,8.6312556657302,0.10999999999999988,True,1.19,True,0.0016769215957424385,2.0,False,3.2250177060503016,4.7180863712175976,0.6835435921063947,0.8119882160932137,812.2456808598752,3.4073661519369693,1.6600000000000001,0.000535241162631367,340.8672870451574,1117.1371064053026,0.0,nan
pd,10.0,1.0,replay,150,"demo_00 +12.5,+2.5 deg",demo_00,0.02898127590527714,0.2564909066946298,6.7507146268013445,-0.020000000000000018,True,1.06,False,1.7668944770562305e-07,2.0,True,1.2379456483264488,4.7180863712175976,0.2623829983016974,0.7087971258312524,1249.9999851383982,3.9170563864133654,1.06,7.547845170246429e-13,544.5427201479473,2804.0494429430264,0.0,nan
pd,10.0,1.0,esn,151,"demo_00 +12.5,+5 deg",,0.025884362518859887,0.33658174339986063,9.13925597403385,0.1399999999999999,True,1.23,True,0.0017569400374602016,2.0,False,3.5444565043346126,5.929263764800514,0.59779032354346,0.8684911761728193,1082.3540250644082,3.613185514432772,1.7,0.0005350651922308619,286.830963038358,821.2242113357574,0.0,nan
pd,10.0,1.0,replay,151,"demo_00 +12.5,+5 deg",demo_00,0.031089796814492025,0.27997239823510983,7.134822754163728,-0.030000000000000027,True,1.06,False,1.767306585262222e-07,2.0,True,1.46540679228661,5.929263764800514,0.24714818743367417,0.7762435136085807,1249.9999851383982,4.229664642518391,1.06,7.556686917391825e-13,544.5427201479473,2801.396271471081,0.0,nan
pd,10.0,1.0,esn,152,"demo_00 +12.5,+7.5 deg",,0.028098080488550826,0.3607054838791323,9.904503316648587,0.15999999999999992,True,1.26,True,0.0018608334367878794,2.0,False,3.9117474150141,7.125109482887996,0.549008744975602,0.9444181033762016,1349.9761133553077,3.9008951263396123,1.73,0.0005354657909552118,233.06098562287377,588.0794841540824,0.0,nan
pd,10.0,1.0,replay,152,"demo_00 +12.5,+7.5 deg",demo_00,0.03378702216461645,0.30494508600271714,7.728957712230153,-0.040000000000000036,True,1.06,False,1.7677210057326174e-07,2.0,True,1.68989011365733,7.125109482887996,0.23717391539257762,0.85633310097266,1249.9999851383982,4.608699230987814,1.06,7.554453812795785e-13,544.5427201479473,2801.4133092118614,0.0,nan
pd,10.0,1.0,esn,153,"demo_00 +12.5,+10 deg",,0.03075646830306446,0.3835763747650479,10.863036832572647,0.17999999999999994,True,1.29,True,0.0019771667053821024,2.0,False,4.289723509928157,8.304952561329905,0.516525949817253,1.0371241317906368,1615.0910915011789,4.248333041761142,1.76,0.0005363950923140932,179.5838473138255,416.88070082390436,0.0,nan
pd,10.0,1.0,replay,153,"demo_00 +12.5,+10 deg",demo_00,0.036957794889841536,0.3279481884738735,8.482829445158636,-0.050000000000000044,True,1.06,False,1.7681370103299007e-07,2.0,True,1.9112047024163297,8.304952561329905,0.23012831058366467,0.9453514226091669,1249.9999851383982,5.039291557217259,1.06,7.554453812795785e-13,544.5427201479473,2804.1480876057753,0.0,nan
pd,10.0,1.0,esn,154,"demo_00 +12.5,+12.5 deg",,0.0336961455937289,0.4048494744816845,11.960233177784334,0.19999999999999996,True,1.32,True,0.002095951921833855,2.0,False,4.669585258310462,9.467983691238246,0.4931974336448992,1.1440432201998785,1877.6911288260574,4.637334396365221,1.78,0.000537811100214497,126.42432365948119,306.6282399076033,0.0,nan
pd,10.0,1.0,replay,154,"demo_00 +12.5,+12.5 deg",demo_00,0.04050444169271577,0.34807873822226915,9.352024882953918,-0.06000000000000005,True,1.06,False,1.7685537377980871e-07,2.0,True,2.1290556301334456,9.467983691238246,0.22486895832992324,1.0404723168864576,1250.0000057404905,5.509271189373637,1.06,7.554453812795785e-13,544.5427201479473,2809.6679156039263,0.0,nan
pd,10.0,1.0,esn,155,"demo_00 +12.5,+15 deg",,0.036798417547580314,0.424679905373384,13.154334865787606,0.6799999999999999,True,1.81,False,0.000628526066803369,2.0,True,4.032682243854982,10.613412350526854,0.37996095041523553,1.2629177052070175,2137.780645316989,5.054243912961182,1.81,0.0005396784451013774,132.8282669684231,256.1586835296102,0.0,nan
pd,10.0,1.0,replay,155,"demo_00 +12.5,+15 deg",demo_00,0.04434947496440477,0.3654703966622381,10.301855552525325,-0.07000000000000006,True,1.06,False,1.7689701845770623e-07,2.0,True,2.3430971968359984,10.613412350526854,0.22076756461079988,1.1395975101712592,1500.0000057405152,6.009078392515687,1.06,7.558881775694469e-13,544.5427201479473,2818.06361617953,0.0,nan
pd,10.0,1.0,esn,156,"demo_00 +15,-15 deg",,0.04269227302808636,0.4143122860494242,14.561342023260519,-0.19000000000000006,True,0.85,True,0.002333771318868258,2.0,False,6.257831842405122,3.0830208578634846,2.0297727880899785,1.096844866602528,1842.0228566322714,5.5356482345914175,1.92,0.0005519296679532164,802.4481190807153,6089.718888380961,0.0,nan
pd,10.0,1.0,replay,156,"demo_00 +15,-15 deg",demo_00,0.03961593836543457,0.2894479069494966,11.424128662954923,0.020000000000000018,True,1.06,False,1.7639848220000432e-07,2.0,True,0.6468411763143248,3.0830208578634846,0.20980759006690014,0.8922756421213237,1499.9999942598195,4.953802760307849,1.06,7.53015205554335e-13,653.4512654723931,4138.474367195012,0.0,nan
pd,10.0,1.0,esn,157,"demo_00 +15,-12.5 deg",,0.038440873646538476,0.39081020045130205,13.406667344918192,-0.17000000000000004,True,0.86,True,0.0019417189449196447,2.0,False,5.560653346626641,1.8724277575672243,2.9697558819846757,1.0381791260413915,1715.950925355593,5.056460464934235,1.8900000000000001,0.000545623046651747,747.5268765143751,5270.291642279262,0.0,nan
pd,10.0,1.0,replay,157,"demo_00 +15,-12.5 deg",demo_00,0.03698682996827939,0.27383058153829565,10.51367601353324,0.030000000000000027,True,1.06,False,1.7644221158289677e-07,2.0,True,0.4794244741505595,1.8724277575672243,0.2560443105017081,0.8234317342390752,1499.9999851384246,4.654247940484956,1.06,7.534578431830346e-13,653.4512654723931,4117.403714143211,0.0,nan
pd,10.0,1.0,esn,158,"demo_00 +15,-10 deg",,0.03479059667833125,0.3733538462723923,12.343617762339646,-0.15000000000000002,True,0.88,True,0.0016816726352143322,2.0,False,4.93401968743264,0.6247274958728081,7.897875025557041,0.9936798577693788,1589.9651988656888,4.6520363255715775,1.57,0.0005403619069036319,692.6431876997452,4513.205133016526,0.0,nan
pd,10.0,1.0,replay,158,"demo_00 +15,-10 deg",demo_00,0.03487035192870383,0.2642523960919095,9.661265604876496,0.030000000000000027,True,1.06,False,1.7648644789967794e-07,2.0,True,0.46861960715707346,0.6247274958728081,0.7501184280393551,0.7744237818731413,1499.9999851384246,4.429320599451805,1.06,7.534636015919998e-13,653.4512654723931,4098.386809728577,0.0,nan
pd,10.0,1.0,esn,159,"demo_00 +15,-7.5 deg",,0.03185730279777253,0.3622520799085576,11.422072472778199,-0.14,True,0.9,True,0.001476572421931924,2.0,False,4.491383793015074,0.6276785256171862,7.1555479592021545,0.9629332035529189,1464.1555128618918,4.334728065425511,1.59,0.000536104705435675,637.8361881381561,3819.3338138731215,0.0,nan
pd,10.0,1.0,replay,159,"demo_00 +15,-7.5 deg",demo_00,0.03335804093160085,0.26126421295532953,8.911119373026017,0.020000000000000018,True,1.06,False,1.7653116335105462e-07,2.0,True,0.6107434306790641,0.6276785256171862,0.9730194769345183,0.7486580331213047,1499.9999851384246,4.290748273968946,1.06,7.534606896747849e-13,653.4512654723931,4081.4123656437573,0.0,nan
pd,10.0,1.0,esn,160,"demo_00 +15,-5 deg",,0.029760784894327295,0.3576706346621585,10.787381654939303,0.050000000000000044,True,1.09,True,0.0020208204910577756,1.9999999999999998,False,3.8570634853138848,1.8845069184258154,2.046722910699529,0.9461643392772603,1338.6076738558108,4.116203662152686,1.61,0.0005328005244384587,583.1432580790416,3189.2797432373873,0.0,nan
pd,10.0,1.0,replay,160,"demo_00 +15,-5 deg",demo_00,0.03253188884739376,0.26496007321253967,8.387652455789015,0.020000000000000018,True,1.06,False,1.7657632133238587e-07,2.0,True,0.8387324958595249,1.8845069184258154,0.445067347675297,0.7480289557875386,1499.9999851384246,4.247111743408525,1.06,7.547845170246429e-13,653.4512654723931,4066.4717670758478,0.0,nan
pd,10.0,1.0,esn,161,"demo_00 +15,-2.5 deg",,0.028593953431327302,0.35961880408172786,10.370488351330438,0.09000000000000008,True,1.1400000000000001,True,0.0019710802290858745,2.0,False,3.8053535911334304,3.1231814216714904,1.2184222039515238,0.9440263581733747,1213.403197924968,4.004446531994529,1.6400000000000001,0.0005303917604850871,528.5999087120971,2623.384682035024,0.0,nan
pd,10.0,1.0,replay,161,"demo_00 +15,-2.5 deg",demo_00,0.03244575170075576,0.2749299296749323,8.041813396109651,0.010000000000000009,True,1.06,False,1.7662187993879924e-07,2.0,True,1.081914927351873,3.1231814216714904,0.3464143708862243,0.7720783741851617,1499.9999851384246,4.301526599564142,1.06,7.547845170246429e-13,653.4512654723931,4053.5608088238832,0.0,nan
pd,10.0,1.0,esn,162,"demo_00 +15,+0 deg",,0.028384213720702593,0.3678674279321908,10.241266731454528,0.11999999999999988,True,1.18,True,0.0019615662471568923,2.0,False,3.880955292091003,4.348695644200389,0.8924412305714737,0.9572994592283919,1088.619153781972,4.000707793178757,1.6600000000000001,0.0005288167855889105,474.2397138028428,2121.743348786722,0.0,nan
pd,10.0,1.0,replay,162,"demo_00 +15,+0 deg",demo_00,0.03311023153280461,0.29037884706342226,7.937631947511593,0.0,True,1.06,False,1.7666778736435715e-07,2.0,True,1.3299443963433164,4.348695644200389,0.30582604651051826,0.8181048317618284,1499.9999851384246,4.4506763902052615,1.06,7.550078923448795e-13,653.4512654723931,4042.681791015865,0.0,nan
pd,10.0,1.0,esn,163,"demo_00 +15,+2.5 deg",,0.029071474777928492,0.38187881740863616,10.35385642529429,0.1299999999999999,True,1.21,True,0.001993749327310142,2.0,False,4.057465735266262,5.513385272396162,0.735930020269172,0.9865755456286096,964.328105316817,4.098246612759905,1.69,0.0005280124642091469,420.0942846620878,1684.2173826915785,0.0,nan
pd,10.0,1.0,replay,163,"demo_00 +15,+2.5 deg",demo_00,0.034489613768153224,0.31032284470459803,8.040081363760237,-0.020000000000000018,True,1.06,False,1.7671398979363e-07,2.0,True,1.5777959090840754,5.513385272396162,0.2861755221394772,0.8821351791114986,1499.9999851384246,4.685796098245436,1.06,7.554453812795785e-13,653.4512654723931,4033.8460150213896,0.0,nan
pd,10.0,1.0,esn,164,"demo_00 +15,+5 deg",,0.030522260539087204,0.40027010701549953,10.7696501627877,0.15999999999999992,True,1.25,True,0.002032215604293245,2.0,False,4.275013725367953,6.700443578972736,0.6380195094521439,1.0320220635268404,1190.6055822220162,4.283859461705316,1.71,0.0005279164339690623,366.19328471994027,1310.4496085771177,0.0,nan
pd,10.0,1.0,replay,164,"demo_00 +15,+5 deg",demo_00,0.0365126666016606,0.33340494810287924,8.403025021549364,-0.030000000000000027,True,1.06,False,1.7676041558416622e-07,2.0,True,1.8224898524646167,6.700443578972736,0.2719954031377767,0.9600160967075959,1499.9999851384246,4.994968007574589,1.06,7.556686917391825e-13,653.4512654723931,4027.076718619314,0.0,nan
pd,10.0,1.0,esn,165,"demo_00 +15,+7.5 deg",,0.03256972759535208,0.4193801277131861,11.40727418014777,0.17999999999999994,True,1.28,True,0.0020987486199655976,2.0,False,4.5518551695190075,7.872313936761244,0.5782105751986423,1.0932898527020256,1458.5673191583078,4.541218455207399,1.74,0.0005284690815406728,312.56447871793273,999.8782641706467,0.0,nan
pd,10.0,1.0,replay,165,"demo_00 +15,+7.5 deg",demo_00,0.039090547093831994,0.3564476885130812,8.955949884791512,-0.040000000000000036,True,1.06,False,1.7680698430801794e-07,2.0,True,2.0642055703582027,7.872313936761244,0.26221077905938284,1.048081869406802,1499.9999851384246,5.36549388061897,1.06,7.556686917391825e-13,653.4512654723931,4022.412483605346,0.0,nan
pd,10.0,1.0,esn,166,"demo_00 +15,+10 deg",,0.035051912224706404,0.4371733252553315,12.2238715468769,0.6499999999999999,True,1.76,False,0.0006730574393079426,2.0,True,3.8887561488318223,9.028289614813424,0.4307301066695107,1.16956440456896,1723.9878698028742,4.854093461967105,1.76,0.0005296151681220335,259.2338106932641,751.7509367636671,0.0,nan
pd,10.0,1.0,replay,166,"demo_00 +15,+10 deg",demo_00,0.04213300165828808,0.37703909552239795,9.66009044808184,-0.050000000000000044,True,1.06,False,1.7685360211589075e-07,2.0,True,2.3018801381602327,9.028289614813424,0.2549630368949792,1.143366394640606,1499.9999851384246,5.78551521411768,1.06,7.556636678368194e-13,653.4512654723931,4019.9111372190505,0.0,nan
pd,10.0,1.0,esn,167,"demo_00 +15,+12.5 deg",,0.03783236261202037,0.45359549633424123,13.179180161123732,0.6699999999999999,True,1.79,False,0.0007027739344385948,2.0,True,4.134071827624404,10.167635263933715,0.4065912791235383,1.2597041545054741,1986.8594045013574,5.208304497747917,1.79,0.000531305079835607,206.22550451723825,565.1380585530034,0.0,nan
pd,10.0,1.0,replay,167,"demo_00 +15,+12.5 deg",demo_00,0.04555830774813927,0.3948907690415478,10.479101554326357,-0.06000000000000005,True,1.06,False,1.7690015603612486e-07,2.0,True,2.5351553939634064,10.167635263933715,0.24933579226194533,1.2435565028291278,1499.9999851384246,6.244755033221836,1.06,7.558881775694469e-13,653.4512654723931,4019.654149167019,0.0,nan
pd,10.0,1.0,esn,168,"demo_00 +15,+15 deg",,0.040804856693422674,0.46888226372746084,14.239174282269236,0.6799999999999999,True,1.81,False,0.0007261858687001103,2.0,True,4.408855575067902,11.289608751464488,0.39052332743559287,1.3623966372766279,2247.186473710286,5.592396992706037,1.81,0.0005334956966912254,153.56218073551997,438.9459224978359,0.0,nan
pd,10.0,1.0,replay,168,"demo_00 +15,+15 deg",demo_00,0.049297136420104394,0.41025086171538633,11.382536915069487,-0.07000000000000006,True,1.06,False,1.7694651814063325e-07,2.0,True,2.7635965967215084,11.289608751464488,0.24479117545707813,1.3468563974097418,1500.0000057405152,6.734641574915438,1.06,7.558881775694469e-13,653.4512654723931,4021.75149657253,0.0,nan
pd,20.0,1.0,esn,0,demo_00,,3.968465824763971e-06,0.0008294266055670695,0.15804054981660728,-0.010000000000000009,True,1.1,False,2.6731941864784054e-05,2.0,True,0.019757340466364924,0.0,nan,0.06370707134980524,52.56974435411312,0.8869472335520352,1.1,0.000564882511514889,3.4277066047885265,4.054185293564256,0.0,nan
pd,20.0,1.0,replay,0,demo_00,demo_00,6.037282651586303e-10,0.0020296041671527512,0.12508682237807342,-0.010000000000000009,True,1.1,False,4.56687546920646e-12,2.0,True,0.04091466929826937,0.0,nan,0.06316381328700629,52.13113668892076,0.8790636649974878,1.1,4.773959005888173e-15,3.370764743307519,3.947791731715321,0.0,nan
pd,20.0,1.0,esn,1,"demo_00 -15,-15 deg",,0.07220157453194423,0.3273648244095584,13.07425212237283,0.06000000000000005,True,1.23,False,0.00044786308601394836,2.0,True,5.111811955976826,10.762550191362198,0.4749628912373818,0.7550260028460908,2292.323627710915,8.511297014416506,1.23,0.0004478843239319078,284.86119515265926,1562.3561092068549,0.0,nan
pd,20.0,1.0,replay,1,"demo_00 -15,-15 deg",demo_00,0.07916547671314215,0.13870613416380578,9.649065091547167,-0.06999999999999984,True,1.1,False,4.56687546920646e-12,2.0,True,0.8375768021233998,10.762550191362198,0.07782326560443098,0.8321232365104939,1500.0000148619056,9.16907608826963,1.1,4.773959005888173e-15,1306.9025568419147,16099.324781289035,0.0,nan
pd,20.0,1.0,esn,2,"demo_00 -15,-12.5 deg",,0.06590169452601295,0.2882476274770186,11.782117710205874,0.040000000000000036,True,1.21,False,0.0004192493758530919,2.0,True,4.5338065916965835,9.73889307555764,0.4655361298785984,0.6784343479734554,2013.9522040531529,7.7338263008944725,1.21,0.00045511872130658197,393.51039411516433,2067.503898849725,0.0,nan
pd,20.0,1.0,replay,2,"demo_00 -15,-12.5 deg",demo_00,0.07560660325271262,0.12391340562456946,8.971321638152848,-0.06999999999999984,True,1.1,False,4.56687546920646e-12,2.0,True,0.7613687469730288,9.73889307555764,0.07817816060470852,0.7561476661285791,1500.0000148619056,8.68511221037957,1.1,4.773959005888173e-15,1306.9025568419147,15898.30999467324,0.0,nan
pd,20.0,1.0,esn,3,"demo_00 -15,-10 deg",,0.060727739994450664,0.24926800785224346,10.653034806650776,0.040000000000000036,True,1.2,False,0.0003771237050307246,2.0,True,3.9211088157902187,8.852111935220934,0.44295743710479346,0.6054628946773586,1737.1459415331803,7.087377026216032,1.2,0.00046232395835994153,504.5040510831411,2800.2109528811293,0.0,nan
pd,20.0,1.0,replay,3,"demo_00 -15,-10 deg",demo_00,0.07232549834695509,0.10781098460964877,8.421568954873129,-0.05999999999999983,True,1.1,False,4.56687546920646e-12,2.0,True,0.690558606999017,8.852111935220934,0.07801060493275176,0.6839372324167362,1500.0000148619056,8.23699377337932,1.1,4.773959005888173e-15,1306.9025568419147,15722.332493680517,0.0,nan
pd,20.0,1.0,esn,4,"demo_00 -15,-7.5 deg",,0.05681763886474095,0.2105631463474009,9.634754585485192,0.020000000000000018,True,1.18,False,0.0003477594281078324,2.0,True,3.345359975482692,7.972485786834196,0.4196131626860015,0.5375299648099585,1462.004431573782,6.566636437704868,1.18,0.0004694905134630615,615.5582433443191,3760.1806756575343,0.0,nan
pd,20.0,1.0,replay,4,"demo_00 -15,-7.5 deg",demo_00,0.06934090662900336,0.09046001909947972,7.94888377554735,-0.05999999999999983,True,1.1,False,4.56687546920646e-12,2.0,True,0.6283836012503363,7.972485786834196,0.07881903060749915,0.6172970643568654,1500.0000148619056,7.829922330005646,1.1,4.773959005888173e-15,1306.9025568419147,15570.626853176953,0.0,nan
pd,20.0,1.0,esn,5,"demo_00 -15,-5 deg",,0.05426725153988258,0.1725765368823568,8.831178440684743,0.010000000000000009,True,1.17,False,0.00030573826821447456,2.0,True,2.764050823510872,7.20764547919915,0.383488731720749,0.4770547229756601,1188.61591653155,6.188138194425431,1.17,0.0004766117488960848,726.5930890055369,4945.855266781951,0.0,nan
pd,20.0,1.0,replay,5,"demo_00 -15,-5 deg",demo_00,0.06667584196128801,0.0719755843342336,7.614939615350519,-0.05999999999999983,True,1.1,False,4.56687546920646e-12,2.0,True,0.5805666015526946,7.20764547919915,0.08054871777866661,0.5586763406875612,1500.0000148619056,7.469998571578856,1.1,4.773959005888173e-15,1306.9025568419147,15442.523558245763,0.0,nan
pd,20.0,1.0,esn,6,"demo_00 -15,-2.5 deg",,0.053091033712585146,0.1357886736420734,8.33848045737098,0.0,True,1.1500000000000001,False,0.0002769345257312333,1.9999999999999998,True,2.247848038685168,6.644371103904945,0.33830862297322484,0.4278001859096509,961.277641632296,5.963106628788188,1.1500000000000001,0.0004836844899674839,837.5307968246065,6354.450329418229,0.0,nan
pd,20.0,1.0,replay,6,"demo_00 -15,-2.5 deg",demo_00,0.06435768936876894,0.05254917375427626,7.472369242354706,-0.050000000000000044,True,1.1,False,4.56687546920646e-12,2.0,True,0.5514497690119453,6.644371103904945,0.08299502848175569,0.5112431623424056,1500.0000148619056,7.164120597497333,1.1,4.773959005888173e-15,1306.9025568419147,15337.453900953027,0.0,nan
pd,20.0,1.0,esn,7,"demo_00 -15,+0 deg",,0.053198329319733464,0.10094367412702648,8.136258836157715,-0.010000000000000009,True,1.1400000000000001,False,0.00023671090306426822,2.0,True,1.8019105358454135,6.199678792285735,0.2906457892766206,0.3948781869163145,1088.408585721053,5.89297266131762,1.1400000000000001,0.0004907095071019675,948.2959663160334,7982.00247359923,0.0,nan
pd,20.0,1.0,replay,7,"demo_00 -15,+0 deg",demo_00,0.06241792326242495,0.03244026629964281,7.470537093539442,-0.050000000000000044,True,1.1,False,4.56687546920646e-12,2.0,True,0.533487507268873,6.199678792285735,0.08605083023538121,0.4786618804899382,1500.0000148619056,6.9197032154012454,1.1,4.773959005888173e-15,1306.9025568419147,15254.955429063393,0.0,nan
pd,20.0,1.0,esn,8,"demo_00 -15,+2.5 deg",,0.05440270757335578,0.06919582911477881,8.283999834447837,-0.020000000000000018,True,1.1300000000000001,False,0.00019899545888345618,1.9999999999999998,True,1.5057879321276504,5.961964530068546,0.2525657314016824,0.3836255881903924,1215.25798387394,5.967163564652026,1.1300000000000001,0.0004976918771450996,1058.8158337409207,9823.430851370318,0.0,nan
pd,20.0,1.0,replay,8,"demo_00 -15,+2.5 deg",demo_00,0.060891289923916785,0.018021377504825718,7.644122870075066,-0.050000000000000044,True,1.1,False,4.56687546920646e-12,2.0,True,0.5289748057222597,5.961964530068546,0.088724916603316,0.4642972787894947,1500.0000148619056,6.744174724876709,1.1,4.773959005888173e-15,1306.9025568419147,15194.677802374317,0.0,nan
pd,20.0,1.0,esn,9,"demo_00 -15,+5 deg",,0.0564601416451503,0.042495059464665,8.761466469193506,-0.030000000000000027,True,1.12,False,0.00016624078869478063,2.0,True,1.4046723522730151,6.177549531491353,0.22738342203691017,0.3970793257582327,1341.7455661353574,6.1648907280324154,1.12,0.0005046412062989744,1169.020462426486,11872.614033681526,0.0,nan
pd,20.0,1.0,replay,9,"demo_00 -15,+5 deg",demo_00,0.059814343212736695,0.03229130400242916,7.9834554422558615,-0.050000000000000044,True,1.1,False,4.56687546920646e-12,2.0,True,0.5400900958218579,6.177549531491353,0.08742788593901764,0.46993737894965043,1500.0000148619056,6.644264050361343,1.1,4.773959005888173e-15,1306.9025568419147,15156.388823998615,0.0,nan
pd,20.0,1.0,esn,10,"demo_00 -15,+7.5 deg",,0.059113673598500636,0.052665877274693136,9.51658295280422,-0.040000000000000036,True,1.11,False,0.0001429199895566771,1.9999999999999998,True,1.493858517011724,6.916481093223364,0.21598533949227128,0.43409346412947275,1467.794462853778,6.459908165771757,1.11,0.000511571703859747,1278.8428782773099,14122.484184076766,0.0,nan
pd,20.0,1.0,replay,10,"demo_00 -15,+7.5 deg",demo_00,0.05922333328172075,0.05064496513273322,8.470254683151055,-0.050000000000000044,True,1.1,False,4.56687546920646e-12,2.0,True,0.5678422388584727,6.916481093223364,0.08209987581905395,0.4949025555520413,1500.0000148619056,6.625185897176025,1.1,4.773959005888173e-15,1306.9025568419147,15139.980308524646,0.0,nan
pd,20.0,1.0,esn,11,"demo_00 -15,+10 deg",,0.0621252569420162,0.08171811636303941,10.486973897022903,-0.040000000000000036,True,1.11,False,0.00012308622122312853,1.9999999999999998,True,1.7199994756229786,7.80203127141555,0.22045534243429313,0.49039177834406594,1593.331300692187,6.825489946982064,1.11,0.000518502102758071,1388.2191534261924,16565.141051738774,0.0,nan
pd,20.0,1.0,replay,11,"demo_00 -15,+10 deg",demo_00,0.05915162683307951,0.07093733736419576,9.082305006065376,-0.050000000000000044,True,1.1,False,4.56687546920646e-12,2.0,True,0.6128919790637035,7.80203127141555,0.07855543739092248,0.5364090746220068,1500.0000148619056,6.689925417720867,1.1,4.773959005888173e-15,1306.9025568419147,15145.473326256426,0.0,nan
pd,20.0,1.0,esn,12,"demo_00 -15,+12.5 deg",,0.06529001610549796,0.11183646732997335,11.566991610340915,-0.039999999999999813,True,1.12,False,0.0001227569586338061,2.0,True,2.0267725329027426,8.723299870928011,0.23234011932311668,0.5610900761155952,1718.2862443505503,7.237685178963237,1.12,0.0005254554292564833,1497.0884425856254,19191.988816604287,0.0,nan
pd,20.0,1.0,replay,12,"demo_00 -15,+12.5 deg",demo_00,0.059627036561046516,0.09159590398314721,9.755651644377696,-0.05999999999999983,True,1.1,False,4.56687546920646e-12,2.0,True,0.6711969907270144,8.723299870928011,0.07694301476026301,0.5908115113625007,1500.0000148619056,6.838846674269611,1.1,4.773959005888173e-15,1306.9025568419147,15173.022224837223,0.0,nan
pd,20.0,1.0,esn,13,"demo_00 -15,+15 deg",,0.06843793680514372,0.14183887240703988,12.805631777739938,-0.019999999999999796,True,1.1400000000000001,False,0.00015537094651317944,2.0,True,2.3660036278942878,9.790680141901253,0.24165876053579596,0.6421995211942312,1842.5929904675593,7.676617669629796,1.1400000000000001,0.0005324586298194108,1605.3929777345627,21993.899156184456,0.0,nan
pd,20.0,1.0,replay,13,"demo_00 -15,+15 deg",demo_00,0.06066956475484668,0.11200788778677949,10.550868635850563,-0.05999999999999983,True,1.1,False,4.56687546920646e-12,2.0,True,0.7413144807782538,9.790680141901253,0.07571634146290247,0.6546744554462383,1500.0000148619056,7.069755849932767,1.1,4.773959005888173e-15,1306.9025568419147,15222.916682279776,0.0,nan
pd,20.0,1.0,esn,14,"demo_00 -12.5,-15 deg",,0.06760190870902821,0.32839701022284007,12.301997995378064,0.07000000000000006,True,1.23,False,0.0004256736856228411,2.0,True,4.911627187191813,10.180198083558139,0.4824687247613086,0.7104674648507637,2188.430672849782,7.954880090655822,1.23,0.00046210567274558546,271.9506833331575,860.474007853286,0.0,nan
pd,20.0,1.0,replay,14,"demo_00 -12.5,-15 deg",demo_00,0.07103155212542413,0.14914174146168643,8.850779045587862,-0.05999999999999983,True,1.1,False,4.56687546920646e-12,2.0,True,0.7570927613008678,10.180198083558139,0.07436915815259382,0.7340698876842561,1499.9999942598195,8.267480493240653,1.1,4.773959005888173e-15,1089.085466193023,11322.966280260056,0.0,nan
pd,20.0,1.0,esn,15,"demo_00 -12.5,-12.5 deg",,0.060435325084896116,0.2877139988071147,10.918499478453512,0.050000000000000044,True,1.21,False,0.0003932913295389345,2.0,True,4.325847348819252,9.077758779604899,0.4765325289914269,0.6295077099014446,1909.3381831676982,7.113640695328728,1.21,0.0004690278816760865,237.2685733518723,1072.7532827027246,0.0,nan
pd,20.0,1.0,replay,15,"demo_00 -12.5,-12.5 deg",demo_00,0.06690826960453074,0.13288274206795642,8.079528131241378,-0.05999999999999983,True,1.1,False,4.56687546920646e-12,2.0,True,0.6776235385146971,9.077758779604899,0.07464656805346287,0.6587009818739521,1250.0000148618783,7.725313403174012,1.1,4.773959005888173e-15,1089.085466193023,11141.75094288359,0.0,nan
pd,20.0,1.0,esn,16,"demo_00 -12.5,-10 deg",,0.05435069568328922,0.24703822866666716,9.640696213483166,0.040000000000000036,True,1.2,False,0.0003488542497473261,2.0,True,3.70423912875043,8.032024963473367,0.4611837171318464,0.5517429239479835,1631.8484682500768,6.368579845028792,1.2,0.00047591861562949777,346.6812198238552,1512.9721695630667,0.0,nan
pd,20.0,1.0,replay,16,"demo_00 -12.5,-10 deg",demo_00,0.06310644229405514,0.11510491298869127,7.397341774490828,-0.05999999999999983,True,1.1,False,4.56687546920646e-12,2.0,True,0.6015806417427931,8.032024963473367,0.074897755482404,0.586740144579541,1250.0000148618783,7.221837760089524,1.1,4.773959005888173e-15,1089.085466193023,10985.512156636278,0.0,nan
pd,20.0,1.0,esn,17,"demo_00 -12.5,-7.5 deg",,0.04955482397055441,0.20664571876753127,8.550913682592592,0.029999999999999805,True,1.18,False,0.00031521808567358664,2.0,True,3.1159552413045217,7.126269995158935,0.4372491139714428,0.47850641862289917,1356.0636699123384,5.762896586927281,1.18,0.00048276999533557137,457.69417104905955,2181.3849488716173,0.0,nan
pd,20.0,1.0,replay,17,"demo_00 -12.5,-7.5 deg",demo_00,0.05966603560525055,0.09593411771557492,6.862518215655812,-0.050000000000000044,True,1.1,False,4.56687546920646e-12,2.0,True,0.5321070649539353,7.126269995158935,0.0746683840656346,0.5201271826226778,1250.0000148618783,6.764775630794478,1.1,4.773959005888173e-15,1089.085466193023,10853.569417753293,0.0,nan
pd,20.0,1.0,esn,18,"demo_00 -12.5,-5 deg",,0.04624454723710543,0.16697938771857906,7.63792929408959,0.009999999999999787,True,1.16,False,0.0002812902561454852,2.0,True,2.542187726726449,6.269358219504453,0.40549409328972597,0.4123620002421578,1082.074261356568,5.309862474642771,1.16,0.0004895769952147314,568.6700906617208,3076.983406819696,0.0,nan
pd,20.0,1.0,replay,18,"demo_00 -12.5,-5 deg",demo_00,0.05663597754561942,0.07551114814248414,6.448221508951107,-0.050000000000000044,True,1.1,False,4.56687546920646e-12,2.0,True,0.4730479946669647,6.269358219504453,0.07545397441085375,0.461680539620973,1250.0000148618783,6.363594086823065,1.1,4.773959005888173e-15,1089.085466193023,10745.330747308999,0.0,nan
pd,20.0,1.0,esn,19,"demo_00 -12.5,-2.5 deg",,0.04453976801565549,0.12857294802727676,7.025825912032984,0.0,True,1.1500000000000001,False,0.00023693376803390749,1.9999999999999998,True,1.9945176403495828,5.569025933559436,0.3581447930293241,0.3578139502317841,809.9587997141526,5.032459614972388,1.1500000000000001,0.0004963380109201837,679.5314704306794,4197.5307702425525,0.0,nan
pd,20.0,1.0,replay,19,"demo_00 -12.5,-2.5 deg",demo_00,0.054073696220966354,0.05412992826904355,6.21909883933248,-0.050000000000000044,True,1.1,False,4.56687546920646e-12,2.0,True,0.43331588881239574,5.569025933559436,0.07780820092813653,0.4153095019398706,1250.0000148618783,6.029370653601919,1.1,4.773959005888173e-15,1089.085466193023,10660.29633984067,0.0,nan
pd,20.0,1.0,esn,20,"demo_00 -12.5,+0 deg",,0.04441351964614064,0.09253422398221965,6.793522628427654,-0.020000000000000018,True,1.1300000000000001,False,0.00020472011572918305,1.9999999999999998,True,1.5591207968998946,5.069712412845691,0.3075363393295008,0.32176642153161744,906.9574471731264,4.941636174524028,1.1300000000000001,0.0005030553273222257,790.2033299422974,5539.607774710269,0.0,nan
pd,20.0,1.0,replay,20,"demo_00 -12.5,+0 deg",demo_00,0.052042945659830524,0.032130989736522696,6.198075474996613,-0.050000000000000044,True,1.1,False,4.56687546920646e-12,2.0,True,0.41971213832022003,5.069712412845691,0.08278815525250485,0.3857562414239708,1250.0000148618783,5.774176885600647,1.1,4.773959005888173e-15,1089.085466193023,10598.062501123677,0.0,nan
pd,20.0,1.0,esn,21,"demo_00 -12.5,+2.5 deg",,0.0456729074463137,0.060240485639942595,6.975999845170381,-0.030000000000000027,True,1.12,False,0.0001644288625298617,2.0,True,1.2877005620295474,4.811325794731997,0.2676394442960967,0.3119439453285492,1033.6808818398717,5.029170229925667,1.12,0.0005097354626528461,900.613449366867,7098.671502264698,0.0,nan
pd,20.0,1.0,replay,21,"demo_00 -12.5,+2.5 deg",demo_00,0.05060933369515452,0.01036047013692178,6.389422225157153,-0.050000000000000044,True,1.1,False,4.56687546920646e-12,2.0,True,0.4218722413129919,4.811325794731997,0.08768315830428841,0.377239261711935,1250.0000148618783,5.609806762138082,1.1,4.773959005888173e-15,1089.085466193023,10558.325720555224,0.0,nan
pd,20.0,1.0,esn,22,"demo_00 -12.5,+5 deg",,0.048012644507420994,0.03437107010237979,7.54012544379452,-0.040000000000000036,True,1.11,False,0.0001303862112590015,1.9999999999999998,True,1.2450376357653203,5.151697470863624,0.24167522312924244,0.3320022371387359,1160.0243822861778,5.268717656295342,1.11,0.0005163893709464451,1010.6925441253,8869.128070279805,0.0,nan
pd,20.0,1.0,replay,22,"demo_00 -12.5,+5 deg",demo_00,0.04983352236878909,0.027732362032893483,6.77719541568649,-0.050000000000000044,True,1.1,False,4.56687546920646e-12,2.0,True,0.44220936740477207,5.151697470863624,0.08583760399475489,0.39124807291874764,1250.0000148618783,5.54591795110592,1.1,4.773959005888173e-15,1089.085466193023,10540.886646898478,0.0,nan
pd,20.0,1.0,esn,23,"demo_00 -12.5,+7.5 deg",,0.05109893239780193,0.05874417675949887,8.406399334526819,-0.050000000000000044,True,1.1,False,0.00010981514108669572,2.0,True,1.404624843177403,5.9817120350538255,0.23481987012180935,0.3784430992481105,1285.9119315261617,5.62456027267658,1.1,0.0005230324918268955,1120.3743830227781,10844.420773926473,0.0,nan
pd,20.0,1.0,replay,23,"demo_00 -12.5,+7.5 deg",demo_00,0.049763145178711124,0.049307017413306405,7.3320983901892935,-0.050000000000000044,True,1.1,False,4.56687546920646e-12,2.0,True,0.48174438464827485,5.9817120350538255,0.08053620465598692,0.4255566737011271,1250.0000148618783,5.588084284369589,1.1,4.773959005888173e-15,1089.085466193023,10545.653647257384,0.0,nan
pd,20.0,1.0,esn,24,"demo_00 -12.5,+10 deg",,0.05463045874992964,0.09002559650962015,9.489497699928624,-0.050000000000000044,True,1.1,False,0.00010310253308198706,2.0,True,1.6911679182401316,6.956066060007412,0.24312131363489803,0.4441353723271801,1411.2710919865717,6.061132790833707,1.1,0.000529684643744769,1229.5958534934625,13017.135838097189,0.0,nan
pd,20.0,1.0,replay,24,"demo_00 -12.5,+10 deg",demo_00,0.050425634296109016,0.07198070336743839,8.02110669569717,-0.050000000000000044,True,1.1,False,4.56687546920646e-12,2.0,True,0.5379255584368173,6.956066060007412,0.07733186456199989,0.47568920237218176,1250.0000148618783,5.736577996479933,1.1,4.773959005888173e-15,1089.085466193023,10572.645528890558,0.0,nan
pd,20.0,1.0,esn,25,"demo_00 -12.5,+12.5 deg",,0.05836168049319298,0.12161990542260068,10.721046514042705,-0.040000000000000036,True,1.11,False,0.00012446435644776482,1.9999999999999998,True,2.0395505721249023,8.03119072923262,0.2539536963928861,0.5227804337157839,1536.0330256787636,6.548395963069851,1.11,0.0005363697634512974,1338.296979175703,15379.128450161397,0.0,nan
pd,20.0,1.0,replay,25,"demo_00 -12.5,+12.5 deg",demo_00,0.05182446619547416,0.09443194484741506,8.814214177591264,-0.050000000000000044,True,1.1,False,4.56687546920646e-12,2.0,True,0.6074334782127151,8.03119072923262,0.07563429866031278,0.5370565878621676,1250.0000148618783,5.986493888831509,1.1,4.773959005888173e-15,1089.085466193023,10621.992894838302,0.0,nan
pd,20.0,1.0,esn,26,"demo_00 -12.5,+15 deg",,0.062101525319867096,0.15260919031617015,12.00183644815375,-0.029999999999999805,True,1.1300000000000001,False,0.00017278457334262939,1.9999999999999998,True,2.404634479864355,9.101599835869152,0.2641990994141225,0.6101464224875627,1660.1324668130294,7.063120111700865,1.1300000000000001,0.0005431155004105564,1446.420896051766,17921.672120553783,0.0,nan
pd,20.0,1.0,replay,26,"demo_00 -12.5,+15 deg",demo_00,0.053940203247185126,0.11608513632444804,9.645744948876747,-0.05999999999999983,True,1.1,False,4.56687546920646e-12,2.0,True,0.6849799146280674,9.101599835869152,0.07525928704628175,0.6060276421881464,1500.0000057405152,6.329117654731604,1.1,4.773959005888173e-15,1089.085466193023,10693.937493476873,0.0,nan
pd,20.0,1.0,esn,27,"demo_00 -10,-15 deg",,0.06371683935318001,0.3280585499907532,11.569211084968158,0.07000000000000006,True,1.23,False,0.00040425875222692295,2.0,True,4.712390507313895,9.582090238800468,0.4917914974576377,0.6708100122079805,2084.327624589131,7.449619902045017,1.23,0.00047628638314417196,259.01406374416223,615.8730827022056,0.0,nan
pd,20.0,1.0,replay,27,"demo_00 -10,-15 deg",demo_00,0.06352386802503293,0.16022029650939637,8.13581746360683,-0.05999999999999983,True,1.1,False,4.56687546920646e-12,2.0,True,0.6987497372868713,9.582090238800468,0.07292247514612679,0.6490840257720212,1499.9999942598195,7.431034260523862,1.1,4.773959005888173e-15,871.2683755441311,7403.568841252612,0.0,nan
pd,20.0,1.0,esn,28,"demo_00 -10,-12.5 deg",,0.05566119599787205,0.2856845578367918,10.141512814532717,0.05999999999999983,True,1.21,False,0.00036797913955924393,2.0,True,4.11713198426687,8.48223193744255,0.4853830942882956,0.5861040342750381,1804.5220555923077,6.538661420421792,1.21,0.0004829059809117787,224.24334121996066,533.704276669986,0.0,nan
pd,20.0,1.0,replay,28,"demo_00 -10,-12.5 deg",demo_00,0.0587318241141657,0.14227326961315304,7.295446871570614,-0.050000000000000044,True,1.1,False,4.56687546920646e-12,2.0,True,0.615593768522466,8.48223193744255,0.07257450315701595,0.5738722466149151,1249.9999942597947,6.821134912482301,1.1,4.773959005888173e-15,871.2683755441311,7241.085871620547,0.0,nan
pd,20.0,1.0,esn,29,"demo_00 -10,-10 deg",,0.04857879781600984,0.24321772238300998,8.751550507591489,0.04999999999999982,True,1.2,False,0.00032117110579103753,2.0,True,3.485440438063424,7.347989614561788,0.4743393255695673,0.5040813481274893,1526.356342717695,5.706948026397092,1.2,0.0004894923617966017,189.6763994225323,679.769287979703,0.0,nan
pd,20.0,1.0,replay,29,"demo_00 -10,-10 deg",demo_00,0.05428607776168831,0.12263280335511854,6.498672497496745,-0.050000000000000044,True,1.1,False,4.56687546920646e-12,2.0,True,0.5355598294145448,7.347989614561788,0.07288521861179631,0.5014856455829448,1000.0000148618514,6.250328581470622,1.1,4.773959005888173e-15,871.2683755441311,7103.139376873674,0.0,nan
pd,20.0,1.0,esn,30,"demo_00 -10,-7.5 deg",,0.04273403990424716,0.20086215728899812,7.494851617197593,0.029999999999999805,True,1.18,False,0.0002831356100680455,2.0,True,2.883306392684761,6.283607093735563,0.4588616617291795,0.42586615354977025,1249.9350844730388,4.996787584546127,1.18,0.0004960391847516444,299.90546065431727,1054.8638854611268,0.0,nan
pd,20.0,1.0,replay,30,"demo_00 -10,-7.5 deg",demo_00,0.05025578064662797,0.1013675684914646,5.815422396841197,-0.050000000000000044,True,1.1,False,4.56687546920646e-12,2.0,True,0.4603326459590834,6.283607093735563,0.07325929821710395,0.433910175942823,1000.0000148618514,5.729407139861293,1.1,4.773959005888173e-15,871.2683755441311,6989.12703729686,0.0,nan
pd,20.0,1.0,esn,31,"demo_00 -10,-5 deg",,0.03845053288689882,0.1592239438586028,6.474900709731314,0.019999999999999796,True,1.16,False,0.0002444880347213912,2.0,True,2.2920922929375167,5.371905275532018,0.4266814426861827,0.3539844213847654,975.3509017725349,4.44798763707955,1.16,0.0005025429242376579,410.8078138707999,1658.5197505953408,0.0,nan
pd,20.0,1.0,replay,31,"demo_00 -10,-5 deg",demo_00,0.046731028606429914,0.0786714528099194,5.315589744595478,-0.040000000000000036,True,1.1,False,4.56687546920646e-12,2.0,True,0.3928179785320367,5.371905275532018,0.07312451697933807,0.3743160345306638,1000.0000148618514,5.272703874930821,1.1,4.773959005888173e-15,871.2683755441311,6898.528032611615,0.0,nan
pd,20.0,1.0,esn,32,"demo_00 -10,-2.5 deg",,0.03603027500981334,0.11898584704128118,5.745534892018013,0.0,True,1.1400000000000001,False,0.0002059200002024731,2.0,True,1.7413766467067282,4.5715470818324935,0.3809162665363389,0.29361993423899174,702.6841662824754,4.098498142637802,1.1400000000000001,0.0005090034295063754,521.5782251008197,2489.038027705101,0.0,nan
pd,20.0,1.0,replay,32,"demo_00 -10,-2.5 deg",demo_00,0.04382302472476292,0.05485268063171609,5.005819154656308,-0.040000000000000036,True,1.1,False,4.56687546920646e-12,2.0,True,0.33932578156692683,4.5715470818324935,0.07422559048236006,0.32759893360158565,1000.0000148618514,4.898274533297692,1.1,4.773959005888173e-15,871.2683755441311,6830.905797764579,0.0,nan
pd,20.0,1.0,esn,33,"demo_00 -10,+0 deg",,0.03559595465223413,0.08144142898302249,5.466025596231234,-0.010000000000000009,True,1.1300000000000001,False,0.00015962975039918813,1.9999999999999998,True,1.2867550829078833,4.000538462351017,0.3216454722326778,0.25416196038229727,725.5424614119612,3.9785018515367203,1.1300000000000001,0.0005154243820496682,632.1421923478869,3543.5342036769553,0.0,nan
pd,20.0,1.0,replay,33,"demo_00 -10,+0 deg",demo_00,0.041657973298293634,0.03050281586606808,4.954706204576907,-0.040000000000000036,True,1.1,False,4.56687546920646e-12,2.0,True,0.31713515434514816,4.000538462351017,0.07927311718902355,0.30024796866055836,1000.0000148618514,4.626818157778135,1.1,4.773959005888173e-15,871.2683755441311,6785.9108898026225,0.0,nan
pd,20.0,1.0,esn,34,"demo_00 -10,+2.5 deg",,0.03697086890349255,0.0486223072204232,5.699005894241284,-0.030000000000000027,True,1.11,False,0.00012580858597383072,1.9999999999999998,True,1.057034767130768,3.720676610262821,0.2840974580309202,0.24727673058925337,852.1233285393529,4.086439342378111,1.11,0.0005218136264222967,742.4280971858846,4817.99466472889,0.0,nan
pd,20.0,1.0,replay,34,"demo_00 -10,+2.5 deg",demo_00,0.04036121561042888,0.006423102827571396,5.17261231597883,-0.040000000000000036,True,1.1,False,4.56687546920646e-12,2.0,True,0.3271348510105323,3.720676610262821,0.08792348416096936,0.29791782793050237,1000.0000148618514,4.4784492549851835,1.1,4.773959005888173e-15,871.2683755441311,6763.283809145395,0.0,nan
pd,20.0,1.0,esn,35,"demo_00 -10,+5 deg",,0.039739733091952105,0.03488005895500903,6.384852682087031,-0.040000000000000036,True,1.1,False,9.167234493980277e-05,2.0,True,1.0912134536588396,4.2628121970554735,0.2559844072916448,0.2768735808642132,978.3063399022093,4.38542084123227,1.1,0.0005281833561751913,852.3673628833653,6307.345697470557,0.0,nan
pd,20.0,1.0,replay,35,"demo_00 -10,+5 deg",demo_00,0.04003198942155478,0.027296710970166872,5.630751986704016,-0.040000000000000036,True,1.1,False,4.56687546920646e-12,2.0,True,0.359004078994002,4.2628121970554735,0.084217662519119,0.32126737240943715,1000.0000148618514,4.4674473140367725,1.1,4.773959005888173e-15,871.2683755441311,6762.857551960897,0.0,nan
pd,20.0,1.0,esn,36,"demo_00 -10,+7.5 deg",,0.04342814750913315,0.06697643651410991,7.3950891534876595,-0.050000000000000044,True,1.09,False,8.007356726185526e-05,1.9999999999999998,True,1.3318156015464102,5.208742494885825,0.2556885088587209,0.33468940172685496,1104.0163921876372,4.8219044961681385,1.09,0.0005345501438060075,961.8945542998815,8005.536200752805,0.0,nan
pd,20.0,1.0,replay,36,"demo_00 -10,+7.5 deg",demo_00,0.04071737099204483,0.052007063295606504,6.278779244205296,-0.040000000000000036,True,1.1,False,4.56687546920646e-12,2.0,True,0.4118671262052675,5.208742494885825,0.07907227639102087,0.3653898945709236,1000.0000148618514,4.597354431664477,1.1,4.773959005888173e-15,871.2683755441311,6784.559595092388,0.0,nan
pd,20.0,1.0,esn,37,"demo_00 -10,+10 deg",,0.04763205713656871,0.1003712641149314,8.576225488604146,-0.06000000000000005,True,1.09,False,9.670945293243822e-05,1.9999999999999998,True,1.678244554744057,6.236982057553702,0.26907958677089827,0.41004257316104786,1229.1820406908305,5.346040310756786,1.09,0.0005409348108018046,1070.9474239244587,9905.635915293758,0.0,nan
pd,20.0,1.0,replay,37,"demo_00 -10,+10 deg",demo_00,0.04239960239644156,0.07680304311257279,7.0359598579162785,-0.050000000000000044,True,1.1,False,4.56687546920646e-12,2.0,True,0.48065600827953225,6.236982057553702,0.07706547875945909,0.42373436909778583,1000.0000148618514,4.859860223671603,1.1,4.773959005888173e-15,871.2683755441311,6828.412932508753,0.0,nan
pd,20.0,1.0,esn,38,"demo_00 -10,+12.5 deg",,0.05205143274842374,0.13329073544555095,9.917000480593222,-0.050000000000000044,True,1.1,False,0.00013974036097809294,2.0,True,2.064616643357475,7.395006322751494,0.27919065288767503,0.4959128359807493,1353.7354971174407,5.919999388609371,1.1,0.0005473621408616227,1179.4669099608775,11999.951497984872,0.0,nan
pd,20.0,1.0,replay,38,"demo_00 -10,+12.5 deg",demo_00,0.04500483040511683,0.1007381283516947,7.919363910822954,-0.050000000000000044,True,1.1,False,4.56687546920646e-12,2.0,True,0.5585597072445778,7.395006322751494,0.0755320121263604,0.4910809803542826,1250.0000057404905,5.238320199320751,1.1,4.773959005888173e-15,871.2683755441311,6894.53569597852,0.0,nan
pd,20.0,1.0,esn,39,"demo_00 -10,+15 deg",,0.05647430467614029,0.16509440290060468,11.337413627667132,-0.030000000000000027,True,1.12,False,0.00019851919011639816,2.0,True,2.4533416096426435,8.60959182713233,0.2849544622906704,0.588463769520613,1477.6125802156362,6.5175473493309735,1.12,0.0005538604455652027,1287.3970933149462,14280.163177416198,0.0,nan
pd,20.0,1.0,replay,39,"demo_00 -10,+15 deg",demo_00,0.048426903275773765,0.123383639018305,8.873605201683391,-0.050000000000000044,True,1.1,False,4.56687546920646e-12,2.0,True,0.6402909594578919,8.60959182713233,0.07436949071616547,0.5639931567755546,1500.0000057405152,5.713135507387291,1.1,4.773959005888173e-15,871.2683755441311,6983.138808719123,0.0,nan
pd,20.0,1.0,esn,40,"demo_00 -7.5,-15 deg",,0.06069067376563848,0.32636722613857505,10.998928739042672,0.07999999999999985,True,1.23,False,0.00038364720415194777,2.0,True,4.515933838064155,9.126774210355928,0.49480065289004693,0.6350622566369508,1980.046281377054,7.0448087310159435,1.23,0.0004904134271214375,246.05528789749806,827.0810432851857,0.0,nan
pd,20.0,1.0,replay,40,"demo_00 -7.5,-15 deg",demo_00,0.05688874535909354,0.17174731942702695,7.606711231353293,-0.050000000000000044,True,1.1,False,4.56687546920646e-12,2.0,True,0.658771799505015,9.126774210355928,0.07218013553545816,0.5788360805966669,1499.9999942598195,6.683169329088941,1.1,4.773959005888173e-15,653.4512848952394,4343.002833460061,0.0,nan
pd,20.0,1.0,esn,41,"demo_00 -7.5,-12.5 deg",,0.05178033568583002,0.2822343762153292,9.439173695269083,0.05999999999999983,True,1.21,False,0.00034333813552112405,2.0,True,3.91243357988047,7.8924157718108505,0.4957206631022169,0.5473636894561553,1699.536537541402,6.043347612966504,1.21,0.0004967399106905721,211.19705936683232,448.9722473836658,0.0,nan
pd,20.0,1.0,replay,41,"demo_00 -7.5,-12.5 deg",demo_00,0.051325481795790925,0.1518629925289021,6.627858107368723,-0.050000000000000044,True,1.1,False,4.56687546920646e-12,2.0,True,0.5730153900797786,7.8924157718108505,0.07260329494125281,0.5034197372072264,1249.9999942597947,5.996724968223074,1.1,4.773959005888173e-15,653.4512848952394,4198.060105970357,0.0,nan
pd,20.0,1.0,esn,42,"demo_00 -7.5,-10 deg",,0.043665051455211164,0.23769754044579583,7.975492298725489,0.05999999999999983,True,1.2,False,0.00029410423958070814,2.0,True,3.2701471183210753,6.740215512319023,0.4851695190375235,0.4618015453563385,1420.7031401473932,5.117388735639673,1.2,0.0005030321945526668,176.54714612162041,299.3113619392114,0.0,nan
pd,20.0,1.0,replay,42,"demo_00 -7.5,-10 deg",demo_00,0.04609278271167493,0.13007994480989626,5.731893184568221,-0.040000000000000036,True,1.1,False,4.56687546920646e-12,2.0,True,0.48883497222211914,6.740215512319023,0.07252512495018601,0.42999442795390946,999.9999942597702,5.34533794408332,1.1,4.773959005888173e-15,653.4512848952394,4076.833333614812,0.0,nan
pd,20.0,1.0,esn,43,"demo_00 -7.5,-7.5 deg",,0.036619810051218435,0.1931272416363329,6.573723950639237,0.039999999999999813,True,1.18,False,0.000251551212286978,2.0,True,2.6518994589815095,5.572951719560627,0.4758518631470552,0.37915954259043555,1143.6530429348823,4.294952877141922,1.18,0.0005092853628599756,142.18455884003535,379.4256594622747,0.0,nan
pd,20.0,1.0,replay,43,"demo_00 -7.5,-7.5 deg",demo_00,0.04129166748191447,0.10645717486326534,4.902057504570533,-0.040000000000000036,True,1.1,False,4.56687546920646e-12,2.0,True,0.4076437678314615,5.572951719560627,0.07314683283558039,0.36039600178424225,750.0000148618233,4.742573155618144,1.1,4.773959005888173e-15,653.4512848952394,3978.792082670743,0.0,nan
pd,20.0,1.0,esn,44,"demo_00 -7.5,-5 deg",,0.03107990795694027,0.14907151178452646,5.351870678757318,0.019999999999999796,True,1.16,False,0.0002080697600489004,2.0,True,2.038884567069986,4.49589082033599,0.45349957295395676,0.3016511390959193,868.480924495835,3.6223608112431656,1.16,0.0005154972650192672,252.9988047012209,689.3764106452762,0.0,nan
pd,20.0,1.0,replay,44,"demo_00 -7.5,-5 deg",demo_00,0.03707153135462309,0.0812338913887556,4.226801283618198,-0.040000000000000036,True,1.1,False,4.56687546920646e-12,2.0,True,0.3334719798466868,4.49589082033599,0.07417261521083056,0.2979440757776526,750.0000148618233,4.208970081317163,1.1,4.773959005888173e-15,653.4512848952394,3903.4808187832273,0.0,nan
pd,20.0,1.0,esn,45,"demo_00 -7.5,-2.5 deg",,0.027629191186220207,0.10659746119247068,4.455891293987854,0.0,True,1.1400000000000001,False,0.00016428397113186743,2.0,True,1.461823865026206,3.5776302118395775,0.40860116291184617,0.23483834858998215,595.268893459991,3.1680981475113255,1.1400000000000001,0.0005216690704234946,363.663733587298,1227.9923402668153,0.0,nan
pd,20.0,1.0,replay,45,"demo_00 -7.5,-2.5 deg",demo_00,0.033641317933255074,0.0546195086670395,3.793483649359716,-0.040000000000000036,True,1.1,False,4.56687546920646e-12,2.0,True,0.27022574413321654,3.5776302118395775,0.07553205002544673,0.2486854007114464,750.0000148618233,3.7742347522799844,1.1,4.773959005888173e-15,653.4512848952394,3850.5211163035865,0.0,nan
pd,20.0,1.0,esn,46,"demo_00 -7.5,+0 deg",,0.02674576775018506,0.0673084907761785,4.117750860012806,-0.010000000000000009,True,1.12,False,0.00012140480835454421,2.0,True,1.0025512236352145,2.9439415675816205,0.34054725632981464,0.19148543177022911,544.1553927815753,3.0031604315814158,1.12,0.0005278057193890984,474.1053780662984,1992.9136638154537,0.0,nan
pd,20.0,1.0,replay,46,"demo_00 -7.5,+0 deg",demo_00,0.03126210618087869,0.027286396585363627,3.7082186310406975,-0.030000000000000027,True,1.1,False,4.56687546920646e-12,2.0,True,0.230548773272722,2.9439415675816205,0.07831295831802547,0.22208591592028704,750.0000148618233,3.4767132054548435,1.1,4.773959005888173e-15,653.4512848952394,3819.613880591138,0.0,nan
pd,20.0,1.0,esn,47,"demo_00 -7.5,+2.5 deg",,0.028356720249497806,0.03395695770203688,4.43035008508706,-0.030000000000000027,True,1.1,False,8.28630655022241e-05,2.0,True,0.819969559693732,2.65161482227211,0.3092340383702933,0.19017600974779283,670.5772881311493,3.1457579422371613,1.1,0.0005339162449578106,584.2527758237374,2980.6467746888475,0.0,nan
pd,20.0,1.0,replay,47,"demo_00 -7.5,+2.5 deg",demo_00,0.030195085579314655,0.005230040185802845,3.9690441727855412,-0.030000000000000027,True,1.1,False,4.56687546920646e-12,2.0,True,0.24644829071832328,2.65161482227211,0.0929427187720829,0.2265866344925248,750.0000148618233,3.3550133497462102,1.1,4.773959005888173e-15,653.4512848952394,3810.5414315791704,0.0,nan
pd,20.0,1.0,esn,48,"demo_00 -7.5,+5 deg",,0.03181260508459956,0.042513967700315895,5.268204908138682,-0.050000000000000044,True,1.09,False,5.330535888247334e-05,1.9999999999999998,True,0.9580783618400005,3.4683880323559872,0.2762315960331585,0.23323649400831284,796.5836247922248,3.5350743747480324,1.09,0.0005400139468819197,694.0381104430861,4186.6300487745775,0.0,nan
pd,20.0,1.0,replay,48,"demo_00 -7.5,+5 deg",demo_00,0.03060099416870782,0.03145846669439814,4.513470484499309,-0.040000000000000036,True,1.1,False,4.56687546920646e-12,2.0,True,0.29312857451538404,3.4683880323559872,0.08451435415554392,0.2606964657354808,750.0000148618233,3.4305204131308735,1.1,4.773959005888173e-15,653.4512848952394,3823.169238904476,0.0,nan
pd,20.0,1.0,esn,49,"demo_00 -7.5,+7.5 deg",,0.036353783371061626,0.07786848453764329,6.453000436100485,-0.050000000000000044,True,1.09,False,6.599698487949817e-05,1.9999999999999998,True,1.2808209071580414,4.540546377596946,0.2820851943011994,0.30363574592483433,922.1002699107873,4.080791776406423,1.09,0.0005461164064010827,803.3967923140126,5605.311712864368,0.0,nan
pd,20.0,1.0,replay,49,"demo_00 -7.5,+7.5 deg",demo_00,0.032457225877139534,0.05891238300222789,5.283841219506094,-0.040000000000000036,True,1.1,False,4.56687546920646e-12,2.0,True,0.3609170305904605,4.540546377596946,0.07948757717159877,0.31491240630970196,750.0000148618233,3.6942602816578383,1.1,4.773959005888173e-15,653.4512848952394,3857.4470345307027,0.0,nan
pd,20.0,1.0,esn,50,"demo_00 -7.5,+10 deg",,0.04141589811350915,0.11318154934487319,7.814133747451519,-0.06000000000000005,True,1.08,False,0.00011141539440787241,2.0,True,1.6892762456976456,5.723848330371508,0.2951294563019986,0.38784582911315674,1047.056824227615,4.7113612365259065,1.08,0.0005522453378211776,912.2674847892075,7230.241252071109,0.0,nan
pd,20.0,1.0,replay,50,"demo_00 -7.5,+10 deg",demo_00,0.03557687228831783,0.08550020828472257,6.187289046946139,-0.040000000000000036,True,1.1,False,4.56687546920646e-12,2.0,True,0.43979314714667567,5.723848330371508,0.07683522025087111,0.3806232216802457,1000.0000057404657,4.113529182216045,1.1,4.773959005888173e-15,653.4512848952394,3913.4089597626644,0.0,nan
pd,20.0,1.0,esn,51,"demo_00 -7.5,+12.5 deg",,0.046643862209144155,0.14721942266468646,9.270773163429704,-0.050000000000000044,True,1.09,False,0.00016798311598065362,1.9999999999999998,True,2.1073962608606025,6.971047485370299,0.3023069725580357,0.4795460758805509,1171.3865968459381,5.381816954171711,1.09,0.000558426280087253,1020.592082200241,9054.17635481383,0.0,nan
pd,20.0,1.0,replay,51,"demo_00 -7.5,+12.5 deg",demo_00,0.03970699741061469,0.11063933507368552,7.175178078801887,-0.040000000000000036,True,1.1,False,4.56687546920646e-12,2.0,True,0.5231218808050367,6.971047485370299,0.07504207680450892,0.45267758565440036,1250.0000057404905,4.649868378987684,1.1,4.773959005888173e-15,653.4512848952394,3991.172333313315,0.0,nan
pd,20.0,1.0,esn,52,"demo_00 -7.5,+15 deg",,0.05182082372705178,0.17955058236856714,10.735136943468607,-0.050000000000000044,True,1.1,False,0.00022820336363802376,2.0,True,2.528902182118866,8.188533735092438,0.30883455621378325,0.5759036487685544,1295.0265333429854,6.099530300674481,1.1,0.0005646881380569901,1128.3156472234316,11069.207833221762,0.0,nan
pd,20.0,1.0,replay,52,"demo_00 -7.5,+15 deg",demo_00,0.04461400484097549,0.13403946619650509,8.182930945385122,-0.050000000000000044,True,1.1,False,4.56687546920646e-12,2.0,True,0.6099681922995364,8.188533735092438,0.07449052687973699,0.5282767750319899,1500.0000057405152,5.271049769281991,1.1,4.773959005888173e-15,653.4512848952394,4090.9345614155836,0.0,nan
pd,20.0,1.0,esn,53,"demo_00 -5,-15 deg",,0.05866377029587732,0.323543751207122,10.56431175071684,0.08999999999999986,True,1.23,False,0.0003638721395409387,2.0,True,4.3270811790369255,8.690804127997184,0.49789192292314516,0.6024547294615644,1875.6192045161918,6.740385728540231,1.23,0.0005044717122436111,347.8350861399369,1492.563408986213,0.0,nan
pd,20.0,1.0,replay,53,"demo_00 -5,-15 deg",demo_00,0.05146264706622481,0.18316831854249102,7.257414367299101,-0.040000000000000036,True,1.1,False,4.56687546920646e-12,2.0,True,0.6316646459330761,8.690804127997184,0.07268195631037018,0.5247347427375975,1499.9999942598195,6.055825732315964,1.1,4.773959005888173e-15,435.6341942463477,2142.9983430347806,0.0,nan
pd,20.0,1.0,esn,54,"demo_00 -5,-12.5 deg",,0.049015239361612256,0.2772886930560337,8.9283905064638,0.06999999999999984,True,1.21,False,0.0003193974241479917,2.0,True,3.7168136086520134,7.432521381958587,0.5000743916693011,0.512665429869936,1594.415049576466,5.666777925687795,1.21,0.0005105145076694826,237.09178040118178,817.1097745293171,0.0,nan
pd,20.0,1.0,replay,54,"demo_00 -5,-12.5 deg",demo_00,0.04506882184476454,0.1610892651261197,6.180023829365231,-0.040000000000000036,True,1.1,False,4.56687546920646e-12,2.0,True,0.5441590120520503,7.432521381958587,0.07321324542340649,0.4490120904180939,1249.9999942597947,5.288647578450227,1.1,4.773959005888173e-15,435.6341942463477,2014.2684879998542,0.0,nan
pd,20.0,1.0,esn,55,"demo_00 -5,-10 deg",,0.039941124892392516,0.23041288888934394,7.32728015208549,0.05999999999999983,True,1.2,False,0.0002676888739648927,2.0,True,3.064853578064356,6.165456649857062,0.49710082352706353,0.42450524352594776,1314.9230802776522,4.647157059230225,1.2,0.0005165230746180646,163.40212858851382,370.24402463500263,0.0,nan
pd,20.0,1.0,replay,55,"demo_00 -5,-10 deg",demo_00,0.03892385009309404,0.13687550880599117,5.133408013141156,-0.040000000000000036,True,1.1,False,4.56687546920646e-12,2.0,True,0.4563023338463609,6.165456649857062,0.07400949512100448,0.37428847376807456,999.9999942597702,4.546103744049099,1.1,4.773959005888173e-15,435.6341942463477,1908.0530545544304,0.0,nan
pd,20.0,1.0,esn,56,"demo_00 -5,-7.5 deg",,0.0316439320439727,0.1833035665944347,5.811737925476471,0.04999999999999982,True,1.18,False,0.00022051813874081753,2.0,True,2.4300276095340276,4.957913960028026,0.49013105695773124,0.3383164615943696,1037.2524974202518,3.7021794361792097,1.18,0.0005224938001684511,128.89671533214877,153.81433974598164,0.0,nan
pd,20.0,1.0,replay,56,"demo_00 -5,-7.5 deg",demo_00,0.033138790114261414,0.11059588096516827,4.162650244620014,-0.030000000000000027,True,1.1,False,4.56687546920646e-12,2.0,True,0.36997683984536417,4.957913960028026,0.07462348940062541,0.3019584995171343,749.9999942597391,3.841590993713378,1.1,4.773959005888173e-15,435.6341942463477,1823.887627993155,0.0,nan
pd,20.0,1.0,esn,57,"demo_00 -5,-5 deg",,0.024545550786044305,0.13648943498632757,4.385561611381601,0.020000000000000018,True,1.1500000000000001,False,0.00017658320030919798,1.9999999999999998,True,1.8066846808663508,3.75368464849518,0.4813096597207853,0.2556736224041436,761.499941426944,2.875382119921119,1.1500000000000001,0.0005284257703975283,95.23528726574752,168.40065927643204,0.0,nan
pd,20.0,1.0,replay,57,"demo_00 -5,-5 deg",demo_00,0.027917505383819142,0.08242888020928674,3.2851741863884447,-0.030000000000000027,True,1.1,False,4.56687546920646e-12,2.0,True,0.2875883899859907,3.75368464849518,0.07661495754612269,0.23494328685449914,500.00001486179553,3.2000066456147764,1.1,4.773959005888173e-15,435.6341942463477,1761.3765777291287,0.0,nan
pd,20.0,1.0,esn,58,"demo_00 -5,-2.5 deg",,0.019516950283945476,0.09113099082045709,3.23782272755505,0.0,True,1.1300000000000001,False,0.00012739556076418816,1.9999999999999998,True,1.1865780211506969,2.6786179951776896,0.4429814267233666,0.18180811467693286,487.74917552666085,2.2603619878865393,1.1300000000000001,0.0005343213245979018,205.7803540595093,413.348333933332,0.0,nan
pd,20.0,1.0,replay,58,"demo_00 -5,-2.5 deg",demo_00,0.02362672426509488,0.052707360937237525,2.6466075220595635,-0.030000000000000027,True,1.1,False,4.56687546920646e-12,2.0,True,0.215253173655374,2.6786179951776896,0.08035978778717004,0.18001788288051304,500.00001486179553,2.667716822307703,1.1,4.773959005888173e-15,435.6341942463477,1720.1950581470646,0.0,nan
pd,20.0,1.0,esn,59,"demo_00 -5,+0 deg",,0.01786310520414287,0.049520609699990004,2.735594377202153,-0.020000000000000018,True,1.11,False,7.876949463949614e-05,1.9999999999999998,True,0.6938742405788957,1.8908796364316314,0.3669584394532582,0.1337555371290436,362.7876550873938,2.0152228967634045,1.11,0.0005401865041187255,316.0854062178436,886.8116611207439,0.0,nan
pd,20.0,1.0,replay,59,"demo_00 -5,+0 deg",demo_00,0.020854435026138027,0.022030132300387823,2.447688697245361,-0.030000000000000027,True,1.1,False,4.56687546920646e-12,2.0,True,0.1646073360523564,1.8908796364316314,0.08705331258577341,0.15162339017677445,500.00001486179553,2.3228948479764027,1.1,4.773959005888173e-15,435.6341942463477,1700.0909999829614,0.0,nan
pd,20.0,1.0,esn,60,"demo_00 -5,+2.5 deg",,0.01999350715937558,0.016817592610478674,3.1915470877745538,-0.030000000000000027,True,1.1,False,3.048272050381053e-05,2.0,True,0.5915500214263512,1.8423910691393575,0.32107733875560085,0.14300323884475577,489.0343863907301,2.226367820471636,1.1,0.0005460313698743711,426.08018908353125,1585.8071069214564,0.0,nan
pd,20.0,1.0,replay,60,"demo_00 -5,+2.5 deg",demo_00,0.02025728787064484,0.00994747849041588,2.788913504962522,-0.030000000000000027,True,1.1,False,4.56687546920646e-12,2.0,True,0.18257141697346208,1.8423910691393575,0.09909482304359371,0.16451295979670147,500.00001486179553,2.2561821862295433,1.1,4.773959005888173e-15,435.6341942463477,1700.8869518354288,0.0,nan
pd,20.0,1.0,esn,61,"demo_00 -5,+5 deg",,0.024612739976619412,0.05388589008136699,4.305805323258565,-0.050000000000000044,True,1.08,False,3.932247864602947e-05,2.0,True,0.87174687269967,2.8962570253240454,0.30099085304838763,0.20357138003796826,614.8480976966331,2.762536115195565,1.08,0.0005518701693983677,535.6976953250847,2506.2763945845886,0.0,nan
pd,20.0,1.0,replay,61,"demo_00 -5,+5 deg",demo_00,0.02204935526589148,0.04047217637101013,3.519854888794041,-0.030000000000000027,True,1.1,False,4.56687546920646e-12,2.0,True,0.24799157571499586,2.8962570253240454,0.08562485081490637,0.21137309778872274,500.00001486179553,2.4935798343014155,1.1,4.773959005888173e-15,435.6341942463477,1722.4815805456567,0.0,nan
pd,20.0,1.0,esn,62,"demo_00 -5,+7.5 deg",,0.03033691240056648,0.09217597464064929,5.69998880564719,-0.050000000000000044,True,1.08,False,9.112074816418147e-05,2.0,True,1.2802170264450201,4.112408088240441,0.31130593048531363,0.28576273450047346,740.1556786850791,3.453077919433958,1.08,0.0005577213416596333,644.8742262336884,3643.1601013931863,0.0,nan
pd,20.0,1.0,replay,62,"demo_00 -5,+7.5 deg",demo_00,0.025780450873368596,0.07020471556561697,4.45509403810195,-0.030000000000000027,True,1.1,False,4.56687546920646e-12,2.0,True,0.3288164413344156,4.112408088240441,0.07995715266553349,0.2753406974790745,750.000005740441,2.966599754496249,1.1,4.773959005888173e-15,435.6341942463477,1764.850583099505,0.0,nan
pd,20.0,1.0,esn,63,"demo_00 -5,+10 deg",,0.036422652759442474,0.12894096730491786,7.178512924748967,-0.06000000000000005,True,1.08,False,0.00014851150081904836,2.0,True,1.723880352601546,5.35504335643123,0.3219171606764346,0.3767570458906753,864.8878231058286,4.203992289116626,1.08,0.0005636073554580857,753.5493974661758,4990.482923670017,0.0,nan
pd,20.0,1.0,replay,63,"demo_00 -5,+10 deg",demo_00,0.030800264514220948,0.09830836548591892,5.469316479233794,-0.040000000000000036,True,1.1,False,4.56687546920646e-12,2.0,True,0.414843955701495,5.35504335643123,0.07746789859381459,0.34696266932633324,1000.0000057404657,3.586760412671297,1.1,4.773959005888173e-15,435.6341942463477,1828.0467030593732,0.0,nan
pd,20.0,1.0,esn,64,"demo_00 -5,+12.5 deg",,0.0425208286664528,0.16367995571489471,8.733370625391508,-0.06000000000000005,True,1.08,False,0.00020691550617922316,2.0,True,2.1743891751889683,6.667287798282184,0.3261279910174563,0.4723798469409779,1109.653221631525,4.972342965889983,1.08,0.0005695543845746339,861.6660965630939,6541.452295622236,0.0,nan
pd,20.0,1.0,replay,64,"demo_00 -5,+12.5 deg",demo_00,0.03663042842542682,0.12440144845688265,6.558387564470417,-0.040000000000000036,True,1.1,False,4.56687546920646e-12,2.0,True,0.5033047345218697,6.667287798282184,0.07548867691770339,0.42219395231517326,1250.0000057404905,4.2941850334366025,1.1,4.773959005888173e-15,435.6341942463477,1912.198484505299,0.0,nan
pd,20.0,1.0,esn,65,"demo_00 -5,+15 deg",,0.04845744412303542,0.19621222017901954,10.26942520395257,-0.06000000000000005,True,1.09,False,0.00026882733583427745,1.9999999999999998,True,2.6079606778161084,7.932950423380334,0.3287504066746483,0.5710254298357643,1368.119480862853,5.835392005043583,1.09,0.0005755918296115458,969.170400375612,8288.572512614932,0.0,nan
pd,20.0,1.0,replay,65,"demo_00 -5,+15 deg",demo_00,0.04298988263688375,0.1483399935974559,7.64745798456372,-0.050000000000000044,True,1.1,False,4.56687546920646e-12,2.0,True,0.5930577220069974,7.932950423380334,0.07475878334738006,0.4992091941008271,1500.0000057405152,5.0555649240462515,1.1,4.773959005888173e-15,435.6341942463477,2017.5073412041663,0.0,nan
pd,20.0,1.0,esn,66,"demo_00 -2.5,-15 deg",,0.057748966172539516,0.3195547203355795,10.246430996190549,0.08999999999999986,True,1.23,False,0.000344971522192254,2.0,True,4.149188141396582,8.120902212103429,0.5109269922266289,0.5726492806647042,1771.0796378000655,6.554369502214933,1.23,0.000518443495862377,505.20145094185267,2610.7162426784535,0.0,nan
pd,20.0,1.0,replay,66,"demo_00 -2.5,-15 deg",demo_00,0.0476582919921222,0.19406211353287064,7.082482422255398,-0.040000000000000036,True,1.1,False,4.56687546920646e-12,2.0,True,0.6083245663675125,8.120902212103429,0.07490849544535369,0.48742116619098086,1499.9999942598195,5.588987323850677,1.1,4.773959005888173e-15,217.81710359745597,805.1280064194428,0.0,nan
pd,20.0,1.0,esn,67,"demo_00 -2.5,-12.5 deg",,0.047571145568168924,0.27118496610884546,8.60247673736848,0.08999999999999986,True,1.22,False,0.00029196228444197127,2.0,True,3.5069877088901884,6.938359574781361,0.505449115326471,0.4818877953216028,1489.1916315805056,5.428586893291492,1.22,0.0005242119741538879,394.5208832150722,1636.5996619048608,0.0,nan
pd,20.0,1.0,replay,67,"demo_00 -2.5,-12.5 deg",demo_00,0.040496817374898665,0.16940451314869034,5.962626275894783,-0.030000000000000027,True,1.1,False,4.56687546920646e-12,2.0,True,0.5194784094722656,6.938359574781361,0.07487049408053131,0.41169759164672687,1249.9999942597947,4.748706576592891,1.1,4.773959005888173e-15,217.81710359745597,691.1379725643125,0.0,nan
pd,20.0,1.0,esn,68,"demo_00 -2.5,-10 deg",,0.037775160792320496,0.22178502730276342,6.9268398584405295,0.06999999999999984,True,1.2,False,0.0002419663023601514,2.0,True,2.8782981257458125,5.676262714408268,0.5070762701732817,0.3924082228892681,1209.0509377068215,4.337218630724742,1.2,0.0005299473551267094,283.78857735334157,891.142712674742,0.0,nan
pd,20.0,1.0,replay,68,"demo_00 -2.5,-10 deg",demo_00,0.03344444866091405,0.1423150881170733,4.817500922152856,-0.030000000000000027,True,1.1,False,4.56687546920646e-12,2.0,True,0.43035149273674533,5.676262714408268,0.07581599273838545,0.33612229600733934,999.9999942597702,3.917787910106259,1.1,4.773959005888173e-15,217.81710359745597,598.0796100604252,0.0,nan
pd,20.0,1.0,esn,69,"demo_00 -2.5,-7.5 deg",,0.02843253446209836,0.1717712896649791,5.294839839907521,0.05999999999999983,True,1.18,False,0.00019011138971211823,2.0,True,2.2302472509556175,4.439265681005834,0.5023910284302461,0.30412065793522547,930.7688903012507,3.2877172125635314,1.18,0.0005356471965411238,173.08568947369628,376.7032573880916,0.0,nan
pd,20.0,1.0,replay,69,"demo_00 -2.5,-7.5 deg",demo_00,0.026557447910316473,0.112868505788798,3.7034675903225547,-0.020000000000000018,True,1.1,False,4.56687546920646e-12,2.0,True,0.341154092825924,4.439265681005834,0.07684921726708335,0.26147520225738924,749.9999942597391,3.102839533364878,1.1,4.773959005888173e-15,217.81710359745597,525.5490799616915,0.0,nan
pd,20.0,1.0,esn,70,"demo_00 -2.5,-5 deg",,0.019732992388703206,0.1216119042534404,3.676025403972145,0.030000000000000027,True,1.1500000000000001,False,0.00013907313579708907,1.9999999999999998,True,1.5801638189757736,3.145426020257325,0.5023687757394788,0.21778753102981396,654.4439911450261,2.2999679211394612,1.1500000000000001,0.0005413116691802541,81.32608119744907,94.36836789816556,0.0,nan
pd,20.0,1.0,replay,70,"demo_00 -2.5,-5 deg",demo_00,0.019983525523105245,0.08127345387714632,2.6083377586521226,-0.020000000000000018,True,1.1,False,4.56687546920646e-12,2.0,True,0.25216248178372147,3.145426020257325,0.08016799001462199,0.1895994066709162,499.999994259708,2.320542857385999,1.1,4.773959005888173e-15,217.81710359745597,473.20575328324645,0.0,nan
pd,20.0,1.0,esn,71,"demo_00 -2.5,-2.5 deg",,0.012342763587430921,0.07242704614889613,2.1887591422700408,0.010000000000000009,True,1.1300000000000001,False,8.478062301169636e-05,1.9999999999999998,True,0.912591190995113,1.8929585974569376,0.4820978082780668,0.13735640936614982,380.1615721044548,1.4439168605977297,1.1300000000000001,0.0005469441149137334,47.92010816253891,43.98846351051807,0.0,nan
pd,20.0,1.0,replay,71,"demo_00 -2.5,-2.5 deg",demo_00,0.014156031529361072,0.04793155958244572,1.6442226961507636,-0.020000000000000018,True,1.1,False,4.56687546920646e-12,2.0,True,0.16749873932151743,1.8929585974569376,0.08848515733336201,0.1262228184947478,250.0000148617692,1.6201200585109536,1.1,4.773959005888173e-15,217.81710359745597,440.7743337420541,0.0,nan
pd,20.0,1.0,esn,72,"demo_00 -2.5,+0 deg",,0.008948122528051529,0.0274005417796932,1.3500808319974795,-0.010000000000000009,True,1.11,False,3.0359197011761463e-05,1.9999999999999998,True,0.3569636279472676,0.8980090771678382,0.39750558989121554,0.08443636631362393,181.43028550149867,1.0143209383024863,1.11,0.000552551498150749,158.07446777411903,224.22068147667068,0.0,nan
pd,20.0,1.0,replay,72,"demo_00 -2.5,+0 deg",demo_00,0.010434041853557388,0.013525403185734508,1.2007309795360388,-0.020000000000000018,True,1.1,False,4.56687546920646e-12,2.0,True,0.104729399658131,0.8980090771678382,0.1166239877980176,0.09207462499801795,250.0000148617692,1.1643455604334492,1.1,4.773959005888173e-15,217.81710359745597,428.04702050919377,0.0,nan
pd,20.0,1.0,esn,73,"demo_00 -2.5,+2.5 deg",,0.012477905545696437,0.02800582090778946,2.1356754295400804,-0.030000000000000027,True,1.09,False,2.38843762397873e-05,1.9999999999999998,True,0.4377181408028846,1.3426102757979932,0.32602025226026415,0.11296273278911796,307.48588343226135,1.39988117254027,1.09,0.0005581447241735833,267.9027221792472,632.5810286621174,0.0,nan
pd,20.0,1.0,replay,73,"demo_00 -2.5,+2.5 deg",demo_00,0.011218765498273449,0.021067943325151908,1.7443345989048882,-0.020000000000000018,True,1.1,False,4.56687546920646e-12,2.0,True,0.14150649589457412,1.3426102757979932,0.10539655359815296,0.11695336086199801,250.0000148617692,1.261197335118547,1.1,4.773959005888173e-15,217.81710359745597,434.8855874480823,0.0,nan
pd,20.0,1.0,esn,74,"demo_00 -2.5,+5 deg",,0.019043535585713416,0.07029672049770637,3.5991450541835914,-0.040000000000000036,True,1.08,False,8.011230430047594e-05,2.0,True,0.8676255093075012,2.6081337614895856,0.3326614309888667,0.19090832429765195,433.0912655894985,2.1722128255691926,1.08,0.0005637388046494373,377.33871782456214,1265.5052209805078,0.0,nan
pd,20.0,1.0,replay,74,"demo_00 -2.5,+5 deg",demo_00,0.01590975112807425,0.054618432516441655,2.7439068649148766,-0.020000000000000018,True,1.1,False,4.56687546920646e-12,2.0,True,0.2262326442160358,2.6081337614895856,0.08674119692650556,0.17766796673402044,500.00000574040354,1.8294009094976877,1.1,4.773959005888173e-15,217.81710359745597,461.22321012187774,0.0,nan
pd,20.0,1.0,esn,75,"demo_00 -2.5,+7.5 deg",,0.02616535771663252,0.11060127471498947,5.168487890732762,-0.06000000000000005,True,1.07,False,0.0001363567022469399,2.0,True,1.340281194928049,3.9123409319262543,0.34257781166023205,0.2810031365170015,695.3017439935212,3.0248377299908467,1.07,0.0005693528581574459,486.3196877878014,2118.418563059173,0.0,nan
pd,20.0,1.0,replay,75,"demo_00 -2.5,+7.5 deg",demo_00,0.022204426271295805,0.08632689830075155,3.845982669725866,-0.030000000000000027,True,1.1,False,4.56687546920646e-12,2.0,True,0.3167023610432972,3.9123409319262543,0.08094958147918047,0.24922916379960258,750.000005740441,2.577775241844422,1.1,4.773959005888173e-15,217.81710359745597,507.06582155878914,0.0,nan
pd,20.0,1.0,esn,76,"demo_00 -2.5,+10 deg",,0.033249382070030926,0.14818304489268763,6.78765115692083,-0.06000000000000005,True,1.07,False,0.00019539218592237205,2.0,True,1.809386393578301,5.26196166850563,0.3438615686632619,0.375676452612972,958.5545075817853,3.885936570701255,1.07,0.000575009941198596,594.78623673361,3185.815728381865,0.0,nan
pd,20.0,1.0,replay,76,"demo_00 -2.5,+10 deg",demo_00,0.029130703069327225,0.11564422944628307,5.0018909950023085,-0.030000000000000027,True,1.1,False,4.56687546920646e-12,2.0,True,0.4087946641497222,5.26196166850563,0.07768864349515829,0.3244140733877079,1000.0000057404657,3.39256309306807,1.1,4.773959005888173e-15,217.81710359745597,572.4927236907745,0.0,nan
pd,20.0,1.0,esn,77,"demo_00 -2.5,+12.5 deg",,0.04011829581864042,0.18301965804425988,8.381460982734504,-0.07000000000000006,True,1.07,False,0.00025456658728859386,2.0,True,2.272082467467587,6.567441649231515,0.34596157664125626,0.4730577436363251,1219.5268859219714,4.775278933166238,1.07,0.0005807367127037343,702.682277670451,4461.35182766963,0.0,nan
pd,20.0,1.0,replay,77,"demo_00 -2.5,+12.5 deg",demo_00,0.03637773056776181,0.14237285111484926,6.15074319157188,-0.040000000000000036,True,1.1,False,4.56687546920646e-12,2.0,True,0.5013978835266659,6.567441649231515,0.0763459974684871,0.40102542158467297,1250.0000057404905,4.238769931587882,1.1,4.773959005888173e-15,217.81710359745597,657.656126156655,0.0,nan
pd,20.0,1.0,esn,78,"demo_00 -2.5,+15 deg",,0.046699727920239166,0.2153248423331206,10.006033234597817,-0.06000000000000005,True,1.08,False,0.0003162537603116315,2.0,True,2.7107110436001465,7.921503102770436,0.3421965513908734,0.5724643559422047,1478.2214482321701,5.689223615669536,1.08,0.00058656294202587,809.9549292832128,5937.946639938383,0.0,nan
pd,20.0,1.0,replay,78,"demo_00 -2.5,+15 deg",demo_00,0.043832330715492446,0.16651468532935762,7.33242787246114,-0.040000000000000036,True,1.1,False,4.56687546920646e-12,2.0,True,0.5940806116072803,7.921503102770436,0.0749959450750589,0.4781921778344751,1500.0000057405152,5.1035773867888015,1.1,4.773959005888173e-15,217.81710359745597,762.779232101195,0.0,nan
pd,20.0,1.0,esn,79,"demo_00 +0,-15 deg",,0.0580064992893455,0.3150724933033506,10.155738472417138,0.10999999999999988,True,1.24,False,0.0003235570826252259,2.0,True,3.955882899997053,7.5568923326608894,0.5234801193209709,0.5459915767682152,1666.4614198895692,6.501239873054375,1.24,0.0005323077743535447,662.4818650033629,4179.859151696027,0.0,nan
pd,20.0,1.0,replay,79,"demo_00 +0,-15 deg",demo_00,0.04587909788536169,0.20386008275859865,7.154478761793418,-0.030000000000000027,True,1.1,False,4.56687546920646e-12,2.0,True,0.5925034754720948,7.5568923326608894,0.07840570559822517,0.4662536775875584,1499.9999942598195,5.324635838293025,1.1,4.773959005888173e-15,186.40116339965581,330.7887642186251,0.0,nan
pd,20.0,1.0,esn,80,"demo_00 +0,-12.5 deg",,0.04757886255594545,0.2644940650323324,8.493872423359077,0.09999999999999987,True,1.22,False,0.00027155116974416054,2.0,True,3.3474606907100455,6.377246175289189,0.5249069267046521,0.4557342332944704,1383.9008514900504,5.352835951838414,1.22,0.0005378112741863621,551.878298136707,2905.848307612139,0.0,nan
pd,20.0,1.0,replay,80,"demo_00 +0,-12.5 deg",demo_00,0.03821789775764917,0.17619483252126222,6.000108894491282,-0.020000000000000018,True,1.1,False,4.56687546920646e-12,2.0,True,0.5006559665183496,6.377246175289189,0.07850660814354503,0.39123213197774087,1249.9999942597947,4.438694414754879,1.1,4.773959005888173e-15,155.3343027141568,229.908762233172,0.0,nan
pd,20.0,1.0,esn,81,"demo_00 +0,-10 deg",,0.037453247658451844,0.2126264129650355,6.7921333118010345,0.07999999999999985,True,1.2,False,0.00021698479405830124,2.0,True,2.7162787476232175,5.122756451871138,0.530237729070854,0.36677311063136,1103.1219470713395,4.230433418126767,1.2,0.0005432841862903961,441.2413299237747,1860.5063265004137,0.0,nan
pd,20.0,1.0,replay,81,"demo_00 +0,-10 deg",demo_00,0.030577355653938456,0.1457327180245783,4.810489215834824,-0.020000000000000018,True,1.1,False,4.56687546920646e-12,2.0,True,0.4084838517744501,5.122756451871138,0.07973907321423554,0.31609007780176424,999.9999942597702,3.5529859406164253,1.1,4.773959005888173e-15,124.26744202865777,147.99646985097087,0.0,nan
pd,20.0,1.0,esn,82,"demo_00 +0,-7.5 deg",,0.027630680504462764,0.1597403963050271,5.1172757100474815,0.06999999999999984,True,1.18,False,0.0001604425886705471,2.0,True,2.062373709433018,3.8891417906546457,0.5302901823710228,0.2788462884951531,824.2380559867922,3.1339702465680763,1.18,0.0005487250958132562,330.65185838365755,1046.688872917182,0.0,nan
pd,20.0,1.0,replay,82,"demo_00 +0,-7.5 deg",demo_00,0.022946334929461715,0.11254181314344153,3.6333985697900033,-0.010000000000000009,True,1.1,False,4.56687546920646e-12,2.0,True,0.3160970564486711,3.8891417906546457,0.08127681464538827,0.24130386335777262,749.9999942597391,2.6668746173040865,1.1,4.773959005888173e-15,93.20058134315873,84.70360402441423,0.0,nan
pd,20.0,1.0,esn,83,"demo_00 +0,-5 deg",,0.01811245396886452,0.10627050302005966,3.4175379835172084,0.040000000000000036,True,1.1500000000000001,False,0.000102675103489583,1.9999999999999998,True,1.3979880073675086,2.6022551723041376,0.5372217230063859,0.19242740988260013,547.3494375386042,2.0633951950360774,1.1500000000000001,0.0005541350918761886,220.1881092296906,465.97799690146246,0.0,nan
pd,20.0,1.0,replay,83,"demo_00 +0,-5 deg",demo_00,0.015313724026204185,0.07684506083929334,2.4319209258469923,-0.010000000000000009,True,1.1,False,4.56687546920646e-12,2.0,True,0.22362960863747028,2.6022551723041376,0.08593684855258063,0.1680389651789243,499.999994259708,1.7797363400053365,1.1,4.773959005888173e-15,62.13372065765956,39.74011420867238,0.0,nan
pd,20.0,1.0,esn,84,"demo_00 +0,-2.5 deg",,0.008900230786399194,0.05274780994140136,1.724651465554062,0.010000000000000009,True,1.12,False,4.555027451587096e-05,2.0,True,0.7045146521853063,1.3056205598504806,0.5396013771918444,0.11116950377639977,272.5429039356128,1.0186711999853153,1.12,0.0005595183340705577,109.92533589034262,118.7170432692361,0.0,nan
pd,20.0,1.0,replay,84,"demo_00 +0,-2.5 deg",demo_00,0.007668532730750447,0.03907225186521363,1.2291170748990143,-0.010000000000000009,True,1.1,False,4.56687546920646e-12,2.0,True,0.13132230173769294,1.3056205598504806,0.10058228690327299,0.1005859902233279,249.9999942596833,0.8909684000934375,1.1,4.773959005888173e-15,31.06685997216053,12.876750812657177,0.0,nan
pd,20.0,1.0,esn,85,"demo_00 +0,+2.5 deg",,0.008597148798209818,0.04834922570172718,1.6680081615482973,-0.030000000000000027,True,1.08,False,7.873565522948234e-05,2.0,True,0.49206406875027303,1.3499602816745566,0.36450262680313283,0.11251506913579792,270.54473245299215,0.9932918707523701,1.08,0.0005702391673444008,109.71242312734357,119.99388867897795,0.0,nan
pd,20.0,1.0,replay,85,"demo_00 +0,+2.5 deg",demo_00,0.007702284878647079,0.038543617827132524,1.2049064485369174,-0.010000000000000009,True,1.1,False,4.56687546920646e-12,2.0,True,0.13725447296519075,1.3499602816745566,0.10167297129285434,0.09959582292180255,250.00000574037884,0.8936967055293601,1.1,4.773959005888173e-15,31.066861398837524,12.853825165620252,0.0,nan
pd,20.0,1.0,esn,86,"demo_00 +0,+5 deg",,0.01687634616481065,0.09297910848104778,3.331292903960994,-0.050000000000000044,True,1.07,False,0.00013540033288102617,2.0,True,0.9837799265496827,2.6929104496170755,0.36532218391798865,0.19709348466537083,538.7200868522744,1.9605270260280678,1.07,0.0005756038684283473,218.9534501683537,463.4559528111304,0.0,nan
pd,20.0,1.0,replay,86,"demo_00 +0,+5 deg",demo_00,0.015448245529364564,0.07478029200486783,2.405993587680044,-0.020000000000000018,True,1.1,False,4.56687546920646e-12,2.0,True,0.2333591106582081,2.6929104496170755,0.0866568402567531,0.1670887438845637,500.00000574040354,1.7905939703472185,1.1,4.773959005888173e-15,62.133722084336554,39.56444595424592,0.0,nan
pd,20.0,1.0,esn,87,"demo_00 +0,+7.5 deg",,0.024837525273382347,0.13387590254479162,4.998478971518404,-0.06000000000000005,True,1.06,False,0.00019244068668495485,2.0,True,1.4719082307083629,4.054850195212392,0.3629994105445034,0.2887836564506687,804.6013524260944,2.9019098937645076,1.06,0.0005809962076082809,327.72568999748364,1030.342207380968,0.0,nan
pd,20.0,1.0,replay,87,"demo_00 +0,+7.5 deg",demo_00,0.023247166015928262,0.10801435435724019,3.6170287815548647,-0.020000000000000018,True,1.1,False,4.56687546920646e-12,2.0,True,0.3291781565578683,4.054850195212392,0.08118133610620998,0.24072413900360082,750.000005740441,2.6910959702087016,1.1,4.773959005888173e-15,93.20058276983558,84.12067574083525,0.0,nan
pd,20.0,1.0,esn,88,"demo_00 +0,+10 deg",,0.03247612006865263,0.17132505834385467,6.631647685902824,-0.07000000000000006,True,1.06,False,0.000250939862829875,2.0,True,1.9437516123382783,5.376867912810926,0.36150257805424146,0.38358106808210446,1068.1681022098426,3.8227954747486126,1.06,0.0005864396335519986,435.9707679491406,1815.6114406446457,0.0,nan
pd,20.0,1.0,replay,88,"demo_00 +0,+10 deg",demo_00,0.031107521215087485,0.13804341819638344,4.809773806108443,-0.030000000000000027,True,1.1,False,4.56687546920646e-12,2.0,True,0.4246552186074078,5.376867912810926,0.07897817567651684,0.31610056958693544,1000.0000057404657,3.5955248035245115,1.1,4.773959005888173e-15,124.26744345533459,146.63686515653802,0.0,nan
pd,20.0,1.0,esn,89,"demo_00 +0,+12.5 deg",,0.03978699053297448,0.20560775306365142,8.280059860304217,-0.07000000000000006,True,1.06,False,0.00030976222736689207,2.0,True,2.404966288221253,6.735418744753007,0.35706262362600066,0.48050956845464915,1329.4119569513866,4.756754364075986,1.06,0.0005919611108998185,543.633649665761,2813.3636636031492,0.0,nan
pd,20.0,1.0,replay,89,"demo_00 +0,+12.5 deg",demo_00,0.03903679123723271,0.16493356277258983,6.020526880605325,-0.030000000000000027,True,1.1,False,4.56687546920646e-12,2.0,True,0.519730737730473,6.735418744753007,0.07716383456267675,0.39204616257998026,1250.0000057404905,4.504106168158987,1.1,4.773959005888173e-15,155.33430414083395,227.30178076066676,0.0,nan
pd,20.0,1.0,esn,90,"demo_00 +0,+15 deg",,0.04676456279428133,0.23706852638967255,9.879335295087653,-0.07000000000000006,True,1.07,False,0.00037010567235290287,2.0,True,2.8412387191249158,8.028795054611413,0.3538810867382925,0.5791879278372688,1588.335900427937,5.683529335006859,1.07,0.0005975906205571588,650.6625183498662,4016.93531922312,0.0,nan
pd,20.0,1.0,replay,90,"demo_00 +0,+15 deg",demo_00,0.047041261585871165,0.18887171001800274,7.201705882244899,-0.040000000000000036,True,1.1,False,4.56687546920646e-12,2.0,True,0.6143474379583339,8.028795054611413,0.07651801220227657,0.46809969851892036,1500.0000057405152,5.41695460868251,1.1,4.773959005888173e-15,186.40116482633297,326.3785239840199,0.0,nan
pd,20.0,1.0,esn,91,"demo_00 +2.5,-15 deg",,0.05942864510308639,0.311117577433223,10.262037394153074,0.1299999999999999,True,1.25,False,0.000306580207462732,2.0,True,3.788954607456492,6.932563639303647,0.5465445114669124,0.5237998599140847,1561.7988901833792,6.588712856969794,1.25,0.0005460396523818588,819.6854296719305,6198.228915921765,0.0,nan
pd,20.0,1.0,replay,91,"demo_00 +2.5,-15 deg",demo_00,0.04635739280434825,0.21219511014100606,7.4349832687514885,-0.020000000000000018,True,1.1,False,4.56687546920646e-12,2.0,True,0.5738829176966157,6.932563639303647,0.08278076445530622,0.4591841631019818,1499.9999942598195,5.293241911019987,1.1,4.773959005888173e-15,217.81707770032764,721.1818961263472,0.0,nan
pd,20.0,1.0,esn,92,"demo_00 +2.5,-12.5 deg",,0.0490478449427321,0.25922856555300544,8.623028692001267,0.11999999999999988,True,1.23,False,0.00025153827338930115,2.0,True,3.1910275050151102,5.754825556150323,0.5544959571545623,0.4360864924927962,1278.5777085668415,5.452056617918375,1.23,0.0005512875108484117,709.1731214813185,4623.179800869048,0.0,nan
pd,20.0,1.0,replay,92,"demo_00 +2.5,-12.5 deg",demo_00,0.03863945174351278,0.1811146876141948,6.287502374425409,-0.010000000000000009,True,1.1,False,4.56687546920646e-12,2.0,True,0.47854697779428884,5.754825556150323,0.0831557747711143,0.3857843811080748,1249.9999942597947,4.408046339312369,1.1,4.773959005888173e-15,217.81707770032764,631.6133370672245,0.0,nan
pd,20.0,1.0,esn,93,"demo_00 +2.5,-10 deg",,0.039035254018013714,0.20718669023442926,6.953999818499889,0.09999999999999987,True,1.21,False,0.00019349984658526882,2.0,True,2.5710664741406752,4.507387300457787,0.5704117047761901,0.3503296982545737,997.1717038847336,4.349431740506629,1.21,0.0005565089016408836,598.6457464805267,3276.7516982446596,0.0,nan
pd,20.0,1.0,replay,93,"demo_00 +2.5,-10 deg",demo_00,0.031056079440441187,0.1469345664664492,5.113914643197657,-0.010000000000000009,True,1.1,False,4.56687546920646e-12,2.0,True,0.3832666239515323,4.507387300457787,0.08503077246381875,0.3128919961313597,999.9999942597702,3.5359081312221523,1.1,4.773959005888173e-15,217.81707770032764,558.6673845676562,0.0,nan
pd,20.0,1.0,esn,94,"demo_00 +2.5,-7.5 deg",,0.029456949535145504,0.15606717228793907,5.333643240242136,0.07999999999999985,True,1.18,False,0.0001316917038388851,2.0,True,1.944689372223188,3.2759776969961907,0.5936210658596096,0.2667067926728655,717.696119542008,3.288469287161779,1.18,0.000561703281636293,488.1838910121557,2162.2855145613235,0.0,nan
pd,20.0,1.0,replay,94,"demo_00 +2.5,-7.5 deg",demo_00,0.023709098860666255,0.11058670421171124,3.9745839217636396,0.0,True,1.1,False,4.56687546920646e-12,2.0,True,0.2882701750846305,3.2759776969961907,0.08799515801006558,0.24142865841227246,749.9999942597391,2.6888645400228097,1.1,4.773959005888173e-15,217.81707770032764,502.0467279569554,0.0,nan
pd,20.0,1.0,esn,95,"demo_00 +2.5,-5 deg",,0.020490857294093105,0.10711557929340222,3.7351839086966594,0.050000000000000044,True,1.1500000000000001,False,6.884178348153128e-05,1.9999999999999998,True,1.2911971435825662,1.996431528752648,0.646752530696254,0.18700745336648417,440.2528664617183,2.290132559065053,1.1500000000000001,0.0005668724766524638,377.8653173484065,1281.8455043971421,0.0,nan
pd,20.0,1.0,replay,95,"demo_00 +2.5,-5 deg",demo_00,0.016891041141201456,0.075685779037213,2.8540389233124643,0.0,True,1.1,False,4.56687546920646e-12,2.0,True,0.19411981992978378,1.996431528752648,0.09723339725608723,0.17367891930102583,499.999994259708,1.900918849780865,1.1,4.773959005888173e-15,217.81707770032764,461.5079656140718,0.0,nan
pd,20.0,1.0,esn,96,"demo_00 +2.5,-2.5 deg",,0.012769692731043423,0.06508399279656311,2.292334237849244,0.020000000000000018,True,1.12,False,3.234091255044846e-05,2.0,True,0.6354525771486347,0.7073414776894524,0.8983674748218576,0.11937407294774012,307.3274390571554,1.4301081772035484,1.12,0.0005720212611640301,267.7646746079861,636.2552301307816,0.0,nan
pd,20.0,1.0,replay,96,"demo_00 +2.5,-2.5 deg",demo_00,0.011579643585681318,0.04824801180891455,1.8590845211476352,0.0,True,1.1,False,4.56687546920646e-12,2.0,True,0.1032746417605694,0.7073414776894524,0.146003938717009,0.11687008063092102,249.9999942596833,1.2875904723823528,1.1,4.773959005888173e-15,217.81707770032764,436.8649375380087,0.0,nan
pd,20.0,1.0,esn,97,"demo_00 +2.5,+0 deg",,0.00897816143044652,0.05029409945131248,1.5200562318752289,-0.010000000000000009,True,1.09,False,8.098024899658743e-05,1.9999999999999998,True,0.3277659464876093,0.5903960363225216,0.5551628505658824,0.09634735733388036,181.29119861100358,1.0277441472663649,1.09,0.0005771578300985361,157.9532857667789,225.14157548477564,0.0,nan
pd,20.0,1.0,replay,97,"demo_00 +2.5,+0 deg",demo_00,0.010448622380977685,0.04474192563533352,1.3237111712151222,0.0,True,1.1,False,4.56687546920646e-12,2.0,True,0.09483155221182334,0.5903960363225216,0.1606236261383346,0.09407044967724434,249.99998513828822,1.1712462569732207,1.1,4.773959005888173e-15,217.81707770032764,427.99239966721984,0.0,nan
pd,20.0,1.0,esn,98,"demo_00 +2.5,+2.5 deg",,0.012502141655376445,0.080177668780158,2.2418045083316693,-0.040000000000000036,True,1.07,False,0.0001405720954082477,2.0,True,0.7282535521922437,1.8801197193375954,0.38734424446589094,0.14358452282773831,379.07030385634465,1.4572221453135015,1.07,0.0005822941350083544,48.499010130571634,46.98588880884927,0.0,nan
pd,20.0,1.0,replay,98,"demo_00 +2.5,+2.5 deg",demo_00,0.014557082165477832,0.06886336543322036,1.739916048607634,-0.010000000000000009,True,1.1,False,4.56687546920646e-12,2.0,True,0.18271324067294842,1.8801197193375954,0.09718170539550641,0.12556350239944386,250.00000574037884,1.6635539384900893,1.1,4.773959005888173e-15,217.81707770032764,434.82996405337116,0.0,nan
pd,20.0,1.0,esn,99,"demo_00 +2.5,+5 deg",,0.0193493959541241,0.12287618305174106,3.6554029477656957,-0.050000000000000044,True,1.06,False,0.00019850565555311193,2.0,True,1.19499349346305,3.181669085347461,0.3755869832492489,0.2212643051317494,647.6408679792115,2.2577246561828956,1.06,0.0005874460638683568,80.48067447897391,99.18165759322827,0.0,nan
pd,20.0,1.0,replay,99,"demo_00 +2.5,+5 deg",demo_00,0.021076924868966014,0.10255169646087886,2.70479522103841,-0.010000000000000009,True,1.1,False,4.56687546920646e-12,2.0,True,0.2759176711716516,3.181669085347461,0.08672104602025871,0.18544907244655942,500.00000574040354,2.4206965842670822,1.1,4.773959005888173e-15,217.81707770032764,457.386190769603,0.0,nan
pd,20.0,1.0,esn,100,"demo_00 +2.5,+7.5 deg",,0.026824465770927935,0.16254477507761483,5.196877774595595,-0.07000000000000006,True,1.05,False,0.00025646787727218336,2.0,True,1.6692707045182775,4.456120563634844,0.3746017821287713,0.3084014931453321,913.8760401267824,3.1357204773763026,1.05,0.000592633451313243,169.08441164109024,378.09853302526756,0.0,nan
pd,20.0,1.0,replay,100,"demo_00 +2.5,+7.5 deg",demo_00,0.02843679942033568,0.13595418501973855,3.8065209006818126,-0.020000000000000018,True,1.1,False,4.56687546920646e-12,2.0,True,0.37020688393662743,4.456120563634844,0.08307829167769437,0.25428365351458254,750.000005740441,3.265927776948045,1.1,4.773959005888173e-15,217.81707770032764,495.7426715211018,0.0,nan
pd,20.0,1.0,esn,101,"demo_00 +2.5,+10 deg",,0.034304565979209514,0.1986777496655814,6.797285656526943,-0.07000000000000006,True,1.05,False,0.00031392523809575925,2.0,True,2.1276093606486164,5.776323540623945,0.36833278913230627,0.3999088886685396,1177.7553288029148,4.023594792046106,1.05,0.0005978799138579206,277.0954299393418,879.1530121430035,0.0,nan
pd,20.0,1.0,replay,101,"demo_00 +2.5,+10 deg",demo_00,0.036168088482375654,0.16586078392155768,4.972709491623712,-0.020000000000000018,True,1.1,False,4.56687546920646e-12,2.0,True,0.4656499539330475,5.776323540623945,0.08061355127672593,0.3262880601954486,1000.0000057404657,4.147983973739444,1.1,4.773959005888173e-15,217.81707770032764,550.0578913143821,0.0,nan
pd,20.0,1.0,esn,102,"demo_00 +2.5,+12.5 deg",,0.04161197759992789,0.23159269117034526,8.376155252880674,-0.08000000000000007,True,1.05,False,0.00037193399940119057,2.0,True,2.578922092371505,7.050747946832506,0.36576574738146267,0.49422243987671316,1439.27052129269,4.926317530761999,1.05,0.0006032125123688305,384.5129174641444,1596.886612472069,0.0,nan
pd,20.0,1.0,replay,102,"demo_00 +2.5,+12.5 deg",demo_00,0.044114073343240044,0.19230677527008966,6.135501015839284,-0.030000000000000027,True,1.1,False,4.56687546920646e-12,2.0,True,0.5613112216077735,7.050747946832506,0.0796101670121307,0.39956559437551437,1250.0000057404905,5.049501685012377,1.1,4.773959005888173e-15,217.81707770032764,620.5705941241557,0.0,nan
pd,20.0,1.0,esn,103,"demo_00 +2.5,+15 deg",,0.048678250518460475,0.26156175863494435,9.945499012101482,-0.08000000000000007,True,1.06,False,0.0004302280100379654,2.0,True,3.0033840425492087,8.311541876891955,0.36135100887830746,0.5906887613660355,1698.4249788913314,5.833254732683683,1.06,0.0006086612513004815,491.2861394929063,2525.052893531804,0.0,nan
pd,20.0,1.0,replay,103,"demo_00 +2.5,+15 deg",demo_00,0.05221193760164996,0.21559328132327443,7.300750142298021,-0.040000000000000036,True,1.1,False,4.56687546920646e-12,2.0,True,0.6567593169204797,8.311541876891955,0.07901774744664711,0.47332793667471973,1500.0000057405152,5.963204916082133,1.1,4.773959005888173e-15,217.81707770032764,707.6023134662586,0.0,nan
pd,20.0,1.0,esn,104,"demo_00 +5,-15 deg",,0.061942540505615824,0.3108215384461272,10.617054242083302,0.15999999999999992,True,1.26,False,0.0002941411585016959,2.0,True,3.659001182775492,6.303718035010635,0.580451276921576,0.5086342390740665,1457.126789045068,6.815963332196863,1.26,0.000559609703366388,976.8216350467151,8663.974239111403,0.0,nan
pd,20.0,1.0,replay,104,"demo_00 +5,-15 deg",demo_00,0.04902613984356706,0.2189627080040545,7.936532839086333,0.0,True,1.1,False,4.56687546920646e-12,2.0,True,0.5516627748354606,6.303718035010635,0.08751387225309638,0.46327568306862615,1499.9999942598195,5.499337647044467,1.1,4.773959005888173e-15,435.63416834921946,1977.290672938046,0.0,nan
pd,20.0,1.0,esn,105,"demo_00 +5,-12.5 deg",,0.051863735488902885,0.26141441135604493,8.992759645998568,0.1399999999999999,True,1.24,False,0.00023626056627647752,2.0,True,3.07990392267945,5.0747277119413345,0.6069101826748521,0.4262420259879121,1173.2575320740284,5.722915190258304,1.24,0.0005646112967414533,866.4148372932705,6786.83124729023,0.0,nan
pd,20.0,1.0,replay,105,"demo_00 +5,-12.5 deg",demo_00,0.04167966963539935,0.18493976744748317,6.793065239480409,0.0,True,1.1,False,4.56687546920646e-12,2.0,True,0.45179757210057225,5.0747277119413345,0.08902892879108529,0.39248507526033694,1249.9999942597947,4.6635696028951825,1.1,4.773959005888173e-15,435.63416834921946,1897.0527285952915,0.0,nan
pd,20.0,1.0,esn,106,"demo_00 +5,-10 deg",,0.04232132426357297,0.2138830565861776,7.40901571629324,0.11999999999999988,True,1.22,False,0.00017495353134719665,2.0,True,2.4837401129568795,3.833980455516702,0.6478228415022392,0.3473220458600016,891.236061905375,4.6844436860905425,1.22,0.0005695923983268674,756.0112641541787,5138.209369884839,0.0,nan
pd,20.0,1.0,replay,106,"demo_00 +5,-10 deg",demo_00,0.0347445104971708,0.1510375612003375,5.678901768536248,0.0,True,1.1,False,4.56687546920646e-12,2.0,True,0.3527321520877689,3.833980455516702,0.09200155195893703,0.3237465824237781,999.9999942597702,3.8736044341061233,1.1,4.773959005888173e-15,435.63416834921946,1830.7111678730819,0.0,nan
pd,20.0,1.0,esn,107,"demo_00 +5,-7.5 deg",,0.033502574599754614,0.16960061110950506,5.921253869332742,0.09999999999999987,True,1.19,False,0.00010795115270680548,2.0,True,1.8905897061006984,2.603958954829355,0.7260443574175286,0.27312640295908913,741.0932905071844,3.7227903110592333,1.19,0.0005745531671933209,645.6911377506835,3721.921487531148,0.0,nan
pd,20.0,1.0,replay,107,"demo_00 +5,-7.5 deg",demo_00,0.028501769112967874,0.12041287660731019,4.639050413567241,0.010000000000000009,True,1.1,False,4.56687546920646e-12,2.0,True,0.25541215274918705,2.603958954829355,0.09808609013421447,0.2589954549822019,749.9999942597391,3.163460337364257,1.1,4.773959005888173e-15,435.63416834921946,1778.0155379936266,0.0,nan
pd,20.0,1.0,esn,108,"demo_00 +5,-5 deg",,0.025811165794821227,0.13157775361378432,4.5357083390780595,0.06999999999999984,True,1.16,False,4.5448905927411974e-05,2.0,True,1.2980288259845272,1.3314368562388694,0.9749082879163227,0.20774862771377628,614.6575852821782,2.8858874265285954,1.16,0.0005794959680499443,535.5317078856895,2540.5006679274406,0.0,nan
pd,20.0,1.0,replay,108,"demo_00 +5,-5 deg",demo_00,0.023499196977339865,0.0964181369563468,3.677651420147013,0.010000000000000009,True,1.1,False,4.56687546920646e-12,2.0,True,0.16274454927333656,1.3314368562388694,0.12223226998016873,0.20237747764562738,499.999994259708,2.599602515376044,1.1,4.773959005888173e-15,435.63416834921946,1738.7656868954725,0.0,nan
pd,20.0,1.0,esn,109,"demo_00 +5,-2.5 deg",,0.02013548049885015,0.10638612358105201,3.4461280150394735,0.020000000000000018,True,1.11,False,7.275288621643609e-05,1.9999999999999998,True,0.793040399330786,0.049527184991027776,nan,0.16226612521102213,488.49125335056544,2.277859686459453,1.11,0.0005844259690905858,425.6069744489555,1595.2374450554712,0.0,nan
pd,20.0,1.0,replay,109,"demo_00 +5,-2.5 deg",demo_00,0.02066248117211442,0.08482801185520616,2.9288068781419545,0.010000000000000009,True,1.1,False,4.56687546920646e-12,2.0,True,0.09195265907692703,0.049527184991027776,nan,0.16283480215969406,499.9999851383161,2.2936921935845933,1.1,4.773959005888173e-15,435.63416834921946,1712.8161740078804,0.0,nan
pd,20.0,1.0,esn,110,"demo_00 +5,+0 deg",,0.017989135914073792,0.10349313682248168,2.9738702112196833,-0.020000000000000018,True,1.08,False,0.00014318499491891966,2.0,True,0.683992201876608,1.2304911090449369,0.5558692759734756,0.15638539284345807,362.67527078015985,2.0695377826237404,1.08,0.0005893516316994922,315.9874893264981,886.2246139626185,0.0,nan
pd,20.0,1.0,replay,110,"demo_00 +5,+0 deg",demo_00,0.020912767493905263,0.09045858022970243,2.5767635532601982,0.0,True,1.1,False,4.56687546920646e-12,2.0,True,0.16025350531593072,1.2304911090449369,0.13023540287122737,0.15420747602436907,499.9999851383161,2.3505418519982895,1.1,4.773959005888173e-15,435.63416834921946,1700.0812693025966,0.0,nan
pd,20.0,1.0,esn,111,"demo_00 +5,+2.5 deg",,0.02011942136011778,0.12479792204895962,3.400529563356959,-0.040000000000000036,True,1.06,False,0.00020880178074374328,2.0,True,1.033704018837149,2.5177304823931896,0.41056976752117547,0.19526361122141653,487.5403549778821,2.3366536490799654,1.06,0.0005942850638303357,206.74023644487164,412.4084008669345,0.0,nan
pd,20.0,1.0,replay,111,"demo_00 +5,+2.5 deg",demo_00,0.024183747474071943,0.11061819451231714,2.7998112688861796,0.0,True,1.1,False,4.56687546920646e-12,2.0,True,0.25125332282592305,2.5177304823931896,0.0997935738487378,0.1809209524699277,499.9999851383161,2.7497660689877548,1.1,4.773959005888173e-15,435.63416834921946,1700.540494105203,0.0,nan
pd,20.0,1.0,esn,112,"demo_00 +5,+5 deg",,0.025170505532581565,0.1602824354797978,4.438765695291675,-0.07000000000000006,True,1.04,False,0.0002724117126790231,2.0,True,1.4779880337226643,3.7798274251830413,0.3910199772284819,0.2609631764898321,756.5018864203145,2.928069890595672,1.04,0.0005992422158432058,97.92858547033325,171.64517929290434,0.0,nan
pd,20.0,1.0,replay,112,"demo_00 +5,+5 deg",demo_00,0.029520393772167704,0.13900491887590566,3.4650110552799287,-0.010000000000000009,True,1.1,False,4.56687546920646e-12,2.0,True,0.3472692740520687,3.7798274251830413,0.0918743728188204,0.23088863430514936,500.00000574040354,3.3738664070521858,1.1,4.773959005888173e-15,435.63416834921946,1714.2446201635237,0.0,nan
pd,20.0,1.0,esn,113,"demo_00 +5,+7.5 deg",,0.03154280877359233,0.1967788082255049,5.781949969632075,-0.07000000000000006,True,1.04,False,0.00032766068806250304,2.0,True,1.9193935150345431,5.068561153787403,0.37868607220025474,0.339463815019675,1023.0881113800048,3.6719606802920075,1.04,0.000604242905062397,127.13654330091717,160.7633070242201,0.0,nan
pd,20.0,1.0,replay,113,"demo_00 +5,+7.5 deg",demo_00,0.03605037255870453,0.17014979632399152,4.393749000353525,-0.010000000000000009,True,1.1,False,4.56687546920646e-12,2.0,True,0.44380850176751907,5.068561153787403,0.0875610431248107,0.29224068120006047,750.000005740441,4.123733068780395,1.1,4.773959005888173e-15,435.63416834921946,1741.3219962408289,0.0,nan
pd,20.0,1.0,esn,114,"demo_00 +5,+10 deg",,0.0383988909507691,0.23036071282421886,7.220242105333981,-0.08000000000000007,True,1.04,False,0.0003839244794035153,2.0,True,2.3584386876542753,6.309209214827455,0.3738089207933762,0.42477231714208674,1287.2784678530143,4.478129411721591,1.04,0.0006093106630938471,159.96680329691117,375.63013784333504,0.0,nan
pd,20.0,1.0,replay,114,"demo_00 +5,+10 deg",demo_00,0.04326990999135861,0.1988933558572218,5.423383204676769,-0.020000000000000018,True,1.1,False,4.56687546920646e-12,2.0,True,0.5397734166569188,6.309209214827455,0.0855532600485623,0.35898173044965603,1000.0000057404657,4.943988093875186,1.1,4.773959005888173e-15,435.63416834921946,1781.9850130783832,0.0,nan
pd,20.0,1.0,esn,115,"demo_00 +5,+12.5 deg",,0.045365836538418226,0.2609983846818642,8.705200490789323,-0.09000000000000008,True,1.04,False,0.0004408821840560134,2.0,True,2.792889865482225,7.533454409007347,0.37073163436721895,0.5143817973327576,1549.064885643414,5.306070552892554,1.04,0.0006144724075658739,225.3124541847313,811.224787296695,0.0,nan
pd,20.0,1.0,replay,115,"demo_00 +5,+12.5 deg",demo_00,0.05091800365331179,0.22422399733835532,6.509039409183097,-0.030000000000000027,True,1.1,False,4.56687546920646e-12,2.0,True,0.6355947310473019,7.533454409007347,0.0843696260094646,0.42837894026255185,1250.0000057404905,5.806104318131097,1.1,4.773959005888173e-15,435.63416834921946,1836.5364477512474,0.0,nan
pd,20.0,1.0,esn,116,"demo_00 +5,+15 deg",,0.05226892875870864,0.2888476310002147,10.25055941108817,-0.08000000000000007,True,1.05,False,0.000496624890935688,2.0,True,3.2009374066212923,8.819526418586488,0.36293756089619034,0.607095597766755,1808.451062588919,6.142258662660136,1.05,0.0006197579473618746,331.81843794365017,1461.7177624647918,0.0,nan
pd,20.0,1.0,replay,116,"demo_00 +5,+15 deg",demo_00,0.05885677444702293,0.24636786810784228,7.655322343627516,-0.030000000000000027,True,1.1,False,4.56687546920646e-12,2.0,True,0.731761265582335,8.819526418586488,0.08297058491034204,0.4990959490868904,1500.0000057405152,6.694827708546856,1.1,4.773959005888173e-15,435.63416834921946,1905.3753482187913,0.0,nan
pd,20.0,1.0,esn,117,"demo_00 +7.5,-15 deg",,0.06542946452161177,0.31886986625675656,11.124497689642547,0.17999999999999994,True,1.27,False,0.000286338018273948,2.0,True,3.576350532838022,5.562520723070491,0.6429370263745983,0.5043766314197381,1352.4801533385091,7.174297666397845,1.27,0.0005729833404421151,1133.9003624337026,11575.152278456057,0.0,nan
pd,20.0,1.0,replay,117,"demo_00 +7.5,-15 deg",demo_00,0.05355830205932587,0.2264211011647787,8.56070973892212,0.010000000000000009,True,1.1,False,4.56687546920646e-12,2.0,True,0.5186396814133136,5.562520723070491,0.0932382470526827,0.4756150875989629,1499.9999942598195,5.919188182023707,1.1,4.773959005888173e-15,653.4512589981109,4099.854962638554,0.0,nan
pd,20.0,1.0,esn,118,"demo_00 +7.5,-12.5 deg",,0.05583215934656898,0.2746019999917756,9.58885736309984,0.16999999999999993,True,1.26,False,0.00022805325922432276,2.0,True,3.006175331543691,4.339819089031135,0.6926960018084118,0.43070739675542785,1174.8542265612934,6.148383925654873,1.26,0.0005777481376042174,1023.6133182644268,9394.949978731333,0.0,nan
pd,20.0,1.0,replay,118,"demo_00 +7.5,-12.5 deg",demo_00,0.04683181313654523,0.19486539585832152,7.472913743008572,0.010000000000000009,True,1.1,False,4.56687546920646e-12,2.0,True,0.41453821568022176,4.339819089031135,0.09551969959484358,0.4085598261810845,1249.9999942597947,5.164803836072578,1.1,4.773959005888173e-15,653.4512589981109,4026.7694110369903,0.0,nan
pd,20.0,1.0,esn,119,"demo_00 +7.5,-10 deg",,0.04696699854222002,0.23381278820103696,8.161069204669834,0.15999999999999992,True,1.24,False,0.00016529825879976116,2.0,True,2.457372022420723,3.1315453422783905,0.7847154531803249,0.36261387649759885,1048.2966490291308,5.200848406021237,1.24,0.0005825005317270849,913.3477049139292,7443.121333999682,0.0,nan
pd,20.0,1.0,replay,119,"demo_00 +7.5,-10 deg",demo_00,0.0407831260608731,0.16685757400282358,6.467369885674986,0.020000000000000018,True,1.1,False,4.56687546920646e-12,2.0,True,0.3129347948752004,3.1315453422783905,0.09992983037809736,0.3458668715104977,999.9999942597702,4.489669799017633,1.1,4.773959005888173e-15,653.4512589981109,3964.4728039244005,0.0,nan
pd,20.0,1.0,esn,120,"demo_00 +7.5,-7.5 deg",,0.03910028305544625,0.19839280891366393,6.804071831923647,0.1299999999999999,True,1.21,False,9.503705727345793e-05,2.0,True,1.9308805817674928,1.8760230911927496,1.0292413727913474,0.3022463367007004,921.8552670347275,4.36277944638905,1.21,0.0005872411990445076,803.1833290593572,5723.937199088059,0.0,nan
pd,20.0,1.0,replay,120,"demo_00 +7.5,-7.5 deg",demo_00,0.035743171141301704,0.14450416739531485,5.513402224635657,0.020000000000000018,True,1.1,False,4.56687546920646e-12,2.0,True,0.2171195212140084,1.8760230911927496,0.11573392792088012,0.29049817737473266,749.9999942597391,3.934478734357531,1.1,4.773959005888173e-15,653.4512589981109,3912.7579605439005,0.0,nan
pd,20.0,1.0,esn,121,"demo_00 +7.5,-5 deg",,0.03268743060730514,0.17141944853441526,5.640223172872137,0.08999999999999986,True,1.17,False,3.81994608893016e-05,2.0,True,1.452808331051701,0.6103677855520978,2.380217903763692,0.2543567233963751,795.6181023963876,3.686340732399055,1.17,0.0005919728284086526,693.1968813262165,4240.385453471524,0.0,nan
pd,20.0,1.0,replay,121,"demo_00 +7.5,-5 deg",demo_00,0.03218341395451028,0.13069186689983106,4.699964507444245,0.020000000000000018,True,1.1,False,4.56687546920646e-12,2.0,True,0.14027296300572645,0.6103677855520978,0.22981711408449404,0.24749262433485048,749.9999851383424,3.556045757819785,1.1,4.773959005888173e-15,653.4512589981109,3871.465174284851,0.0,nan
pd,20.0,1.0,esn,122,"demo_00 +7.5,-2.5 deg",,0.02842306850358847,0.1570273961451916,4.806999894312602,0.030000000000000027,True,1.11,False,0.00012021588889075702,1.9999999999999998,True,1.1317527838031234,0.6645621753617241,1.7030051148895216,0.22710867754214348,669.6692956378138,3.2484879971362703,1.11,0.0005967007421578993,583.4616706908199,2994.2098543196826,0.0,nan
pd,20.0,1.0,replay,122,"demo_00 +7.5,-2.5 deg",demo_00,0.03062891303970774,0.1281364262623748,4.113880952198385,0.020000000000000018,True,1.1,False,4.56687546920646e-12,2.0,True,0.15691392769629095,0.6645621753617241,0.23611624843210796,0.22407941465308226,749.9999851383424,3.414362151699497,1.1,4.773959005888173e-15,653.4512589981109,3840.4880122802574,0.0,nan
pd,20.0,1.0,esn,123,"demo_00 +7.5,+0 deg",,0.027031788647516587,0.1585235488576161,4.46678748772069,-0.020000000000000018,True,1.07,False,0.0002122141491689119,2.0,True,1.0959141451253804,1.9314785811357724,0.5673964784434458,0.22891883959991,544.0888960927072,3.125556866678728,1.07,0.0006014334088050831,474.0474416050701,1985.9558939564736,0.0,nan
pd,20.0,1.0,replay,123,"demo_00 +7.5,+0 deg",demo_00,0.031393381489642894,0.1373709723983041,3.844946175481777,0.010000000000000009,True,1.1,False,4.56687546920646e-12,2.0,True,0.2419202020399732,1.9314785811357724,0.12525129939453755,0.22632576263466778,749.9999851383424,3.5390652022774653,1.1,4.773959005888173e-15,653.4512589981109,3819.7800100642758,0.0,nan
pd,20.0,1.0,esn,124,"demo_00 +7.5,+2.5 deg",,0.028657978016387843,0.17566174679064395,4.757952428053224,-0.050000000000000044,True,1.04,False,0.0002916289676845695,2.0,True,1.3963015907919225,3.211505148251083,0.4347810532243171,0.26045804732777905,595.917572043767,3.330060316799943,1.04,0.0006061828190165057,365.02027173779226,1215.0223203849819,0.0,nan
pd,20.0,1.0,replay,124,"demo_00 +7.5,+2.5 deg",demo_00,0.03434368365427884,0.15621156900166772,3.9930907186497944,0.010000000000000009,True,1.1,False,4.56687546920646e-12,2.0,True,0.33751977289663887,3.211505148251083,0.10509706736121688,0.25338314960218034,749.9999851383424,3.905981941534128,1.1,4.773959005888173e-15,653.4512589981109,3809.362246890162,0.0,nan
pd,20.0,1.0,esn,125,"demo_00 +7.5,+5 deg",,0.03262509897682292,0.20431659516937833,5.534539266189619,-0.07000000000000006,True,1.03,False,0.00035196587367549044,2.0,True,1.8028856776888365,4.460410487854896,0.40419725552117997,0.31419798296734,865.2657419606436,3.7908205649652627,1.03,0.0006109647032498345,256.4425450673564,679.7172762666358,0.0,nan
pd,20.0,1.0,replay,125,"demo_00 +7.5,+5 deg",demo_00,0.039012267819972454,0.1815586839599323,4.481545980965037,0.0,True,1.1,False,4.56687546920646e-12,2.0,True,0.43744454123408416,4.460410487854896,0.0980727093224239,0.298365796805912,749.9999851383424,4.456939917309512,1.1,4.773959005888173e-15,653.4512589981109,3809.3317500155044,0.0,nan
pd,20.0,1.0,esn,126,"demo_00 +7.5,+7.5 deg",,0.0380190702060283,0.23615969017611863,6.626746625614829,-0.08000000000000007,True,1.03,False,0.00040591496446489554,2.0,True,2.2123247811282614,5.693833919778704,0.3885474729853458,0.38208745752995904,1132.2001294807123,4.413072519709935,1.03,0.0006157985769077956,148.37299247710524,377.3184026582466,0.0,nan
pd,20.0,1.0,replay,126,"demo_00 +7.5,+7.5 deg",demo_00,0.044893066448447046,0.2100298981233653,5.221481390899866,-0.010000000000000009,True,1.1,False,4.56687546920646e-12,2.0,True,0.5379341692514326,5.693833919778704,0.09447661748313514,0.35427050563670087,750.000005740441,5.134152972159729,1.1,4.773959005888173e-15,653.4512589981109,3819.8706254070903,0.0,nan
pd,20.0,1.0,esn,127,"demo_00 +7.5,+10 deg",,0.04416252100357201,0.26615710509269236,7.8923545679727924,-0.09000000000000008,True,1.03,False,0.0004608856829866731,2.0,True,2.6309870240761732,6.911025327211308,0.3806941661343632,0.4589482966564198,1396.700091897759,5.125705819959802,1.03,0.0006207076064264152,173.56434869762623,304.1367229232791,0.0,nan
pd,20.0,1.0,replay,127,"demo_00 +7.5,+10 deg",demo_00,0.05160004599393919,0.23695772239199117,6.11626661036378,-0.020000000000000018,True,1.1,False,4.56687546920646e-12,2.0,True,0.6375396151595487,6.911025327211308,0.09224964241547709,0.416462168072256,1000.0000057404657,5.895181781765068,1.1,4.773959005888173e-15,653.4512589981109,3841.2557458852325,0.0,nan
pd,20.0,1.0,esn,128,"demo_00 +7.5,+12.5 deg",,0.050649854803319065,0.29367818500765636,9.28997292621189,-0.09000000000000008,True,1.03,False,0.0005166201230740739,2.0,True,3.044741010605763,8.178860971562937,0.372269564330781,0.5418718434106401,1658.7576732909579,5.885398947600142,1.03,0.0006257182973866683,206.12957418850772,455.5846438469278,0.0,nan
pd,20.0,1.0,replay,128,"demo_00 +7.5,+12.5 deg",demo_00,0.05887701377023088,0.26070572060449515,7.133538906067087,-0.020000000000000018,True,1.1,False,4.56687546920646e-12,2.0,True,0.736189765389766,8.178860971562937,0.0900112824939099,0.48224180566337155,1250.0000057404905,6.712210446573122,1.1,4.773959005888173e-15,653.4512589981109,3873.868744318633,0.0,nan
pd,20.0,1.0,esn,129,"demo_00 +7.5,+15 deg",,0.05724970134591632,0.3187957672084244,10.701106924087274,-0.09000000000000008,True,1.04,False,0.0005694090170197109,2.0,True,3.434133853837273,9.37096411880275,0.3664653722178614,0.6292009913462752,1918.3768629677454,6.667141350059067,1.04,0.000630860013015796,238.3917869763878,826.2489495775702,0.0,nan
pd,20.0,1.0,replay,129,"demo_00 +7.5,+15 deg",demo_00,0.06656050706803453,0.2813616307429408,8.177174998645915,-0.030000000000000027,True,1.1,False,4.56687546920646e-12,2.0,True,0.8337994546401355,9.37096411880275,0.08897691252142614,0.5500425072302799,1500.0000057405152,7.567423847160859,1.1,4.773959005888173e-15,653.4512589981109,3918.2059588625825,0.0,nan
pd,20.0,1.0,esn,130,"demo_00 +10,-15 deg",,0.069750288002262,0.33654280601877473,11.816074502850437,0.20999999999999996,True,1.29,False,0.0002849135733530199,2.0,True,3.5288824249568065,4.769092664657462,0.7399483870608051,0.515826527376258,1481.6696395353908,7.649812829937171,1.29,0.0005861202270301518,1290.9318807454208,14929.72778020739,0.0,nan
pd,20.0,1.0,replay,130,"demo_00 +10,-15 deg",demo_00,0.059529574270043906,0.24020763434290776,9.309265633153869,0.020000000000000018,True,1.1,False,4.56687546920646e-12,2.0,True,0.4741123513836633,4.769092664657462,0.09941353308087089,0.49413490083982464,1499.9999942598195,6.513037848909513,1.1,4.773959005888173e-15,871.268349647003,7089.342162589072,0.0,nan
pd,20.0,1.0,esn,131,"demo_00 +10,-12.5 deg",,0.06073601494418862,0.2985978172961891,10.433866452063645,0.20999999999999996,True,1.28,False,0.0002271172605595215,2.0,True,3.0107979443130417,3.582040881979665,0.8405258464412282,0.4542132103057241,1355.2412449868648,6.704473761180436,1.28,0.0005906578588320357,1180.7788204415535,12445.593468288676,0.0,nan
pd,20.0,1.0,replay,131,"demo_00 +10,-12.5 deg",demo_00,0.05348993338957224,0.21390257517822495,8.322974270570096,0.030000000000000027,True,1.1,False,4.56687546920646e-12,2.0,True,0.36715965095061165,3.582040881979665,0.10250012857131205,0.4323235926334089,1249.9999942597947,5.851220946740067,1.1,4.773959005888173e-15,871.268349647003,7021.016248360785,0.0,nan
pd,20.0,1.0,esn,132,"demo_00 +10,-10 deg",,0.052624086886786894,0.26530653646951774,9.095633388735619,0.18999999999999995,True,1.26,False,0.00016352507787098172,2.0,True,2.527411674340016,2.3436148542106263,1.0784244987179414,0.39990266460787505,1228.858196826913,5.857311635529477,1.26,0.0005951935543610182,1070.6652690114076,10189.641546133258,0.0,nan
pd,20.0,1.0,replay,132,"demo_00 +10,-10 deg",demo_00,0.048300797518689285,0.1925411763718914,7.3664798015188575,0.030000000000000027,True,1.1,False,4.56687546920646e-12,2.0,True,0.26705025721310877,2.3436148542106263,0.11394801357113617,0.37777410333522116,999.9999942597702,5.291052123699652,1.1,4.773959005888173e-15,871.268349647003,6959.990405515972,0.0,nan
pd,20.0,1.0,esn,133,"demo_00 +10,-7.5 deg",,0.04569672939905684,0.23836676023178924,7.902310885899544,0.16999999999999993,True,1.24,False,9.690294063925806e-05,2.0,True,2.075643336716884,1.094528654425864,1.8963809931551452,0.3548851112898834,1102.611559587392,5.139842675769348,1.24,0.0005997283049043373,960.6705681005458,8166.586093828636,0.0,nan
pd,20.0,1.0,replay,133,"demo_00 +10,-7.5 deg",demo_00,0.04425160926118107,0.17786543030643484,6.516364896274412,0.030000000000000027,True,1.1,False,4.56687546920646e-12,2.0,True,0.18587430730998836,1.094528654425864,0.1698213258815859,0.33402566563743263,999.9999851383719,4.867535897254746,1.1,4.773959005888173e-15,871.268349647003,6906.097762554844,0.0,nan
pd,20.0,1.0,esn,134,"demo_00 +10,-5 deg",,0.04034868612804874,0.21987609426853205,6.925829351910051,0.11999999999999988,True,1.19,False,4.0410072355974634e-05,2.0,True,1.729521713157079,0.16468781077512382,nan,0.32252023903200394,976.5886626874029,4.594658605001973,1.19,0.0006042648912186542,850.8708050689532,6379.855209631578,0.0,nan
pd,20.0,1.0,replay,134,"demo_00 +10,-5 deg",demo_00,0.04167256637035264,0.17152635373433503,5.821240761343193,0.030000000000000027,True,1.1,False,4.56687546920646e-12,2.0,True,0.1659463181823817,0.16468781077512382,nan,0.3056569445441301,999.9999851383719,4.618565449618932,1.1,4.773959005888173e-15,871.268349647003,6859.216950571598,0.0,nan
pd,20.0,1.0,esn,135,"demo_00 +10,-2.5 deg",,0.03703920294540949,0.21183423768113807,6.264698562279212,0.040000000000000036,True,1.11,False,0.00016944473730285165,1.9999999999999998,True,1.572047359820864,1.432586354651375,1.0973491089850755,0.3070551346578072,850.8728098334672,4.269113481353924,1.11,0.0006088085321799917,741.3385598006118,4831.631670750589,0.0,nan
pd,20.0,1.0,replay,135,"demo_00 +10,-2.5 deg",demo_00,0.040847450091356166,0.17434019065527565,5.343688196179968,0.030000000000000027,True,1.1,False,4.56687546920646e-12,2.0,True,0.2469018168054739,1.432586354651375,0.17234689972009284,0.29695008837750064,999.9999851383719,4.573211107098073,1.1,4.773959005888173e-15,871.268349647003,6819.279599207474,0.0,nan
pd,20.0,1.0,esn,136,"demo_00 +10,+0 deg",,0.03610596898680021,0.215270421987887,5.992351562914711,-0.020000000000000018,True,1.06,False,0.00028834299754263977,2.0,True,1.5813900369343685,2.686001826844875,0.5887524055752248,0.31183080830765664,725.5430867965548,4.196063168442823,1.06,0.0006133674252324561,632.142737225698,3522.900109552651,0.0,nan
pd,20.0,1.0,replay,136,"demo_00 +10,+0 deg",demo_00,0.04189141672849617,0.18578032298857272,5.122550880823537,0.020000000000000018,True,1.1,False,4.56687546920646e-12,2.0,True,0.34466377776257595,2.686001826844875,0.12831851948791745,0.30935464413741637,999.9999851383719,4.738023964689739,1.1,4.773959005888173e-15,871.268349647003,6786.279092072348,0.0,nan
pd,20.0,1.0,esn,137,"demo_00 +10,+2.5 deg",,0.03751888398071067,0.22979309226505015,6.180259228328121,-0.06000000000000005,True,1.03,False,0.0003766875770103907,2.0,True,1.8131941136587135,3.9256849915608307,0.46187967642757743,0.33713400357641377,704.1649088391597,4.371308155233864,1.03,0.0006179531499767003,523.3484827228879,2453.4991792496426,0.0,nan
pd,20.0,1.0,replay,137,"demo_00 +10,+2.5 deg",demo_00,0.0446903610624018,0.20428102177378235,5.213558262523446,0.010000000000000009,True,1.1,False,4.56687546920646e-12,2.0,True,0.44853369193748077,3.9256849915608307,0.11425615985533934,0.3403140065824669,999.9999851383719,5.09343733306008,1.1,4.773959005888173e-15,871.268349647003,6760.280601300221,0.0,nan
pd,20.0,1.0,esn,138,"demo_00 +10,+5 deg",,0.0408538213195354,0.2532267555564123,6.805865237579064,-0.07000000000000006,True,1.02,False,0.00043879226175031974,2.0,True,2.1720382293212603,5.194264115654449,0.4181609138386286,0.38013007805213,973.8953484564213,4.752776024589994,1.02,0.0006225809130350517,415.0171743714907,1622.1774654655187,0.0,nan
pd,20.0,1.0,replay,138,"demo_00 +10,+5 deg",demo_00,0.048964225255776046,0.22796363386205493,5.619858757118837,0.010000000000000009,True,1.1,False,4.56687546920646e-12,2.0,True,0.5544304899794288,5.194264115654449,0.10673898701232552,0.38509419581680454,999.9999851383719,5.604065704983525,1.1,4.773959005888173e-15,871.268349647003,6741.432381702036,0.0,nan
pd,20.0,1.0,esn,139,"demo_00 +10,+7.5 deg",,0.04553453152145047,0.27990371603143605,7.7054542562053685,-0.09000000000000008,True,1.01,False,0.0004991793696086401,2.0,True,2.5741579286246488,6.414062478601573,0.40133034831083836,0.4368234874682859,1241.1750108252706,5.283424173227892,1.01,0.000627269619701912,307.20648345409467,1026.6522773861143,0.0,nan
pd,20.0,1.0,replay,139,"demo_00 +10,+7.5 deg",demo_00,0.054387884047321595,0.25422886059998173,6.233758307398074,0.0,True,1.1,False,4.56687546920646e-12,2.0,True,0.6598616681280173,6.414062478601573,0.10287733715245687,0.4391815433967693,999.9999851383719,6.2324988314231895,1.1,4.773959005888173e-15,871.268349647003,6729.978248208893,0.0,nan
pd,20.0,1.0,esn,140,"demo_00 +10,+10 deg",,0.051058355970370756,0.3055491825602031,8.80385912118515,-0.10000000000000009,True,1.01,False,0.0005516316332191577,2.0,True,2.96534172553088,7.617615021782961,0.3892742960954752,0.5036915222278735,1505.9831575770093,5.912515858340639,1.01,0.0006320417652835346,199.97049280097198,663.6709102985118,0.0,nan
pd,20.0,1.0,replay,140,"demo_00 +10,+10 deg",demo_00,0.06067525824228892,0.2790133793523008,7.012767786078437,-0.010000000000000009,True,1.1,False,4.56687546920646e-12,2.0,True,0.7640977744222183,7.617615021782961,0.10030669339908115,0.4992370200404611,1000.0000057404657,6.947241389432715,1.1,4.773959005888173e-15,871.268349647003,6726.271082777956,0.0,nan
pd,20.0,1.0,esn,141,"demo_00 +10,+12.5 deg",,0.0570654865524207,0.32928963813592105,10.026305114743803,-0.10000000000000009,True,1.02,False,0.0005992827255329425,2.0,True,3.3377400897807115,8.804187100211541,0.3791082642599127,0.5781485026825566,1768.311914251254,6.602836847514569,1.02,0.0006369231465595697,219.74359955418328,529.074487438763,0.0,nan
pd,20.0,1.0,replay,141,"demo_00 +10,+12.5 deg",demo_00,0.06760606975964642,0.30081574042242415,7.902927848487554,-0.020000000000000018,True,1.1,False,4.56687546920646e-12,2.0,True,0.867039378125247,8.804187100211541,0.09848034443797932,0.563017153609346,1250.0000057404905,7.7244794931639005,1.1,4.773959005888173e-15,871.268349647003,6730.787116014768,0.0,nan
pd,20.0,1.0,esn,142,"demo_00 +10,+15 deg",,0.06331821764715578,0.35111928341065324,11.324160977994246,-0.10000000000000009,True,1.03,False,0.0006487646262319118,2.0,True,3.6983755973821713,9.97297993755837,0.37083957057348943,0.6584042385773903,2028.165512318002,7.329284454369822,1.03,0.0006419424009581899,252.03494167324004,617.8650321200898,0.0,nan
pd,20.0,1.0,replay,142,"demo_00 +10,+15 deg",demo_00,0.07502027406199062,0.3196809188565587,8.865975635416316,-0.030000000000000027,True,1.1,False,4.56687546920646e-12,2.0,True,0.968550506482119,9.97297993755837,0.09711746263867889,0.6290415045204186,1500.0000057405152,8.546937408288533,1.1,4.773959005888173e-15,871.268349647003,6744.14060300028,0.0,nan
pd,20.0,1.0,esn,143,"demo_00 +12.5,-15 deg",,0.07476685814924995,0.3635525499806774,12.732732338776572,0.25,True,1.31,False,0.0002899712312293077,2.0,True,3.5580206220815205,3.9579765236116633,0.8989494002442484,0.5476430184055462,1661.8609130969048,8.226580977145861,1.31,0.000598973767929807,1447.9268366153544,18725.57581976154,0.0,nan
pd,20.0,1.0,replay,143,"demo_00 +12.5,-15 deg",demo_00,0.0665538289189258,0.261250167263426,10.20214797079025,0.040000000000000036,True,1.1,False,4.56687546920646e-12,2.0,True,0.4194154021532051,3.9579765236116633,0.10596712730637611,0.5180907040945221,1499.9999942598195,7.240026403450126,1.1,4.773959005888173e-15,1089.0854402958946,10945.913913298722,0.0,nan
pd,20.0,1.0,esn,144,"demo_00 +12.5,-12.5 deg",,0.06637605626297265,0.3322404485998022,11.462663600365683,0.25,True,1.3,False,0.00023306446431937153,2.0,True,3.1039448228856656,2.7596798603089296,1.1247481519607123,0.5002368064547337,1535.6026099438752,7.366772589668994,1.3,0.0006032941161990835,1337.9219715631311,15936.732928689758,0.0,nan
pd,20.0,1.0,replay,144,"demo_00 +12.5,-12.5 deg",demo_00,0.06116534784858649,0.24055730888059557,9.280966202854065,0.050000000000000044,True,1.1,False,4.56687546920646e-12,2.0,True,0.3134338721930205,2.7596798603089296,0.11357617117151168,0.46365000397365735,1249.9999942597947,6.668516050109469,1.1,4.773959005888173e-15,1089.0854402958946,10879.721061514105,0.0,nan
pd,20.0,1.0,esn,145,"demo_00 +12.5,-10 deg",,0.05901202193471873,0.30605213876247556,10.2504430457298,0.24,True,1.29,False,0.00017450893239757885,2.0,True,2.681005098459678,1.516706683541626,1.7676490303315113,0.4604684805300714,1409.410205534335,6.618237900206064,1.29,0.000607625640360169,1227.974522001246,13375.840164088933,0.0,nan
pd,20.0,1.0,replay,145,"demo_00 +12.5,-10 deg",demo_00,0.0567149689850687,0.22550609494280185,8.399113792904318,0.050000000000000044,True,1.1,False,4.56687546920646e-12,2.0,True,0.22768858536256378,1.516706683541626,0.15012038110816098,0.4197347971297169,1249.9999851383982,6.209998471873705,1.1,4.773959005888173e-15,1089.0854402958946,10816.957722348843,0.0,nan
pd,20.0,1.0,esn,146,"demo_00 +12.5,-7.5 deg",,0.05293160330051713,0.2861757731446386,9.199354277453153,0.21999999999999997,True,1.27,False,0.00010860653474551433,2.0,True,2.323328764017489,0.26330498336686575,8.823717402949299,0.42938793834561007,1283.3741759980587,6.0078829028053,1.27,0.0006119694261345808,1118.1633169191398,11048.039330401958,0.0,nan
pd,20.0,1.0,replay,146,"demo_00 +12.5,-7.5 deg",demo_00,0.05342957273865216,0.2171984438109801,7.635839068590173,0.050000000000000044,True,1.1,False,4.56687546920646e-12,2.0,True,0.19172846905586788,0.26330498336686575,0.7281611863332282,0.3897374219110357,1249.9999851383982,5.8907567851863805,1.1,4.773959005888173e-15,1089.0854402958946,10757.495132388354,0.0,nan
pd,20.0,1.0,esn,147,"demo_00 +12.5,-5 deg",,0.048438097795391884,0.27377900800275157,8.328498700122895,0.17999999999999994,True,1.24,False,4.251483476497291e-05,2.0,True,2.0831884326631402,0.9911850700444864,2.1017149023134927,0.408654067189921,1157.5811110974244,5.566036724241194,1.24,0.0006163280963769007,1008.563799237299,8957.183593981454,0.0,nan
pd,20.0,1.0,replay,147,"demo_00 +12.5,-5 deg",demo_00,0.0515304798263299,0.2163168893010987,6.998408964888784,0.040000000000000036,True,1.1,False,4.56687546920646e-12,2.0,True,0.259624823539492,0.9911850700444864,0.26193375120938767,0.3767671198473764,1249.9999851383982,5.734200702169622,1.1,4.773959005888173e-15,1089.0854402958946,10701.248994126741,0.0,nan
pd,20.0,1.0,esn,148,"demo_00 +12.5,-2.5 deg",,0.04581560628471823,0.269580718975718,7.785858340546668,0.07000000000000006,True,1.1300000000000001,False,0.00018861151711562136,1.9999999999999998,True,2.0546867134788527,2.2526435050616405,0.9121224502954048,0.4001894802593391,1032.1134382075127,5.319573680832248,1.1300000000000001,0.0006207064918897137,899.2477853198399,7105.880158171346,0.0,nan
pd,20.0,1.0,replay,148,"demo_00 +12.5,-2.5 deg",demo_00,0.05117632096209262,0.2228358240685968,6.598960123971034,0.040000000000000036,True,1.1,False,4.56687546920646e-12,2.0,True,0.36035466381815817,2.2526435050616405,0.15996968140251627,0.3822876260025985,1249.9999851383982,5.753936688886562,1.1,4.773959005888173e-15,1089.0854402958946,10648.188972281154,0.0,nan
pd,20.0,1.0,esn,149,"demo_00 +12.5,+0 deg",,0.04521153572966952,0.2739168283369052,7.552061370944109,-0.030000000000000027,True,1.04,False,0.0003876603718709748,2.0,True,2.1588353942995036,3.4923037600663442,0.6181694212815244,0.40555211537051017,907.0492478070308,5.281297204174125,1.04,0.0006251122439087022,790.2833129302837,5495.538982768976,0.0,nan
pd,20.0,1.0,replay,149,"demo_00 +12.5,+0 deg",demo_00,0.05240783056201832,0.2360155265408972,6.410842242678093,0.030000000000000027,True,1.1,False,4.56687546920646e-12,2.0,True,0.4697424770607388,3.4923037600663442,0.13450790920083508,0.4052361804252223,1249.9999851383982,5.9486483533534615,1.1,4.773959005888173e-15,1089.0854402958946,10598.349868780599,0.0,nan
pd,20.0,1.0,esn,150,"demo_00 +12.5,+2.5 deg",,0.04653860190637637,0.2864183579531981,7.684678267674874,-0.07000000000000006,True,1.01,False,0.00048312687964376886,2.0,True,2.341868234606557,4.7180863712175976,0.4963597633339194,0.42529927873074436,812.2456808598752,5.442163367331853,1.01,0.0006295562096874098,681.7345740903148,4126.425855414022,0.0,nan
pd,20.0,1.0,replay,150,"demo_00 +12.5,+2.5 deg",demo_00,0.05513233839953693,0.25468580613167574,6.481549640331867,0.020000000000000018,True,1.1,False,4.56687546920646e-12,2.0,True,0.5824606648815515,4.7180863712175976,0.12345273465844495,0.4425757443753896,1249.9999851383982,6.302601383339444,1.1,4.773959005888173e-15,1089.0854402958946,10551.844531232482,0.0,nan
pd,20.0,1.0,esn,151,"demo_00 +12.5,+5 deg",,0.049493055997040236,0.3056010079102078,8.153712594236564,-0.09000000000000008,True,1.0,False,0.0005450849203757423,2.0,True,2.6303499437575693,5.929263764800514,0.44362167852488266,0.45877771508436693,1082.3540250644082,5.773561143547193,1.0,0.0006340527493746642,573.661926076716,2997.718389542971,0.0,nan
pd,20.0,1.0,replay,151,"demo_00 +12.5,+5 deg",demo_00,0.05916001649541195,0.27749511349259637,6.7966995812180455,0.010000000000000009,True,1.1,False,4.56687546920646e-12,2.0,True,0.6957308185812259,5.929263764800514,0.11733848352496648,0.49067598736159923,1249.9999851383982,6.791326588422667,1.1,4.773959005888173e-15,1089.0854402958946,10508.87850691337,0.0,nan
pd,20.0,1.0,esn,152,"demo_00 +12.5,+7.5 deg",,0.053675902263193034,0.3270667864227252,8.895222834739643,-0.10000000000000009,True,1.0,False,0.0005947296983893498,2.0,True,2.9682174995385426,7.125109482887996,0.41658552849849617,0.5044549712257562,1349.9761133553077,6.2378589689296025,1.0,0.0006386198294672352,466.12197124574755,2107.563886199247,0.0,nan
pd,20.0,1.0,replay,152,"demo_00 +12.5,+7.5 deg",demo_00,0.06426353491127264,0.30187080261608956,7.318854470783134,0.0,True,1.1,False,4.56687546920646e-12,2.0,True,0.8076880280045883,7.125109482887996,0.11335798136777693,0.5463271172679957,1249.9999851383982,7.3883397689624495,1.1,4.773959005888173e-15,1089.0854402958946,10469.766389380844,0.0,nan
pd,20.0,1.0,esn,153,"demo_00 +12.5,+10 deg",,0.05871053894583104,0.34786527674528145,9.838079425876904,-0.1100000000000001,True,1.0,False,0.0006454280583766488,2.0,True,3.326249355955704,8.304952561329905,0.40051395012701413,0.5604643540552137,1615.0910915011789,6.798746367029545,1.0,0.0006432789453875879,359.167694627651,1453.1384426953193,0.0,nan
pd,20.0,1.0,replay,153,"demo_00 +12.5,+10 deg",demo_00,0.0702257982582599,0.3243389708191761,8.002068840765164,-0.010000000000000009,True,1.1,False,4.56687546920646e-12,2.0,True,0.9180971175176706,8.304952561329905,0.11054814711315487,0.6070632910832972,1249.9999851383982,8.069602412747638,1.1,4.773959005888173e-15,1089.0854402958946,10434.94971325545,0.0,nan
pd,20.0,1.0,esn,154,"demo_00 +12.5,+12.5 deg",,0.06429684576486604,0.3673762439297491,10.921571721544078,-0.1100000000000001,True,1.01,False,0.0006890714966674517,2.0,True,3.6659440985391503,9.467983691238246,0.38719374875261425,0.6250138375906279,1877.6911288260574,7.426455495921604,1.01,0.0006480548629454599,252.84864731896238,1030.707199610326,0.0,nan
pd,20.0,1.0,replay,154,"demo_00 +12.5,+12.5 deg",demo_00,0.07686299321289468,0.3439455383963708,8.803777107997197,-0.020000000000000018,True,1.1,False,4.56687546920646e-12,2.0,True,1.026810486332799,9.467983691238246,0.10845080851618051,0.6710952849515416,1250.0000057404905,8.815241307804367,1.1,4.773959005888173e-15,1089.0854402958946,10405.016130666583,0.0,nan
pd,20.0,1.0,esn,155,"demo_00 +12.5,+15 deg",,0.07021520163201095,0.3854208893380716,12.10015830842966,-0.1100000000000001,True,1.02,False,0.0007349200457679841,2.0,True,4.006473147281443,10.613412350526854,0.3774915187463304,0.6965669443932684,2137.780645316989,8.098612595330357,1.02,0.0006529751854357372,265.6565339368462,835.6861616955495,0.0,nan
pd,20.0,1.0,replay,155,"demo_00 +12.5,+15 deg",demo_00,0.08402882002566191,0.3607950113536807,9.68979474083639,-0.030000000000000027,True,1.1,False,4.56687546920646e-12,2.0,True,1.1336570853885022,10.613412350526854,0.10681362863775164,0.7371377535612534,1500.0000057405152,9.60953860263588,1.1,4.773959005888173e-15,1089.0854402958946,10380.719447685868,0.0,nan
pd,20.0,1.0,esn,156,"demo_00 +15,-15 deg",,0.08035489621904858,0.3991077714121963,13.808867332236618,0.29000000000000004,True,1.33,False,0.0003010813327777851,2.0,True,3.671381378686259,3.0830208578634846,1.1908389686440541,0.6030601932739503,1842.0228566322714,8.88912591570622,1.33,0.0006114907348863658,1604.8962381614306,22960.489287364646,0.0,nan
pd,20.0,1.0,replay,156,"demo_00 +15,-15 deg",demo_00,0.07433353076913202,0.28857333366441545,11.180908215784518,0.06000000000000005,True,1.1,False,4.56687546920646e-12,2.0,True,0.3584833054400927,3.0830208578634846,0.11627663968790647,0.5482211866632496,1499.9999942598195,8.066394872934616,1.1,4.773959005888173e-15,1306.9025309447861,15669.388203000224,0.0,nan
pd,20.0,1.0,esn,157,"demo_00 +15,-12.5 deg",,0.07258805289327193,0.3741031322608811,12.651496502267445,0.30000000000000004,True,1.33,False,0.00024890118553467665,2.0,True,3.267090979933908,1.8724277575672243,1.7448422064511144,0.5701214579679125,1715.950925355593,8.114141957778847,1.33,0.0006156040448027604,1495.0537530287502,19866.261697081634,0.0,nan
pd,20.0,1.0,replay,157,"demo_00 +15,-12.5 deg",demo_00,0.069523314210485,0.27336047341881636,10.323521777862334,0.07000000000000006,True,1.1,False,4.56687546920646e-12,2.0,True,0.2660662152576737,1.8724277575672243,0.14209691892378462,0.5039694614974779,1499.9999851384246,7.5773877572727715,1.1,4.773959005888173e-15,1306.9025309447861,15602.446592607856,0.0,nan
pd,20.0,1.0,esn,158,"demo_00 +15,-10 deg",,0.06592736205551873,0.3542351339484336,11.55679080029468,0.30000000000000004,True,1.33,False,0.00019745809520356705,2.0,True,2.905718319682853,0.6247274958728081,4.65117725549004,0.543588809219559,1589.9651988656888,7.457211587235831,1.33,0.0006197445491220321,1385.2863753994905,16999.712579326726,0.0,nan
pd,20.0,1.0,replay,158,"demo_00 +15,-10 deg",demo_00,0.06568469086066558,0.2639510413029062,9.510072884256042,0.07000000000000006,True,1.1,False,4.56687546920646e-12,2.0,True,0.2285045186072964,0.6247274958728081,0.3657667064710387,0.47350257724761463,1499.9999851384246,7.205461466689509,1.1,4.773959005888173e-15,1306.9025309447861,15534.68217775133,0.0,nan
pd,20.0,1.0,esn,159,"demo_00 +15,-7.5 deg",,0.060586992553932316,0.339970080484251,10.57753480550348,0.28,True,1.32,False,0.00014160928235366191,2.0,True,2.633391613743662,0.6276785256171862,4.195446404916101,0.5236428488121854,1464.1555128618918,6.939018895553399,1.32,0.000623913187860176,1275.6723762763122,14366.395228925428,0.0,nan
pd,20.0,1.0,replay,159,"demo_00 +15,-7.5 deg",demo_00,0.06298935254689278,0.2608755553122585,8.779823904904736,0.06000000000000005,True,1.1,False,4.56687546920646e-12,2.0,True,0.2792367173867356,0.6276785256171862,0.4448721853470559,0.45926349831348107,1499.9999851384246,6.969250595981975,1.1,4.773959005888173e-15,1306.9025309447861,15466.003055715257,0.0,nan
pd,20.0,1.0,esn,160,"demo_00 +15,-5 deg",,0.05678518848615817,0.3318709540407705,9.862653451751777,0.26,True,1.3,False,7.895072983415879e-05,2.0,True,2.4744774051382374,1.8845069184258154,1.3130635822792531,0.5109202346189314,1338.6076738558108,6.579428425207848,1.3,0.0006281121591514635,1166.2865161580833,11970.572227808658,0.0,nan
pd,20.0,1.0,replay,160,"demo_00 +15,-5 deg",demo_00,0.06158646375249193,0.26423805508137266,8.25096127015396,0.06000000000000005,True,1.1,False,4.56687546920646e-12,2.0,True,0.3826441566848208,1.8845069184258154,0.20304736105954702,0.4624122644880187,1499.9999851384246,6.88279251860158,1.1,4.773959005888173e-15,1306.9025309447861,15396.361772417606,0.0,nan
pd,20.0,1.0,esn,161,"demo_00 +15,-2.5 deg",,0.054689209309906804,0.33007543243653714,9.358565543572244,0.22999999999999998,True,1.28,False,4.136558728214877e-05,2.0,True,2.38594741353902,3.1231814216714904,0.7639477479544203,0.506365007192961,1213.403197924968,6.392543360582186,1.28,0.0006323456360401098,1057.1998174241942,9815.260305543241,0.0,nan
pd,20.0,1.0,replay,161,"demo_00 +15,-2.5 deg",demo_00,0.061568165963943,0.2736685724095145,7.873441284081716,0.050000000000000044,True,1.1,False,4.56687546920646e-12,2.0,True,0.4985867177831815,3.1231814216714904,0.15964065178011455,0.4822403435800918,1499.9999851384246,6.951856952113948,1.1,4.773959005888173e-15,1306.9025309447861,15325.7671178622,0.0,nan
pd,20.0,1.0,esn,162,"demo_00 +15,+0 deg",,0.05434835902464887,0.33470858915138846,9.147621073325526,-0.050000000000000044,True,1.01,False,0.0005206231756478523,2.0,True,2.8380366791917906,4.348695644200389,0.652617913828189,0.5109909401484419,1088.619153781972,6.409579825072913,1.01,0.0006366203744666049,948.4794276056856,7902.280788205298,0.0,nan
pd,20.0,1.0,replay,162,"demo_00 +15,+0 deg",demo_00,0.06294358468613899,0.2884276223474851,7.711447292278044,0.040000000000000036,True,1.1,False,4.56687546920646e-12,2.0,True,0.619147654110421,4.348695644200389,0.14237548560937885,0.5164406206374477,1499.9999851384246,7.172185037924373,1.1,4.773959005888173e-15,1306.9025309447861,15254.298071051157,0.0,nan
pd,20.0,1.0,esn,163,"demo_00 +15,+2.5 deg",,0.0556568672811965,0.3454257710532918,9.196969515052661,-0.09000000000000008,True,0.99,False,0.0006034771694404515,2.0,True,2.9873424246072613,5.513385272396162,0.5418345131010476,0.5256054691925379,964.328105316817,6.564513537548465,0.99,0.0006409461843484068,840.1885693241755,6232.313796283404,0.0,nan
pd,20.0,1.0,replay,163,"demo_00 +15,+2.5 deg",demo_00,0.06563624719151921,0.3075861099695736,7.736782373560588,0.020000000000000018,True,1.1,False,4.56687546920646e-12,2.0,True,0.7410695002258063,5.513385272396162,0.13441279061996905,0.5619867477163443,1499.9999851384246,7.530707898932007,1.1,4.773959005888173e-15,1306.9025309447861,15182.11998441212,0.0,nan
pd,20.0,1.0,esn,164,"demo_00 +15,+5 deg",,0.05837863640092017,0.3605103363383976,9.570505273018288,-0.10000000000000009,True,0.99,False,0.0006502555419599668,2.0,True,3.172946960420209,6.700443578972736,0.4735428219077195,0.550588057673722,1190.6055822220162,6.835513432979991,0.99,0.0006453362422804389,732.3865694398805,4804.954602519417,0.0,nan
pd,20.0,1.0,replay,164,"demo_00 +15,+5 deg",demo_00,0.06950628230540717,0.3298703639142933,8.008958653101121,0.010000000000000009,True,1.1,False,4.56687546920646e-12,2.0,True,0.8619431436363506,6.700443578972736,0.12863971369616362,0.6159397594279693,1499.9999851384246,8.008957621526744,1.1,4.773959005888173e-15,1306.9025309447861,15109.503049809118,0.0,nan
pd,20.0,1.0,esn,165,"demo_00 +15,+7.5 deg",,0.06221642149129834,0.37666728688533174,10.185858161113819,-0.1100000000000001,True,0.99,False,0.0006980647523154883,2.0,True,3.443081450845602,7.872313936761244,0.4373658721570399,0.5858062629616175,1458.5673191583078,7.2509904555436355,0.99,0.0006498072312257119,625.1289574358655,3618.770906941011,0.0,nan
pd,20.0,1.0,replay,165,"demo_00 +15,+7.5 deg",demo_00,0.074383929659702,0.35223067564440586,8.466383301302676,0.0,True,1.1,False,4.56687546920646e-12,2.0,True,0.9809879106073152,7.872313936761244,0.12461239712842351,0.6758427029735492,1499.9999851384246,8.586810329688939,1.1,4.773959005888173e-15,1306.9025309447861,15036.843012875584,0.0,nan
pd,20.0,1.0,esn,166,"demo_00 +15,+10 deg",,0.0668789416113885,0.3924348725229044,10.993987276919004,-0.1200000000000001,True,0.99,False,0.0007468488950504886,2.0,True,3.7558502402774256,9.028289614813424,0.4160090560359192,0.6306816524923787,1723.9878698028742,7.7579506805699445,0.99,0.0006543792995032489,518.4676213865282,2671.3602177808234,0.0,nan
pd,20.0,1.0,replay,166,"demo_00 +15,+10 deg",demo_00,0.08009866457803184,0.3721782693907883,9.075803278688117,-0.010000000000000009,True,1.1,False,4.56687546920646e-12,2.0,True,1.0980748620017744,9.028289614813424,0.12162601210755099,0.7397843169084621,1499.9999851384246,9.245176433101896,1.1,4.773959005888173e-15,1306.9025309447861,14964.683994082243,0.0,nan
pd,20.0,1.0,esn,167,"demo_00 +15,+12.5 deg",,0.0721184072856422,0.4073623165847911,11.948074525574164,-0.1200000000000001,True,1.0,False,0.0007862183851735886,2.0,True,4.051620468084078,10.167635263933715,0.398482081911007,0.684343705352945,1986.8594045013574,8.332157283122422,1.0,0.0006590758382591417,412.4510090344765,1959.4070254395212,0.0,nan
pd,20.0,1.0,replay,167,"demo_00 +15,+12.5 deg",demo_00,0.08649655799935041,0.38938559014537794,9.803891496571945,-0.020000000000000018,True,1.1,False,4.56687546920646e-12,2.0,True,1.2130175333960054,10.167635263933715,0.11930183389826929,0.8063148486697366,1499.9999851384246,9.967323197407154,1.1,4.773959005888173e-15,1306.9025309447861,14893.743128493405,0.0,nan
pd,20.0,1.0,esn,168,"demo_00 +15,+15 deg",,0.07774032279710134,0.4212917522855228,13.008941723458845,-0.1200000000000001,True,1.01,False,0.0008281258388545896,2.0,True,4.358483062961765,11.289608751464488,0.3860614799778941,0.7457914420574348,2247.186473710286,8.954642706621351,1.01,0.0006639230833746896,307.12436147103995,1478.7399983025307,0.0,nan
pd,20.0,1.0,replay,168,"demo_00 +15,+15 deg",demo_00,0.09344674687534885,0.4040758943514424,10.621492043141954,-0.030000000000000027,True,1.1,False,4.56687546920646e-12,2.0,True,1.3256174616402496,11.289608751464488,0.11741925613394621,0.8743306061692606,1500.0000057405152,10.739179927178071,1.1,4.773959005888173e-15,1306.9025309447861,14824.93654790403,0.0,nan
pd,40.0,1.0,esn,0,demo_00,,7.154179949552218e-06,0.00018769174995269584,0.03595472740794618,0.0,True,1.11,False,9.206678837481159e-07,1.9999999999999998,True,0.004859955696237348,0.0,nan,0.014849554851960494,52.1889737591267,0.8641059312535738,1.11,0.0005674320447906824,3.998544579756812,3.994177583995248,0.0,nan
pd,40.0,1.0,replay,0,demo_00,demo_00,1.0790882583789958e-09,0.000489374781241803,0.029802010241395963,0.0,True,1.11,False,9.185155967001439e-12,1.9999999999999998,True,0.01135174036467825,0.0,nan,0.014825056650590519,52.13113668892076,0.8629501652812014,1.11,2.826166425630795e-15,3.972543034658409,3.9778291455721426,0.0,nan
pd,40.0,1.0,esn,1,"demo_00 -15,-15 deg",,0.13333616502264978,0.3034233391659949,12.758728974090781,0.040000000000000036,True,1.21,False,0.0003651794704037464,2.0,True,4.564227887461941,10.762550191362198,0.4240842371285847,0.44945839754811995,2292.323627710915,13.694693801180286,1.21,0.00045344222154522864,569.7223903053185,6042.640997999808,0.0,nan
pd,40.0,1.0,replay,1,"demo_00 -15,-15 deg",demo_00,0.14645270022280726,0.13884547375563455,9.80607308925051,-0.05999999999999983,True,1.11,False,9.185155967001439e-12,1.9999999999999998,True,0.4770985354156938,10.762550191362198,0.044329506198131675,0.5269698506830921,1500.0000148619056,14.767621750817307,1.11,2.826166425630795e-15,2613.8051136838294,59100.45379926297,0.0,nan
pd,40.0,1.0,esn,2,"demo_00 -15,-12.5 deg",,0.12186363017157059,0.26966764933925225,11.551639764679217,0.030000000000000027,True,1.2,False,0.0003381015674509098,2.0,True,4.031762240256043,9.73889307555764,0.4139856767064042,0.4064789134337544,2013.9522040531529,12.463354373160506,1.2,0.0004608086634680651,787.0207882303287,7857.418663826355,0.0,nan
pd,40.0,1.0,replay,2,"demo_00 -15,-12.5 deg",demo_00,0.1390808009230168,0.12425598820618125,9.102924119056821,-0.05999999999999983,True,1.11,False,9.185155967001439e-12,1.9999999999999998,True,0.43357475841872267,9.73889307555764,0.04451992182837438,0.4769354298765387,1500.0000148619056,13.908080092301683,1.11,2.826166425630795e-15,2613.8051136838294,57996.25053286531,0.0,nan
pd,40.0,1.0,esn,3,"demo_00 -15,-10 deg",,0.11216367311481197,0.23584536935852687,10.503830826834687,0.030000000000000027,True,1.19,False,0.00031194467582812565,2.0,True,3.503961124114235,8.852111935220934,0.3958333502508723,0.3649947372395719,1737.1459415331803,11.363891479672455,1.19,0.0004681156506335592,1009.0081021662822,10445.604828730364,0.0,nan
pd,40.0,1.0,replay,3,"demo_00 -15,-10 deg",demo_00,0.13223615675716333,0.10838865844633659,8.526902140179644,-0.04999999999999982,True,1.11,False,9.185155967001439e-12,1.9999999999999998,True,0.39313310326773765,8.852111935220934,0.04441122142881326,0.4290456405654227,1500.0000148619056,13.223615675716331,1.11,2.826166425630795e-15,2613.8051136838294,57013.46867829551,0.0,nan
pd,40.0,1.0,esn,4,"demo_00 -15,-7.5 deg",,0.10449660832553566,0.2020987744509185,9.562240162334504,0.020000000000000018,True,1.18,False,0.000286668991160926,2.0,True,2.9885504990399676,7.972485786834196,0.37485805292688956,0.32580590193995373,1462.004431573782,10.449660832553565,1.18,0.000475362460573072,1231.1164866886381,13806.60784829195,0.0,nan
pd,40.0,1.0,replay,4,"demo_00 -15,-7.5 deg",demo_00,0.12598467903510177,0.0913620612962568,8.026410419645211,-0.04999999999999982,True,1.11,False,9.185155967001439e-12,1.9999999999999998,True,0.3579606432569287,7.972485786834196,0.044899502216493976,0.38443969405280043,1500.0000148619056,12.598467903510178,1.11,2.826166425630795e-15,2613.8051136838294,56147.11473483146,0.0,nan
pd,40.0,1.0,esn,5,"demo_00 -15,-5 deg",,0.09908191089603692,0.16877316146310545,8.825551670796727,0.0,True,1.16,False,0.00027171276156436064,2.0,True,2.5174680917728667,7.20764547919915,0.3492774580878228,0.2902820419874874,1188.61591653155,9.908191089603692,1.16,0.000482550883923928,1453.1861780110737,17933.971219245715,0.0,nan
pd,40.0,1.0,replay,5,"demo_00 -15,-5 deg",demo_00,0.12040480793125495,0.07319515993364324,7.664614686201335,-0.04999999999999982,True,1.11,False,9.185155967001439e-12,1.9999999999999998,True,0.3320531406346914,7.20764547919915,0.046069571761399426,0.3447110938578234,1500.0000148619056,12.040480793125495,1.11,2.826166425630795e-15,2613.8051136838294,55392.80285833593,0.0,nan
pd,40.0,1.0,esn,6,"demo_00 -15,-2.5 deg",,0.09603378456692417,0.13628247269900678,8.3833921115535,0.0,True,1.1500000000000001,False,0.00024880874707627047,1.9999999999999998,True,2.067903120403944,6.644371103904945,0.3112263129295446,0.2605861595684176,961.277641632296,9.603378456692417,1.1500000000000001,0.000489685542713722,1675.061593649213,22815.480093973078,0.0,nan
pd,40.0,1.0,replay,6,"demo_00 -15,-2.5 deg",demo_00,0.11558705486478812,0.053944838986941517,7.495730673097742,-0.040000000000000036,True,1.11,False,9.185155967001439e-12,1.9999999999999998,True,0.3150285948267013,6.644371103904945,0.04741285366218583,0.31200863613061586,1500.0000148619056,11.558705486478813,1.11,2.826166425630795e-15,2613.8051136838294,54746.80224057587,0.0,nan
pd,40.0,1.0,esn,7,"demo_00 -15,+0 deg",,0.09530455426263536,0.10528726014838645,8.207755133013737,-0.010000000000000009,True,1.1400000000000001,False,0.0002275166152020132,2.0,True,1.6960865296264884,6.199678792285735,0.2735765168571201,0.2397629695159166,1088.408585721053,9.530455426263536,1.1400000000000001,0.0004967741389440068,1896.5919326320668,28433.35702452067,0.0,nan
pd,40.0,1.0,replay,7,"demo_00 -15,+0 deg",demo_00,0.11163162363601399,0.0337786596808695,7.470499621590135,-0.040000000000000036,True,1.11,False,9.185155967001439e-12,1.9999999999999998,True,0.3051330774674155,6.199678792285735,0.04921756234324476,0.2889516008569976,1500.0000148619056,11.1631623636014,1.11,2.826166425630795e-15,2613.8051136838294,54206.08287261379,0.0,nan
pd,40.0,1.0,esn,8,"demo_00 -15,+2.5 deg",,0.09667068760173136,0.0762016253281681,8.354277360528313,-0.020000000000000018,True,1.1300000000000001,False,0.0002085999189334513,1.9999999999999998,True,1.4435354898344357,5.961964530068546,0.24212413249929868,0.23124390469945394,1215.25798387394,9.667068760173136,1.1300000000000001,0.0005038276176405996,2117.6316674818413,34764.55501403465,0.0,nan
pd,40.0,1.0,replay,8,"demo_00 -15,+2.5 deg",demo_00,0.10864344759603083,0.014557354772210008,7.62540548017598,-0.040000000000000036,True,1.11,False,9.185155967001439e-12,1.9999999999999998,True,0.3036083605401458,5.961964530068546,0.05092421449489152,0.27809703118960555,1500.0000148619056,10.864344759603082,1.11,2.826166425630795e-15,2613.8051136838294,53768.35818535008,0.0,nan
pd,40.0,1.0,esn,9,"demo_00 -15,+5 deg",,0.09977440824650764,0.04972166922814598,8.805145424088758,-0.020000000000000018,True,1.1300000000000001,False,0.00018257095628323699,1.9999999999999998,True,1.3354640980278902,6.177549531491353,0.21618023315233365,0.23742887111690092,1341.7455661353574,9.977440824650762,1.1300000000000001,0.0005108602326077498,2338.040924852972,41781.158064873394,0.0,nan
pd,40.0,1.0,replay,9,"demo_00 -15,+5 deg",demo_00,0.10672440616139715,0.029639723423941607,7.951600723378613,-0.040000000000000036,True,1.11,False,9.185155967001439e-12,1.9999999999999998,True,0.3115930588081915,6.177549531491353,0.050439588904917815,0.2809229130383516,1500.0000148619056,10.672440616139713,1.11,2.826166425630795e-15,2613.8051136838294,53432.12246683903,0.0,nan
pd,40.0,1.0,esn,10,"demo_00 -15,+7.5 deg",,0.10419685134639814,0.04923009983466002,9.51525930961031,-0.030000000000000027,True,1.12,False,0.00017189136008569544,2.0,True,1.376758578995405,6.916481093223364,0.1990547737265308,0.2582829766939175,1467.794462853778,10.419685134639815,1.12,0.0005178895075698944,2557.6857565546197,49450.90143009775,0.0,nan
pd,40.0,1.0,replay,10,"demo_00 -15,+7.5 deg",demo_00,0.10596338044989696,0.04886421044274123,8.430740939529086,-0.040000000000000036,True,1.11,False,9.185155967001439e-12,1.9999999999999998,True,0.33038724842069306,6.916481093223364,0.04776811271043597,0.2970144380229366,1500.0000148619056,10.596338044989697,1.11,2.826166425630795e-15,2613.8051136838294,53196.68032440629,0.0,nan
pd,40.0,1.0,esn,11,"demo_00 -15,+10 deg",,0.1095252285856529,0.07569542393679438,10.42974935697621,-0.030000000000000027,True,1.12,False,0.00015731725617561658,2.0,True,1.5134776649940258,7.80203127141555,0.19398508059548322,0.29158508486171075,1593.331300692187,10.95252285856529,1.12,0.0005249360898355015,2776.438306852385,57737.825260461934,0.0,nan
pd,40.0,1.0,replay,11,"demo_00 -15,+10 deg",demo_00,0.10642596696909445,0.06925758924451572,9.039890630998265,-0.040000000000000036,True,1.11,False,9.185155967001439e-12,1.9999999999999998,True,0.3591479846035285,7.80203127141555,0.046032625621400126,0.32430729830304356,1500.0000148619056,10.642596696909445,1.11,2.826166425630795e-15,2613.8051136838294,53062.16482745417,0.0,nan
pd,40.0,1.0,esn,12,"demo_00 -15,+12.5 deg",,0.11539327598386265,0.10302219096259375,11.4487986790343,-0.039999999999999813,True,1.12,False,0.000151534123067516,2.0,True,1.7188598478171173,8.723299870928011,0.19704238914742933,0.3344187401011294,1718.2862443505503,11.539327598386265,1.12,0.000532023497768963,2994.176885171251,66603.07568499887,0.0,nan
pd,40.0,1.0,replay,12,"demo_00 -15,+12.5 deg",demo_00,0.10814647488760025,0.09032979606311725,9.714239794629936,-0.04999999999999982,True,1.11,False,9.185155967001439e-12,1.9999999999999998,True,0.3944618157072717,8.723299870928011,0.045219334603168654,0.36011313833548786,1500.0000148619056,10.814647488760025,1.11,2.826166425630795e-15,2613.8051136838294,53029.54039199692,0.0,nan
pd,40.0,1.0,esn,13,"demo_00 -15,+15 deg",,0.12149583637265124,0.13022723324827215,12.624569344757719,-0.039999999999999813,True,1.12,False,0.00015548526229355685,2.0,True,1.9675287280468035,9.790680141901253,0.20095935109005908,0.38426406485119463,1842.5929904675593,12.149583637265124,1.12,0.0005391777670152874,3210.7859554691254,76005.86579076492,0.0,nan
pd,40.0,1.0,replay,13,"demo_00 -15,+15 deg",demo_00,0.11112457315317435,0.11064897805661356,10.513056406650648,-0.04999999999999982,True,1.11,False,9.185155967001439e-12,1.9999999999999998,True,0.4338453134578442,9.790680141901253,0.04431207098688812,0.4019729646522466,1500.0000148619056,11.205397122682728,1.11,2.826166425630795e-15,2613.8051136838294,53100.58603131098,0.0,nan
pd,40.0,1.0,esn,14,"demo_00 -12.5,-15 deg",,0.12443207454425895,0.3023324270200012,11.949445304973196,0.050000000000000044,True,1.21,False,0.0003419352214982227,2.0,True,4.3660651495178024,10.180198083558139,0.4288782117677414,0.41961276873692066,2188.430672849782,12.781781055813497,1.21,0.0004667252543954561,543.901366666315,3305.057417366821,0.0,nan
pd,40.0,1.0,replay,14,"demo_00 -12.5,-15 deg",demo_00,0.13173149201048598,0.14892738215053603,8.98723574826525,-0.04999999999999982,True,1.11,False,9.185155967001439e-12,1.9999999999999998,True,0.4331114598430243,10.180198083558139,0.04254450220792217,0.4632308890494109,1499.9999942598195,13.376157803652537,1.11,2.826166425630795e-15,2178.170932386046,41701.81312236061,0.0,nan
pd,40.0,1.0,esn,15,"demo_00 -12.5,-12.5 deg",,0.1115698901262322,0.2669725288070263,10.648912326894997,0.040000000000000036,True,1.2,False,0.00031299723432784985,2.0,True,3.8243992616596687,9.077758779604899,0.4212933340167607,0.3742257224275713,1909.3381831676982,11.454883438629915,1.2,0.0004737975271051348,474.5371467037446,4104.976621844914,0.0,nan
pd,40.0,1.0,replay,15,"demo_00 -12.5,-12.5 deg",demo_00,0.12342120396278701,0.13282057362046895,8.19681241608377,-0.04999999999999982,True,1.11,False,9.185155967001439e-12,1.9999999999999998,True,0.38749635818374145,9.077758779604899,0.04268634666238695,0.41416070489128,1250.0000148618783,12.373962586340722,1.11,2.826166425630795e-15,2178.170932386046,40743.57917215764,0.0,nan
pd,40.0,1.0,esn,16,"demo_00 -12.5,-10 deg",,0.10041052344343382,0.23139631685838344,9.452112314376441,0.030000000000000027,True,1.19,False,0.0002848819644959551,2.0,True,3.2852765450063424,8.032024963473367,0.40902220298698605,0.3301192804314891,1631.8484682500768,10.252866019728224,1.19,0.00048080899156101775,693.3624396477104,5682.166019662848,0.0,nan
pd,40.0,1.0,replay,16,"demo_00 -12.5,-10 deg",demo_00,0.11569544423724426,0.11516737453771748,7.493990529270026,-0.04999999999999982,True,1.11,False,9.185155967001439e-12,1.9999999999999998,True,0.3439463598197896,8.032024963473367,0.042821873859198466,0.36698376417552336,1250.0000148618783,11.569544423724425,1.11,2.826166425630795e-15,2178.170932386046,39904.732888714876,0.0,nan
pd,40.0,1.0,esn,17,"demo_00 -12.5,-7.5 deg",,0.09131811524870577,0.1959261977613221,8.439636988377236,0.019999999999999796,True,1.17,False,0.000265169585503604,2.0,True,2.7790014445380415,7.126269995158935,0.38996578103634744,0.2880376113659682,1356.0636699123384,9.210266039029547,1.17,0.00048776042461913115,915.3883420981191,8039.053356443078,0.0,nan
pd,40.0,1.0,replay,17,"demo_00 -12.5,-7.5 deg",demo_00,0.10865992353490732,0.09614536339084429,6.937494697694406,-0.040000000000000036,True,1.11,False,9.185155967001439e-12,1.9999999999999998,True,0.30436059294039614,7.126269995158935,0.04270966342099815,0.3228954728430186,1250.0000148618783,10.865992353490732,1.11,2.826166425630795e-15,2178.170932386046,39180.78203305458,0.0,nan
pd,40.0,1.0,esn,18,"demo_00 -12.5,-5 deg",,0.08467211906338908,0.1609486301853532,7.597473566051969,0.009999999999999787,True,1.16,False,0.00023883145971516936,2.0,True,2.2689891941084896,6.269358219504453,0.36191729913430226,0.24941021179003228,1082.074261356568,8.467211906338909,1.16,0.0004946551226456608,1137.3401813234416,11172.230927541206,0.0,nan
pd,40.0,1.0,replay,18,"demo_00 -12.5,-5 deg",demo_00,0.10244467934342073,0.07596557994213073,6.500236342189872,-0.040000000000000036,True,1.11,False,9.185155967001439e-12,1.9999999999999998,True,0.2711137666955143,6.269358219504453,0.04324426156604971,0.2836874959112232,1250.0000148618783,10.244467934342074,1.11,2.826166425630795e-15,2178.170932386046,38567.786611997195,0.0,nan
pd,40.0,1.0,esn,19,"demo_00 -12.5,-2.5 deg",,0.08077011214661169,0.12695053576363224,7.041257529110012,0.0,True,1.1500000000000001,False,0.0002134912700720698,1.9999999999999998,True,1.8059196934272312,5.569025933559436,0.32427927522200994,0.21677276142806315,809.9587997141526,8.07701121466117,1.1500000000000001,0.0005014992002996782,1359.0629408613588,15072.546113492146,0.0,nan
pd,40.0,1.0,replay,19,"demo_00 -12.5,-2.5 deg",demo_00,0.09720309394308231,0.05495140372811726,6.248638670480057,-0.040000000000000036,True,1.11,False,9.185155967001439e-12,1.9999999999999998,True,0.24959102611749176,5.569025933559436,0.04481771661601259,0.25196112359448514,1250.0000148618783,9.72030939430823,1.11,2.826166425630795e-15,2178.170932386046,38062.39628562235,0.0,nan
pd,40.0,1.0,esn,20,"demo_00 -12.5,+0 deg",,0.07969883527525924,0.09466776582830101,6.839685488173419,-0.010000000000000009,True,1.1400000000000001,False,0.00018963912586830164,2.0,True,1.4296076430196314,5.069712412845691,0.281989889485107,0.19413352016185634,906.9574471731264,7.969883527525924,1.1400000000000001,0.0005083018173982389,1580.4066598845948,19725.275180301225,0.0,nan
pd,40.0,1.0,replay,20,"demo_00 -12.5,+0 deg",demo_00,0.09310514854222013,0.033127138772811565,6.20760988036811,-0.040000000000000036,True,1.11,False,9.185155967001439e-12,1.9999999999999998,True,0.24166704191066193,5.069712412845691,0.04766878714822628,0.23106951604881937,1250.0000148618783,9.310514854222012,1.11,2.826166425630795e-15,2178.170932386046,37661.88521750997,0.0,nan
pd,40.0,1.0,esn,21,"demo_00 -12.5,+2.5 deg",,0.08125543732785417,0.06481241353275982,7.021504543963434,-0.020000000000000018,True,1.1300000000000001,False,0.00016820221945866622,1.9999999999999998,True,1.196576125309655,4.811325794731997,0.24869987532746313,0.18634032451404065,1033.6808818398717,8.125543732785417,1.1300000000000001,0.0005150753183526924,1801.226898733734,25110.386657559273,0.0,nan
pd,40.0,1.0,replay,21,"demo_00 -12.5,+2.5 deg",demo_00,0.09032251710344903,0.010735092954712621,6.383343389677384,-0.040000000000000036,True,1.11,False,9.185155967001439e-12,1.9999999999999998,True,0.24355947862799104,4.811325794731997,0.05062211311789954,0.22422337321232685,1250.0000148618783,9.032251710344903,1.11,2.826166425630795e-15,2178.170932386046,37364.182997808326,0.0,nan
pd,40.0,1.0,esn,22,"demo_00 -12.5,+5 deg",,0.08499149809886061,0.038293260640395316,7.556943309395464,-0.030000000000000027,True,1.12,False,0.00015073104024599266,2.0,True,1.14311260043904,5.151697470863624,0.2218904753052997,0.1963713321923858,1160.0243822861778,8.499149809886061,1.12,0.0005218352728611764,2021.3850882506,31202.902602472568,0.0,nan
pd,40.0,1.0,replay,22,"demo_00 -12.5,+5 deg",demo_00,0.08900547794056794,0.02607004913638584,6.760873804343057,-0.040000000000000036,True,1.11,False,9.185155967001439e-12,1.9999999999999998,True,0.2568075120287794,5.151697470863624,0.049849105752269356,0.23272625333571315,1250.0000148618783,8.900547794056793,1.11,2.826166425630795e-15,2178.170932386046,37167.899797955106,0.0,nan
pd,40.0,1.0,esn,23,"demo_00 -12.5,+7.5 deg",,0.09034829059240704,0.05427797335188199,8.376152929424201,-0.030000000000000027,True,1.12,False,0.0001302918111701638,2.0,True,1.233444580628164,5.9817120350538255,0.20620260109479926,0.2229288136954096,1285.9119315261617,9.034829059240703,1.12,0.0005286004110676064,2240.7487660455563,37973.368042136135,0.0,nan
pd,40.0,1.0,replay,23,"demo_00 -12.5,+7.5 deg",demo_00,0.08925646311366832,0.04795849342084343,7.310685585885726,-0.040000000000000036,True,1.11,False,9.185155967001439e-12,1.9999999999999998,True,0.2819741342370295,5.9817120350538255,0.04713936956252897,0.2550180840688998,1250.0000148618783,8.925646311366831,1.11,2.826166425630795e-15,2178.170932386046,37072.34343095902,0.0,nan
pd,40.0,1.0,esn,24,"demo_00 -12.5,+10 deg",,0.0967857895425184,0.08296105460395126,9.40287268973936,-0.040000000000000036,True,1.11,False,0.00012771197397253595,1.9999999999999998,True,1.4290766509410358,6.956066060007412,0.20544322589994393,0.26197865053831043,1411.2710919865717,9.67857895425184,1.11,0.0005353924509770573,2459.191706986925,45388.44047876642,0.0,nan
pd,40.0,1.0,replay,24,"demo_00 -12.5,+10 deg",demo_00,0.09110976202410813,0.0710483415104712,7.998781706774037,-0.040000000000000036,True,1.11,False,9.185155967001439e-12,1.9999999999999998,True,0.315888787191382,6.956066060007412,0.04541198781988643,0.2878138345454412,1250.0000148618783,9.110976202410813,1.11,2.826166425630795e-15,2178.170932386046,37077.525527204045,0.0,nan
pd,40.0,1.0,esn,25,"demo_00 -12.5,+12.5 deg",,0.10385014349021764,0.11187763832880472,10.574422397474974,-0.040000000000000036,True,1.11,False,0.00012737318377582555,1.9999999999999998,True,1.6775651304678352,8.03119072923262,0.2088812465082779,0.3096262261770093,1536.0330256787636,10.385014349021763,1.11,0.0005422358201294764,2676.593958351406,53411.61201351677,0.0,nan
pd,40.0,1.0,replay,25,"demo_00 -12.5,+12.5 deg",demo_00,0.09452655372701826,0.09339727069445329,8.79399968441568,-0.040000000000000036,True,1.11,False,9.185155967001439e-12,1.9999999999999998,True,0.3550166896680281,8.03119072923262,0.044204738953068035,0.3278274678417212,1250.0000148618783,9.452655372701827,1.11,2.826166425630795e-15,2178.170932386046,37184.15364271116,0.0,nan
pd,40.0,1.0,esn,26,"demo_00 -12.5,+15 deg",,0.11118739358547255,0.1401651159760444,11.795043893591195,-0.04999999999999982,True,1.11,False,0.00013850583270364286,1.9999999999999998,True,1.9588767000985006,9.101599835869152,0.21522333825077894,0.3631622350041397,1660.1324668130294,11.118739358547256,1.11,0.0005491572773304587,2892.841792103532,62004.07571289077,0.0,nan
pd,40.0,1.0,replay,26,"demo_00 -12.5,+15 deg",demo_00,0.0994073141038434,0.11493652685977306,9.62969032349295,-0.04999999999999982,True,1.11,False,9.185155967001439e-12,1.9999999999999998,True,0.3985433455021829,9.101599835869152,0.04378827378583869,0.3725576621198806,1500.0000057405152,10.106683348142552,1.11,2.826166425630795e-15,2178.170932386046,37393.60586097523,0.0,nan
pd,40.0,1.0,esn,27,"demo_00 -10,-15 deg",,0.11670989662415465,0.3002655745175899,11.193048975107173,0.050000000000000044,True,1.21,False,0.0003189257927945821,2.0,True,4.175709313106131,9.582090238800468,0.43578271640539945,0.3929556908987633,2084.327624589131,11.9393626230391,1.21,0.00048005938471945477,518.0281274883245,2246.767794185592,0.0,nan
pd,40.0,1.0,replay,27,"demo_00 -10,-15 deg",demo_00,0.11806481533553118,0.1597464662395411,8.243303887597738,-0.04999999999999982,True,1.11,False,9.185155967001439e-12,1.9999999999999998,True,0.4006549093638725,9.582090238800468,0.04181289252959785,0.4078333821609479,1499.9999942598195,12.075802932877918,1.11,2.826166425630795e-15,1742.5367510882622,27389.428260363748,0.0,nan
pd,40.0,1.0,esn,28,"demo_00 -10,-12.5 deg",,0.10240524745099848,0.2631849288173625,9.843499202583263,0.04999999999999982,True,1.2,False,0.00028808450167390985,2.0,True,3.6247262697992153,8.48223193744255,0.4273316618234439,0.3454931585094563,1804.5220555923077,10.512291022191054,1.2,0.000486847031172095,448.4866824399213,2019.4386911453576,0.0,nan
pd,40.0,1.0,replay,28,"demo_00 -10,-12.5 deg",demo_00,0.10865456554168933,0.14188842102241275,7.391050954577247,-0.040000000000000036,True,1.11,False,9.185155967001439e-12,1.9999999999999998,True,0.35259054778787624,8.48223193744255,0.04156813329183553,0.35945339888945976,1249.9999942597947,10.988385212217846,1.11,2.826166425630795e-15,1742.5367510882622,26568.402883134393,0.0,nan
pd,40.0,1.0,esn,29,"demo_00 -10,-10 deg",,0.08963220604921716,0.22577654219671256,8.531963844229802,0.029999999999999805,True,1.18,False,0.0002639389529138219,2.0,True,3.099135486461124,7.347989614561788,0.4217664489235872,0.2990445569328271,1526.356342717695,9.196566459826863,1.18,0.0004935727340890191,379.3527988450646,2572.593090466734,0.0,nan
pd,40.0,1.0,replay,29,"demo_00 -10,-10 deg",demo_00,0.09984904321758557,0.12243634438907229,6.580751459073695,-0.040000000000000036,True,1.11,False,9.185155967001439e-12,1.9999999999999998,True,0.30623132839652206,7.347989614561788,0.041675525478377363,0.31258306808522773,1000.0000148618514,9.984904321758558,1.11,2.826166425630795e-15,1742.5367510882622,25862.322940881168,0.0,nan
pd,40.0,1.0,esn,30,"demo_00 -10,-7.5 deg",,0.0788409106481754,0.18839660495347202,7.352436122100347,0.019999999999999796,True,1.17,False,0.00023466716838702533,2.0,True,2.55128427849829,6.283607093735563,0.40602224811952214,0.25423112355956234,1249.9350844730388,8.030634548324974,1.17,0.0005002386812572978,599.8109213086345,3911.6104062972117,0.0,nan
pd,40.0,1.0,replay,30,"demo_00 -10,-7.5 deg",demo_00,0.0918043000442658,0.10131091862922867,5.882558894870088,-0.040000000000000036,True,1.11,False,9.185155967001439e-12,1.9999999999999998,True,0.2625778094475112,6.283607093735563,0.04178775113251239,0.2684120174062304,1000.0000148618514,9.18043000442658,1.11,2.826166425630795e-15,1742.5367510882622,25267.154931928824,0.0,nan
pd,40.0,1.0,esn,31,"demo_00 -10,-5 deg",,0.07060680872391056,0.15149782364132383,6.405649311588277,0.019999999999999796,True,1.16,False,0.00020603323385170688,2.0,True,2.023128745983785,5.371905275532018,0.37661288541306603,0.21244333039764465,975.3509017725349,7.070334758068307,1.16,0.000506849588008494,821.6156277415998,6036.063821476982,0.0,nan
pd,40.0,1.0,replay,31,"demo_00 -10,-5 deg",demo_00,0.08472688200094801,0.07870576201620293,5.366616091379256,-0.030000000000000027,True,1.11,False,9.185155967001439e-12,1.9999999999999998,True,0.22498017391897804,5.371905275532018,0.0418808899970219,0.22889836227058566,1000.0000148618514,8.472688200094801,1.11,2.826166425630795e-15,1742.5367510882622,24779.371360447927,0.0,nan
pd,40.0,1.0,esn,32,"demo_00 -10,-2.5 deg",,0.06552986851821883,0.11578268728945744,5.738331369457281,0.0,True,1.1400000000000001,False,0.00018485712989124226,2.0,True,1.553292109136026,4.5715470818324935,0.3397738405252063,0.17655105544931918,702.6841662824754,6.552986851821882,1.1400000000000001,0.0005134129780356575,1043.1564502016395,8939.796929599752,0.0,nan
pd,40.0,1.0,replay,32,"demo_00 -10,-2.5 deg",demo_00,0.07887676787709982,0.05503578172352478,5.039716261232241,-0.030000000000000027,True,1.11,False,9.185155967001439e-12,1.9999999999999998,True,0.19526742143518835,4.5715470818324935,0.042713641124071264,0.19722244753743956,1000.0000148618514,7.887676787709982,1.11,2.826166425630795e-15,1742.5367510882622,24395.98075000255,0.0,nan
pd,40.0,1.0,esn,33,"demo_00 -10,+0 deg",,0.06398241692017123,0.08213874289015936,5.4948703715622775,-0.010000000000000009,True,1.1300000000000001,False,0.00015866037351836655,1.9999999999999998,True,1.1654517635648436,4.000538462351017,0.2913237241768541,0.15189845477612174,725.5424614119612,6.398241692017123,1.1300000000000001,0.0005199393900988798,1264.2843846957737,12611.078148494646,0.0,nan
pd,40.0,1.0,replay,33,"demo_00 -10,+0 deg",demo_00,0.0745539248774367,0.031070556058205526,4.972685865154985,-0.030000000000000027,True,1.11,False,9.185155967001439e-12,1.9999999999999998,True,0.18341345875346818,4.000538462351017,0.045847192941542346,0.17791494661044804,1000.0000148618514,7.455392487743669,1.11,2.826166425630795e-15,1742.5367510882622,24114.554620489926,0.0,nan
pd,40.0,1.0,esn,34,"demo_00 -10,+2.5 deg",,0.06583987801086162,0.05160225120532993,5.727124132648354,-0.020000000000000018,True,1.12,False,0.00013502361917252937,2.0,True,0.9569099639499439,3.720676610262821,0.25718708293821585,0.14569572780047596,852.1233285393529,6.583987801086161,1.12,0.0005264424954021669,1484.856194371769,17032.837554837468,0.0,nan
pd,40.0,1.0,replay,34,"demo_00 -10,+2.5 deg",demo_00,0.07205664997938559,0.006891700932298667,5.17822296428482,-0.030000000000000027,True,1.11,False,9.185155967001439e-12,1.9999999999999998,True,0.18936491812501186,3.720676610262821,0.05089529081960056,0.1752963175641735,1000.0000148618514,7.205664997938558,1.11,2.826166425630795e-15,1742.5367510882622,23933.25018473944,0.0,nan
pd,40.0,1.0,esn,35,"demo_00 -10,+5 deg",,0.07048375337124257,0.03191803655590413,6.380668031346714,-0.030000000000000027,True,1.11,False,0.00011619878698097458,1.9999999999999998,True,0.9651198420612107,4.2628121970554735,0.22640449483743733,0.1614415800733126,978.3063399022093,7.0483753371242575,1.11,0.0005329391147312168,1704.7347257667307,22182.992681021897,0.0,nan
pd,40.0,1.0,replay,35,"demo_00 -10,+5 deg",demo_00,0.07161140599338135,0.026464822228299757,5.628790036586549,-0.030000000000000027,True,1.11,False,9.185155967001439e-12,1.9999999999999998,True,0.20911174611642874,4.2628121970554735,0.0490548812497234,0.19012173777672897,1000.0000148618514,7.161140599338134,1.11,2.826166425630795e-15,1742.5367510882622,23850.827143609957,0.0,nan
pd,40.0,1.0,esn,36,"demo_00 -10,+7.5 deg",,0.07709101501706075,0.061687640581103716,7.341076655326697,-0.030000000000000027,True,1.11,False,9.820166857464201e-05,1.9999999999999998,True,1.1225965238474684,5.208742494885825,0.21552160141333224,0.19504052582808548,1104.0163921876372,7.709101501706074,1.11,0.0005394491290899466,1923.789108599763,28034.8717697867,0.0,nan
pd,40.0,1.0,replay,36,"demo_00 -10,+7.5 deg",demo_00,0.07330174121959149,0.05135712980609409,6.273697120407214,-0.030000000000000027,True,1.11,False,9.185155967001439e-12,1.9999999999999998,True,0.24084968574788126,5.208742494885825,0.04623950713331638,0.218842769153511,1000.0000148618514,7.330174121959149,1.11,2.826166425630795e-15,1742.5367510882622,23866.656582436077,0.0,nan
pd,40.0,1.0,esn,37,"demo_00 -10,+10 deg",,0.0849118219046842,0.09255790348114687,8.465688355266678,-0.050000000000000044,True,1.1,False,0.00010023158165886857,2.0,True,1.3732881857903134,6.236982057553702,0.22018472606107686,0.2400672118023724,1229.1820406908305,8.49118219046842,1.1,0.0005459952821895382,2141.8948478489174,34557.74466780606,0.0,nan
pd,40.0,1.0,replay,37,"demo_00 -10,+10 deg",demo_00,0.07704193587053504,0.07603639451066124,7.031041430923865,-0.040000000000000036,True,1.11,False,9.185155967001439e-12,1.9999999999999998,True,0.2796987829293703,6.236982057553702,0.044845212051014785,0.2567395557701451,1000.0000148618514,7.704193587053503,1.11,2.826166425630795e-15,1742.5367510882622,23980.719628309573,0.0,nan
pd,40.0,1.0,esn,38,"demo_00 -10,+12.5 deg",,0.09337558266772929,0.1229088695551541,9.748181065100763,-0.050000000000000044,True,1.1,False,0.00010952711009828991,2.0,True,1.663170968112176,7.395006322751494,0.2249046039345849,0.29207854405270195,1353.7354971174407,9.337558266772929,1.1,0.0005526028775286631,2358.933819921755,41717.472494550886,0.0,nan
pd,40.0,1.0,replay,38,"demo_00 -10,+12.5 deg",demo_00,0.08261465744894966,0.09984649239642336,7.916752670650736,-0.040000000000000036,True,1.11,False,9.185155967001439e-12,1.9999999999999998,True,0.32393893326828016,7.395006322751494,0.04380509212975908,0.3002143986785919,1250.0000057404905,8.30029249789974,1.11,2.826166425630795e-15,1742.5367510882622,24193.593259627673,0.0,nan
pd,40.0,1.0,esn,39,"demo_00 -10,+15 deg",,0.10208100486510402,0.15202453770428045,11.110657077530545,-0.050000000000000044,True,1.1,False,0.000130532822845168,2.0,True,1.973497138211011,8.60959182713233,0.2292207549249568,0.34861392977315575,1477.6125802156362,10.236098133016629,1.1,0.0005592993766244018,2574.7941866298925,49477.28685170078,0.0,nan
pd,40.0,1.0,replay,39,"demo_00 -10,+15 deg",demo_00,0.08974312905184527,0.12251891016822695,8.874544060026041,-0.040000000000000036,True,1.11,False,9.185155967001439e-12,1.9999999999999998,True,0.37260312954878405,8.60959182713233,0.04327767646017316,0.34700560627661003,1500.0000057405152,9.190503858074324,1.11,2.826166425630795e-15,1742.5367510882622,24506.420520802283,0.0,nan
pd,40.0,1.0,esn,40,"demo_00 -7.5,-15 deg",,0.11044601456642548,0.29723046039405926,10.611354653465018,0.05999999999999983,True,1.21,False,0.0002961204822068834,2.0,True,3.9961529405973377,9.126774210355928,0.43784943601026094,0.36883464085923545,1980.046281377054,11.192917453976593,1.21,0.0004934333622455594,492.1105757949961,2861.1667330705227,0.0,nan
pd,40.0,1.0,replay,40,"demo_00 -7.5,-15 deg",demo_00,0.105854305301517,0.17085662625600048,7.67805686704413,-0.040000000000000036,True,1.11,False,9.185155967001439e-12,1.9999999999999998,True,0.3755874028828883,9.126774210355928,0.04115226193025773,0.3617006681930663,1499.9999942598195,10.895379572850583,1.11,2.826166425630795e-15,1306.9025697904788,16175.230428616747,0.0,nan
pd,40.0,1.0,esn,41,"demo_00 -7.5,-12.5 deg",,0.09473381592948596,0.2583138338106897,9.126390427795926,0.04999999999999982,True,1.2,False,0.000263325978117341,2.0,True,3.436230302358636,7.8924157718108505,0.4353838421224254,0.31970495704095386,1699.536537541402,9.66620164998894,1.2,0.0004999463671721766,422.39411873366464,1594.5460617562876,0.0,nan
pd,40.0,1.0,replay,41,"demo_00 -7.5,-12.5 deg",demo_00,0.09519044387314687,0.15120130953940258,6.693489779308666,-0.040000000000000036,True,1.11,False,9.185155967001439e-12,1.9999999999999998,True,0.32535232017825066,7.8924157718108505,0.04122341366509145,0.31377316028524854,1249.9999942597947,9.713378046571348,1.11,2.826166425630795e-15,1306.9025697904788,15481.646923294194,0.0,nan
pd,40.0,1.0,esn,42,"demo_00 -7.5,-10 deg",,0.08026855437167728,0.21888800701853336,7.735644360518573,0.039999999999999813,True,1.18,False,0.00023566856916180183,2.0,True,2.8976677905536614,6.740215512319023,0.42990729083626833,0.27129368152326566,1420.7031401473932,8.229683216620446,1.18,0.0005063965959581759,353.09429224324083,1111.0134603617403,0.0,nan
pd,40.0,1.0,replay,42,"demo_00 -7.5,-10 deg",demo_00,0.0850805119700372,0.12963490822157805,5.791708291064,-0.030000000000000027,True,1.11,False,9.185155967001439e-12,1.9999999999999998,True,0.2764972908268836,6.740215512319023,0.04102202523369355,0.2668280519851315,999.9999942597702,8.580502145362802,1.11,2.826166425630795e-15,1306.9025697904788,14896.185354801699,0.0,nan
pd,40.0,1.0,esn,43,"demo_00 -7.5,-7.5 deg",,0.06751479889843807,0.17927223579642074,6.408026119853594,0.029999999999999805,True,1.17,False,0.00020423439439668892,2.0,True,2.33347125655297,5.572951719560627,0.41871370397175117,0.22402305532927125,1143.6530429348823,6.9208092483683314,1.17,0.0005127875511725918,284.3691176800707,1418.830227464904,0.0,nan
pd,40.0,1.0,replay,43,"demo_00 -7.5,-7.5 deg",demo_00,0.07572943788100402,0.1062148218691896,4.9550777034054,-0.030000000000000027,True,1.11,False,9.185155967001439e-12,1.9999999999999998,True,0.23071524646090422,5.572951719560627,0.04139911093274174,0.22192379759536734,750.0000148618233,7.5729437881004005,1.11,2.826166425630795e-15,1306.9025697904788,14415.234130045863,0.0,nan
pd,40.0,1.0,esn,44,"demo_00 -7.5,-5 deg",,0.05721747913862816,0.14007956529270127,5.2602422110507625,0.010000000000000009,True,1.1500000000000001,False,0.00017809220670014943,1.9999999999999998,True,1.7989845445228463,4.49589082033599,0.4001397312376022,0.17908715186513485,868.480924495835,5.8041083857524685,1.1500000000000001,0.0005191252707705911,505.9976094024418,2520.4802984258426,0.0,nan
pd,40.0,1.0,replay,44,"demo_00 -7.5,-5 deg",demo_00,0.06744527455928967,0.08109114951871949,4.271879333872565,-0.030000000000000027,True,1.11,False,9.185155967001439e-12,1.9999999999999998,True,0.1887452896406475,4.49589082033599,0.04198173336125231,0.18103004253663066,750.0000148618233,6.744527455928967,1.11,2.826166425630795e-15,1306.9025697904788,14035.650862649129,0.0,nan
pd,40.0,1.0,esn,45,"demo_00 -7.5,-2.5 deg",,0.050429000948250126,0.10230033247065543,4.432503889205507,0.0,True,1.1400000000000001,False,0.0001479700460177463,2.0,True,1.2867551855640547,3.5776302118395775,0.3596669050104034,0.1395096872591257,595.268893459991,5.042900094825012,1.1400000000000001,0.0005254185927093433,727.327467174596,4412.735052971931,0.0,nan
pd,40.0,1.0,replay,45,"demo_00 -7.5,-2.5 deg",demo_00,0.060670182466944396,0.05457478960939472,3.829036418727039,-0.030000000000000027,True,1.11,False,9.185155967001439e-12,1.9999999999999998,True,0.15354227458138067,3.5776302118395775,0.042917312715343756,0.14794560848692886,750.0000148618233,6.06701824669444,1.11,2.826166425630795e-15,1306.9025697904788,13754.787412902971,0.0,nan
pd,40.0,1.0,esn,46,"demo_00 -7.5,+0 deg",,0.048154813319057466,0.06708906479110247,4.137622218667816,0.0,True,1.1300000000000001,False,0.00011906472278990071,1.9999999999999998,True,0.8847429492785076,2.9439415675816205,0.3005300645302221,0.11245634702371612,544.1553927815753,4.8154813319057475,1.1300000000000001,0.0005316793433080571,948.2107561325968,7086.790835701293,0.0,nan
pd,40.0,1.0,replay,46,"demo_00 -7.5,+0 deg",demo_00,0.05597295600028188,0.027394051409907378,3.7335074571242957,-0.020000000000000018,True,1.11,False,9.185155967001439e-12,1.9999999999999998,True,0.1324252633776966,2.9439415675816205,0.04498230020457943,0.12918681387641234,750.0000148618233,5.597295600028188,1.11,2.826166425630795e-15,1306.9025697904788,13570.511820568494,0.0,nan
pd,40.0,1.0,esn,47,"demo_00 -7.5,+2.5 deg",,0.0505358288322726,0.035955401962714253,4.448038308342081,-0.010000000000000009,True,1.12,False,9.296730753774313e-05,2.0,True,0.7175320032779066,2.65161482227211,0.2706018978514645,0.10942919019108334,670.5772881311493,5.05358288322726,1.12,0.0005379224344083492,1168.5055516474747,10528.482270182667,0.0,nan
pd,40.0,1.0,replay,47,"demo_00 -7.5,+2.5 deg",demo_00,0.05393298640506132,0.0045492912926871415,3.9853097279508805,-0.020000000000000018,True,1.11,False,9.185155967001439e-12,1.9999999999999998,True,0.14184497652928066,2.65161482227211,0.053493808881237455,0.1312705273439048,750.0000148618233,5.393298640506132,1.11,2.826166425630795e-15,1306.9025697904788,13481.225998550446,0.0,nan
pd,40.0,1.0,esn,48,"demo_00 -7.5,+5 deg",,0.05657264789740841,0.03902720630343922,5.247599291501724,-0.030000000000000027,True,1.11,False,7.369036858661214e-05,1.9999999999999998,True,0.8102782283368436,3.4683880323559872,0.23361810177462825,0.13359192422377236,796.5836247922248,5.65726478974084,1.11,0.0005441658588072245,1388.0762208861722,14718.576246581451,0.0,nan
pd,40.0,1.0,replay,48,"demo_00 -7.5,+5 deg",demo_00,0.05489477352829871,0.030990144929627646,4.523975268385999,-0.030000000000000027,True,1.11,False,9.185155967001439e-12,1.9999999999999998,True,0.16946059114880618,3.4683880323559872,0.04885860220019728,0.1534193061768983,750.0000148618233,5.489477352829871,1.11,2.826166425630795e-15,1306.9025697904788,13485.877746053922,0.0,nan
pd,40.0,1.0,esn,49,"demo_00 -7.5,+7.5 deg",,0.06489228070664715,0.07205233519272596,6.379669917733845,-0.040000000000000036,True,1.1,False,6.867607045711489e-05,2.0,True,1.0490692949760727,4.540546377596946,0.23104472628055958,0.17519132737915358,922.1002699107873,6.489228070664715,1.1,0.0005504305781297724,1606.7935846280252,19633.153390382933,0.0,nan
pd,40.0,1.0,replay,49,"demo_00 -7.5,+7.5 deg",demo_00,0.058768136577479445,0.05836874533232877,5.291963854788405,-0.030000000000000027,True,1.11,False,9.185155967001439e-12,1.9999999999999998,True,0.20783527846970293,4.540546377596946,0.045773187010083656,0.18866210874676273,750.0000148618233,5.876813657747944,1.11,2.826166425630795e-15,1306.9025697904788,13583.965339165741,0.0,nan
pd,40.0,1.0,esn,50,"demo_00 -7.5,+10 deg",,0.07441704233564848,0.10487603134564344,7.684580592694676,-0.040000000000000036,True,1.1,False,7.830112527554658e-05,2.0,True,1.347104908785306,5.723848330371508,0.235349511558052,0.22573243268579832,1047.056824227615,7.441704233564848,1.1,0.0005567403020801046,1824.534969578415,25244.085586889352,0.0,nan
pd,40.0,1.0,replay,50,"demo_00 -7.5,+10 deg",demo_00,0.06509769886242993,0.0847947927930706,6.195258049320125,-0.030000000000000027,True,1.11,False,9.185155967001439e-12,1.9999999999999998,True,0.2528051755176025,5.723848330371508,0.0441669941141145,0.23098649943669516,1000.0000057404657,6.509769886242992,1.11,2.826166425630795e-15,1306.9025697904788,13775.532692272602,0.0,nan
pd,40.0,1.0,esn,51,"demo_00 -7.5,+12.5 deg",,0.08446177400188615,0.13637327696637042,9.08511754919139,-0.040000000000000036,True,1.1,False,0.00010308510825933077,2.0,True,1.670146531337206,6.971047485370299,0.23958329574461196,0.28121570337021357,1171.3865968459381,8.446177400188615,1.1,0.0005631211624250614,2041.184164400482,31519.619339496196,0.0,nan
pd,40.0,1.0,replay,51,"demo_00 -7.5,+12.5 deg",demo_00,0.07331434125162624,0.1098781720844515,7.184285273996366,-0.030000000000000027,True,1.11,False,9.185155967001439e-12,1.9999999999999998,True,0.3019376809603881,6.971047485370299,0.04331310059127352,0.27703107326905996,1250.0000057404905,7.436918350936618,1.11,2.826166425630795e-15,1306.9025697904788,14061.152891513759,0.0,nan
pd,40.0,1.0,esn,52,"demo_00 -7.5,+15 deg",,0.09461459386321275,0.16609741668320654,10.495088878423042,-0.050000000000000044,True,1.1,False,0.00013491885344658395,2.0,True,2.0022339136524057,8.188533735092438,0.24451678144424263,0.33986412646318065,1295.0265333429854,9.63915939261008,1.1,0.0005696012890373981,2256.631294446863,38425.07485831704,0.0,nan
pd,40.0,1.0,replay,52,"demo_00 -7.5,+15 deg",demo_00,0.08292298989688394,0.13320920441962472,8.193752772790656,-0.040000000000000036,True,1.11,False,9.185155967001439e-12,1.9999999999999998,True,0.3526599753474623,8.188533735092438,0.04306753647922551,0.3250607948126665,1500.0000057405152,8.521562479209674,1.11,2.826166425630795e-15,1306.9025697904788,14441.897826045246,0.0,nan
pd,40.0,1.0,esn,53,"demo_00 -5,-15 deg",,0.10592979323047115,0.2937045066428572,10.179549114534252,0.06999999999999984,True,1.21,False,0.00027349544875911945,2.0,True,3.829650772079759,8.690804127997184,0.4406555153789101,0.3467213032542108,1875.6192045161918,10.592979323047114,1.21,0.0005068355393065075,695.6701722798738,5140.988867306522,0.0,nan
pd,40.0,1.0,replay,53,"demo_00 -5,-15 deg",demo_00,0.09565229211464453,0.1820719471716409,7.286536728326787,-0.030000000000000027,True,1.11,False,9.185155967001439e-12,1.9999999999999998,True,0.35988495340291937,8.690804127997184,0.04140985668329125,0.32557841342170507,1499.9999942598195,9.874306418431644,1.11,2.826166425630795e-15,871.2683884926954,8070.118914163742,0.0,nan
pd,40.0,1.0,esn,54,"demo_00 -5,-12.5 deg",,0.08898194193850026,0.2530223262795408,8.613468735993978,0.05999999999999983,True,1.2,False,0.00023868755903368177,2.0,True,3.2626860076566078,7.432521381958587,0.43897431840240986,0.2964159083974449,1594.415049576466,8.957866174349833,1.2,0.000513084341164622,474.18356080236356,2823.3852083233946,0.0,nan
pd,40.0,1.0,replay,54,"demo_00 -5,-12.5 deg",demo_00,0.08365441697173315,0.1602000681069854,6.209027399654091,-0.030000000000000027,True,1.11,False,9.185155967001439e-12,1.9999999999999998,True,0.3087381616413156,7.432521381958587,0.0415388191671718,0.2779927539694215,1249.9999942597947,8.594645942889665,1.11,2.826166425630795e-15,871.2683884926954,7493.17198089262,0.0,nan
pd,40.0,1.0,esn,55,"demo_00 -5,-10 deg",,0.07291884551994028,0.21137248799471048,7.080671352279849,0.039999999999999813,True,1.18,False,0.00020744453926012482,2.0,True,2.711596617153413,6.165456649857062,0.43980466835595666,0.24653993582604541,1314.9230802776522,7.404431951835849,1.18,0.0005192699173275063,326.80425717702764,1290.9057056860122,0.0,nan
pd,40.0,1.0,replay,55,"demo_00 -5,-10 deg",demo_00,0.0720525576462457,0.13617897690954367,5.162628281948674,-0.030000000000000027,True,1.11,False,9.185155967001439e-12,1.9999999999999998,True,0.2573563009239493,6.165456649857062,0.04174164470524916,0.230773426207678,999.9999942597702,7.346995492983796,1.11,2.826166425630795e-15,871.2683884926954,7015.173386540838,0.0,nan
pd,40.0,1.0,esn,56,"demo_00 -5,-7.5 deg",,0.058088599251019536,0.16906078807815078,5.632750150416235,0.039999999999999813,True,1.17,False,0.00017383518792684922,2.0,True,2.1319840483605264,4.957913960028026,0.4300163467032967,0.19724773775777987,1037.2524974202518,5.941717173077965,1.17,0.0005253969817795918,257.79343066429755,554.6215746052691,0.0,nan
pd,40.0,1.0,replay,56,"demo_00 -5,-7.5 deg",demo_00,0.061056644474890114,0.11008053106241301,4.192859242668206,-0.020000000000000018,True,1.11,False,9.185155967001439e-12,1.9999999999999998,True,0.20711684351883672,4.957913960028026,0.041774997547086495,0.18466857650534585,749.9999942597391,6.152596389199567,1.11,2.826166425630795e-15,871.2683884926954,6632.90195497911,0.0,nan
pd,40.0,1.0,esn,57,"demo_00 -5,-5 deg",,0.04520888848130901,0.12672776498597552,4.277287718444074,0.020000000000000018,True,1.1500000000000001,False,0.00014375576657901722,1.9999999999999998,True,1.5724730519335859,3.75368464849518,0.4189145331012228,0.14932505466241694,761.499941426944,4.628692638675353,1.1500000000000001,0.0005314727898227644,190.47057453149503,619.8550813087959,0.0,nan
pd,40.0,1.0,replay,57,"demo_00 -5,-5 deg",demo_00,0.05105413305062242,0.08208131454988536,3.316959700604246,-0.020000000000000018,True,1.11,False,9.185155967001439e-12,1.9999999999999998,True,0.1596251704223264,3.75368464849518,0.04252492826916581,0.1412816151190794,500.00001486179553,5.105413305062242,1.11,2.826166425630795e-15,871.2683884926954,6343.578572869107,0.0,nan
pd,40.0,1.0,esn,58,"demo_00 -5,-2.5 deg",,0.035780805945980196,0.08604781723461308,3.202742141054587,0.0,True,1.1300000000000001,False,0.00011441087189691816,1.9999999999999998,True,1.0342942053093427,2.6786179951776896,0.38612979050069124,0.10547431756860084,487.74917552666085,3.597106082197708,1.1300000000000001,0.0005375073884264116,411.5607081190186,1486.2345435894501,0.0,nan
pd,40.0,1.0,replay,58,"demo_00 -5,-2.5 deg",demo_00,0.04275848556015975,0.052502887622556914,2.67980590444024,-0.020000000000000018,True,1.11,False,9.185155967001439e-12,1.9999999999999998,True,0.11825963834806531,2.6786179951776896,0.04414949745016568,0.10460342727225827,500.00001486179553,4.2758485560159745,1.11,2.826166425630795e-15,871.2683884926954,6144.888530363652,0.0,nan
pd,40.0,1.0,esn,59,"demo_00 -5,+0 deg",,0.03221564548535666,0.048953783249361636,2.755194480837822,-0.010000000000000009,True,1.12,False,8.296242813923234e-05,2.0,True,0.6014872022586599,1.8908796364316314,0.3180991484967044,0.0751207671490285,362.7876550873938,3.221564548535666,1.12,0.0005435137882806939,632.1708124356873,3147.817384326042,0.0,nan
pd,40.0,1.0,replay,59,"demo_00 -5,+0 deg",demo_00,0.03735713381870614,0.02200177509884026,2.478850032927933,-0.020000000000000018,True,1.11,False,9.185155967001439e-12,1.9999999999999998,True,0.0914452009534794,1.8908796364316314,0.04836119612882921,0.0844207287792338,500.00001486179553,3.7357133818706134,1.11,2.826166425630795e-15,871.2683884926954,6035.00104614889,0.0,nan
pd,40.0,1.0,esn,60,"demo_00 -5,+2.5 deg",,0.0356487462665967,0.017351378753398063,3.2038771421820815,-0.020000000000000018,True,1.11,False,5.513135859836811e-05,1.9999999999999998,True,0.5051715046347383,1.8423910691393575,0.27419341805142416,0.07858781581452286,489.0343863907301,3.56487462665967,1.11,0.000549508042861643,852.1603781670625,5593.2828379192915,0.0,nan
pd,40.0,1.0,replay,60,"demo_00 -5,+2.5 deg",demo_00,0.03622336059583031,0.009712260368392766,2.813828405157639,-0.020000000000000018,True,1.11,False,9.185155967001439e-12,1.9999999999999998,True,0.1023341777081626,1.8423910691393575,0.05554422154030866,0.09254405162429837,500.00001486179553,3.622336059583031,1.11,2.826166425630795e-15,871.2683884926954,6012.584939077666,0.0,nan
pd,40.0,1.0,esn,61,"demo_00 -5,+5 deg",,0.04397156922111864,0.050084858148185044,4.270930379683355,-0.030000000000000027,True,1.1,False,4.1105628270261086e-05,2.0,True,0.7120403676349024,2.8962570253240454,0.24584847318764338,0.11443679762383197,614.8480976966331,4.397156922111864,1.1,0.0005555092242603825,1071.3953906501695,8806.197627055593,0.0,nan
pd,40.0,1.0,replay,61,"demo_00 -5,+5 deg",demo_00,0.03978989064816825,0.040117468448320745,3.5388716391467834,-0.020000000000000018,True,1.11,False,9.185155967001439e-12,1.9999999999999998,True,0.13929952442206622,2.8962570253240454,0.04809639586682774,0.12358263357347679,500.00001486179553,3.978989064816825,1.11,2.826166425630795e-15,871.2683884926954,6076.819143778148,0.0,nan
pd,40.0,1.0,esn,62,"demo_00 -5,+7.5 deg",,0.05459165275111413,0.08600187205380945,5.610210996460213,-0.040000000000000036,True,1.09,False,5.4808355396019947e-05,1.9999999999999998,True,1.0280252424369802,4.112408088240441,0.24998132976555765,0.16372751858055237,740.1556786850791,5.459165275111413,1.09,0.0005615392903975317,1289.7484524673769,12765.359830947657,0.0,nan
pd,40.0,1.0,replay,62,"demo_00 -5,+7.5 deg",demo_00,0.04706826578752802,0.06962457815429422,4.470349104068726,-0.020000000000000018,True,1.11,False,9.185155967001439e-12,1.9999999999999998,True,0.18529656102792844,4.112408088240441,0.04505792155155753,0.16504555069376795,750.000005740441,4.7068265787528025,1.11,2.826166425630795e-15,871.2683884926954,6227.3965122473255,0.0,nan
pd,40.0,1.0,esn,63,"demo_00 -5,+10 deg",,0.0660736956705064,0.12032987867987714,7.034458320066556,-0.050000000000000044,True,1.09,False,8.407624700142762e-05,1.9999999999999998,True,1.3709597299423,5.35504335643123,0.25601281608594684,0.21847162250503546,864.8878231058286,6.6073695670506405,1.09,0.0005676228430036654,1507.0987949323517,17445.228004074055,0.0,nan
pd,40.0,1.0,replay,63,"demo_00 -5,+10 deg",demo_00,0.05671393886677542,0.0975797087147203,5.482278402175979,-0.030000000000000027,True,1.11,False,9.185155967001439e-12,1.9999999999999998,True,0.235484907260975,5.35504335643123,0.04397441656157003,0.21077630474793851,1000.0000057404657,5.717575620650875,1.11,2.826166425630795e-15,871.2683884926954,6464.5191210672265,0.0,nan
pd,40.0,1.0,esn,64,"demo_00 -5,+12.5 deg",,0.07774973095777171,0.1525378685001215,8.536305125717709,-0.050000000000000044,True,1.09,False,0.00011940942807570212,1.9999999999999998,True,1.7215020475508136,6.667287798282184,0.258201250588636,0.2762042213081559,1109.653221631525,7.879901518103879,1.09,0.0005737867803532518,1723.3321931261878,22816.444024050328,0.0,nan
pd,40.0,1.0,replay,64,"demo_00 -5,+12.5 deg",demo_00,0.06778815880360926,0.12351142590103183,6.570019106803917,-0.030000000000000027,True,1.11,False,9.185155967001439e-12,1.9999999999999998,True,0.2872306842644939,6.667287798282184,0.04308058883231325,0.25839226684929756,1250.0000057404905,6.9068685662178195,1.11,2.826166425630795e-15,871.2683884926954,6788.883145031812,0.0,nan
pd,40.0,1.0,esn,65,"demo_00 -5,+15 deg",,0.08929631621003155,0.1824967039936642,10.021339316867431,-0.06000000000000005,True,1.09,False,0.00015677292632892585,1.9999999999999998,True,2.070991529519396,7.932950423380334,0.26106195286632333,0.33600069297467305,1368.119480862853,9.214558844714505,1.09,0.000580059852702949,1938.340800751224,28846.458692601514,0.0,nan
pd,40.0,1.0,replay,65,"demo_00 -5,+15 deg",demo_00,0.07975862369328512,0.14726746368307797,7.6580724976604175,-0.040000000000000036,True,1.11,False,9.185155967001439e-12,1.9999999999999998,True,0.33973582728265306,7.932950423380334,0.04282591080884219,0.30687195918060856,1500.0000057405152,8.169892106626993,1.11,2.826166425630795e-15,871.2683884926954,7201.651299614762,0.0,nan
pd,40.0,1.0,esn,66,"demo_00 -2.5,-15 deg",,0.10342243773647174,0.2908724012430094,9.879191532473289,0.06999999999999984,True,1.21,False,0.0002510386435894783,2.0,True,3.6764770001694673,8.120902212103429,0.4527178020552974,0.3263535700378813,1771.0796378000655,10.342243773647175,1.21,0.0005202537367284597,1010.4029018837053,9078.246284229537,0.0,nan
pd,40.0,1.0,replay,66,"demo_00 -2.5,-15 deg",demo_00,0.08815314541460312,0.1922015463928398,7.067144830379624,-0.030000000000000027,True,1.11,False,9.185155967001439e-12,1.9999999999999998,True,0.342625152317499,8.120902212103429,0.042190528018777144,0.2997486341141474,1499.9999942598195,9.063521434466038,1.11,2.826166425630795e-15,435.63420719491194,3083.869860101449,0.0,nan
pd,40.0,1.0,esn,67,"demo_00 -2.5,-12.5 deg",,0.08557949243146046,0.24817527588592106,8.29883565222984,0.06999999999999984,True,1.2,False,0.00021414227109520071,2.0,True,3.10500467536095,6.938359574781361,0.44751279346296974,0.2754866323660366,1489.1916315805056,8.557949243146046,1.2,0.0005262492432466489,789.0417664301444,5698.327224421447,0.0,nan
pd,40.0,1.0,replay,67,"demo_00 -2.5,-12.5 deg",demo_00,0.07493856622193348,0.16787712969391633,5.951410065573989,-0.020000000000000018,True,1.11,False,9.185155967001439e-12,1.9999999999999998,True,0.29137623142619334,6.938359574781361,0.041994974213393245,0.25260485821891615,1249.9999942597947,7.697937538413617,1.11,2.826166425630795e-15,435.63420719491194,2611.682608862743,0.0,nan
pd,40.0,1.0,esn,68,"demo_00 -2.5,-10 deg",,0.06829360858155097,0.20406178316837661,6.685684360556936,0.04999999999999982,True,1.18,False,0.0001792281992205103,2.0,True,2.545176288845381,5.676262714408268,0.44838944511586226,0.22482939049911663,1209.0509377068215,6.829360858155097,1.18,0.0005321815339884449,567.5771547066831,3105.0405237142336,0.0,nan
pd,40.0,1.0,replay,68,"demo_00 -2.5,-10 deg",demo_00,0.06187482674763135,0.1411059751341603,4.810758109026963,-0.020000000000000018,True,1.11,False,9.185155967001439e-12,1.9999999999999998,True,0.23979135828427253,5.676262714408268,0.04224458421834515,0.20529310021142214,999.9999942597702,6.342450307323943,1.11,2.826166425630795e-15,435.63420719491194,2226.9537431209274,0.0,nan
pd,40.0,1.0,esn,69,"demo_00 -2.5,-7.5 deg",,0.05169502161521239,0.15877519782891564,5.114168311909387,0.039999999999999813,True,1.16,False,0.00014483852714538124,2.0,True,1.9695456480479594,4.439265681005834,0.4436647386244534,0.17424888823316612,930.7688903012507,5.195647927751615,1.16,0.0005380564241656799,346.17137894739255,1312.1930247978896,0.0,nan
pd,40.0,1.0,replay,69,"demo_00 -2.5,-7.5 deg",demo_00,0.04906797327679277,0.11196572606481925,3.7021005153927673,-0.010000000000000009,True,1.11,False,9.185155967001439e-12,1.9999999999999998,True,0.18796766405429313,4.439265681005834,0.042342062305156754,0.15814343559284083,749.9999942597391,5.00729290653828,1.11,2.826166425630795e-15,435.63420719491194,1926.8260559583682,0.0,nan
pd,40.0,1.0,esn,70,"demo_00 -2.5,-5 deg",,0.03611655309125284,0.11286064838315232,3.5576904415513293,0.030000000000000027,True,1.1500000000000001,False,0.00010942340829068498,1.9999999999999998,True,1.3710698081200712,3.145426020257325,0.43589319834262225,0.12394455812005287,654.4439911450261,3.672656059931884,1.1500000000000001,0.0005438822727286781,162.65216239489814,327.8705524434574,0.0,nan
pd,40.0,1.0,replay,70,"demo_00 -2.5,-5 deg",demo_00,0.036785937592357924,0.08066729460940739,2.6145849213292527,-0.010000000000000009,True,1.11,False,9.185155967001439e-12,1.9999999999999998,True,0.13612767483429838,3.145426020257325,0.0432779769600691,0.11192085734869317,499.999994259708,3.7174033222015423,1.11,2.826166425630795e-15,435.63420719491194,1708.8671010633389,0.0,nan
pd,40.0,1.0,esn,71,"demo_00 -2.5,-2.5 deg",,0.022705575851683004,0.06735585230440216,2.1400281138910553,0.010000000000000009,True,1.1300000000000001,False,7.580807919070876e-05,1.9999999999999998,True,0.7915776256759252,1.8929585974569376,0.41816953986175737,0.07540783372624969,380.1615721044548,2.3213321970230627,1.1300000000000001,0.0005496702205422859,95.84021632507782,154.48509642090724,0.0,nan
pd,40.0,1.0,replay,71,"demo_00 -2.5,-2.5 deg",demo_00,0.02581401412803343,0.04761173717562899,1.6636183109395877,-0.010000000000000009,True,1.11,False,9.185155967001439e-12,1.9999999999999998,True,0.08715262170316283,1.8929585974569376,0.046040426779669935,0.06923114904355979,250.0000148617692,2.581401412803343,1.11,2.826166425630795e-15,435.63420719491194,1571.0909748509737,0.0,nan
pd,40.0,1.0,esn,72,"demo_00 -2.5,+0 deg",,0.016164632702267392,0.026900021356390157,1.3773274520668735,0.0,True,1.12,False,4.140669580339511e-05,2.0,True,0.3048416867603975,0.8980090771678382,0.33946392582334944,0.03956579316737244,181.43028550149867,1.616463270226739,1.12,0.0005554343483594373,316.14893554823806,788.8857494093767,0.0,nan
pd,40.0,1.0,replay,72,"demo_00 -2.5,+0 deg",demo_00,0.018701248916769074,0.013463935195386119,1.235655189345891,-0.010000000000000009,True,1.11,False,9.185155967001439e-12,1.9999999999999998,True,0.052693779870894235,0.8980090771678382,0.058678449038712506,0.043336715173145766,250.0000148617692,1.8701248916769073,1.11,2.826166425630795e-15,435.63420719491194,1511.977894748219,0.0,nan
pd,40.0,1.0,esn,73,"demo_00 -2.5,+2.5 deg",,0.022301004246570364,0.026245548288593386,2.1392854125472947,-0.020000000000000018,True,1.1,False,1.7858507990345614e-05,2.0,True,0.36217441069440964,1.3426102757979932,0.2697539391906917,0.05744966998886828,307.48588343226135,2.2301004246570364,1.1,0.0005611917401045431,535.8054443584944,2222.5336029242694,0.0,nan
pd,40.0,1.0,replay,73,"demo_00 -2.5,+2.5 deg",demo_00,0.020179952869683517,0.020886257037772703,1.7715032496888437,-0.010000000000000009,True,1.11,False,9.185155967001439e-12,1.9999999999999998,True,0.07389640795319866,1.3426102757979932,0.0550393582451003,0.06182471235931511,250.0000148617692,2.0179952869683517,1.11,2.826166425630795e-15,435.63420719491194,1530.4906098552428,0.0,nan
pd,40.0,1.0,esn,74,"demo_00 -2.5,+5 deg",,0.03434508052907456,0.06619111435524862,3.54664333527428,-0.030000000000000027,True,1.09,False,3.8229141463794295e-05,1.9999999999999998,True,0.6989859532194403,2.6081337614895856,0.2680023408079453,0.1060347279179722,433.0912655894985,3.434508052907456,1.09,0.0005669624414922159,754.6774356491243,4441.742449179233,0.0,nan
pd,40.0,1.0,replay,74,"demo_00 -2.5,+5 deg",demo_00,0.02905149111098601,0.05414199403275017,2.761173679582425,-0.010000000000000009,True,1.11,False,9.185155967001439e-12,1.9999999999999998,True,0.12193583237031812,2.6081337614895856,0.04675213908533465,0.10314488206524478,500.00000574040354,2.905149111098601,1.11,2.826166425630795e-15,435.63420719491194,1626.0864384321414,0.0,nan
pd,40.0,1.0,esn,75,"demo_00 -2.5,+7.5 deg",,0.04758469929661402,0.10411890566921193,5.062822424467303,-0.040000000000000036,True,1.09,False,7.43406155064014e-05,1.9999999999999998,True,1.0670419869279038,3.9123409319262543,0.27273747495276235,0.160560333918344,695.3017439935212,4.758469929661402,1.09,0.0005727693089157658,972.6393755756028,7427.989018924291,0.0,nan
pd,40.0,1.0,replay,75,"demo_00 -2.5,+7.5 deg",demo_00,0.0408202183183543,0.0855628779991496,3.8565973667655014,-0.020000000000000018,True,1.11,False,9.185155967001439e-12,1.9999999999999998,True,0.1741826312440617,3.9123409319262543,0.044521332438761226,0.1493811547981876,750.000005740441,4.110159183948681,1.11,2.826166425630795e-15,435.63420719491194,1798.7234896678979,0.0,nan
pd,40.0,1.0,esn,76,"demo_00 -2.5,+10 deg",,0.06089489897318931,0.13926403621440983,6.631185894322655,-0.050000000000000044,True,1.08,False,0.00011208550724022623,2.0,True,1.4452362321393084,5.26196166850563,0.2746573090392253,0.21751371231997574,958.5545075817853,6.158679599186857,1.08,0.0005786377484733254,1189.57247346722,11158.298384227306,0.0,nan
pd,40.0,1.0,replay,76,"demo_00 -2.5,+10 deg",demo_00,0.053678660179285145,0.1146078734207066,5.007555801611101,-0.020000000000000018,True,1.11,False,9.185155967001439e-12,1.9999999999999998,True,0.22750863615790606,5.26196166850563,0.04323646778341457,0.19700800675536756,1000.0000057404657,5.435777664665022,1.11,2.826166425630795e-15,435.63420719491194,2048.859414714993,0.0,nan
pd,40.0,1.0,esn,77,"demo_00 -2.5,+12.5 deg",,0.07394937101684969,0.17165884828652347,8.176191352553914,-0.06000000000000005,True,1.08,False,0.00015113528251491445,2.0,True,1.811442866424161,6.567441649231515,0.2758216917901548,0.27612894022844103,1219.5268859219714,7.585351476372616,1.08,0.000584595349542737,1405.364555340902,15605.711762497025,0.0,nan
pd,40.0,1.0,replay,77,"demo_00 -2.5,+12.5 deg",demo_00,0.06706249208761356,0.14105598358771887,6.152091017725809,-0.030000000000000027,True,1.11,False,9.185155967001439e-12,1.9999999999999998,True,0.2811768468788238,6.567441649231515,0.04281375639046988,0.2450936154006678,1250.0000057404905,6.801844505707328,1.11,2.826166425630795e-15,435.63420719491194,2377.440869820086,0.0,nan
pd,40.0,1.0,esn,78,"demo_00 -2.5,+15 deg",,0.08662156106677328,0.20134437357177426,9.752698440385695,-0.06000000000000005,True,1.08,False,0.00019051886178768782,2.0,True,2.169637599384679,7.921503102770436,0.2738921605201263,0.33612588765728785,1478.2214482321701,9.002688045938182,1.08,0.0005906714215485111,1619.9098585664256,20739.84487432566,0.0,nan
pd,40.0,1.0,replay,78,"demo_00 -2.5,+15 deg",demo_00,0.080764215656066,0.16490518690056594,7.329771100804829,-0.030000000000000027,True,1.11,False,9.185155967001439e-12,1.9999999999999998,True,0.33489984463045025,7.921503102770436,0.04227731028891772,0.2932759000133988,1500.0000057405152,8.189014773100574,1.11,2.826166425630795e-15,435.63420719491194,2785.8817941151365,0.0,nan
pd,40.0,1.0,esn,79,"demo_00 +0,-15 deg",,0.10310356520870874,0.28896341857245544,9.814820991352752,0.08999999999999986,True,1.22,False,0.0002288179065404177,2.0,True,3.5132511484350504,7.5568923326608894,0.4649068682970086,0.3079149144891153,1666.4614198895692,10.310356520870874,1.22,0.0005336751149021415,1324.9637300067259,14664.165745875762,0.0,nan
pd,40.0,1.0,replay,79,"demo_00 +0,-15 deg",demo_00,0.08407936157021952,0.20167510331201238,7.097855031612556,-0.020000000000000018,True,1.11,False,9.185155967001439e-12,1.9999999999999998,True,0.32872855681774427,7.5568923326608894,0.04350049495835469,0.28374164273081603,1499.9999942598195,8.521356829889099,1.11,2.826166425630795e-15,372.80232679931163,1225.039199999604,0.0,nan
pd,40.0,1.0,esn,80,"demo_00 +0,-12.5 deg",,0.084852830923741,0.2440324770952078,8.211730576867414,0.07999999999999985,True,1.2,False,0.0001896765121037831,2.0,True,2.9677843053764144,6.377246175289189,0.4653708236756023,0.25731478909661476,1383.9008514900504,8.4852830923741,1.2,0.0005394287211753334,1103.756596273414,10210.967492515392,0.0,nan
pd,40.0,1.0,replay,80,"demo_00 +0,-12.5 deg",demo_00,0.07010202909813512,0.17439195255116302,5.951187509979113,-0.010000000000000009,True,1.11,False,9.185155967001439e-12,1.9999999999999998,True,0.2764757369965164,6.377246175289189,0.04335346784444605,0.23736267233077257,1249.9999942597947,7.106839264815072,1.11,2.826166425630795e-15,310.6686054283136,844.6270767917059,0.0,nan
pd,40.0,1.0,esn,81,"demo_00 +0,-10 deg",,0.0670187504209835,0.19728107584687357,6.5667008917377965,0.05999999999999983,True,1.18,False,0.00015098473973681507,2.0,True,2.4030756820213384,5.122756451871138,0.46909817099417067,0.20689368043433737,1103.1219470713395,6.701875042098349,1.18,0.0005451196536068594,882.4826598475494,6545.422488194277,0.0,nan
pd,40.0,1.0,replay,81,"demo_00 +0,-10 deg",demo_00,0.05612495704366346,0.14430006577725282,4.7690395075846554,-0.010000000000000009,True,1.11,False,9.185155967001439e-12,1.9999999999999998,True,0.22389570701974296,5.122756451871138,0.04370610024569152,0.19062458523674186,999.9999942597702,5.690078871707906,1.11,2.826166425630795e-15,248.53488405731554,537.9021218647713,0.0,nan
pd,40.0,1.0,esn,82,"demo_00 +0,-7.5 deg",,0.04960890520113736,0.1489493097939989,4.944977394782608,0.04999999999999982,True,1.16,False,0.00011275367075776633,2.0,True,1.8198895082159032,3.8891417906546457,0.46794115673256736,0.15635797255844666,824.2380559867922,4.960890520113736,1.16,0.0005507547119080635,661.3037167673151,3683.996444522905,0.0,nan
pd,40.0,1.0,replay,82,"demo_00 +0,-7.5 deg",demo_00,0.04213709209516008,0.11147283227167154,3.598772745570686,0.0,True,1.11,False,9.185155967001439e-12,1.9999999999999998,True,0.17102334530879332,3.8891417906546457,0.04397457190163425,0.14363321837092222,749.9999942597391,4.271024083315297,1.11,2.826166425630795e-15,186.40116268631746,302.34950810259784,0.0,nan
pd,40.0,1.0,esn,83,"demo_00 +0,-5 deg",,0.03263032007008867,0.09946350126030741,3.296453311259133,0.030000000000000027,True,1.1400000000000001,False,7.492848300900729e-05,2.0,True,1.2197270078758107,2.6022551723041376,0.4687192174147231,0.10553323023209468,547.3494375386042,3.2630320070088668,1.1400000000000001,0.000556343237024963,440.3762184593812,1637.461563495137,0.0,nan
pd,40.0,1.0,replay,83,"demo_00 +0,-5 deg",demo_00,0.02812742046582964,0.07613532507822264,2.403557616237115,0.0,True,1.11,False,9.185155967001439e-12,1.9999999999999998,True,0.11791068679296828,2.6022551723041376,0.04531096260193637,0.09656883784850782,499.999994259708,2.849647259268039,1.11,2.826166425630795e-15,124.26744131531912,135.87189115631924,0.0,nan
pd,40.0,1.0,esn,84,"demo_00 +0,-2.5 deg",,0.016089599059001952,0.049481089453782996,1.6507669025190774,0.020000000000000018,True,1.1300000000000001,False,3.75227361424408e-05,1.9999999999999998,True,0.6015289523168824,1.3056205598504806,0.4607226408764345,0.05468581566074746,272.5429039356128,1.608959905900195,1.1300000000000001,0.0005618973393082695,219.85067178068525,410.93784519225375,0.0,nan
pd,40.0,1.0,replay,84,"demo_00 +0,-2.5 deg",demo_00,0.014085166059378063,0.038719478711837924,1.204884308281555,0.0,True,1.11,False,9.185155967001439e-12,1.9999999999999998,True,0.06461361902181623,1.3056205598504806,0.049488818580810154,0.05003591090671256,249.9999942596833,1.4259552206647035,1.11,2.826166425630795e-15,62.13371994432106,36.81265184775392,0.0,nan
pd,40.0,1.0,esn,85,"demo_00 +0,+2.5 deg",,0.015653280117899914,0.045908424630461395,1.6313636869876578,-0.010000000000000009,True,1.1,False,3.7786421756374095e-05,2.0,True,0.40117313900516344,1.3499602816745566,0.2971740313037423,0.0557991379434213,270.54473245299215,1.5653280117899915,1.1,0.0005729653451886185,219.42484625468714,410.8080953867536,0.0,nan
pd,40.0,1.0,replay,85,"demo_00 +0,+2.5 deg",demo_00,0.014137738768100528,0.038195012436894556,1.2033065230992444,0.0,True,1.11,False,9.185155967001439e-12,1.9999999999999998,True,0.06691988946767649,1.3499602816745566,0.049571746944040304,0.05003860635699693,250.00000574037884,1.4281107621486544,1.11,2.826166425630795e-15,62.13372279767505,36.65583103224096,0.0,nan
pd,40.0,1.0,esn,86,"demo_00 +0,+5 deg",,0.030843457466174406,0.08822767116106273,3.251262052722394,-0.030000000000000027,True,1.09,False,7.595684740729622e-05,1.9999999999999998,True,0.7980268699565958,2.6929104496170755,0.29634363447550693,0.10958606192105462,538.7200868522744,3.1005748950152046,1.09,0.0005785181418861843,437.9069003367074,1620.3846751590092,0.0,nan
pd,40.0,1.0,replay,86,"demo_00 +0,+5 deg",demo_00,0.02833681164834926,0.07408845176471031,2.4005573750261213,-0.010000000000000009,True,1.11,False,9.185155967001439e-12,1.9999999999999998,True,0.1223698052276173,2.6929104496170755,0.04544146844727716,0.09675167507135128,500.00000574040354,2.858202341448888,1.11,2.826166425630795e-15,124.26744416867311,134.63377222170536,0.0,nan
pd,40.0,1.0,esn,87,"demo_00 +0,+7.5 deg",,0.045571766578053535,0.1268232916865442,4.873548855863544,-0.040000000000000036,True,1.08,False,0.00011468206754782996,2.0,True,1.1889093636576216,4.054850195212392,0.2932067293290836,0.16517029205160477,804.6013524260944,4.616878452716896,1.08,0.0005841140791233676,655.4513799949673,3616.836895897922,0.0,nan
pd,40.0,1.0,replay,87,"demo_00 +0,+7.5 deg",demo_00,0.04260484086668729,0.10698318437151161,3.6057567844769705,-0.010000000000000009,True,1.11,False,9.185155967001439e-12,1.9999999999999998,True,0.17767521567639152,4.054850195212392,0.043817948166414315,0.1441261190924595,750.000005740441,4.290023073821542,1.11,2.826166425630795e-15,186.40116553967115,298.2090449068172,0.0,nan
pd,40.0,1.0,esn,88,"demo_00 +0,+10 deg",,0.059832726680364136,0.16194102487000364,6.462205672792636,-0.050000000000000044,True,1.08,False,0.00015384093720942772,2.0,True,1.5633904532873633,5.376867912810926,0.2907622948226846,0.2220852753949585,1068.1681022098426,6.1112103604487835,1.08,0.0005897792665690949,871.9415358982812,6379.73174522014,0.0,nan
pd,40.0,1.0,replay,88,"demo_00 +0,+10 deg",demo_00,0.056948063878654885,0.13667168879139902,4.792141115278286,-0.020000000000000018,True,1.11,False,9.185155967001439e-12,1.9999999999999998,True,0.23280180019791666,5.376867912810926,0.043296916341062246,0.19156646819035325,1000.0000057404657,5.723233771288789,1.11,2.826166425630795e-15,248.53488691066917,528.19449777958,0.0,nan
pd,40.0,1.0,esn,89,"demo_00 +0,+12.5 deg",,0.07362124813963483,0.19381372345000406,8.066149523091195,-0.06000000000000005,True,1.07,False,0.00019364633316473645,2.0,True,1.9420368010209288,6.735418744753007,0.288332006459703,0.28022507391380225,1329.4119569513866,7.584061220305269,1.07,0.000595541896194105,1087.267299331522,9884.50812043806,0.0,nan
pd,40.0,1.0,replay,89,"demo_00 +0,+12.5 deg",demo_00,0.07137108754301517,0.1632163476817633,5.996224276428408,-0.020000000000000018,True,1.11,False,9.185155967001439e-12,1.9999999999999998,True,0.2877164777823547,6.735418744753007,0.04271693990911704,0.2389070194488125,1250.0000057404905,7.157398207769285,1.11,2.826166425630795e-15,310.6686082816679,825.9154015827379,0.0,nan
pd,40.0,1.0,esn,90,"demo_00 +0,+15 deg",,0.08693287306052491,0.22272540106873254,9.621938222866063,-0.07000000000000006,True,1.07,False,0.00023344663186448272,2.0,True,2.2992707180968712,8.028795054611413,0.2863780557926016,0.3395273685741224,1588.335900427937,9.035969803634499,1.07,0.0006014317625150048,1301.3250366997324,14102.973811263997,0.0,nan
pd,40.0,1.0,replay,90,"demo_00 +0,+15 deg",demo_00,0.08587664840608104,0.18679851313200188,7.170630317906876,-0.030000000000000027,True,1.11,False,9.185155967001439e-12,1.9999999999999998,True,0.3423836096980372,8.028795054611413,0.04264445752683474,0.28606122208023216,1500.0000057405152,8.591974500099624,1.11,2.826166425630795e-15,372.80232965266595,1193.1962445814556,0.0,nan
pd,40.0,1.0,esn,91,"demo_00 +2.5,-15 deg",,0.10502623807123886,0.2883139282300966,9.952107250879777,0.09999999999999987,True,1.22,False,0.00020825518507674334,2.0,True,3.401579556506802,6.932563639303647,0.4906669067156921,0.292251503035238,1561.7988901833792,10.502623807123886,1.22,0.0005470860518315742,1639.370859343861,21889.128057212696,0.0,nan
pd,40.0,1.0,replay,91,"demo_00 +2.5,-15 deg",demo_00,0.0839297685125817,0.20970306763889981,7.345125226408754,-0.010000000000000009,True,1.11,False,9.185155967001439e-12,1.9999999999999998,True,0.3164501795233113,6.932563639303647,0.04564692024307152,0.27627214553232227,1499.9999942598195,8.39297685125817,1.11,2.826166425630795e-15,435.6341554006553,2500.855184339943,0.0,nan
pd,40.0,1.0,esn,92,"demo_00 +2.5,-12.5 deg",,0.08691216738841258,0.2416400424622835,8.366078860196339,0.08999999999999986,True,1.2,False,0.00016530110234381308,2.0,True,2.8573223194307857,5.754825556150323,0.4965089369871681,0.24310857981559653,1278.5777085668415,8.691216738841257,1.2,0.0005526096600427266,1418.346242962637,16352.0680593389,0.0,nan
pd,40.0,1.0,replay,92,"demo_00 +2.5,-12.5 deg",demo_00,0.06995677247026898,0.1790783867880417,6.2095555812707985,0.0,True,1.11,False,9.185155967001439e-12,1.9999999999999998,True,0.26262852557179067,5.754825556150323,0.04563622702535494,0.2311350599977618,1249.9999942597947,6.995677247026897,1.11,2.826166425630795e-15,435.6341554006553,2198.0841693382577,0.0,nan
pd,40.0,1.0,esn,93,"demo_00 +2.5,-10 deg",,0.0693375296092122,0.1940715990550522,6.7469101538683685,0.06999999999999984,True,1.18,False,0.00012268829959492187,2.0,True,2.2940419914319254,4.507387300457787,0.5089516028939722,0.19450071934316587,997.1717038847336,6.93375296092122,1.18,0.0005580717369776918,1197.2914929610533,11603.234962105282,0.0,nan
pd,40.0,1.0,replay,93,"demo_00 +2.5,-10 deg",demo_00,0.05618916521887109,0.14534806485857701,5.0470939109652395,0.0,True,1.11,False,9.185155967001439e-12,1.9999999999999998,True,0.2086251728716234,4.507387300457787,0.04628516676399977,0.1860051378529368,999.9999942597702,5.618916521887108,1.11,2.826166425630795e-15,435.6341554006553,1952.9832564680328,0.0,nan
pd,40.0,1.0,esn,94,"demo_00 +2.5,-7.5 deg",,0.05243048882383885,0.14687354259453395,5.171136203666788,0.05999999999999983,True,1.16,False,8.058697285881341e-05,2.0,True,1.7131801191425324,3.2759776969961907,0.522952314575701,0.14636471659251823,717.696119542008,5.243048882383886,1.16,0.0005634799438340346,976.3677820243114,7661.6739690263885,0.0,nan
pd,40.0,1.0,replay,94,"demo_00 +2.5,-7.5 deg",demo_00,0.042819087718260374,0.1094490373316256,3.9169151400143347,0.010000000000000009,True,1.11,False,9.185155967001439e-12,1.9999999999999998,True,0.15456274800556657,3.2759776969961907,0.04718064721481109,0.14127307766673336,749.9999942597391,4.2819087718260365,1.11,2.826166425630795e-15,435.6341554006553,1763.3632272612836,0.0,nan
pd,40.0,1.0,esn,95,"demo_00 +2.5,-5 deg",,0.036526440118135536,0.10138807779160278,3.6115251218233047,0.040000000000000036,True,1.1400000000000001,False,3.944299465032989e-05,2.0,True,1.118957590660736,1.996431528752648,0.5604788216102009,0.09927678939063078,440.2528664617183,3.652644011813554,1.1400000000000001,0.0005688444743513558,755.730634696813,4540.764026008214,0.0,nan
pd,40.0,1.0,replay,95,"demo_00 +2.5,-5 deg",demo_00,0.03038585606774929,0.07498301149402509,2.802814258046526,0.010000000000000009,True,1.11,False,9.185155967001439e-12,1.9999999999999998,True,0.1007443503744061,1.996431528752648,0.05046221166290148,0.0979241148019867,499.999994259708,3.0385856067749293,1.11,2.826166425630795e-15,435.6341554006553,1627.4552909194301,0.0,nan
pd,40.0,1.0,esn,96,"demo_00 +2.5,-2.5 deg",,0.022810858858459484,0.06196428400496907,2.1940783013529233,0.020000000000000018,True,1.12,False,1.1386886614698794e-05,2.0,True,0.532350779075031,0.7073414776894524,0.7526078928864278,0.056867186884981144,307.3274390571554,2.2810858858459486,1.12,0.0005741782752475018,535.5293492159722,2248.255137304751,0.0,nan
pd,40.0,1.0,replay,96,"demo_00 +2.5,-2.5 deg",demo_00,0.02069835084830831,0.04778882164724464,1.8081419609715723,0.010000000000000009,True,1.11,False,9.185155967001439e-12,1.9999999999999998,True,0.04850590594872836,0.7073414776894524,0.06857494926944487,0.059604614342367704,249.9999942596833,2.069835084830831,1.11,2.826166425630795e-15,435.6341554006553,1543.9376944311443,0.0,nan
pd,40.0,1.0,esn,97,"demo_00 +2.5,+0 deg",,0.016273621971605808,0.04746809216143971,1.4230596421136652,0.0,True,1.1,False,4.6044234779505904e-05,2.0,True,0.26494964313769936,0.5903960363225216,0.44876595850478007,0.04196004187588307,181.29119861100358,1.6273621971605807,1.1,0.0005794971832531629,315.9065715335578,786.3617787398639,0.0,nan
pd,40.0,1.0,replay,97,"demo_00 +2.5,+0 deg",demo_00,0.018751990130151625,0.04429202428936945,1.2679762854755838,0.010000000000000009,True,1.11,False,9.185155967001439e-12,1.9999999999999998,True,0.04171201827961664,0.5903960363225216,0.07065091178361196,0.04343717664716485,249.99998513828822,1.8751990130151623,1.11,2.826166425630795e-15,435.6341554006553,1511.9621654080033,0.0,nan
pd,40.0,1.0,esn,98,"demo_00 +2.5,+2.5 deg",,0.022926712710900948,0.07567389714335179,2.1447589304717516,-0.020000000000000018,True,1.09,False,8.470512324705787e-05,1.9999999999999998,True,0.6026092667885706,1.8801197193375954,0.3205164333901472,0.07561056361227526,379.07030385634465,2.3343014776377733,1.09,0.00058481996447509,96.99802026114327,151.91005849176358,0.0,nan
pd,40.0,1.0,replay,98,"demo_00 +2.5,+2.5 deg",demo_00,0.026395721247342043,0.06816436069953974,1.69330219003861,0.0,True,1.11,False,9.185155967001439e-12,1.9999999999999998,True,0.09174715841706133,1.8801197193375954,0.04879857249164204,0.06786677276047576,250.00000574037884,2.639572124734204,1.11,2.826166425630795e-15,435.6341554006553,1531.1793005785528,0.0,nan
pd,40.0,1.0,esn,99,"demo_00 +2.5,+5 deg",,0.03551562127387091,0.11663865557250946,3.5366286956865265,-0.030000000000000027,True,1.08,False,0.000124108478410639,2.0,True,0.9854881946811337,3.181669085347461,0.30973937522905887,0.12425227274376444,647.6408679792115,3.613635193430849,1.08,0.0005901682464957132,160.96134895794782,336.5377977489629,0.0,nan
pd,40.0,1.0,replay,99,"demo_00 +2.5,+5 deg",demo_00,0.038319206858532934,0.10142409964103265,2.661024640240945,0.0,True,1.11,False,9.185155967001439e-12,1.9999999999999998,True,0.14511530539229034,3.181669085347461,0.04560980463386019,0.10817463153877892,500.00000574040354,3.831920685853293,1.11,2.826166425630795e-15,435.6341554006553,1601.7617597850688,0.0,nan
pd,40.0,1.0,esn,100,"demo_00 +2.5,+7.5 deg",,0.04930868735159424,0.15437724356044322,5.045426348249149,-0.050000000000000044,True,1.07,False,0.00016403698523169676,2.0,True,1.3685536472906497,4.456120563634844,0.30711773340672915,0.17690939641780823,913.8760401267824,5.020732157538599,1.07,0.0005955663386496411,338.1688232821805,1326.9485462261148,0.0,nan
pd,40.0,1.0,replay,100,"demo_00 +2.5,+7.5 deg",demo_00,0.05169003262642441,0.13440311683677,3.758381645616758,-0.010000000000000009,True,1.11,False,9.185155967001439e-12,1.9999999999999998,True,0.19919442735915424,4.456120563634844,0.04470131014513484,0.15213234462295794,750.000005740441,5.16900326264244,1.11,2.826166425630795e-15,435.6341554006553,1724.423855034546,0.0,nan
pd,40.0,1.0,esn,101,"demo_00 +2.5,+10 deg",,0.06321186918240827,0.18840215594465112,6.608959933796166,-0.050000000000000044,True,1.07,False,0.00020299467552111722,2.0,True,1.7355846529017123,5.776323540623945,0.3004652770392149,0.23169201311197357,1177.7553288029148,6.458170845042503,1.07,0.0006010409409469185,554.1908598786836,3105.222541287282,0.0,nan
pd,40.0,1.0,replay,101,"demo_00 +2.5,+10 deg",demo_00,0.06567376293024582,0.16388806029869113,4.916865625060881,-0.010000000000000009,True,1.11,False,9.185155967001439e-12,1.9999999999999998,True,0.25409696029432477,5.776323540623945,0.043989391956198796,0.19718756170694438,1000.0000057404657,6.567376293024582,1.11,2.826166425630795e-15,435.6341554006553,1900.4358499012878,0.0,nan
pd,40.0,1.0,esn,102,"demo_00 +2.5,+12.5 deg",,0.07691279130940899,0.21902072512471238,8.14986982762459,-0.06000000000000005,True,1.07,False,0.00024235239459419094,2.0,True,2.0927159836719933,7.050747946832506,0.29680765777652424,0.288068300722884,1439.27052129269,7.8980494261154695,1.07,0.0006066207468615527,769.0258349282888,5649.189526902798,0.0,nan
pd,40.0,1.0,replay,102,"demo_00 +2.5,+12.5 deg",demo_00,0.07998714403831016,0.18990776219260608,6.070743586746972,-0.020000000000000018,True,1.11,False,9.185155967001439e-12,1.9999999999999998,True,0.3092026811886676,7.050747946832506,0.04385388380357215,0.2425877891153756,1250.0000057404905,7.998714403831015,1.11,2.826166425630795e-15,435.6341554006553,2131.6310258623416,0.0,nan
pd,40.0,1.0,esn,103,"demo_00 +2.5,+15 deg",,0.09029340988098868,0.246601178506139,9.680736586616158,-0.07000000000000006,True,1.07,False,0.000281938576894785,2.0,True,2.442627919209531,8.311541876891955,0.29388384915687094,0.3458099345954906,1698.4249788913314,9.330126597720316,1.07,0.0006123359495474919,982.5722789858125,8932.8698625452,0.0,nan
pd,40.0,1.0,replay,103,"demo_00 +2.5,+15 deg",demo_00,0.09451190664612752,0.21275625949221377,7.22638758444398,-0.030000000000000027,True,1.11,False,9.185155967001439e-12,1.9999999999999998,True,0.36422399573824077,8.311541876891955,0.0438214715311571,0.2880221786165432,1500.0000057405152,9.451190664612753,1.11,2.826166425630795e-15,435.6341554006553,2420.4033556345457,0.0,nan
pd,40.0,1.0,esn,104,"demo_00 +5,-15 deg",,0.10910461213478002,0.29126900511647824,10.334635085649715,0.1299999999999999,True,1.23,False,0.00019081397716807615,2.0,True,3.2915765827905967,6.303718035010635,0.5221643107304756,0.2810900547225834,1457.126789045068,10.910461213478003,1.23,0.0005604720307928684,1953.6432700934301,30742.612768053423,0.0,nan
pd,40.0,1.0,replay,104,"demo_00 +5,-15 deg",demo_00,0.08772558957075334,0.21608896251893028,7.823952014755395,0.010000000000000009,True,1.11,False,9.185155967001439e-12,1.9999999999999998,True,0.2993427878004695,6.303718035010635,0.04748670326590274,0.2755516298964927,1499.9999942598195,8.772558957075333,1.11,2.826166425630795e-15,871.2683366984389,6917.095828704766,0.0,nan
pd,40.0,1.0,esn,105,"demo_00 +5,-12.5 deg",,0.09161139302160533,0.2463340445691433,8.756168630351512,0.10999999999999988,True,1.21,False,0.00014429893507750117,2.0,True,2.7586744164941104,5.0747277119413345,0.5436103320386387,0.23510181473577133,1173.2575320740284,9.161139302160533,1.21,0.0005657780707178841,1732.829674586541,24111.505900603603,0.0,nan
pd,40.0,1.0,replay,105,"demo_00 +5,-12.5 deg",demo_00,0.07453618502878469,0.1826383668824304,6.697968140497382,0.010000000000000009,True,1.11,False,9.185155967001439e-12,1.9999999999999998,True,0.24397724926870895,5.0747277119413345,0.04807691429327458,0.23223756469385515,1249.9999942597947,7.453618502878469,1.11,2.826166425630795e-15,871.2683366984389,6676.632453874749,0.0,nan
pd,40.0,1.0,esn,106,"demo_00 +5,-10 deg",,0.07497164093306669,0.2026242267731649,7.2125645284814395,0.08999999999999986,True,1.19,False,9.784530767268351e-05,2.0,True,2.21067526002604,3.833980455516702,0.5766005553954002,0.19057771378154376,891.236061905375,7.497164093306667,1.19,0.0005710243870638512,1512.0225283083573,18268.79132571988,0.0,nan
pd,40.0,1.0,replay,106,"demo_00 +5,-10 deg",demo_00,0.062063016356276854,0.1492603314326557,5.599522649383115,0.010000000000000009,True,1.11,False,9.185155967001439e-12,1.9999999999999998,True,0.18880104564639327,3.833980455516702,0.04924413356743331,0.18991184532901575,999.9999942597702,6.206301635627685,1.11,2.826166425630795e-15,871.2683366984389,6475.611255624351,0.0,nan
pd,40.0,1.0,esn,107,"demo_00 +5,-7.5 deg",,0.05953914571033963,0.16138976652981998,5.757309244312851,0.07999999999999985,True,1.17,False,5.189099724188364e-05,2.0,True,1.6536549295470415,2.603958954829355,0.6350541457192094,0.14818271173251826,741.0932905071844,5.9539145710339625,1.17,0.0005762193734491582,1291.382275501367,13236.011606648037,0.0,nan
pd,40.0,1.0,replay,107,"demo_00 +5,-7.5 deg",demo_00,0.05083400421291961,0.11909016696703978,4.572544168006929,0.020000000000000018,True,1.11,False,9.185155967001439e-12,1.9999999999999998,True,0.13432251482633922,2.603958954829355,0.05158396009937944,0.14969199376261844,749.9999942597391,5.083400421291961,1.11,2.826166425630795e-15,871.2683366984389,6312.156811394891,0.0,nan
pd,40.0,1.0,esn,108,"demo_00 +5,-5 deg",,0.0460672508149791,0.12541152963108143,4.395008080552879,0.050000000000000044,True,1.1400000000000001,False,1.234334621948579e-05,2.0,True,1.1129559122082961,1.3314368562388694,0.8359058914384024,0.11024733837495417,614.6575852821782,4.60672508149791,1.1400000000000001,0.0005813739401153021,1071.063415771379,9029.070333249807,0.0,nan
pd,40.0,1.0,replay,108,"demo_00 +5,-5 deg",demo_00,0.04187249349480999,0.09542834460573328,3.6203764269779417,0.020000000000000018,True,1.11,False,9.185155967001439e-12,1.9999999999999998,True,0.08203380486769456,1.3314368562388694,0.061612989368064405,0.11409748379595369,499.999994259708,4.187249349480998,1.11,2.826166425630795e-15,871.2683366984389,6184.827523188641,0.0,nan
pd,40.0,1.0,esn,109,"demo_00 +5,-2.5 deg",,0.03619528394023455,0.1008121889797086,3.313132094030061,0.030000000000000027,True,1.12,False,4.726905854071196e-05,2.0,True,0.6362719333683212,0.049527184991027776,nan,0.08371696683747451,488.49125335056544,3.619528394023455,1.12,0.0005865017289171778,851.213948897911,5658.267255173761,0.0,nan
pd,40.0,1.0,replay,109,"demo_00 +5,-2.5 deg",demo_00,0.03689548942272107,0.08394529352577267,2.8742353930389144,0.020000000000000018,True,1.11,False,9.185155967001439e-12,1.9999999999999998,True,0.038190171879304464,0.049527184991027776,nan,0.08908507037964226,499.9999851383161,3.689548942272107,1.11,2.826166425630795e-15,871.2683366984389,6092.647399273169,0.0,nan
pd,40.0,1.0,esn,110,"demo_00 +5,+0 deg",,0.03266101203841931,0.09713746899603319,2.8331350261751784,0.0,True,1.1,False,9.196668177308481e-05,2.0,True,0.5402545816114321,1.2304911090449369,0.43905606277054565,0.08200815806738614,362.67527078015985,3.2661012038419313,1.1,0.0005916192436383197,631.9749786529962,3128.386078750775,0.0,nan
pd,40.0,1.0,replay,110,"demo_00 +5,+0 deg",demo_00,0.03756017377356883,0.0893927843453428,2.5172259836748765,0.010000000000000009,True,1.11,False,9.185155967001439e-12,1.9999999999999998,True,0.0767072378506903,1.2304911090449369,0.062338717676901946,0.0847164568663808,499.9999851383161,3.756017377356883,1.11,2.826166425630795e-15,871.2683366984389,6035.1390254821135,0.0,nan
pd,40.0,1.0,esn,111,"demo_00 +5,+2.5 deg",,0.03675538617164548,0.11724026251142948,3.248355137809268,-0.020000000000000018,True,1.08,False,0.0001367592392097455,2.0,True,0.8417305173713144,2.5177304823931896,0.33432113693568205,0.1076571795490669,487.5403549778821,3.7244577270681742,1.08,0.0005967458814292033,413.4804728897433,1438.8314206858934,0.0,nan
pd,40.0,1.0,replay,111,"demo_00 +5,+2.5 deg",demo_00,0.04365021557785347,0.10917547618212696,2.730946135422848,0.010000000000000009,True,1.11,False,9.185155967001439e-12,1.9999999999999998,True,0.12774054907613766,2.5177304823931896,0.05073638738119255,0.10360218204622873,499.9999851383161,4.365021557785347,1.11,2.826166425630795e-15,871.2683366984389,6012.356836444057,0.0,nan
pd,40.0,1.0,esn,112,"demo_00 +5,+5 deg",,0.04606961972712615,0.15144009035220835,4.271686966211813,-0.040000000000000036,True,1.07,False,0.00017793965445528625,2.0,True,1.208638996296292,3.7798274251830413,0.31976036478378705,0.14813801312705796,756.5018864203145,4.6798635245720295,1.07,0.0006019038558928137,195.8571709406665,583.8128802583302,0.0,nan
pd,40.0,1.0,replay,112,"demo_00 +5,+5 deg",demo_00,0.0533780804492889,0.13710195745370787,3.386197672656386,0.0,True,1.11,False,9.185155967001439e-12,1.9999999999999998,True,0.1817939090787601,3.7798274251830413,0.048095822541410496,0.1362965049248166,500.00000574040354,5.33780804492889,1.11,2.826166425630795e-15,871.2683366984389,6024.919512503008,0.0,nan
pd,40.0,1.0,esn,113,"demo_00 +5,+7.5 deg",,0.05780710076062274,0.18663169689748565,5.592170632008027,-0.050000000000000044,True,1.06,False,0.00021943212752816138,2.0,True,1.5815410349186203,5.068561153787403,0.3120295853068357,0.19536662588984866,1023.0881113800048,5.870796817216518,1.06,0.0006071180074117823,254.27308660183434,552.5760144788362,0.0,nan
pd,40.0,1.0,replay,113,"demo_00 +5,+7.5 deg",demo_00,0.06516951357663811,0.16775544645978918,4.3032881958905485,0.0,True,1.11,False,9.185155967001439e-12,1.9999999999999998,True,0.2361972099280525,5.068561153787403,0.04660044591778434,0.17509035667256087,750.000005740441,6.516951357663811,1.11,2.826166425630795e-15,871.2683366984389,6074.04001081433,0.0,nan
pd,40.0,1.0,esn,114,"demo_00 +5,+10 deg",,0.07050001229151079,0.2185287612632395,7.003087554170097,-0.06000000000000005,True,1.06,False,0.00025817393138038926,2.0,True,1.934199635177248,6.309209214827455,0.3065676805631409,0.24628448212242474,1287.2784678530143,7.168477114469407,1.06,0.000612415501368692,319.93360659382233,1329.6820282806452,0.0,nan
pd,40.0,1.0,replay,114,"demo_00 +5,+10 deg",demo_00,0.07812642065425983,0.195999207416144,5.320364213022755,-0.010000000000000009,True,1.11,False,9.185155967001439e-12,1.9999999999999998,True,0.2903423804586874,6.309209214827455,0.046018822735557,0.2165706685006618,1000.0000057404657,7.812642065425981,1.11,2.826166425630795e-15,871.2683366984389,6161.55139989833,0.0,nan
pd,40.0,1.0,esn,115,"demo_00 +5,+12.5 deg",,0.08349114774688417,0.24715322041772123,8.45766624848867,-0.07000000000000006,True,1.06,False,0.00029738628022324995,2.0,True,2.2853756714537403,7.533454409007347,0.30336357630587624,0.2996776524429859,1549.064885643414,8.51430537673469,1.06,0.0006178254197472653,450.6249083694626,2895.3400155656254,0.0,nan
pd,40.0,1.0,replay,115,"demo_00 +5,+12.5 deg",demo_00,0.09178229016860245,0.22082237261215099,6.392641862989811,-0.020000000000000018,True,1.11,False,9.185155967001439e-12,1.9999999999999998,True,0.3444947772437782,7.533454409007347,0.045728660258683496,0.2592811620627597,1250.0000057404905,9.178229016860245,1.11,2.826166425630795e-15,871.2683366984389,6289.926323846489,0.0,nan
pd,40.0,1.0,esn,116,"demo_00 +5,+15 deg",,0.0964725198649297,0.27280248554336556,9.97015425551289,-0.07000000000000006,True,1.06,False,0.0003368965748761675,2.0,True,2.624871355310714,8.819526418586488,0.2976204424966623,0.35497323258923125,1808.451062588919,9.880539252294092,1.06,0.0006233782559928172,663.6368758873003,5225.797336884761,0.0,nan
pd,40.0,1.0,replay,116,"demo_00 +5,+15 deg",demo_00,0.1058873149726211,0.24244757536911204,7.524552093201894,-0.020000000000000018,True,1.11,False,9.185155967001439e-12,1.9999999999999998,True,0.3989557243494835,8.819526418586488,0.0452355041999437,0.302527914336336,1500.0000057405152,10.58873149726211,1.11,2.826166425630795e-15,871.2683366984389,6462.287602380056,0.0,nan
pd,40.0,1.0,esn,117,"demo_00 +7.5,-15 deg",,0.11514137845924337,0.30214358941939823,10.860938828853707,0.1399999999999999,True,1.23,False,0.00017257568947585936,2.0,True,3.2410758254235965,5.562520723070491,0.5826631462209699,0.2771167131113091,1352.4801533385091,11.514137845924337,1.23,0.0005738175412503372,2267.8007248674053,41213.15235563861,0.0,nan
pd,40.0,1.0,replay,117,"demo_00 +7.5,-15 deg",demo_00,0.09499863177413058,0.22303678220484474,8.437434113788893,0.020000000000000018,True,1.11,False,9.185155967001439e-12,1.9999999999999998,True,0.27693459211421834,5.562520723070491,0.049785808611127566,0.27985091275486046,1499.9999942598195,9.499863177413056,1.11,2.826166425630795e-15,1306.9025179962218,14477.946659365525,0.0,nan
pd,40.0,1.0,esn,118,"demo_00 +7.5,-12.5 deg",,0.09861312164970112,0.2614056066378165,9.359708958125418,0.1299999999999999,True,1.22,False,0.0001265317730585211,2.0,True,2.704415793582364,4.339819089031135,0.6231632559103114,0.23642988486783,1174.8542265612934,9.861312164970112,1.22,0.0005789189907395379,2047.2266365288535,33478.23118760654,0.0,nan
pd,40.0,1.0,replay,118,"demo_00 +7.5,-12.5 deg",demo_00,0.08307113451250059,0.1922091357723579,7.37229919176366,0.020000000000000018,True,1.11,False,9.185155967001439e-12,1.9999999999999998,True,0.22027329923461278,4.339819089031135,0.05075633216862706,0.23911200537657434,1249.9999942597947,8.307113451250059,1.11,2.826166425630795e-15,1306.9025179962218,14283.19771354431,0.0,nan
pd,40.0,1.0,esn,119,"demo_00 +7.5,-10 deg",,0.08330065062017278,0.22318927655503792,7.9580089363889925,0.10999999999999988,True,1.19,False,7.124015378653088e-05,2.0,True,2.201343264747635,3.1315453422783905,0.70295749355046,0.1985683052966879,1048.2966490291308,8.330065062017278,1.19,0.0005839632494828972,1826.6954098278584,26531.496574576853,0.0,nan
pd,40.0,1.0,replay,119,"demo_00 +7.5,-10 deg",demo_00,0.07236096084667548,0.16482748730043248,6.3862524774671945,0.030000000000000027,True,1.11,False,9.185155967001439e-12,1.9999999999999998,True,0.1646948967080967,3.1315453422783905,0.05259221205728131,0.20089590362817478,999.9999942597702,7.2360960846675475,1.11,2.826166425630795e-15,1306.9025179962218,14107.486330264932,0.0,nan
pd,40.0,1.0,esn,120,"demo_00 +7.5,-7.5 deg",,0.06969808222401092,0.18926663495346455,6.618884338133519,0.08999999999999986,True,1.17,False,2.128134105693495e-05,2.0,True,1.6859537867558863,1.8760230911927496,0.898684986699167,0.1648627147185322,921.8552670347275,6.969808222401092,1.17,0.0005889593086842504,1606.3666581187144,20396.9034458795,0.0,nan
pd,40.0,1.0,replay,120,"demo_00 +7.5,-7.5 deg",demo_00,0.06348776488880661,0.14294200225816334,5.44824701084663,0.030000000000000027,True,1.11,False,9.185155967001439e-12,1.9999999999999998,True,0.11183139441298445,1.8760230911927496,0.05961088375617146,0.16709894312095463,749.9999942597391,6.348776488880661,1.11,2.826166425630795e-15,1306.9025179962218,13949.24438244493,0.0,nan
pd,40.0,1.0,esn,121,"demo_00 +7.5,-5 deg",,0.058637314876582455,0.16257348874698951,5.46127604159336,0.06000000000000005,True,1.1400000000000001,False,3.7970549230065084e-05,2.0,True,1.2182652271190695,0.6103677855520978,1.9959526959914968,0.1382616394064398,795.6181023963876,5.863731487658246,1.1400000000000001,0.0005939186522184507,1386.393762652433,15092.795499134088,0.0,nan
pd,40.0,1.0,replay,121,"demo_00 +7.5,-5 deg",demo_00,0.05731987905490771,0.12935029072661156,4.644532885484994,0.030000000000000027,True,1.11,False,9.185155967001439e-12,1.9999999999999998,True,0.0665724364509495,0.6103677855520978,0.10906938083361088,0.1410436539728604,749.9999851383424,5.7319879054907705,1.11,2.826166425630795e-15,1306.9025179962218,13807.361686140532,0.0,nan
pd,40.0,1.0,esn,122,"demo_00 +7.5,-2.5 deg",,0.05136567158768608,0.147385601407341,4.621087465736715,0.030000000000000027,True,1.11,False,9.419827216262025e-05,1.9999999999999998,True,0.8806964180877014,0.6645621753617241,1.3252280234100509,0.12387612308657364,669.6692956378138,5.1365671587686075,1.11,0.0005988554684409548,1166.9233413816398,10631.939865419246,0.0,nan
pd,40.0,1.0,replay,122,"demo_00 +7.5,-2.5 deg",demo_00,0.054795810919624405,0.12669127048788167,4.058816881466658,0.030000000000000027,True,1.11,False,9.185155967001439e-12,1.9999999999999998,True,0.07086622697742904,0.6645621753617241,0.10663596214884821,0.12759644524776342,749.9999851383424,5.47958109196244,1.11,2.826166425630795e-15,1306.9025179962218,13681.22465833234,0.0,nan
pd,40.0,1.0,esn,123,"demo_00 +7.5,+0 deg",,0.04916057065592792,0.14772269043346806,4.2660612014856065,0.0,True,1.09,False,0.00014408620605687854,1.9999999999999998,True,0.8400360090919465,1.9314785811357724,0.43491862519023017,0.12682167440811357,544.0888960927072,4.936646488422429,1.09,0.0006037867763027846,948.0948832101402,7021.611220093378,0.0,nan
pd,40.0,1.0,replay,123,"demo_00 +7.5,+0 deg",demo_00,0.05643005658540229,0.13552292475196787,3.7790985052024575,0.020000000000000018,True,1.11,False,9.185155967001439e-12,1.9999999999999998,True,0.11831075023395368,1.9314785811357724,0.06125397992473885,0.13065252648591272,749.9999851383424,5.643005658540229,1.11,2.826166425630795e-15,1306.9025179962218,13570.757703765625,0.0,nan
pd,40.0,1.0,esn,124,"demo_00 +7.5,+2.5 deg",,0.05227666848662271,0.1639252750251652,4.542382951653536,-0.010000000000000009,True,1.08,False,0.0001876909905418067,2.0,True,1.0993431573621595,3.211505148251083,0.3423139950315317,0.14707887633537267,595.917572043767,5.301894466087179,1.08,0.0006087324516154128,730.0405434755845,4263.720755967452,0.0,nan
pd,40.0,1.0,replay,124,"demo_00 +7.5,+2.5 deg",demo_00,0.061920224547749335,0.15377419224484604,3.907103206258654,0.020000000000000018,True,1.11,False,9.185155967001439e-12,1.9999999999999998,True,0.17162863740332623,3.211505148251083,0.05344180671695063,0.14907638698957731,749.9999851383424,6.192022454774933,1.11,2.826166425630795e-15,1306.9025179962218,13476.46640742673,0.0,nan
pd,40.0,1.0,esn,125,"demo_00 +7.5,+5 deg",,0.05955844555956104,0.19179046648441914,5.306976858240959,-0.040000000000000036,True,1.06,False,0.00023665364333182068,2.0,True,1.4506606674670794,4.460410487854896,0.325230305914004,0.17986154527164164,865.2657419606436,6.045222810860231,1.06,0.0006137151440606121,512.8850901347128,2354.986853781917,0.0,nan
pd,40.0,1.0,replay,125,"demo_00 +7.5,+5 deg",demo_00,0.07039550825243591,0.1784446713962735,4.3724515891120594,0.010000000000000009,True,1.11,False,9.185155967001439e-12,1.9999999999999998,True,0.2270242501299581,4.460410487854896,0.050897613739388996,0.17799493814753067,749.9999851383424,7.039550825243591,1.11,2.826166425630795e-15,1306.9025179962218,13399.481277800318,0.0,nan
pd,40.0,1.0,esn,126,"demo_00 +7.5,+7.5 deg",,0.06943640756132334,0.22300554082487375,6.384953093728646,-0.050000000000000044,True,1.06,False,0.00027491184914574555,2.0,True,1.8007662380300795,5.693833919778704,0.3162660280228314,0.2205313025903991,1132.2001294807123,7.035143998374801,1.06,0.0006187600806177591,296.7459849542105,1287.1460857884795,0.0,nan
pd,40.0,1.0,replay,126,"demo_00 +7.5,+7.5 deg",demo_00,0.08094708525390316,0.206225045295323,5.089459930634206,0.0,True,1.11,False,9.185155967001439e-12,1.9999999999999998,True,0.2826769219583564,5.693833919778704,0.04964614808598824,0.2129874271125523,750.000005740441,8.094708525390315,1.11,2.826166425630795e-15,1306.9025179962218,13341.600404447487,0.0,nan
pd,40.0,1.0,esn,127,"demo_00 +7.5,+10 deg",,0.08073526085500744,0.2518783004771484,7.632403844420836,-0.07000000000000006,True,1.05,False,0.00031864311412116105,2.0,True,2.1614112572037416,6.911025327211308,0.3127482761050595,0.26626621031843306,1396.700091897759,8.172201548956911,1.05,0.0006238947561857595,347.12869739525246,1047.2052402348504,0.0,nan
pd,40.0,1.0,replay,127,"demo_00 +7.5,+10 deg",demo_00,0.09289000054539942,0.232481907289973,5.962272687994205,-0.010000000000000009,True,1.11,False,9.185155967001439e-12,1.9999999999999998,True,0.3379086093167955,6.911025327211308,0.04889413557584894,0.25132688523363944,1000.0000057404657,9.289000054539942,1.11,2.826166425630795e-15,1306.9025179962218,13305.328970726723,0.0,nan
pd,40.0,1.0,esn,128,"demo_00 +7.5,+12.5 deg",,0.09274386544219675,0.27786422367945707,9.0075423536246,-0.07000000000000006,True,1.05,False,0.00035776384198358093,2.0,True,2.4966077561240496,8.178860971562937,0.30525127701821797,0.3155243140362407,1658.7576732909579,9.39462711181792,1.05,0.0006291485170601185,412.25914837701544,1617.737173782834,0.0,nan
pd,40.0,1.0,replay,128,"demo_00 +7.5,+12.5 deg",demo_00,0.10576942553252905,0.25555725378483696,6.957655496521877,-0.010000000000000009,True,1.11,False,9.185155967001439e-12,1.9999999999999998,True,0.39268148362239313,8.178860971562937,0.048011756770008254,0.29148591111775973,1250.0000057404905,10.576942553252904,1.11,2.826166425630795e-15,1306.9025179962218,13293.913116405953,0.0,nan
pd,40.0,1.0,esn,129,"demo_00 +7.5,+15 deg",,0.10505390703112272,0.3010195343986025,10.394242089362702,-0.08000000000000007,True,1.05,False,0.00039721618402203143,2.0,True,2.8280194723378265,9.37096411880275,0.30178532715363116,0.3674349322765104,1918.3768629677454,10.666083350601182,1.05,0.0006345520473510698,476.7835739527756,2977.2252481497594,0.0,nan
pd,40.0,1.0,replay,129,"demo_00 +7.5,+15 deg",demo_00,0.11929263900586513,0.2755326619249129,7.980783416675998,-0.020000000000000018,True,1.11,False,9.185155967001439e-12,1.9999999999999998,True,0.4469490854333646,9.37096411880275,0.04769510156767814,0.33259447447160045,1500.0000057405152,11.929263900586513,1.11,2.826166425630795e-15,1306.9025179962218,13311.365204478449,0.0,nan
pd,40.0,1.0,esn,130,"demo_00 +10,-15 deg",,0.12287837936538094,0.3215144093162999,11.555517514141043,0.15999999999999992,True,1.24,False,0.00016046225440760633,2.0,True,3.2091440551516346,4.769092664657462,0.6729045293948235,0.28364850664476987,1481.6696395353908,12.287837936538093,1.24,0.0005871059978209053,2581.8637614908416,53288.30108052822,0.0,nan
pd,40.0,1.0,replay,130,"demo_00 +10,-15 deg",demo_00,0.10503470794401487,0.2365665722160811,9.185806336459216,0.030000000000000027,True,1.11,False,9.185155967001439e-12,1.9999999999999998,True,0.24923697122286012,4.769092664657462,0.05226087827353244,0.2880299269520074,1499.9999942598195,10.503470794401487,1.11,2.826166425630795e-15,1742.536699294006,25185.834386031398,0.0,nan
pd,40.0,1.0,esn,131,"demo_00 +10,-12.5 deg",,0.10750507762423069,0.2856315721470023,10.192376206016785,0.15999999999999992,True,1.23,False,0.00011219094326165816,2.0,True,2.704578906076629,3.582040881979665,0.7550385367410731,0.25033578263030043,1355.2412449868648,10.750507762423068,1.23,0.0005920164024045738,2361.557640883107,44440.24066577884,0.0,nan
pd,40.0,1.0,replay,131,"demo_00 +10,-12.5 deg",demo_00,0.09450656004195716,0.21108612969180765,8.225908524503733,0.040000000000000036,True,1.11,False,9.185155967001439e-12,1.9999999999999998,True,0.1921126462888022,3.582040881979665,0.05363217579544443,0.25094621183631594,1249.9999942597947,9.450656004195716,1.11,2.826166425630795e-15,1742.536699294006,25018.87466156263,0.0,nan
pd,40.0,1.0,esn,132,"demo_00 +10,-10 deg",,0.0936530705565404,0.2532692401978419,8.865383831153279,0.1299999999999999,True,1.2,False,5.179081998923768e-05,2.0,True,2.245095895192976,2.3436148542106263,0.9579628201960542,0.22095421568016332,1228.858196826913,9.36530705565404,1.2,0.0005968729290956736,2141.3305380228153,36379.82429461645,0.0,nan
pd,40.0,1.0,replay,132,"demo_00 +10,-10 deg",demo_00,0.08551642214323228,0.19035169499134388,7.292017321283517,0.040000000000000036,True,1.11,False,9.185155967001439e-12,1.9999999999999998,True,0.13824592318217174,2.3436148542106263,0.05898832862140037,0.2183537140237429,999.9999942597702,8.551642214323227,1.11,2.826166425630795e-15,1742.536699294006,24848.40460763726,0.0,nan
pd,40.0,1.0,esn,133,"demo_00 +10,-7.5 deg",,0.08183352761782958,0.22612458785254644,7.673331458798157,0.09999999999999987,True,1.17,False,1.056012582192356e-05,2.0,True,1.8024428727970276,1.094528654425864,1.6467754092216993,0.19674981032720942,1102.611559587392,8.183352761782958,1.17,0.000601685026477428,1921.3411362010916,29133.331354659327,0.0,nan
pd,40.0,1.0,replay,133,"demo_00 +10,-7.5 deg",demo_00,0.07859571386700602,0.17602654643632393,6.458196930389156,0.040000000000000036,True,1.11,False,9.185155967001439e-12,1.9999999999999998,True,0.09225458458407736,1.094528654425864,0.08428704375260929,0.1925846469501758,999.9999851383719,7.859571386700601,1.11,2.826166425630795e-15,1742.536699294006,24673.162805255306,0.0,nan
pd,40.0,1.0,esn,134,"demo_00 +10,-5 deg",,0.0727480170760035,0.20648209179458457,6.687506324053276,0.07000000000000006,True,1.1400000000000001,False,7.394432998653187e-05,2.0,True,1.420368340109376,0.16468781077512382,nan,0.17976085508257503,976.5886626874029,7.274801707600349,1.1400000000000001,0.000606464603241775,1701.7416101379065,22721.458774872248,0.0,nan
pd,40.0,1.0,replay,134,"demo_00 +10,-5 deg",demo_00,0.07433208536429188,0.16968909624354858,5.770309222148871,0.040000000000000036,True,1.11,False,9.185155967001439e-12,1.9999999999999998,True,0.07345353974798975,0.16468781077512382,nan,0.17662880205576917,999.9999851383719,7.433208536429188,1.11,2.826166425630795e-15,1742.536699294006,24492.38093154135,0.0,nan
pd,40.0,1.0,esn,135,"demo_00 +10,-2.5 deg",,0.06719885829199942,0.19681462390832488,6.008235930151853,0.040000000000000036,True,1.11,False,0.0001375922359424792,1.9999999999999998,True,1.1862943430358943,1.432586354651375,0.8280787675969336,0.17249846585423917,850.8728098334672,6.719885829199942,1.11,0.0006112262390295972,1482.6771196012237,17159.356819230452,0.0,nan
pd,40.0,1.0,replay,135,"demo_00 +10,-2.5 deg",demo_00,0.07320365007622107,0.17214313298348274,5.287853816165766,0.040000000000000036,True,1.11,False,9.185155967001439e-12,1.9999999999999998,True,0.11593254550582996,1.432586354651375,0.08092534535835542,0.17313032518396992,999.9999851383719,7.320365007622106,1.11,2.826166425630795e-15,1742.536699294006,24305.830897825577,0.0,nan
pd,40.0,1.0,esn,136,"demo_00 +10,+0 deg",,0.0657722205512002,0.19893842664204428,5.716224188513501,0.010000000000000009,True,1.09,False,0.00019258581390804125,1.9999999999999998,True,1.161234830152237,2.686001826844875,0.43232838434674004,0.17685171733678698,725.5430867965548,6.66443843081842,1.09,0.0006159873088094677,1264.285474451396,12456.711289577997,0.0,nan
pd,40.0,1.0,replay,136,"demo_00 +10,+0 deg",demo_00,0.0753671910462652,0.1829327771206415,5.048568332848018,0.030000000000000027,True,1.11,False,9.185155967001439e-12,1.9999999999999998,True,0.16800854495639558,2.686001826844875,0.06254967635437077,0.18265624261922483,999.9999851383719,7.5367191046265205,1.11,2.826166425630795e-15,1742.536699294006,24113.876406579653,0.0,nan
pd,40.0,1.0,esn,137,"demo_00 +10,+2.5 deg",,0.06843395933789681,0.21266898045603524,5.888844025418746,-0.020000000000000018,True,1.07,False,0.00024678687698805713,2.0,True,1.3854692387648724,3.9256849915608307,0.35292420093391585,0.19288429006704313,704.1649088391597,6.970814858660129,1.07,0.0006207680066954793,1046.6969654457757,8617.866561473791,0.0,nan
pd,40.0,1.0,replay,137,"demo_00 +10,+2.5 deg",demo_00,0.0805751926036099,0.2005999305151732,5.110406610427431,0.020000000000000018,True,1.11,False,9.185155967001439e-12,1.9999999999999998,True,0.22401612078315036,3.9256849915608307,0.05706421204572575,0.20319053428388745,999.9999851383719,8.057519260360989,1.11,2.826166425630795e-15,1742.536699294006,23917.527935859285,0.0,nan
pd,40.0,1.0,esn,138,"demo_00 +10,+5 deg",,0.07448836686477539,0.2358229171079855,6.503608457507783,-0.030000000000000027,True,1.06,False,0.00029269334502048355,2.0,True,1.7032631639284723,5.194264115654449,0.32791231366059836,0.21892463259809702,973.8953484564213,7.577392466513092,1.06,0.0006255912598101196,830.0343487429814,5641.985245548417,0.0,nan
pd,40.0,1.0,replay,138,"demo_00 +10,+5 deg",demo_00,0.08830730152702186,0.22335714112221197,5.481392881397288,0.020000000000000018,True,1.11,False,9.185155967001439e-12,1.9999999999999998,True,0.2812500410947178,5.194264115654449,0.05414627266393477,0.23160301795322402,999.9999851383719,8.830730152702188,1.11,2.826166425630795e-15,1742.536699294006,23718.499767541904,0.0,nan
pd,40.0,1.0,esn,139,"demo_00 +10,+7.5 deg",,0.08297164460159712,0.26266979581509187,7.395224821807993,-0.050000000000000044,True,1.05,False,0.00033845069129345164,2.0,True,2.0482080470850343,6.414062478601573,0.3193308537168467,0.2527325050023897,1241.1750108252706,8.409264231915307,1.05,0.0006304825279266655,614.4129669081893,3523.2420422768564,0.0,nan
pd,40.0,1.0,replay,139,"demo_00 +10,+7.5 deg",demo_00,0.09798224859092408,0.24870757859671186,6.0598102866931844,0.010000000000000009,True,1.11,False,9.185155967001439e-12,1.9999999999999998,True,0.33834795108893856,6.414062478601573,0.05275095966366498,0.26513413820126075,999.9999851383719,9.798224859092409,1.11,2.826166425630795e-15,1742.536699294006,23519.26721450008,0.0,nan
pd,40.0,1.0,esn,140,"demo_00 +10,+10 deg",,0.0930279489891395,0.2879271922103889,8.484050124194564,-0.07000000000000006,True,1.04,False,0.0003841151289097809,2.0,True,2.4029110537350578,7.617615021782961,0.31544138773931346,0.2923776638000208,1505.9831575770093,9.398239394682452,1.04,0.0006354694896797617,399.94098560194396,2251.0514242394684,0.0,nan
pd,40.0,1.0,replay,140,"demo_00 +10,+10 deg",demo_00,0.1090953723675515,0.2726325540028207,6.804970963564782,0.0,True,1.11,False,9.185155967001439e-12,1.9999999999999998,True,0.394877329074464,7.617615021782961,0.05183739634325074,0.30183257864635327,1000.0000057404657,10.90953723675515,1.11,2.826166425630795e-15,1742.536699294006,23323.121680051932,0.0,nan
pd,40.0,1.0,esn,141,"demo_00 +10,+12.5 deg",,0.1040347820539066,0.31064148492903243,9.693973180905731,-0.08000000000000007,True,1.04,False,0.00042319380853994505,2.0,True,2.731567717764293,8.804187100211541,0.31025779968927064,0.33645700756675284,1768.311914251254,10.492817379465592,1.04,0.0006405816211116992,439.48719910836655,1810.3309747011897,0.0,nan
pd,40.0,1.0,replay,141,"demo_00 +10,+12.5 deg",demo_00,0.12125843754389011,0.2935821291626617,7.663454461551528,-0.010000000000000009,True,1.11,False,9.185155967001439e-12,1.9999999999999998,True,0.4507884947443798,8.804187100211541,0.0512016032387077,0.3404191306560187,1250.0000057404905,12.12584375438901,1.11,2.826166425630795e-15,1742.536699294006,23134.220619259995,0.0,nan
pd,40.0,1.0,esn,142,"demo_00 +10,+15 deg",,0.11557596591538455,0.3310075287872031,10.976268195996763,-0.09000000000000008,True,1.04,False,0.00046261580488556167,2.0,True,3.0493242515435854,9.97297993755837,0.305758586765004,0.3840000945488678,2028.165512318002,11.657273673928495,1.04,0.0006458496767468262,504.0698833464801,2181.8043261255175,0.0,nan
pd,40.0,1.0,replay,142,"demo_00 +10,+15 deg",demo_00,0.13418751642074367,0.3115866502952861,8.596871098051016,-0.020000000000000018,True,1.11,False,9.185155967001439e-12,1.9999999999999998,True,0.5060157380938508,9.97297993755837,0.0507386700125796,0.3800605070316063,1500.0000057405152,13.418751642074367,1.11,2.826166425630795e-15,1742.536699294006,22957.62889850715,0.0,nan
pd,40.0,1.0,esn,143,"demo_00 +12.5,-15 deg",,0.13204567338132941,0.3482910886597162,12.45380745432432,0.19999999999999996,True,1.26,False,0.00015766026352115269,2.0,True,3.205997424674325,3.9579765236116633,0.8100092068633203,0.30374756659806185,1661.8609130969048,13.204567338132941,1.26,0.0006003196832237077,2895.853673230709,66954.62476026698,0.0,nan
pd,40.0,1.0,replay,143,"demo_00 +12.5,-15 deg",demo_00,0.11713319587061834,0.2575525415387022,10.086648319805526,0.050000000000000044,True,1.11,False,9.185155967001439e-12,1.9999999999999998,True,0.21699748136684274,3.9579765236116633,0.05482535838005224,0.29986599834499056,1499.9999942598195,11.713319587061832,1.11,2.826166425630795e-15,2178.1708805917892,39041.23267818888,0.0,nan
pd,40.0,1.0,esn,144,"demo_00 +12.5,-12.5 deg",,0.11789434575184118,0.3172971310123359,11.186266838928248,0.18999999999999995,True,1.24,False,0.00010155051945629078,2.0,True,2.766223429056712,2.7596798603089296,1.0023711332759626,0.2789662927909203,1535.6026099438752,11.789434575184117,1.24,0.0006050531738966765,2675.8439431262623,56984.57224059517,0.0,nan
pd,40.0,1.0,replay,144,"demo_00 +12.5,-12.5 deg",demo_00,0.10793666163053144,0.2376732029319476,9.19469008030689,0.06000000000000005,True,1.11,False,9.185155967001439e-12,1.9999999999999998,True,0.1617231582111576,2.7596798603089296,0.05860214459551611,0.26797741812961373,1249.9999942597947,10.793666163053144,1.11,2.826166425630795e-15,2178.1708805917892,38882.71982364341,0.0,nan
pd,40.0,1.0,esn,145,"demo_00 +12.5,-10 deg",,0.10547518665817611,0.29031802164322595,9.968528201725768,0.16999999999999993,True,1.22,False,4.450639964279956e-05,2.0,True,2.3424155892019054,1.516706683541626,1.5444090901822796,0.2582681647858348,1409.410205534335,10.547518665817611,1.22,0.0006097369284381642,2455.949044002492,47801.314948695275,0.0,nan
pd,40.0,1.0,replay,145,"demo_00 +12.5,-10 deg",demo_00,0.1004306521894062,0.22312344756193164,8.336082429123344,0.06000000000000005,True,1.11,False,9.185155967001439e-12,1.9999999999999998,True,0.11501544994895774,1.516706683541626,0.07583236178559448,0.2427766175035316,1249.9999851383982,10.043065218940619,1.11,2.826166425630795e-15,2178.1708805917892,38696.03875040084,0.0,nan
pd,40.0,1.0,esn,146,"demo_00 +12.5,-7.5 deg",,0.09524053336804729,0.2687044142425121,8.902710905542328,0.1399999999999999,True,1.19,False,2.4130423272433817e-05,2.0,True,1.9680191778372844,0.26330498336686575,7.4742952171749115,0.24230482598193157,1283.3741759980587,9.524053336804728,1.19,0.0006143807077677267,2236.3266338382796,39433.36593817022,0.0,nan
pd,40.0,1.0,replay,146,"demo_00 +12.5,-7.5 deg",demo_00,0.09501904200673367,0.21493884368013877,7.587097000270799,0.06000000000000005,True,1.11,False,9.185155967001439e-12,1.9999999999999998,True,0.08561068290921757,0.26330498336686575,0.325138862981318,0.22643808099507648,1249.9999851383982,9.501904200673367,1.11,2.826166425630795e-15,2178.1708805917892,38480.240952955886,0.0,nan
pd,40.0,1.0,esn,147,"demo_00 +12.5,-5 deg",,0.0877141123756799,0.2540640379945013,8.010682716411914,0.09000000000000008,True,1.1500000000000001,False,0.00010116865507736208,1.9999999999999998,True,1.6927752391064537,0.9911850700444864,1.7078296377390736,0.23205510999363746,1157.5811110974244,8.77141123756799,1.1500000000000001,0.0006189966914432225,2017.127598474598,31903.68633847053,0.0,nan
pd,40.0,1.0,replay,147,"demo_00 +12.5,-5 deg",demo_00,0.09207790057108083,0.21377543617504186,6.952418756412079,0.050000000000000044,True,1.11,False,9.185155967001439e-12,1.9999999999999998,True,0.12084229692083946,0.9911850700444864,0.12191698661826678,0.22081084726233186,1249.9999851383982,9.207790057108081,1.11,2.826166425630795e-15,2178.1708805917892,38234.91755800268,0.0,nan
pd,40.0,1.0,esn,148,"demo_00 +12.5,-2.5 deg",,0.08338037955054435,0.24773765762704014,7.441388759670214,0.050000000000000044,True,1.11,False,0.00018135250454013135,1.9999999999999998,True,1.534850212143823,2.2526435050616405,0.6813551317352472,0.22863013334797175,1032.1134382075127,8.443351906018561,1.11,0.0006235996896119399,1798.4955706396797,25229.723726713153,0.0,nan
pd,40.0,1.0,replay,148,"demo_00 +12.5,-2.5 deg",demo_00,0.09185388408247454,0.21964524331723403,6.541052865014899,0.050000000000000044,True,1.11,False,9.185155967001439e-12,1.9999999999999998,True,0.17266014548905337,2.2526435050616405,0.07664778963075597,0.2265148871416688,1249.9999851383982,9.185388408247453,1.11,2.826166425630795e-15,2178.1708805917892,37960.25643907902,0.0,nan
pd,40.0,1.0,esn,149,"demo_00 +12.5,+0 deg",,0.08249583765692124,0.2506248360381969,7.184461292261432,0.010000000000000009,True,1.08,False,0.0002515559808289484,2.0,True,1.5233282395226937,3.4923037600663442,0.4361958020208857,0.232927964756378,907.0492478070308,8.435088284043996,1.08,0.0006282072680140411,1580.5666258605675,19423.494023344974,0.0,nan
pd,40.0,1.0,replay,149,"demo_00 +12.5,+0 deg",demo_00,0.09437716349222436,0.231896866831334,6.326420256132021,0.040000000000000036,True,1.11,False,9.185155967001439e-12,1.9999999999999998,True,0.22897105537321455,3.4923037600663442,0.0655644729394515,0.24253065126455262,1249.9999851383982,9.437716349222436,1.11,2.826166425630795e-15,2178.1708805917892,37657.105557094954,0.0,nan
pd,40.0,1.0,esn,150,"demo_00 +12.5,+2.5 deg",,0.08493505369838225,0.2625376660495105,7.301259763861135,-0.020000000000000018,True,1.06,False,0.0003105217753185575,2.0,True,1.702513216509218,4.7180863712175976,0.3608482512942742,0.24529326475704022,812.2456808598752,8.704546115844245,1.06,0.0006328397719678355,1363.4691481806296,14491.700429481798,0.0,nan
pd,40.0,1.0,replay,150,"demo_00 +12.5,+2.5 deg",demo_00,0.09944995257820495,0.2494594187921432,6.358404807162813,0.030000000000000027,True,1.11,False,9.185155967001439e-12,1.9999999999999998,True,0.2870803335664891,4.7180863712175976,0.06084677366607898,0.26675542228840576,1249.9999851383982,9.944995257820494,1.11,2.826166425630795e-15,2178.1708805917892,37327.04143024078,0.0,nan
pd,40.0,1.0,esn,151,"demo_00 +12.5,+5 deg",,0.09021702341131224,0.28202406792094464,7.762542572805809,-0.040000000000000036,True,1.05,False,0.0003588160863000541,2.0,True,1.9885260882901512,5.929263764800514,0.33537487404341404,0.26541038056779587,1082.3540250644082,9.217831437422154,1.05,0.0006375202399829324,1147.323852153432,10435.88424145745,0.0,nan
pd,40.0,1.0,replay,151,"demo_00 +12.5,+5 deg",demo_00,0.10671919457370714,0.2710732606427331,6.627744457951827,0.020000000000000018,True,1.11,False,9.185155967001439e-12,1.9999999999999998,True,0.34568881964401993,5.929263764800514,0.05830214902838791,0.29691301239349926,1249.9999851383982,10.671919457370715,1.11,2.826166425630795e-15,2178.1708805917892,36972.441170848244,0.0,nan
pd,40.0,1.0,esn,152,"demo_00 +12.5,+7.5 deg",,0.09769326540830797,0.3045365879773611,8.501153417291977,-0.06000000000000005,True,1.04,False,0.0004067898304860387,2.0,True,2.3152738808946505,7.125109482887996,0.32494572700323027,0.2924822923858899,1349.9761133553077,9.928931556237915,1.04,0.0006422742026807095,932.2439424914951,7252.604122607137,0.0,nan
pd,40.0,1.0,replay,152,"demo_00 +12.5,+7.5 deg",demo_00,0.1157792173107686,0.294317483302924,7.102089239132648,0.010000000000000009,True,1.11,False,9.185155967001439e-12,1.9999999999999998,True,0.4037282531251372,7.125109482887996,0.056662743792884905,0.33109708049534176,1249.9999851383982,11.577921731076858,1.11,2.826166425630795e-15,2178.1708805917892,36596.55597306796,0.0,nan
pd,40.0,1.0,esn,153,"demo_00 +12.5,+10 deg",,0.1067376840671929,0.32580008975839037,9.442098238327926,-0.07000000000000006,True,1.04,False,0.0004457287548924578,2.0,True,2.636315182211592,8.304952561329905,0.3174389212633177,0.32552031632258793,1615.0910915011789,10.791738413410446,1.04,0.0006471293678489694,718.335389255302,4933.642481547999,0.0,nan
pd,40.0,1.0,replay,153,"demo_00 +12.5,+10 deg",demo_00,0.1262486216545789,0.3157340198847479,7.738783656482984,0.0,True,1.11,False,9.185155967001439e-12,1.9999999999999998,True,0.461735354429591,8.304952561329905,0.055597590837490767,0.3678870651857814,1249.9999851383982,12.624862165457886,1.11,2.826166425630795e-15,2178.1708805917892,36203.58330182883,0.0,nan
pd,40.0,1.0,esn,154,"demo_00 +12.5,+12.5 deg",,0.11684109282137278,0.3450086681934584,10.522131764714148,-0.09000000000000008,True,1.03,False,0.0004935512504869469,2.0,True,2.97920131195923,9.467983691238246,0.31466058763031135,0.36356295937165867,1877.6911288260574,11.766908442267221,1.03,0.0006521151973203804,505.69729463792476,3466.2398570439204,0.0,nan
pd,40.0,1.0,replay,154,"demo_00 +12.5,+12.5 deg",demo_00,0.1378053749957648,0.33428999323536157,8.496706423789119,-0.010000000000000009,True,1.11,False,9.185155967001439e-12,1.9999999999999998,True,0.5189465490543845,9.467983691238246,0.054810672047800664,0.4062688204461603,1250.0000057404905,13.780537499576482,1.11,2.826166425630795e-15,2178.1708805917892,35798.73434126333,0.0,nan
pd,40.0,1.0,esn,155,"demo_00 +12.5,+15 deg",,0.12762472281242487,0.362077599083938,11.694586128389549,-0.09000000000000008,True,1.04,False,0.0005246986811947383,2.0,True,3.264514274989032,10.613412350526854,0.30758385401156874,0.40577566937126325,2137.780645316989,12.823730290420862,1.04,0.0006572623859497633,531.3130678736924,2833.360458581573,0.0,nan
pd,40.0,1.0,replay,155,"demo_00 +12.5,+15 deg",demo_00,0.15019195967602036,0.3500890796276148,9.342019416092407,-0.020000000000000018,True,1.11,False,9.185155967001439e-12,1.9999999999999998,True,0.5752880447167091,10.613412350526854,0.05420387201748094,0.4455205061544439,1500.0000057405152,15.019195967602036,1.11,2.826166425630795e-15,2178.1708805917892,35388.29254725369,0.0,nan
pd,40.0,1.0,esn,156,"demo_00 +15,-15 deg",,0.14239428362477877,0.38122721437225615,13.488180237456667,0.22999999999999998,True,1.27,False,0.00015333215995834345,2.0,True,3.2823138322124383,3.0830208578634846,1.0646421102992674,0.3392296993210562,1842.0228566322714,14.239428362477877,1.27,0.0006134397223618868,3209.792476322861,82197.71864018806,0.0,nan
pd,40.0,1.0,replay,156,"demo_00 +15,-15 deg",demo_00,0.13073169600408785,0.28491541112859164,11.080400670077331,0.07000000000000006,True,1.11,False,9.185155967001439e-12,1.9999999999999998,True,0.18264024826536632,3.0830208578634846,0.05924067876463701,0.31617006796389746,1499.9999942598195,13.073169600408784,1.11,2.826166425630795e-15,2613.8050618895722,56042.437188699936,0.0,nan
pd,40.0,1.0,esn,157,"demo_00 +15,-12.5 deg",,0.12945241251720493,0.35473529510766727,12.315746917083262,0.21999999999999997,True,1.25,False,9.491915032923226e-05,2.0,True,2.8883178839828267,1.8724277575672243,1.542552374749833,0.32279526839767814,1715.950925355593,12.945241251720491,1.25,0.0006180110304268352,2990.1075060575004,71097.32771642371,0.0,nan
pd,40.0,1.0,replay,157,"demo_00 +15,-12.5 deg",demo_00,0.12272171029601708,0.2703811641438196,10.253294399718948,0.08000000000000007,True,1.11,False,9.185155967001439e-12,1.9999999999999998,True,0.1349956143599748,1.8724277575672243,0.07209656757885793,0.29146845643855607,1499.9999851384246,12.272171029601708,1.11,2.826166425630795e-15,2613.8050618895722,55871.513749078236,0.0,nan
pd,40.0,1.0,esn,158,"demo_00 +15,-10 deg",,0.1183639956600421,0.3323391876097572,11.198967014725348,0.19999999999999996,True,1.23,False,3.6876877157996246e-05,2.0,True,2.517849806722425,0.6247274958728081,4.030316935554008,0.30962206170364026,1589.9651988656888,11.83639956600421,1.23,0.0006225376147429607,2770.572750798981,60782.60218824038,0.0,nan
pd,40.0,1.0,replay,158,"demo_00 +15,-10 deg",demo_00,0.11644845721656578,0.26123478810377765,9.461640297271707,0.08000000000000007,True,1.11,False,9.185155967001439e-12,1.9999999999999998,True,0.10566677151383422,0.6247274958728081,0.16914058083229866,0.27553554164915817,1499.9999851384246,11.644845721656576,1.11,2.826166425630795e-15,2613.8050618895722,55645.6887093485,0.0,nan
pd,40.0,1.0,esn,159,"demo_00 +15,-7.5 deg",,0.10949502857103535,0.315017368902561,10.192244904447834,0.15999999999999992,True,1.2,False,4.2517362010924756e-05,2.0,True,2.2193660330875637,0.6276785256171862,3.5358323449178015,0.29986327849076977,1464.1555128618918,10.949502857103536,1.2,0.0006270293994372932,2551.3447525526244,51284.19524393118,0.0,nan
pd,40.0,1.0,replay,159,"demo_00 +15,-7.5 deg",demo_00,0.11220611421715394,0.25797597297010916,8.741840538915653,0.07000000000000006,True,1.11,False,9.185155967001439e-12,1.9999999999999998,True,0.1285550741735553,0.6276785256171862,0.20481037494018006,0.26976502305063055,1499.9999851384246,11.220611421715393,1.11,2.826166425630795e-15,2613.8050618895722,55364.340662708775,0.0,nan
pd,40.0,1.0,esn,160,"demo_00 +15,-5 deg",,0.10321168280595303,0.3038510894709153,9.443793410145208,0.11999999999999988,True,1.16,False,0.00012529878355583947,2.0,True,2.0090919201957966,1.8845069184258154,1.0661101323385167,0.2939210565004035,1338.6076738558108,10.445465443441849,1.16,0.000631498676874176,2332.5730323161665,42627.241330322286,0.0,nan
pd,40.0,1.0,replay,160,"demo_00 +15,-5 deg",demo_00,0.11023424108399918,0.2607277918067598,8.208834180437497,0.07000000000000006,True,1.11,False,9.185155967001439e-12,1.9999999999999998,True,0.18219482984179863,1.8845069184258154,0.09668037196381926,0.2745859165482021,1499.9999851384246,11.023424108399917,1.11,2.826166425630795e-15,2613.8050618895722,55027.4461175454,0.0,nan
pd,40.0,1.0,esn,161,"demo_00 +15,-2.5 deg",,0.09979344246561365,0.2995856394858279,8.90826616708289,0.06000000000000005,True,1.11,False,0.00022542668800829203,1.9999999999999998,True,1.9135856243444749,3.1231814216714904,0.6127039598360399,0.29237054128342244,1213.403197924968,10.230063602794552,1.11,0.0006359603226131235,2114.3996348483884,34831.39837308173,0.0,nan
pd,40.0,1.0,replay,161,"demo_00 +15,-2.5 deg",demo_00,0.11066073240424153,0.2691880033891629,7.811361913378367,0.06000000000000005,True,1.11,False,9.185155967001439e-12,1.9999999999999998,True,0.24139228387901293,3.1231814216714904,0.07729050967196859,0.28921695722003254,1499.9999851384246,11.066073240424153,1.11,2.826166425630795e-15,2613.8050618895722,54635.647960635724,0.0,nan
pd,40.0,1.0,esn,162,"demo_00 +15,+0 deg",,0.09933125796180511,0.3027272952495361,8.671643604430434,0.010000000000000009,True,1.07,False,0.00031523230529821697,2.0,True,1.9247465634657568,4.348695644200389,0.4426031897708645,0.29583475032739437,1088.619153781972,10.249412321656171,1.07,0.0006404319232154557,1896.9588552113712,27910.930761156458,0.0,nan
pd,40.0,1.0,replay,162,"demo_00 +15,+0 deg",demo_00,0.11346558195894244,0.28271051734991837,7.613542072970233,0.050000000000000044,True,1.11,False,9.185155967001439e-12,1.9999999999999998,True,0.302924986937868,4.348695644200389,0.06965881536038558,0.3119980071196502,1499.9999851384246,11.346558195894243,1.11,2.826166425630795e-15,2613.8050618895722,54190.33203599851,0.0,nan
pd,40.0,1.0,esn,163,"demo_00 +15,+2.5 deg",,0.10167145359282292,0.31313010384408635,8.70698864488097,-0.030000000000000027,True,1.05,False,0.0003790288065513951,2.0,True,2.059337271354931,5.513385272396162,0.3735159379601866,0.30483492332450396,964.328105316817,10.493466095514277,1.05,0.0006449338028640403,1680.377138648351,21874.825798022197,0.0,nan
pd,40.0,1.0,replay,163,"demo_00 +15,+2.5 deg",demo_00,0.11848638975410737,0.3004592851289416,7.590744885915772,0.030000000000000027,True,1.11,False,9.185155967001439e-12,1.9999999999999998,True,0.3653442710139029,5.513385272396162,0.06626496298799762,0.34099268658316156,1499.9999851384246,11.848638975410738,1.11,2.826166425630795e-15,2613.8050618895722,53693.71059768267,0.0,nan
pd,40.0,1.0,esn,164,"demo_00 +15,+5 deg",,0.10645081206200692,0.32953713369991927,9.074622867601471,-0.050000000000000044,True,1.04,False,0.0004297349215145203,2.0,True,2.304293670331793,6.700443578972736,0.3439016601174143,0.31966432245973886,1190.6055822220162,10.939429994139326,1.04,0.0006494889394590577,1464.773138879761,16726.937585020132,0.0,nan
pd,40.0,1.0,replay,164,"demo_00 +15,+5 deg",demo_00,0.12546186039294083,0.3212869891407176,7.8060587994421775,0.020000000000000018,True,1.11,False,9.185155967001439e-12,1.9999999999999998,True,0.42737263337832065,6.700443578972736,0.06378273741748935,0.3744351079222015,1499.9999851384246,12.546186039294083,1.11,2.826166425630795e-15,2613.8050618895722,53148.91084427456,0.0,nan
pd,40.0,1.0,esn,165,"demo_00 +15,+7.5 deg",,0.11319944080252003,0.34778391112074797,9.691379343504066,-0.07000000000000006,True,1.03,False,0.00047996751890241803,2.0,True,2.608212713039995,7.872313936761244,0.3313146215956223,0.3403317480329626,1458.5673191583078,11.557161742464439,1.03,0.0006541227658453135,1250.257914871731,12466.154008258254,0.0,nan
pd,40.0,1.0,replay,165,"demo_00 +15,+7.5 deg",demo_00,0.1340886238132761,0.34232789358109816,8.203398406038003,0.010000000000000009,True,1.11,False,9.185155967001439e-12,1.9999999999999998,True,0.48852962120107685,7.872313936761244,0.062056674203476096,0.4109012183996247,1499.9999851384246,13.408862381327612,1.11,2.826166425630795e-15,2613.8050618895722,52560.066085975486,0.0,nan
pd,40.0,1.0,esn,166,"demo_00 +15,+10 deg",,0.12144533546354513,0.36484088033303613,10.50435930836055,-0.08000000000000007,True,1.03,False,0.0005189670585713047,2.0,True,2.904163566966509,9.028289614813424,0.32167372679332523,0.3665864888070044,1723.9878698028742,12.31496268305478,1.03,0.0006588628568791533,1036.9352427730564,9086.584560703206,0.0,nan
pd,40.0,1.0,replay,166,"demo_00 +15,+10 deg",demo_00,0.14406747376839843,0.36102365011242804,8.753289056639396,0.0,True,1.11,False,9.185155967001439e-12,1.9999999999999998,True,0.5487404462563223,9.028289614813424,0.06078011114707273,0.4493047437013828,1499.9999851384246,14.406747376839842,1.11,2.826166425630795e-15,2613.8050618895722,51932.40634077146,0.0,nan
pd,40.0,1.0,esn,167,"demo_00 +15,+12.5 deg",,0.1307776783888446,0.38016808877968256,11.4635499989556,-0.09000000000000008,True,1.03,False,0.0005583632446229,2.0,True,3.2135491219539705,10.167635263933715,0.3160566875714908,0.3979962266839713,1986.8594045013574,13.183653397156162,1.03,0.0006637385079904572,824.902018068953,6577.769018842598,0.0,nan
pd,40.0,1.0,replay,167,"demo_00 +15,+12.5 deg",demo_00,0.15512968231431087,0.37698254934309916,9.424583723947377,-0.010000000000000009,True,1.11,False,9.185155967001439e-12,1.9999999999999998,True,0.6079029273231967,10.167635263933715,0.059788034438993796,0.4888301557951278,1499.9999851384246,15.512968231431087,1.11,2.826166425630795e-15,2613.8050618895722,51272.34432855154,0.0,nan
pd,40.0,1.0,esn,168,"demo_00 +15,+15 deg",,0.14086766321223368,0.39385812226464906,12.527787778767335,-0.10000000000000009,True,1.03,False,0.0005980421390278355,2.0,True,3.5153238899120036,11.289608751464488,0.31137694558777296,0.4340354616633046,2247.186473710286,14.138499337092723,1.03,0.0006687802153698552,614.2487229420799,4924.90934742018,0.0,nan
pd,40.0,1.0,replay,168,"demo_00 +15,+15 deg",demo_00,0.1670461878877068,0.3904162625303733,10.189074135202981,-0.020000000000000018,True,1.11,False,9.185155967001439e-12,1.9999999999999998,True,0.6659104283122257,11.289608751464488,0.058984367215191916,0.5288609659632623,1500.0000057405152,16.70461878877068,1.11,2.826166425630795e-15,2613.8050618895722,50587.551974986556,0.0,nan
