law,omega,damping,arm,start,origin,replayed,first_step_m,arrived,arrival_time_s,left_goal,hold_error_m,hold_observed_s,success,final_distance_m,training_path_distance_deg,offset_retained,taught_joint_error_deg,taught_path_distance_m,onset_delay_s,taught_arrival_delay_s,jitter_deg,taught_jitter_deg,speed_peaks,taught_speed_peaks,tracking_error_deg,peak_reference_speed_dps,peak_hand_speed_mps,settling_time_s,peak_torque_nm,effort_n2m2s,peak_external_force_n,reference_lead
computed_torque,10.0,1.0,esn,0,demo_00_filtered,,0.00013850018678582715,False,nan,False,nan,0.0,False,1.216552506059644,88.4382668713084,nan,88.5992672510386,1.8220540988572516,-0.030000000000000027,nan,1.5069136500102365,0.011619512663959122,63.0,65.0,30.567728758339907,1971.3941831283173,33.421497626356064,nan,598.6450460134382,246233.8221843016,0.0,nan
computed_torque,10.0,1.0,replay,0,demo_00_filtered,demo_00_filtered,0.0,True,7.29,True,0.006569057073539171,2.000000000000001,False,0.00593401003248979,0.014934454533842373,nan,0.03359273626466972,0.0023551464427987896,0.010000000000000009,0.009999999999999787,0.010075533438481428,0.011619512663959122,37.0,65.0,0.03237773918612064,24.528633369272725,0.4184054728382934,7.79,13.851833208323095,31.84493894629962,0.0,nan
computed_torque,10.0,1.0,esn,1,"demo_00_filtered -15,-15 deg",,0.36204145654496034,False,nan,False,nan,0.0,False,1.0509619448580214,84.17112334140214,4.176339006314696,84.1781331792006,2.13853079269258,-0.74,nan,2.3364780562564325,0.011619512663959122,88.0,65.0,36.19826767274354,8207.42939502968,47.98945298565578,nan,5366.130943521945,1394564.9517890946,0.0,nan
computed_torque,10.0,1.0,replay,1,"demo_00_filtered -15,-15 deg",demo_00_filtered,0.1288703103455888,True,7.29,True,0.006569057073539171,2.000000000000001,False,0.00593401003248979,0.12343612355509946,0.006124560028746489,0.520254310392142,0.3722577662465813,-0.74,0.009999999999999787,0.01757711283143896,0.011619512663959122,22.0,65.0,0.3096831427739799,1500.0000000008336,13.98577842476761,7.79,1758.1085787081245,33219.181534692056,0.0,nan
computed_torque,10.0,1.0,esn,2,"demo_00_filtered -15,-12.5 deg",,0.309106772955642,False,nan,False,nan,0.0,False,0.9455930772834569,89.0292938423187,4.850156200270747,86.58384460781895,2.2296373686151925,-0.74,nan,2.2093303408380045,0.011619512663959122,86.0,65.0,40.19527694012826,7103.7274563733845,41.80483845711647,nan,4331.5048158949285,1082602.4389254532,0.0,nan
computed_torque,10.0,1.0,replay,2,"demo_00_filtered -15,-12.5 deg",demo_00_filtered,0.11773122416038023,True,7.29,True,0.006569057073539171,2.000000000000001,False,0.00593401003248979,0.11337830561089544,0.006176646676641262,0.47904559817503356,0.34016552460616184,-0.74,0.009999999999999787,0.016651343299682805,0.011619512663959122,24.0,65.0,0.28532641456041347,1500.0000000008301,12.822384345251454,7.79,1682.7808613665356,30412.79290617766,0.0,nan
computed_torque,10.0,1.0,esn,3,"demo_00_filtered -15,-10 deg",,0.2554203103485786,False,nan,False,nan,0.0,False,1.216552506059644,150.80608862193793,9.013971255459186,132.5947823363094,1.9160672754916286,-0.74,nan,1.3091893532815038,0.011619512663959122,41.0,65.0,75.82795487419075,5978.369601487956,34.1129422183182,nan,3303.7964560540995,500274.0140275465,0.0,nan
computed_torque,10.0,1.0,replay,3,"demo_00_filtered -15,-10 deg",demo_00_filtered,0.10707174259444253,True,7.29,True,0.006569057073539171,2.000000000000001,False,0.00593401003248979,0.10412383410886453,0.0062236827189281725,0.44248393503097905,0.3094066315076212,-0.74,0.009999999999999787,0.015853743645323166,0.011619512663959122,25.0,65.0,0.26373023826649994,1500.0000000008301,11.710465994867164,7.79,1614.3729402908166,27983.488492229662,0.0,nan
computed_torque,10.0,1.0,esn,4,"demo_00_filtered -15,-7.5 deg",,0.20150880338087096,False,nan,False,nan,0.0,False,1.4373050023765563,91.962582699864,5.994742625365937,87.6755301925585,2.2092840147578148,-0.74,nan,2.0617480699736,0.011619512663959122,78.0,65.0,39.331651641084946,4831.329254634036,39.69639667092544,nan,2281.488743427716,727761.9159379858,0.0,nan
computed_torque,10.0,1.0,replay,4,"demo_00_filtered -15,-7.5 deg",demo_00_filtered,0.09704437131424117,True,7.29,True,0.006569057073539171,2.000000000000001,False,0.00593401003248979,0.09599117364816435,0.006257353408675041,0.4118089245881839,0.2804879967071731,-0.74,0.009999999999999787,0.015204497925033084,0.011619512663959122,25.0,65.0,0.2456238508552902,1500.0000000008301,10.66675689591497,7.79,1552.8455441166932,25903.258923835398,0.0,nan
computed_torque,10.0,1.0,esn,5,"demo_00_filtered -15,-5 deg",,0.14872402385857794,False,nan,False,nan,0.0,False,1.3479295173844406,100.85288806033412,7.074225071672941,92.99399601592775,1.965527301093046,-0.74,nan,1.826943689462532,0.011619512663959122,78.0,65.0,30.889414833575316,3662.703597613448,37.62553946465194,nan,1263.23561705627,528182.7444838997,0.0,nan
computed_torque,10.0,1.0,replay,5,"demo_00_filtered -15,-5 deg",demo_00_filtered,0.08785736600736474,True,7.29,True,0.006569057073539171,2.000000000000001,False,0.00593401003248979,0.0893093693109372,0.006264516482034364,0.38841776215925766,0.25410276431812856,-0.74,0.009999999999999787,0.014723244969300458,0.011619512663959122,27.0,65.0,0.23182639074214928,1500.0000000008301,9.713700831646623,7.79,1498.1346760788208,24146.34572462216,0.0,nan
computed_torque,10.0,1.0,esn,6,"demo_00_filtered -15,-2.5 deg",,0.10130409408056763,False,nan,False,nan,0.0,False,1.3094795742438727,88.92830238361363,6.562194246970881,87.88489978573975,2.141463492103799,-0.74,nan,2.201099004326606,0.011619512663959122,79.0,65.0,39.62137438418645,3042.798770894807,46.46736855167604,nan,1360.830671693339,885380.7713303687,0.0,nan
computed_torque,10.0,1.0,replay,6,"demo_00_filtered -15,-2.5 deg",demo_00_filtered,0.07978985263340829,True,7.29,True,0.006569057073539171,2.000000000000001,False,0.00593401003248979,0.08448579807832154,0.006234373121267003,0.3736807936347381,0.2311783066722614,-0.74,0.009999999999999787,0.014426806416968755,0.011619512663959122,27.0,65.0,0.2231386039724067,1500.0000000008301,8.880728413510807,7.79,1450.1519305044844,22689.259100130515,0.0,nan
computed_torque,10.0,1.0,esn,7,"demo_00_filtered -15,+0 deg",,0.07431026373514367,True,8.74,True,0.7112260137496986,2.0,False,0.46878438472703826,88.25156189687979,6.642168605201798,86.52331957423647,2.148250985663506,-0.74,1.46,2.120439777296483,0.011619512663959122,41.0,65.0,46.62576347653502,2781.2419940173586,45.506491349290386,nan,1547.0424949013639,834629.296038129,0.0,nan
computed_torque,10.0,1.0,replay,7,"demo_00_filtered -15,+0 deg",demo_00_filtered,0.07319762240482591,True,7.29,True,0.006569057073539171,2.000000000000001,False,0.00593401003248979,0.08095973526353187,0.006093356313412656,0.36863738698417753,0.21287883178434175,-0.74,0.009999999999999787,0.014326659068056866,0.011619512663959122,27.0,65.0,0.22016620885969393,1500.0000000008301,8.20441113197619,7.79,1408.7848775348914,21510.762880843937,0.0,nan
computed_torque,10.0,1.0,esn,8,"demo_00_filtered -15,+2.5 deg",,0.09150359490183985,True,7.57,True,0.7014267018674154,2.0,False,0.7264735955483641,79.5314756824214,5.896575556579614,84.84802730026841,1.9407432663731945,-0.74,0.29000000000000004,2.002191861647035,0.011619512663959122,39.0,65.0,37.09377560604416,2822.757327653384,41.80626721598335,nan,1777.9245890194393,817451.0305373938,0.0,nan
computed_torque,10.0,1.0,replay,8,"demo_00_filtered -15,+2.5 deg",demo_00_filtered,0.068488947626717,True,7.29,True,0.006569057073539171,2.000000000000001,False,0.00593401003248979,0.07805660233013678,0.005787226370191334,0.37368023845784143,0.2005175719784051,-0.74,0.009999999999999787,0.014426891293863243,0.011619512663959122,28.0,65.0,0.22313772488581768,1500.0000000008301,7.725593895494974,7.79,1373.8975149297328,20591.828139202746,0.0,nan
computed_torque,10.0,1.0,esn,9,"demo_00_filtered -15,+5 deg",,0.13881349958405928,False,nan,False,nan,0.0,False,1.216552506059644,122.6840197731165,8.698740629654017,108.95957126200817,2.1450965829392654,-0.74,nan,1.6606133186467387,0.011619512663959122,54.0,65.0,53.40172483254831,3109.556837084934,42.6759138719491,nan,2789.79611315196,541618.6958140441,0.0,nan
computed_torque,10.0,1.0,replay,9,"demo_00_filtered -15,+5 deg",demo_00_filtered,0.06604543673793256,True,7.29,True,0.006569057073539171,2.000000000000001,False,0.00593401003248979,0.07811093213780462,0.005538347539180965,0.3884166939327511,0.19525354916435655,-0.74,0.009999999999999787,0.014723411304807742,0.011619512663959122,28.0,65.0,0.2318246984543712,1500.0000000008301,7.481548655972388,7.79,1345.330785642327,19915.557343688695,0.0,nan
computed_torque,10.0,1.0,esn,10,"demo_00_filtered -15,+7.5 deg",,0.19654607965457324,False,nan,False,nan,0.0,False,0.1477652761568408,89.62597782914635,5.939685987484938,87.65480928144419,2.2229144547798,-0.74,nan,2.171375618055358,0.011619512663959122,84.0,65.0,39.989771541285904,4304.753043828527,43.06691078542556,nan,3801.6826612386913,914053.7284118377,0.0,nan
computed_torque,10.0,1.0,replay,10,"demo_00_filtered -15,+7.5 deg",demo_00_filtered,0.06609372219167138,True,7.29,True,0.006569057073539171,2.000000000000001,False,0.00593401003248979,0.07945969424029097,0.005265946814534064,0.41180741326224357,0.19748732425538934,-0.74,0.009999999999999787,0.015204739530459066,0.011619512663959122,28.0,65.0,0.24562145501233038,1500.0000000008301,7.494184172380182,7.79,1322.9031596876887,19467.081231210304,0.0,nan
computed_torque,10.0,1.0,esn,11,"demo_00_filtered -15,+10 deg",,0.25851116519926703,True,0.11,True,0.7005124627326877,1.9999999999999998,False,0.18661907474599498,17.718080793584132,1.0803648343990973,85.7218434836267,0.535765761005762,-0.74,-7.17,nan,0.011619512663959122,0.0,65.0,41.2082230869791,5524.450905407896,44.31582123774715,nan,4813.947841781375,1132152.4997186412,0.0,nan
computed_torque,10.0,1.0,replay,11,"demo_00_filtered -15,+10 deg",demo_00_filtered,0.06860198574762924,True,7.29,True,0.006569057073539171,2.000000000000001,False,0.00593401003248979,0.0816835633725566,0.0049806776729495236,0.4424820596252297,0.206467727056983,-0.74,0.009999999999999787,0.015854052592969927,0.011619512663959122,27.0,65.0,0.263727263122268,1500.0000000008301,7.760918772890761,7.79,1306.4112786646317,19233.430869310258,0.0,nan
computed_torque,10.0,1.0,esn,12,"demo_00_filtered -15,+12.5 deg",,0.32275729040745066,False,nan,False,nan,0.0,False,1.4478567398484594,102.62385158835822,5.712465085318948,94.17845012076711,1.8586222660585106,-0.74,nan,1.7849234725812018,0.011619512663959122,75.0,65.0,32.6768815923505,6768.511645141192,38.946385244342856,nan,5903.514513993695,837426.8492440935,0.0,nan
computed_torque,10.0,1.0,replay,12,"demo_00_filtered -15,+12.5 deg",demo_00_filtered,0.07329106156531635,True,7.29,True,0.006569057073539171,2.000000000000001,False,0.00593401003248979,0.08430269476334395,0.004692634246135949,0.47904343283566975,0.22199196355207015,-0.74,0.009999999999999787,0.016651710985516793,0.011619512663959122,27.0,65.0,0.2853229771122933,1500.0000000008301,8.255631218382904,7.79,1295.6306611359198,19203.387639315268,0.0,nan
computed_torque,10.0,1.0,esn,13,"demo_00_filtered -15,+15 deg",,0.38845642649353546,False,nan,False,nan,0.0,False,0.8828714264981263,100.40201898959809,5.090504957304092,93.35338206307424,2.1712275107074697,-0.74,nan,1.9594844890331995,0.011619512663959122,75.0,65.0,41.17069280093865,8036.56609497254,46.88139577115393,nan,7163.888426982865,1184378.6366869782,0.0,nan
computed_torque,10.0,1.0,replay,13,"demo_00_filtered -15,+15 deg",demo_00_filtered,0.07975037594433203,True,7.29,True,0.006569057073539171,2.000000000000001,False,0.00593401003248979,0.0871171050254791,0.004416943597958197,0.5202519178014944,0.24278243515912856,-0.74,0.009999999999999787,0.017577530815296016,0.011619512663959122,27.0,65.0,0.30967934226414867,1500.0000000008397,8.938881492055504,7.79,1290.316466917871,19367.31409794146,0.0,nan
computed_torque,10.0,1.0,esn,14,"demo_00_filtered -12.5,-15 deg",,0.3581796424439937,False,nan,False,nan,0.0,False,0.05616370909655975,88.78318345909295,4.798743792877699,85.40627720246914,2.0816853176415164,-0.74,nan,2.156104661181554,0.011619512663959122,87.0,65.0,37.10299006821189,7976.093716128331,45.67410138713829,nan,5537.536364290218,1089778.0683613792,0.0,nan
computed_torque,10.0,1.0,replay,14,"demo_00_filtered -12.5,-15 deg",demo_00_filtered,0.1161491671036043,True,7.29,True,0.006569057073539171,2.000000000000001,False,0.00593401003248979,0.11501952889175944,0.006216822024447452,0.47904663726189134,0.33581712526057844,-0.74,0.009999999999999787,0.016651167884755035,0.011619512663959122,24.0,65.0,0.2853280640891801,1500.0000000008336,12.63419695220057,7.79,1487.3649573877335,23984.78003028089,0.0,nan
computed_torque,10.0,1.0,esn,15,"demo_00_filtered -12.5,-12.5 deg",,0.3046505344140958,False,nan,False,nan,0.0,False,1.443220085681716,100.34782154012343,6.035903945407754,92.56980849388785,1.8447754224096296,-0.74,nan,1.8209760111509286,0.011619512663959122,77.0,65.0,31.10208876394356,6874.330053566949,38.30401815419063,nan,4490.9097226803815,734421.741510407,0.0,nan
computed_torque,10.0,1.0,replay,15,"demo_00_filtered -12.5,-12.5 deg",demo_00_filtered,0.10508631548176296,True,7.29,True,0.006569057073539171,2.000000000000001,False,0.00593401003248979,0.10441470604838668,0.006280526338521975,0.4339421831548512,0.30312453598391825,-0.74,0.009999999999999787,0.015670792262073182,0.011619512663959122,25.0,65.0,0.25868826429587216,1250.0000000006978,11.465704879306198,7.79,1418.2787979532768,21756.969494860183,0.0,nan
computed_torque,10.0,1.0,esn,16,"demo_00_filtered -12.5,-10 deg",,0.25022655595909626,False,nan,False,nan,0.0,False,1.1075675339695727,99.35788166495556,6.703504450919326,92.87047366896898,1.9236841742924744,-0.74,nan,1.8753618985071552,0.011619512663959122,77.0,65.0,34.69131640451862,5750.950759831921,39.812396510149675,nan,3451.3771275863423,588559.0894813841,0.0,nan
computed_torque,10.0,1.0,replay,16,"demo_00_filtered -12.5,-10 deg",demo_00_filtered,0.09447197108628466,True,7.29,True,0.006569057073539171,2.000000000000001,False,0.00593401003248979,0.09438344437229325,0.006367887769349691,0.39320880706162026,0.2716424723818588,-0.74,0.009999999999999787,0.014820515645846664,0.011619512663959122,27.0,65.0,0.2346531351050202,1250.0000000006921,10.345604553844652,7.79,1356.0276549898476,19848.923547348586,0.0,nan
computed_torque,10.0,1.0,esn,17,"demo_00_filtered -12.5,-7.5 deg",,0.195318959165435,True,9.0,True,0.3645720398282763,2.0,False,1.3007372206681118,86.19966012598447,6.51347916050544,83.63261486069207,2.0141991501799907,-0.74,1.7199999999999998,2.2027523329137964,0.011619512663959122,50.0,65.0,34.24580915523609,4605.904171628476,45.34576713997951,nan,2417.451705653527,1029810.8874674703,0.0,nan
computed_torque,10.0,1.0,replay,17,"demo_00_filtered -12.5,-7.5 deg",demo_00_filtered,0.08446969224617129,True,7.29,True,0.006569057073539171,2.000000000000001,False,0.00593401003248979,0.0853413800449159,0.006448625199205054,0.3583402343594692,0.24191673928653434,-0.74,0.009999999999999787,0.01412385406287875,0.011619512663959122,27.0,65.0,0.21410168459751053,1250.0000000006921,9.292073961466839,7.79,1300.5605373561073,18235.430365688255,0.0,nan
computed_torque,10.0,1.0,esn,18,"demo_00_filtered -12.5,-5 deg",,0.14104118436346397,False,nan,False,nan,0.0,False,0.6157126079076827,96.54756048607003,8.072015718518134,90.54124884218885,2.210168302183045,-0.74,nan,1.933988334591772,0.011619512663959122,74.0,65.0,38.61529419170734,3439.2645686310066,37.13927108541588,nan,1387.8180367821672,610392.0806055554,0.0,nan
computed_torque,10.0,1.0,replay,18,"demo_00_filtered -12.5,-5 deg",demo_00_filtered,0.07531518461545125,True,7.29,True,0.006569057073539171,2.000000000000001,False,0.00593401003248979,0.07776975593689461,0.006502066848581904,0.33119403851991136,0.2147476622163762,-0.74,0.009999999999999787,0.01360442717879707,0.011619512663959122,28.0,65.0,0.19812100010610112,1250.0000000006921,8.3308743208857,7.79,1251.8019122020655,16893.573954724874,0.0,nan
computed_torque,10.0,1.0,esn,19,"demo_00_filtered -12.5,-2.5 deg",,0.09124781183141381,False,nan,False,nan,0.0,False,1.4013410297941808,87.4896367424857,7.873678764499416,84.76390031659176,2.20396989061357,-0.74,nan,2.153633474830403,0.011619512663959122,83.0,65.0,41.16287266843737,2771.027720095289,43.03501767138136,nan,1365.4319301125531,831735.1044227781,0.0,nan
computed_torque,10.0,1.0,replay,19,"demo_00_filtered -12.5,-2.5 deg",demo_00_filtered,0.06734310731544543,True,7.29,True,0.006569057073539171,2.000000000000001,False,0.00593401003248979,0.07235848716427748,0.0065119425000425306,0.31378092472585173,0.19128983129964838,-0.74,0.009999999999999787,0.013283043319580514,0.011619512663959122,30.0,65.0,0.18788105764356527,1250.0000000006921,7.497818649512195,7.79,1209.6520434223742,15802.73028953599,0.0,nan
computed_torque,10.0,1.0,esn,20,"demo_00_filtered -12.5,+0 deg",,0.06273162028116175,False,nan,False,nan,0.0,False,1.216552506059644,137.51525561393058,12.748453434333463,122.703792786807,1.7160557025813323,-0.74,nan,1.3687913465384192,0.011619512663959122,47.0,65.0,67.92534164135779,2069.926130027628,34.33163242435586,nan,760.9332089069527,385476.1659480359,0.0,nan
computed_torque,10.0,1.0,replay,20,"demo_00_filtered -12.5,+0 deg",demo_00_filtered,0.06100296117532178,True,7.29,True,0.006569057073539171,2.000000000000001,False,0.00593401003248979,0.06953228031307965,0.006446041450433229,0.3077574633909714,0.17310630848029132,-0.74,0.009999999999999787,0.013174204207066824,0.011619512663959122,31.0,65.0,0.18434102842872618,1250.0000000006921,6.839800642994274,7.79,1173.9873979457427,14944.5315397276,0.0,nan
computed_torque,10.0,1.0,esn,21,"demo_00_filtered -12.5,+2.5 deg",,0.08482707572588888,True,4.79,True,1.0859383447070348,2.0,False,2.5946628541902976,74.21701210693737,6.7264103460073414,82.88153719488454,1.9297205218523794,-0.74,-2.49,1.9437818524190946,0.011619512663959122,25.0,65.0,40.23324089379476,2780.075255772413,43.875456277700906,nan,1685.7692994289232,699417.5666495439,0.0,nan
computed_torque,10.0,1.0,replay,21,"demo_00_filtered -12.5,+2.5 deg",demo_00_filtered,0.05682385039332563,True,7.29,True,0.006569057073539171,2.000000000000001,False,0.00593401003248979,0.06753550274297071,0.006120854120596735,0.3137802635670892,0.16202000805765315,-0.74,0.009999999999999787,0.01328313550492158,0.011619512663959122,33.0,65.0,0.1878800135877388,1250.0000000006921,6.410503108872471,7.79,1144.6611186750963,14302.800057942715,0.0,nan
computed_torque,10.0,1.0,esn,22,"demo_00_filtered -12.5,+5 deg",,0.1362404955211481,False,nan,False,nan,0.0,False,0.6441878878374759,99.58408522179901,8.466762128421323,92.82682735136883,1.7833100396071426,-0.74,nan,1.7138089885337453,0.011619512663959122,75.0,65.0,30.0686414886291,3016.821851106263,30.504516613115666,nan,2707.7921463675043,444871.7543020575,0.0,nan
computed_torque,10.0,1.0,replay,22,"demo_00_filtered -12.5,+5 deg",demo_00_filtered,0.055275021820919264,True,7.29,True,0.006569057073539171,2.000000000000001,False,0.00593401003248979,0.06846977183065152,0.005821384710079246,0.33119278572452515,0.15954708774781662,-0.74,0.009999999999999787,0.013604607193436405,0.011619512663959122,33.0,65.0,0.1981190199147224,1250.0000000006921,6.256372537254932,7.79,1121.5035627255545,13863.454147037297,0.0,nan
computed_torque,10.0,1.0,esn,23,"demo_00_filtered -12.5,+7.5 deg",,0.19609268243146305,False,nan,False,nan,0.0,False,1.216552506059644,175.3786838063819,13.566577551970044,149.47851702595833,1.828939364014259,-0.74,nan,0.8936761038165277,0.011619512663959122,16.0,65.0,95.19820543652654,4218.423496302427,31.991099825477637,nan,3729.465878372752,585636.1286745324,0.0,nan
computed_torque,10.0,1.0,replay,23,"demo_00_filtered -12.5,+7.5 deg",demo_00_filtered,0.05654791241689626,True,7.29,True,0.006569057073539171,2.000000000000001,False,0.00593401003248979,0.07054386664019649,0.005456984947193635,0.35833849752442615,0.1654513955594008,-0.74,0.009999999999999787,0.014124114153682914,0.011619512663959122,33.0,65.0,0.2140989360106312,1250.0000000006921,6.396193450253796,7.79,1104.322903443246,13614.38792568026,0.0,nan
computed_torque,10.0,1.0,esn,24,"demo_00_filtered -12.5,+10 deg",,0.2593059772014192,False,nan,False,nan,0.0,False,0.6347187620957987,87.67786187207884,6.073694011829156,86.0118693572095,2.140745715539024,-0.74,nan,2.3359466341411967,0.011619512663959122,89.0,65.0,39.53193340106416,5444.585891781721,46.83283550436784,nan,4751.138633648223,1263839.0664345091,0.0,nan
computed_torque,10.0,1.0,replay,24,"demo_00_filtered -12.5,+10 deg",demo_00_filtered,0.06043878204057153,True,7.29,True,0.006569057073539171,2.000000000000001,False,0.00593401003248979,0.07333071380304818,0.005079826398578796,0.39320669663741503,0.17908683049414897,-0.74,0.009999999999999787,0.014820846131642341,0.011619512663959122,30.0,65.0,0.2346497912900671,1250.0000000006921,6.810502154963885,7.79,1092.9057945277066,13545.327888495603,0.0,nan
computed_torque,10.0,1.0,esn,25,"demo_00_filtered -12.5,+12.5 deg",,0.3243957922084631,False,nan,False,nan,0.0,False,1.2632251236576018,92.79643296082367,5.731197475757573,87.43652562412467,2.076756967170191,-0.74,nan,2.2072012937547614,0.011619512663959122,84.0,65.0,41.589487025011955,6695.147538841621,42.503680807732756,nan,5858.520057966174,1177033.9786700143,0.0,nan
computed_torque,10.0,1.0,replay,25,"demo_00_filtered -12.5,+12.5 deg",demo_00_filtered,0.06646403158483799,True,7.29,True,0.006569057073539171,2.000000000000001,False,0.00593401003248979,0.07658731482976379,0.0047301066584391335,0.4339397927516048,0.19920154398287232,-0.74,0.009999999999999787,0.01567118295414683,0.011619512663959122,28.0,65.0,0.25868447287522384,1250.0000000007042,7.452109163413407,7.79,1087.0180944245606,13647.66900156999,0.0,nan
computed_torque,10.0,1.0,esn,26,"demo_00_filtered -12.5,+15 deg",,0.390724302100194,True,2.65,True,1.3976207595777517,2.0000000000000004,False,1.386118670056276,83.24397197006279,4.593314641866062,89.12710415548436,2.117404929892108,-0.74,-4.630000000000001,2.1464962346127714,0.011619512663959122,15.0,65.0,47.405454118110896,7969.71771919434,45.265740467743655,nan,7125.063139332554,1443506.0051893461,0.0,nan
computed_torque,10.0,1.0,replay,26,"demo_00_filtered -12.5,+15 deg",demo_00_filtered,0.07408006392095734,True,7.29,True,0.006569057073539171,2.000000000000001,False,0.00593401003248979,0.08009469466633796,0.004419540839293331,0.4790440388591172,0.22402509447427477,-0.74,0.009999999999999787,0.016651609111429738,0.011619512663959122,27.0,65.0,0.28532393917031484,1500.0000000008397,8.266606229722576,7.79,1086.4056490037124,13914.293384809635,0.0,nan
computed_torque,10.0,1.0,esn,27,"demo_00_filtered -10,-15 deg",,0.35536590420247544,False,nan,False,nan,0.0,False,1.0570734131997837,95.18309725328959,5.587305340841464,89.1546040841391,2.1465316479453413,-0.74,nan,2.094336472011061,0.011619512663959122,78.0,65.0,43.31346241635076,7749.253635388791,44.6703515533703,nan,5721.155701682808,984109.1703310185,0.0,nan
computed_torque,10.0,1.0,replay,27,"demo_00_filtered -10,-15 deg",demo_00_filtered,0.10384653022426309,True,7.29,True,0.006569057073539171,2.000000000000001,False,0.00593401003248979,0.10763114665450137,0.006318013364739533,0.442486184917226,0.3011450390329776,-0.74,0.009999999999999787,0.015853375162924618,0.011619512663959122,25.0,65.0,0.26373380746135366,1500.0000000008336,11.330124965918241,7.79,1216.6213360673426,16288.972548313575,0.0,nan
computed_torque,10.0,1.0,esn,28,"demo_00_filtered -10,-12.5 deg",,0.301258359402347,False,nan,False,nan,0.0,False,0.7344257307430408,85.17247817461943,5.6823432859175735,82.79928565510403,2.140195465313619,-0.74,nan,2.2417091905577156,0.011619512663959122,86.0,65.0,41.43746130307481,6649.310268460414,44.64307465207211,nan,4662.2352417340235,1283161.3088095617,0.0,nan
computed_torque,10.0,1.0,replay,28,"demo_00_filtered -10,-12.5 deg",demo_00_filtered,0.09282544054288051,True,7.29,True,0.006569057073539171,2.000000000000001,False,0.00593401003248979,0.09614710228069616,0.006414523245232382,0.3932100729786483,0.2677394146195714,-0.74,0.009999999999999787,0.014820318561056313,0.011619512663959122,27.0,65.0,0.234655140846294,1250.0000000006978,10.152370864141984,7.79,1153.776734540018,14576.421393623996,0.0,nan
computed_torque,10.0,1.0,esn,29,"demo_00_filtered -10,-10 deg",,0.2461181159845077,False,nan,False,nan,0.0,False,0.7564183381804763,106.5272486625814,8.132178107778952,97.48077320490324,2.0666883224877486,-0.74,nan,1.7543942322540653,0.011619512663959122,68.0,65.0,36.38004948302156,5527.789432287299,45.439133259393365,nan,3610.575275290183,561327.0462380059,0.0,nan
computed_torque,10.0,1.0,replay,29,"demo_00_filtered -10,-10 deg",demo_00_filtered,0.08220229397864147,True,7.29,True,0.006569057073539171,2.000000000000001,False,0.00593401003248979,0.08542343773969908,0.0065211353808484395,0.3477377016107082,0.23533910162911448,-0.74,0.009999999999999787,0.01391818221388567,0.011619512663959122,27.0,65.0,0.20785935354416435,1000.0000000005556,9.01764867171067,7.79,1097.6823696888798,13128.798975968912,0.0,nan
computed_torque,10.0,1.0,esn,30,"demo_00_filtered -10,-7.5 deg",,0.19023452209793248,False,nan,False,nan,0.0,False,1.4192809242584534,92.62488256083746,8.205281755924647,88.88972555980325,2.2525923245725044,-0.74,nan,2.2182458712146214,0.011619512663959122,83.0,65.0,40.59088976338678,4384.61688936786,41.99935774756044,nan,2564.7241601726278,961684.3978152947,0.0,nan
computed_torque,10.0,1.0,replay,30,"demo_00_filtered -10,-7.5 deg",demo_00_filtered,0.07214759495852062,True,7.29,True,0.006569057073539171,2.000000000000001,False,0.00593401003248979,0.07542551451899894,0.00668165595575764,0.30775975489247254,0.20449838465593828,-0.74,0.009999999999999787,0.013173889544080537,0.011619512663959122,28.0,65.0,0.18434464567400627,1000.000000000554,7.945144815833478,7.79,1048.275530595522,11923.701792715028,0.0,nan
computed_torque,10.0,1.0,esn,31,"demo_00_filtered -10,-5 deg",,0.1344373258983842,False,nan,False,nan,0.0,False,1.6505654495564073,88.75709810909454,9.088333044764898,87.61283914054395,2.1351624925586563,-0.74,nan,2.172635576199992,0.011619512663959122,79.0,65.0,39.20512697435473,3219.8464704259663,47.77944751036854,nan,1551.154058646795,958901.5250115808,0.0,nan
computed_torque,10.0,1.0,replay,31,"demo_00_filtered -10,-5 deg",demo_00_filtered,0.06292598893832593,True,7.29,True,0.006569057073539171,2.000000000000001,False,0.00593401003248979,0.0668922369698871,0.006849468275139297,0.2756770471435806,0.176103621475446,-0.74,0.009999999999999787,0.012615409267769726,0.011619512663959122,33.0,65.0,0.1655154002630111,1000.000000000554,6.964199720183251,7.79,1005.4691483253105,10941.057385737598,0.0,nan
computed_torque,10.0,1.0,esn,32,"demo_00_filtered -10,-2.5 deg",,0.08191561102844055,False,nan,False,nan,0.0,False,1.3834045679526568,100.71889661154002,11.569387977204855,92.81454629505295,1.8162957830963353,-0.74,nan,1.7874773784170055,0.011619512663959122,77.0,65.0,30.450739904929957,2349.9591771299456,31.62695123832077,nan,923.7199041655754,455673.720044394,0.0,nan
computed_torque,10.0,1.0,replay,32,"demo_00_filtered -10,-2.5 deg",demo_00_filtered,0.05494643299503502,True,7.29,True,0.006569057073539171,2.000000000000001,False,0.00593401003248979,0.06061149067559885,0.006962326585122579,0.2544932452787027,0.15161339876324625,-0.74,0.009999999999999787,0.012268143786245333,0.011619512663959122,33.0,65.0,0.15311012005235858,1000.000000000554,6.119278545930602,7.79,969.1521563402637,10163.0993064791,0.0,nan
computed_torque,10.0,1.0,esn,33,"demo_00_filtered -10,+0 deg",,0.05084089710878967,False,nan,False,nan,0.0,False,1.216552506059644,116.20585816654075,14.022270052392882,106.43244033477411,2.2271938608134203,-0.74,nan,1.717572456472601,0.011619512663959122,58.0,65.0,56.6784400734955,2663.3652894684246,43.536593453320386,nan,1555.586474433342,560448.5128281149,0.0,nan
computed_torque,10.0,1.0,replay,33,"demo_00_filtered -10,+0 deg",demo_00_filtered,0.04880560417716866,True,7.29,True,0.006569057073539171,2.000000000000001,False,0.00593401003248979,0.05706592460884702,0.006886002291794494,0.24702833732898039,0.13325308662635776,-0.74,0.009999999999999787,0.012150216813688351,0.011619512663959122,34.0,65.0,0.14874485471216636,1000.000000000554,5.473667997272657,7.79,939.1899183565941,9574.311141482378,0.0,nan
computed_torque,10.0,1.0,esn,34,"demo_00_filtered -10,+2.5 deg",,0.0785706462581856,False,nan,False,nan,0.0,False,1.5255118410437079,97.35341691607931,11.317882926294216,91.58518829049103,2.2141951070665034,-0.74,nan,1.8071282700663742,0.011619512663959122,72.0,65.0,34.16550644287784,2728.436618934687,43.062234544289936,nan,1592.2258591255836,469341.98008354194,0.0,nan
computed_torque,10.0,1.0,replay,34,"demo_00_filtered -10,+2.5 deg",demo_00_filtered,0.04523798405686523,True,7.29,True,0.006569057073539171,2.000000000000001,False,0.00593401003248979,0.05714350742543434,0.006643254520757052,0.2544924300935244,0.12381119690651753,-0.74,0.009999999999999787,0.012268243597689368,0.011619512663959122,34.0,65.0,0.1531088388921814,1000.000000000554,5.103102823282184,7.79,915.4247224204598,9161.34144062536,0.0,nan
computed_torque,10.0,1.0,esn,35,"demo_00_filtered -10,+5 deg",,0.133904078734538,False,nan,False,nan,0.0,False,0.1904636446704311,86.91887442822114,9.148586138843514,85.85649868916207,2.0599712611678562,-0.74,nan,2.1894080554472786,0.011619512663959122,87.0,65.0,34.36831195336276,2913.113898244164,42.566837231805195,nan,2615.946810368006,894657.3214194098,0.0,nan
computed_torque,10.0,1.0,replay,35,"demo_00_filtered -10,+5 deg",demo_00_filtered,0.044838499463582565,True,7.29,True,0.006569057073539171,2.000000000000001,False,0.00593401003248979,0.059192156661615196,0.006230229596563694,0.27567554205378225,0.1252980207547958,-0.74,0.009999999999999787,0.012615603394916929,0.011619512663959122,34.0,65.0,0.16551302997997838,1000.000000000554,5.067399454939637,7.79,897.676339808782,8912.891709542517,0.0,nan
computed_torque,10.0,1.0,esn,36,"demo_00_filtered -10,+7.5 deg",,0.19564088574133226,True,0.1,True,0.7422434690500307,2.0,False,0.6817791339077273,8.933458336053768,0.8187919818292485,87.16243936608909,0.27077810623719484,-0.74,-7.180000000000001,nan,0.011619512663959122,0.0,65.0,40.67082920207213,4121.193725292356,43.98373162856005,nan,3647.6646287171416,963128.1753845487,0.0,nan
computed_torque,10.0,1.0,replay,36,"demo_00_filtered -10,+7.5 deg",demo_00_filtered,0.047662419078702556,True,7.29,True,0.006569057073539171,2.000000000000001,False,0.00593401003248979,0.06217286882604377,0.005698425466052331,0.30775773260592243,0.1361900127478365,-0.74,0.009999999999999787,0.013174168389557029,0.011619512663959122,34.0,65.0,0.18434145340120142,1000.000000000554,5.372035981110477,7.79,885.7426471988036,8819.579919897762,0.0,nan
computed_torque,10.0,1.0,esn,37,"demo_00_filtered -10,+10 deg",,0.2599608734460954,False,nan,False,nan,0.0,False,1.216552506059644,143.26142401010165,11.314700155622283,125.84179832105457,1.8110344532806493,-0.74,nan,1.5066035856915267,0.011619512663959122,43.0,65.0,70.39591632393801,5353.882479410761,39.87000375985307,nan,4678.984320945372,662086.835921091,0.0,nan
computed_torque,10.0,1.0,replay,37,"demo_00_filtered -10,+10 deg",demo_00_filtered,0.05317475012771537,True,7.29,True,0.006569057073539171,2.000000000000001,False,0.00593401003248979,0.06583003597993885,0.005199216212553589,0.34773531522004425,0.15557385548634772,-0.74,0.009999999999999787,0.013918534124970041,0.011619512663959122,33.0,65.0,0.2078555786926469,1000.0000000005556,5.963678412431247,7.79,879.4003103907809,8873.782253360681,0.0,nan
computed_torque,10.0,1.0,esn,38,"demo_00_filtered -10,+12.5 deg",,0.3258096444337263,False,nan,False,nan,0.0,False,0.9061381098419454,91.87198539395155,6.278934766457053,89.74972430127949,2.1060818358731517,-0.74,nan,2.0968928241105482,0.011619512663959122,81.0,65.0,43.87565698032788,6610.994362522554,41.72880794350911,nan,5799.745182099345,1067307.987698445,0.0,nan
computed_torque,10.0,1.0,replay,38,"demo_00_filtered -10,+12.5 deg",demo_00_filtered,0.06062372488377013,True,7.29,True,0.006569057073539171,2.000000000000001,False,0.00593401003248979,0.06967242073177769,0.0047617190694213855,0.39320743495511506,0.1807083165450938,-0.74,0.009999999999999787,0.014820731672642877,0.011619512663959122,33.0,65.0,0.23465096110588457,1250.0000000007042,6.765925956577981,7.79,878.4055277132012,9069.456024735997,0.0,nan
computed_torque,10.0,1.0,esn,39,"demo_00_filtered -10,+15 deg",,0.3927147743304749,False,nan,False,nan,0.0,False,1.9244072219376205,97.54597141524475,5.825706008051114,92.17012634488147,2.224671545786915,-0.74,nan,2.093329208360437,0.011619512663959122,79.0,65.0,45.48482357211235,7892.115873863563,45.51790281977454,nan,7072.15978684604,1336036.517526564,0.0,nan
computed_torque,10.0,1.0,replay,39,"demo_00_filtered -10,+15 deg",demo_00_filtered,0.06936662253169368,True,7.29,True,0.006569057073539171,2.000000000000001,False,0.00593401003248979,0.07475406571524536,0.004464512510821049,0.442483371819926,0.2094956888977338,-0.74,0.009999999999999787,0.015853838592908273,0.011619512663959122,28.0,65.0,0.2637293447928171,1500.0000000008397,7.711737060581514,7.79,882.4948310895534,9401.946924447278,0.0,nan
computed_torque,10.0,1.0,esn,40,"demo_00_filtered -7.5,-15 deg",,0.35366535844621394,True,7.19,True,0.5735327045043859,1.9999999999999991,False,1.5532282990060147,86.97083285097246,5.565171562981548,85.66937084740118,2.0212867948982556,-0.74,-0.08999999999999986,2.366988609532825,0.011619512663959122,41.0,65.0,38.09293594315198,7526.886541001516,44.92520477348185,nan,5916.763503922875,1274784.4535650557,0.0,nan
computed_torque,10.0,1.0,replay,40,"demo_00_filtered -7.5,-15 deg",demo_00_filtered,0.09213280501418974,True,7.29,True,0.006569057073539171,2.000000000000001,False,0.00593401003248979,0.10095084901729426,0.006459738004033704,0.41181255079663304,0.26899654651593896,-0.74,0.009999999999999787,0.015203921595415806,0.011619512663959122,27.0,65.0,0.24562959927891068,1500.0000000008336,10.093374709164305,7.79,945.8777147469506,10130.112260505482,0.0,nan
computed_torque,10.0,1.0,esn,41,"demo_00_filtered -7.5,-12.5 deg",,0.29901236022253275,False,nan,False,nan,0.0,False,0.29676101067568855,88.7629700092091,6.524682731940163,86.11605962401629,2.1808367942470444,-0.74,nan,2.2678896369876225,0.011619512663959122,85.0,65.0,43.33156729432494,6428.646514614979,45.833351525570635,nan,4845.263891477446,1131430.7517406447,0.0,nan
computed_torque,10.0,1.0,replay,41,"demo_00_filtered -7.5,-12.5 deg",demo_00_filtered,0.0811255582245852,True,7.29,True,0.006569057073539171,2.000000000000001,False,0.00593401003248979,0.08911683309780745,0.0065506940786020556,0.35834301254929174,0.23484343215357048,-0.74,0.009999999999999787,0.01412344044750805,0.011619512663959122,27.0,65.0,0.21410608111272772,1250.0000000006978,8.903007913230203,7.79,889.2746711267594,8869.555676806967,0.0,nan
computed_torque,10.0,1.0,esn,42,"demo_00_filtered -7.5,-10 deg",,0.24320433460952398,False,nan,False,nan,0.0,False,0.8756466740593288,90.93626375175499,7.91381772081117,88.24226459621995,2.167668460659902,-0.74,nan,2.1973828142373204,0.011619512663959122,89.0,65.0,42.77259709428715,5308.865991446991,43.34386970386812,nan,3781.1827202232835,958880.5939500077,0.0,nan
computed_torque,10.0,1.0,replay,42,"demo_00_filtered -7.5,-10 deg",demo_00_filtered,0.07043814788229809,True,7.29,True,0.006569057073539171,2.000000000000001,False,0.00593401003248979,0.07737969252993908,0.006734043787482234,0.3077613722878911,0.2013776475390451,-0.74,0.009999999999999787,0.013173667824946837,0.011619512663959122,30.0,65.0,0.18434719878439654,1000.0000000005556,7.7470810033717905,7.79,839.3370843879111,7821.576749820093,0.0,nan
computed_torque,10.0,1.0,esn,43,"demo_00_filtered -7.5,-7.5 deg",,0.18641385347066408,False,nan,False,nan,0.0,False,1.3391799818213155,100.57707412231008,10.514759855484721,93.23405972164696,1.9706181320414653,-0.74,nan,1.8388602170673736,0.011619512663959122,76.0,65.0,30.23555569921822,4167.450700844742,38.10243604134934,nan,2723.1083833978746,622829.630743591,0.0,nan
computed_torque,10.0,1.0,replay,43,"demo_00_filtered -7.5,-7.5 deg",demo_00_filtered,0.060236125185464506,True,7.29,True,0.006569057073539171,2.000000000000001,False,0.00593401003248979,0.06654092122039365,0.00695647406032432,0.26174724426916657,0.16908267475798583,-0.74,0.009999999999999787,0.012384712089618822,0.011619512663959122,33.0,65.0,0.15735732341562902,750.0000000004198,6.644428639130758,7.79,795.9905238349363,6966.590636616733,0.0,nan
computed_torque,10.0,1.0,esn,44,"demo_00_filtered -7.5,-5 deg",,0.1291713237714521,False,nan,False,nan,0.0,False,1.216552506059644,129.59950166206204,16.707180136522513,116.45601126070778,2.066521036859845,-0.74,nan,1.587596959976988,0.011619512663959122,51.0,65.0,61.711861293871884,3004.4364823392584,44.71074799036493,nan,1669.8003038737384,546381.4493917647,0.0,nan
computed_torque,10.0,1.0,replay,44,"demo_00_filtered -7.5,-5 deg",demo_00_filtered,0.050804809326560445,True,7.29,True,0.006569057073539171,2.000000000000001,False,0.00593401003248979,0.05700300129082681,0.007348480500886489,0.2231443198309827,0.13886725222441254,-0.74,0.009999999999999787,0.01178890490318953,0.011619512663959122,34.0,65.0,0.13480996464683412,750.0000000004168,5.627114969970497,7.79,759.1363844485551,6287.369053041909,0.0,nan
computed_torque,10.0,1.0,esn,45,"demo_00_filtered -7.5,-2.5 deg",,0.0737376552268442,False,nan,False,nan,0.0,False,1.216552506059644,171.97198079966375,26.98826346245645,147.35763431664284,1.7368643550366607,-0.74,nan,1.0307630600060336,0.011619512663959122,22.0,65.0,91.42135966054727,2232.872633899757,34.63471290521221,nan,1027.314371705504,463559.88836054003,0.0,nan
computed_torque,10.0,1.0,replay,45,"demo_00_filtered -7.5,-2.5 deg",demo_00_filtered,0.04264666151351363,True,7.29,True,0.006569057073539171,2.000000000000001,False,0.00593401003248979,0.04915206773751634,0.007713634207481261,0.19637302524408476,0.11248900871190617,-0.74,0.009999999999999787,0.011416526607646745,0.011619512663959122,34.0,65.0,0.11925220210253391,750.0000000004168,4.750673912339906,7.79,728.6522692581532,5768.994530685389,0.0,nan
computed_torque,10.0,1.0,esn,46,"demo_00_filtered -7.5,+0 deg",,0.03862486026243262,False,nan,False,nan,0.0,False,1.9286843916946212,89.56166279061529,15.473645236500555,86.72952206699304,1.8677216202550175,-0.74,nan,1.884723180608322,0.011619512663959122,77.0,65.0,37.816115888194055,2580.815496129192,38.729812429336,nan,886.6316691160123,518424.8150526001,0.0,nan
computed_torque,10.0,1.0,replay,46,"demo_00_filtered -7.5,+0 deg",demo_00_filtered,0.03660609042112926,True,7.29,True,0.006569057073539171,2.000000000000001,False,0.00593401003248979,0.04494514938690512,0.007765211978482432,0.18659730060895438,0.09334029946949414,-0.74,0.009999999999999787,0.011289707544606767,0.011619512663959122,36.0,65.0,0.11359318046079778,750.0000000004168,4.106317219463894,7.79,704.3924387674452,5398.78476599413,0.0,nan
computed_torque,10.0,1.0,esn,47,"demo_00_filtered -7.5,+2.5 deg",,0.07297741466225383,False,nan,False,nan,0.0,False,1.3311802588022563,97.84194730038419,15.785895284758235,91.57508254696728,1.9895078815545149,-0.74,nan,1.8710731814484933,0.011619512663959122,72.0,65.0,35.795206478804154,2894.832791948571,47.44929542029536,nan,1471.2651061876477,487968.8706105048,0.0,nan
computed_torque,10.0,1.0,replay,47,"demo_00_filtered -7.5,+2.5 deg",demo_00_filtered,0.0338159821189756,True,7.29,True,0.006569057073539171,2.000000000000001,False,0.00593401003248979,0.04670092926167761,0.007534763967467047,0.19637196878866228,0.08639603194917861,-0.74,0.009999999999999787,0.011416633864469948,0.011619512663959122,36.0,65.0,0.11925055719269351,750.0000000004168,3.813072903206877,7.79,686.1883261658231,5166.189058689802,0.0,nan
computed_torque,10.0,1.0,esn,48,"demo_00_filtered -7.5,+5 deg",,0.1318848736456031,False,nan,False,nan,0.0,False,1.4203631583500627,92.60299196026966,12.52182370364635,89.13113532520086,2.2193057300076657,-0.74,nan,2.1041518755665076,0.011619512663959122,83.0,65.0,41.121017097265295,2798.583947491512,40.11543261452551,nan,2514.3952135490085,722447.37720767,0.0,nan
computed_torque,10.0,1.0,replay,48,"demo_00_filtered -7.5,+5 deg",demo_00_filtered,0.035038170486695684,True,7.29,True,0.006569057073539171,2.000000000000001,False,0.00593401003248979,0.05053510881044212,0.006833383133456792,0.22314246040965538,0.09345077971847526,-0.74,0.009999999999999787,0.011789112640099565,0.011619512663959122,36.0,65.0,0.134807054477906,750.0000000004168,3.948996630300634,7.79,673.8491168920094,5062.659143653193,0.0,nan
computed_torque,10.0,1.0,esn,49,"demo_00_filtered -7.5,+7.5 deg",,0.19523196698001968,False,nan,False,nan,0.0,False,1.2590030782543724,99.18150401714514,10.856185949455588,92.53432158283326,1.7918013747008161,-0.74,nan,1.7823527529345151,0.011619512663959122,77.0,65.0,29.983016676247345,4013.203477291628,32.68612470807742,nan,3556.400794431655,573039.12615169,0.0,nan
computed_torque,10.0,1.0,replay,49,"demo_00_filtered -7.5,+7.5 deg",demo_00_filtered,0.039883118836723096,True,7.29,True,0.006569057073539171,2.000000000000001,False,0.00593401003248979,0.054733221058063816,0.005990976153338862,0.2617448664821651,0.11197625770655525,-0.74,0.009999999999999787,0.012385008703247628,0.011619512663959122,34.0,65.0,0.1573535836449975,750.0000000004198,4.4739204804736685,7.79,667.162390954361,5081.496999219046,0.0,nan
computed_torque,10.0,1.0,esn,50,"demo_00_filtered -7.5,+10 deg",,0.2605040950573456,False,nan,False,nan,0.0,False,1.216552506059644,141.61585525772674,12.679697794205735,125.10683695628764,1.8525724059910345,-0.74,nan,1.421481539967058,0.011619512663959122,47.0,65.0,69.39593928512357,5252.468940830551,35.70486774499124,nan,4597.593730017247,659566.2777003985,0.0,nan
computed_torque,10.0,1.0,replay,50,"demo_00_filtered -7.5,+10 deg",demo_00_filtered,0.04722818393666505,True,7.29,True,0.006569057073539171,2.000000000000001,False,0.00593401003248979,0.059235671056142296,0.005303716919704747,0.307758675917043,0.13797570843286386,-0.74,0.009999999999999787,0.013174039623861445,0.011619512663959122,34.0,65.0,0.18434294246732366,1000.0000000005556,5.271532124298771,7.79,665.8948262538552,5217.682462592196,0.0,nan
computed_torque,10.0,1.0,esn,51,"demo_00_filtered -7.5,+12.5 deg",,0.3270202736163031,False,nan,False,nan,0.0,False,1.235165389417912,99.38148030981849,7.438211517531183,93.22852520084204,2.1935920493009657,-0.74,nan,1.9437889486245352,0.011619512663959122,77.0,65.0,37.84853177781446,6516.168841066268,45.337515584590804,nan,5727.080122604381,1007794.8320845386,0.0,nan
computed_torque,10.0,1.0,replay,51,"demo_00_filtered -7.5,+12.5 deg",demo_00_filtered,0.05608044646667308,True,7.29,True,0.006569057073539171,2.000000000000001,False,0.00593401003248979,0.06403507359957644,0.004792708062804628,0.35834011784198677,0.16797775877881035,-0.74,0.009999999999999787,0.014123873942215556,0.011619512663959122,33.0,65.0,0.21410150020906268,1250.0000000007042,6.236633727063029,7.79,669.7929610018417,5467.683697376156,0.0,nan
computed_torque,10.0,1.0,esn,52,"demo_00_filtered -7.5,+15 deg",,0.39444466427392155,False,nan,False,nan,0.0,False,1.216552506059644,92.37823777353618,5.9043691705141,90.25079420109857,2.284909026250843,-0.74,nan,2.226716447671218,0.011619512663959122,82.0,65.0,46.716221899347424,7803.8658282197575,44.627587786889976,nan,7005.0566572487105,1360110.1665074378,0.0,nan
computed_torque,10.0,1.0,replay,52,"demo_00_filtered -7.5,+15 deg",demo_00_filtered,0.06581686204256794,True,7.29,True,0.006569057073539171,2.000000000000001,False,0.00593401003248979,0.07269362142210498,0.004646223911197587,0.4118095281658243,0.20014720353236348,-0.74,0.009999999999999787,0.015204404820745318,0.011619512663959122,31.0,65.0,0.24562480768176592,1500.0000000008397,7.301631591364044,7.79,678.5840131753948,5829.253736870107,0.0,nan
computed_torque,10.0,1.0,esn,53,"demo_00_filtered -5,-15 deg",,0.35313554109283074,False,nan,False,nan,0.0,False,1.216552506059644,87.61191297910948,6.1764176216803754,86.94978929136387,2.098185957021496,-0.74,nan,2.271463917374426,0.011619512663959122,82.0,65.0,40.881302360110325,7308.955501739293,42.925397519351314,nan,6124.101866133913,1189205.655478577,0.0,nan
computed_torque,10.0,1.0,replay,53,"demo_00_filtered -5,-15 deg",demo_00_filtered,0.08126555580821873,True,7.29,True,0.006569057073539171,2.000000000000001,False,0.00593401003248979,0.09452259672716301,0.006663603295728101,0.38842288826099064,0.2398726224826671,-0.74,0.009999999999999787,0.014722451405783028,0.011619512663959122,27.0,65.0,0.23183451142667913,1500.0000000008336,8.953209526238696,7.79,675.1340934265597,5506.909871989831,0.0,nan
computed_torque,10.0,1.0,esn,54,"demo_00_filtered -5,-12.5 deg",,0.29798647561474734,True,10.290000000000001,True,0.5499263962413388,2.0,False,0.8191588901190648,81.68954410081137,6.734424606000903,83.80020175883737,2.021583106412041,-0.74,3.0100000000000007,2.225042406900548,0.011619512663959122,55.0,65.0,40.424042401262554,6212.304196200471,40.9390847743022,nan,5039.747756494764,1121762.1320753214,0.0,nan
computed_torque,10.0,1.0,replay,54,"demo_00_filtered -5,-12.5 deg",demo_00_filtered,0.07027001353919712,True,7.29,True,0.006569057073539171,2.000000000000001,False,0.00593401003248979,0.08249974429083655,0.006801216900602998,0.33119854736137105,0.20539642083508022,-0.74,0.009999999999999787,0.013603783061722127,0.011619512663959122,30.0,65.0,0.19812812676644054,1250.0000000006978,7.749988833361237,7.79,624.7726077135005,4635.1299487353035,0.0,nan
computed_torque,10.0,1.0,esn,55,"demo_00_filtered -5,-10 deg",,0.24158604544599344,False,nan,False,nan,0.0,False,0.8344846416188568,86.17800893199782,8.498162043192911,85.32742738031557,2.196813235828939,-0.74,nan,2.169583789795742,0.011619512663959122,79.0,65.0,45.7177760056978,5094.1491552312145,41.65795131182943,nan,3962.9628712441004,897987.7859537208,0.0,nan
computed_torque,10.0,1.0,replay,55,"demo_00_filtered -5,-10 deg",demo_00_filtered,0.05948291648402929,True,7.29,True,0.006569057073539171,2.000000000000001,False,0.00593401003248979,0.07071643442434576,0.0069734695231718205,0.27568065837832434,0.17109651755078284,-0.74,0.009999999999999787,0.012614946194024411,0.011619512663959122,33.0,65.0,0.16552108731573326,1000.0000000005556,6.568738344875593,7.79,580.9917990869428,3926.0619414555804,0.0,nan
computed_torque,10.0,1.0,esn,56,"demo_00_filtered -5,-7.5 deg",,0.1840088301713952,False,nan,False,nan,0.0,False,1.216552506059644,168.48528112660475,20.994122257700823,145.46890656733177,1.966058406804834,-0.74,nan,1.1702145098080978,0.011619512663959122,25.0,65.0,89.28501322119628,3954.3786285031338,38.253142502150915,nan,2892.3802398650187,581077.6161577778,0.0,nan
computed_torque,10.0,1.0,replay,56,"demo_00_filtered -5,-7.5 deg",demo_00_filtered,0.0490382870555454,True,7.29,True,0.006569057073539171,2.000000000000001,False,0.00593401003248979,0.058990483932210035,0.007350514083085653,0.22314655053099788,0.1372978923167245,-0.74,0.009999999999999787,0.011788657135519794,0.011619512663959122,34.0,65.0,0.1348134558531143,750.0000000004198,5.424836193906548,7.79,543.705517074351,3362.9495988149993,0.0,nan
computed_torque,10.0,1.0,esn,57,"demo_00_filtered -5,-5 deg",,0.12551478350688727,False,nan,False,nan,0.0,False,1.216552506059644,170.89491665068235,28.33913582784156,146.4518955953133,1.654970114705453,-0.74,nan,0.9716938190585158,0.011619512663959122,24.0,65.0,89.7868594118095,2793.0129113738753,31.322107468873657,nan,1826.803077183415,400123.0828265628,0.0,nan
computed_torque,10.0,1.0,replay,57,"demo_00_filtered -5,-5 deg",demo_00_filtered,0.039204163153478626,True,7.29,True,0.006569057073539171,2.000000000000001,False,0.00593401003248979,0.048073761223213204,0.007971968246689344,0.1762842891587688,0.10464378643480776,-0.74,0.009999999999999787,0.011161076217486268,0.011619512663959122,36.0,65.0,0.10764324045015293,500.0000000002842,4.348734096483674,7.79,512.8036205717999,2931.4090539678773,0.0,nan
computed_torque,10.0,1.0,esn,58,"demo_00_filtered -5,-2.5 deg",,0.06732024665627726,False,nan,False,nan,0.0,False,1.216552506059644,169.5351328182075,40.05668872314773,145.94109975110837,1.966334797315988,-0.74,nan,1.1775303520788398,0.011619512663959122,25.0,65.0,91.68539773385831,2836.957938295805,44.55474526876974,nan,993.5294262894568,523454.2334703122,0.0,nan
computed_torque,10.0,1.0,replay,58,"demo_00_filtered -5,-2.5 deg",demo_00_filtered,0.03056448920426248,True,7.29,True,0.006569057073539171,2.000000000000001,False,0.00593401003248979,0.03893428491156793,0.009199146545237676,0.14087273751473134,0.07491652107098119,-0.74,0.009999999999999787,0.010767006236609936,0.011619512663959122,38.0,65.0,0.08737521589576946,500.00000000027626,3.4059543029452524,7.79,488.1523821760428,2619.3628460365126,0.0,nan
computed_torque,10.0,1.0,esn,59,"demo_00_filtered -5,+0 deg",,0.026072571120031147,False,nan,False,nan,0.0,False,1.5272785164582048,95.06969449041486,28.8968086001824,90.45906851053365,2.1842289337753957,-0.74,nan,1.749439168410405,0.011619512663959122,72.0,65.0,32.546013535277446,2820.6026184231873,47.07382171132739,nan,1579.390947296254,451656.818050953,0.0,nan
computed_torque,10.0,1.0,replay,59,"demo_00_filtered -5,+0 deg",demo_00_filtered,0.024404959013274077,True,7.29,True,0.006569057073539171,2.000000000000001,False,0.00593401003248979,0.032805753836007825,0.009971438266054336,0.1268909599850556,0.05339422797526491,-0.74,0.009999999999999787,0.01063244280298946,0.011619512663959122,38.0,65.0,0.07947799251194099,500.00000000027626,2.7380526053085457,7.79,469.59495917829673,2416.9451174165024,0.0,nan
computed_torque,10.0,1.0,esn,60,"demo_00_filtered -5,+2.5 deg",,0.06837009989432818,True,0.8,True,1.2165525060596458,2.0,False,1.216552506059644,10.5212300559518,2.6861223588830154,148.8179045520832,0.39282808884304893,-0.74,-6.48,0.6486038274845054,0.011619512663959122,4.0,65.0,93.91949029572402,2517.672164651449,29.362808040930158,nan,1349.2318895314334,400309.5116975215,0.0,nan
computed_torque,10.0,1.0,replay,60,"demo_00_filtered -5,+2.5 deg",demo_00_filtered,0.022808899935369692,True,7.29,True,0.006569057073539171,2.000000000000001,False,0.00593401003248979,0.03637742772375841,0.009287338214999108,0.14087126483891543,0.05144633841485029,-0.74,0.009999999999999787,0.010767119963641783,0.011619512663959122,38.0,65.0,0.087372970862256,500.00000000027626,2.568732777827125,7.79,456.9519299111867,2316.3801349509786,0.0,nan
computed_torque,10.0,1.0,esn,61,"demo_00_filtered -5,+5 deg",,0.1302748522694268,True,0.06,True,0.803583585109301,2.0,False,1.216552506059644,1.4383149114368394,0.25579766371027773,147.88849693412317,0.06862822000810305,-0.74,-7.220000000000001,nan,0.011619512663959122,nan,65.0,92.16873146213449,2673.4023318323043,36.52527277357984,nan,2403.2898173128797,497142.6084385699,0.0,nan
computed_torque,10.0,1.0,replay,61,"demo_00_filtered -5,+5 deg",demo_00_filtered,0.026589725079462553,True,7.29,True,0.006569057073539171,2.000000000000001,False,0.00593401003248979,0.043210284187364285,0.007684749463066603,0.1762819354586712,0.06862822000810305,-0.74,0.009999999999999787,0.011161295639711672,0.011619512663959122,38.0,65.0,0.10763959579791207,500.0000000002842,2.98316690426163,7.79,450.02189397523694,2311.8365774469235,0.0,nan
computed_torque,10.0,1.0,esn,62,"demo_00_filtered -5,+7.5 deg",,0.1949131662481175,False,nan,False,nan,0.0,False,1.0212348801516742,88.6791100489506,11.411286532754227,84.98796278550496,2.0609017510932524,-0.74,nan,2.006880258567524,0.011619512663959122,80.0,65.0,31.689611652775227,3894.6105482060398,42.72763466053074,nan,3455.8120718300725,858969.7578305926,0.0,nan
computed_torque,10.0,1.0,replay,62,"demo_00_filtered -5,+7.5 deg",demo_00_filtered,0.03398025467546199,True,7.29,True,0.006569057073539171,2.000000000000001,False,0.00593401003248979,0.04878355021380149,0.00627749950656254,0.22314376142107792,0.09673968843255346,-0.74,0.009999999999999787,0.011788968746061333,0.011619512663959122,36.0,65.0,0.1348090906892113,750.0000000004198,3.7935133477319227,7.79,448.5821347099182,2399.260297114648,0.0,nan
computed_torque,10.0,1.0,esn,63,"demo_00_filtered -5,+10 deg",,0.2609676928846819,True,0.02,True,1.1020440539356822,2.0,False,0.8571790334449527,4.63128952877265,0.4593191713102176,88.34550187093036,0.1287794289269056,-0.74,-7.260000000000001,nan,0.011619512663959122,nan,65.0,39.22034590929018,5140.4903601487495,42.872104505751544,nan,4507.090069771134,1107079.0606457887,0.0,nan
computed_torque,10.0,1.0,replay,63,"demo_00_filtered -5,+10 deg",demo_00_filtered,0.04314850902080524,True,7.29,True,0.006569057073539171,2.000000000000001,False,0.00593401003248979,0.054053175116707014,0.0053608524034280325,0.2756776482299427,0.1287794289269056,-0.74,0.009999999999999787,0.012615334459583814,0.011619512663959122,34.0,65.0,0.1655163468786083,1000.0000000005556,4.802148871394975,7.79,452.38934211692947,2576.1884956158337,0.0,nan
computed_torque,10.0,1.0,esn,64,"demo_00_filtered -5,+12.5 deg",,0.3280517086719351,False,nan,False,nan,0.0,False,1.314953217012944,99.3875565052315,7.9716848913022025,93.15143351554852,2.172938539320759,-0.74,nan,1.9464678521163465,0.011619512663959122,77.0,65.0,37.95608525243395,6410.803356940434,47.48385827554893,nan,5640.445913189457,1012537.6840750185,0.0,nan
computed_torque,10.0,1.0,replay,64,"demo_00_filtered -5,+12.5 deg",demo_00_filtered,0.053168624094459695,True,7.29,True,0.006569057073539171,2.000000000000001,False,0.00593401003248979,0.06246892460468963,0.005010512381606728,0.3311954154066591,0.16239701420380187,-0.74,0.009999999999999787,0.01360423311516261,0.011619512663959122,33.0,65.0,0.19812317642895808,1250.0000000007042,5.907080121197688,7.79,461.18039429048247,2841.548454157702,0.0,nan
computed_torque,10.0,1.0,esn,65,"demo_00_filtered -5,+15 deg",,0.3959326663236213,False,nan,False,nan,0.0,False,0.9553664938187992,89.40111271607198,6.004065707509408,88.16744578903409,2.1787695591989977,-0.74,nan,2.2611189557632154,0.011619512663959122,86.0,65.0,42.180775564076384,7705.087444388227,47.293527005026625,nan,6923.66245514693,1541345.7336799097,0.0,nan
computed_torque,10.0,1.0,replay,65,"demo_00_filtered -5,+15 deg",demo_00_filtered,0.06362651739464266,True,7.29,True,0.006569057073539171,2.000000000000001,False,0.00593401003248979,0.07277430977600982,0.004887430641959522,0.38841968361495177,0.19673797462300235,-0.74,0.009999999999999787,0.01472295043356443,0.011619512663959122,33.0,65.0,0.2318294347041231,1500.0000000008397,7.061944869325183,7.79,474.6731952612359,3195.44411947455,0.0,nan
computed_torque,10.0,1.0,esn,66,"demo_00_filtered -2.5,-15 deg",,0.35382399314210733,False,nan,False,nan,0.0,False,1.216552506059644,113.4521146001366,8.802035872822682,99.74427593555129,2.2035277214951092,-0.74,nan,1.8970887808293908,0.011619512663959122,64.0,65.0,46.61557312874332,7095.410731044601,43.37139583035207,nan,6342.882286534282,899284.4738349841,0.0,nan
computed_torque,10.0,1.0,replay,66,"demo_00_filtered -2.5,-15 deg",demo_00_filtered,0.0716334092794089,True,7.29,True,0.006569057073539171,2.000000000000001,False,0.00593401003248979,0.08904414377869733,0.0069083749612537495,0.3736874539461327,0.21380624822322195,-0.74,0.009999999999999787,0.014425794071894663,0.011619512663959122,28.0,65.0,0.22314914998190943,1500.0000000008336,7.952503087680832,7.79,404.3904721061685,2418.433621317625,0.0,nan
computed_torque,10.0,1.0,esn,67,"demo_00_filtered -2.5,-12.5 deg",,0.2982428026650234,True,11.94,True,0.9645554437535209,2.0,False,1.1420974329293299,83.02097773792285,7.732497075312567,84.7576243203462,2.1387926072790457,-0.74,4.659999999999999,2.337303869882989,0.011619512663959122,63.0,65.0,37.37519634441639,6000.23716436189,46.72951002605656,nan,5245.410316528565,1298093.772407902,0.0,nan
computed_torque,10.0,1.0,replay,67,"demo_00_filtered -2.5,-12.5 deg",demo_00_filtered,0.06071580298684548,True,7.29,True,0.006569057073539171,2.000000000000001,False,0.00593401003248979,0.0766694198837323,0.007140918851718934,0.31378727011466767,0.17890391120537133,-0.74,0.009999999999999787,0.013282163709255595,0.011619512663959122,33.0,65.0,0.1878910776625128,1250.0000000006978,6.7441868838415555,7.79,360.27054430024185,1872.25234372352,0.0,nan
computed_torque,10.0,1.0,esn,68,"demo_00_filtered -2.5,-10 deg",,0.2413493534782609,False,nan,False,nan,0.0,False,1.0247614440171842,89.92776827973744,10.383318945709522,88.75881128564524,2.098257830270861,-0.74,nan,2.3313081945937353,0.011619512663959122,80.0,65.0,45.36100259576546,4883.59742326796,45.787099978789904,nan,4155.652507345901,1284869.9927058294,0.0,nan
computed_torque,10.0,1.0,replay,68,"demo_00_filtered -2.5,-10 deg",demo_00_filtered,0.049875071441764965,True,7.29,True,0.006569057073539171,2.000000000000001,False,0.00593401003248979,0.06455282884398919,0.00745345540712104,0.2544991129957812,0.14406258440073114,-0.74,0.009999999999999787,0.012267429506102715,0.011619512663959122,34.0,65.0,0.1531193416763026,1000.0000000005556,5.543120165609742,7.79,322.64651378597415,1441.40272425281,0.0,nan
computed_torque,10.0,1.0,esn,69,"demo_00_filtered -2.5,-7.5 deg",,0.18315242881577323,False,nan,False,nan,0.0,False,1.4471403263239617,91.20518212161593,13.742329942982892,86.7928538637751,2.1166000812214536,-0.74,nan,2.064332662046468,0.011619512663959122,78.0,65.0,34.854247347863364,3745.3648280473226,47.34359957353396,nan,3072.290900381484,907699.145534108,0.0,nan
computed_torque,10.0,1.0,replay,69,"demo_00_filtered -2.5,-7.5 deg",demo_00_filtered,0.03917371835556671,True,7.29,True,0.006569057073539171,2.000000000000001,False,0.00593401003248979,0.05297117753047884,0.007981425859349673,0.19637809482123061,0.10943851262747113,-0.74,0.009999999999999787,0.011416014903104774,0.011619512663959122,36.0,65.0,0.11926009528866433,750.0000000004198,4.356566975046208,7.79,291.4205103137653,1111.9666504520196,0.0,nan
computed_torque,10.0,1.0,esn,70,"demo_00_filtered -2.5,-5 deg",,0.1237213341365306,False,nan,False,nan,0.0,False,0.11322828067793134,90.79839118715981,19.562140632554225,88.23666794811919,2.2151151392114943,-0.74,nan,2.2009442396301155,0.011619512663959122,81.0,65.0,45.03969615277074,2932.9824452704447,41.11345501144312,nan,1994.176443533138,827973.8986374873,0.0,nan
computed_torque,10.0,1.0,replay,70,"demo_00_filtered -2.5,-5 deg",demo_00_filtered,0.02876417780480837,True,7.29,True,0.006569057073539171,2.000000000000001,False,0.00593401003248979,0.04144378042627376,0.008928892356389174,0.14087627094704577,0.07544267284375665,-0.74,0.009999999999999787,0.010766734952696016,0.011619512663959122,38.0,65.0,0.08738060233147366,500.0000000002842,3.2019721326699244,7.79,266.4708566950444,872.404547794042,0.0,nan
computed_torque,10.0,1.0,esn,71,"demo_00_filtered -2.5,-2.5 deg",,0.06340992781543195,False,nan,False,nan,0.0,False,1.216552506059644,172.06199629201913,68.90838805711849,147.417451544511,1.885800857262796,-0.74,nan,0.9872071058059009,0.011619512663959122,24.0,65.0,91.34982808172775,2449.4786255028007,33.5963908027322,nan,943.5016291716182,431642.7888761588,0.0,nan
computed_torque,10.0,1.0,replay,71,"demo_00_filtered -2.5,-2.5 deg",demo_00_filtered,0.019121130697270162,True,7.29,True,0.006569057073539171,2.000000000000001,False,0.00593401003248979,0.029716927785752963,0.011901207912586646,0.09281756992416604,0.04289055680822118,-0.74,0.009999999999999787,0.010357672639558838,0.011619512663959122,38.0,65.0,0.06068550734758686,250.00000000014848,2.133119650714964,7.79,247.6524950939322,713.469640570253,0.0,nan
computed_torque,10.0,1.0,esn,72,"demo_00_filtered -2.5,+0 deg",,0.013175487841914111,False,nan,False,nan,0.0,False,1.0005831926649817,93.0664360080279,115.7256068480084,89.45855899433883,1.783570146776246,-0.74,nan,1.6615761667953077,0.011619512663959122,74.0,65.0,28.780436904428054,2117.2652805020844,31.534489272875998,nan,900.1958716570972,322536.78196345706,0.0,nan
computed_torque,10.0,1.0,replay,72,"demo_00_filtered -2.5,+0 deg",demo_00_filtered,0.012202749131159258,True,7.29,True,0.006569057073539171,2.000000000000001,False,0.00593401003248979,0.021745113405324472,0.02703946291220249,0.06979461897354287,0.013537655860217272,-0.74,0.009999999999999787,0.010217719861491156,0.011619512663959122,38.0,65.0,0.04863181821533968,250.0000000001389,1.3691786539159976,7.79,234.7974795891478,628.0945241708492,0.0,nan
computed_torque,10.0,1.0,esn,73,"demo_00_filtered -2.5,+2.5 deg",,0.06514091223906417,False,nan,False,nan,0.0,False,1.4650057227543525,96.39467977075084,44.1468213986832,92.35703784489276,1.9550756611254936,-0.74,nan,1.8388765879403262,0.011619512663959122,75.0,65.0,38.31495889533733,2545.2499497888202,38.06668431346633,nan,1217.585375029861,432753.0466324668,0.0,nan
computed_torque,10.0,1.0,replay,73,"demo_00_filtered -2.5,+2.5 deg",demo_00_filtered,0.013295156301418008,True,7.29,True,0.006569057073539171,2.000000000000001,False,0.00593401003248979,0.02900727566078803,0.013284747881363334,0.0928153347731338,0.027047699455166028,-0.74,0.009999999999999787,0.01035779086101481,0.011619512663959122,38.0,65.0,0.06068227489554368,250.00000000014848,1.4917494420905693,7.79,227.71553365655,611.2523435996287,0.0,nan
computed_torque,10.0,1.0,esn,74,"demo_00_filtered -2.5,+5 deg",,0.1291749044060413,False,nan,False,nan,0.0,False,1.216552506059644,112.11859026562692,24.441692784202377,101.92181170039161,2.080927563501854,-0.74,nan,1.9363984465734678,0.011619512663959122,70.0,65.0,48.76347805712761,2783.6644935809295,42.614738790334414,nan,2282.7992184939026,732852.453284651,0.0,nan
computed_torque,10.0,1.0,replay,74,"demo_00_filtered -2.5,+5 deg",demo_00_filtered,0.021180258092066074,True,7.29,True,0.006569057073539171,2.000000000000001,False,0.00593401003248979,0.03854932545383512,0.008403697973267612,0.14087332565389435,0.06031296767422525,-0.74,0.009999999999999787,0.010766962411289235,0.011619512663959122,38.0,65.0,0.08737611248355917,500.0000000002842,2.366142022088296,7.79,226.19467105846428,659.7951546300559,0.0,nan
computed_torque,10.0,1.0,esn,75,"demo_00_filtered -2.5,+7.5 deg",,0.19473716041962139,False,nan,False,nan,0.0,False,0.35175942781524866,90.7081992730277,12.851633528410606,85.65173859647976,2.0831319093454237,-0.74,nan,2.2123389158607294,0.011619512663959122,88.0,65.0,39.631426740932675,3765.589543013721,42.198027834110086,nan,3346.0508721654683,967719.1931575593,0.0,nan
computed_torque,10.0,1.0,replay,75,"demo_00_filtered -2.5,+7.5 deg",demo_00_filtered,0.031044595025048468,True,7.29,True,0.006569057073539171,2.000000000000001,False,0.00593401003248979,0.04492496997866118,0.006365017220800249,0.19637492551973124,0.09490878436960798,-0.74,0.009999999999999787,0.011416336684973839,0.011619512663959122,37.0,65.0,0.11925516081769245,750.0000000004198,3.4623857240877842,7.79,230.00187846547556,772.2722951693746,0.0,nan
computed_torque,10.0,1.0,esn,76,"demo_00_filtered -2.5,+10 deg",,0.26138731963230327,False,nan,False,nan,0.0,False,0.3515324655233511,88.17432445607962,9.238539172481278,85.79436523288874,2.0652383370183656,-0.74,nan,2.2029231132907956,0.011619512663959122,83.0,65.0,47.07602009533674,5018.107510814667,40.782194022469376,nan,4407.609951250466,997056.4788936839,0.0,nan
computed_torque,10.0,1.0,replay,76,"demo_00_filtered -2.5,+10 deg",demo_00_filtered,0.04149092241216256,True,7.29,True,0.006569057073539171,2.000000000000001,False,0.00593401003248979,0.05272450159970965,0.005524254099855302,0.25449585231458105,0.12961701894314578,-0.74,0.009999999999999787,0.012267828770252353,0.011619512663959122,34.0,65.0,0.15311421727991653,1000.0000000005556,4.624328884624148,7.79,238.88385798000385,948.7318125961975,0.0,nan
computed_torque,10.0,1.0,esn,77,"demo_00_filtered -2.5,+12.5 deg",,0.32893047120996477,False,nan,False,nan,0.0,False,1.3481989641185548,100.28578387131623,8.33213035630018,93.99579067473141,2.2046033582356697,-0.74,nan,1.9603366049163804,0.011619512663959122,75.0,65.0,38.879117528525846,6295.04494769982,47.18484575668941,nan,5539.794337137931,1009294.570040662,0.0,nan
computed_torque,10.0,1.0,replay,77,"demo_00_filtered -2.5,+12.5 deg",demo_00_filtered,0.05216273176856571,True,7.29,True,0.006569057073539171,2.000000000000001,False,0.00593401003248979,0.06309017026882344,0.005241775081057772,0.3137839643737751,0.1644905456953415,-0.74,0.009999999999999787,0.013282624660087158,0.011619512663959122,33.0,65.0,0.1878858576037636,1250.0000000007042,5.811652284736601,7.79,252.56782757912296,1190.508175852231,0.0,nan
computed_torque,10.0,1.0,esn,78,"demo_00_filtered -2.5,+15 deg",,0.3971992800821448,False,nan,False,nan,0.0,False,1.4563698831668406,91.03741142849529,6.265186080066819,87.649818681301,2.1937528561191657,-0.74,nan,2.2229653945339205,0.011619512663959122,85.0,65.0,41.67850484800616,7595.914293839728,47.99835996222881,nan,6827.916405989031,1452620.0593521742,0.0,nan
computed_torque,10.0,1.0,replay,78,"demo_00_filtered -2.5,+15 deg",demo_00_filtered,0.0629380774865098,True,7.29,True,0.006569057073539171,2.000000000000001,False,0.00593401003248979,0.07425195583061872,0.005110012606774509,0.37368412293175146,0.1993937247274077,-0.74,0.009999999999999787,0.014426303361508226,0.011619512663959122,32.0,65.0,0.22314387565970742,1500.0000000008397,7.010397799449414,7.79,270.762377347077,1499.9996470377453,0.0,nan
computed_torque,10.0,1.0,esn,79,"demo_00_filtered +0,-15 deg",,0.3557661800989154,False,nan,False,nan,0.0,False,1.216552506059644,133.34619309401742,11.579512662381253,117.63919855377304,1.9728892196287173,-0.74,nan,1.577665326445272,0.011619512663959122,51.0,65.0,62.99482865218904,6886.19110542229,42.50510474123589,nan,6572.787623632077,809734.815787914,0.0,nan
computed_torque,10.0,1.0,replay,79,"demo_00_filtered +0,-15 deg",demo_00_filtered,0.06380030075546582,True,7.29,True,0.006569057073539171,2.000000000000001,False,0.00593401003248979,0.08372726216641412,0.007270705446828422,0.36864548868639185,0.19088242309510517,-0.74,0.009999999999999787,0.01432543575277058,0.011619512663959122,30.0,65.0,0.22017903485464577,1500.0000000008336,7.151105193644411,7.79,248.5348854839924,864.1092804577381,0.0,nan
computed_torque,10.0,1.0,esn,80,"demo_00_filtered +0,-12.5 deg",,0.2998283355269845,True,8.91,True,1.7303625217125096,2.0,False,0.7558135100264185,77.78128928044413,8.202241102943036,84.62298956770131,2.0737104034073317,-0.74,1.63,2.213164890635831,0.011619512663959122,48.0,65.0,42.50403942317871,5792.38921602613,44.64018967054791,nan,5461.9483566590925,1142746.658131818,0.0,nan
computed_torque,10.0,1.0,replay,80,"demo_00_filtered +0,-12.5 deg",demo_00_filtered,0.0531712252678705,True,7.29,True,0.006569057073539171,2.000000000000001,False,0.00593401003248979,0.07170326013636186,0.007561296977026992,0.3077655503432784,0.15606301436626746,-0.74,0.009999999999999787,0.013173095600560746,0.011619512663959122,33.0,65.0,0.18435379387757395,1250.0000000006978,5.961687330730717,7.79,207.11240456999366,580.3815260744842,0.0,nan
computed_torque,10.0,1.0,esn,81,"demo_00_filtered +0,-10 deg",,0.24255984555192228,False,nan,False,nan,0.0,False,1.216552506059644,140.77686449732602,19.19757343692438,124.59532391705687,1.8354728742012403,-0.74,nan,1.457061903584756,0.011619512663959122,44.0,65.0,68.62004079765117,4677.160543747784,36.46008459741496,nan,4358.9636223350635,602599.9432451773,0.0,nan
computed_torque,10.0,1.0,replay,81,"demo_00_filtered +0,-10 deg",demo_00_filtered,0.04253980010217229,True,7.29,True,0.006569057073539171,2.000000000000001,False,0.00593401003248979,0.05976871043785374,0.008150587896371,0.24703639733392543,0.12147668558465069,-0.74,0.009999999999999787,0.012149255186604896,0.011619512663959122,34.0,65.0,0.1487575108935979,1000.0000000005556,4.770942729944995,7.79,165.68992365599496,367.0903724132259,0.0,nan
computed_torque,10.0,1.0,esn,82,"demo_00_filtered +0,-7.5 deg",,0.18394611841969882,False,nan,False,nan,0.0,False,1.216552506059644,170.22797127246926,32.91816594115317,146.38556535670565,1.753549721552083,-0.74,nan,0.9548782146800735,0.011619512663959122,23.0,65.0,90.44654213732548,3540.366010796834,29.812369080064002,nan,3262.5686048504795,524826.147644006,0.0,nan
computed_torque,10.0,1.0,replay,82,"demo_00_filtered +0,-7.5 deg",demo_00_filtered,0.03190649506937896,True,7.29,True,0.006569057073539171,2.000000000000001,False,0.00593401003248979,0.047774859816172216,0.00923855669246545,0.18660530329468633,0.0869719753350194,-0.74,0.009999999999999787,0.011288931356419738,0.011619512663959122,36.0,65.0,0.1136056098092691,750.0000000004198,3.5791363843789448,7.79,124.26744274199632,213.16503239059094,0.0,nan
computed_torque,10.0,1.0,esn,83,"demo_00_filtered +0,-5 deg",,0.12398762043340175,False,nan,False,nan,0.0,False,1.2225616580494625,93.34680135425482,29.836108881792093,89.40392291360008,2.2980590607154707,-0.74,nan,2.041150362293113,0.011619512663959122,80.0,65.0,42.356676652194025,2797.505679367393,41.753881209074116,nan,2171.6656760597975,765952.5289171305,0.0,nan
computed_torque,10.0,1.0,replay,83,"demo_00_filtered +0,-5 deg",demo_00_filtered,0.02127178006357011,True,7.29,True,0.006569057073539171,2.000000000000001,False,0.00593401003248979,0.03586963039604774,0.011464883450956496,0.1268988053845704,0.053198280730715815,-0.74,0.009999999999999787,0.010631893361187018,0.011619512663959122,38.0,65.0,0.07948983529789042,500.0000000002842,2.3865335234093052,7.79,82.84496182799738,109.90975574744915,0.0,nan
computed_torque,10.0,1.0,esn,84,"demo_00_filtered +0,-2.5 deg",,0.06270119995964529,False,nan,False,nan,0.0,False,1.5894034768097975,88.4965493220172,76.10297648118566,86.23477470191028,2.0608715500880943,-0.74,nan,2.0910375625358517,0.011619512663959122,79.0,65.0,38.01433480037724,2751.962636442569,41.7682194458917,nan,1085.328391776742,671711.8997743642,0.0,nan
computed_torque,10.0,1.0,replay,84,"demo_00_filtered +0,-2.5 deg",demo_00_filtered,0.010636125041134084,True,7.29,True,0.006569057073539171,2.000000000000001,False,0.00593401003248979,0.024310446750210355,0.02090587001925155,0.069801750541896,0.019164954969740734,-0.74,0.009999999999999787,0.01021743399344044,0.011619512663959122,38.0,65.0,0.04864149518578379,250.00000000014848,1.193399553672423,7.79,41.42248091399869,50.89880648053696,0.0,nan
computed_torque,10.0,1.0,esn,85,"demo_00_filtered +0,+2.5 deg",,0.06370010498207673,False,nan,False,nan,0.0,False,1.216552506059644,167.96971389247332,70.49107440582624,144.8716591755016,2.016601055407625,-0.74,nan,1.2211948754641946,0.011619512663959122,21.0,65.0,89.16329484495506,2966.8027954943304,50.60547847713106,nan,1076.5269050067834,425070.21104182873,0.0,nan
computed_torque,10.0,1.0,replay,85,"demo_00_filtered +0,+2.5 deg",demo_00_filtered,0.010636125041134092,True,7.29,True,0.006569057073539171,2.000000000000001,False,0.00593401003248979,0.028396438491537664,0.0119170022510656,0.06979877836419868,0.03490381605529781,-0.74,0.009999999999999787,0.010217553837517492,0.011619512663959122,38.0,65.0,0.04863746229371902,250.00000000014848,1.1933995536724384,7.79,41.422480913998726,50.443810202323306,0.0,nan
computed_torque,10.0,1.0,esn,86,"demo_00_filtered +0,+5 deg",,0.12869098551369101,True,0.38,True,1.2867078415795419,2.0,False,1.520162411625812,41.48269560374355,8.795800544135925,86.97501277176441,0.9985648984384836,-0.74,-6.9,1.406160901312772,0.011619512663959122,1.0,65.0,46.24541123029406,2828.951824391267,43.51183659049284,nan,2153.106954921213,923168.1670142033,0.0,nan
computed_torque,10.0,1.0,replay,86,"demo_00_filtered +0,+5 deg",demo_00_filtered,0.021271780063570125,True,7.29,True,0.006569057073539171,2.000000000000001,False,0.00593401003248979,0.037355931955245295,0.007920780504654557,0.12689553566959635,0.06979101978453763,-0.74,0.009999999999999787,0.010632123704517446,0.011619512663959122,38.0,65.0,0.07948489972701855,500.0000000002842,2.3865335234093448,7.79,82.84496182799744,106.19703453770221,0.0,nan
computed_torque,10.0,1.0,esn,87,"demo_00_filtered +0,+7.5 deg",,0.1947613179915086,False,nan,False,nan,0.0,False,1.455686078303826,102.33964773877132,14.2893173104859,93.57941957405191,1.7874140445476123,-0.74,nan,1.7600286160949645,0.011619512663959122,74.0,65.0,31.466964839686792,3723.602300660366,31.91950701211695,nan,3227.283255060581,502216.22164016945,0.0,nan
computed_torque,10.0,1.0,replay,87,"demo_00_filtered +0,+7.5 deg",demo_00_filtered,0.03190649506937831,True,7.29,True,0.006569057073539171,2.000000000000001,False,0.00593401003248979,0.04437816971473856,0.006196364387838846,0.1866019680093584,0.10464500676822885,-0.74,0.009999999999999787,0.011289256760598807,0.011619512663959122,36.0,65.0,0.11360042972422374,750.0000000004198,3.579136384378937,7.79,124.26744274199612,200.216823082334,0.0,nan
computed_torque,10.0,1.0,esn,88,"demo_00_filtered +0,+10 deg",,0.261801965370537,False,nan,False,nan,0.0,False,0.35515862948406685,88.21233568702964,9.155715910468851,86.99338296389972,2.15803680595457,-0.74,nan,2.1907878001235495,0.011619512663959122,82.0,65.0,43.78743084424011,5003.546805308546,42.65921770260676,nan,4299.302448172106,1087971.004239596,0.0,nan
computed_torque,10.0,1.0,replay,88,"demo_00_filtered +0,+10 deg",demo_00_filtered,0.042539800102172225,True,7.29,True,0.006569057073539171,2.000000000000001,False,0.00593401003248979,0.054473647467622205,0.005653917186708312,0.24703303814957764,0.1390275095674234,-0.74,0.009999999999999787,0.01214965833421985,0.011619512663959122,34.0,65.0,0.14875223623568182,1000.0000000005556,4.770942729944996,7.79,165.68992365599482,335.0153544368593,0.0,nan
computed_torque,10.0,1.0,esn,89,"demo_00_filtered +0,+12.5 deg",,0.3296854470486226,False,nan,False,nan,0.0,False,1.2245724013987112,90.07457505665633,7.4345299490941,86.82118624319841,2.16583632795846,-0.74,nan,2.0929180248390677,0.011619512663959122,86.0,65.0,38.701593079243565,6301.149758560673,46.21948683445538,nan,5425.107887803437,1165637.1442852635,0.0,nan
computed_torque,10.0,1.0,replay,89,"demo_00_filtered +0,+12.5 deg",demo_00_filtered,0.05317122526787053,True,7.29,True,0.006569057073539171,2.000000000000001,False,0.00593401003248979,0.0654278753418371,0.0054002530506363725,0.3077621799217834,0.17314011054641334,-0.74,0.009999999999999787,0.013173560367751838,0.011619512663959122,33.0,65.0,0.1843484736562154,1250.0000000007042,5.9616873307307365,7.79,207.1124045699939,514.282189335723,0.0,nan
computed_torque,10.0,1.0,esn,90,"demo_00_filtered +0,+15 deg",,0.3982667352359276,False,nan,False,nan,0.0,False,1.3966982582509848,91.06300716069164,6.238585230971297,87.37981250415005,2.2180361106134905,-0.74,nan,2.2031131543572235,0.011619512663959122,82.0,65.0,42.28904827703928,7615.321363878754,50.15777351825811,nan,6717.788383627351,1401226.1796160354,0.0,nan
computed_torque,10.0,1.0,replay,90,"demo_00_filtered +0,+15 deg",demo_00_filtered,0.06380030075546585,True,7.29,True,0.006569057073539171,2.000000000000001,False,0.00593401003248979,0.07681717819910143,0.005262625607697587,0.3686421121133042,0.20724771324218016,-0.74,0.009999999999999787,0.014325948610137827,0.011619512663959122,30.0,65.0,0.22017368938251813,1500.0000000008397,7.151105193644411,7.79,248.53488548399272,742.6531717175629,0.0,nan
computed_torque,10.0,1.0,esn,91,"demo_00_filtered +2.5,-15 deg",,0.3589839488366377,False,nan,False,nan,0.0,False,1.3901499908127588,92.50133189794714,9.186122030662291,88.37686372631131,2.211376285921089,-0.74,nan,2.179453536570035,0.011619512663959122,84.0,65.0,45.66335635770586,6841.118979124656,46.337013611348844,nan,6813.474121246236,1264127.5425055502,0.0,nan
computed_torque,10.0,1.0,replay,91,"demo_00_filtered +2.5,-15 deg",demo_00_filtered,0.05849510437124794,True,7.29,True,0.006569057073539171,2.000000000000001,False,0.00593401003248979,0.07793295667169951,0.007739365861092392,0.373689562874409,0.16739678605345962,-0.74,0.009999999999999787,0.014425473999206342,0.011619512663959122,31.0,65.0,0.22315248921773387,1500.0000000008336,6.622592793270027,7.79,226.2604103530293,843.7201547968708,0.0,nan
computed_torque,10.0,1.0,esn,92,"demo_00_filtered +2.5,-12.5 deg",,0.3027725020790555,False,nan,False,nan,0.0,False,1.0975785209132711,81.90321523968721,10.200331283957471,82.82401151780576,2.086943719493861,-0.74,nan,2.5471865472510027,0.011619512663959122,86.0,65.0,46.99708886931901,5781.817500876268,45.03247164235123,nan,5689.033926027338,1646312.7665455558,0.0,nan
computed_torque,10.0,1.0,replay,92,"demo_00_filtered +2.5,-12.5 deg",demo_00_filtered,0.04858331064958609,True,7.29,True,0.006569057073539171,2.000000000000001,False,0.00593401003248979,0.06621985421665381,0.00824710542325489,0.3137897816222498,0.1325352501222756,-0.74,0.009999999999999787,0.01328181607674694,0.011619512663959122,33.0,65.0,0.18789504349929653,1250.0000000006978,5.499468535645904,7.79,187.95870839259683,759.3266900793933,0.0,nan
computed_torque,10.0,1.0,esn,93,"demo_00_filtered +2.5,-10 deg",,0.24525812366032768,False,nan,False,nan,0.0,False,1.216552506059644,143.1356158229127,23.702858280505392,125.91383091858339,1.9197345694471957,-0.74,nan,1.4635346988602493,0.011619512663959122,44.0,65.0,69.92032308576762,4703.317121811276,35.565402345165644,nan,4572.585300153032,612850.2368227303,0.0,nan
computed_torque,10.0,1.0,replay,93,"demo_00_filtered +2.5,-10 deg",demo_00_filtered,0.03879011087883638,True,7.29,True,0.006569057073539171,2.000000000000001,False,0.00593401003248979,0.054932390232510404,0.009096650426274855,0.25450220957815517,0.09763467360856345,-0.74,0.009999999999999787,0.012267053117365503,0.011619512663959122,34.0,65.0,0.15312420808548335,1000.0000000005556,4.38891247948476,7.79,194.0440568159627,702.9592609622675,0.0,nan
computed_torque,10.0,1.0,esn,94,"demo_00_filtered +2.5,-7.5 deg",,0.18644974205075282,False,nan,False,nan,0.0,False,0.7141004728514458,91.13240270934142,23.407079399632863,88.50044460196872,2.1561140202111257,-0.74,nan,2.2618214472338867,0.011619512663959122,82.0,65.0,44.47734137457707,3604.226343841931,42.68080363261961,nan,3462.9204393793766,944854.2585945561,0.0,nan
computed_torque,10.0,1.0,replay,94,"demo_00_filtered +2.5,-7.5 deg",demo_00_filtered,0.029243419050878593,True,7.29,True,0.006569057073539171,2.000000000000001,False,0.00593401003248979,0.043364999068309186,0.011138167613053307,0.1963821078666283,0.06275178300345485,-0.74,0.009999999999999787,0.011415610442064733,0.011619512663959122,37.0,65.0,0.11926634326029877,750.0000000004198,3.3054445509485895,7.79,213.14950320740587,666.4032552140904,0.0,nan
computed_torque,10.0,1.0,esn,95,"demo_00_filtered +2.5,-5 deg",,0.12641810143133908,False,nan,False,nan,0.0,False,0.5475467029781808,101.23108681655208,57.751329250528215,94.07694356817208,2.130448987424123,-0.74,nan,1.8259161111591546,0.011619512663959122,75.0,65.0,35.08982906246801,2829.786411338935,43.76438576713065,nan,2358.996566425829,565383.2291609622,0.0,nan
computed_torque,10.0,1.0,replay,95,"demo_00_filtered +2.5,-5 deg",demo_00_filtered,0.020306766884424416,True,7.29,True,0.006569057073539171,2.000000000000001,False,0.00593401003248979,0.03152707681779778,0.017985884088262415,0.14088186498080318,0.028140949786096485,-0.74,0.009999999999999787,0.010766306099989596,0.011619512663959122,38.0,65.0,0.08738912958848631,500.0000000002842,2.2900425285711403,7.79,226.1946710584661,643.8059610036216,0.0,nan
computed_torque,10.0,1.0,esn,96,"demo_00_filtered +2.5,-2.5 deg",,0.06551994574314599,True,12.74,True,2.1273423827335844,2.0,False,2.0756191514499407,85.43812285732159,255.568385186073,84.47089659911317,2.0928391461140605,-0.74,5.46,2.054169016374628,0.011619512663959122,68.0,65.0,37.04773366949363,2992.165351920139,46.5320945847135,nan,1259.9387442146237,747556.3315749075,0.0,nan
computed_torque,10.0,1.0,replay,96,"demo_00_filtered +2.5,-2.5 deg",demo_00_filtered,0.013295156301417768,True,7.29,True,0.006569057073539171,2.000000000000001,False,0.00593401003248979,0.0234986092883045,0.07029065514418424,0.09282606019406005,0.011364590798718724,-0.74,0.009999999999999787,0.010357226849177961,0.011619512663959122,38.0,65.0,0.06069778503748002,250.00000000014848,1.4917494420905608,7.79,233.34727907028872,631.5527401174147,0.0,nan
computed_torque,10.0,1.0,esn,97,"demo_00_filtered +2.5,+0 deg",,0.013678413525212773,False,nan,False,nan,0.0,False,0.4244067889109326,85.88179054925233,36.771674663068424,84.81330499213924,2.173714833455729,-0.74,nan,2.1248874977358176,0.011619512663959122,79.0,65.0,41.222666473330534,2790.8917800631098,45.56971929955016,nan,1568.1379625125687,794550.59860157,0.0,nan
computed_torque,10.0,1.0,replay,97,"demo_00_filtered +2.5,+0 deg",demo_00_filtered,0.012202749131159428,True,7.29,True,0.006569057073539171,2.000000000000001,False,0.00593401003248979,0.024043737880214956,0.010294714413392672,0.06980590950761861,0.03897790632261277,-0.74,0.009999999999999787,0.010217267964822006,0.011619512663959122,38.0,65.0,0.048647138141436015,250.0000000001405,1.3691786539160236,7.79,234.79747958914965,628.1179386997181,0.0,nan
computed_torque,10.0,1.0,esn,98,"demo_00_filtered +2.5,+2.5 deg",,0.06437729115073233,False,nan,False,nan,0.0,False,1.6644584578220234,99.76293111823226,28.217218041899404,93.04248139885874,2.0788912206860446,-0.74,nan,1.8304671775939199,0.011619512663959122,73.0,65.0,34.54541130004595,2820.1036148490184,41.9679797811948,nan,1397.6941547790318,488426.55464502174,0.0,nan
computed_torque,10.0,1.0,replay,98,"demo_00_filtered +2.5,+2.5 deg",demo_00_filtered,0.01814814284497696,True,7.29,True,0.006569057073539171,2.000000000000001,False,0.00593401003248979,0.03102314215000032,0.00877466967519178,0.09282382524746922,0.0602008378124066,-0.74,0.009999999999999787,0.01035734507572231,0.011619512663959122,38.0,65.0,0.060694553239318286,250.00000000014848,2.048355307760328,7.79,230.75725885272314,633.8931117014408,0.0,nan
computed_torque,10.0,1.0,esn,99,"demo_00_filtered +2.5,+5 deg",,0.1289288450401296,False,nan,False,nan,0.0,False,1.216552506059644,132.692480885587,23.736752589061144,117.91962891496111,1.8135760793091247,-0.74,nan,1.492946312746227,0.011619512663959122,51.0,65.0,61.74498743426734,2656.3460009611263,33.82897027090833,nan,2014.4103540811982,443813.0514531022,0.0,nan
computed_torque,10.0,1.0,replay,99,"demo_00_filtered +2.5,+5 deg",demo_00_filtered,0.02680799648819967,True,7.29,True,0.006569057073539171,2.000000000000001,False,0.00593401003248979,0.03810265510801848,0.006816010155580719,0.14087891980460374,0.08922641072168017,-0.74,0.009999999999999787,0.010766533567642948,0.011619512663959122,38.0,65.0,0.08738464017870474,500.0000000002842,3.0314915605657218,7.79,221.45977477508083,650.9953921337291,0.0,nan
computed_torque,10.0,1.0,esn,100,"demo_00_filtered +2.5,+7.5 deg",,0.1950467003397021,False,nan,False,nan,0.0,False,1.216552506059644,164.268088040586,20.778452203572726,142.26689030111402,1.9108334768257196,-0.74,nan,1.1695658054732447,0.011619512663959122,33.0,65.0,85.35929600574285,3916.253462890777,34.98899018346245,nan,3099.6879120386816,518862.5328259483,0.0,nan
computed_torque,10.0,1.0,replay,100,"demo_00_filtered +2.5,+7.5 deg",demo_00_filtered,0.0362962912597162,True,7.29,True,0.006569057073539171,2.000000000000001,False,0.00593401003248979,0.0474928322645956,0.006007420899538193,0.19637893862989428,0.12085930655967744,-0.74,0.009999999999999787,0.011415932235334375,0.011619512663959122,36.0,65.0,0.11926140904783827,750.0000000004198,4.105644749748099,7.79,207.1586340234097,683.0590586669142,0.0,nan
computed_torque,10.0,1.0,esn,101,"demo_00_filtered +2.5,+10 deg",,0.2622536229245999,False,nan,False,nan,0.0,False,1.2972255834128743,101.19185145758654,9.871330752632478,94.02010429088175,2.2052589571390757,-0.74,nan,1.9459508106382755,0.011619512663959122,75.0,65.0,40.450185215124506,5194.7876703663405,42.317669027431045,nan,4182.328213358302,775201.4568406852,0.0,nan
computed_torque,10.0,1.0,replay,101,"demo_00_filtered +2.5,+10 deg",demo_00_filtered,0.046110650632066444,True,7.29,True,0.006569057073539171,2.000000000000001,False,0.00593401003248979,0.05829482890837419,0.005686698375746939,0.25449894893662894,0.15345471447338688,-0.74,0.009999999999999787,0.012267452393765326,0.011619512663959122,34.0,65.0,0.15311908385196013,1000.0000000005556,5.214579403173852,7.79,191.2937750435589,735.0135427803385,0.0,nan
computed_torque,10.0,1.0,esn,102,"demo_00_filtered +2.5,+12.5 deg",,0.33034773349082086,False,nan,False,nan,0.0,False,1.3379475146208717,96.57094360533479,7.654982131716508,91.77049864803327,2.190847089558166,-0.74,nan,2.077879552284276,0.011619512663959122,77.0,65.0,44.66013958341859,6490.981863850279,43.80530540828488,nan,5296.399757057465,1052384.597576311,0.0,nan
computed_torque,10.0,1.0,replay,102,"demo_00_filtered +2.5,+12.5 deg",demo_00_filtered,0.05608537816387706,True,7.29,True,0.006569057073539171,2.000000000000001,False,0.00593401003248979,0.06927099069250935,0.005490970432727203,0.31378647590781594,0.18646303705089487,-0.74,0.009999999999999787,0.013282277039642817,0.011619512663959122,33.0,65.0,0.1878898235507284,1250.0000000007042,6.339658025380068,7.79,198.32135239644109,812.8512675885266,0.0,nan
computed_torque,10.0,1.0,esn,103,"demo_00_filtered +2.5,+15 deg",,0.3991589070304528,False,nan,False,nan,0.0,False,0.7798547048359723,90.19039957678214,6.003179162386351,87.70218383335957,2.2227018513046284,-0.74,nan,2.215556375696664,0.011619512663959122,80.0,65.0,43.49382623625997,7803.747119643121,52.315387757974946,nan,6593.279076943623,1393447.064682331,0.0,nan
computed_torque,10.0,1.0,replay,103,"demo_00_filtered +2.5,+15 deg",demo_00_filtered,0.06615243560329603,True,7.29,True,0.006569057073539171,2.000000000000001,False,0.00593401003248979,0.08057333936001444,0.005363056313750288,0.3736862318788266,0.21964962606905003,-0.74,0.009999999999999787,0.014425983300119637,0.011619512663959122,28.0,65.0,0.22314721497445825,1500.0000000008397,7.473096827838344,7.79,237.39295891183946,923.3888230525943,0.0,nan
computed_torque,10.0,1.0,esn,104,"demo_00_filtered +5,-15 deg",,0.36348467291068154,False,nan,False,nan,0.0,False,1.4695320500988878,95.82562622860861,11.107054863951499,90.27193875600311,2.1061494229906152,-0.74,nan,1.9843428340629095,0.011619512663959122,81.0,65.0,32.663279194666224,7056.4604825730785,45.75931263591392,nan,7064.573469905054,1147550.8219781592,0.0,nan
computed_torque,10.0,1.0,replay,104,"demo_00_filtered +5,-15 deg",demo_00_filtered,0.056436305554077644,True,7.29,True,0.006569057073539171,2.000000000000001,False,0.00593401003248979,0.0724866401247126,0.008401855750443565,0.3884269460967629,0.14689295922299517,-0.74,0.009999999999999787,0.014721824152929506,0.011619512663959122,31.0,65.0,0.23184093965754018,1500.0000000008336,6.4350660092221625,7.79,407.84039185500535,2357.407083139559,0.0,nan
computed_torque,10.0,1.0,esn,105,"demo_00_filtered +5,-12.5 deg",,0.3070858029811669,False,nan,False,nan,0.0,False,1.3692061240448834,84.92953253257758,12.811492576678745,84.62667061162564,2.0982112904250525,-0.74,nan,2.28586084818615,0.011619512663959122,87.0,65.0,36.497799416101635,5991.63555448392,45.48668147491174,nan,5926.316314582605,1319692.6611340307,0.0,nan
computed_torque,10.0,1.0,replay,105,"demo_00_filtered +5,-12.5 deg",demo_00_filtered,0.04781179648672847,True,7.29,True,0.006569057073539171,2.000000000000001,False,0.00593401003248979,0.06113769464374995,0.009222529522144803,0.3312033062989104,0.11221841544428503,-0.74,0.009999999999999787,0.013603104226040974,0.011619512663959122,33.0,65.0,0.19813564855629312,1250.0000000006978,5.440228603652669,7.79,433.2356459395345,2409.247560017778,0.0,nan
computed_torque,10.0,1.0,esn,106,"demo_00_filtered +5,-10 deg",,0.24945740296854996,False,nan,False,nan,0.0,False,1.2401083406624562,101.71537551501702,22.51381647222433,93.08977381813004,1.963487630061286,-0.74,nan,1.8286345101780581,0.011619512663959122,77.0,65.0,32.60644105313743,4907.3501218410665,40.18729962247746,nan,4796.185591603176,677634.1586434856,0.0,nan
computed_torque,10.0,1.0,replay,106,"demo_00_filtered +5,-10 deg",demo_00_filtered,0.03965716813545975,True,7.29,True,0.006569057073539171,2.000000000000001,False,0.00593401003248979,0.049576431964637485,0.010973313375171857,0.27568637567524795,0.07808047452852551,-0.74,0.009999999999999787,0.01261421414406252,0.011619512663959122,34.0,65.0,0.16553009079628625,1000.0000000005556,4.497918483913816,7.79,452.38934211693123,2449.186865749374,0.0,nan
computed_torque,10.0,1.0,esn,107,"demo_00_filtered +5,-7.5 deg",,0.19067636691875875,False,nan,False,nan,0.0,False,1.2345651155746251,89.24097065198453,35.50152311805921,87.56976037207176,2.179464817030397,-0.74,nan,2.0005009698038054,0.011619512663959122,79.0,65.0,37.23681495705909,3802.244187069745,40.644606333706385,nan,3673.034100021942,724701.6262299649,0.0,nan
computed_torque,10.0,1.0,replay,107,"demo_00_filtered +5,-7.5 deg",demo_00_filtered,0.03234298046447328,True,7.29,True,0.006569057073539171,2.000000000000001,False,0.00593401003248979,0.03827274726253906,0.015225527152000474,0.2231536137796803,0.04361322140912785,-0.74,0.009999999999999787,0.011787873771506774,0.011619512663959122,36.0,65.0,0.13482450998206433,750.0000000004198,3.6508344657693366,7.79,465.4345099679915,2471.8750992264845,0.0,nan
computed_torque,10.0,1.0,esn,108,"demo_00_filtered +5,-5 deg",,0.13100838583836893,False,nan,False,nan,0.0,False,1.2688867467142577,101.32653734848361,182.6347003770446,93.8806604982026,2.0819656091305867,-0.74,nan,1.8545795941510745,0.011619512663959122,74.0,65.0,35.1592108029612,2879.3231557326153,46.24139571698452,nan,2555.8770651180175,577564.3275728503,0.0,nan
computed_torque,10.0,1.0,replay,108,"demo_00_filtered +5,-5 deg",demo_00_filtered,0.026589725079462466,True,7.29,True,0.006569057073539171,2.000000000000001,False,0.00593401003248979,0.028698241016175807,0.051726771549604506,0.17629322997001318,0.009030119852281889,-0.74,0.009999999999999787,0.011160248802185083,0.011619512663959122,38.0,65.0,0.10765708442761034,500.0000000002842,2.9831669042616284,7.79,472.52743493522144,2474.3015086865707,0.0,nan
computed_torque,10.0,1.0,esn,109,"demo_00_filtered +5,-2.5 deg",,0.07165879252757873,False,nan,False,nan,0.0,False,1.216552506059644,148.0008068407264,88.26042467121377,131.99891039214057,1.9585231727642174,-0.74,nan,1.2586699800570058,0.011619512663959122,39.0,65.0,77.02343954571079,2404.8962926026684,34.156280600293485,nan,1443.8937667142322,378947.24780225876,0.0,nan
computed_torque,10.0,1.0,replay,109,"demo_00_filtered +5,-2.5 deg",demo_00_filtered,0.02359043167646837,True,7.29,True,0.006569057073539171,2.000000000000001,False,0.00593401003248979,0.027624272765694232,0.016473761850213785,0.14088392564072713,0.025776518568783803,-0.74,0.009999999999999787,0.010766148535726824,0.011619512663959122,38.0,65.0,0.08739227062890909,500.00000000027944,2.6368215831413537,7.79,473.8471661523994,2455.6523419870723,0.0,nan
computed_torque,10.0,1.0,esn,110,"demo_00_filtered +5,+0 deg",,0.02763975258310586,False,nan,False,nan,0.0,False,1.216552506059644,172.01985170870017,45.53254755286827,148.47761701950884,1.7615577807605332,-0.74,nan,0.7726062148518188,0.011619512663959122,19.0,65.0,94.56732709859263,2332.2595855569775,27.255006501279812,nan,943.3217802004492,332986.69360638206,0.0,nan
computed_torque,10.0,1.0,replay,110,"demo_00_filtered +5,+0 deg",demo_00_filtered,0.02440495901327415,True,7.29,True,0.006569057073539171,2.000000000000001,False,0.00593401003248979,0.030731406685951746,0.008134405549100129,0.12690338078623647,0.06051514677916187,-0.74,0.009999999999999787,0.010631574246224232,0.011619512663959122,38.0,65.0,0.07949674148398993,500.00000000027944,2.7380526053085594,7.79,469.59495917829844,2417.144724655718,0.0,nan
computed_torque,10.0,1.0,esn,111,"demo_00_filtered +5,+2.5 deg",,0.06731737332334975,False,nan,False,nan,0.0,False,1.216552506059644,162.9146027377622,29.14305009992077,141.4638832456199,1.7054897173811499,-0.74,nan,1.1692142890821768,0.011619512663959122,27.0,65.0,84.85155418199209,2426.0944813795827,34.332702137021656,nan,909.4920506080174,466700.1242939127,0.0,nan
computed_torque,10.0,1.0,replay,111,"demo_00_filtered +5,+2.5 deg",demo_00_filtered,0.028729893123147367,True,7.29,True,0.006569057073539171,2.000000000000001,False,0.00593401003248979,0.03650021565051754,0.006529357071036714,0.14088245308186317,0.09422484798209368,-0.74,0.009999999999999787,0.010766262271818818,0.011619512663959122,38.0,65.0,0.0873900260335285,500.00000000027944,3.2461546909966037,7.79,459.99365510735987,2361.8392764151786,0.0,nan
computed_torque,10.0,1.0,esn,112,"demo_00_filtered +5,+5 deg",,0.12998768863379637,False,nan,False,nan,0.0,False,1.216552506059644,158.05649620620662,22.352564055598915,137.39612002769525,2.2740958417154573,-0.74,nan,1.2207602207528636,0.011619512663959122,36.0,65.0,80.53490304514395,2846.741160412919,33.728410241970536,nan,1866.9194415542397,447999.9401460013,0.0,nan
computed_torque,10.0,1.0,replay,112,"demo_00_filtered +5,+5 deg",demo_00_filtered,0.03531425248340994,True,7.29,True,0.006569057073539171,2.000000000000001,False,0.00593401003248979,0.04254878364707382,0.006017306689617039,0.17629087638928648,0.11840443716586918,-0.74,0.009999999999999787,0.01116046824067802,0.011619512663959122,36.0,65.0,0.1076534402440631,500.0000000002842,4.009827188516333,7.79,445.2869976918535,2294.434418010763,0.0,nan
computed_torque,10.0,1.0,esn,113,"demo_00_filtered +5,+7.5 deg",,0.19565678982223353,True,15.69,True,1.216552506059644,0.3100000000000005,False,1.216552506059644,86.55949538055206,9.602913814549815,86.8799464726557,2.125296497952772,-0.74,8.41,2.2693355270315925,0.011619512663959122,83.0,65.0,39.499809189619945,4105.242840031016,46.81774580569911,nan,2963.4552143540286,1085988.6332687403,0.0,nan
computed_torque,10.0,1.0,replay,113,"demo_00_filtered +5,+7.5 deg",demo_00_filtered,0.04314977350362068,True,7.29,True,0.006569057073539171,2.000000000000001,False,0.00593401003248979,0.05248072046509897,0.005822213188006363,0.22315082475804227,0.14529662439833216,-0.74,0.009999999999999787,0.011788185402755866,0.011619512663959122,34.0,65.0,0.13482014517606844,750.0000000004198,4.911498551293721,7.79,425.7388902678524,2221.045527850794,0.0,nan
computed_torque,10.0,1.0,esn,114,"demo_00_filtered +5,+10 deg",,0.26278687024897024,False,nan,False,nan,0.0,False,0.6332301380404668,99.4212362586152,8.892505707253227,93.67912171658682,2.1972330096172,-0.74,nan,1.9510280639330349,0.011619512663959122,76.0,65.0,39.052318342080845,5382.354450064921,42.86492040511265,nan,4056.858662795213,793358.7121611173,0.0,nan
computed_torque,10.0,1.0,replay,114,"demo_00_filtered +5,+10 deg",demo_00_filtered,0.0516828135309219,True,7.29,True,0.006569057073539171,2.000000000000001,False,0.00593401003248979,0.0630846543531308,0.005642463018827146,0.2756833655892925,0.17429161346317143,-0.74,0.009999999999999787,0.012614602432153716,0.011619512663959122,33.0,65.0,0.16552535061700957,1000.0000000005556,5.888149614377101,7.79,401.63259443077317,2148.9722800081067,0.0,nan
computed_torque,10.0,1.0,esn,115,"demo_00_filtered +5,+12.5 deg",,0.33095045660785644,False,nan,False,nan,0.0,False,0.8746085787090354,87.958830878955,6.53341793829026,86.49026022884537,2.208820417732531,-0.74,nan,2.237519616788564,0.011619512663959122,86.0,65.0,42.730228248711605,6677.109837783455,45.00144447039624,nan,5153.713865827814,1227198.7280724302,0.0,nan
computed_torque,10.0,1.0,replay,115,"demo_00_filtered +5,+12.5 deg",demo_00_filtered,0.060630566947565266,True,7.29,True,0.006569057073539171,2.000000000000001,False,0.00593401003248979,0.07407529613234941,0.005502174866344751,0.3312001743892008,0.2044537695868019,-0.74,0.009999999999999787,0.013603554301939732,0.011619512663959122,28.0,65.0,0.1981306984067442,1250.0000000007042,6.90795249987934,7.79,374.70634208903226,2086.4576296953655,0.0,nan
computed_torque,10.0,1.0,esn,116,"demo_00_filtered +5,+15 deg",,0.3999012196813281,False,nan,False,nan,0.0,False,0.9033848639030685,91.28011571617691,5.773061414937014,87.97981722689475,2.2200725932074676,-0.74,nan,2.2790251558774277,0.011619512663959122,79.0,65.0,42.998486891758304,7988.420617397664,54.613040931877286,nan,6454.420205416292,1472005.323526145,0.0,nan
computed_torque,10.0,1.0,replay,116,"demo_00_filtered +5,+15 deg",demo_00_filtered,0.06984373019127885,True,7.29,True,0.006569057073539171,2.000000000000001,False,0.00593401003248979,0.08536302324324593,0.005398831628131012,0.3884237414842028,0.23528853643134554,-0.74,0.009999999999999787,0.01472232320197226,0.011619512663959122,27.0,65.0,0.231835863075749,1500.0000000008397,7.9541245865703285,7.79,362.60551820685345,2042.4420079621489,0.0,nan
computed_torque,10.0,1.0,esn,117,"demo_00_filtered +7.5,-15 deg",,0.3692611563182989,False,nan,False,nan,0.0,False,1.216552506059644,110.55597959414563,15.613963984027563,95.84575227596461,1.9207528921488033,-0.74,nan,1.816099903254307,0.011619512663959122,73.0,65.0,38.04649586518944,7281.392609077688,40.400106312433536,nan,7325.694875793386,921140.8137972412,0.0,nan
computed_torque,10.0,1.0,replay,117,"demo_00_filtered +7.5,-15 deg",demo_00_filtered,0.057971184647233484,True,7.29,True,0.006569057073539171,2.000000000000001,False,0.00593401003248979,0.06781851126048427,0.009578096057389943,0.41181829183172625,0.1219671312278732,-0.74,0.009999999999999787,0.015203010503540188,0.011619512663959122,30.0,65.0,0.24563870004782332,1500.0000000008336,6.617741519678,7.79,678.5840131753966,5405.668437708173,0.0,nan
computed_torque,10.0,1.0,esn,118,"demo_00_filtered +7.5,-12.5 deg",,0.3127597001823943,False,nan,False,nan,0.0,False,1.8435256144850118,98.34370307940526,19.282169750722467,92.30909710137168,2.175248790858152,-0.74,nan,1.941618438701928,0.011619512663959122,77.0,65.0,37.10999179172484,6211.03026274375,47.28312187565717,nan,6173.424020310932,991807.724342094,0.0,nan
computed_torque,10.0,1.0,replay,118,"demo_00_filtered +7.5,-12.5 deg",demo_00_filtered,0.05103020449784355,True,7.29,True,0.006569057073539171,2.000000000000001,False,0.00593401003248979,0.056372801321317875,0.011052969233055411,0.35834961020834555,0.08708369285910866,-0.74,0.009999999999999787,0.01412245964998693,0.011619512663959122,33.0,65.0,0.21411652175559978,1250.0000000006978,5.7963861109567105,7.79,697.7377093527934,5530.654390157502,0.0,nan
computed_torque,10.0,1.0,esn,119,"demo_00_filtered +7.5,-10 deg",,0.25514353849401555,False,nan,False,nan,0.0,False,1.5130702940534597,97.3681206358636,31.027042076056922,89.07670693909814,2.0844835475025385,-0.74,nan,2.1599768099876675,0.011619512663959122,79.0,65.0,41.5686178909107,5120.94391527653,42.7831267701515,nan,5029.413366507392,1020133.0662971863,0.0,nan
computed_torque,10.0,1.0,replay,119,"demo_00_filtered +7.5,-10 deg",demo_00_filtered,0.04487401717403793,True,7.29,True,0.006569057073539171,2.000000000000001,False,0.00593401003248979,0.04504867438978283,0.01435507953357328,0.3077690542697515,0.052180173001104814,-0.74,0.009999999999999787,0.013172616310104916,0.011619512663959122,34.0,65.0,0.18435932474089856,1000.0000000005556,5.066279310985715,7.79,710.7346274178998,5606.293763447975,0.0,nan
computed_torque,10.0,1.0,esn,120,"demo_00_filtered +7.5,-7.5 deg",,0.19659331439234726,False,nan,False,nan,0.0,False,1.414786010070922,87.88580359224291,82.2832994186749,87.34807129197151,2.0833173051644445,-0.74,nan,2.080196798256586,0.011619512663959122,83.0,65.0,39.422484628128295,4009.807768560977,41.42393271652777,nan,3892.579618990356,857488.675830324,0.0,nan
computed_torque,10.0,1.0,replay,120,"demo_00_filtered +7.5,-7.5 deg",demo_00_filtered,0.03988311883672341,True,7.29,True,0.006569057073539171,2.000000000000001,False,0.00593401003248979,0.03482985650352538,0.03260953867687017,0.26175627666987095,0.017402200569617703,-0.74,0.009999999999999787,0.012383593583203255,0.011619512663959122,34.0,65.0,0.157371529038124,750.0000000004198,4.473920480473689,7.79,717.719516728577,5630.109614452324,0.0,nan
computed_torque,10.0,1.0,esn,121,"demo_00_filtered +7.5,-5 deg",,0.1376543829293704,True,0.26,True,0.6851791807131667,2.0,False,1.216552506059644,18.673597526647335,19.966873472034507,94.6124214985404,0.5322783724894884,-0.74,-7.0200000000000005,1.2304441802702517,0.011619512663959122,1.0,65.0,39.89699934087249,2876.468517782752,43.207283226821325,nan,2761.99887335177,622277.9390104016,0.0,nan
computed_torque,10.0,1.0,replay,121,"demo_00_filtered +7.5,-5 deg",demo_00_filtered,0.036556567674360066,True,7.29,True,0.006569057073539171,2.000000000000001,False,0.00593401003248979,0.03022649114667127,0.032319884980273224,0.22315491472607824,0.01696258598932559,-0.74,0.009999999999999787,0.011787729862346212,0.011619512663959122,36.0,65.0,0.13482654592974982,750.0000000004168,4.081330523584142,7.79,718.8601988119767,5601.931805868793,0.0,nan
computed_torque,10.0,1.0,esn,122,"demo_00_filtered +7.5,-2.5 deg",,0.08055003395322156,True,8.9,True,1.216552506059644,2.0,False,1.216552506059644,104.27253018380694,35.889599438275035,132.01165820815166,1.7950164304470764,-0.74,1.62,1.4782322125344736,0.011619512663959122,35.0,65.0,74.67559633953141,2831.978856694277,32.106385706213715,nan,1636.9070643531315,346509.28709595295,0.0,nan
computed_torque,10.0,1.0,replay,122,"demo_00_filtered +7.5,-2.5 deg",demo_00_filtered,0.03538787770015175,True,7.29,True,0.006569057073539171,2.000000000000001,False,0.00593401003248979,0.03078480221402118,0.010595832078689901,0.19638506444504697,0.049616801478391495,-0.74,0.009999999999999787,0.011415313235926042,0.011619512663959122,36.0,65.0,0.11927094627598889,750.0000000004168,3.9500037216492276,7.79,714.3470532345098,5523.737016751821,0.0,nan
computed_torque,10.0,1.0,esn,123,"demo_00_filtered +7.5,+0 deg",,0.041958445968650476,False,nan,False,nan,0.0,False,1.216552506059644,153.2592796711338,30.505728806216755,135.96942485916526,1.7197835660099017,-0.74,nan,1.1213883910331217,0.011619512663959122,33.0,65.0,80.52376236908201,2091.1243883095094,30.31453207023361,nan,765.8033441527417,344319.9435689936,0.0,nan
computed_torque,10.0,1.0,replay,123,"demo_00_filtered +7.5,+0 deg",demo_00_filtered,0.036606090421129354,True,7.29,True,0.006569057073539171,2.000000000000001,False,0.00593401003248979,0.03637336983350843,0.007239993286476504,0.18660997049493316,0.08219210101102802,-0.74,0.009999999999999787,0.011288480541417139,0.011619512663959122,36.0,65.0,0.1136128582796228,750.0000000004168,4.106317219463905,7.79,704.3924387674472,5399.4661223066605,0.0,nan
computed_torque,10.0,1.0,esn,124,"demo_00_filtered +7.5,+2.5 deg",,0.07244539409340886,False,nan,False,nan,0.0,False,1.4427367611083504,89.04998327939612,12.386805343859722,85.85290191098865,2.0835400621449955,-0.74,nan,2.287807317005259,0.011619512663959122,88.0,65.0,37.24754845241584,2844.0261305753415,43.44923074811953,nan,962.3472127035448,970296.2209973927,0.0,nan
computed_torque,10.0,1.0,replay,124,"demo_00_filtered +7.5,+2.5 deg",demo_00_filtered,0.04001492825994934,True,7.29,True,0.006569057073539171,2.000000000000001,False,0.00593401003248979,0.043451148213451495,0.006044031622089617,0.19638400805438996,0.11482140750018173,-0.74,0.009999999999999787,0.011415420504149836,0.011619512663959122,34.0,65.0,0.11926930162466007,750.0000000004168,4.521486476605202,7.79,689.2300513619965,5234.821784037545,0.0,nan
computed_torque,10.0,1.0,esn,125,"demo_00_filtered +7.5,+5 deg",,0.1319535315477811,False,nan,False,nan,0.0,False,0.415647539621061,90.19346788218935,10.00606686649687,87.69328788703858,2.2132383438548,-0.74,nan,2.15656053925483,0.011619512663959122,82.0,65.0,43.005353862341586,3033.463550059485,41.34361614675512,nan,1710.855922229671,766271.7901079509,0.0,nan
computed_torque,10.0,1.0,replay,125,"demo_00_filtered +7.5,+5 deg",demo_00_filtered,0.04514065218637538,True,7.29,True,0.006569057073539171,2.000000000000001,False,0.00593401003248979,0.0500450743680657,0.005552002514414446,0.2231530553930328,0.14794356162360803,-0.74,0.009999999999999787,0.011787937619963787,0.011619512663959122,34.0,65.0,0.1348236361187288,750.0000000004168,5.133783144864994,7.79,669.114220608626,5037.049318390183,0.0,nan
computed_torque,10.0,1.0,esn,126,"demo_00_filtered +7.5,+7.5 deg",,0.1966559495510973,False,nan,False,nan,0.0,False,0.4080469103171023,92.65006524868832,8.735131921963152,88.29663033493188,2.271219249486495,-0.74,nan,2.2589704379129207,0.011619512663959122,90.0,65.0,49.60136200314485,4290.550344174042,42.25716976097686,nan,2818.7863357571014,1093395.4983282343,0.0,nan
computed_torque,10.0,1.0,replay,126,"demo_00_filtered +7.5,+7.5 deg",demo_00_filtered,0.0514915018901889,True,7.29,True,0.006569057073539171,2.000000000000001,False,0.00593401003248979,0.058158560956837226,0.005483241711550774,0.26175389896492046,0.17450102488327285,-0.74,0.009999999999999787,0.012383890223622058,0.011619512663959122,33.0,65.0,0.15736778960508244,750.0000000004198,5.88245244593833,7.79,644.3191465122951,4814.704104675935,0.0,nan
computed_torque,10.0,1.0,esn,127,"demo_00_filtered +7.5,+10 deg",,0.2634483588946302,False,nan,False,nan,0.0,False,1.397418752285113,87.7339079795335,7.018712638362685,86.3400995131742,2.15766470275496,-0.74,nan,2.310593301684629,0.011619512663959122,83.0,65.0,43.60582327156616,5566.212951035823,46.282488533769786,nan,3923.0752356224575,1183021.3616310381,0.0,nan
computed_torque,10.0,1.0,replay,127,"demo_00_filtered +7.5,+10 deg",demo_00_filtered,0.058688172659505294,True,7.29,True,0.006569057073539171,2.000000000000001,False,0.00593401003248979,0.06851133652092417,0.005480906921673938,0.30776635796620594,0.1998017210383359,-0.74,0.009999999999999787,0.013172988138697838,0.011619512663959122,28.0,65.0,0.18435506870378499,1000.0000000005556,6.722398406647622,7.79,615.138078567699,4577.408949240587,0.0,nan
computed_torque,10.0,1.0,esn,128,"demo_00_filtered +7.5,+12.5 deg",,0.33152855271869275,False,nan,False,nan,0.0,False,1.518824890914912,91.57919370601053,6.282280859629018,88.25800693112899,2.233233991113151,-0.74,nan,2.147469556794386,0.011619512663959122,78.0,65.0,42.856405849785745,6859.485392408736,47.161386949032554,nan,5023.847324059746,1105525.775374568,0.0,nan
computed_torque,10.0,1.0,replay,128,"demo_00_filtered +7.5,+12.5 deg",demo_00_filtered,0.06647235093766886,True,7.29,True,0.006569057073539171,2.000000000000001,False,0.00593401003248979,0.0796765884185602,0.005465768873106029,0.35834671555433617,0.22677381360346685,-0.74,0.009999999999999787,0.014122893174799478,0.011619512663959122,27.0,65.0,0.21411194107531123,1250.0000000007042,7.623689792877298,7.79,581.8824392663147,4335.604940845333,0.0,nan
computed_torque,10.0,1.0,esn,129,"demo_00_filtered +7.5,+15 deg",,0.4005205348168317,False,nan,False,nan,0.0,False,1.2213874170948114,91.19747121747174,5.437966533822593,87.64560164703002,2.2356587195635993,-0.74,nan,2.2264174190367574,0.011619512663959122,80.0,65.0,42.900091671269216,8169.279614187549,56.91615737814476,nan,6301.2747874858305,1410391.9170898169,0.0,nan
computed_torque,10.0,1.0,replay,129,"demo_00_filtered +7.5,+15 deg",demo_00_filtered,0.07467526614876592,True,7.29,True,0.006569057073539171,2.000000000000001,False,0.00593401003248979,0.09091491531349437,0.005421118154922931,0.41181526924305534,0.2548442867216326,-0.74,0.009999999999999787,0.015203493757827695,0.011619512663959122,25.0,65.0,0.2456339086282079,1500.0000000008397,8.567056971465705,7.79,551.8116814457721,4100.299410746262,0.0,nan
computed_torque,10.0,1.0,esn,130,"demo_00_filtered +10,-15 deg",,0.37629227291105244,False,nan,False,nan,0.0,False,1.216552506059644,172.91748883515706,30.642131883913528,147.21598993564888,2.427833948157268,-0.74,nan,1.0884303315233976,0.011619512663959122,24.0,65.0,90.38852424684914,7515.52814845489,44.106517144700454,nan,7596.427111781799,969631.0761908129,0.0,nan
computed_torque,10.0,1.0,replay,130,"demo_00_filtered +10,-15 deg",demo_00_filtered,0.06283670257323248,True,7.29,True,0.006569057073539171,2.000000000000001,False,0.00593401003248979,0.06389074316882376,0.011321865657016768,0.44249330898974815,0.09691047571435699,-0.74,0.009999999999999787,0.015852210131231177,0.011619512663959122,28.0,65.0,0.26374510881483804,1500.0000000008336,7.14212137233779,7.79,949.3276344957874,9989.360124142906,0.0,nan
computed_torque,10.0,1.0,esn,131,"demo_00_filtered +10,-12.5 deg",,0.3197677120976615,False,nan,False,nan,0.0,False,1.4825650140852793,99.04539227397942,27.69172335939316,92.92869476109257,2.1162379120558277,-0.74,nan,1.95680925281668,0.011619512663959122,80.0,65.0,37.92337963330107,6439.626772111601,44.55803491445016,nan,6429.966683065029,1000384.063204184,0.0,nan
computed_torque,10.0,1.0,replay,131,"demo_00_filtered +10,-12.5 deg",demo_00_filtered,0.057572767059590586,True,7.29,True,0.006569057073539171,2.000000000000001,False,0.00593401003248979,0.05226233318455099,0.014611826349878843,0.39321808980509665,0.062233980981491945,-0.74,0.009999999999999787,0.014819072313726766,0.011619512663959122,33.0,65.0,0.23466784260158546,1250.0000000006978,6.499738913661912,7.79,962.2397727660516,10124.407964754764,0.0,nan
computed_torque,10.0,1.0,esn,132,"demo_00_filtered +10,-10 deg",,0.2622773565742634,False,nan,False,nan,0.0,False,1.216552506059644,164.36329321820634,103.12105885167121,142.65822470703966,1.916552410876486,-0.74,nan,1.13669532126454,0.011619512663959122,31.0,65.0,86.4019046817063,5343.737494373196,33.19058715044244,nan,5271.900119214917,668142.4950531109,0.0,nan
computed_torque,10.0,1.0,replay,132,"demo_00_filtered +10,-10 deg",demo_00_filtered,0.05317475012771528,True,7.29,True,0.006569057073539171,2.000000000000001,False,0.00593401003248979,0.04126998111941149,0.025892667812224036,0.3477467667421123,0.028274869218203106,-0.74,0.009999999999999787,0.013916855180937823,0.011619512663959122,33.0,65.0,0.2078736926152184,1000.0000000005556,5.9636784124312445,7.79,969.0799127188677,10175.143631555502,0.0,nan
computed_torque,10.0,1.0,esn,133,"demo_00_filtered +10,-7.5 deg",,0.20412877090158074,False,nan,False,nan,0.0,False,1.216552506059644,139.14777355987363,393.53381629799895,124.33807415404267,1.9366988098588604,-0.74,nan,1.4122337818792714,0.011619512663959122,46.0,65.0,68.93117251193584,4226.571193427129,33.32108407299493,nan,4121.211033227715,604002.7282888812,0.0,nan
computed_torque,10.0,1.0,replay,133,"demo_00_filtered +10,-7.5 deg",demo_00_filtered,0.049888532179499664,True,7.29,True,0.006569057073539171,2.000000000000001,False,0.00593401003248979,0.03423272335793394,0.09681602458069274,0.3077699975461707,0.013717734451452754,-0.74,0.009999999999999787,0.013172487529237125,0.011619512663959122,34.0,65.0,0.18436081366267434,1000.0000000005556,5.566159140670957,7.79,970.0045234891622,10141.971120636754,0.0,nan
computed_torque,10.0,1.0,esn,134,"demo_00_filtered +10,-5 deg",,0.14618150651763875,False,nan,False,nan,0.0,False,1.3646353178702098,94.86037965592958,40.16737994581011,90.09454523777167,1.9394555952269574,-0.74,nan,1.8757149681287706,0.011619512663959122,76.0,65.0,33.90618841052329,3087.013591629671,39.71494430360451,nan,2977.0389685654595,641759.8773380063,0.0,nan
computed_torque,10.0,1.0,replay,134,"demo_00_filtered +10,-5 deg",demo_00_filtered,0.047962078919165325,True,7.29,True,0.006569057073539171,2.000000000000001,False,0.00593401003248979,0.03418507730394493,0.01447522130445758,0.27568848176864247,0.039911375258119476,-0.74,0.009999999999999787,0.012613945179110433,0.011619512663959122,34.0,65.0,0.16553340735305722,1000.0000000005556,5.339598430226524,7.79,965.1929626887317,10027.559321571272,0.0,nan
computed_torque,10.0,1.0,esn,135,"demo_00_filtered +10,-2.5 deg",,0.09156229696471918,False,nan,False,nan,0.0,False,1.216552506059644,101.47561516910062,23.117737940045902,93.30227951780785,2.2088437477181393,-0.74,nan,1.8670021234060004,0.011619512663959122,70.0,65.0,43.290020496074796,2661.149243879132,40.65374322777393,nan,1838.678678293706,536232.7634885478,0.0,nan
computed_torque,10.0,1.0,replay,135,"demo_00_filtered +10,-2.5 deg",demo_00_filtered,0.04758170295532186,True,7.29,True,0.006569057073539171,2.000000000000001,False,0.00593401003248979,0.035501265276188194,0.008087745472913145,0.254505631667712,0.07381051128740926,-0.74,0.009999999999999787,0.012266638249669835,0.011619512663959122,34.0,65.0,0.15312958593340498,1000.0000000005556,5.307232903147742,7.79,954.84694031662,9836.664673230107,0.0,nan
computed_torque,10.0,1.0,esn,136,"demo_00_filtered +10,+0 deg",,0.05663206085799453,False,nan,False,nan,0.0,False,1.216552506059644,168.55848485445782,26.228451593397896,145.92304119614946,1.7203488575211257,-0.74,nan,0.958690959502409,0.011619512663959122,23.0,65.0,90.5020004317429,2175.3572596196086,27.72579451081793,nan,908.4119191168681,398012.83601513336,0.0,nan
computed_torque,10.0,1.0,replay,136,"demo_00_filtered +10,+0 deg",demo_00_filtered,0.048805604177168914,True,7.29,True,0.006569057073539171,2.000000000000001,False,0.00593401003248979,0.04171562279396742,0.006491136854277936,0.24704109800115379,0.10721326661235851,-0.74,0.009999999999999787,0.01214869666293089,0.011619512663959122,34.0,65.0,0.14876489178913108,1000.0000000005556,5.47366799727267,7.79,939.1899183565956,9575.932581412648,0.0,nan
computed_torque,10.0,1.0,esn,137,"demo_00_filtered +10,+2.5 deg",,0.07952540147513854,False,nan,False,nan,0.0,False,1.401470853982193,83.9805033064988,9.946770043988947,84.41885412076734,2.1946102164558243,-0.74,nan,2.1585529863581083,0.011619512663959122,84.0,65.0,44.16351554973154,2842.4862120939288,39.19259359232288,nan,1282.0975503689679,795080.2945759406,0.0,nan
computed_torque,10.0,1.0,replay,137,"demo_00_filtered +10,+2.5 deg",demo_00_filtered,0.05154203269091663,True,7.29,True,0.006569057073539171,2.000000000000001,False,0.00593401003248979,0.050534434282233386,0.005985370143281213,0.2545048165222076,0.13966962058381904,-0.74,0.009999999999999787,0.012266738073364017,0.011619512663959122,33.0,65.0,0.1531283049360906,1000.0000000005556,5.822877349671048,7.79,918.4664476166328,9253.680565638362,0.0,nan
computed_torque,10.0,1.0,esn,138,"demo_00_filtered +10,+5 deg",,0.13489329639486927,False,nan,False,nan,0.0,False,1.2358984123650634,103.79724972497694,9.78697391363374,94.38846307091941,1.7749150184158622,-0.74,nan,1.752945968659429,0.011619512663959122,77.0,65.0,31.01280760912492,3216.504992874688,31.664600000099718,nan,1546.4522434224887,387425.7253883341,0.0,nan
computed_torque,10.0,1.0,replay,138,"demo_00_filtered +10,+5 deg",demo_00_filtered,0.05559024271886232,True,7.29,True,0.006569057073539171,2.000000000000001,False,0.00593401003248979,0.05918027037085236,0.005580068487902825,0.27568697674127046,0.1713660963374544,-0.74,0.009999999999999787,0.012614139328789442,0.011619512663959122,33.0,65.0,0.16553103732787283,1000.0000000005556,6.325491216318433,7.79,892.9414435253983,8879.666315122131,0.0,nan
computed_torque,10.0,1.0,esn,139,"demo_00_filtered +10,+7.5 deg",,0.19810765284187634,True,0.02,True,0.8990175193039496,2.0,False,0.6385714760411288,6.877381099813606,0.5501904879850887,86.38062941045747,0.20215340554898473,-0.74,-7.260000000000001,nan,0.011619512663959122,nan,65.0,48.05360222392227,4472.1532439598805,46.03218083217274,nan,2665.892457123317,960501.468722073,0.0,nan
computed_torque,10.0,1.0,replay,139,"demo_00_filtered +10,+7.5 deg",demo_00_filtered,0.06070993865686792,True,7.29,True,0.006569057073539171,2.000000000000001,False,0.00593401003248979,0.06661591917341253,0.0053292735338730055,0.3077679753269232,0.20215340554898473,-0.74,0.009999999999999787,0.013172766404391897,0.011619512663959122,28.0,65.0,0.18435762166982872,1000.0000000005556,6.9489766283418,7.79,862.8994027567375,8464.844011298586,0.0,nan
computed_torque,10.0,1.0,esn,140,"demo_00_filtered +10,+10 deg",,0.26428620140196096,True,0.78,True,2.234878122142992,2.0,False,1.216552506059644,94.03078262817107,6.648980403665802,123.25272608050331,1.4904004201315715,-0.74,-6.5,2.396947517910531,0.011619512663959122,2.0,65.0,68.77691912782844,5746.325852646948,43.66606010993506,nan,3781.1687348518694,705150.6963192929,0.0,nan
computed_torque,10.0,1.0,replay,140,"demo_00_filtered +10,+10 deg",demo_00_filtered,0.06667548739183059,True,7.29,True,0.006569057073539171,2.000000000000001,False,0.00593401003248979,0.07537277374824172,0.005329659943422115,0.3477443804136578,0.22838490988506888,-0.74,0.009999999999999787,0.013917207125577626,0.011619512663959122,27.0,65.0,0.2078699180240939,1000.0000000005556,7.664429352021011,7.79,828.6435627046242,8021.11241433715,0.0,nan
computed_torque,10.0,1.0,esn,141,"demo_00_filtered +10,+12.5 deg",,0.33211850855034003,False,nan,False,nan,0.0,False,1.2434543187606866,90.33683253694294,5.64329718975816,86.88437520748246,2.238682068151415,-0.74,nan,2.189532922632,0.011619512663959122,79.0,65.0,40.94196496797538,7038.05671619021,49.43596929554926,nan,4892.386691241623,1136877.2361678844,0.0,nan
computed_torque,10.0,1.0,replay,141,"demo_00_filtered +10,+12.5 deg",demo_00_filtered,0.07330048955923342,True,7.29,True,0.006569057073539171,2.000000000000001,False,0.00593401003248979,0.08564447438117771,0.0053501678996323455,0.39321545183534706,0.2522403582502931,-0.74,0.009999999999999787,0.01481948546005403,0.011619512663959122,25.0,65.0,0.23466366308741493,1250.0000000007042,8.448936073177453,7.79,790.4950059776738,7561.0583123318975,0.0,nan
computed_torque,10.0,1.0,esn,142,"demo_00_filtered +10,+15 deg",,0.401045021903813,False,nan,False,nan,0.0,False,1.0262780287223097,89.25086527706426,4.950747248245903,87.03464803503692,2.230026479443092,-0.74,nan,2.225640930894933,0.011619512663959122,78.0,65.0,47.87300384544655,8346.25803238412,59.18824825786526,nan,6133.937459374999,1428686.7067886693,0.0,nan
computed_torque,10.0,1.0,replay,142,"demo_00_filtered +10,+15 deg",demo_00_filtered,0.08044108089184956,True,7.29,True,0.006569057073539171,2.000000000000001,False,0.00593401003248979,0.09656256351449587,0.005356327292950199,0.4424904959377387,0.27745712839567044,-0.74,0.009999999999999787,0.015852673595272843,0.011619512663959122,25.0,65.0,0.2637406463375279,1500.0000000008397,9.28532520113388,7.79,748.7917122237169,7097.698993085682,0.0,nan
computed_torque,10.0,1.0,esn,143,"demo_00_filtered +12.5,-15 deg",,0.3845442338684251,False,nan,False,nan,0.0,False,1.598511321569435,98.53706700130402,23.00304759106012,91.46209982574999,1.8530214800981901,-0.74,nan,1.771249804490999,0.011619512663959122,76.0,65.0,32.99055717713535,7758.462571342517,41.13485299158224,nan,7876.34052900021,973707.0681677011,0.0,nan
computed_torque,10.0,1.0,replay,143,"demo_00_filtered +12.5,-15 deg",demo_00_filtered,0.07034437794336099,True,7.29,True,0.006569057073539171,2.000000000000001,False,0.00593401003248979,0.06045606815889546,0.014113204861364938,0.4790548627188174,0.07138829203842334,-0.74,0.009999999999999787,0.01664978136227733,0.011619512663959122,27.0,65.0,0.2853411216228565,1500.0000000008336,7.940392720529317,7.79,1220.071255816179,16109.69558150183,0.0,nan
computed_torque,10.0,1.0,esn,144,"demo_00_filtered +12.5,-12.5 deg",,0.3280675004167056,False,nan,False,nan,0.0,False,1.232394382538413,91.62361497110335,40.88242787963884,86.53414157399976,2.134498583856161,-0.74,nan,2.1300693553407224,0.011619512663959122,84.0,65.0,44.25867563024704,6677.033983930866,41.77215184714922,nan,6695.536965285233,1135858.7983638265,0.0,nan
computed_torque,10.0,1.0,replay,144,"demo_00_filtered +12.5,-12.5 deg",demo_00_filtered,0.06646403158483824,True,7.29,True,0.006569057073539171,2.000000000000001,False,0.00593401003248979,0.04910677714783516,0.021911428355899674,0.4339512635582681,0.03654457600343996,-0.74,0.009999999999999787,0.015669318989872855,0.011619512663959122,28.0,65.0,0.25870266642715817,1250.0000000006978,7.4521091634134216,7.79,1226.741836179311,16191.719598054102,0.0,nan
computed_torque,10.0,1.0,esn,145,"demo_00_filtered +12.5,-10 deg",,0.27079873801258464,True,0.88,True,1.5145577584248233,2.0,False,1.216552506059644,47.538759267735564,nan,142.9940877991583,1.04789285118586,-0.74,-6.4,2.1232357605377903,0.011619512663959122,5.0,65.0,88.23252662766204,5575.354612190935,46.461524131460685,nan,5523.261709712491,740416.8806772399,0.0,nan
computed_torque,10.0,1.0,replay,145,"demo_00_filtered +12.5,-10 deg",demo_00_filtered,0.06335753328655092,True,7.29,True,0.006569057073539171,2.000000000000001,False,0.00593401003248979,0.03923742224057125,nan,0.393218828101404,0.015634230933654757,-0.74,0.009999999999999787,0.014818957841026688,0.011619512663959122,31.0,65.0,0.23466901232741705,1250.0000000006946,7.065216374687518,7.79,1227.4251980198367,16156.943248393412,0.0,nan
computed_torque,10.0,1.0,esn,146,"demo_00_filtered +12.5,-7.5 deg",,0.21318192213074835,False,nan,False,nan,0.0,False,1.0137765167211015,91.8775053436698,48.743819515393,87.6128417403104,2.2259962675876803,-0.74,nan,2.0847684007077523,0.011619512663959122,82.0,65.0,39.10202310552672,4452.174253718392,43.36494521099803,nan,4358.567979646661,898566.6826672743,0.0,nan
computed_torque,10.0,1.0,replay,146,"demo_00_filtered +12.5,-7.5 deg",demo_00_filtered,0.061159766535176435,True,7.29,True,0.006569057073539171,2.000000000000001,False,0.00593401003248979,0.03918741377824928,0.020790118509825355,0.3583512304756581,0.03286307594680315,-0.74,0.009999999999999787,0.014122219410377286,0.011619512663959122,33.0,65.0,0.21411908574343014,1250.0000000006946,6.798332175205033,7.79,1222.289530249748,16008.659207245506,0.0,nan
computed_torque,10.0,1.0,esn,147,"demo_00_filtered +12.5,-5 deg",,0.1563801797671459,True,0.56,True,1.9355472937769533,2.0,False,1.246214497964808,20.9675896790822,5.442294419651645,85.36237900073853,0.6528129331267747,-0.74,-6.720000000000001,0.8974822095099739,0.011619512663959122,3.0,65.0,44.91723015586246,3306.4195861603525,44.50764574031219,nan,3200.661049922628,877997.9809316401,0.0,nan
computed_torque,10.0,1.0,replay,147,"demo_00_filtered +12.5,-5 deg",demo_00_filtered,0.05998981753764528,True,7.29,True,0.006569057073539171,2.000000000000001,False,0.00593401003248979,0.03986420994676587,0.010347053269243586,0.33120593589751307,0.06657117979189696,-0.74,0.009999999999999787,0.013602730106435727,0.011619512663959122,33.0,65.0,0.1981398047216971,1250.0000000006946,6.6671501281795145,7.79,1211.5257265654875,15752.373586763477,0.0,nan
computed_torque,10.0,1.0,esn,148,"demo_00_filtered +12.5,-2.5 deg",,0.10417207949972697,False,nan,False,nan,0.0,False,1.287815108857048,93.75067275517229,16.009239171816187,89.20376616155804,2.1070359003838774,-0.74,nan,1.9483648599694459,0.011619512663959122,78.0,65.0,39.045155683004026,2744.4292341985242,47.57962953919424,nan,2048.8963799280323,585611.4765679302,0.0,nan
computed_torque,10.0,1.0,replay,148,"demo_00_filtered +12.5,-2.5 deg",demo_00_filtered,0.059928952422760036,True,7.29,True,0.006569057073539171,2.000000000000001,False,0.00593401003248979,0.04272788795539634,0.007296384734975303,0.3137934823166814,0.10000627110420596,-0.74,0.009999999999999787,0.013281305181163092,0.011619512663959122,33.0,65.0,0.1879008870478665,1250.0000000006946,6.680884627221037,7.79,1195.3468273987307,15395.611724396524,0.0,nan
computed_torque,10.0,1.0,esn,149,"demo_00_filtered +12.5,+0 deg",,0.0716562612279176,False,nan,False,nan,0.0,False,1.3840747946645784,99.34286106394204,12.55947878620922,92.15315363375387,1.7963593450510795,-0.74,nan,1.8053676385961754,0.011619512663959122,77.0,65.0,31.27730269221,2308.4877111612036,31.399850871237277,nan,902.7713138383268,442421.1232394293,0.0,nan
computed_torque,10.0,1.0,replay,149,"demo_00_filtered +12.5,+0 deg",demo_00_filtered,0.061002961175321835,True,7.29,True,0.006569057073539171,2.000000000000001,False,0.00593401003248979,0.04877501945807058,0.006166410103553253,0.30777026675015906,0.13236998684868304,-0.74,0.009999999999999787,0.013172451707060367,0.011619512663959122,31.0,65.0,0.18436123858954445,1250.0000000006946,6.8398006429942875,7.79,1173.9873979457448,14947.704176001542,0.0,nan
computed_torque,10.0,1.0,esn,150,"demo_00_filtered +12.5,+2.5 deg",,0.08825884138838941,False,nan,False,nan,0.0,False,0.306479190254958,85.17195396005778,8.577233655495576,83.36060564944955,2.0780138766994525,-0.74,nan,2.220813494933952,0.011619512663959122,88.0,65.0,34.313807985611206,2875.9352290889806,43.8184204241513,nan,921.3350178513377,977130.7444820687,0.0,nan
computed_torque,10.0,1.0,replay,150,"demo_00_filtered +12.5,+2.5 deg",demo_00_filtered,0.06317737061847749,True,7.29,True,0.006569057073539171,2.000000000000001,False,0.00593401003248979,0.057847679653378274,0.005825545167696493,0.31379282118437785,0.16447233827177746,-0.74,0.009999999999999787,0.01328139737856859,0.011619512663959122,28.0,65.0,0.18789984310222144,1250.0000000006946,7.135244869918581,7.79,1147.7028438712696,14419.556003663296,0.0,nan
computed_torque,10.0,1.0,esn,151,"demo_00_filtered +12.5,+5 deg",,0.1388507185033964,False,nan,False,nan,0.0,False,1.365919204302167,87.32795023272836,7.332620476775636,85.148352718561,2.1027420412634794,-0.74,nan,2.285208749704288,0.011619512663959122,88.0,65.0,38.29612541032329,3395.854632623029,43.86679104938276,nan,1373.9507450877395,984463.9062889278,0.0,nan
computed_torque,10.0,1.0,replay,151,"demo_00_filtered +12.5,+5 deg",demo_00_filtered,0.06636791534646068,True,7.29,True,0.006569057073539171,2.000000000000001,False,0.00593401003248979,0.06677418967617528,0.005606793577941121,0.3312046831471291,0.19625715306567176,-0.74,0.009999999999999787,0.01360291014353333,0.011619512663959122,27.0,65.0,0.19813782471825184,1250.0000000006946,7.552144573791411,7.79,1116.7686664421713,13823.402645685514,0.0,nan
computed_torque,10.0,1.0,esn,152,"demo_00_filtered +12.5,+7.5 deg",,0.2000725588171626,False,nan,False,nan,0.0,False,0.9844864766150937,89.9760359240304,6.418386681701771,87.17089064512825,2.2344561302010866,-0.74,nan,2.2000395491188875,0.011619512663959122,81.0,65.0,48.512492212357444,4650.025683849085,42.57771687103215,nan,2504.9940561780845,882393.071975508,0.0,nan
computed_torque,10.0,1.0,replay,152,"demo_00_filtered +12.5,+7.5 deg",demo_00_filtered,0.07046052639525077,True,7.29,True,0.006569057073539171,2.000000000000001,False,0.00593401003248979,0.0760228510015963,0.005423044584733988,0.3583494936939105,0.22697056243277078,-0.74,0.009999999999999787,0.014122479531286498,0.011619512663959122,27.0,65.0,0.2141163373799271,1250.0000000006946,8.072529022479246,7.79,1081.4796590011804,13172.555817989303,0.0,nan
computed_torque,10.0,1.0,esn,153,"demo_00_filtered +12.5,+10 deg",,0.2653492561218755,True,0.78,True,2.187517209778492,2.0,False,1.2042494645277173,94.52838057925042,5.905141120119758,88.35655153130647,1.5816095482682895,-0.74,-6.5,2.3377817839782113,0.011619512663959122,2.0,65.0,43.154992401829446,5922.652354110965,44.09055904173349,nan,3631.3387501714833,918701.8283727384,0.0,nan
computed_torque,10.0,1.0,replay,153,"demo_00_filtered +12.5,+10 deg",demo_00_filtered,0.07533188731619651,True,7.29,True,0.006569057073539171,2.000000000000001,False,0.00593401003248979,0.08410165315800511,0.005253788621894571,0.3932167177309825,0.256098147065286,-0.74,0.009999999999999787,0.01481928836156298,0.011619512663959122,25.0,65.0,0.23466566873870287,1250.0000000006946,8.678522512757095,7.79,1042.1490468415502,12481.143019896132,0.0,nan
computed_torque,10.0,1.0,esn,154,"demo_00_filtered +12.5,+12.5 deg",,0.33275805533027364,False,nan,False,nan,0.0,False,0.9520404099273247,92.11642486788186,5.210891894619228,88.27688311192904,2.2550328178585426,-0.74,nan,2.186466441558132,0.011619512663959122,82.0,65.0,49.21721891839409,7212.76824812592,51.689609491903184,nan,4753.071131388869,1176172.8057868786,0.0,nan
computed_torque,10.0,1.0,replay,154,"demo_00_filtered +12.5,+12.5 deg",demo_00_filtered,0.08086446649117746,True,7.29,True,0.006569057073539171,2.000000000000001,False,0.00593401003248979,0.09323692842113461,0.005274277147487119,0.4339488732050408,0.27995469294675435,-0.74,0.009999999999999787,0.015669709718679606,0.011619512663959122,25.0,65.0,0.25869887521758345,1250.0000000007042,9.35412344077647,7.79,999.1075726890336,11763.84430155291,0.0,nan
computed_torque,10.0,1.0,esn,155,"demo_00_filtered +12.5,+15 deg",,0.4015040076022513,False,nan,False,nan,0.0,False,0.7720596011839963,89.63117746265775,4.59043852281216,87.30807379654301,2.2215460158864446,-0.74,nan,2.2041441106793593,0.011619512663959122,80.0,65.0,48.33696624522596,8519.285858703433,61.423377375637855,nan,5952.534835904592,1421537.408110097,0.0,nan
computed_torque,10.0,1.0,replay,155,"demo_00_filtered +12.5,+15 deg",demo_00_filtered,0.08695461413139592,True,7.29,True,0.006569057073539171,2.000000000000001,False,0.00593401003248979,0.10339857378569078,0.005295532310812468,0.47905226436065873,0.3024042417380517,-0.74,0.009999999999999787,0.016650222625694527,0.011619512663959122,22.0,65.0,0.28533699689275505,1500.0000000008397,10.085885228387346,7.79,952.702530137876,11035.629994041894,0.0,nan
computed_torque,10.0,1.0,esn,156,"demo_00_filtered +15,-15 deg",,0.3939723155373998,False,nan,False,nan,0.0,False,0.9152292706172471,105.45818509867694,37.708495456100046,96.32921741046971,1.9811547912279608,-0.74,nan,1.7575525664127563,0.011619512663959122,76.0,65.0,32.13282999956288,8009.775947001913,41.71957636478846,nan,8164.989011712663,1030754.5397892039,0.0,nan
computed_torque,10.0,1.0,replay,156,"demo_00_filtered +15,-15 deg",demo_00_filtered,0.07975037594433222,True,7.29,True,0.006569057073539171,2.000000000000001,False,0.00593401003248979,0.0577331916548471,0.020643554534395907,0.5202633991246607,0.048151308543842995,-0.74,0.009999999999999787,0.017575536648180644,0.011619512663959122,27.0,65.0,0.3096975795141152,1500.0000000008336,8.938881492055508,7.79,1490.8148771365704,23768.245782260787,0.0,nan
computed_torque,10.0,1.0,esn,157,"demo_00_filtered +15,-12.5 deg",,0.33760362063007576,False,nan,False,nan,0.0,False,1.216552506059644,175.31185967216348,229.47675831965088,148.62148355260112,1.8293476079736468,-0.74,nan,1.105061425131458,0.011619512663959122,24.0,65.0,92.4256329535396,6922.846360471171,36.16278896031935,nan,6969.712364360735,957695.3599684675,0.0,nan
computed_torque,10.0,1.0,replay,157,"demo_00_filtered +15,-12.5 deg",demo_00_filtered,0.07689225444687749,True,7.29,True,0.006569057073539171,2.000000000000001,False,0.00593401003248979,0.047272313836819714,0.06187771527738249,0.4790554687278064,0.022080094185253835,-0.74,0.009999999999999787,0.016649679476383204,0.011619512663959122,27.0,65.0,0.2853420836197027,1500.0000000008336,8.570194843721646,7.79,1491.2438995925695,23734.151134288368,0.0,nan
computed_torque,10.0,1.0,esn,158,"demo_00_filtered +15,-10 deg",,0.2806316632309869,False,nan,False,nan,0.0,False,1.216793265913257,91.37431935727263,75.82726616183585,86.75197501313245,2.177859507823117,-0.74,nan,2.156703089478748,0.011619512663959122,83.0,65.0,39.05899927439905,5815.405466465633,46.401650838346995,nan,5783.100027142013,1108911.52119682,0.0,nan
computed_torque,10.0,1.0,replay,158,"demo_00_filtered +15,-10 deg",demo_00_filtered,0.07465478275028292,True,7.29,True,0.006569057073539171,2.000000000000001,False,0.00593401003248979,0.04461409841340912,0.03702314981670674,0.442494621151085,0.020877522160358333,-0.74,0.009999999999999787,0.015851996106296205,0.011619512663959122,28.0,65.0,0.26374719034453653,1500.0000000008336,8.289142160776224,7.79,1485.7704833208052,23553.242493107107,0.0,nan
computed_torque,10.0,1.0,esn,159,"demo_00_filtered +15,-7.5 deg",,0.22363406649520107,True,0.29,True,1.4733746382705633,2.0,False,1.216552506059644,39.66344489232066,11.84340261026711,110.5348422842269,0.8680509640118224,-0.74,-6.99,1.4471676997767093,0.011619512663959122,1.0,65.0,52.91515471843359,4686.243981794367,33.25293937488626,nan,4604.277205916873,548419.9206089254,0.0,nan
computed_torque,10.0,1.0,replay,159,"demo_00_filtered +15,-7.5 deg",demo_00_filtered,0.07311221596697405,True,7.29,True,0.006569057073539171,2.000000000000001,False,0.00593401003248979,0.04551464716676343,0.013590556557143602,0.4118204066794397,0.055133690465016996,-0.74,0.009999999999999787,0.015202675755759029,0.011619512663959122,28.0,65.0,0.24564205248188722,1500.0000000008336,8.106045988725267,7.79,1474.5745370103339,23231.70873346489,0.0,nan
computed_torque,10.0,1.0,esn,160,"demo_00_filtered +15,-5 deg",,0.16803564861201728,False,nan,False,nan,0.0,False,1.0646194044402941,87.76719641478618,16.244207481940073,87.04385855523795,2.1151848422315522,-0.74,nan,2.1504231647906034,0.011619512663959122,85.0,65.0,40.67368638265525,3534.331217659059,41.23665649249933,nan,3432.5168947700504,860883.1240208835,0.0,nan
computed_torque,10.0,1.0,replay,160,"demo_00_filtered +15,-5 deg",demo_00_filtered,0.0723284502269234,True,7.29,True,0.006569057073539171,2.000000000000001,False,0.00593401003248979,0.04718086928752324,0.008732372243756703,0.38842993570005435,0.089268008936042,-0.74,0.009999999999999787,0.014721363231998451,0.011619512663959122,28.0,65.0,0.2318456755755089,1500.0000000008336,8.028811176417168,7.79,1457.858490442243,22777.89119436338,0.0,nan
computed_torque,10.0,1.0,esn,161,"demo_00_filtered +15,-2.5 deg",,0.11799692251786593,False,nan,False,nan,0.0,False,1.216552506059644,122.25330495591994,16.61049945486384,109.65480378672756,2.2052224815689483,-0.74,nan,1.5935946067469722,0.011619512663959122,55.0,65.0,57.25832155728946,2663.6813093613464,42.25792997459306,nan,2267.236873491172,456644.82936701237,0.0,nan
computed_torque,10.0,1.0,replay,161,"demo_00_filtered +15,-2.5 deg",demo_00_filtered,0.0723494982128441,True,7.29,True,0.006569057073539171,2.000000000000001,False,0.00593401003248979,0.05100915600755409,0.006930590206637299,0.37369344725139386,0.1234984214670776,-0.74,0.009999999999999787,0.014424886009084974,0.011619512663959122,28.0,65.0,0.22315863958468427,1500.0000000008336,8.061660262339453,7.79,1435.8467144808412,22202.07308738177,0.0,nan
computed_torque,10.0,1.0,esn,162,"demo_00_filtered +15,+0 deg",,0.08702480541570765,False,nan,False,nan,0.0,False,1.0489222587778109,99.57943408166796,10.659372301291047,92.62855240417963,1.76981929225604,-0.74,nan,1.7740718010881962,0.011619512663959122,78.0,65.0,29.92074415991491,2314.4563385408283,30.86034637829614,nan,1107.9905167486477,468274.26864328876,0.0,nan
computed_torque,10.0,1.0,replay,162,"demo_00_filtered +15,+0 deg",demo_00_filtered,0.07319762240482583,True,7.29,True,0.006569057073539171,2.000000000000001,False,0.00593401003248979,0.0571237696591615,0.006114751842743117,0.3686502137116767,0.15773130243356837,-0.74,0.009999999999999787,0.014324725234179558,0.011619512663959122,27.0,65.0,0.22018651494172578,1500.0000000008336,8.204411131976201,7.79,1408.7848775348937,21516.250604368935,0.0,nan
computed_torque,10.0,1.0,esn,163,"demo_00_filtered +15,+2.5 deg",,0.09835939521070486,True,6.22,True,0.5823256668221939,2.000000000000001,False,1.3589581016443761,82.24979470076208,7.231005028096817,87.26738242662299,2.07301702083125,-0.74,-1.0600000000000005,2.111197468439665,0.011619512663959122,32.0,65.0,45.07721303491398,2867.1587671443003,44.417683614826444,nan,1738.5287136404722,890909.6876761002,0.0,nan
computed_torque,10.0,1.0,replay,163,"demo_00_filtered +15,+2.5 deg",demo_00_filtered,0.07486892289899541,True,7.29,True,0.006569057073539171,2.000000000000001,False,0.00593401003248979,0.06552272362466359,0.00576044166077597,0.37369289209329604,0.1909379048085827,-0.74,0.009999999999999787,0.014424970897279192,0.011619512663959122,27.0,65.0,0.2231577605770217,1500.0000000008336,8.452582966193136,7.79,1376.9392401259065,20733.88893193378,0.0,nan
computed_torque,10.0,1.0,esn,164,"demo_00_filtered +15,+5 deg",,0.14384477083514693,False,nan,False,nan,0.0,False,0.7832025697633559,89.91059265704816,6.711938059308752,86.50545031044817,2.219825535098027,-0.74,nan,2.2295678721196794,0.011619512663959122,80.0,65.0,48.13453244249583,3571.498442997003,42.87597788444745,nan,1553.7287447718322,825098.6259168666,0.0,nan
computed_torque,10.0,1.0,replay,164,"demo_00_filtered +15,+5 deg",demo_00_filtered,0.07733512427194152,True,7.29,True,0.006569057073539171,2.000000000000001,False,0.00593401003248979,0.07468813973378782,0.005575562932504853,0.38842886750702643,0.22159584877202332,-0.74,0.009999999999999787,0.014721529588767131,0.011619512663959122,27.0,65.0,0.2318439834284959,1500.0000000008336,8.79827950897537,7.79,1340.5958893589439,19869.666563187984,0.0,nan
computed_torque,10.0,1.0,esn,165,"demo_00_filtered +15,+7.5 deg",,0.20260654784097393,False,nan,False,nan,0.0,False,1.2377401777248558,90.00416911763139,5.843057168929787,88.88863005090303,2.15705882384844,-0.74,nan,2.233545885833331,0.011619512663959122,83.0,65.0,46.91507374455727,4824.1383204683725,43.50112647456008,nan,2336.320282017531,920715.9686541919,0.0,nan
computed_torque,10.0,1.0,replay,165,"demo_00_filtered +15,+7.5 deg",demo_00_filtered,0.08054884279618117,True,7.29,True,0.006569057073539171,2.000000000000001,False,0.00593401003248979,0.084019998786456,0.0054545657279613975,0.41181889539563726,0.25176918565412293,-0.74,0.009999999999999787,0.015202917390142892,0.011619512663959122,25.0,65.0,0.24563965681645683,1500.0000000008336,9.23149877463188,7.79,1300.059915245623,18939.21144313288,0.0,nan
computed_torque,10.0,1.0,esn,166,"demo_00_filtered +15,+10 deg",,0.26668631556774264,True,0.78,True,2.090923843162344,2.0,False,1.2071963121584923,94.48099758338013,5.412898681845753,87.34041896809623,1.666874120347139,-0.74,-6.5,2.5496250387662163,0.011619512663959122,2.0,65.0,44.75875505933327,6095.1479375465615,44.63573983022502,nan,3473.7931609453262,978873.2808719635,0.0,nan
computed_torque,10.0,1.0,replay,166,"demo_00_filtered +15,+10 deg",demo_00_filtered,0.08445059032047215,True,7.29,True,0.006569057073539171,2.000000000000001,False,0.00593401003248979,0.09363156218936515,0.005364233787928656,0.4424927457906265,0.28116807197472177,-0.74,0.009999999999999787,0.01585230508800096,0.011619512663959122,24.0,65.0,0.26374421539153137,1500.0000000008336,9.741443176539395,7.79,1255.654530978476,17958.832591254806,0.0,nan
computed_torque,10.0,1.0,esn,167,"demo_00_filtered +15,+12.5 deg",,0.3334858133931256,False,nan,False,nan,0.0,False,1.216552506059644,112.85850022422363,5.780020097046251,99.7142013943214,2.251384028836226,-0.74,nan,1.834343375335522,0.011619512663959122,61.0,65.0,44.90592380533699,7383.5605658305185,53.91662394704215,nan,4606.08840955713,834071.5203517902,0.0,nan
computed_torque,10.0,1.0,replay,167,"demo_00_filtered +15,+12.5 deg",demo_00_filtered,0.08897565864760637,True,7.29,True,0.006569057073539171,2.000000000000001,False,0.00593401003248979,0.10214746365460428,0.005231457015757768,0.47905330343305796,0.30866632015451206,-0.74,0.009999999999999787,0.01665004719895973,0.011619512663959122,22.0,65.0,0.2853386463603464,1500.0000000008336,10.317539207842538,7.79,1207.7201394003932,16945.250912010575,0.0,nan
computed_torque,10.0,1.0,esn,168,"demo_00_filtered +15,+15 deg",,0.4019278011658594,True,1.01,True,1.217659693532743,2.0,False,0.7511643036031096,84.56343749894815,3.9863586730634,89.85721943432904,1.9933721456578153,-0.74,-6.2700000000000005,2.9155366268725245,0.011619512663959122,3.0,65.0,49.401646732998394,8688.289154508238,63.6156284669595,nan,5757.225899057573,1394063.8728456781,0.0,nan
computed_torque,10.0,1.0,replay,168,"demo_00_filtered +15,+15 deg",demo_00_filtered,0.09405963489260871,True,7.29,True,0.006569057073539171,2.000000000000001,False,0.00593401003248979,0.11149522268881602,0.005255935202211066,0.5202610065758102,0.32911346955845616,-0.74,0.009999999999999787,0.017575954669522026,0.011619512663959122,21.0,65.0,0.30969377918144875,1500.0000000008397,10.95007358335763,7.79,1156.613348052035,15915.332930057088,0.0,nan
pd,10.0,1.0,esn,0,demo_00_filtered,,6.424792793351373e-05,False,nan,False,nan,0.0,False,1.360715247622261,133.73254170929923,nan,122.20537063395732,2.66993524800337,0.010000000000000009,nan,3.0325887480071665,0.011619512663959122,50.0,65.0,148.55674415647644,3865.2927804776655,57.05452326752729,nan,1829.4347239611227,2268491.6085388605,0.0,nan
pd,10.0,1.0,replay,0,demo_00_filtered,demo_00_filtered,0.0,True,7.29,False,0.0063313997928247925,2.000000000000001,True,0.005934010027299314,0.036951691552718435,nan,0.09154902615557862,0.0026392188513998604,0.020000000000000018,0.009999999999999787,0.006767785443490451,0.011619512663959122,26.0,65.0,0.08799029634383136,24.528633369272725,0.30570661244801967,7.29,7.430303876409343,11.14050333172968,0.0,nan
pd,10.0,1.0,esn,1,"demo_00_filtered -15,-15 deg",,0.17337102307673427,False,nan,False,nan,0.0,False,1.216552506059644,164.02734651824065,8.138584566442049,136.00387494902887,2.6806780693960848,-0.74,nan,3.4342511500192594,0.011619512663959122,58.0,65.0,158.25061762847065,8207.42939502968,57.04188460125943,nan,2441.806234557721,2491170.6883212575,0.0,nan
pd,10.0,1.0,replay,1,"demo_00_filtered -15,-15 deg",demo_00_filtered,0.04099627227857522,True,7.29,False,0.0063313997928247925,2.000000000000001,True,0.005934010027299314,0.254690950986753,0.01263706258079794,0.8359632747974591,0.3722577662465813,-0.74,0.009999999999999787,0.01705235959001091,0.011619512663959122,0.0,65.0,0.6974215686063526,1500.0000000008336,5.6461685655334755,7.29,650.5434432771191,4166.611282321075,0.0,nan
pd,10.0,1.0,esn,2,"demo_00_filtered -15,-12.5 deg",,0.1442595937899397,False,nan,False,nan,0.0,False,1.216552506059644,164.75793647570327,8.975716785497017,137.01426056790731,2.692885408850029,-0.74,nan,3.420719621673282,0.011619512663959122,46.0,65.0,161.3514161023162,7103.7274563733845,61.28452897983905,nan,1998.655286580702,2685917.984979351,0.0,nan
pd,10.0,1.0,replay,2,"demo_00_filtered -15,-12.5 deg",demo_00_filtered,0.0392568783235698,True,7.29,False,0.0063313997928247925,2.000000000000001,True,0.005934010027299314,0.23399665690545896,0.012747718052697523,0.7638587462640428,0.34016552460616184,-0.74,0.009999999999999787,0.016393689084304823,0.011619512663959122,1.0,65.0,0.6358290428223043,1500.0000000008301,5.341642371309143,7.29,650.5434432771191,4127.70375818986,0.0,nan
pd,10.0,1.0,esn,3,"demo_00_filtered -15,-10 deg",,0.11569234184542061,False,nan,False,nan,0.0,False,1.216552506059644,167.6168120736596,10.01878067238646,139.01432381170954,2.690649991096229,-0.74,nan,3.475542882976712,0.011619512663959122,45.0,65.0,162.44292520742835,5978.369601487956,71.05822161376011,nan,1817.5859848843077,2593683.597408096,0.0,nan
pd,10.0,1.0,replay,3,"demo_00_filtered -15,-10 deg",demo_00_filtered,0.03766011549048913,True,7.29,False,0.0063313997928247925,2.000000000000001,True,0.005934010027299314,0.2139645811018214,0.012789076365300134,0.6966502538598346,0.3094066315076212,-0.74,0.009999999999999787,0.01591086840243157,0.011619512663959122,3.0,65.0,0.5775928079711904,1500.0000000008301,5.059904292545945,7.29,650.5434432771191,4094.3452088590857,0.0,nan
pd,10.0,1.0,esn,4,"demo_00_filtered -15,-7.5 deg",,0.08788201107284899,False,nan,False,nan,0.0,False,1.216552506059644,166.1645244648583,10.831726647827391,138.14568736788084,2.700992072534452,-0.74,nan,3.3610815463045096,0.011619512663959122,49.0,65.0,159.68271326368804,4831.329254634036,74.9380026838992,nan,1777.5565013192506,2521742.9755604374,0.0,nan
pd,10.0,1.0,replay,4,"demo_00_filtered -15,-7.5 deg",demo_00_filtered,0.03621136678839838,True,7.29,False,0.0063313997928247925,2.000000000000001,True,0.005934010027299314,0.1949302021311219,0.012706867917144335,0.6362254739119951,0.2804879967071731,-0.74,0.009999999999999787,0.01562762975565215,0.011619512663959122,6.0,65.0,0.5242043355154267,1500.0000000008301,4.804527573961038,7.29,650.5434432771191,4066.431424484367,0.0,nan
pd,10.0,1.0,esn,5,"demo_00_filtered -15,-5 deg",,0.0614661513445476,False,nan,False,nan,0.0,False,1.216552506059644,167.63707962213184,11.758735465220045,138.88981422168024,2.693668119538195,-0.74,nan,3.4688145473767666,0.011619512663959122,48.0,65.0,166.92921828408706,3662.703597613448,74.21245137357784,nan,1995.7411189156524,2746437.5492713107,0.0,nan
pd,10.0,1.0,replay,5,"demo_00_filtered -15,-5 deg",demo_00_filtered,0.03491775036227651,True,7.29,False,0.0063313997928247925,2.000000000000001,True,0.005934010027299314,0.17722486667101037,0.012431261208681762,0.5849994979464771,0.25410276431812856,-0.74,0.009999999999999787,0.015562108253683756,0.011619512663959122,7.0,65.0,0.4776390628930035,1500.0000000008301,4.579695149980585,7.29,650.5434432771191,4043.871434758197,0.0,nan
pd,10.0,1.0,esn,6,"demo_00_filtered -15,-2.5 deg",,0.03880325805702355,True,0.32,True,2.8456105608611098,1.9999999999999998,False,1.3473433954543281,32.82214035697779,2.4220102582720435,133.4375989845286,1.0912211579703388,-0.74,-6.96,2.105809765969257,0.011619512663959122,1.0,65.0,160.76101816818164,3582.0475858093155,57.35764188659118,nan,1697.076837350294,2588718.008660027,0.0,nan
pd,10.0,1.0,replay,6,"demo_00_filtered -15,-2.5 deg",demo_00_filtered,0.033788253313668366,True,7.29,False,0.0063313997928247925,2.000000000000001,True,0.005934010027299314,0.1614302639884313,0.011912256517190337,0.5458393692451654,0.2311783066722614,-0.74,0.009999999999999787,0.01572391148923316,0.011619512663959122,8.0,65.0,0.4403746480533,1500.0000000008301,4.39011598856322,7.29,650.5434432771191,4026.587998060379,0.0,nan
pd,10.0,1.0,esn,7,"demo_00_filtered -15,+0 deg",,0.029389710902587678,False,nan,False,nan,0.0,False,1.216928343049913,161.35367705489472,12.14412872737818,129.303334223627,2.699240396426028,-0.74,nan,2.9078356413418005,0.011619512663959122,35.0,65.0,246.84580171067395,3663.6351289949957,82.52214652761525,nan,1823.5173830269346,7400290.8032818595,0.0,nan
pd,10.0,1.0,replay,7,"demo_00_filtered -15,+0 deg",demo_00_filtered,0.032833777927644844,True,7.29,False,0.0063313997928247925,2.000000000000001,True,0.005934010027299314,0.14814544862948567,0.011150024166598868,0.5216874655499929,0.21287883178434175,-0.74,0.009999999999999787,0.0161125845332787,0.011619512663959122,10.0,65.0,0.4151743302272963,1500.0000000008301,4.240807102890066,7.29,650.5434432771191,4014.518220011568,0.0,nan
pd,10.0,1.0,esn,8,"demo_00_filtered -15,+2.5 deg",,0.04250584409300154,False,nan,False,nan,0.0,False,1.367032446148977,156.00497541186184,11.566428471560597,127.62195645201054,2.685992190656248,-0.74,nan,2.7792315176273674,0.011619512663959122,33.0,65.0,247.26302538126274,3871.567099500279,81.92689475812001,nan,1821.1477719306858,7475670.944779037,0.0,nan
pd,10.0,1.0,replay,8,"demo_00_filtered -15,+2.5 deg",demo_00_filtered,0.03206705219750066,True,7.29,False,0.0063313997928247925,2.000000000000001,True,0.005934010027299314,0.13835174452709556,0.010257593084858768,0.5148133066239093,0.2005175719784051,-0.74,0.009999999999999787,0.01671809171032992,0.011619512663959122,10.0,65.0,0.40447758506327974,1500.0000000008301,4.136712080052324,7.29,650.5434432771191,4007.6142857422974,0.0,nan
pd,10.0,1.0,esn,9,"demo_00_filtered -15,+5 deg",,0.06542452775517632,False,nan,False,nan,0.0,False,1.3813107111723857,158.14132767036102,11.212791973865837,128.40552301984414,2.699689555240302,-0.74,nan,2.903603828967165,0.011619512663959122,38.0,65.0,245.55003111382038,3648.5549413526837,82.11452320455139,nan,1827.8898893285748,7415775.985107033,0.0,nan
pd,10.0,1.0,replay,9,"demo_00_filtered -15,+5 deg",demo_00_filtered,0.0315023566441388,True,7.29,False,0.0063313997928247925,2.000000000000001,True,0.005934010027299314,0.13288921595267994,0.009422325940967811,0.5259766410930482,0.19525354916435655,-0.74,0.009999999999999787,0.017523055302481206,0.011619512663959122,10.0,65.0,0.4095185292346564,1500.0000000008301,4.082174438623456,7.29,650.5434432771191,4005.8442793666013,0.0,nan
pd,10.0,1.0,esn,10,"demo_00_filtered -15,+7.5 deg",,0.09063496197497443,False,nan,False,nan,0.0,False,1.216552506059644,161.70856394490897,10.716737653349586,135.92465945827556,2.670246824432791,-0.74,nan,3.0706934448229024,0.011619512663959122,51.0,65.0,154.99236074484926,4304.753043828527,56.83743851972704,nan,1866.9525783922106,2332749.5857311445,0.0,nan
pd,10.0,1.0,replay,10,"demo_00_filtered -15,+7.5 deg",demo_00_filtered,0.031155033916653987,True,7.29,False,0.0063313997928247925,2.000000000000001,True,0.005934010027299314,0.13276302282865746,0.008798460953528103,0.554101597559518,0.19748732425538934,-0.74,0.009999999999999787,0.018505813113965798,0.011619512663959122,10.0,65.0,0.42975875700586263,1500.0000000008301,4.080359227787146,7.29,650.5434432771191,4009.193050394004,0.0,nan
pd,10.0,1.0,esn,11,"demo_00_filtered -15,+10 deg",,0.11625751785318261,False,nan,False,nan,0.0,False,1.216552506059644,177.7662350451222,10.839344922493988,146.6032228247619,2.67583090137344,-0.74,nan,2.726680188419647,0.011619512663959122,36.0,65.0,157.2644692098565,5524.450905407896,60.110494518751736,nan,2395.930209478307,2231861.743523212,0.0,nan
pd,10.0,1.0,replay,11,"demo_00_filtered -15,+10 deg",demo_00_filtered,0.031040781005638663,True,7.29,False,0.0063313997928247925,2.000000000000001,True,0.005934010027299314,0.14202161990241607,0.008659807213573912,0.5967475262790143,0.206467727056983,-0.74,0.009999999999999787,0.019643297370261555,0.011619512663959122,8.0,65.0,0.463153423691246,1500.0000000008301,4.132782327567842,7.29,650.5434432771191,4017.663069686078,0.0,nan
pd,10.0,1.0,esn,12,"demo_00_filtered -15,+12.5 deg",,0.14161828831963452,False,nan,False,nan,0.0,False,1.216552506059644,178.59049077239544,9.941080239313651,147.14954352592528,2.6771559463448438,-0.74,nan,2.7617425962805435,0.011619512663959122,36.0,65.0,154.9980035555606,6768.511645141192,58.1816502237702,nan,2935.4739143259944,2180515.3753842376,0.0,nan
pd,10.0,1.0,replay,12,"demo_00_filtered -15,+12.5 deg",demo_00_filtered,0.03117477392570512,True,7.29,False,0.0063313997928247925,2.000000000000001,True,0.005934010027299314,0.15652263248112916,0.008712692607729909,0.6509695307040398,0.22199196355207015,-0.74,0.009999999999999787,0.020913148802713544,0.011619512663959122,7.0,65.0,0.5069947255791831,1500.0000000008301,4.239107376394151,7.29,650.5434432771191,4031.275196844143,0.0,nan
pd,10.0,1.0,esn,13,"demo_00_filtered -15,+15 deg",,0.16631483982528145,False,nan,False,nan,0.0,False,1.216552506059644,178.72951936790938,9.061804867222646,147.11438240468817,2.671173961105836,-0.74,nan,2.7657597767709747,0.011619512663959122,35.0,65.0,157.48311267592678,8036.56609497254,58.01401740860215,nan,3485.423586363129,2295225.727451771,0.0,nan
pd,10.0,1.0,replay,13,"demo_00_filtered -15,+15 deg",demo_00_filtered,0.031570728593499256,True,7.29,False,0.0063313997928247925,2.000000000000001,True,0.005934010027299314,0.17400272267803402,0.008822150503454602,0.7139982180516369,0.24278243515912856,-0.74,0.009999999999999787,0.022294954353075984,0.011619512663959122,6.0,65.0,0.5586677131485103,1500.0000000008397,4.397280254601101,7.29,650.5434432771191,4050.0692567874185,0.0,nan
pd,10.0,1.0,esn,14,"demo_00_filtered -12.5,-15 deg",,0.17263388893929862,False,nan,False,nan,0.0,False,1.216552506059644,163.74631015395653,8.850511536567888,135.854621227729,2.6697414215732063,-0.74,nan,3.3883777337861307,0.011619512663959122,58.0,65.0,158.45860461954447,7976.093716128331,57.59453425240167,nan,2502.194226219129,2531294.336045491,0.0,nan
pd,10.0,1.0,replay,14,"demo_00_filtered -12.5,-15 deg",demo_00_filtered,0.03674716598115877,True,7.29,False,0.0063313997928247925,2.000000000000001,True,0.005934010027299314,0.23121218078991898,0.012497051515555956,0.7470080359935501,0.33581712526057844,-0.74,0.009999999999999787,0.015935907824590853,0.011619512663959122,1.0,65.0,0.616886992174196,1500.0000000008336,5.097626241164899,7.29,542.1195360642658,2928.2236084242068,0.0,nan
pd,10.0,1.0,esn,15,"demo_00_filtered -12.5,-12.5 deg",,0.14337465784395104,False,nan,False,nan,0.0,False,1.216552506059644,164.06417044598226,9.868431207537467,130.75093967234508,2.6890461306591527,-0.74,nan,3.149760867962131,0.011619512663959122,38.0,65.0,245.9421086735753,6874.330053566949,82.07932445516607,nan,2056.7936891032887,7457433.1276815245,0.0,nan
pd,10.0,1.0,replay,15,"demo_00_filtered -12.5,-12.5 deg",demo_00_filtered,0.03469975457503947,True,7.29,False,0.0063313997928247925,2.000000000000001,True,0.005934010027299314,0.21105893685428137,0.012695158201944121,0.6735595673469541,0.30312453598391825,-0.74,0.009999999999999787,0.015020294756614637,0.011619512663959122,4.0,65.0,0.5555002354439008,1250.0000000006978,4.757440415597435,7.29,542.1195360642658,2891.864976604917,0.0,nan
pd,10.0,1.0,esn,16,"demo_00_filtered -12.5,-10 deg",,0.11458612771780126,False,nan,False,nan,0.0,False,1.216552506059644,163.79284535183922,11.050820019968931,136.780910228691,2.696896159520156,-0.74,nan,3.3701454567968736,0.011619512663959122,48.0,65.0,157.7723456099927,5750.950759831921,68.0551899139313,nan,1707.4538030929702,2537723.672592555,0.0,nan
pd,10.0,1.0,replay,16,"demo_00_filtered -12.5,-10 deg",demo_00_filtered,0.03282095846711266,True,7.29,False,0.0063313997928247925,2.000000000000001,True,0.005934010027299314,0.19152914034583488,0.012922139877322943,0.6046763659333607,0.2716424723818588,-0.74,0.009999999999999787,0.014283834354233024,0.011619512663959122,7.0,65.0,0.4972239032425824,1250.0000000006921,4.441579791416443,7.29,542.1195360642658,2861.0601239371044,0.0,nan
pd,10.0,1.0,esn,17,"demo_00_filtered -12.5,-7.5 deg",,0.08641879434232823,False,nan,False,nan,0.0,False,1.216552506059644,167.95975160819603,12.691492522183081,139.12266167056777,2.7021600222141555,-0.74,nan,3.5009823585709285,0.011619512663959122,44.0,65.0,165.60789721167242,4605.904171628476,75.06993984062194,nan,1910.0403399334236,2699143.9686165657,0.0,nan
pd,10.0,1.0,replay,17,"demo_00_filtered -12.5,-7.5 deg",demo_00_filtered,0.031126929977050244,True,7.29,False,0.0063313997928247925,2.000000000000001,True,0.005934010027299314,0.17304180340452294,0.013075506083484886,0.5424600606836399,0.24191673928653434,-0.74,0.009999999999999787,0.013763742773945924,0.011619512663959122,8.0,65.0,0.4436878583630757,1250.0000000006921,4.155179587386491,7.29,542.1195360642658,2835.716726307982,0.0,nan
pd,10.0,1.0,esn,18,"demo_00_filtered -12.5,-5 deg",,0.05935870628515931,False,nan,False,nan,0.0,False,1.2165525060596438,151.75441267195956,12.687674326264139,124.26090203600545,2.7073193899862558,-0.74,nan,3.117474010428077,0.011619512663959122,43.0,65.0,213.340621894095,3661.464302370711,82.30698608652582,nan,1825.9098292386102,5709522.75759997,0.0,nan
pd,10.0,1.0,replay,18,"demo_00_filtered -12.5,-5 deg",demo_00_filtered,0.029637591703586583,True,7.29,False,0.0063313997928247925,2.000000000000001,True,0.005934010027299314,0.1559683734324086,0.013039989364824551,0.4897949157613853,0.2147476622163762,-0.74,0.009999999999999787,0.013493319195139283,0.011619512663959122,10.0,65.0,0.3971939835500302,1250.0000000006921,3.9045401184637862,7.29,542.1195360642658,2815.754792833862,0.0,nan
pd,10.0,1.0,esn,19,"demo_00_filtered -12.5,-2.5 deg",,0.03540047123213515,False,nan,False,nan,0.0,False,1.5881618657185594,153.92810762611848,13.852846090133575,126.55708077398057,2.694132029858472,-0.74,nan,3.03471157304862,0.011619512663959122,43.0,65.0,226.6400703403156,3669.2495229552546,82.66711152069159,nan,1826.8065132637128,6436840.88525421,0.0,nan
pd,10.0,1.0,replay,19,"demo_00_filtered -12.5,-2.5 deg",demo_00_filtered,0.028376461703485723,True,7.29,False,0.0063313997928247925,2.000000000000001,True,0.005934010027299314,0.1410267126245086,0.012691777835208867,0.4503418027020953,0.19128983129964838,-0.74,0.009999999999999787,0.013495421952900868,0.011619512663959122,11.0,65.0,0.36081486632064796,1250.0000000006921,3.697024161577548,7.29,542.1195360642658,2801.107003332636,0.0,nan
pd,10.0,1.0,esn,20,"demo_00_filtered -12.5,+0 deg",,0.024825862986362048,False,nan,False,nan,0.0,False,1.2750019331107108,160.49054222889595,14.878394365204842,128.26632450264452,2.693422791794627,-0.74,nan,2.863623872346917,0.011619512663959122,36.0,65.0,246.50364122901206,3699.6568434637406,82.45918799571156,nan,1826.8112765671476,7404575.829204525,0.0,nan
pd,10.0,1.0,replay,20,"demo_00_filtered -12.5,+0 deg",demo_00_filtered,0.027369868169404732,True,7.29,False,0.0063313997928247925,2.000000000000001,True,0.005934010027299314,0.1290527916438904,0.011963934455838012,0.4280077543095789,0.17310630848029132,-0.74,0.009999999999999787,0.013777126594190732,0.011619512663959122,12.0,65.0,0.3381070332927221,1250.0000000006921,3.540610684966587,7.29,542.1195360642658,2791.7191335866573,0.0,nan
pd,10.0,1.0,esn,21,"demo_00_filtered -12.5,+2.5 deg",,0.039607151686544426,False,nan,False,nan,0.0,False,1.4006854443722618,155.4492876472951,14.088625599796938,127.44011007175476,2.686682200944439,-0.74,nan,2.766742424133968,0.011619512663959122,33.0,65.0,247.12616039286004,3869.2164993213983,82.20404018863522,nan,1825.9219855648694,7476217.487296427,0.0,nan
pd,10.0,1.0,replay,21,"demo_00_filtered -12.5,+2.5 deg",demo_00_filtered,0.026645357532100733,True,7.29,False,0.0063313997928247925,2.000000000000001,True,0.005934010027299314,0.12123177723633556,0.010987436135159647,0.42565735987749337,0.16202000805765315,-0.74,0.009999999999999787,0.014328340312610962,0.011619512663959122,13.0,65.0,0.3320764123149143,1250.0000000006921,3.442986842180861,7.29,542.1195360642658,2787.550549403503,0.0,nan
pd,10.0,1.0,esn,22,"demo_00_filtered -12.5,+5 deg",,0.0637001160316509,False,nan,False,nan,0.0,False,1.3396547623379678,151.9298036130659,12.917259866820688,129.61257604085273,2.6928347368398016,-0.74,nan,3.1578671928775126,0.011619512663959122,55.0,65.0,152.0443713113719,3603.0598432629063,59.62328586434595,nan,1695.5074136609055,2521908.8685369785,0.0,nan
pd,10.0,1.0,replay,22,"demo_00_filtered -12.5,+5 deg",demo_00_filtered,0.02622927094904508,True,7.29,False,0.0063313997928247925,2.000000000000001,True,0.005934010027299314,0.11936254435585865,0.010148351193399026,0.4436879271399015,0.15954708774781662,-0.74,0.009999999999999787,0.01512510718867554,0.011619512663959122,13.0,65.0,0.3436957890948273,1250.0000000006921,3.4102465705595906,7.29,542.1195360642658,2788.5747406171636,0.0,nan
pd,10.0,1.0,esn,23,"demo_00_filtered -12.5,+7.5 deg",,0.08952720813088338,False,nan,False,nan,0.0,False,1.2165525060596438,154.83625898983252,11.97749960172778,127.0804935352129,2.7068584254990493,-0.74,nan,2.8450584693737344,0.011619512663959122,41.0,65.0,229.72377209851726,4218.423496302427,81.31437643756861,nan,1829.5118309894433,6667508.587390092,0.0,nan
pd,10.0,1.0,replay,23,"demo_00_filtered -12.5,+7.5 deg",demo_00_filtered,0.026143790844495182,True,7.29,False,0.0063313997928247925,2.000000000000001,True,0.005934010027299314,0.12740530010105508,0.009855552834808556,0.4798121905714881,0.1654513955594008,-0.74,0.009999999999999787,0.01613563773025725,0.011619512663959122,11.0,65.0,0.3713171469281476,1250.0000000006921,3.4455808948700057,7.29,542.1195360642658,2794.7798540273016,0.0,nan
pd,10.0,1.0,esn,24,"demo_00_filtered -12.5,+10 deg",,0.11553793060817759,False,nan,False,nan,0.0,False,1.216552506059644,178.57940160889459,12.37070132675511,147.33069792659145,2.6744567311216536,-0.74,nan,2.7332944911049015,0.011619512663959122,38.0,65.0,150.35338467851045,5444.585891781721,57.32746131982704,nan,2361.2931021704962,2001540.6869627563,0.0,nan
pd,10.0,1.0,replay,24,"demo_00_filtered -12.5,+10 deg",demo_00_filtered,0.02640412974696605,True,7.29,False,0.0063313997928247925,2.000000000000001,True,0.005934010027299314,0.13874554641020126,0.009611297269418955,0.5302886188019537,0.17908683049414897,-0.74,0.009999999999999787,0.017326205689126323,0.011619512663959122,11.0,65.0,0.4116646258538629,1250.0000000006921,3.548549178094802,7.29,542.1195360642658,2806.169169625431,0.0,nan
pd,10.0,1.0,esn,25,"demo_00_filtered -12.5,+12.5 deg",,0.14118606731243247,False,nan,False,nan,0.0,False,1.216552506059644,175.13706849594772,10.816634787021531,144.52116080540063,2.676806844954173,-0.74,nan,2.930615393954607,0.011619512663959122,40.0,65.0,161.80899349548685,6695.147538841621,64.08451809906295,nan,2903.656222109297,2445475.745614985,0.0,nan
pd,10.0,1.0,replay,25,"demo_00_filtered -12.5,+12.5 deg",demo_00_filtered,0.027016701224853536,True,7.29,False,0.0063313997928247925,2.000000000000001,True,0.005934010027299314,0.15208106248094966,0.009392673549955514,0.5913489657787369,0.19920154398287232,-0.74,0.009999999999999787,0.018665182252434655,0.011619512663959122,10.0,65.0,0.461287890184611,1250.0000000007042,3.715314660059398,7.29,542.1195360642658,2822.7614473191597,0.0,nan
pd,10.0,1.0,esn,26,"demo_00_filtered -12.5,+15 deg",,0.16612319786879337,True,0.03,True,1.6069789576602287,2.0000000000000004,False,1.216552506059644,8.836551718434668,0.4875916109155605,147.63059756223922,0.22402509447427477,-0.74,-7.25,nan,0.011619512663959122,nan,65.0,151.03777383589775,7969.71771919434,57.47328199018856,nan,3456.431737992322,2092327.2404351837,0.0,nan
pd,10.0,1.0,replay,26,"demo_00_filtered -12.5,+15 deg",demo_00_filtered,0.02797886663912503,True,7.29,False,0.0063313997928247925,2.000000000000001,True,0.005934010027299314,0.16799356579747737,0.009269707911034708,0.6599217850444486,0.22402509447427477,-0.74,0.009999999999999787,0.02012500124868309,0.011619512663959122,8.0,65.0,0.5173606752796738,1500.0000000008397,3.939691530114327,7.29,542.1195360642658,2844.591052147336,0.0,nan
pd,10.0,1.0,esn,27,"demo_00_filtered -10,-15 deg",,0.17225521384630468,False,nan,False,nan,0.0,False,1.216552506059644,162.71067841831325,9.551215171317196,135.23886924016114,2.6873136425634216,-0.74,nan,3.4109875650092656,0.011619512663959122,55.0,65.0,157.6690077520754,7749.253635388791,57.10456582698372,nan,2567.633895826234,2515040.3207959863,0.0,nan
pd,10.0,1.0,replay,27,"demo_00_filtered -10,-15 deg",demo_00_filtered,0.03283827122511149,True,7.29,False,0.0063313997928247925,2.000000000000001,True,0.005934010027299314,0.21072759529241364,0.012369837214971376,0.6698234582724149,0.3011450390329776,-0.74,0.009999999999999787,0.015144929807703301,0.011619512663959122,4.0,65.0,0.5471735295293126,1500.0000000008336,4.588672531127748,7.29,433.6956288514126,1913.4578086332322,0.0,nan
pd,10.0,1.0,esn,28,"demo_00_filtered -10,-12.5 deg",,0.14286603642124066,False,nan,False,nan,0.0,False,1.216552506059644,169.44543043959777,11.304674052266577,140.37645909694297,2.69241398312172,-0.74,nan,3.3255819708995453,0.011619512663959122,43.0,65.0,155.09026984720484,6649.310268460414,65.82427886532032,nan,2119.9560360947453,2446490.3451235937,0.0,nan
pd,10.0,1.0,replay,28,"demo_00_filtered -10,-12.5 deg",demo_00_filtered,0.030424088982693727,True,7.29,False,0.0063313997928247925,2.000000000000001,True,0.005934010027299314,0.1903945845071003,0.012702311969024984,0.5945180248861854,0.2677394146195714,-0.74,0.009999999999999787,0.013969367716684432,0.011619512663959122,7.0,65.0,0.4856240416678258,1250.0000000006978,4.207100781098532,7.29,433.6956288514126,1879.5169818313057,0.0,nan
pd,10.0,1.0,esn,29,"demo_00_filtered -10,-10 deg",,0.11388157677533571,False,nan,False,nan,0.0,False,1.216552506059644,167.34281690659583,12.774774616139075,139.62757692014387,2.6965055679066565,-0.74,nan,3.2440036890131108,0.011619512663959122,45.0,65.0,155.26924513683244,5527.789432287299,61.74532867791563,nan,1697.4348434231351,2416535.805453645,0.0,nan
pd,10.0,1.0,replay,29,"demo_00_filtered -10,-10 deg",demo_00_filtered,0.02819516589148036,True,7.29,False,0.0063313997928247925,2.000000000000001,True,0.005934010027299314,0.17092213598357434,0.013048016069419792,0.5231671537169739,0.23533910162911448,-0.74,0.009999999999999787,0.01296404570141739,0.011619512663959122,8.0,65.0,0.42676057877675005,1000.0000000005556,3.849848963396336,7.29,433.6956288514126,1851.08288319551,0.0,nan
pd,10.0,1.0,esn,30,"demo_00_filtered -10,-7.5 deg",,0.08539373093870407,False,nan,False,nan,0.0,False,1.216552506059644,170.08375256467534,15.067064846009282,141.00679429646038,2.6909087527821316,-0.74,nan,3.2345142401640916,0.011619512663959122,43.0,65.0,156.9591442730798,4384.61688936786,74.34498389503086,nan,1701.566004987214,2388892.7069083215,0.0,nan
pd,10.0,1.0,replay,30,"demo_00_filtered -10,-7.5 deg",demo_00_filtered,0.026183142304285742,True,7.29,False,0.0063313997928247925,2.000000000000001,True,0.005934010027299314,0.15254799779509787,0.01351363984066392,0.4580103280667258,0.20449838465593828,-0.74,0.009999999999999787,0.012180501818412027,0.011619512663959122,10.0,65.0,0.3722952365754799,1000.000000000554,3.52391757538526,7.29,433.6956288514126,1828.0742022435438,0.0,nan
pd,10.0,1.0,esn,31,"demo_00_filtered -10,-5 deg",,0.05773411293408083,False,nan,False,nan,0.0,False,1.2202012927508852,163.93604102384018,16.78632324181672,130.45973979828744,2.6962771049061263,-0.74,nan,3.0554735715558294,0.011619512663959122,37.0,65.0,246.74063518615293,3652.5597033420936,82.21346795196888,nan,1830.9145522823414,7437900.13657213,0.0,nan
pd,10.0,1.0,replay,31,"demo_00_filtered -10,-5 deg",demo_00_filtered,0.024429080964611605,True,7.29,False,0.0063313997928247925,2.000000000000001,True,0.005934010027299314,0.13581610558041676,0.013906966616242971,0.40243892587339963,0.176103621475446,-0.74,0.009999999999999787,0.011672720594588576,0.011619512663959122,13.0,65.0,0.32486837367169635,1000.000000000554,3.238628319842983,7.29,433.6956288514126,1810.4210361528217,0.0,nan
pd,10.0,1.0,esn,32,"demo_00_filtered -10,-2.5 deg",,0.0324177238815703,False,nan,False,nan,0.0,False,1.2165525060596438,160.16926337285864,18.398338468010895,130.27026244480373,2.6863394342250664,-0.74,nan,3.017168691292074,0.011619512663959122,37.0,65.0,230.5350503834321,3657.993035394544,82.08680036363229,nan,1827.5556386432772,6578299.665684275,0.0,nan
pd,10.0,1.0,replay,32,"demo_00_filtered -10,-2.5 deg",demo_00_filtered,0.022983339986852105,True,7.29,False,0.0063313997928247925,2.000000000000001,True,0.005934010027299314,0.12174018884259431,0.01398406381049237,0.3612380275453104,0.15161339876324625,-0.74,0.009999999999999787,0.011486131653302672,0.011619512663959122,13.0,65.0,0.2883565902745021,1000.000000000554,3.0057408817276268,7.29,433.6956288514126,1798.0651216741426,0.0,nan
pd,10.0,1.0,esn,33,"demo_00_filtered -10,+0 deg",,0.02013073119083594,False,nan,False,nan,0.0,False,0.6183300264367402,149.04162676901106,17.984480064747444,125.71495380158673,2.6982889618070125,-0.74,nan,2.96072510556917,0.011619512663959122,43.0,65.0,219.2687076915087,3714.9933375261558,81.68248182010758,nan,1823.9193639610546,5849136.710830569,0.0,nan
pd,10.0,1.0,replay,33,"demo_00_filtered -10,+0 deg",demo_00_filtered,0.02190278088172124,True,7.29,False,0.0063313997928247925,2.000000000000001,True,0.005934010027299314,0.11157533381869544,0.013463516269114486,0.33994028366772416,0.13325308662635776,-0.74,0.009999999999999787,0.011644184002431507,0.011619512663959122,15.0,65.0,0.26757627517335836,1000.000000000554,2.838706740161554,7.29,433.6956288514126,1790.9601248868141,0.0,nan
pd,10.0,1.0,esn,34,"demo_00_filtered -10,+2.5 deg",,0.03679041865726991,False,nan,False,nan,0.0,False,1.3764244513179746,154.76601156050805,17.99242035152463,127.06115534895697,2.686855719972594,-0.74,nan,2.7481400589521825,0.011619512663959122,33.0,65.0,246.92072797544031,3924.0328775757966,82.5180145050249,nan,1821.0789808935072,7454541.309712018,0.0,nan
pd,10.0,1.0,replay,34,"demo_00_filtered -10,+2.5 deg",demo_00_filtered,0.021244007416834923,True,7.29,False,0.0063313997928247925,2.000000000000001,True,0.005934010027299314,0.10771302972975444,0.012522246252216134,0.34245383989073896,0.12381119690651753,-0.74,0.009999999999999787,0.012140358003448787,0.011619512663959122,15.0,65.0,0.26643933916047896,1000.000000000554,2.7504546512100885,7.29,433.6956288514126,1789.0719681735961,0.0,nan
pd,10.0,1.0,esn,35,"demo_00_filtered -10,+5 deg",,0.06200563520057623,False,nan,False,nan,0.0,False,1.4091448410981413,157.81594020328316,16.610807865725622,128.44857795923272,2.6850332909800696,-0.74,nan,2.823375342913051,0.011619512663959122,36.0,65.0,246.1023062148577,3665.403548386976,81.37325806250817,nan,1830.6523399842429,7471061.12669058,0.0,nan
pd,10.0,1.0,replay,35,"demo_00_filtered -10,+5 deg",demo_00_filtered,0.02105286399848451,True,7.29,False,0.0063313997928247925,2.000000000000001,True,0.005934010027299314,0.11287480088029218,0.011880559263465103,0.36836970591934953,0.1252980207547958,-0.74,0.009999999999999787,0.012941567715760768,0.011619512663959122,15.0,65.0,0.28527277635415,1000.000000000554,2.7498420221029836,7.29,433.6956288514126,1792.3791648778813,0.0,nan
pd,10.0,1.0,esn,36,"demo_00_filtered -10,+7.5 deg",,0.0883879504681559,False,nan,False,nan,0.0,False,1.216552506059644,170.40599465834282,15.618482432361464,141.47069723061907,2.695266060636805,-0.74,nan,3.0575849056859443,0.011619512663959122,44.0,65.0,160.20886843368604,4121.193725292356,62.937420935262224,nan,1787.3437043081747,2391300.953348381,0.0,nan
pd,10.0,1.0,replay,36,"demo_00_filtered -10,+7.5 deg",demo_00_filtered,0.02135348159429233,True,7.29,False,0.0063313997928247925,2.000000000000001,True,0.005934010027299314,0.12257890516912492,0.011234912720063446,0.41330608395037305,0.1361900127478365,-0.74,0.009999999999999787,0.01400010200208515,0.011619512663959122,15.0,65.0,0.3205722339903872,1000.000000000554,2.8384803290199385,7.29,433.6956288514126,1800.8731214065026,0.0,nan
pd,10.0,1.0,esn,37,"demo_00_filtered -10,+10 deg",,0.1147466561265447,False,nan,False,nan,0.0,False,1.216552506059644,174.96496065418785,13.818626201864328,144.52736831802432,2.675048845734154,-0.74,nan,2.8968209667091758,0.011619512663959122,41.0,65.0,159.6357406062958,5353.882479410761,59.76143407666771,nan,2321.9554287033247,2341793.783417745,0.0,nan
pd,10.0,1.0,replay,37,"demo_00_filtered -10,+10 deg",demo_00_filtered,0.02214234474702571,True,7.29,False,0.0063313997928247925,2.000000000000001,True,0.005934010027299314,0.13528591049588604,0.01068479894792453,0.47179521108734246,0.15557385548634772,-0.74,0.009999999999999787,0.015265986798783457,0.011619512663959122,13.0,65.0,0.3675483959201246,1000.0000000005556,3.0102575443059285,7.29,433.6956288514126,1814.5583539843003,0.0,nan
pd,10.0,1.0,esn,38,"demo_00_filtered -10,+12.5 deg",,0.1406560536424843,False,nan,False,nan,0.0,False,1.216552506059644,175.66584007857196,12.005774620179773,144.97466915035338,2.6786290382702274,-0.74,nan,2.9547027020972534,0.011619512663959122,42.0,65.0,158.1522604078155,6610.994362522554,57.6457257009855,nan,2867.159357385776,2313586.4515806423,0.0,nan
pd,10.0,1.0,replay,38,"demo_00_filtered -10,+12.5 deg",demo_00_filtered,0.023390854566774096,True,7.29,False,0.0063313997928247925,2.000000000000001,True,0.005934010027299314,0.14871743462096643,0.010164002297498692,0.5393376734444052,0.1807083165450938,-0.74,0.009999999999999787,0.01669460446038157,0.011619512663959122,11.0,65.0,0.4221948555172208,1250.0000000007042,3.253916421688703,7.29,433.6956288514126,1833.4525530159142,0.0,nan
pd,10.0,1.0,esn,39,"demo_00_filtered -10,+15 deg",,0.16581640691399402,False,nan,False,nan,0.0,False,1.216552506059644,175.41122766641675,10.476027129257348,144.69689969581162,2.679538520592887,-0.74,nan,2.936678088061222,0.011619512663959122,41.0,65.0,160.38491757271794,7892.115873863563,59.61135560135805,nan,3422.7761568815804,2438657.847714958,0.0,nan
pd,10.0,1.0,replay,39,"demo_00_filtered -10,+15 deg",demo_00_filtered,0.025054554892699858,True,7.29,False,0.0063313997928247925,2.000000000000001,True,0.005934010027299314,0.16321226083005222,0.009747472240115934,0.612808284447083,0.2094956888977338,-0.74,0.009999999999999787,0.01824942436521077,0.011619512663959122,9.0,65.0,0.48174650598438923,1500.0000000008397,3.5566453680419303,7.29,433.6956288514126,1857.5864126046163,0.0,nan
pd,10.0,1.0,esn,40,"demo_00_filtered -7.5,-15 deg",,0.17224435938651944,False,nan,False,nan,0.0,False,1.216552506059644,161.96363295065942,10.3638814851721,134.86129770608326,2.689276883709674,-0.74,nan,3.435591703818122,0.011619512663959122,50.0,65.0,155.7004823914492,7526.886541001516,59.5455933934865,nan,2638.03415055758,2440308.575691812,0.0,nan
pd,10.0,1.0,replay,40,"demo_00_filtered -7.5,-15 deg",demo_00_filtered,0.029405036628492236,True,7.29,False,0.0063313997928247925,2.000000000000001,True,0.005934010027299314,0.19403654736599263,0.012416193339561312,0.6061373692068167,0.26899654651593896,-0.74,0.009999999999999787,0.014667865198010641,0.011619512663959122,7.0,65.0,0.48972794792624075,1500.0000000008336,4.133349358226663,7.29,325.2717216385593,1122.570753724808,0.0,nan
pd,10.0,1.0,esn,41,"demo_00_filtered -7.5,-12.5 deg",,0.1427471817866186,False,nan,False,nan,0.0,False,1.2311369613366774,160.9796025786957,11.833096988877612,134.09574589320366,2.6878175314963313,-0.74,nan,3.443164872420038,0.011619512663959122,54.0,65.0,156.59057155135883,6428.646514614979,58.8328455908841,nan,2188.0525002092863,2591830.89681622,0.0,nan
pd,10.0,1.0,replay,41,"demo_00_filtered -7.5,-12.5 deg",demo_00_filtered,0.02656571089294613,True,7.29,False,0.0063313997928247925,2.000000000000001,True,0.005934010027299314,0.1735079530700997,0.012754016062478652,0.5286438131086869,0.23484343215357048,-0.74,0.009999999999999787,0.01324746434569827,0.011619512663959122,8.0,65.0,0.42772793829700656,1250.0000000006978,3.7051629523985787,7.29,325.2717216385593,1090.9021721708086,0.0,nan
pd,10.0,1.0,esn,42,"demo_00_filtered -7.5,-10 deg",,0.11359912944987995,False,nan,False,nan,0.0,False,1.218057034414199,164.06138272118554,14.277603062998555,130.53432635078025,2.692798860353406,-0.74,nan,3.164566001012839,0.011619512663959122,37.0,65.0,243.31604279644063,5308.865991446991,81.70811063999001,nan,1825.189129258531,7306494.57438138,0.0,nan
pd,10.0,1.0,replay,42,"demo_00_filtered -7.5,-10 deg",demo_00_filtered,0.023906741465100887,True,7.29,False,0.0063313997928247925,2.000000000000001,True,0.005934010027299314,0.15271456209650927,0.013290134847022994,0.45416828897888195,0.2013776475390451,-0.74,0.009999999999999787,0.011976540365140776,0.011619512663959122,10.0,65.0,0.36779024289764956,1000.0000000005556,3.2985593664195805,7.29,325.2717216385593,1064.6408695994928,0.0,nan
pd,10.0,1.0,esn,43,"demo_00_filtered -7.5,-7.5 deg",,0.08484136381895038,False,nan,False,nan,0.0,False,1.216552506059644,169.94665967619022,17.76695464976294,140.95930718098046,2.694110818703516,-0.74,nan,3.2156877910869586,0.011619512663959122,43.0,65.0,157.01409690905567,4167.450700844742,74.12957482474849,nan,1698.1208095276857,2384714.046404794,0.0,nan
pd,10.0,1.0,replay,43,"demo_00_filtered -7.5,-7.5 deg",demo_00_filtered,0.02147759625654365,True,7.29,False,0.0063313997928247925,2.000000000000001,True,0.005934010027299314,0.13314049803735017,0.01391908022895882,0.38488103992244227,0.16908267475798583,-0.74,0.009999999999999787,0.01091734969201332,0.011619512663959122,13.0,65.0,0.31157436601862265,750.0000000004198,2.9221592771055542,7.29,325.2717216385593,1043.715707084463,0.0,nan
pd,10.0,1.0,esn,44,"demo_00_filtered -7.5,-5 deg",,0.05666346502565785,False,nan,False,nan,0.0,False,1.2165525060596438,151.67705576327174,19.553284238871136,124.33623091807871,2.7048136063624724,-0.74,nan,2.9293287538785195,0.011619512663959122,47.0,65.0,212.58998103747916,3659.7941266317684,82.34754107576276,nan,1823.894938805252,5690266.157933209,0.0,nan
pd,10.0,1.0,replay,44,"demo_00_filtered -7.5,-5 deg",demo_00_filtered,0.019351052912605325,True,7.29,False,0.0063313997928247925,2.000000000000001,True,0.005934010027299314,0.11583775549440337,0.014933099455134548,0.32453471846243015,0.13886725222441254,-0.74,0.009999999999999787,0.010146468552786655,0.011619512663959122,15.0,65.0,0.2619537368785982,750.0000000004168,2.5890618221335706,7.29,325.2717216385593,1028.0660152854796,0.0,nan
pd,10.0,1.0,esn,45,"demo_00_filtered -7.5,-2.5 deg",,0.030038623260556244,False,nan,False,nan,0.0,False,1.2165525060596438,162.16341632219047,25.448965484520635,130.952464265013,2.6869023192540857,-0.74,nan,2.7692025146690393,0.011619512663959122,35.0,65.0,244.80654544743655,3669.1865829475696,82.65876435650732,nan,1822.4245340987634,7379794.315840102,0.0,nan
pd,10.0,1.0,replay,45,"demo_00_filtered -7.5,-2.5 deg",demo_00_filtered,0.01762785253999415,True,7.29,False,0.0063313997928247925,2.000000000000001,True,0.005934010027299314,0.10193456833952949,0.01599700703269665,0.2793703962053273,0.11248900871190617,-0.74,0.009999999999999787,0.009742250825330796,0.011619512663959122,17.0,65.0,0.22379850632108456,750.0000000004168,2.3182852457097622,7.29,325.2717216385593,1017.6417667126022,0.0,nan
pd,10.0,1.0,esn,46,"demo_00_filtered -7.5,+0 deg",,0.015299922401202308,False,nan,False,nan,0.0,False,1.332599597991879,157.39551156764628,27.193357424695776,132.49319343994947,2.6722979398033404,-0.74,nan,3.3398405567403864,0.011619512663959122,60.0,65.0,159.0778081317048,3688.472663525253,56.99502662823638,nan,1685.6833781212972,2565566.579848275,0.0,nan
pd,10.0,1.0,replay,46,"demo_00_filtered -7.5,+0 deg",demo_00_filtered,0.016432383707529766,True,7.29,False,0.0063313997928247925,2.000000000000001,True,0.005934010027299314,0.0940336984969222,0.016246282678104722,0.2578073748777259,0.09334029946949414,-0.74,0.009999999999999787,0.009759086703421143,0.011619512663959122,17.0,65.0,0.20400775505791083,750.0000000004168,2.134418526591238,7.29,325.2717216385593,1012.4037872534603,0.0,nan
pd,10.0,1.0,esn,47,"demo_00_filtered -7.5,+2.5 deg",,0.034128660166476275,False,nan,False,nan,0.0,False,1.2574767846902273,150.09119991651986,24.215830024026854,123.32731052782599,2.6858501756135453,-0.74,nan,2.7956957107260076,0.011619512663959122,37.0,65.0,229.11164913681847,4271.309683961339,81.97594016466812,nan,1970.601115870799,6440027.072815477,0.0,nan
pd,10.0,1.0,replay,47,"demo_00_filtered -7.5,+2.5 deg",demo_00_filtered,0.015888249602503447,True,7.29,False,0.0063313997928247925,2.000000000000001,True,0.005934010027299314,0.095798641097436,0.015456226685099134,0.2658464453708776,0.08639603194917861,-0.74,0.009999999999999787,0.010202229298652003,0.011619512663959122,18.0,65.0,0.20811574322686935,750.0000000004168,2.0620520926559287,7.29,325.2717216385593,1012.3239863130395,0.0,nan
pd,10.0,1.0,esn,48,"demo_00_filtered -7.5,+5 deg",,0.060373128717487116,False,nan,False,nan,0.0,False,1.5340223517691074,156.44319944348567,21.154329051335413,128.1952198789089,2.686929918093793,-0.74,nan,2.801444313531976,0.011619512663959122,34.0,65.0,247.01139411435736,3806.941919922091,82.45816167222496,nan,1827.6130603354072,7532263.309320373,0.0,nan
pd,10.0,1.0,replay,48,"demo_00_filtered -7.5,+5 deg",demo_00_filtered,0.01607282417168214,True,7.29,False,0.0063313997928247925,2.000000000000001,True,0.005934010027299314,0.10394372509913287,0.014055323410609073,0.3012030140565024,0.09345077971847526,-0.74,0.009999999999999787,0.0110261893347607,0.011619512663959122,17.0,65.0,0.23496165025206425,750.0000000004168,2.1142591659692083,7.29,325.2717216385593,1017.3855769351143,0.0,nan
pd,10.0,1.0,esn,49,"demo_00_filtered -7.5,+7.5 deg",,0.08723585405631487,False,nan,False,nan,0.0,False,1.216552506059644,174.35601449050876,19.084619995152803,144.16969042289915,2.680376686347169,-0.74,nan,2.9177491957693356,0.011619512663959122,40.0,65.0,160.82867473379187,4013.203477291628,62.32810854176661,nan,1805.755139872542,2361754.373403907,0.0,nan
pd,10.0,1.0,replay,49,"demo_00_filtered -7.5,+7.5 deg",demo_00_filtered,0.016979557966748778,True,7.29,False,0.0063313997928247925,2.000000000000001,True,0.005934010027299314,0.11664053914707861,0.012767212947350986,0.3558146966885056,0.11197625770655525,-0.74,0.009999999999999787,0.01215809772220895,0.011619512663959122,16.0,65.0,0.27802293447820375,750.0000000004198,2.2843415882333638,7.29,325.2717216385593,1027.5832478607686,0.0,nan
pd,10.0,1.0,esn,50,"demo_00_filtered -7.5,+10 deg",,0.11389674535492648,False,nan,False,nan,0.0,False,1.216552506059644,175.4487503739802,15.708955251264001,144.93858120480257,2.6717917554254127,-0.74,nan,2.9065125415397777,0.011619512663959122,41.0,65.0,155.64232319010574,5252.468940830551,57.18609946648654,nan,2277.9728203147574,2200817.877419256,0.0,nan
pd,10.0,1.0,replay,50,"demo_00_filtered -7.5,+10 deg",demo_00_filtered,0.018524590107545626,True,7.29,False,0.0063313997928247925,2.000000000000001,True,0.005934010027299314,0.1301428851591926,0.0116524555169436,0.42220569034209504,0.13797570843286386,-0.74,0.009999999999999787,0.013523854972504233,0.011619512663959122,15.0,65.0,0.33094895591287365,1000.0000000005556,2.550756965060251,7.29,325.2717216385593,1042.923238640619,0.0,nan
pd,10.0,1.0,esn,51,"demo_00_filtered -7.5,+12.5 deg",,0.14003815354917035,False,nan,False,nan,0.0,False,1.216552506059644,176.0787237935557,13.178620274425757,145.39602439976602,2.6800171329010625,-0.74,nan,2.9348583909495267,0.011619512663959122,42.0,65.0,153.35439008484045,6516.168841066268,57.412994667593345,nan,2826.033943226651,2155900.763776389,0.0,nan
pd,10.0,1.0,replay,51,"demo_00_filtered -7.5,+12.5 deg",demo_00_filtered,0.020589896469201282,True,7.29,False,0.0063313997928247925,2.000000000000001,True,0.005934010027299314,0.1435874119147747,0.010746806525193749,0.4955556186030247,0.16797775877881035,-0.74,0.009999999999999787,0.01506188287315618,0.011619512663959122,13.0,65.0,0.38961398426847554,1250.0000000007042,2.8889169255375267,7.29,325.2717216385593,1063.4232568907003,0.0,nan
pd,10.0,1.0,esn,52,"demo_00_filtered -7.5,+15 deg",,0.16540224715833762,False,nan,False,nan,0.0,False,1.216552506059644,175.93884629552463,11.245158221244012,145.12441621440274,2.6808067291758264,-0.74,nan,2.9795525881163396,0.011619512663959122,42.0,65.0,156.81441448524234,7803.8658282197575,58.023908142941885,nan,3384.5024978399433,2313338.280830366,0.0,nan
pd,10.0,1.0,replay,52,"demo_00_filtered -7.5,+15 deg",demo_00_filtered,0.023063410362548397,True,7.29,False,0.0063313997928247925,2.000000000000001,True,0.005934010027299314,0.15755604457725986,0.010070218642952017,0.5730644912951754,0.20014720353236348,-0.74,0.009999999999999787,0.016725723855554583,0.011619512663959122,10.0,65.0,0.4516316770080074,1500.0000000008397,3.2785898377451583,7.29,325.2717216385593,1089.1121641472519,0.0,nan
pd,10.0,1.0,esn,53,"demo_00_filtered -5,-15 deg",,0.1726086018902293,False,nan,False,nan,0.0,False,1.216552506059644,168.59181815630828,11.885295516604527,140.83404082742672,2.678707654513565,-0.74,nan,3.1929007814114003,0.011619512663959122,46.0,65.0,149.6196647836317,7308.955501739293,63.15532773158215,nan,2713.290390265742,2232281.4649226465,0.0,nan
pd,10.0,1.0,replay,53,"demo_00_filtered -5,-15 deg",demo_00_filtered,0.026631497483150766,True,7.29,False,0.0063313997928247925,2.000000000000001,True,0.005934010027299314,0.18286837251095195,0.012891756383563617,0.5575464372002411,0.2398726224826671,-0.74,0.009999999999999787,0.014480075088007013,0.011619512663959122,8.0,65.0,0.4457834693865384,1500.0000000008336,3.750730365622573,7.29,216.84781442570613,555.8008418047634,0.0,nan
pd,10.0,1.0,esn,54,"demo_00_filtered -5,-12.5 deg",,0.14302891089284242,False,nan,False,nan,0.0,False,1.2165525060596438,156.76580624234663,12.923655218777787,127.10986770190696,2.699194598860544,-0.74,nan,3.0343869512021673,0.011619512663959122,44.0,65.0,228.779105887363,6212.304196200471,81.64379049984188,nan,2260.980370182922,6575806.168303442,0.0,nan
pd,10.0,1.0,replay,54,"demo_00_filtered -5,-12.5 deg",demo_00_filtered,0.023332139474314183,True,7.29,False,0.0063313997928247925,2.000000000000001,True,0.005934010027299314,0.16079170554716782,0.013255547331019366,0.47794591077389603,0.20539642083508022,-0.74,0.009999999999999787,0.01284894894108135,0.011619512663959122,10.0,65.0,0.38327122634053307,1250.0000000006978,3.2735549571037637,7.29,216.84781442570613,526.2427771561797,0.0,nan
pd,10.0,1.0,esn,55,"demo_00_filtered -5,-10 deg",,0.11375561094236447,False,nan,False,nan,0.0,False,1.216552506059644,167.88854977685938,16.555779355801075,139.30201723813929,2.6882042438208824,-0.74,nan,3.3480832825272357,0.011619512663959122,41.0,65.0,155.73855667118693,5094.1491552312145,67.94273280933689,nan,1800.6725318480765,2440438.3868724476,0.0,nan
pd,10.0,1.0,replay,55,"demo_00_filtered -5,-10 deg",demo_00_filtered,0.02017188795046889,True,7.29,False,0.0063313997928247925,2.000000000000001,True,0.005934010027299314,0.1391932365959426,0.013726085048474649,0.40019758588173165,0.17109651755078284,-0.74,0.009999999999999787,0.01134080280672123,0.011619512663959122,13.0,65.0,0.32207253723599444,1000.0000000005556,2.8113788005243703,7.29,216.84781442570613,501.9396558932888,0.0,nan
pd,10.0,1.0,esn,56,"demo_00_filtered -5,-7.5 deg",,0.08479080924997327,False,nan,False,nan,0.0,False,1.216552506059644,170.27977781540255,21.217725664620097,140.94632395344664,2.692876146036565,-0.74,nan,3.3417151047845692,0.011619512663959122,42.0,65.0,158.00706032542328,3954.3786285031338,65.46185807438721,nan,1691.4713945609847,2507636.856836272,0.0,nan
pd,10.0,1.0,replay,56,"demo_00_filtered -5,-7.5 deg",demo_00_filtered,0.017207290317351756,True,7.29,False,0.0063313997928247925,2.000000000000001,True,0.005934010027299314,0.11776025084328605,0.014673525703670968,0.32605991169953785,0.1372978923167245,-0.74,0.009999999999999787,0.01002139023508396,0.011619512663959122,15.0,65.0,0.2635894280200775,750.0000000004198,2.3725718234903854,7.29,216.84781442570613,482.82970009798674,0.0,nan
pd,10.0,1.0,esn,57,"demo_00_filtered -5,-5 deg",,0.05621033164764123,False,nan,False,nan,0.0,False,1.3398642757400199,159.15234267352403,26.391890085082725,132.71572649223003,2.6903219884836047,-0.74,nan,3.449570465609755,0.011619512663959122,54.0,65.0,159.14304150582964,3527.816432405348,59.095853652308755,nan,1722.7268037369686,2566774.0699746045,0.0,nan
pd,10.0,1.0,replay,57,"demo_00_filtered -5,-5 deg",demo_00_filtered,0.014542203872647506,True,7.29,False,0.0063313997928247925,2.000000000000001,True,0.005934010027299314,0.09752624057576215,0.016172566350259786,0.25910450369568766,0.10464378643480776,-0.74,0.009999999999999787,0.008984703135170488,0.011619512663959122,17.0,65.0,0.21060461949987466,500.0000000002842,1.9727306141489467,7.29,216.84781442570613,468.86065730332666,0.0,nan
pd,10.0,1.0,esn,58,"demo_00_filtered -5,-2.5 deg",,0.028481082849369076,False,nan,False,nan,0.0,False,1.2165525060596438,161.87868655488842,38.24767203382148,130.75454663977996,2.6869123788135236,-0.74,nan,2.7470331033574356,0.011619512663959122,36.0,65.0,245.50577053557348,3658.4376780465204,82.3903625826841,nan,1823.188561297913,7408345.202879438,0.0,nan
pd,10.0,1.0,replay,58,"demo_00_filtered -5,-2.5 deg",demo_00_filtered,0.012361825763528385,True,7.29,False,0.0063313997928247925,2.000000000000001,True,0.005934010027299314,0.08098965561535908,0.01913572349784338,0.20688528825936106,0.07491652107098119,-0.74,0.009999999999999787,0.008347004288967376,0.011619512663959122,19.0,65.0,0.16888600361230746,500.00000000027626,1.641050373699782,7.29,216.84781442570613,459.98995887209276,0.0,nan
pd,10.0,1.0,esn,59,"demo_00_filtered -5,+0 deg",,0.010329874502374178,False,nan,False,nan,0.0,False,1.1861874968777724,153.24285461853674,46.578770059094886,125.54468131926836,2.685434334551827,-0.74,nan,2.718443351035685,0.011619512663959122,32.0,65.0,239.04142081895426,3636.750688287205,81.84527358990557,nan,1822.935641755971,6956266.40237242,0.0,nan
pd,10.0,1.0,replay,59,"demo_00_filtered -5,+0 deg",demo_00_filtered,0.010958543660429046,True,7.29,False,0.0063313997928247925,2.000000000000001,True,0.005934010027299314,0.07203511196176493,0.021895356391007453,0.18288789826750212,0.05339422797526491,-0.74,0.009999999999999787,0.00821098264353903,0.011619512663959122,19.0,65.0,0.14868045524026047,500.00000000027626,1.427036348112054,7.29,216.84781442570613,456.18491018651076,0.0,nan
pd,10.0,1.0,esn,60,"demo_00_filtered -5,+2.5 deg",,0.03172268847216579,False,nan,False,nan,0.0,False,1.3911112741374227,152.74682906058717,38.99702512027314,125.00261321463233,2.6862415080319733,-0.74,nan,2.73002973836881,0.011619512663959122,32.0,65.0,239.01758298018996,3659.8952922114627,81.89014203692855,nan,1826.3147460079272,6981022.968162206,0.0,nan
pd,10.0,1.0,replay,60,"demo_00_filtered -5,+2.5 deg",demo_00_filtered,0.010654090795642907,True,7.29,False,0.0063313997928247925,2.000000000000001,True,0.005934010027299314,0.077110100896501,0.01968659225321719,0.19788611068206308,0.05144633841485029,-0.74,0.009999999999999787,0.00860788749916027,0.011619512663959122,19.0,65.0,0.15868649030593548,500.00000000027626,1.388048512498402,7.29,216.84781442570613,457.42289350165254,0.0,nan
pd,10.0,1.0,esn,61,"demo_00_filtered -5,+5 deg",,0.058840909120967025,False,nan,False,nan,0.0,False,1.3529442041438056,160.5002272076191,28.54422409044223,128.57866882954306,2.6863362450046537,-0.74,nan,2.7780350306574912,0.011619512663959122,31.0,65.0,247.49948324476128,3802.6659213081875,82.10107702152747,nan,1828.080549690252,7463979.008873749,0.0,nan
pd,10.0,1.0,replay,61,"demo_00_filtered -5,+5 deg",demo_00_filtered,0.01155470435884728,True,7.29,False,0.0063313997928247925,2.000000000000001,True,0.005934010027299314,0.09432336063700197,0.016774974028562446,0.24488765514489555,0.06862822000810305,-0.74,0.009999999999999787,0.009476454464215621,0.011619512663959122,19.0,65.0,0.19437467726104726,500.0000000002842,1.5395498897592361,7.29,216.84781442570613,463.6915572527681,0.0,nan
pd,10.0,1.0,esn,62,"demo_00_filtered -5,+7.5 deg",,0.0860926097888876,False,nan,False,nan,0.0,False,1.216552506059644,174.34253439652562,22.434512634905,144.22597476474107,2.6778404353109124,-0.74,nan,2.854312167853683,0.011619512663959122,40.0,65.0,157.07117236788218,3894.6105482060398,57.56734503429839,nan,1697.0599265332858,2243312.937124357,0.0,nan
pd,10.0,1.0,replay,62,"demo_00_filtered -5,+7.5 deg",demo_00_filtered,0.013444580566815927,True,7.29,False,0.0063313997928247925,2.000000000000001,True,0.005934010027299314,0.10963880672102214,0.014108394163092404,0.30962787199542136,0.09673968843255346,-0.74,0.009999999999999787,0.010706176845892153,0.011619512663959122,18.0,65.0,0.2447355316901933,750.0000000004198,1.837096947526981,7.29,216.84781442570613,474.9889573186506,0.0,nan
pd,10.0,1.0,esn,63,"demo_00_filtered -5,+10 deg",,0.113003142337824,False,nan,False,nan,0.0,False,1.216552506059644,171.66803466938296,17.025586272446034,141.97476480383125,2.6779638986437795,-0.74,nan,3.0687487382702514,0.011619512663959122,45.0,65.0,163.9694404191862,5140.4903601487495,63.03729446301739,nan,2229.4081993481022,2529753.911835754,0.0,nan
pd,10.0,1.0,replay,63,"demo_00_filtered -5,+10 deg",demo_00_filtered,0.01600408586062787,True,7.29,False,0.0063313997928247925,2.000000000000001,True,0.005934010027299314,0.1235946195017713,0.012257790806484052,0.3831452818033572,0.1287794289269056,-0.74,0.009999999999999787,0.012190445067796717,0.011619512663959122,15.0,65.0,0.30244224943221437,1000.0000000005556,2.2248590372728407,7.29,216.84781442570613,491.32360626029686,0.0,nan
pd,10.0,1.0,esn,64,"demo_00_filtered -5,+12.5 deg",,0.1393436001008078,False,nan,False,nan,0.0,False,1.216552506059644,172.2617517146442,13.816784029906179,142.355865279416,2.6800892590445518,-0.74,nan,3.0832685508548483,0.011619512663959122,45.0,65.0,162.83608090922996,6410.803356940434,61.648795214597186,nan,2780.337393329489,2517754.6870666645,0.0,nan
pd,10.0,1.0,replay,64,"demo_00_filtered -5,+12.5 deg",demo_00_filtered,0.01899295682118996,True,7.29,False,0.0063313997928247925,2.000000000000001,True,0.005934010027299314,0.1365760129152327,0.010954499506317437,0.46115431896213044,0.16239701420380187,-0.74,0.009999999999999787,0.013848670179054832,0.011619512663959122,13.0,65.0,0.3638934786268642,1250.0000000007042,2.665654524495931,7.29,216.84781442570613,512.714376113147,0.0,nan
pd,10.0,1.0,esn,65,"demo_00_filtered -5,+15 deg",,0.16488949182719184,False,nan,False,nan,0.0,False,1.216552506059644,171.5930882172879,11.523974873590605,141.8284980114521,2.680279101691164,-0.74,nan,3.1283923894571957,0.011619512663959122,46.0,65.0,165.46059079074004,7705.087444388227,73.41439845194071,nan,3341.662744547225,2672340.9626884866,0.0,nan
pd,10.0,1.0,replay,65,"demo_00_filtered -5,+15 deg",demo_00_filtered,0.022267995838550984,True,7.29,False,0.0063313997928247925,2.000000000000001,True,0.005934010027299314,0.15200728305576752,0.010208616959671655,0.5415906931812076,0.19673797462300235,-0.74,0.009999999999999787,0.015625650853762663,0.011619512663959122,11.0,65.0,0.4273303713922821,1500.0000000008397,3.138982450953556,7.29,216.84781442570613,539.1901894512687,0.0,nan
pd,10.0,1.0,esn,66,"demo_00_filtered -2.5,-15 deg",,0.17335291107140455,False,nan,False,nan,0.0,False,0.6111486943912242,152.13057885676199,11.802854597907041,126.67383021966135,2.7098203121912814,-0.74,nan,3.104667012633688,0.011619512663959122,43.0,65.0,220.89212881196693,7095.410731044601,82.32211994253385,nan,2793.285303061911,6013982.915693483,0.0,nan
pd,10.0,1.0,replay,66,"demo_00_filtered -2.5,-15 deg",demo_00_filtered,0.024739956807060325,True,7.29,False,0.0063313997928247925,2.000000000000001,True,0.005934010027299314,0.17745234364732337,0.013767411035089846,0.525086656315062,0.21380624822322195,-0.74,0.009999999999999787,0.014547276918715144,0.011619512663959122,10.0,65.0,0.4159302301314877,1500.0000000008336,3.4646477911002678,7.29,108.42390721285285,213.36549581787418,0.0,nan
pd,10.0,1.0,esn,67,"demo_00_filtered -2.5,-12.5 deg",,0.14371901224965572,False,nan,False,nan,0.0,False,1.216552506059644,168.6898226513323,15.711614050175095,140.93696761987357,2.680721009613787,-0.74,nan,2.9501764712239114,0.011619512663959122,42.0,65.0,150.74150187407673,6000.23716436189,57.217598383761924,nan,2338.6248463083116,2263048.8843027917,0.0,nan
pd,10.0,1.0,replay,67,"demo_00_filtered -2.5,-12.5 deg",demo_00_filtered,0.021013408965354224,True,7.29,False,0.0063313997928247925,2.000000000000001,True,0.005934010027299314,0.15370353067607614,0.014315804677340942,0.4440701918365533,0.17890391120537133,-0.74,0.009999999999999787,0.0127544910266757,0.011619512663959122,11.0,65.0,0.3531904403131526,1250.0000000006978,2.9432400418345956,7.29,108.42390721285285,185.73829802953293,0.0,nan
pd,10.0,1.0,esn,68,"demo_00_filtered -2.5,-10 deg",,0.1143634402599522,False,nan,False,nan,0.0,False,1.3419390643587548,161.13868936134952,18.605536845169297,134.09293383147985,2.6985899174664207,-0.74,nan,3.5082161626022317,0.011619512663959122,50.0,65.0,161.10375054073958,4883.59742326796,67.39883886078022,nan,1875.85966233058,2745891.789319339,0.0,nan
pd,10.0,1.0,replay,68,"demo_00_filtered -2.5,-10 deg",demo_00_filtered,0.017351773474175203,True,7.29,False,0.0063313997928247925,2.000000000000001,True,0.005934010027299314,0.130286940821221,0.015043305164644402,0.36386628516797137,0.14406258440073114,-0.74,0.009999999999999787,0.011062794686530606,0.011619512663959122,15.0,65.0,0.2911260207341345,1000.0000000005556,2.4274322844461573,7.29,108.42390721285285,163.1603695571833,0.0,nan
pd,10.0,1.0,esn,69,"demo_00_filtered -2.5,-7.5 deg",,0.08526376277065177,False,nan,False,nan,0.0,False,1.216552506059644,164.04314866027292,24.717181867684438,136.60868732242028,2.683749520866209,-0.74,nan,3.3182194732239445,0.011619512663959122,48.0,65.0,161.20420947020685,3745.3648280473226,66.60400820350318,nan,1799.1249033404874,2682360.146950262,0.0,nan
pd,10.0,1.0,replay,69,"demo_00_filtered -2.5,-7.5 deg",demo_00_filtered,0.01378355930457592,True,7.29,False,0.0063313997928247925,2.000000000000001,True,0.005934010027299314,0.10767300290751068,0.01622361687665639,0.28558114030898163,0.10943851262747113,-0.74,0.009999999999999787,0.009535731196196386,0.011619512663959122,17.0,65.0,0.23075601299111406,750.0000000004198,1.921316279730751,7.29,108.42390721285285,145.5785157778924,0.0,nan
pd,10.0,1.0,esn,70,"demo_00_filtered -2.5,-5 deg",,0.05642323000189597,False,nan,False,nan,0.0,False,1.2165525060596438,159.96729581179153,34.46429717933369,130.00772609063975,2.6864331551746035,-0.74,nan,3.008175705591363,0.011619512663959122,37.0,65.0,232.18149138564448,3686.179231088416,82.30315822760937,nan,1830.209891281196,6673350.269565235,0.0,nan
pd,10.0,1.0,replay,70,"demo_00_filtered -2.5,-5 deg",demo_00_filtered,0.010385619418424774,True,7.29,False,0.0063313997928247925,2.000000000000001,True,0.005934010027299314,0.08532400242518043,0.018382706047437268,0.21182395932828046,0.07544267284375665,-0.74,0.009999999999999787,0.008275095346597575,0.011619512663959122,19.0,65.0,0.17436979350523055,500.0000000002842,1.4351886282137993,7.29,108.42390721285285,132.94812368448348,0.0,nan
pd,10.0,1.0,esn,71,"demo_00_filtered -2.5,-2.5 deg",,0.027954535193357766,False,nan,False,nan,0.0,False,1.2165595107735159,160.91636648785706,64.44472147043825,129.18430726644308,2.6991004184659397,-0.74,nan,2.9189269200001933,0.011619512663959122,35.0,65.0,246.75309803063237,3664.8120218172226,82.51925649790013,nan,1829.900826115142,7397116.7130206,0.0,nan
pd,10.0,1.0,replay,71,"demo_00_filtered -2.5,-2.5 deg",demo_00_filtered,0.00738439036037016,True,7.29,False,0.0063313997928247925,2.000000000000001,True,0.005934010027299314,0.06408406989714649,0.025664760678804834,0.14997027306593497,0.04289055680822118,-0.74,0.009999999999999787,0.007427908925676213,0.011619512663959122,24.0,65.0,0.12792138078480056,250.00000000014848,0.9995019037682293,7.29,108.42390721285285,125.23335210288482,0.0,nan
pd,10.0,1.0,esn,72,"demo_00_filtered -2.5,+0 deg",,0.005217892059879095,False,nan,False,nan,0.0,False,1.216552506059644,156.20265988702752,194.23380094989378,135.73099109483297,2.662204294452645,-0.74,nan,2.7101179948732037,0.011619512663959122,36.0,65.0,148.88757456033497,3387.7220750176316,56.790033000551574,nan,1644.420735147274,2084763.73991319,0.0,nan
pd,10.0,1.0,replay,72,"demo_00_filtered -2.5,+0 deg",demo_00_filtered,0.005481127148780164,True,7.29,False,0.0063313997928247925,2.000000000000001,True,0.005934010027299314,0.050452178564314665,0.0627359253410731,0.12054834462897066,0.013537655860217272,-0.74,0.009999999999999787,0.007151658840428181,0.011619512663959122,26.0,65.0,0.10595172922332917,250.0000000001389,0.7158197522703028,7.29,108.42390721285285,122.4073571982826,0.0,nan
pd,10.0,1.0,esn,73,"demo_00_filtered -2.5,+2.5 deg",,0.029705623068677686,False,nan,False,nan,0.0,False,1.3811686924871822,152.9420181514832,70.04436319250507,125.05924465440363,2.686623933159097,-0.74,nan,2.7040467475297434,0.011619512663959122,32.0,65.0,238.1228103876547,3668.713402752467,82.64811747058253,nan,1828.634981428966,6915449.856670388,0.0,nan
pd,10.0,1.0,replay,73,"demo_00_filtered -2.5,+2.5 deg",demo_00_filtered,0.005889184044602665,True,7.29,False,0.0063313997928247925,2.000000000000001,True,0.005934010027299314,0.06334238809137074,0.029009537670400834,0.14511540959398853,0.027047699455166028,-0.74,0.009999999999999787,0.007516466111091654,0.011619512663959122,26.0,65.0,0.12268293218057608,250.00000000014848,0.7776120079958254,7.29,108.42390721285285,124.45253709545123,0.0,nan
pd,10.0,1.0,esn,74,"demo_00_filtered -2.5,+5 deg",,0.05745363270756628,False,nan,False,nan,0.0,False,1.216552506059644,163.77570365660148,35.702869834588356,137.38341807653637,2.6892831149440375,-0.74,nan,3.13988478404199,0.011619512663959122,46.0,65.0,154.35274353919746,3621.5853895374125,59.38344850040282,nan,1716.3093228019563,2313969.218126385,0.0,nan
pd,10.0,1.0,replay,74,"demo_00_filtered -2.5,+5 deg",demo_00_filtered,0.008303929260477632,True,7.29,False,0.0063313997928247925,2.000000000000001,True,0.005934010027299314,0.08720549358483866,0.019010673236664957,0.2051698224871291,0.06031296767422525,-0.74,0.009999999999999787,0.00844421497107899,0.011619512663959122,20.0,65.0,0.16691784654564615,500.0000000002842,1.1322420717183648,7.29,108.42390721285285,131.36077327034565,0.0,nan
pd,10.0,1.0,esn,75,"demo_00_filtered -2.5,+7.5 deg",,0.08498297560429884,False,nan,False,nan,0.0,False,1.216552506059644,174.61056861047447,24.73900987952345,144.43440486346083,2.6777020958124966,-0.74,nan,2.8613936392899455,0.011619512663959122,42.0,65.0,153.42689672119604,3765.589543013721,57.26025159960717,nan,1633.1197248527346,2105065.4558194345,0.0,nan
pd,10.0,1.0,replay,75,"demo_00_filtered -2.5,+7.5 deg",demo_00_filtered,0.011558060042995066,True,7.29,False,0.0063313997928247925,2.000000000000001,True,0.005934010027299314,0.10354393344478618,0.014670213909959293,0.2786089812463383,0.09490878436960798,-0.74,0.009999999999999787,0.009778555015302233,0.011619512663959122,19.0,65.0,0.222803287596187,750.0000000004198,1.5973809048838234,7.29,108.42390721285285,143.13363904605657,0.0,nan
pd,10.0,1.0,esn,76,"demo_00_filtered -2.5,+10 deg",,0.11208270501999916,False,nan,False,nan,0.0,False,1.216552506059644,171.95888783914037,18.017137428135698,142.2757045844824,2.6783529451030215,-0.74,nan,3.0566049672509785,0.011619512663959122,46.0,65.0,160.74207134133022,5018.107510814667,58.8661079007427,nan,2176.3312925455593,2416521.1183979777,0.0,nan
pd,10.0,1.0,replay,76,"demo_00_filtered -2.5,+10 deg",demo_00_filtered,0.015150032362974441,True,7.29,False,0.0063313997928247925,2.000000000000001,True,0.005934010027299314,0.11658599947485715,0.012215396372533075,0.35719302074603687,0.12961701894314578,-0.74,0.009999999999999787,0.01137837568643938,0.011619512663959122,16.0,65.0,0.2834412262931428,1000.0000000005556,2.102861844999981,7.29,108.42390721285285,159.78253704312493,0.0,nan
pd,10.0,1.0,esn,77,"demo_00_filtered -2.5,+12.5 deg",,0.138584961210887,False,nan,False,nan,0.0,False,1.216552506059644,172.49303710138932,14.331387911641755,142.59121381410267,2.6822368299217785,-0.74,nan,3.1022891553738403,0.011619512663959122,46.0,65.0,161.32557349974832,6295.04494769982,57.92606323367225,nan,2730.1334772390696,2451977.714228297,0.0,nan
pd,10.0,1.0,replay,77,"demo_00_filtered -2.5,+12.5 deg",demo_00_filtered,0.01891825126713297,True,7.29,False,0.0063313997928247925,2.000000000000001,True,0.005934010027299314,0.13060818537008326,0.010851432616807932,0.43805663463797107,0.1644905456953415,-0.74,0.009999999999999787,0.013146970684865141,0.011619512663959122,13.0,65.0,0.346222796786604,1250.0000000007042,2.6272334354157003,7.29,108.42390721285285,181.3287179593487,0.0,nan
pd,10.0,1.0,esn,78,"demo_00_filtered -2.5,+15 deg",,0.16428790840993837,False,nan,False,nan,0.0,False,1.216552506059644,172.14726370350257,11.847158474226871,142.24821927278015,2.6826134677181215,-0.74,nan,3.110658417893813,0.011619512663959122,44.0,65.0,162.00544691629574,7595.914293839728,58.1615079323784,nan,3294.3148263664307,2536320.5165573778,0.0,nan
pd,10.0,1.0,replay,78,"demo_00_filtered -2.5,+15 deg",demo_00_filtered,0.02280443816487666,True,7.29,False,0.0063313997928247925,2.000000000000001,True,0.005934010027299314,0.14931476517004041,0.010275828075653857,0.5200173607866131,0.1993937247274077,-0.74,0.009999999999999787,0.015023798194791747,0.011619512663959122,11.0,65.0,0.4100262469902526,1500.0000000008397,3.1626391521642234,7.29,108.42390721285285,207.8031230100669,0.0,nan
pd,10.0,1.0,esn,79,"demo_00_filtered +0,-15 deg",,0.17447979295414756,False,nan,False,nan,0.0,False,1.216552506059644,160.37070586415402,13.926266480811185,133.5866904701325,2.68633185035658,-0.74,nan,3.3863077995808957,0.011619512663959122,58.0,65.0,155.8948575678041,6886.19110542229,57.61636881941174,nan,2877.889703285425,2551541.218920913,0.0,nan
pd,10.0,1.0,replay,79,"demo_00_filtered +0,-15 deg",demo_00_filtered,0.023939852447719335,True,7.29,False,0.0063313997928247925,2.000000000000001,True,0.005934010027299314,0.17494005361048479,0.015191439057521527,0.5087528292004885,0.19088242309510517,-0.74,0.009999999999999787,0.01483152763957382,0.011619512663959122,10.0,65.0,0.39968001285825316,1500.0000000008336,3.300209074826945,7.29,93.20058205649715,95.45850054308825,0.0,nan
pd,10.0,1.0,esn,80,"demo_00_filtered +0,-12.5 deg",,0.14482196249566673,False,nan,False,nan,0.0,False,1.216552506059644,162.29553318961305,17.114489943104974,135.62048429957676,2.698293085274805,-0.74,nan,3.387244952416268,0.011619512663959122,51.0,65.0,154.68789853890144,5792.38921602613,65.78812422190327,nan,2420.8598705208838,2492599.7218128517,0.0,nan
pd,10.0,1.0,replay,80,"demo_00_filtered +0,-12.5 deg",demo_00_filtered,0.019931043850880546,True,7.29,False,0.0063313997928247925,2.000000000000001,True,0.005934010027299314,0.149991365951135,0.01581698321372882,0.42760507439229856,0.15606301436626746,-0.74,0.009999999999999787,0.012933911360981355,0.011619512663959122,13.0,65.0,0.3373281307116952,1250.0000000006978,2.751187218514801,7.29,77.66715171374764,69.56273885963269,0.0,nan
pd,10.0,1.0,esn,81,"demo_00_filtered +0,-10 deg",,0.1154300552740525,False,nan,False,nan,0.0,False,1.216552506059644,162.66472827290139,22.182395365651075,135.2950517708147,2.6890665745797557,-0.74,nan,3.3446243668095454,0.011619512663959122,55.0,65.0,155.73512623329714,4677.160543747784,59.1804582118639,nan,1955.6155238772442,2406179.3671646076,0.0,nan
pd,10.0,1.0,replay,81,"demo_00_filtered +0,-10 deg",demo_00_filtered,0.015939603116850467,True,7.29,False,0.0063313997928247925,2.000000000000001,True,0.005934010027299314,0.1250649438910904,0.01705495752662995,0.3468933896832469,0.12147668558465069,-0.74,0.009999999999999787,0.011129554670292327,0.011619512663959122,15.0,65.0,0.2754654945939026,1000.0000000005556,2.2022219886154666,7.29,62.13372137099813,48.45679943583875,0.0,nan
pd,10.0,1.0,esn,82,"demo_00_filtered +0,-7.5 deg",,0.0862730177988234,False,nan,False,nan,0.0,False,1.216552506059644,162.44421750657764,31.412967375985662,135.56282284971243,2.6781897991876487,-0.74,nan,3.293691325643269,0.011619512663959122,49.0,65.0,160.42957927106215,3699.8394359942536,61.07318590734152,nan,1725.3892635424859,2676806.935019262,0.0,nan
pd,10.0,1.0,replay,82,"demo_00_filtered +0,-7.5 deg",demo_00_filtered,0.011958121935428882,True,7.29,False,0.0063313997928247925,2.000000000000001,True,0.005934010027299314,0.1007299580365846,0.01947885208939193,0.26738041644759214,0.0869719753350194,-0.74,0.009999999999999787,0.00948031098750676,0.011619512663959122,18.0,65.0,0.21492906311569487,750.0000000004198,1.6529582841920565,7.29,46.60029102824861,32.09532793543442,0.0,nan
pd,10.0,1.0,esn,83,"demo_00_filtered +0,-5 deg",,0.05732938382334074,False,nan,False,nan,0.0,False,1.2165525060596438,162.18593037116972,51.838916893196846,130.8301954117786,2.6867236870707925,-0.74,nan,2.783918875686069,0.011619512663959122,36.0,65.0,246.39418707491137,3653.312675408504,82.22380987799305,nan,1825.6293680174113,7473870.990930563,0.0,nan
pd,10.0,1.0,replay,83,"demo_00_filtered +0,-5 deg",demo_00_filtered,0.007979218487974806,True,7.29,False,0.0063313997928247925,2.000000000000001,True,0.005934010027299314,0.07705084961650037,0.024627491303832533,0.19099067081986207,0.053198280730715815,-0.74,0.009999999999999787,0.008090541842459055,0.011619512663959122,19.0,65.0,0.1577166112057423,500.0000000002842,1.103050475366524,7.29,31.066860685499027,20.440614616227617,0.0,nan
pd,10.0,1.0,esn,84,"demo_00_filtered +0,-2.5 deg",,0.028589593507500486,False,nan,False,nan,0.0,False,1.216552506059644,150.91671532021203,129.78145842545823,128.2540508052954,2.703731474376971,-0.74,nan,3.561875745199195,0.011619512663959122,59.0,65.0,162.45031708545054,3694.0145469866848,70.86164698341295,nan,1914.7315866309686,2747330.7934753806,0.0,nan
pd,10.0,1.0,replay,84,"demo_00_filtered +0,-2.5 deg",demo_00_filtered,0.003995577786576934,True,7.29,False,0.0063313997928247925,2.000000000000001,True,0.005934010027299314,0.0549146496947127,0.047224081912869885,0.12414685867376364,0.019164954969740734,-0.73,0.009999999999999787,0.007122643325258005,0.011619512663959122,26.0,65.0,0.10968951946675921,250.00000000014848,0.5521677743187301,7.29,15.533430342749513,13.462862207567913,0.0,nan
pd,10.0,1.0,esn,85,"demo_00_filtered +0,+2.5 deg",,0.028240121067022395,False,nan,False,nan,0.0,False,1.5641649837590226,153.77168463013433,64.53265300976238,127.04890268523307,2.6864090100266753,-0.74,nan,2.789989847379914,0.011619512663959122,35.0,65.0,244.2407400034054,3761.7420178539537,82.32394584200394,nan,1825.0029747743765,7345771.146732639,0.0,nan
pd,10.0,1.0,replay,85,"demo_00_filtered +0,+2.5 deg",demo_00_filtered,0.004014541558297656,True,7.29,False,0.0063313997928247925,2.000000000000001,True,0.005934010027299314,0.06399914083212227,0.026858223984319328,0.1242166003391114,0.03490381605529781,-0.73,0.009999999999999787,0.007123618290894946,0.011619512663959122,26.0,65.0,0.10976185649999665,250.00000000014848,0.5537362722391124,7.29,15.533430342749513,13.460555677470783,0.0,nan
pd,10.0,1.0,esn,86,"demo_00_filtered +0,+5 deg",,0.056261882982828894,False,nan,False,nan,0.0,False,1.216552506059644,172.12134930818362,36.495821591827976,142.91077010654405,2.670503533031111,-0.74,nan,2.9830777275771543,0.011619512663959122,42.0,65.0,156.0953346582848,3475.936238293471,57.57967788969873,nan,1696.2850819237995,2273772.6016892865,0.0,nan
pd,10.0,1.0,replay,86,"demo_00_filtered +0,+5 deg",demo_00_filtered,0.008054831173399397,True,7.29,False,0.0063313997928247925,2.000000000000001,True,0.005934010027299314,0.08618816891206113,0.0182749440937096,0.19122456377353358,0.06979101978453763,-0.74,0.009999999999999787,0.008100059126779455,0.011619512663959122,19.0,65.0,0.15797410627913283,500.0000000002842,1.1092912041950707,7.29,31.066860685499027,20.41899782803373,0.0,nan
pd,10.0,1.0,esn,87,"demo_00_filtered +0,+7.5 deg",,0.0839347368978736,False,nan,False,nan,0.0,False,1.216552506059644,171.553234226041,23.953361709367176,141.9931459117966,2.6764432683620685,-0.74,nan,3.068167727980564,0.011619512663959122,42.0,65.0,162.90322459481712,3723.602300660366,61.764923369642695,nan,1804.484051722711,2457172.849189652,0.0,nan
pd,10.0,1.0,replay,87,"demo_00_filtered +0,+7.5 deg",demo_00_filtered,0.01212732876140278,True,7.29,False,0.0063313997928247925,2.000000000000001,True,0.005934010027299314,0.09885040717283912,0.01380212718700128,0.26789054562451237,0.10464500676822885,-0.74,0.009999999999999787,0.009508924753468023,0.011619512663959122,19.0,65.0,0.215504444846874,750.0000000004198,1.666874883768343,7.29,46.60029102824854,32.021142120191286,0.0,nan
pd,10.0,1.0,esn,88,"demo_00_filtered +0,+10 deg",,0.11115420538205574,False,nan,False,nan,0.0,False,1.216552506059644,172.07406632234105,17.859874750353985,142.39303372785886,2.680397232191638,-0.74,nan,3.0242787765807515,0.011619512663959122,46.0,65.0,159.09037637966625,5003.546805308546,57.63884792065997,nan,2118.8181644435017,2354300.9676094675,0.0,nan
pd,10.0,1.0,replay,88,"demo_00_filtered +0,+10 deg",demo_00_filtered,0.01623807404771084,True,7.29,False,0.0063313997928247925,2.000000000000001,True,0.005934010027299314,0.11280014984938974,0.011707729068001334,0.3477992506169104,0.1390275095674234,-0.74,0.009999999999999787,0.011187683233572193,0.011619512663959122,15.0,65.0,0.2764985186614112,1000.0000000005556,2.226650291426725,7.29,62.13372137099805,48.28197307347964,0.0,nan
pd,10.0,1.0,esn,89,"demo_00_filtered +0,+12.5 deg",,0.13777614130510382,False,nan,False,nan,0.0,False,1.216552506059644,172.5037199836495,14.238025233445844,142.6327330504967,2.681813796674868,-0.74,nan,3.104717787428656,0.011619512663959122,45.0,65.0,158.68603292165773,6301.149758560673,57.958494743455375,nan,2675.4919094772795,2381307.753098052,0.0,nan
pd,10.0,1.0,replay,89,"demo_00_filtered +0,+12.5 deg",demo_00_filtered,0.020392576223215813,True,7.29,False,0.0063313997928247925,2.000000000000001,True,0.005934010027299314,0.13163627533327818,0.010864928652029572,0.42903553612036843,0.17314011054641334,-0.74,0.009999999999999787,0.013030987722279778,0.011619512663959122,13.0,65.0,0.33896905458003884,1250.0000000007042,2.7887261626602395,7.29,77.66715171374771,69.22641081362282,0.0,nan
pd,10.0,1.0,esn,90,"demo_00_filtered +0,+15 deg",,0.1636082580185004,False,nan,False,nan,0.0,False,1.216552506059644,172.0838696787975,11.789198724484354,142.3329581385062,2.686948000589454,-0.74,nan,3.1280284054339176,0.011619512663959122,44.0,65.0,160.17931360840646,7615.321363878754,58.40236975246274,nan,3242.5222624532,2471648.505740415,0.0,nan
pd,10.0,1.0,replay,90,"demo_00_filtered +0,+15 deg",demo_00_filtered,0.024595689108406447,True,7.29,False,0.0063313997928247925,2.000000000000001,True,0.005934010027299314,0.15217765241206332,0.010425454687066267,0.510848820951903,0.20724771324218016,-0.74,0.009999999999999787,0.014975898542261952,0.011619512663959122,10.0,65.0,0.40209321293628675,1500.0000000008397,3.3531499085063072,7.29,93.20058205649723,94.88944875653418,0.0,nan
pd,10.0,1.0,esn,91,"demo_00_filtered +2.5,-15 deg",,0.17598920687679265,False,nan,False,nan,0.0,False,1.216552506059644,178.56032621583057,17.73246841746166,146.90303098152046,2.6651168964852943,-0.74,nan,2.7959046146245643,0.011619512663959122,34.0,65.0,153.63261381574893,6841.118979124656,58.43816240243599,nan,2966.9633976971586,2194302.1964171436,0.0,nan
pd,10.0,1.0,replay,91,"demo_00_filtered +2.5,-15 deg",demo_00_filtered,0.02433856775315347,True,7.29,False,0.0063313997928247925,2.000000000000001,True,0.005934010027299314,0.1689471896154906,0.016777807072632867,0.5072825448402581,0.16739678605345962,-0.74,0.009999999999999787,0.015297384329927475,0.011619512663959122,11.0,65.0,0.39536065951359634,1500.0000000008336,3.27599294234809,7.29,108.42390721285369,202.2470971295226,0.0,nan
pd,10.0,1.0,esn,92,"demo_00_filtered +2.5,-12.5 deg",,0.14633877498371525,False,nan,False,nan,0.0,False,1.2452391005870644,161.96747559560464,20.17163677233648,129.08086097955365,2.708568096599721,-0.74,nan,2.91432710141698,0.011619512663959122,37.0,65.0,247.52677235735285,5781.817500876268,82.54752256097412,nan,2507.548976945248,7570314.146922042,0.0,nan
pd,10.0,1.0,replay,92,"demo_00_filtered +2.5,-12.5 deg",demo_00_filtered,0.02028365360058751,True,7.29,False,0.0063313997928247925,2.000000000000001,True,0.005934010027299314,0.1435964398753829,0.017883684463904082,0.4275842480842455,0.1325352501222756,-0.74,0.009999999999999787,0.013352438832232524,0.011619512663959122,13.0,65.0,0.33418264814483745,1250.0000000006978,2.727444815487969,7.29,108.42390721285369,177.86154492637027,0.0,nan
pd,10.0,1.0,esn,93,"demo_00_filtered +2.5,-10 deg",,0.11695761634356339,False,nan,False,nan,0.0,False,1.2165525060596438,162.63874326779452,26.93252172377168,130.6714303886312,2.686417661343187,-0.74,nan,2.8238244459869373,0.011619512663959122,37.0,65.0,244.7543186307219,4703.317121811276,82.21582564582485,nan,2039.808076830427,7396537.34749028,0.0,nan
pd,10.0,1.0,replay,93,"demo_00_filtered +2.5,-10 deg",demo_00_filtered,0.01630555011905218,True,7.29,False,0.0063313997928247925,2.000000000000001,True,0.005934010027299314,0.1182696839034847,0.01958512939164453,0.34895303100208863,0.09763467360856345,-0.74,0.009999999999999787,0.011510955439534037,0.011619512663959122,17.0,65.0,0.273997904231864,1000.0000000005556,2.186841511089287,7.29,108.42390721285369,157.95216080369195,0.0,nan
pd,10.0,1.0,esn,94,"demo_00_filtered +2.5,-7.5 deg",,0.08782174839565121,False,nan,False,nan,0.0,False,1.2165525060596438,162.29003683606314,41.68370047376888,130.69897245758568,2.6861847804116588,-0.74,nan,2.7664836823660504,0.011619512663959122,36.0,65.0,245.4392799004378,3645.040578346305,82.06945329718897,nan,1829.5427827928593,7425005.591072335,0.0,nan
pd,10.0,1.0,replay,94,"demo_00_filtered +2.5,-7.5 deg",demo_00_filtered,0.012455843475430177,True,7.29,False,0.0063313997928247925,2.000000000000001,True,0.005934010027299314,0.09259223915186054,0.023782033932868492,0.2725859235558283,0.06275178300345485,-0.74,0.009999999999999787,0.00983806791155152,0.011619512663959122,19.0,65.0,0.21594717416928286,750.0000000004198,1.6616115640142917,7.29,108.42390721285369,142.48072563780116,0.0,nan
pd,10.0,1.0,esn,95,"demo_00_filtered +2.5,-5 deg",,0.05893172418993477,False,nan,False,nan,0.0,False,1.226903205287004,160.82861118295094,91.75112477220891,128.8285648201313,2.7009400649446023,-0.74,nan,2.9325141586340804,0.011619512663959122,38.0,65.0,246.58473083287763,3645.6573891254484,81.84366960122449,nan,1822.6494780905448,7402673.592779596,0.0,nan
pd,10.0,1.0,replay,95,"demo_00_filtered +2.5,-5 deg",demo_00_filtered,0.008885352009298337,True,7.29,False,0.0063313997928247925,2.000000000000001,True,0.005934010027299314,0.06790108745743334,0.038736895765323034,0.20137043550900638,0.028140949786096485,-0.74,0.009999999999999787,0.008441669960335001,0.011619512663959122,21.0,65.0,0.1626600594054292,500.0000000002842,1.1727636447123915,7.29,108.42390721285369,131.41574158689053,0.0,nan
pd,10.0,1.0,esn,96,"demo_00_filtered +2.5,-2.5 deg",,0.03038525941181177,False,nan,False,nan,0.0,False,1.216552506059644,157.53338485796533,471.2246879332772,134.31779618676566,2.6716049191490066,-0.74,nan,3.1006556351726404,0.011619512663959122,49.0,65.0,161.86668067887214,3460.54733924109,60.5393364872481,nan,1777.8975495013333,2541038.300483271,0.0,nan
pd,10.0,1.0,replay,96,"demo_00_filtered +2.5,-2.5 deg",demo_00_filtered,0.006099705288534631,True,7.29,False,0.0063313997928247925,2.000000000000001,True,0.005934010027299314,0.05158549062509893,0.15430606498815505,0.14350775759799925,0.01118305141609392,-0.74,0.009999999999999787,0.007484820238829004,0.011619512663959122,26.0,65.0,0.12094145139736057,250.00000000014848,0.7920738435907366,7.29,108.42390721285369,124.73282370282796,0.0,nan
pd,10.0,1.0,esn,97,"demo_00_filtered +2.5,+0 deg",,0.005439924913479298,False,nan,False,nan,0.0,False,1.3050381106123519,146.53465410172166,62.74117706481241,121.93611885518412,2.6867333483047346,-0.74,nan,2.9231643344247993,0.011619512663959122,32.0,65.0,226.50201752577323,3652.909100183724,82.23590378023844,nan,1825.0348531807613,6207613.231406794,0.0,nan
pd,10.0,1.0,replay,97,"demo_00_filtered +2.5,+0 deg",demo_00_filtered,0.005484972514952428,True,7.29,False,0.0063313997928247925,2.000000000000001,True,0.005934010027299314,0.05568459451990479,0.023842257832951616,0.12037108062244967,0.03897790632261277,-0.74,0.009999999999999787,0.007151548577320137,0.011619512663959122,26.0,65.0,0.10576454571444258,250.0000000001405,0.7212172011768917,7.29,108.42390721285369,122.41516600611315,0.0,nan
pd,10.0,1.0,esn,98,"demo_00_filtered +2.5,+2.5 deg",,0.027499897207172115,False,nan,False,nan,0.0,False,1.2165525060596438,157.35542498331301,44.50683522487671,128.31846244433254,2.686748271301563,-0.74,nan,2.7286460702890905,0.011619512663959122,33.0,65.0,240.21894276262532,3666.579167430487,82.58888399550966,nan,1819.9052708580707,7128222.891616852,0.0,nan
pd,10.0,1.0,replay,98,"demo_00_filtered +2.5,+2.5 deg",demo_00_filtered,0.007614449584642709,True,7.29,False,0.0063313997928247925,2.000000000000001,True,0.005934010027299314,0.07296445088326142,0.020637463202042784,0.1491788781794398,0.0602008378124066,-0.74,0.009999999999999787,0.007528434258818501,0.011619512663959122,22.0,65.0,0.12709853006605376,250.00000000014848,1.0286229691610913,7.29,108.42390721285369,124.45407596582257,0.0,nan
pd,10.0,1.0,esn,99,"demo_00_filtered +2.5,+5 deg",,0.0553210244309476,False,nan,False,nan,0.0,False,1.216552506059644,173.91139459064843,31.110216029318355,144.02641500513238,2.6844587963875304,-0.74,nan,2.862760073412948,0.011619512663959122,38.0,65.0,154.7624407732543,3457.713381156069,57.91125152350946,nan,1656.1158218256749,2153132.959911504,0.0,nan
pd,10.0,1.0,replay,99,"demo_00_filtered +2.5,+5 deg",demo_00_filtered,0.011022964974774285,True,7.29,False,0.0063313997928247925,2.000000000000001,True,0.005934010027299314,0.08469803790374551,0.015151245625090314,0.20946988860164092,0.08922641072168017,-0.74,0.009999999999999787,0.00852301410461267,0.011619512663959122,19.0,65.0,0.17181130219316965,500.0000000002842,1.4988244195802294,7.29,108.42390721285369,130.84956684123588,0.0,nan
pd,10.0,1.0,esn,100,"demo_00_filtered +2.5,+7.5 deg",,0.08297854952996737,False,nan,False,nan,0.0,False,1.216552506059644,171.88723440666462,21.742206457292866,142.26247818777483,2.6781303287095555,-0.74,nan,3.0688576215890335,0.011619512663959122,43.0,65.0,161.2759479223445,3916.253462890777,58.869513342668505,nan,1759.1407528453642,2398532.6453153393,0.0,nan
pd,10.0,1.0,replay,100,"demo_00_filtered +2.5,+7.5 deg",demo_00_filtered,0.014882361877300162,True,7.29,False,0.0063313997928247925,2.000000000000001,True,0.005934010027299314,0.10032429442487711,0.012690131001277772,0.2816296751650479,0.12085930655967744,-0.74,0.009999999999999787,0.009951340920257738,0.011619512663959122,17.0,65.0,0.22636589275219768,750.0000000004198,2.022741804039904,7.29,108.42390721285369,141.61099144145933,0.0,nan
pd,10.0,1.0,esn,101,"demo_00_filtered +2.5,+10 deg",,0.11023829920314908,False,nan,False,nan,0.0,False,1.216552506059644,171.89066498237113,16.76804587414944,142.30027033377343,2.681031377972383,-0.74,nan,3.0563678696460386,0.011619512663959122,45.0,65.0,156.7334400774214,5194.7876703663405,57.695439829562474,nan,2056.950778259297,2296240.206934324,0.0,nan
pd,10.0,1.0,replay,101,"demo_00_filtered +2.5,+10 deg",demo_00_filtered,0.018945429649840532,True,7.29,False,0.0063313997928247925,2.000000000000001,True,0.005934010027299314,0.11982171317616512,0.011688685848432613,0.3584595244947717,0.15345471447338688,-0.74,0.009999999999999787,0.01165328105286871,0.011619512663959122,15.0,65.0,0.2850509725972642,1000.0000000005556,2.5689754720934164,7.29,108.42390721285369,156.75769331184998,0.0,nan
pd,10.0,1.0,esn,102,"demo_00_filtered +2.5,+12.5 deg",,0.13693237333785324,False,nan,False,nan,0.0,False,1.216552506059644,172.85569082024116,13.701918767638121,143.0024773780835,2.685055179705573,-0.74,nan,3.1007198246381176,0.011619512663959122,45.0,65.0,155.7790166869515,6490.981863850279,58.46572849193348,nan,2616.4879688052674,2275170.7611349477,0.0,nan
pd,10.0,1.0,replay,102,"demo_00_filtered +2.5,+12.5 deg",demo_00_filtered,0.02313050949319644,True,7.29,False,0.0063313997928247925,2.000000000000001,True,0.005934010027299314,0.1405799750847631,0.011143488477745031,0.43738892718388334,0.18646303705089487,-0.74,0.009999999999999787,0.013523201909470038,0.011619512663959122,11.0,65.0,0.3456355536014545,1250.0000000007042,3.1269069129678617,7.29,108.42390721285369,176.31964200250565,0.0,nan
pd,10.0,1.0,esn,103,"demo_00_filtered +2.5,+15 deg",,0.16286229159069612,False,nan,False,nan,0.0,False,1.216552506059644,172.71116597856235,11.495858512427137,142.74897089032362,2.6832578135544973,-0.74,nan,3.1173304400235997,0.011619512663959122,45.0,65.0,157.71571992788992,7803.747119643121,57.46719026725436,nan,3186.3538382192232,2391236.8614635426,0.0,nan
pd,10.0,1.0,replay,103,"demo_00_filtered +2.5,+15 deg",demo_00_filtered,0.027405805790768786,True,7.29,False,0.0063313997928247925,2.000000000000001,True,0.005934010027299314,0.16228668621132913,0.010801992868067772,0.5173337636718566,0.21964962606905003,-0.74,0.009999999999999787,0.015496903212671389,0.011619512663959122,10.0,65.0,0.40712987526284816,1500.0000000008397,3.6920868174527635,7.29,108.42390721285369,200.33800789755284,0.0,nan
pd,10.0,1.0,esn,104,"demo_00_filtered +5,-15 deg",,0.17787856071232758,False,nan,False,nan,0.0,False,1.216552506059644,177.21061518666562,20.54030954785727,145.7179529854581,2.6759847083214,-0.74,nan,2.8961161830283837,0.011619512663959122,38.0,65.0,157.19727024037212,7056.4604825730785,57.36536739176384,nan,3060.3560664529805,2260297.3395305965,0.0,nan
pd,10.0,1.0,replay,104,"demo_00_filtered +5,-15 deg",demo_00_filtered,0.02588033334185536,True,7.29,False,0.0063313997928247925,2.000000000000001,True,0.005934010027299314,0.15966863140303683,0.018507035318660076,0.518450958211511,0.14689295922299517,-0.74,0.009999999999999787,0.015916303850690774,0.011619512663959122,11.0,65.0,0.4005411473379169,1500.0000000008336,3.3955323080381974,7.29,216.84781442570699,533.8687501249575,0.0,nan
pd,10.0,1.0,esn,105,"demo_00_filtered +5,-12.5 deg",,0.1482669899838679,False,nan,False,nan,0.0,False,1.216552506059644,165.28362464943643,24.932786830429812,136.96041378502426,2.6770086238386783,-0.74,nan,3.315326612658706,0.011619512663959122,52.0,65.0,164.77399971167682,5991.63555448392,64.42685656351934,nan,2598.5461496489465,2724306.9764968175,0.0,nan
pd,10.0,1.0,replay,105,"demo_00_filtered +5,-12.5 deg",demo_00_filtered,0.02200215685255358,True,7.29,False,0.0063313997928247925,2.000000000000001,True,0.005934010027299314,0.1327529153221917,0.020025578128907467,0.441717683347443,0.11221841544428503,-0.74,0.009999999999999787,0.013977453770429518,0.011619512663959122,14.0,65.0,0.34135963673184755,1250.0000000006978,2.8772854161292556,7.29,216.84781442570699,510.7481644348828,0.0,nan
pd,10.0,1.0,esn,106,"demo_00_filtered +5,-10 deg",,0.11894301506220334,False,nan,False,nan,0.0,False,1.2307984108481818,161.35980808613817,35.715594489530375,129.02317637614019,2.700158875379722,-0.74,nan,2.890121466750593,0.011619512663959122,38.0,65.0,247.1097304344958,4907.3501218410665,82.41039938140224,nan,2128.2962970847393,7520675.770948611,0.0,nan
pd,10.0,1.0,replay,106,"demo_00_filtered +5,-10 deg",demo_00_filtered,0.01834374066220347,True,7.29,False,0.0063313997928247925,2.000000000000001,True,0.005934010027299314,0.10603462000734985,0.023469843791660328,0.3675819130434302,0.07808047452852551,-0.74,0.009999999999999787,0.012168224214887174,0.011619512663959122,17.0,65.0,0.2843769609381072,1000.0000000005556,2.387329758072392,7.29,216.84781442570699,491.7354378873211,0.0,nan
pd,10.0,1.0,esn,107,"demo_00_filtered +5,-7.5 deg",,0.08990366213164781,True,0.38,True,1.2165525060596438,2.0,False,1.2206682377110385,27.461553646905635,10.924656853581226,128.70558263005947,0.6781065808016545,-0.74,-6.9,1.2933789472627737,0.011619512663959122,1.0,65.0,248.64887530909598,3827.185447748248,81.74883420633141,nan,1830.2344055411972,7559124.376272936,0.0,nan
pd,10.0,1.0,replay,107,"demo_00_filtered +5,-7.5 deg",demo_00_filtered,0.015048968797120066,True,7.29,False,0.0063313997928247925,2.000000000000001,True,0.005934010027299314,0.08086821191509092,0.03217070224410281,0.2981444289999191,0.04361322140912785,-0.74,0.009999999999999787,0.010560561269285068,0.011619512663959122,19.0,65.0,0.23140154686259426,750.0000000004198,1.9468980500178286,7.29,216.84781442570699,476.79882490481816,0.0,nan
pd,10.0,1.0,esn,108,"demo_00_filtered +5,-5 deg",,0.06121006152436354,False,nan,False,nan,0.0,False,1.334563289184038,158.30748197698327,285.33926348311564,127.23352084588615,2.68680515945297,-0.74,nan,2.781467350864403,0.011619512663959122,32.0,65.0,248.03325871237723,4052.9284232928953,82.43294137874123,nan,1866.2055018483377,7504599.760819431,0.0,nan
pd,10.0,1.0,replay,108,"demo_00_filtered +5,-5 deg",demo_00_filtered,0.012400156209771479,True,7.29,False,0.0063313997928247925,2.000000000000001,True,0.005934010027299314,0.05907887897372225,0.10648595760130272,0.23770506857360993,0.01063802107893413,-0.74,0.009999999999999787,0.00926498517322772,0.011619512663959122,19.0,65.0,0.18605294721268317,500.0000000002842,1.5976569839722115,7.29,216.84781442570699,465.9123990808294,0.0,nan
pd,10.0,1.0,esn,109,"demo_00_filtered +5,-2.5 deg",,0.03322127578684207,False,nan,False,nan,0.0,False,1.216552506059644,156.45702698025227,93.30329975115181,133.58724680596612,2.6841595071359894,-0.74,nan,3.1048918242148718,0.011619512663959122,45.0,65.0,161.1229307117461,3471.779709714737,63.73213826859234,nan,1829.0725140301372,2526079.4249785244,0.0,nan
pd,10.0,1.0,replay,109,"demo_00_filtered +5,-2.5 deg",demo_00_filtered,0.01087866580520188,True,7.29,False,0.0063313997928247925,2.000000000000001,True,0.005934010027299314,0.051918816412845896,0.030961836511850676,0.19493404747965828,0.026538549359809885,-0.74,0.009999999999999787,0.008430945014683514,0.011619512663959122,19.0,65.0,0.1552865754902891,500.00000000027944,1.4097969761287716,7.29,216.84781442570699,459.0566150129702,0.0,nan
pd,10.0,1.0,esn,110,"demo_00_filtered +5,+0 deg",,0.010986612409787521,False,nan,False,nan,0.0,False,1.216552506059644,159.42278098763336,42.198184013216355,135.09798486251273,2.679989619853064,-0.74,nan,3.15275899065029,0.011619512663959122,48.0,65.0,164.2186884928336,3548.757626390588,72.12235262190318,nan,1971.3940382798523,2606187.877353996,0.0,nan
pd,10.0,1.0,replay,110,"demo_00_filtered +5,+0 deg",demo_00_filtered,0.010973925656898439,True,7.29,False,0.0063313997928247925,2.000000000000001,True,0.005934010027299314,0.07094864534049622,0.018779649765355216,0.18273305031195375,0.06051514677916187,-0.74,0.009999999999999787,0.008203446752996104,0.011619512663959122,19.0,65.0,0.14850355175681174,500.00000000027944,1.448648712728402,7.29,216.84781442570699,456.2189800994222,0.0,nan
pd,10.0,1.0,esn,111,"demo_00_filtered +5,+2.5 deg",,0.027631537420143557,False,nan,False,nan,0.0,False,1.216552506059644,161.10567237550353,28.819458799394873,134.5038633750771,2.695993978939594,-0.74,nan,3.346737402142302,0.011619512663959122,57.0,65.0,159.99047597725266,3600.8055568610357,62.664793087215,nan,1696.0144398901434,2570536.105899349,0.0,nan
pd,10.0,1.0,replay,111,"demo_00_filtered +5,+2.5 deg",demo_00_filtered,0.012666763996948062,True,7.29,False,0.0063313997928247925,2.000000000000001,True,0.005934010027299314,0.08020682624428246,0.01434783325933838,0.20655778263591879,0.09422484798209368,-0.74,0.009999999999999787,0.008631865933416754,0.011619512663959122,19.0,65.0,0.16858343647833374,500.00000000027944,1.6999422524749035,7.29,216.84781442570699,457.39483726230355,0.0,nan
pd,10.0,1.0,esn,112,"demo_00_filtered +5,+5 deg",,0.05468911481382164,False,nan,False,nan,0.0,False,1.216552506059644,174.55472512659324,24.685765965033596,144.4638997293446,2.6789535084068117,-0.74,nan,2.8562818879171403,0.011619512663959122,42.0,65.0,152.35960744515594,3461.243056168471,57.98843778425096,nan,1615.8963652800949,2058498.9405283502,0.0,nan
pd,10.0,1.0,replay,112,"demo_00_filtered +5,+5 deg",demo_00_filtered,0.015461496390451183,True,7.29,False,0.0063313997928247925,2.000000000000001,True,0.005934010027299314,0.0947813266778743,0.013404103764756476,0.25647782324744145,0.11840443716586918,-0.74,0.009999999999999787,0.009628671460987889,0.011619512663959122,17.0,65.0,0.20778775031063773,500.0000000002842,2.0895177579704476,7.29,216.84781442570699,462.5882558442457,0.0,nan
pd,10.0,1.0,esn,113,"demo_00_filtered +5,+7.5 deg",,0.08214762429552154,False,nan,False,nan,0.0,False,1.216552506059644,171.53604655224888,19.03021573644651,142.0746424589642,2.6765347938125625,-0.74,nan,3.0210242340018376,0.011619512663959122,44.0,65.0,157.27154703660887,4105.242840031016,57.44210328439533,nan,1637.8038745536196,2289597.473301982,0.0,nan
pd,10.0,1.0,replay,113,"demo_00_filtered +5,+7.5 deg",demo_00_filtered,0.01889739721727384,True,7.29,False,0.0063313997928247925,2.000000000000001,True,0.005934010027299314,0.11369660602130063,0.012613505934031613,0.32041228966314533,0.14529662439833216,-0.74,0.009999999999999787,0.011039199951235977,0.011619512663959122,15.0,65.0,0.25739851532511704,750.0000000004198,2.555930112383875,7.29,216.84781442570699,471.813022466437,0.0,nan
pd,10.0,1.0,esn,114,"demo_00_filtered +5,+10 deg",,0.10935745376141294,False,nan,False,nan,0.0,False,1.216552506059644,171.5031203123745,15.339705414871787,142.09072153621284,2.6836012001239222,-0.74,nan,3.0476230389449923,0.011619512663959122,43.0,65.0,155.72216557534458,5382.354450064921,58.810815960641364,nan,1990.8165900560878,2269074.2817124585,0.0,nan
pd,10.0,1.0,replay,114,"demo_00_filtered +5,+10 deg",demo_00_filtered,0.022707651658525955,True,7.29,False,0.0063313997928247925,2.000000000000001,True,0.005934010027299314,0.1349569097138344,0.012070912966137427,0.3914271982166567,0.17429161346317143,-0.74,0.009999999999999787,0.01272372303764475,0.011619512663959122,13.0,65.0,0.3123519968276695,1000.0000000005556,3.0651799885685818,7.29,216.84781442570699,485.0937160182696,0.0,nan
pd,10.0,1.0,esn,115,"demo_00_filtered +5,+12.5 deg",,0.1360701970261562,False,nan,False,nan,0.0,False,1.216552506059644,171.8185063158076,12.762358254155915,142.3660825043944,2.686769025612955,-0.74,nan,3.0816306981159634,0.011619512663959122,43.0,65.0,153.52982818570703,6677.109837783455,59.354166473234244,nan,2553.202152249942,2233712.005808585,0.0,nan
pd,10.0,1.0,replay,115,"demo_00_filtered +5,+12.5 deg",demo_00_filtered,0.02675471490570827,True,7.29,False,0.0063313997928247925,2.000000000000001,True,0.005934010027299314,0.1573317999058851,0.011686312715811028,0.46616080242758023,0.2044537695868019,-0.74,0.009999999999999787,0.014583815947323298,0.011619512663959122,10.0,65.0,0.3701191666946661,1250.0000000007042,3.599837572194706,7.29,216.84781442570699,502.4668407631646,0.0,nan
pd,10.0,1.0,esn,116,"demo_00_filtered +5,+15 deg",,0.16206274126011752,False,nan,False,nan,0.0,False,1.216552506059644,172.03689245318162,10.880568434589721,142.4025487183978,2.687915842988292,-0.74,nan,3.1268954677465186,0.011619512663959122,41.0,65.0,157.653401382315,7988.420617397664,59.164830670951446,nan,3125.8833176360163,2386320.6902468624,0.0,nan
pd,10.0,1.0,replay,116,"demo_00_filtered +5,+15 deg",demo_00_filtered,0.030966730346510252,True,7.29,False,0.0063313997928247925,2.000000000000001,True,0.005934010027299314,0.1803566298348266,0.011406754827798595,0.5429362606580294,0.23528853643134554,-0.74,0.009999999999999787,0.016555847038969455,0.011619512663959122,8.0,65.0,0.4294013029160935,1500.0000000008397,4.150607217363148,7.29,216.84781442570699,523.9819784638785,0.0,nan
pd,10.0,1.0,esn,117,"demo_00_filtered +7.5,-15 deg",,0.1801427824263398,False,nan,False,nan,0.0,False,1.216552506059644,174.07557320150266,24.584918341324574,143.195470412265,2.684091741756482,-0.74,nan,3.1388160273570938,0.011619512663959122,44.0,65.0,165.7883033479428,7281.392609077688,70.5207287584219,nan,3157.908146506228,2606340.5101111024,0.0,nan
pd,10.0,1.0,replay,117,"demo_00_filtered +7.5,-15 deg",demo_00_filtered,0.02837911645611054,True,7.29,False,0.0063313997928247925,2.000000000000001,True,0.005934010027299314,0.14783420958271554,0.02087881661856249,0.5397502584608413,0.1219671312278732,-0.74,0.009999999999999787,0.01666867462439574,0.011619512663959122,11.0,65.0,0.41277708226706644,1500.0000000008336,3.645547903232564,7.29,325.2717216385602,1090.427502387294,0.0,nan
pd,10.0,1.0,esn,118,"demo_00_filtered +7.5,-12.5 deg",,0.15060080221956837,False,nan,False,nan,0.0,False,1.216552506059644,180.02879455326092,35.298099094265986,147.82323695209513,2.6809340646397146,-0.74,nan,2.7289702126524125,0.011619512663959122,34.0,65.0,153.05086119938076,6211.03026274375,58.18478105096752,nan,2693.6966756143142,2089072.4902869435,0.0,nan
pd,10.0,1.0,replay,118,"demo_00_filtered +7.5,-12.5 deg",demo_00_filtered,0.02480414520839634,True,7.29,False,0.0063313997928247925,2.000000000000001,True,0.005934010027299314,0.11847236056016093,0.023228779225908682,0.4672922138289385,0.08708369285910866,-0.74,0.009999999999999787,0.014783173008385032,0.011619512663959122,13.0,65.0,0.3564993422219581,1250.0000000006978,3.17769294276436,7.29,325.2717216385602,1068.3001533196482,0.0,nan
pd,10.0,1.0,esn,119,"demo_00_filtered +7.5,-10 deg",,0.12137817386419418,False,nan,False,nan,0.0,False,1.216552506059644,167.50215763936154,53.375750286306165,138.75640785254166,2.697826921866467,-0.74,nan,3.334534863060081,0.011619512663959122,53.0,65.0,156.82436037065634,5120.94391527653,69.01255169179949,nan,2220.9309916474394,2417027.6301579894,0.0,nan
pd,10.0,1.0,replay,119,"demo_00_filtered +7.5,-10 deg",demo_00_filtered,0.021585848635504355,True,7.29,False,0.0063313997928247925,2.000000000000001,True,0.005934010027299314,0.09056502673446164,0.028859187963769396,0.39949998537136605,0.052180173001104814,-0.74,0.009999999999999787,0.013063877070401452,0.011619512663959122,15.0,65.0,0.3042129532894339,1000.0000000005556,2.7593030375663723,7.29,325.2717216385602,1049.8572303003725,0.0,nan
pd,10.0,1.0,esn,120,"demo_00_filtered +7.5,-7.5 deg",,0.09250395195954433,False,nan,False,nan,0.0,False,1.2687214456829454,160.3105361827413,150.09113314698175,128.36202776981733,2.6847885380781955,-0.74,nan,2.7921732800142367,0.011619512663959122,35.0,65.0,246.62446197760443,4009.807768560977,81.78905383080162,nan,1823.8611189652488,7454670.917608745,0.0,nan
pd,10.0,1.0,replay,120,"demo_00_filtered +7.5,-7.5 deg",demo_00_filtered,0.018894499659905174,True,7.29,False,0.0063313997928247925,2.000000000000001,True,0.005934010027299314,0.06616790885906716,0.061949867145992224,0.339226247201231,0.017402200569617703,-0.74,0.009999999999999787,0.01158846495889327,0.011619512663959122,17.0,65.0,0.25839760817108726,750.0000000004198,2.4160544197348908,7.29,325.2717216385602,1035.0728517846583,0.0,nan
pd,10.0,1.0,esn,121,"demo_00_filtered +7.5,-5 deg",,0.06412579998702818,False,nan,False,nan,0.0,False,1.2165525060596438,155.30751309709458,166.06363390026354,126.88815168043753,2.686834266218024,-0.74,nan,2.771265340809834,0.011619512663959122,33.0,65.0,240.3580070602486,3656.2499441753607,82.30219791145973,nan,1821.9942092279714,7128973.245494291,0.0,nan
pd,10.0,1.0,replay,121,"demo_00_filtered +7.5,-5 deg",demo_00_filtered,0.01697569271948026,True,7.29,False,0.0063313997928247925,2.000000000000001,True,0.005934010027299314,0.05381053556549264,0.057537287797136516,0.29119617851509916,0.018770300743968918,-0.74,0.009999999999999787,0.010463755651836586,0.011619512663959122,17.0,65.0,0.22309156308880618,750.0000000004168,2.1838244112396406,7.29,325.2717216385602,1023.9260827623835,0.0,nan
pd,10.0,1.0,esn,122,"demo_00_filtered +7.5,-2.5 deg",,0.03692056038836495,False,nan,False,nan,0.0,False,1.216552506059644,158.2465434749838,54.466934367060475,134.5847626576736,2.6809067874831847,-0.74,nan,3.0854695745766083,0.011619512663959122,44.0,65.0,162.2180908027382,3513.009626816758,62.29602287752651,nan,1802.5390190721987,2544062.3277730574,0.0,nan
pd,10.0,1.0,replay,122,"demo_00_filtered +7.5,-2.5 deg",demo_00_filtered,0.01610831779428474,True,7.29,False,0.0063313997928247925,2.000000000000001,True,0.005934010027299314,0.06730051940547749,0.023164189832093878,0.26220573134398406,0.049616801478391495,-0.74,0.009999999999999787,0.009813454656302885,0.011619512663959122,17.0,65.0,0.20380123875855516,750.0000000004168,2.1002376547671604,7.29,325.2717216385602,1016.4017138551436,0.0,nan
pd,10.0,1.0,esn,123,"demo_00_filtered +7.5,+0 deg",,0.016678654442411373,False,nan,False,nan,0.0,False,1.4275574027799447,159.78693342919945,31.805035678281733,128.8085600302648,2.6862284358321533,-0.74,nan,2.7423462819743083,0.011619512663959122,32.0,65.0,246.66101072605082,3781.5442178650205,82.07560978649825,nan,1830.1832652573335,7414441.633508776,0.0,nan
pd,10.0,1.0,replay,123,"demo_00_filtered +7.5,+0 deg",demo_00_filtered,0.016466995193582447,True,7.29,False,0.0063313997928247925,2.000000000000001,True,0.005934010027299314,0.08073143867445029,0.016069313255439758,0.2586700984434127,0.08219210101102802,-0.74,0.009999999999999787,0.009734298904685633,0.011619512663959122,17.0,65.0,0.20501624720983624,750.0000000004168,2.1831307457287723,7.29,325.2717216385602,1012.4911963903854,0.0,nan
pd,10.0,1.0,esn,124,"demo_00_filtered +7.5,+2.5 deg",,0.028710294966957258,False,nan,False,nan,0.0,False,1.2165525060596438,150.83042859016504,20.980432450115764,124.95028362301454,2.7029356225276064,-0.74,nan,2.9101829053426025,0.011619512663959122,42.0,65.0,214.85660940995035,3665.1578233988726,82.56770378625768,nan,1827.3221063881201,5839449.198640934,0.0,nan
pd,10.0,1.0,replay,124,"demo_00_filtered +7.5,+2.5 deg",demo_00_filtered,0.017991631357296926,True,7.29,False,0.0063313997928247925,2.000000000000001,True,0.005934010027299314,0.10054845009854511,0.013986235966937481,0.281444245136605,0.11482140750018173,-0.74,0.009999999999999787,0.010239348197993435,0.011619512663959122,15.0,65.0,0.22628389042362487,750.0000000004168,2.4162191896720824,7.29,325.2717216385602,1012.1937426577309,0.0,nan
pd,10.0,1.0,esn,125,"demo_00_filtered +7.5,+5 deg",,0.05442379898377052,False,nan,False,nan,0.0,False,1.216552506059644,171.05682584263917,18.977050972115364,141.6226813567675,2.6799986456569247,-0.74,nan,3.0182187873812207,0.011619512663959122,43.0,65.0,162.4720930572466,3465.122444457262,59.45955468341262,nan,1772.4490441684486,2439976.334233599,0.0,nan
pd,10.0,1.0,replay,125,"demo_00_filtered +7.5,+5 deg",demo_00_filtered,0.020439418706924162,True,7.29,False,0.0063313997928247925,2.000000000000001,True,0.005934010027299314,0.11883931949667366,0.013184038768815519,0.32491105762771666,0.14794356162360803,-0.74,0.009999999999999787,0.011248660815923598,0.011619512663959122,13.0,65.0,0.26262762175326526,750.0000000004168,2.762520857075004,7.29,325.2717216385602,1015.5175975353648,0.0,nan
pd,10.0,1.0,esn,126,"demo_00_filtered +7.5,+7.5 deg",,0.08147721226488437,False,nan,False,nan,0.0,False,1.216552506059644,171.89581071772787,16.20649245547529,142.35469374119538,2.6812642253171997,-0.74,nan,3.0173837881841354,0.011619512663959122,44.0,65.0,155.74478635418174,4290.550344174042,57.76688343301229,nan,1608.083375988914,2243998.7961900635,0.0,nan
pd,10.0,1.0,replay,126,"demo_00_filtered +7.5,+7.5 deg",demo_00_filtered,0.02354241218732339,True,7.29,False,0.0063313997928247925,2.000000000000001,True,0.005934010027299314,0.13853565815094612,0.013061267108623393,0.3819213300372334,0.17450102488327285,-0.74,0.009999999999999787,0.012639309756209586,0.011619512663959122,11.0,65.0,0.30859769351596494,750.0000000004198,3.1860280585066785,7.29,325.2717216385602,1022.4814824637189,0.0,nan
pd,10.0,1.0,esn,127,"demo_00_filtered +7.5,+10 deg",,0.10853582018023832,False,nan,False,nan,0.0,False,1.216552506059644,168.9457997632248,13.515663981057996,139.8683453373319,2.682048440029769,-0.74,nan,3.2476296218583665,0.011619512663959122,48.0,65.0,166.17124722625684,5566.212951035823,67.49847423767199,nan,1920.5081802552108,2637503.7118959557,0.0,nan
pd,10.0,1.0,replay,127,"demo_00_filtered +7.5,+10 deg",demo_00_filtered,0.027095350255845918,True,7.29,False,0.0063313997928247925,2.000000000000001,True,0.005934010027299314,0.16014760507303544,0.012811808405842845,0.4471637100314554,0.1998017210383359,-0.74,0.009999999999999787,0.014296740053490256,0.011619512663959122,10.0,65.0,0.36034586810845354,1000.0000000005556,3.660609509647654,7.29,325.2717216385602,1033.1162046872366,0.0,nan
pd,10.0,1.0,esn,128,"demo_00_filtered +7.5,+12.5 deg",,0.13520741833898037,True,0.12,True,2.4817693248328734,2.0,False,1.216552506059644,22.006767760909575,1.5096518138223065,139.413024887796,0.43762452832922477,-0.74,-7.16,nan,0.011619512663959122,0.0,65.0,165.4799804942149,6859.485392408736,65.46803942831365,nan,2485.7198668583173,2666435.435551273,0.0,nan
pd,10.0,1.0,replay,128,"demo_00_filtered +7.5,+12.5 deg",demo_00_filtered,0.030962429275880332,True,7.29,False,0.0063313997928247925,2.000000000000001,True,0.005934010027299314,0.18297994659976807,0.012552320780524808,0.5173627786906805,0.22677381360346685,-0.74,0.009999999999999787,0.016134349656699524,0.011619512663959122,8.0,65.0,0.4155252599159647,1250.0000000007042,4.169261343638703,7.29,325.2717216385602,1047.4664130762803,0.0,nan
pd,10.0,1.0,esn,129,"demo_00_filtered +7.5,+15 deg",,0.16122330478995095,False,nan,False,nan,0.0,False,1.216552506059644,172.89792802938618,10.309640539801963,143.01548002134638,2.68793777219527,-0.74,nan,3.143970639412153,0.011619512663959122,43.0,65.0,154.84919015129162,8169.279614187549,58.89767223831813,nan,3061.1891932532276,2282073.094221312,0.0,nan
pd,10.0,1.0,replay,129,"demo_00_filtered +7.5,+15 deg",demo_00_filtered,0.03505767891848319,True,7.29,False,0.0063313997928247925,2.000000000000001,True,0.005934010027299314,0.2066652281634893,0.012323133300241759,0.5905758506840282,0.2548442867216326,-0.74,0.009999999999999787,0.01809192234548105,0.011619512663959122,5.0,65.0,0.47273327525413167,1500.0000000008397,4.701142744329056,7.29,325.2717216385602,1065.592465987688,0.0,nan
pd,10.0,1.0,esn,130,"demo_00_filtered +10,-15 deg",,0.18277446051597335,False,nan,False,nan,0.0,False,1.216552506059644,174.85593543650478,30.98563754553602,143.81069539416828,2.687371862419654,-0.74,nan,3.1615414341188943,0.011619512663959122,45.0,65.0,163.6251227598771,7515.52814845489,61.64069760798878,nan,3259.451706492832,2507559.501744078,0.0,nan
pd,10.0,1.0,replay,130,"demo_00_filtered +10,-15 deg",demo_00_filtered,0.03160848607654003,True,7.29,False,0.0063313997928247925,2.000000000000001,True,0.005934010027299314,0.13302414837399254,0.023572765980351268,0.5690722501977585,0.09691047571435699,-0.74,0.009999999999999787,0.01754390826827973,0.011619512663959122,11.0,65.0,0.4302765613715762,1500.0000000008336,4.002767325439719,7.29,433.69562885141335,1871.9898384484925,0.0,nan
pd,10.0,1.0,esn,131,"demo_00_filtered +10,-12.5 deg",,0.1533313087394184,False,nan,False,nan,0.0,False,1.216552506059644,177.52323677166362,49.63304450293384,145.85043455859275,2.685582894048724,-0.74,nan,2.9549525240095225,0.011619512663959122,40.0,65.0,159.1400504907846,6439.626772111601,58.41152661781837,nan,2792.837982497787,2307243.36189732,0.0,nan
pd,10.0,1.0,replay,131,"demo_00_filtered +10,-12.5 deg",demo_00_filtered,0.028370335962619665,True,7.29,False,0.0063313997928247925,2.000000000000001,True,0.005934010027299314,0.1016873642389665,0.028430382221738992,0.5021079791162033,0.062233980981491945,-0.74,0.009999999999999787,0.015752523771875717,0.011619512663959122,13.0,65.0,0.3780868599272731,1250.0000000006978,3.5928081057168404,7.29,433.69562885141335,1850.5547525170825,0.0,nan
pd,10.0,1.0,esn,132,"demo_00_filtered +10,-10 deg",,0.12425058599742764,False,nan,False,nan,0.0,False,1.216552506059644,177.9615201252841,111.65254742011648,146.4716609514327,2.6718547205125347,-0.74,nan,2.8328215289006593,0.011619512663959122,35.0,65.0,155.63629243973014,5343.737494373196,61.813178652854866,nan,2317.5555930377714,2235773.8988037026,0.0,nan
pd,10.0,1.0,replay,132,"demo_00_filtered +10,-10 deg",demo_00_filtered,0.025578411180178055,True,7.29,False,0.0063313997928247925,2.000000000000001,True,0.005934010027299314,0.07252534840937766,0.04550219562486209,0.44210314691722286,0.028274869218203106,-0.74,0.009999999999999787,0.014168245226628063,0.011619512663959122,13.0,65.0,0.3321428871788173,1000.0000000005556,3.246824670435048,7.29,433.69562885141335,1832.3250446335696,0.0,nan
pd,10.0,1.0,esn,133,"demo_00_filtered +10,-7.5 deg",,0.09560082914728288,False,nan,False,nan,0.0,False,1.216552506059941,163.47774832586936,462.34316606439285,135.7028683354938,2.7011380945135475,-0.74,nan,3.4598301050968168,0.011619512663959122,58.0,65.0,164.203213133625,4226.571193427129,67.3389664886473,nan,1833.045451617629,2714946.0538000553,0.0,nan
pd,10.0,1.0,replay,133,"demo_00_filtered +10,-7.5 deg",demo_00_filtered,0.023383316886332106,True,7.29,False,0.0063313997928247925,2.000000000000001,True,0.005934010027299314,0.053480400683972626,0.1512517637894786,0.392207157079106,0.01705680451311653,-0.74,0.009999999999999787,0.012869845620127216,0.011619512663959122,15.0,65.0,0.295296109882162,1000.0000000005556,2.9870323261299596,7.29,433.69562885141335,1817.2801531714501,0.0,nan
pd,10.0,1.0,esn,134,"demo_00_filtered +10,-5 deg",,0.06762844220838772,False,nan,False,nan,0.0,False,1.2165525060596438,160.89752859966293,68.12994199523561,129.41304229308273,2.686939157490134,-0.74,nan,2.79127498969874,0.011619512663959122,34.0,65.0,246.49712763116088,3661.701047473879,82.48219598868526,nan,1828.136175793883,7469907.974457067,0.0,nan
pd,10.0,1.0,replay,134,"demo_00_filtered +10,-5 deg",demo_00_filtered,0.021960152336287918,True,7.29,False,0.0063313997928247925,2.000000000000001,True,0.005934010027299314,0.06435196711943679,0.027248993973271768,0.35660535991668346,0.039911375258119476,-0.74,0.009999999999999787,0.011952537109337698,0.011619512663959122,15.0,65.0,0.27117300601647715,1000.0000000005556,2.8373451982587783,7.29,433.69562885141335,1805.4036290589158,0.0,nan
pd,10.0,1.0,esn,135,"demo_00_filtered +10,-2.5 deg",,0.04130785837773666,False,nan,False,nan,0.0,False,1.2165525060596438,160.91560915445896,36.65910156540127,129.4444073074431,2.6868949336150214,-0.74,nan,2.7875339608106278,0.011619512663959122,35.0,65.0,246.99680402234742,3702.1650390675813,82.38401238223389,nan,1827.5269559249518,7482689.576209886,0.0,nan
pd,10.0,1.0,replay,135,"demo_00_filtered +10,-2.5 deg",demo_00_filtered,0.02146406113794969,True,7.29,False,0.0063313997928247925,2.000000000000001,True,0.005934010027299314,0.07869229791593194,0.01792734065311169,0.3397085080014141,0.07381051128740926,-0.74,0.009999999999999787,0.011508773982784156,0.011619512663959122,15.0,65.0,0.26315639396354445,1000.0000000005556,2.815728256625599,7.29,433.69562885141335,1796.6841798295109,0.0,nan
pd,10.0,1.0,esn,136,"demo_00_filtered +10,+0 deg",,0.022514995998235282,False,nan,False,nan,0.0,False,1.216552506059644,161.03652269958206,25.058000752926237,134.31771500305427,2.6853361501832747,-0.74,nan,3.3241629611245007,0.011619512663959122,57.0,65.0,159.96587788038798,3611.3150797770436,57.53138307716485,nan,1661.7853289245218,2574395.752848873,0.0,nan
pd,10.0,1.0,replay,136,"demo_00_filtered +10,+0 deg",demo_00_filtered,0.021964317374627992,True,7.29,False,0.0063313997928247925,2.000000000000001,True,0.005934010027299314,0.10232988965049179,0.015922986965462693,0.34414099460150915,0.10721326661235851,-0.74,0.009999999999999787,0.011593040346915832,0.011619512663959122,13.0,65.0,0.27250373119693033,1000.0000000005556,2.9255154265949828,7.29,433.69562885141335,1791.1169261082148,0.0,nan
pd,10.0,1.0,esn,137,"demo_00_filtered +10,+2.5 deg",,0.030719585452047372,False,nan,False,nan,0.0,False,1.216552506059644,168.56163450140366,19.964679307829645,140.34243461683482,2.6978857447265137,-0.74,nan,2.999886951923017,0.011619512663959122,40.0,65.0,158.57063636854105,3527.140104819664,65.05404808141607,nan,1852.0685853950736,2332016.5941997687,0.0,nan
pd,10.0,1.0,replay,137,"demo_00_filtered +10,+2.5 deg",demo_00_filtered,0.02340775751751975,True,7.29,False,0.0063313997928247925,2.000000000000001,True,0.005934010027299314,0.12813307025906814,0.015176262760008994,0.36897105512869277,0.13966962058381904,-0.74,0.009999999999999787,0.012193253967373276,0.011619512663959122,13.0,65.0,0.2973939596828057,1000.0000000005556,3.153564950930044,7.29,433.69562885141335,1788.704889118088,0.0,nan
pd,10.0,1.0,esn,138,"demo_00_filtered +10,+5 deg",,0.05457837299583024,False,nan,False,nan,0.0,False,1.216552506059644,171.87645317339826,16.206116906112598,142.27146844588842,2.6796379567534356,-0.74,nan,3.0475727854854244,0.011619512663959122,44.0,65.0,159.92156916297984,3490.9223330074665,58.43761845730875,nan,1721.2417749058384,2338800.4142445405,0.0,nan
pd,10.0,1.0,replay,138,"demo_00_filtered +10,+5 deg",demo_00_filtered,0.025649206106611436,True,7.29,False,0.0063313997928247925,2.000000000000001,True,0.005934010027299314,0.15148747988401468,0.014283654121812494,0.4103322770016211,0.1713660963374544,-0.74,0.009999999999999787,0.01323716963987171,0.011619512663959122,11.0,65.0,0.3341680411447606,1000.0000000005556,3.4772189771737168,7.29,433.69562885141335,1789.4607253927963,0.0,nan
pd,10.0,1.0,esn,139,"demo_00_filtered +10,+7.5 deg",,0.08100385942451184,True,0.04,True,1.085443847445093,2.0,False,1.216552506059644,7.147272407825221,0.5717817926260179,139.185551334366,0.20215340554898473,-0.74,-7.24,nan,0.011619512663959122,nan,65.0,167.3639780081192,4472.1532439598805,74.98330862037069,nan,1975.31186428516,2678919.0472988924,0.0,nan
pd,10.0,1.0,replay,139,"demo_00_filtered +10,+7.5 deg",demo_00_filtered,0.028516395756803026,True,7.29,False,0.0063313997928247925,2.000000000000001,True,0.005934010027299314,0.1733114392700836,0.013864915141606695,0.4636280597604636,0.20215340554898473,-0.74,0.009999999999999787,0.014626809603121415,0.011619512663959122,9.0,65.0,0.37916667442534063,1000.0000000005556,3.873033303547978,7.29,433.69562885141335,1793.408719708335,0.0,nan
pd,10.0,1.0,esn,140,"demo_00_filtered +10,+10 deg",,0.10779903637191368,False,nan,False,nan,0.0,False,1.216552506059644,171.54816442816013,12.130287036725699,142.23029453318142,2.688073684425424,-0.74,nan,3.0707188076213146,0.011619512663959122,40.0,65.0,153.9210092809661,5746.325852646948,59.56066765405113,nan,1846.122924811315,2204519.583399355,0.0,nan
pd,10.0,1.0,replay,140,"demo_00_filtered +10,+10 deg",demo_00_filtered,0.03185681800780746,True,7.29,False,0.0063313997928247925,2.000000000000001,True,0.005934010027299314,0.19567530380025347,0.013836333422789712,0.5250316729924243,0.22838490988506888,-0.74,0.009999999999999787,0.01626958023623015,0.011619512663959122,7.0,65.0,0.4295833048043048,1000.0000000005556,4.321541406916034,7.29,433.69562885141335,1800.587038377012,0.0,nan
pd,10.0,1.0,esn,141,"demo_00_filtered +10,+12.5 deg",,0.13436304453663858,True,0.12,True,2.463979288784518,2.0,False,1.216552506059644,22.304450300839505,1.3933479641358222,139.5795798464266,0.4410235393557674,-0.74,-7.16,nan,0.011619512663959122,0.0,65.0,165.47015477059918,7038.05671619021,67.21220071696018,nan,2414.131160468376,2654236.1996678463,0.0,nan
pd,10.0,1.0,replay,141,"demo_00_filtered +10,+12.5 deg",demo_00_filtered,0.035553220713943345,True,7.29,False,0.0063313997928247925,2.000000000000001,True,0.005934010027299314,0.21906326986222485,0.013684773978401017,0.5918089955745226,0.2522403582502931,-0.74,0.009999999999999787,0.01809150646941124,0.011619512663959122,5.0,65.0,0.48348388281760746,1250.0000000007042,4.808160599730927,7.29,433.69562885141335,1811.050231427031,0.0,nan
pd,10.0,1.0,esn,142,"demo_00_filtered +10,+15 deg",,0.16035862054162284,False,nan,False,nan,0.0,False,1.216552506059644,167.25265694337034,9.277508162567843,138.81065843820141,2.6890571678498594,-0.74,nan,3.3135545664655637,0.011619512663959122,46.0,65.0,165.79075452814283,8346.25803238412,74.58657183841413,nan,2992.354474218432,2738285.642140591,0.0,nan
pd,10.0,1.0,replay,142,"demo_00_filtered +10,+15 deg",demo_00_filtered,0.03952094408271525,True,7.29,False,0.0063313997928247925,2.000000000000001,True,0.005934010027299314,0.24250411679813094,0.013451708117334907,0.6621095037002084,0.27745712839567044,-0.74,0.009999999999999787,0.020037751826878954,0.011619512663959122,1.0,65.0,0.5395706068155449,1500.0000000008397,5.322379093355549,7.29,433.69562885141335,1824.8719527186663,0.0,nan
pd,10.0,1.0,esn,143,"demo_00_filtered +12.5,-15 deg",,0.18576404142864195,False,nan,False,nan,0.0,False,1.216552506059644,174.9525597479264,40.84191036461519,144.03807514038857,2.688551921803024,-0.74,nan,3.124620242094663,0.011619512663959122,46.0,65.0,156.1153506843808,7758.462571342517,58.524770849639786,nan,3364.811303796678,2286387.631942821,0.0,nan
pd,10.0,1.0,replay,143,"demo_00_filtered +12.5,-15 deg",demo_00_filtered,0.03536867556729633,True,7.29,False,0.0063313997928247925,2.000000000000001,True,0.005934010027299314,0.11486212955765046,0.026814062088839935,0.6051335518307662,0.07138829203842334,-0.74,0.009999999999999787,0.0185393530777628,0.011619512663959122,10.0,65.0,0.4522824018371972,1500.0000000008336,4.442738582433481,7.29,542.1195360642668,2878.5799888100064,0.0,nan
pd,10.0,1.0,esn,144,"demo_00_filtered +12.5,-12.5 deg",,0.15644685058730323,False,nan,False,nan,0.0,False,1.216552506059644,174.50233736306288,77.86288746982753,143.50478298276389,2.6840467222999425,-0.74,nan,3.1751228019243714,0.011619512663959122,43.0,65.0,165.42690217914128,6677.033983930866,66.77363702227495,nan,2895.8004525215465,2561985.39312799,0.0,nan
pd,10.0,1.0,replay,144,"demo_00_filtered +12.5,-12.5 deg",demo_00_filtered,0.03244974965073307,True,7.29,False,0.0063313997928247925,2.000000000000001,True,0.005934010027299314,0.08170796561986929,0.03645806829058025,0.5449934282925121,0.03654457600343996,-0.74,0.009999999999999787,0.016876839457220783,0.011619512663959122,11.0,65.0,0.4058374224933138,1250.0000000006978,4.089774448883836,7.29,542.1195360642668,2857.50388520826,0.0,nan
pd,10.0,1.0,esn,145,"demo_00_filtered +12.5,-10 deg",,0.12754402135942583,False,nan,False,nan,0.0,False,1.216552506059644,176.92121558560433,nan,145.40220494145703,2.6857694084372383,-0.74,nan,2.9794154574636402,0.011619512663959122,40.0,65.0,162.14118379694708,5575.354612190935,64.53801127334665,nan,2418.0069246024323,2406223.0024769497,0.0,nan
pd,10.0,1.0,replay,145,"demo_00_filtered +12.5,-10 deg",demo_00_filtered,0.03002384706139046,True,7.29,False,0.0063313997928247925,2.000000000000001,True,0.005934010027299314,0.055160090256670666,nan,0.4941416835311532,0.01777613472949345,-0.74,0.009999999999999787,0.015461578446857024,0.011619512663959122,11.0,65.0,0.36820465316543194,1250.0000000006946,3.8084002465388096,7.29,542.1195360642668,2839.0979977926054,0.0,nan
pd,10.0,1.0,esn,146,"demo_00_filtered +12.5,-7.5 deg",,0.09916734730294466,False,nan,False,nan,0.0,False,1.216552506059644,177.6040255769514,94.22435378004762,146.3632548116698,2.6707519784132745,-0.74,nan,2.8417053769669876,0.011619512663959122,31.0,65.0,152.71472345920958,4452.174253718392,63.12631440088848,nan,1930.8885127213966,2138548.8928636787,0.0,nan
pd,10.0,1.0,replay,146,"demo_00_filtered +12.5,-7.5 deg",demo_00_filtered,0.02821077012284352,True,7.29,False,0.0063313997928247925,2.000000000000001,True,0.005934010027299314,0.06104223411099564,0.03238476742694603,0.4555515586178513,0.03286307594680315,-0.74,0.009999999999999787,0.014367781957686296,0.011619512663959122,12.0,65.0,0.3421159314011307,1250.0000000006946,3.6153142851353053,7.29,542.1195360642668,2823.346625350429,0.0,nan
pd,10.0,1.0,esn,147,"demo_00_filtered +12.5,-5 deg",,0.07166200214716131,False,nan,False,nan,0.0,False,1.3394675858093938,161.06372968936506,41.80529334619646,134.02604478920017,2.690588726690349,-0.74,nan,3.4474014008216507,0.011619512663959122,55.0,65.0,162.01624047746398,3585.6792841856613,61.662114714976695,nan,1798.3895066270466,2689334.0909107206,0.0,nan
pd,10.0,1.0,replay,147,"demo_00_filtered +12.5,-5 deg",demo_00_filtered,0.02713041363861052,True,7.29,False,0.0063313997928247925,2.000000000000001,True,0.005934010027299314,0.0800532280506424,0.020778412920286704,0.432351614576559,0.06657117979189696,-0.74,0.009999999999999787,0.013673445233328842,0.011619512663959122,11.0,65.0,0.33011203859446125,1250.0000000006946,3.5251830793682117,7.29,542.1195360642668,2810.2373939946488,0.0,nan
pd,10.0,1.0,esn,148,"demo_00_filtered +12.5,-2.5 deg",,0.04623801575836361,False,nan,False,nan,0.0,False,1.251269265482424,161.28334700231594,27.541388245116856,134.3684310074858,2.6862584197444703,-0.74,nan,3.3828821168091423,0.011619512663959122,58.0,65.0,160.90468863414335,3605.9289505883935,57.100540229431786,nan,1713.3228441752765,2620974.5844246238,0.0,nan
pd,10.0,1.0,replay,148,"demo_00_filtered +12.5,-2.5 deg",demo_00_filtered,0.026872605841178513,True,7.29,False,0.0063313997928247925,2.000000000000001,True,0.005934010027299314,0.10379332921006931,0.017724163282565677,0.4268720103749714,0.10000627110420596,-0.74,0.009999999999999787,0.013440658088239264,0.011619512663959122,11.0,65.0,0.33349344946056275,1250.0000000006946,3.5461438648422874,7.29,542.1195360642668,2799.762614500602,0.0,nan
pd,10.0,1.0,esn,149,"demo_00_filtered +12.5,+0 deg",,0.028493972999177858,False,nan,False,nan,0.0,False,1.355279482126809,162.8946730974207,20.594053455302795,129.17283786964688,2.6968132572821966,-0.74,nan,2.895193836402608,0.011619512663959122,35.0,65.0,246.63620239885765,3666.9449971111317,82.38952313150418,nan,1828.0338801932467,7416763.589502064,0.0,nan
pd,10.0,1.0,replay,149,"demo_00_filtered +12.5,+0 deg",demo_00_filtered,0.02746602890632364,True,7.29,False,0.0063313997928247925,2.000000000000001,True,0.005934010027299314,0.13298981471251975,0.016813314402015347,0.4395725670301806,0.13236998684868304,-0.74,0.009999999999999787,0.013692222333468645,0.011619512663959122,10.0,65.0,0.3515801318153718,1250.0000000006946,3.676667171591104,7.29,542.1195360642668,2791.920918882558,0.0,nan
pd,10.0,1.0,esn,150,"demo_00_filtered +12.5,+2.5 deg",,0.03356956810959461,False,nan,False,nan,0.0,False,1.216552506059644,173.99001142873365,17.52164782372432,143.8345141916194,2.678527320059292,-0.74,nan,2.857041836178112,0.011619512663959122,42.0,65.0,156.1137912744492,3470.7833540279944,57.37352952974012,nan,1615.3623706216672,2144150.194829619,0.0,nan
pd,10.0,1.0,replay,150,"demo_00_filtered +12.5,+2.5 deg",demo_00_filtered,0.02886717907840185,True,7.29,False,0.0063313997928247925,2.000000000000001,True,0.005934010027299314,0.1614356126840633,0.016257358272638096,0.46876051054681567,0.16447233827177746,-0.74,0.009999999999999787,0.014401102585923165,0.011619512663959122,9.0,65.0,0.3820425107968767,1250.0000000006946,3.906180350432918,7.29,542.1195360642668,2786.7192052169944,0.0,nan
pd,10.0,1.0,esn,151,"demo_00_filtered +12.5,+5 deg",,0.05519755442514492,False,nan,False,nan,0.0,False,1.216552506059644,171.64978078007587,14.412827668893632,142.1685775222434,2.6829355646672743,-0.74,nan,3.025471742682281,0.011619512663959122,44.0,65.0,157.21815587231845,3498.0502018168077,58.29653781697109,nan,1658.8705365758522,2264389.8515222743,0.0,nan
pd,10.0,1.0,replay,151,"demo_00_filtered +12.5,+5 deg",demo_00_filtered,0.03097806863101405,True,7.29,False,0.0063313997928247925,2.000000000000001,True,0.005934010027299314,0.18905925398157544,0.015874639830372142,0.5113905028651824,0.19625715306567176,-0.74,0.009999999999999787,0.0155020566732968,0.011619512663959122,7.0,65.0,0.4219515016273618,1250.0000000006946,4.2189131849413295,7.29,542.1195360642668,2784.1749178373752,0.0,nan
pd,10.0,1.0,esn,152,"demo_00_filtered +12.5,+7.5 deg",,0.08076441962319619,True,0.04,True,1.9520457515685825,2.0,False,1.216552506059644,7.873973777193326,0.5616852076732702,139.66530215959045,0.22697056243277078,-0.74,-7.24,nan,0.011619512663959122,nan,65.0,164.37903774805793,4650.025683849085,61.40813646694683,nan,1757.2537147566095,2558156.839533696,0.0,nan
pd,10.0,1.0,replay,152,"demo_00_filtered +12.5,+7.5 deg",demo_00_filtered,0.033678439061328974,True,7.29,False,0.0063313997928247925,2.000000000000001,True,0.005934010027299314,0.21563275958130446,0.015382033871816842,0.5641809474733319,0.22697056243277078,-0.74,0.009999999999999787,0.016915109043849668,0.011619512663959122,6.0,65.0,0.46863070229452175,1250.0000000006946,4.598172644493372,7.29,542.1195360642668,2784.318684669941,0.0,nan
pd,10.0,1.0,esn,153,"demo_00_filtered +12.5,+10 deg",,0.10717394721252894,False,nan,False,nan,0.0,False,1.216552506059644,168.70680671026795,10.539030664062594,139.74705457615673,2.687591446986366,-0.74,nan,3.24016839737731,0.011619512663959122,47.0,65.0,163.27019142834783,5922.652354110965,59.05615936608683,nan,1777.5661185442325,2542392.709451709,0.0,nan
pd,10.0,1.0,replay,153,"demo_00_filtered +12.5,+10 deg",demo_00_filtered,0.036852505440144026,True,7.29,False,0.0063313997928247925,2.000000000000001,True,0.005934010027299314,0.24036499957693047,0.01501548248411298,0.624303340231866,0.256098147065286,-0.74,0.009999999999999787,0.0185645841532128,0.011619512663959122,4.0,65.0,0.519976856486575,1250.0000000006946,5.029036595401062,7.29,542.1195360642668,2787.1973234147495,0.0,nan
pd,10.0,1.0,esn,154,"demo_00_filtered +12.5,+12.5 deg",,0.13355718851906612,False,nan,False,nan,0.0,False,1.216552506059644,173.15426550479225,9.795084426385154,143.65659571534394,2.6845904398818963,-0.74,nan,2.9050671490560567,0.011619512663959122,37.0,65.0,149.9928642222775,7212.76824812592,58.391431942104084,nan,2338.530491170824,2080326.1347071633,0.0,nan
pd,10.0,1.0,replay,154,"demo_00_filtered +12.5,+12.5 deg",demo_00_filtered,0.04040222430326654,True,7.29,False,0.0063313997928247925,2.000000000000001,True,0.005934010027299314,0.26421356560209147,0.01494617631349724,0.6895712772705309,0.27995469294675435,-0.74,0.009999999999999787,0.020387675149468223,0.011619512663959122,2.0,65.0,0.5744405205769375,1250.0000000007042,5.499302956498449,7.29,542.1195360642668,2792.8772120657823,0.0,nan
pd,10.0,1.0,esn,155,"demo_00_filtered +12.5,+15 deg",,0.15948423005093307,False,nan,False,nan,0.0,False,1.216552506059644,173.9315317825144,8.907860260552987,144.12497050874975,2.688268346711751,-0.74,nan,2.9350460183090097,0.011619512663959122,37.0,65.0,150.9467124524722,8519.285858703433,58.44815046932372,nan,2919.466511083176,2151513.367337822,0.0,nan
pd,10.0,1.0,replay,155,"demo_00_filtered +12.5,+15 deg",demo_00_filtered,0.04424994232407378,True,7.29,False,0.0063313997928247925,2.000000000000001,True,0.005934010027299314,0.2887876843052,0.014790189624593579,0.7583696914986906,0.3024042417380517,-0.74,0.009999999999999787,0.02233542467074313,0.011619512663959122,1.0,65.0,0.6308970469712027,1500.0000000008397,5.999397017400484,7.29,542.1195360642668,2801.4479953557952,0.0,nan
pd,10.0,1.0,esn,156,"demo_00_filtered +15,-15 deg",,0.18910006920338476,False,nan,False,nan,0.0,False,1.216552506059644,175.0092272138288,62.57773773551351,144.0415957011732,2.6844427102131423,-0.74,nan,3.1745960716428443,0.011619512663959122,44.0,65.0,156.4700512167575,8009.775947001913,58.90410806034373,nan,3473.8048162919895,2278971.1993526462,0.0,nan
pd,10.0,1.0,replay,156,"demo_00_filtered +15,-15 deg",demo_00_filtered,0.03950825662711374,True,7.29,False,0.0063313997928247925,2.000000000000001,True,0.005934010027299314,0.09261946297132592,0.0331177764469653,0.6476281064509513,0.048151308543842995,-0.74,0.009999999999999787,0.0196586779969716,0.011619512663959122,8.0,65.0,0.4791998632409118,1500.0000000008336,4.944952469423938,7.29,650.5434432771199,4110.174629317728,0.0,nan
pd,10.0,1.0,esn,157,"demo_00_filtered +15,-12.5 deg",,0.15993341653740262,False,nan,False,nan,0.0,False,1.216552506059644,174.48195407084035,228.39044249675626,143.6341249415365,2.6849452436752066,-0.74,nan,3.1142100810922404,0.011619512663959122,43.0,65.0,160.9994644967746,6922.846360471171,58.87137195156707,nan,3002.408205744596,2427837.881604993,0.0,nan
pd,10.0,1.0,replay,157,"demo_00_filtered +15,-12.5 deg",demo_00_filtered,0.03687248274138561,True,7.29,False,0.0063313997928247925,2.000000000000001,True,0.005934010027299314,0.060035310092910556,0.0785840066416433,0.5959021813422622,0.019253937198626978,-0.74,0.009999999999999787,0.018154393175193094,0.011619512663959122,9.0,65.0,0.4407115442696177,1500.0000000008336,4.644486366345792,7.29,650.5434432771199,4089.0885518932396,0.0,nan
pd,10.0,1.0,esn,158,"demo_00_filtered +15,-10 deg",,0.13123931531950042,False,nan,False,nan,0.0,False,1.216552506059644,177.22582368487193,147.0714069098429,145.7464855994067,2.6816674478611437,-0.74,nan,2.969823547116636,0.011619512663959122,38.0,65.0,156.27627757590398,5815.405466465633,58.65610341720556,nan,2522.1159308033584,2215681.6161761596,0.0,nan
pd,10.0,1.0,replay,158,"demo_00_filtered +15,-10 deg",demo_00_filtered,0.03474911970931388,True,7.29,False,0.0063313997928247925,2.000000000000001,True,0.005934010027299314,0.05938087550927885,0.04927740621037579,0.5556923162309615,0.029523685148497226,-0.74,0.009999999999999787,0.016933211505483107,0.011619512663959122,10.0,65.0,0.4136667836439421,1500.0000000008336,4.418619642544443,7.29,650.5434432771199,4070.0809390111144,0.0,nan
pd,10.0,1.0,esn,159,"demo_00_filtered +15,-7.5 deg",,0.10317323854347275,False,nan,False,nan,0.0,False,1.216552506059644,176.62222126552024,52.73894090758208,145.2736617582836,2.68526679977806,-0.74,nan,2.9638847643703756,0.011619512663959122,40.0,65.0,161.46009493759504,4686.243981794367,62.706256060345154,nan,2032.4035306343312,2359987.353782158,0.0,nan
pd,10.0,1.0,replay,159,"demo_00_filtered +15,-7.5 deg",demo_00_filtered,0.03323032704601572,True,7.29,False,0.0063313997928247925,2.000000000000001,True,0.005934010027299314,0.08376926328594918,0.025013286519977713,0.5294002611831792,0.05704037235346017,-0.74,0.009999999999999787,0.016060013532599504,0.011619512663959122,10.0,65.0,0.4001072572849632,1500.0000000008336,4.279157628439424,7.29,650.5434432771199,4053.140601814496,0.0,nan
pd,10.0,1.0,esn,160,"demo_00_filtered +15,-5 deg",,0.07617008872055607,False,nan,False,nan,0.0,False,1.216552506059644,171.78794670142307,31.79501183934653,142.2673297524007,2.6938344514066332,-0.74,nan,3.0593684337177733,0.011619512663959122,44.0,65.0,156.02243651895267,3534.331217659059,58.57715633019969,nan,1672.8330207033,2231217.7165813716,0.0,nan
pd,10.0,1.0,replay,160,"demo_00_filtered +15,-5 deg",demo_00_filtered,0.0323988489727037,True,7.29,False,0.0063313997928247925,2.000000000000001,True,0.005934010027299314,0.10831629553229088,0.020047494396269055,0.5189056885346066,0.089268008936042,-0.74,0.009999999999999787,0.015593313674312465,0.011619512663959122,9.0,65.0,0.40111162310776494,1500.0000000008336,4.2347677377104835,7.29,650.5434432771199,4038.2589530735513,0.0,nan
pd,10.0,1.0,esn,161,"demo_00_filtered +15,-2.5 deg",,0.051600522618468744,False,nan,False,nan,0.0,False,1.216552506059644,177.08817036094487,24.060887010816725,146.26561863291198,2.668814211324728,-0.74,nan,2.8336547902768876,0.011619512663959122,35.0,65.0,148.7984157163766,3411.9718074955713,63.52062665134813,nan,1607.01037738483,2002339.561663163,0.0,nan
pd,10.0,1.0,replay,161,"demo_00_filtered +15,-2.5 deg",demo_00_filtered,0.03230919594423199,True,7.29,False,0.0063313997928247925,2.000000000000001,True,0.005934010027299314,0.13987136213679544,0.019004256656799685,0.5249062667685684,0.1234984214670776,-0.74,0.009999999999999787,0.015569207501071113,0.011619512663959122,8.0,65.0,0.41627998569019264,1500.0000000008336,4.288632459536965,7.29,650.5434432771199,4025.431726616678,0.0,nan
pd,10.0,1.0,esn,162,"demo_00_filtered +15,+0 deg",,0.034613306136362175,False,nan,False,nan,0.0,False,1.216552506059644,175.28461427069402,18.763151040476618,144.6953629875286,2.682314438483095,-0.74,nan,2.934419780383526,0.011619512663959122,40.0,65.0,159.2203285143659,3443.1445161811034,62.294571632392106,nan,1788.959980428037,2262351.9812792526,0.0,nan
pd,10.0,1.0,replay,162,"demo_00_filtered +15,+0 deg",demo_00_filtered,0.032972266926235165,True,7.29,False,0.0063313997928247925,2.000000000000001,True,0.005934010027299314,0.17247621909320443,0.018462529430782987,0.5465985238193772,0.15773130243356837,-0.74,0.009999999999999787,0.015988559127486986,0.011619512663959122,7.0,65.0,0.4438651245157859,1500.0000000008336,4.437458896962418,7.29,650.5434432771199,4014.661052991982,0.0,nan
pd,10.0,1.0,esn,163,"demo_00_filtered +15,+2.5 deg",,0.03713698305869803,False,nan,False,nan,0.0,False,1.216552506059644,171.59151986249432,15.085498358003496,141.96544017188646,2.6792443804861876,-0.74,nan,3.0186306290841993,0.011619512663959122,45.0,65.0,161.0052257457712,3481.481276948808,58.340813778105094,nan,1755.8838079851598,2383603.829146636,0.0,nan
pd,10.0,1.0,replay,163,"demo_00_filtered +15,+2.5 deg",demo_00_filtered,0.03435218075862569,True,7.29,False,0.0063313997928247925,2.000000000000001,True,0.005934010027299314,0.2030245947144063,0.01784894260889368,0.581959703084375,0.1909379048085827,-0.74,0.009999999999999787,0.016816317764127637,0.011619512663959122,6.0,65.0,0.4814347187319232,1500.0000000008336,4.6724606119490675,7.29,650.5434432771199,4005.957931712165,0.0,nan
pd,10.0,1.0,esn,164,"demo_00_filtered +15,+5 deg",,0.05631377596128246,False,nan,False,nan,0.0,False,1.216552506059644,172.97948281457585,12.9131344802862,143.1055722244527,2.6792951618014333,-0.74,nan,3.090748448906022,0.011619512663959122,45.0,65.0,155.12322413853562,3571.498442997003,57.37919238104524,nan,1639.1480069819104,2170257.5340100876,0.0,nan
pd,10.0,1.0,replay,164,"demo_00_filtered +15,+5 deg",demo_00_filtered,0.03637720061392843,True,7.29,False,0.0063313997928247925,2.000000000000001,True,0.005934010027299314,0.23316803206624015,0.017406284870227006,0.6284038982630488,0.22159584877202332,-0.74,0.009999999999999787,0.017993440678246795,0.011619512663959122,4.0,65.0,0.5265443967826261,1500.0000000008336,4.981671939857864,7.29,650.5434432771199,3999.345138955303,0.0,nan
pd,10.0,1.0,esn,165,"demo_00_filtered +15,+7.5 deg",,0.0807948481086236,False,nan,False,nan,0.0,False,1.216552506059644,168.53147960939853,10.941038396066196,139.60706734941328,2.6866291844281567,-0.74,nan,3.2269361288168836,0.011619512663959122,48.0,65.0,164.68756699478325,4824.1383204683725,62.88698931029812,nan,1831.7565914769523,2577518.7465861104,0.0,nan
pd,10.0,1.0,replay,165,"demo_00_filtered +15,+7.5 deg",demo_00_filtered,0.038957878730855273,True,7.29,False,0.0063313997928247925,2.000000000000001,True,0.005934010027299314,0.26240378088638433,0.017035214125010068,0.6833780205863847,0.25176918565412293,-0.74,0.009999999999999787,0.01945292147496311,0.011619512663959122,2.0,65.0,0.5771042145733912,1500.0000000008336,5.352342437932483,7.29,650.5434432771199,3994.8606038229796,0.0,nan
pd,10.0,1.0,esn,166,"demo_00_filtered +15,+10 deg",,0.10668823135881053,False,nan,False,nan,0.0,False,1.216552506059644,171.1227350021529,9.803770603814318,141.86346299113168,2.687329008879029,-0.74,nan,3.0975178653990416,0.011619512663959122,42.0,65.0,158.54846790546307,6095.1479375465615,59.269546445958674,nan,1720.3186200462314,2343925.2371647665,0.0,nan
pd,10.0,1.0,replay,166,"demo_00_filtered +15,+10 deg",demo_00_filtered,0.04200344472590641,True,7.29,False,0.0063313997928247925,2.000000000000001,True,0.005934010027299314,0.2911563522897956,0.016680601134949086,0.7446807631057387,0.28116807197472177,-0.74,0.009999999999999787,0.021131672878184956,0.011619512663959122,1.0,65.0,0.6314644909334156,1500.0000000008336,5.772571040908334,7.29,650.5434432771199,3992.5612746166653,0.0,nan
pd,10.0,1.0,esn,167,"demo_00_filtered +15,+12.5 deg",,0.13281093606954178,False,nan,False,nan,0.0,False,1.216552506059644,170.85087421064406,8.750085147095415,141.50899497231472,2.688618893422563,-0.74,nan,3.1292602605867854,0.011619512663959122,41.0,65.0,157.3578890500217,7383.5605658305185,60.25116432858401,nan,2259.0165336405025,2307182.0842243275,0.0,nan
pd,10.0,1.0,replay,167,"demo_00_filtered +15,+12.5 deg",demo_00_filtered,0.045431822135440864,True,7.29,False,0.0063313997928247925,2.000000000000001,True,0.005934010027299314,0.31825591836143935,0.016299397922870856,0.8105423298609118,0.30866632015451206,-0.74,0.009999999999999787,0.022975982151334385,0.011619512663959122,1.0,65.0,0.6883619711428672,1500.0000000008336,6.232052043416896,7.29,650.5434432771199,3992.527477231004,0.0,nan
pd,10.0,1.0,esn,168,"demo_00_filtered +15,+15 deg",,0.1586165249554889,False,nan,False,nan,0.0,False,1.216552506059644,169.50353367556997,7.990473206471854,140.60760748206934,2.6841224673149524,-0.74,nan,3.1485744644815727,0.011619512663959122,40.0,65.0,163.29700443750554,8688.289154508238,71.76003613790434,nan,2842.6168548154146,2622591.451856032,0.0,nan
pd,10.0,1.0,replay,168,"demo_00_filtered +15,+15 deg",demo_00_filtered,0.04917348346011224,True,7.29,False,0.0063313997928247925,2.000000000000001,True,0.005934010027299314,0.34428583910658644,0.016229790099917856,0.8795807052510731,0.32911346955845616,-0.74,0.009999999999999787,0.0249423442324809,0.011619512663959122,1.0,65.0,0.7468280920862211,1500.0000000008397,6.7221973235268235,7.29,650.5434432771199,3994.8677386467716,0.0,nan
