law,omega,damping,arm,start,origin,replayed,first_step_m,arrived,arrival_time_s,left_goal,hold_error_m,hold_observed_s,success,final_distance_m,training_path_distance_deg,offset_retained,taught_joint_error_deg,taught_path_distance_m,onset_delay_s,taught_arrival_delay_s,jitter_deg,taught_jitter_deg,speed_peaks,taught_speed_peaks,tracking_error_deg,peak_reference_speed_dps,peak_hand_speed_mps,settling_time_s,peak_torque_nm,effort_n2m2s,peak_external_force_n,reference_lead
pd,10.0,1.0,esn,0,demo_00,,0.0003944155545909654,False,nan,False,nan,0.0,False,0.5109803803704692,0.04675347693073231,nan,20.610761984615127,0.0025276436798243695,-0.63,nan,8.474528064949434e-05,0.07245156496022,1.0,94.0,0.006290161172676378,18.469224693757102,0.05365068674853555,nan,8.010022017952455,0.575844492923686,0.0,nan
pd,10.0,1.0,replay,0,demo_00,demo_00,0.0,True,7.3,False,0.006344767595249023,2.000000000000001,True,0.005934010027459218,0.0450458081741904,nan,0.11445338890576202,0.004628387990646891,0.020000000000000018,0.009999999999999787,0.014774673364240012,0.07245156496022,63.0,94.0,0.10821676838144496,58.616099013208434,0.3999924313798057,7.3,25.42154592233561,81.0756324127068,0.0,nan
pd,10.0,1.0,esn,1,"demo_00 -15,-15 deg",,0.048667675773082814,True,0.7000000000000001,True,0.006454573557407794,2.0,False,0.0067409002815608425,5.652436700675165,0.2817029385324869,15.210974516551836,0.3720962667372529,-0.75,-6.59,0.06498221329867261,0.07245156496022,0.0,94.0,0.7716232489105652,2233.769782765798,6.585297774493754,1.62,968.7761906453594,8801.394814617835,0.0,nan
pd,10.0,1.0,replay,1,"demo_00 -15,-15 deg",demo_00,0.04099627227857184,True,7.3,False,0.006344767595249023,2.000000000000001,True,0.005934010027459218,0.2585519521514659,0.012885565737636483,0.8387787195112089,0.3720962667372529,-0.75,0.009999999999999787,0.021515801866324034,0.07245156496022,3.0,94.0,0.7002588369692516,1500.0000000008336,5.646168565533543,7.3,650.5434432771193,4236.546921516068,0.0,nan
pd,10.0,1.0,esn,2,"demo_00 -15,-12.5 deg",,0.0472853904766642,True,0.73,True,0.006511012072800412,2.0,False,0.006740900281563032,5.283647075084422,0.288846539305018,15.19076357695815,0.33999767274126996,-0.75,-6.5600000000000005,0.06228186267273668,0.07245156496022,0.0,94.0,0.7106447520500707,2172.8745970576515,6.372062920684086,1.6,942.3662147856562,8308.810539545035,0.0,nan
pd,10.0,1.0,replay,2,"demo_00 -15,-12.5 deg",demo_00,0.03925687832356652,True,7.3,False,0.006344767595249023,2.000000000000001,True,0.005934010027459218,0.23798249924147374,0.013010032718727799,0.7669390417370198,0.33999767274126996,-0.75,0.009999999999999787,0.0209983428830607,0.07245156496022,4.0,94.0,0.6389399970937804,1500.0000000008326,5.3416423713091925,7.3,650.5434432771193,4197.639454413498,0.0,nan
pd,10.0,1.0,esn,3,"demo_00 -15,-10 deg",,0.04530326585369851,True,0.77,True,0.006556464346895032,2.0,False,0.006740900281564874,4.89612987615583,0.2930724301905811,15.162432749231758,0.30923078571714807,-0.75,-6.52,0.059083443046690054,0.07245156496022,0.0,94.0,0.6508419598391111,2084.2701272589484,6.094244309052538,1.59,903.9388435372829,7623.2826176631625,0.0,nan
pd,10.0,1.0,replay,3,"demo_00 -15,-10 deg",demo_00,0.037660115490485896,True,7.3,False,0.006344767595249023,2.000000000000001,True,0.005934010027459218,0.218246390765708,0.013063787468858704,0.7000264620362217,0.30923078571714807,-0.75,0.009999999999999787,0.0206241310427879,0.07245156496022,8.0,94.0,0.5810157914697508,1500.0000000008326,5.059904292546015,7.3,650.5434432771193,4164.280964508304,0.0,nan
pd,10.0,1.0,esn,4,"demo_00 -15,-7.5 deg",,0.04241718927903135,True,0.8200000000000001,True,0.006590956792723769,1.9999999999999998,False,0.006740900281564181,4.506752286814562,0.29396539141693795,15.122321629151436,0.2803024061034371,-0.75,-6.47,0.05513062051152119,0.07245156496022,0.0,94.0,0.589599856920765,1954.8343367145485,5.705460776033285,1.59,847.8031069612804,6680.571804726785,0.0,nan
pd,10.0,1.0,replay,4,"demo_00 -15,-7.5 deg",demo_00,0.03621136678839549,True,7.3,False,0.006344767595249023,2.000000000000001,True,0.005934010027459218,0.19962856109787666,0.013021325417158893,0.6399206845133114,0.2803024061034371,-0.75,0.009999999999999787,0.02040672219611282,0.07245156496022,14.0,94.0,0.5279737013644018,1500.0000000008326,4.804527573961084,7.3,650.5434432771193,4136.367241894925,0.0,nan
pd,10.0,1.0,esn,5,"demo_00 -15,-5 deg",,0.038495298834536916,True,0.88,True,0.006614815603942332,2.0,False,0.0067409002815638445,4.137567053752637,0.2904630721110136,15.065796291635573,0.25390581182980465,-0.75,-6.41,0.049164398005890446,0.07245156496022,0.0,94.0,0.524761204722746,1778.977975076511,5.174935655092396,1.59,771.5349716131927,5507.664334691445,0.0,nan
pd,10.0,1.0,replay,5,"demo_00 -15,-5 deg",demo_00,0.034917750362273736,True,7.3,False,0.006344767595249023,2.000000000000001,True,0.005934010027459218,0.1822310633146614,0.012792878954415044,0.5890162937155838,0.25390581182980465,-0.75,0.009999999999999787,0.020356660259256518,0.07245156496022,17.0,94.0,0.4817730377533064,1500.0000000008326,4.5796951499806475,7.3,650.5434432771193,4113.807316197379,0.0,nan
pd,10.0,1.0,esn,6,"demo_00 -15,-2.5 deg",,0.03350114616620322,True,0.97,True,0.006636118785551802,2.0,False,0.006740900281560847,3.726434598598573,0.2752493483861432,14.983677506074931,0.2309690209948578,-0.75,-6.32,0.03845168209250993,0.07245156496022,0.0,94.0,0.4532876584686033,1554.8328217872902,4.490524440959927,1.6,674.3241984034814,4189.160966403644,0.0,nan
pd,10.0,1.0,replay,6,"demo_00 -15,-2.5 deg",demo_00,0.033788253313665605,True,7.3,False,0.006344767595249023,2.000000000000001,True,0.005934010027459218,0.16667635771653905,0.012311381734730186,0.5501422967767485,0.2309690209948578,-0.75,0.009999999999999787,0.020480450542597353,0.07245156496022,22.0,94.0,0.44485520475808155,1500.0000000008326,4.390115988563273,7.3,650.5434432771193,4096.523945721625,0.0,nan
pd,10.0,1.0,esn,7,"demo_00 -15,+0 deg",,0.027714683904651774,True,1.1,False,0.0066530481422241725,2.0,True,0.006740900281559845,3.3058103838479034,0.2490687599637876,14.85509968541655,0.21266450422608676,-0.75,-6.1899999999999995,0.02457926194297934,0.07245156496022,0.0,94.0,0.3735313099809758,1294.2701637849857,3.692083445597015,1.1,561.3193125860395,2897.685701955628,0.0,nan
pd,10.0,1.0,replay,7,"demo_00 -15,+0 deg",demo_00,0.0328337779276421,True,7.3,False,0.006344767595249023,2.000000000000001,True,0.005934010027459218,0.15364188432736836,0.011575798114402066,0.5261880694030636,0.21266450422608676,-0.75,0.009999999999999787,0.02077993668991739,0.07245156496022,23.0,94.0,0.419924016213829,1500.0000000008326,4.240807102890133,7.3,650.5434432771193,4084.454236011237,0.0,nan
pd,10.0,1.0,esn,8,"demo_00 -15,+2.5 deg",,0.021884901082838196,True,1.3,False,0.00666260721799173,2.0,True,0.006740900281559748,2.885010992068161,0.21412200585387892,14.623529861117674,0.20030508531816468,-0.75,-5.99,0.015558262886223225,0.07245156496022,0.0,94.0,0.2894255092868897,1030.5042136270447,2.8917898786079728,1.3,446.9251729627637,1841.7997169414123,0.0,nan
pd,10.0,1.0,replay,8,"demo_00 -15,+2.5 deg",demo_00,0.032067052197498225,True,7.3,False,0.006344767595249023,2.000000000000001,True,0.005934010027459218,0.14409681221807757,0.010694690090995515,0.519373614185319,0.20030508531816468,-0.75,0.009999999999999787,0.0212522353153922,0.07245156496022,25.0,94.0,0.4093515594629427,1500.0000000008326,4.136712080052364,7.3,650.5434432771193,4077.550372118768,0.0,nan
pd,10.0,1.0,esn,9,"demo_00 -15,+5 deg",,0.0171510487516804,True,1.7,False,0.00667217285155041,2.0,True,0.006740900281531999,2.369712276881394,0.1680392164759315,14.119803202834673,0.1950492555107683,-0.75,-5.59,0.012244943536279015,0.07245156496022,1.0,94.0,0.21995543150480548,815.7322820747769,2.253760079077167,1.7,353.7795250486222,1158.1654968213768,0.0,nan
pd,10.0,1.0,replay,9,"demo_00 -15,+5 deg",demo_00,0.03150235664413622,True,7.3,False,0.006344767595249023,2.000000000000001,True,0.005934010027459218,0.13936517366383283,0.009882556129270846,0.530441108691783,0.1950492555107683,-0.75,0.009999999999999787,0.021890232131962634,0.07245156496022,25.0,94.0,0.4143333569657992,1500.0000000008326,4.082174438623503,7.3,650.5434432771193,4075.7804380818675,0.0,nan
pd,10.0,1.0,esn,10,"demo_00 -15,+7.5 deg",,0.01471480052188344,True,2.29,False,0.006674118460764784,2.0,True,0.006740900281487589,1.8746586397101173,0.12425045742195964,13.195545065937443,0.19746717535840178,-0.75,-5.0,0.010513777110968708,0.07245156496022,2.0,94.0,0.20020772848190277,706.5744023630118,1.9401322990069867,2.29,306.4382297629677,868.47228867371,0.0,nan
pd,10.0,1.0,replay,10,"demo_00 -15,+7.5 deg",demo_00,0.031155033916651302,True,7.3,False,0.006344767595249023,2.000000000000001,True,0.005934010027459218,0.14006801267105043,0.009283564631934272,0.558341338330658,0.19746717535840178,-0.75,0.009999999999999787,0.022683494548800965,0.07245156496022,24.0,94.0,0.4343494117460637,1500.0000000008326,4.080359227787195,7.3,650.5434432771193,4079.1292833378325,0.0,nan
pd,10.0,1.0,esn,11,"demo_00 -15,+10 deg",,0.014972309402464341,True,2.5300000000000002,False,0.006672951496446452,2.0,True,0.0067409002814980265,1.743546519368745,0.10632379195868674,12.751253570093123,0.2064470296201555,-0.75,-4.76,0.01163593489813126,0.07245156496022,2.0,94.0,0.22580059855715387,722.3555232659912,1.9992202423284344,2.5300000000000002,313.28243291696174,908.0520301866208,0.0,nan
pd,10.0,1.0,replay,11,"demo_00 -15,+10 deg",demo_00,0.03104078100563608,True,7.3,False,0.006344767595249023,2.000000000000001,True,0.005934010027459218,0.14906052638501646,0.009089909687268269,0.6006864415113239,0.2064470296201555,-0.75,0.009999999999999787,0.0236193751358092,0.07245156496022,22.0,94.0,0.46741633288932805,1500.0000000008326,4.132782327567883,7.3,650.5434432771193,4087.599378682775,0.0,nan
pd,10.0,1.0,esn,12,"demo_00 -15,+12.5 deg",,0.017075749044099597,True,2.39,False,0.006672954400892422,1.9999999999999996,True,0.006740900281486521,1.8686190054734446,0.10402442720140016,13.0042745971587,0.2219717034376806,-0.75,-4.9,0.01555860584762081,0.07245156496022,2.0,94.0,0.281843772812888,824.0591374462155,2.320188277283349,2.39,357.39084582529114,1185.9854808923128,0.0,nan
pd,10.0,1.0,replay,12,"demo_00 -15,+12.5 deg",demo_00,0.031174773925702504,True,7.3,False,0.006344767595249023,2.000000000000001,True,0.005934010027459218,0.16354818095515306,0.0091045878233376,0.654582337311682,0.2219717034376806,-0.75,0.009999999999999787,0.024684089102646422,0.07245156496022,17.0,94.0,0.5108920560620588,1500.0000000008326,4.239107376394193,7.3,650.5434432771193,4101.2115836618495,0.0,nan
pd,10.0,1.0,esn,13,"demo_00 -15,+15 deg",,0.01991747779656037,True,2.2,False,0.00667375725007961,2.0,True,0.006740900281491333,2.0493144588155157,0.10391121715657646,13.355791896915063,0.24276286358367036,-0.75,-5.09,0.021106134356352304,0.07245156496022,2.0,94.0,0.3555042369000577,959.9219690668992,2.7630314213309917,2.2,416.3139620225242,1616.0345735191663,0.0,nan
pd,10.0,1.0,replay,13,"demo_00 -15,+15 deg",demo_00,0.031570728593496675,True,7.3,False,0.006344767595249023,2.000000000000001,True,0.005934010027459218,0.18143966024714625,0.009199962385301219,0.7172937136060801,0.24276286358367036,-0.75,0.009999999999999787,0.025863619145402663,0.07245156496022,14.0,94.0,0.5622070404819572,1500.0000000008397,4.39728025460114,7.3,650.5434432771193,4120.005723149786,0.0,nan
pd,10.0,1.0,esn,14,"demo_00 -12.5,-15 deg",,0.04333807600314359,True,0.75,True,0.006516522766385744,2.0,False,0.0067409002815640075,4.967464319458828,0.2688447830870554,15.167039141247773,0.3356215935405571,-0.75,-6.54,0.05324626617928518,0.07245156496022,0.0,94.0,0.670904496309446,1988.5250990578497,5.874325424705227,1.6,862.4146433222342,6970.076836168071,0.0,nan
pd,10.0,1.0,replay,14,"demo_00 -12.5,-15 deg",demo_00,0.03674716598115586,True,7.3,False,0.006344767595249023,2.000000000000001,True,0.005934010027459218,0.2362791398546844,0.012787694086376245,0.7501577101763208,0.3356215935405571,-0.75,0.009999999999999787,0.02064342998803853,0.07245156496022,4.0,94.0,0.6200931912229986,1500.0000000008336,5.097626241164957,7.3,542.1195360642662,2998.159015485129,0.0,nan
pd,10.0,1.0,esn,15,"demo_00 -12.5,-12.5 deg",,0.041912859615524975,True,0.78,True,0.006558074315546341,2.0,False,0.006740900281565357,4.654110607747931,0.2814765346732405,15.143879369532858,0.30297080863872006,-0.75,-6.51,0.05100415387085737,0.07245156496022,0.0,94.0,0.6131046784908654,1926.3053238916505,5.653070364931385,1.59,835.4301988045503,6524.4424479969875,0.0,nan
pd,10.0,1.0,replay,15,"demo_00 -12.5,-12.5 deg",demo_00,0.03469975457503652,True,7.3,False,0.006344767595249023,2.000000000000001,True,0.005934010027459218,0.2160831822098232,0.01306852166949652,0.6770511260535306,0.30297080863872006,-0.75,0.009999999999999787,0.019946093269423926,0.07245156496022,9.0,94.0,0.5590587243287584,1250.0000000006978,4.75744041559749,7.3,542.1195360642662,2961.800446247327,0.0,nan
pd,10.0,1.0,esn,16,"demo_00 -12.5,-10 deg",,0.03987836124715455,True,0.8300000000000001,True,0.006595780756787951,2.0,False,0.006740900281564692,4.279314578401779,0.28990765862999046,15.111816576324625,0.27148084410034806,-0.75,-6.46,0.04810785798899151,0.07245156496022,0.0,94.0,0.5570012590612614,1834.957492558803,5.367301775847435,1.58,795.8130436504598,5902.013726410755,0.0,nan
pd,10.0,1.0,replay,16,"demo_00 -12.5,-10 deg",demo_00,0.03282095846711013,True,7.3,False,0.006344767595249023,2.000000000000001,True,0.005934010027459218,0.19665102453044847,0.01332237605913591,0.6085633838725006,0.27148084410034806,-0.75,0.009999999999999787,0.019398331729959185,0.07245156496022,15.0,94.0,0.5011964612867559,1250.0000000006946,4.441579791416499,7.3,542.1195360642662,2930.995658346782,0.0,nan
pd,10.0,1.0,esn,17,"demo_00 -12.5,-7.5 deg",,0.03682980458594239,True,0.88,True,0.006618219288574928,2.0,False,0.006740900281563899,3.9684984011041204,0.3001160988737511,15.06562573821034,0.24174355944885553,-0.75,-6.41,0.04467443678171663,0.07245156496022,0.0,94.0,0.49903322284708806,1697.062509076405,4.957619188015694,1.59,736.0085920736391,5026.489356332384,0.0,nan
pd,10.0,1.0,replay,17,"demo_00 -12.5,-7.5 deg",demo_00,0.031126929977048055,True,7.3,False,0.006344767595249023,2.000000000000001,True,0.005934010027459218,0.1784527742545765,0.013495419433098703,0.5467896725191992,0.24174355944885553,-0.75,0.009999999999999787,0.019019154601162047,0.07245156496022,21.0,94.0,0.4481353943874927,1250.0000000006946,4.155179587386539,7.3,542.1195360642662,2905.6523276268986,0.0,nan
pd,10.0,1.0,esn,18,"demo_00 -12.5,-5 deg",,0.03257191393657904,True,0.96,True,0.006639344894414485,2.0,False,0.006740900281563527,3.601581311078795,0.3013853581595798,14.998043754633342,0.21456032007806838,-0.75,-6.33,0.038183977389243146,0.07245156496022,0.0,94.0,0.43595924292260446,1504.4668360160254,4.383224103549593,1.59,652.4806905317038,3929.2409441414998,0.0,nan
pd,10.0,1.0,replay,18,"demo_00 -12.5,-5 deg",demo_00,0.029637591703584036,True,7.3,False,0.006344767595249023,2.000000000000001,True,0.005934010027459218,0.161743199106138,0.01353489697498409,0.4945859151218877,0.21456032007806838,-0.75,0.009999999999999787,0.01882465316307998,0.07245156496022,24.0,94.0,0.40215619558007704,1250.0000000006946,3.9045401184638497,7.3,542.1195360642662,2885.6904631546454,0.0,nan
pd,10.0,1.0,esn,19,"demo_00 -12.5,-2.5 deg",,0.027172951255616185,True,1.06,False,0.006651354801601733,2.0,True,0.0067409002815601365,3.258118961447222,0.29355936859682324,14.894466059161488,0.19108638710331058,-0.75,-6.23,0.027250250583963014,0.07245156496022,0.0,94.0,0.3647223331491642,1260.1941778869257,3.6453432316154926,1.06,546.5407064532558,2743.904348359594,0.0,nan
pd,10.0,1.0,replay,19,"demo_00 -12.5,-2.5 deg",demo_00,0.028376461703483513,True,7.3,False,0.006344767595249023,2.000000000000001,True,0.005934010027459218,0.14691160093110056,0.013236863760715992,0.4555480676517921,0.19108638710331058,-0.75,0.009999999999999787,0.01882616006053857,0.07245156496022,29.0,94.0,0.3662704431692874,1250.0000000006946,3.6970241615776014,7.3,542.1195360642662,2871.0427446946946,0.0,nan
pd,10.0,1.0,esn,20,"demo_00 -12.5,+0 deg",,0.021153598671067912,True,1.23,False,0.006663505711127414,2.0,True,0.00674090028156075,2.8555116828226232,0.2650631412923412,14.716409576301137,0.1728921733077769,-0.75,-6.0600000000000005,0.015653441416557834,0.07245156496022,0.0,94.0,0.28479374557389137,987.101527163746,2.8191444148019853,1.23,428.10161756323316,1681.9758133462713,0.0,nan
pd,10.0,1.0,replay,20,"demo_00 -12.5,+0 deg",demo_00,0.027369868169402716,True,7.3,False,0.006344767595249023,2.000000000000001,True,0.005934010027459218,0.1350464997663899,0.012535704078517782,0.43348249142778034,0.1728921733077769,-0.75,0.009999999999999787,0.019028834027455692,0.07245156496022,34.0,94.0,0.3439231832517894,1250.0000000006946,3.5406106849666275,7.3,542.1195360642662,2861.654947974128,0.0,nan
pd,10.0,1.0,esn,21,"demo_00 -12.5,+2.5 deg",,0.01556511228778496,True,1.54,False,0.006669308651283883,2.0,True,0.006740900281537451,2.392747155802405,0.21713488723785127,14.33011597326151,0.1618079900630355,-0.75,-5.75,0.010395782110203752,0.07245156496022,1.0,94.0,0.2034280625281169,732.4407283814745,2.0581353493075274,1.54,317.65634229161395,929.5195205097281,0.0,nan
pd,10.0,1.0,replay,21,"demo_00 -12.5,+2.5 deg",demo_00,0.02664535753209854,True,7.3,False,0.006344767595249023,2.000000000000001,True,0.005934010027459218,0.12719256312450064,0.011542357404775633,0.43116208743943296,0.1618079900630355,-0.75,0.009999999999999787,0.019431089548476103,0.07245156496022,34.0,94.0,0.33799652256505075,1250.0000000006946,3.4429868421809084,7.3,542.1195360642662,2857.4864387451153,0.0,nan
pd,10.0,1.0,esn,22,"demo_00 -12.5,+5 deg",,0.011852563147837189,True,2.27,False,0.006672577882103204,2.0000000000000004,True,0.006740900281488939,1.708118695033784,0.1452456387086574,13.21864731864954,0.15934690292307319,-0.75,-5.02,0.007859605873839477,0.07245156496022,2.0,94.0,0.1558578046054796,562.7733919335385,1.5631981805183954,2.27,244.07236011532328,549.918113162277,0.0,nan
pd,10.0,1.0,replay,22,"demo_00 -12.5,+5 deg",demo_00,0.02622927094904307,True,7.3,False,0.006344767595249023,2.000000000000001,True,0.005934010027459218,0.12556045071444322,0.01067672165499336,0.4489717744578576,0.15934690292307319,-0.75,0.009999999999999787,0.02002504230704129,0.07245156496022,34.0,94.0,0.34941924963826604,1250.0000000006946,3.4102465705596274,7.3,542.1195360642662,2858.510706788121,0.0,nan
pd,10.0,1.0,esn,23,"demo_00 -12.5,+7.5 deg",,0.01102582154153075,True,3.22,False,0.0066739249575522045,1.9999999999999996,True,0.006740900281884618,1.1829893542208787,0.09152272125917035,11.38836864356672,0.16543087619438082,-0.75,-4.07,0.006958662412044887,0.07245156496022,2.0,94.0,0.16157790288374843,525.2706183689806,1.4655776559427116,3.22,227.8075711505793,479.1817898754065,0.0,nan
pd,10.0,1.0,replay,23,"demo_00 -12.5,+7.5 deg",demo_00,0.02614379084449299,True,7.3,False,0.006344767595249023,2.000000000000001,True,0.005934010027459218,0.13320529562216976,0.010305512131596882,0.4847025176182613,0.16543087619438082,-0.75,0.009999999999999787,0.020797801558480333,0.07245156496022,32.0,94.0,0.37662122392990155,1250.0000000006946,3.4455808948700524,7.3,542.1195360642662,2864.7158988531164,0.0,nan
pd,10.0,1.0,esn,24,"demo_00 -12.5,+10 deg",,0.012683056692105676,True,3.0,False,0.006672949959301024,2.0,True,0.006740900281688584,1.3549119313432014,0.09386917596318696,11.827692620736869,0.17906640822999653,-0.75,-4.29,0.009507170136646745,0.07245156496022,2.0,94.0,0.2040707912102664,600.4577410941208,1.711028021118753,3.0,260.4158976223688,629.153979022621,0.0,nan
pd,10.0,1.0,replay,24,"demo_00 -12.5,+10 deg",demo_00,0.026404129746963916,True,7.3,False,0.006344767595249023,2.000000000000001,True,0.005934010027459218,0.14485363391164904,0.010035553555927343,0.5347176088196408,0.17906640822999653,-0.75,0.009999999999999787,0.021733200685023237,0.07245156496022,28.0,94.0,0.4164552655216062,1250.0000000006946,3.5485491780948495,7.3,542.1195360642662,2876.1052948876722,0.0,nan
pd,10.0,1.0,esn,25,"demo_00 -12.5,+12.5 deg",,0.01559825015291523,True,2.59,False,0.006674626064723478,2.0,True,0.0067409002815059325,1.6393257605724887,0.10125638548920277,12.64618723986134,0.19918190854928877,-0.75,-4.7,0.014238220877360649,0.07245156496022,2.0,94.0,0.2711154542773474,731.1725856314517,2.1435421731790676,2.59,317.1063543241698,938.8385805786731,0.0,nan
pd,10.0,1.0,replay,25,"demo_00 -12.5,+12.5 deg",demo_00,0.0270167012248514,True,7.3,False,0.006344767595249023,2.000000000000001,True,0.005934010027459218,0.1585682644248241,0.009794300617435976,0.5953239501577468,0.19918190854928877,-0.75,0.009999999999999787,0.022813525092762518,0.07245156496022,23.0,94.0,0.46556829579840775,1250.0000000007042,3.7153146600594176,7.3,542.1195360642662,2892.697654762952,0.0,nan
pd,10.0,1.0,esn,26,"demo_00 -12.5,+15 deg",,0.018933415312692974,True,2.29,False,0.006672759078940954,2.0,True,0.006740900281487351,1.9056785731638248,0.1051624578304918,13.198036932739763,0.22400636978371752,-0.75,-5.0,0.020158670027482985,0.07245156496022,2.0,94.0,0.3507899984260961,958.1826627000175,2.6558549256430197,2.29,381.36951653139954,1365.5651583343931,0.0,nan
pd,10.0,1.0,replay,26,"demo_00 -12.5,+15 deg",demo_00,0.02797886663912261,True,7.3,False,0.006344767595249023,2.000000000000001,True,0.005934010027459218,0.17558750173661317,0.009689573838405432,0.6634861474146132,0.22400636978371752,-0.75,0.009999999999999787,0.024020932061696417,0.07245156496022,20.0,94.0,0.5211808518254225,1500.0000000008397,3.939691530114363,7.3,542.1195360642662,2914.527343490314,0.0,nan
pd,10.0,1.0,esn,27,"demo_00 -10,-15 deg",,0.038058225097558025,True,0.8200000000000001,True,0.006576735332595506,1.9999999999999998,False,0.006740900281564919,4.292489060763379,0.2521973999354256,15.118819678965304,0.3004808259872032,-0.75,-6.47,0.04252257517635342,0.07245156496022,0.0,94.0,0.575417515061736,1745.526566593139,5.169317524713042,1.59,757.0272419750393,5365.836503067223,0.0,nan
pd,10.0,1.0,replay,27,"demo_00 -10,-15 deg",demo_00,0.0328382712251087,True,7.3,False,0.006344767595249023,2.000000000000001,True,0.005934010027459218,0.21672010982313142,0.01273299650562034,0.673334598034334,0.3004808259872032,-0.75,0.009999999999999787,0.020039991478441967,0.07245156496022,8.0,94.0,0.5507860542711133,1500.0000000008336,4.588672531127794,7.3,433.69562885141283,1983.3929935510596,0.0,nan
pd,10.0,1.0,esn,28,"demo_00 -10,-12.5 deg",,0.03657497947414028,True,0.85,True,0.006604071259709709,2.0,False,0.006740900281564309,4.038094994679097,0.2695583474727738,15.0926611588308,0.26723736072823623,-0.75,-6.44,0.040689726120719395,0.07245156496022,0.0,94.0,0.5209343599905335,1681.2783632122357,4.938524237054645,1.58,729.1630770072001,4964.430336960305,0.0,nan
pd,10.0,1.0,replay,28,"demo_00 -10,-12.5 deg",demo_00,0.03042408898269133,True,7.3,False,0.006344767595249023,2.000000000000001,True,0.005934010027459218,0.19692515188064902,0.01314551009491325,0.5984712509314118,0.26723736072823623,-0.75,0.009999999999999787,0.019168283038272473,0.07245156496022,15.0,94.0,0.48969097008360457,1250.0000000006978,4.207100781098561,7.3,433.69562885141283,1949.4522362166217,0.0,nan
pd,10.0,1.0,esn,29,"demo_00 -10,-10 deg",,0.034478857799413475,True,0.9,True,0.006628631809604161,2.0,False,0.006740900281565204,3.7356541755921273,0.28720999881425674,15.056462070270838,0.2350726643280525,-0.75,-6.39,0.03839794451474848,0.07245156496022,0.0,94.0,0.4687851398547466,1586.6001808168573,4.643802772267285,1.58,688.1015631547509,4405.849677658974,0.0,nan
pd,10.0,1.0,replay,29,"demo_00 -10,-10 deg",demo_00,0.028195165891478177,True,7.3,False,0.006344767595249023,2.000000000000001,True,0.005934010027459218,0.17719674513489655,0.013623497938488096,0.5276553454982541,0.2350726643280525,-0.75,0.009999999999999787,0.018449495819009076,0.07245156496022,22.0,94.0,0.43138295560928497,1000.0000000005556,3.849848963396351,7.3,433.69562885141283,1921.01820899235,0.0,nan
pd,10.0,1.0,esn,30,"demo_00 -10,-7.5 deg",,0.03124432411776684,True,0.96,True,0.00664414982635299,2.0,False,0.006740900281564183,3.4563599744048243,0.3077142922320194,15.002785043870306,0.2043427755537115,-0.75,-6.33,0.035055472268961434,0.07245156496022,0.0,94.0,0.4142415061490325,1439.020457494054,4.210288637850246,1.58,624.0968822425856,3605.948475847239,0.0,nan
pd,10.0,1.0,replay,30,"demo_00 -10,-7.5 deg",demo_00,0.02618314230428364,True,7.3,False,0.006344767595249023,2.000000000000001,True,0.005934010027459218,0.1585211315895126,0.014112887017587145,0.4631305280228341,0.2043427755537115,-0.75,0.009999999999999787,0.017908361049870803,0.07245156496022,28.0,94.0,0.37758512755522894,1000.0000000005548,3.523917575385289,7.3,433.69562885141283,1898.0096013669809,0.0,nan
pd,10.0,1.0,esn,31,"demo_00 -10,-5 deg",,0.02662838988461517,True,1.05,True,0.006657025546107984,2.0,False,0.006740900281561978,3.1491938492758624,0.32276610297632835,14.920448247859644,0.17593038777828454,-0.75,-6.24,0.028314174441334248,0.07245156496022,0.0,94.0,0.3529542822712772,1228.7117768991477,3.5890373542370364,1.53,532.8869267591172,2612.112234342359,0.0,nan
pd,10.0,1.0,replay,31,"demo_00 -10,-5 deg",demo_00,0.024429080964609665,True,7.3,False,0.006344767595249023,2.000000000000001,True,0.005934010027459218,0.14189710665464303,0.014543269906699102,0.40825683408476665,0.17593038777828454,-0.75,0.009999999999999787,0.0175674134871116,0.07245156496022,34.0,94.0,0.33091745820867385,1000.0000000005548,3.2386283198429995,7.3,433.69562885141283,1880.3565104845986,0.0,nan
pd,10.0,1.0,esn,32,"demo_00 -10,-2.5 deg",,0.02087952512817201,True,1.18,False,0.006665240973950075,2.0,True,0.006740900281561926,2.8273092011051886,0.3252298466904942,14.785229497800122,0.151418530188668,-0.75,-6.11,0.01761277675709128,0.07245156496022,0.0,94.0,0.2822208341064088,967.0750130310051,2.805309955851487,1.18,419.41620592273733,1609.9555907406127,0.0,nan
pd,10.0,1.0,replay,32,"demo_00 -10,-2.5 deg",demo_00,0.022983339986850298,True,7.3,False,0.006344767595249023,2.000000000000001,True,0.005934010027459218,0.127989423416056,0.014722825695660429,0.3677085663284217,0.151418530188668,-0.75,0.009999999999999787,0.017444164504385243,0.07245156496022,38.0,94.0,0.29515511430259156,1000.0000000005548,3.005740881727665,7.3,433.69562885141283,1868.0006730596822,0.0,nan
pd,10.0,1.0,esn,33,"demo_00 -10,+0 deg",,0.014831004429431726,True,1.4000000000000001,False,0.006668526594507076,1.9999999999999998,True,0.006740900281553759,2.451507416799559,0.2963127692191226,14.517713251965208,0.13303929400725847,-0.75,-5.89,0.009449216685683976,0.07245156496022,0.0,94.0,0.2025889453143163,691.2952258067942,1.9789454284605754,1.4000000000000001,299.81171767809064,822.9037511226634,0.0,nan
pd,10.0,1.0,replay,33,"demo_00 -10,+0 deg",demo_00,0.021902780881719774,True,7.3,False,0.006344767595249023,2.000000000000001,True,0.005934010027459218,0.11785493355249797,0.014245081001087442,0.3468085823193566,0.13303929400725847,-0.75,0.009999999999999787,0.01754849473714914,0.07245156496022,40.0,94.0,0.2748894168973656,1000.0000000005548,2.838706740161578,7.3,433.69562885141283,1860.8957551336955,0.0,nan
pd,10.0,1.0,esn,34,"demo_00 -10,+2.5 deg",,0.009921160929337251,True,1.97,False,0.0066725586971620975,2.0,True,0.006740900281509541,1.8177553097733605,0.2115604981002044,13.716983740816309,0.12360056941232514,-0.75,-5.32,0.006381635032640756,0.07245156496022,1.0,94.0,0.13004787517055205,466.4127165585873,1.3148039447444686,1.97,202.28115641206,376.1701479280307,0.0,nan
pd,10.0,1.0,replay,34,"demo_00 -10,+2.5 deg",demo_00,0.021244007416833126,True,7.3,False,0.006344767595249023,2.000000000000001,True,0.005934010027459218,0.11354003406763902,0.013214422223120229,0.3492728778231824,0.12360056941232514,-0.75,0.009999999999999787,0.017881125365666238,0.07245156496022,42.0,94.0,0.2737830449803431,1000.0000000005548,2.750454651210129,7.3,433.69562885141283,1859.0076790515411,0.0,nan
pd,10.0,1.0,esn,35,"demo_00 -10,+5 deg",,0.007719402314084637,False,nan,False,nan,0.0,False,0.5109803804067817,0.12098076640840007,0.012735903811599196,20.63381751989594,0.1251603906928864,-0.75,nan,0.0019198774544902015,0.07245156496022,0.0,94.0,0.1066555399969815,364.5060445269116,1.024721209303225,nan,158.08467820115212,229.85374074340427,0.0,nan
pd,10.0,1.0,replay,35,"demo_00 -10,+5 deg",demo_00,0.021052863998482774,True,7.3,False,0.006344767595249023,2.000000000000001,True,0.005934010027459218,0.11861905495950337,0.012487281400476724,0.3747175744688354,0.1251603906928864,-0.75,0.009999999999999787,0.018433739165325844,0.07245156496022,41.0,94.0,0.29214361628960706,1000.0000000005548,2.749842022103029,7.3,433.69562885141283,1862.3149581202147,0.0,nan
pd,10.0,1.0,esn,36,"demo_00 -10,+7.5 deg",,0.008544778183074878,False,nan,False,nan,0.0,False,0.5109803803722911,0.13188403829462347,0.012089576207260262,20.633709550960358,0.13616942954168235,-0.75,nan,0.0024528563085098043,0.07245156496022,0.0,94.0,0.13168487475255344,398.50047043395,1.1472781377471257,nan,172.82791212233997,276.23287434711773,0.0,nan
pd,10.0,1.0,replay,36,"demo_00 -10,+7.5 deg",demo_00,0.021353481594290732,True,7.3,False,0.006344767595249023,2.000000000000001,True,0.005934010027459218,0.12819852759366712,0.011751731968806264,0.4189737989850921,0.13616942954168235,-0.75,0.009999999999999787,0.019190673864785745,0.07245156496022,39.0,94.0,0.3267016829966968,1000.0000000005548,2.8384803290199656,7.3,433.69562885141283,1870.8089987130202,0.0,nan
pd,10.0,1.0,esn,37,"demo_00 -10,+10 deg",,0.011292892070208185,True,3.42,False,0.006674660390489247,2.0,True,0.0067409002821158005,1.1047813204874826,0.0872659940877484,10.939083106477705,0.15555420389228825,-0.75,-3.87,0.008373598078777248,0.07245156496022,2.0,94.0,0.19310447685086482,515.3133910477162,1.5406982008861632,3.42,223.48916518586947,466.57157604971826,0.0,nan
pd,10.0,1.0,replay,37,"demo_00 -10,+10 deg",demo_00,0.022142344747023972,True,7.3,False,0.006344767595249023,2.000000000000001,True,0.005934010027459218,0.1409299233826187,0.01113196759632739,0.4767682313174663,0.15555420389228825,-0.75,0.009999999999999787,0.020131522197547148,0.07245156496022,35.0,94.0,0.3729066212320687,1000.0000000005556,3.010257544305957,7.3,433.69562885141283,1884.4943170253555,0.0,nan
pd,10.0,1.0,esn,38,"demo_00 -10,+12.5 deg",,0.014817261324597734,True,2.7,False,0.006673284820723852,2.0,True,0.00674090028153113,1.517324413767598,0.10371164207291451,12.42392957825463,0.1806898300611667,-0.75,-4.59,0.013739829369529223,0.07245156496022,2.0,94.0,0.26886584655754314,743.3156033290743,2.058239626345209,2.7,287.68504823231297,779.5040110342674,0.0,nan
pd,10.0,1.0,replay,38,"demo_00 -10,+12.5 deg",demo_00,0.023390854566772236,True,7.3,False,0.006344767595249023,2.000000000000001,True,0.005934010027459218,0.15455367908608528,0.010564000487296756,0.5436933384992357,0.1806898300611667,-0.75,0.009999999999999787,0.021233804296008216,0.07245156496022,28.0,94.0,0.42686778829630895,1250.0000000007042,3.253916421688711,7.3,433.69562885141283,1903.3886034375055,0.0,nan
pd,10.0,1.0,esn,39,"demo_00 -10,+15 deg",,0.018462591668099652,True,2.34,False,0.006673069671525823,2.0,True,0.006740900281488166,1.8186022017991936,0.10862157087911162,13.128805285194384,0.20947825247276505,-0.75,-4.95,0.01968565225511308,0.07245156496022,2.0,94.0,0.35136366084948645,1014.2365710909048,2.613103690188597,2.34,352.8393457291789,1180.3764810302528,0.0,nan
pd,10.0,1.0,replay,39,"demo_00 -10,+15 deg",demo_00,0.025054554892697728,True,7.3,False,0.006344767595249023,2.000000000000001,True,0.005934010027459218,0.17097455080180596,0.01021197723728109,0.616645282283537,0.20947825247276505,-0.75,0.009999999999999787,0.022475117238350825,0.07245156496022,23.0,94.0,0.4858470871231059,1500.0000000008397,3.556645368041982,7.3,433.69562885141283,1927.52255203413,0.0,nan
pd,10.0,1.0,esn,40,"demo_00 -7.5,-15 deg",,0.032850636233729566,True,0.89,True,0.006620477163903492,2.0,False,0.006740900281565249,3.738633697858751,0.24146736722618053,15.066137977140313,0.2677925536634062,-0.75,-6.4,0.033492029913709934,0.07245156496022,0.0,94.0,0.4856298690642812,1505.8237957632298,4.473038896118988,1.58,653.069198042593,3988.5648854245437,0.0,nan
pd,10.0,1.0,replay,40,"demo_00 -7.5,-15 deg",demo_00,0.029405036628489794,True,7.3,False,0.006344767595249023,2.000000000000001,True,0.005934010027459218,0.19998870959363685,0.012916683227938194,0.6100155336836116,0.2677925536634062,-0.75,0.009999999999999787,0.01968244375355915,0.07245156496022,15.0,94.0,0.49376134412584183,1500.0000000008336,4.133349358226702,7.3,325.27172163855965,1192.5057292683662,0.0,nan
pd,10.0,1.0,esn,41,"demo_00 -7.5,-12.5 deg",,0.031295921235673915,True,0.93,True,0.006640730130456795,2.0,False,0.006740900281564657,3.502241172563537,0.25822488772500685,15.036840043724215,0.23376359107393288,-0.75,-6.36,0.03176059452174854,0.07245156496022,0.0,94.0,0.4345769350824697,1438.9012658345446,4.231441836920298,1.57,624.0451893408608,3630.5544799862905,0.0,nan
pd,10.0,1.0,replay,41,"demo_00 -7.5,-12.5 deg",demo_00,0.02656571089294347,True,7.3,False,0.006344767595249023,2.000000000000001,True,0.005934010027459218,0.18000922749826742,0.013272319143624606,0.533086159346479,0.23376359107393288,-0.75,0.009999999999999787,0.018649467185365535,0.07245156496022,22.0,94.0,0.4323402740063987,1250.0000000006978,3.7051629523986356,7.3,325.27172163855965,1160.8372254562073,0.0,nan
pd,10.0,1.0,esn,42,"demo_00 -7.5,-10 deg",,0.029128237461803822,True,0.97,True,0.006649969957221837,2.0,False,0.00674090028156101,3.302164901758215,0.28759971957356933,14.99590495661545,0.20049713615976816,-0.75,-6.32,0.030056164136716825,0.07245156496022,0.0,94.0,0.3865909286142647,1340.2270110194509,3.926817559072014,1.57,581.2505963474077,3137.3132561632074,0.0,nan
pd,10.0,1.0,replay,42,"demo_00 -7.5,-10 deg",demo_00,0.023906741465098986,True,7.3,False,0.006344767595249023,2.000000000000001,True,0.005934010027459218,0.15984053055744873,0.01392119810259516,0.4593316167464063,0.20049713615976816,-0.75,0.009999999999999787,0.01777046157691938,0.07245156496022,28.0,94.0,0.3731443471890317,1000.0000000005556,3.2985593664196133,7.3,325.27172163855965,1134.5760022911961,0.0,nan
pd,10.0,1.0,esn,43,"demo_00 -7.5,-7.5 deg",,0.02569613529607451,True,1.04,True,0.006659359788191494,2.0,False,0.006740900281560619,3.058708716827936,0.32249782872857885,14.932859440858548,0.16852716833948475,-0.75,-6.25,0.026702010186346097,0.07245156496022,0.0,94.0,0.3356686039934319,1182.2986414193592,3.468065262223187,1.5,512.7577527802556,2426.5578095460614,0.0,nan
pd,10.0,1.0,replay,43,"demo_00 -7.5,-7.5 deg",demo_00,0.02147759625654201,True,7.3,False,0.006344767595249023,2.000000000000001,True,0.005934010027459218,0.14066129499634505,0.014830755858804199,0.39096065987691886,0.16852716833948475,-0.75,0.009999999999999787,0.01707553691044203,0.07245156496022,35.0,94.0,0.31787692683971364,750.0000000004198,2.9221592771056044,7.3,325.27172163855965,1113.6509208303623,0.0,nan
pd,10.0,1.0,esn,44,"demo_00 -7.5,-5 deg",,0.02074813096734027,True,1.1400000000000001,False,0.006664778492711961,2.0,True,0.006740900281562727,2.8077932584431284,0.36416880541714897,14.830634367699732,0.1387110089288843,-0.75,-6.15,0.01971072153750584,0.07245156496022,0.0,94.0,0.2765003159636935,955.6305996842893,2.8031711063656073,1.1400000000000001,414.45281387950075,1573.0032024790064,0.0,nan
pd,10.0,1.0,replay,44,"demo_00 -7.5,-5 deg",demo_00,0.019351052912603833,True,7.3,False,0.006344767595249023,2.000000000000001,True,0.005934010027459218,0.12309539450977881,0.01596538585459632,0.3317223617053617,0.1387110089288843,-0.75,0.009999999999999787,0.016593938989115944,0.07245156496022,40.0,94.0,0.26941979406783434,750.0000000004168,2.5890618221335986,7.3,325.27172163855965,1098.0013117131396,0.0,nan
pd,10.0,1.0,esn,45,"demo_00 -7.5,-2.5 deg",,0.014798075012607551,True,1.31,False,0.006670236113455978,2.0,True,0.006740900281558827,2.491875858821533,0.391728840301178,14.646288913237436,0.11230869537774442,-0.75,-5.98,0.01026161765624734,0.07245156496022,0.0,94.0,0.20693728499176087,683.9532773694808,1.9933142802715762,1.31,296.6275467335772,801.5944765591531,0.0,nan
pd,10.0,1.0,replay,45,"demo_00 -7.5,-2.5 deg",demo_00,0.017627852539992658,True,7.3,False,0.006344767595249023,2.000000000000001,True,0.005934010027459218,0.10925819833482596,0.017175649892662955,0.28768885076199135,0.11230869537774442,-0.75,0.009999999999999787,0.016350248605289767,0.07245156496022,47.0,94.0,0.23249331760888414,750.0000000004168,2.3182852457098067,7.3,325.27172163855965,1087.5771474265655,0.0,nan
pd,10.0,1.0,esn,46,"demo_00 -7.5,+0 deg",,0.00907490801770142,True,1.6600000000000001,False,0.006672240285559385,2.0,True,0.006740900281534779,2.028097355212585,0.3512357225942858,14.187804809052372,0.0931270662850087,-0.75,-5.63,0.005456728421275421,0.07245156496022,1.0,94.0,0.12885608153430478,422.4573151689284,1.21376504545765,1.6600000000000001,183.2178909649663,306.4215525843219,0.0,nan
pd,10.0,1.0,replay,46,"demo_00 -7.5,+0 deg",demo_00,0.016432383707528413,True,7.3,False,0.006344767595249023,2.000000000000001,True,0.005934010027459218,0.10151424068369305,0.017580727862252832,0.26679919330686935,0.0931270662850087,-0.75,0.009999999999999787,0.0163602734972666,0.07245156496022,49.0,94.0,0.2135102748828401,750.0000000004168,2.1344185265912636,7.3,325.27172163855965,1082.3392538336486,0.0,nan
pd,10.0,1.0,esn,47,"demo_00 -7.5,+2.5 deg",,0.0054016130631552315,True,3.67,False,0.006675742729398204,2.0,True,0.006740900282388316,0.7210949256252419,0.11637050919531876,10.403736256741896,0.08618996635550279,-0.75,-3.62,0.0028543138615894836,0.07245156496022,3.0,94.0,0.07901493788933556,253.3565906258687,0.719182264507937,3.67,109.87964589507493,110.65631334591644,0.0,nan
pd,10.0,1.0,replay,47,"demo_00 -7.5,+2.5 deg",demo_00,0.01588824960250211,True,7.3,False,0.006344767595249023,2.000000000000001,True,0.005934010027459218,0.10313586220006286,0.016644095491468003,0.2745753184448814,0.08618996635550279,-0.75,0.009999999999999787,0.016628050228024147,0.07245156496022,49.0,94.0,0.21743903477510906,750.0000000004168,2.062052092655966,7.3,325.27172163855965,1082.259540314212,0.0,nan
pd,10.0,1.0,esn,48,"demo_00 -7.5,+5 deg",,0.004976076411274651,False,nan,False,nan,0.0,False,0.5109803803702154,0.10927222254915114,0.014779104832360503,20.61992821320594,0.09343009817187051,-0.74,nan,0.0012774688761893367,0.07245156496022,0.0,94.0,0.07523236923786218,229.92358502284523,0.6669322169864929,nan,99.7168537941987,91.45087178066429,0.0,nan
pd,10.0,1.0,replay,48,"demo_00 -7.5,+5 deg",demo_00,0.016072824171680936,True,7.3,False,0.006344767595249023,2.000000000000001,True,0.005934010027459218,0.11116358161364545,0.015034911781626345,0.3089346696677113,0.09343009817187051,-0.75,0.009999999999999787,0.01714523958011207,0.07245156496022,48.0,94.0,0.24325838539240943,750.0000000004168,2.1142591659692385,7.3,325.27172163855965,1087.3212198872975,0.0,nan
pd,10.0,1.0,esn,49,"demo_00 -7.5,+7.5 deg",,0.007208415147615823,False,nan,False,nan,0.0,False,0.5109803803696732,0.11357070296972777,0.01243336389756416,20.624214373899903,0.11195669234227547,-0.75,nan,0.002226661820473328,0.07245156496022,0.0,94.0,0.11956415983247651,319.63949534989877,0.9790760378166087,nan,138.62625194144576,179.3254275327366,0.0,nan
pd,10.0,1.0,replay,49,"demo_00 -7.5,+7.5 deg",demo_00,0.01697955796674739,True,7.3,False,0.006344767595249023,2.000000000000001,True,0.005934010027459218,0.12378899799615974,0.013552030746973054,0.36238318082649257,0.11195669234227547,-0.75,0.009999999999999787,0.017893166900058807,0.07245156496022,43.0,94.0,0.28506930131530095,750.0000000004198,2.2843415882333975,7.3,325.27172163855965,1097.5189812705053,0.0,nan
pd,10.0,1.0,esn,50,"demo_00 -7.5,+10 deg",,0.010738494936308997,True,3.6,False,0.0066735439678975534,2.0000000000000004,True,0.006740900282339678,1.0107532302933058,0.09051103501235373,10.509079389452376,0.13795777603710319,-0.75,-3.69,0.008178174800408071,0.07245156496022,2.0,94.0,0.1927540076453754,540.5421868633933,1.4805455980549522,3.6,199.9288199016979,377.83245126775216,0.0,nan
pd,10.0,1.0,replay,50,"demo_00 -7.5,+10 deg",demo_00,0.018524590107544137,True,7.3,False,0.006344767595249023,2.000000000000001,True,0.005934010027459218,0.13743623268806615,0.012307154007497746,0.42775601538336233,0.13795777603710319,-0.75,0.009999999999999787,0.018846543168189525,0.07245156496022,40.0,94.0,0.33689026570473357,1000.0000000005556,2.5507569650602657,7.3,325.27172163855965,1112.8590639928068,0.0,nan
pd,10.0,1.0,esn,51,"demo_00 -7.5,+12.5 deg",,0.014608068049294513,True,2.72,False,0.0066735738279810825,1.9999999999999996,True,0.006740900281537263,1.4983955351360159,0.11215976444894794,12.39935926508834,0.16796117071883343,-0.75,-4.57,0.013797304957031218,0.07245156496022,2.0,94.0,0.273003013847214,802.6508148094426,2.046615475565057,2.72,265.53769161656584,672.3751141077521,0.0,nan
pd,10.0,1.0,replay,51,"demo_00 -7.5,+12.5 deg",demo_00,0.02058989646919968,True,7.3,False,0.006344767595249023,2.000000000000001,True,0.005934010027459218,0.15085480690688577,0.011291971453406623,0.5002929369054218,0.16796117071883343,-0.75,0.009999999999999787,0.019977411966146996,0.07245156496022,34.0,94.0,0.39467325407823667,1250.0000000007042,2.888916925537543,7.3,325.27172163855965,1133.359175650719,0.0,nan
pd,10.0,1.0,esn,52,"demo_00 -7.5,+15 deg",,0.018323039059427684,True,2.35,False,0.006674607484739031,2.0000000000000004,True,0.0067409002814884395,1.7462210565087475,0.11162003600436135,13.153699476229544,0.20013158086799554,-0.75,-4.9399999999999995,0.0194905966292732,0.07245156496022,1.0,94.0,0.3546134386421694,1081.3740713195605,2.610465645104446,2.35,325.0601499436834,1015.1935049874255,0.0,nan
pd,10.0,1.0,replay,52,"demo_00 -7.5,+15 deg",demo_00,0.023063410362546506,True,7.3,False,0.006344767595249023,2.000000000000001,True,0.005934010027459218,0.16483253792928218,0.010536245539921175,0.5771660472943939,0.20013158086799554,-0.75,0.009999999999999787,0.021258252162348123,0.07245156496022,26.0,94.0,0.456003475100309,1500.0000000008397,3.2785898377452005,7.3,325.27172163855965,1159.0481777630134,0.0,nan
pd,10.0,1.0,esn,53,"demo_00 -5,-15 deg",,0.02774351124283961,True,0.98,True,0.006658121335075722,2.0,False,0.006740900281560773,3.223004781967787,0.22881055539123563,15.009256632014225,0.2386411308206876,-0.75,-6.3100000000000005,0.025581035043822937,0.07245156496022,0.0,94.0,0.4019683372064583,1270.731659837713,3.78910866045026,1.56,551.1107663144112,2835.819307213877,0.0,nan
pd,10.0,1.0,replay,53,"demo_00 -5,-15 deg",demo_00,0.02663149748314883,True,7.3,False,0.006344767595249023,2.000000000000001,True,0.005934010027459218,0.18927738711180422,0.013437356441529068,0.561760530090621,0.2386411308206876,-0.75,0.009999999999999787,0.019543099639940244,0.07245156496022,20.0,94.0,0.4502111690098576,1500.0000000008336,3.7507303656225925,7.3,216.84781442570647,625.7356236254178,0.0,nan
pd,10.0,1.0,esn,54,"demo_00 -5,-12.5 deg",,0.026112403189947966,True,1.01,True,0.006663850106036257,2.0,False,0.006740900281561767,3.0722146698883592,0.2563922300997537,14.976642061274132,0.2039423658408937,-0.75,-6.28,0.024240177477007394,0.07245156496022,0.0,94.0,0.3544906606066569,1200.8531147487618,3.5364713133495473,1.55,520.8047467588526,2523.2527174049865,0.0,nan
pd,10.0,1.0,replay,54,"demo_00 -5,-12.5 deg",demo_00,0.023332139474312487,True,7.3,False,0.006344767595249023,2.000000000000001,True,0.005934010027459218,0.16740523977510133,0.013970834517850257,0.4828553417052031,0.2039423658408937,-0.75,0.009999999999999787,0.018368926794453472,0.07245156496022,26.0,94.0,0.3884123357811473,1250.0000000006978,3.273554957103766,7.3,216.84781442570647,596.1776464266702,0.0,nan
pd,10.0,1.0,esn,55,"demo_00 -5,-10 deg",,0.02387188257011688,True,1.06,False,0.00666826628574577,2.0,True,0.006740900281562041,2.901335929622255,0.28901964292878607,14.930179366074327,0.16958214096258542,-0.75,-6.23,0.022622549171130955,0.07245156496022,0.0,94.0,0.3109130877684541,1097.8538607812723,3.2222690535309635,1.06,476.13442053822126,2099.206377352013,0.0,nan
pd,10.0,1.0,replay,55,"demo_00 -5,-10 deg",demo_00,0.020171887950466993,True,7.3,False,0.006344767595249023,2.000000000000001,True,0.005934010027459218,0.14626810299819293,0.014570651563920284,0.40604829175188967,0.16958214096258542,-0.75,0.009999999999999787,0.017348959269290542,0.07245156496022,34.0,94.0,0.328173947651304,1000.0000000005556,2.811378800524405,7.3,216.84781442570647,571.8746139537549,0.0,nan
pd,10.0,1.0,esn,56,"demo_00 -5,-7.5 deg",,0.02026605211440525,True,1.1300000000000001,False,0.006668912481715566,1.9999999999999998,True,0.006740900281563283,2.7328852371358403,0.34133165148423855,14.855418175111613,0.13590755000625884,-0.75,-6.16,0.019339627683764404,0.07245156496022,0.0,94.0,0.26404400048131244,930.5832907475858,2.7414391738794133,1.1300000000000001,403.5899054791674,1496.9182191460482,0.0,nan
pd,10.0,1.0,replay,56,"demo_00 -5,-7.5 deg",demo_00,0.017207290317350257,True,7.3,False,0.006344767595249023,2.000000000000001,True,0.005934010027459218,0.12526637550146164,0.01564550836030345,0.333215080275653,0.13590755000625884,-0.75,0.009999999999999787,0.016517867399887226,0.07245156496022,41.0,94.0,0.27101091242245695,750.0000000004198,2.3725718234904134,7.3,216.84781442570647,552.7647482820555,0.0,nan
pd,10.0,1.0,esn,57,"demo_00 -5,-5 deg",,0.015101298759908344,True,1.25,False,0.006670441610291935,2.0,True,0.00674090028156074,2.5159730601867816,0.42088275148848725,14.726188966979638,0.10368389352879506,-0.75,-6.04,0.012364729059416144,0.07245156496022,0.0,94.0,0.2079168340767751,693.2265266656366,2.0476227000909493,1.25,300.64931441856686,822.9218026678631,0.0,nan
pd,10.0,1.0,replay,57,"demo_00 -5,-5 deg",demo_00,0.014542203872646074,True,7.3,False,0.006344767595249023,2.000000000000001,True,0.005934010027459218,0.10514145426151748,0.017588512876128812,0.26805312860656855,0.10368389352879506,-0.75,0.009999999999999787,0.015911125691874552,0.07245156496022,48.0,94.0,0.2198225137027478,500.0000000002842,1.9727306141489889,7.3,216.84781442570647,538.7957969344445,0.0,nan
pd,10.0,1.0,esn,58,"demo_00 -5,-2.5 deg",,0.009232595494584417,True,1.47,False,0.006671783780844976,2.0,True,0.006740900281541124,2.1945159046446254,0.5212468286806293,14.458600004504584,0.07475861608373909,-0.75,-5.82,0.005463958024031454,0.07245156496022,0.0,94.0,0.14076861482396305,425.3224410460247,1.2485320288504713,1.47,184.4604835339712,308.35390769859146,0.0,nan
pd,10.0,1.0,replay,58,"demo_00 -5,-2.5 deg",demo_00,0.012361825763527397,True,7.3,False,0.006344767595249023,2.000000000000001,True,0.005934010027459218,0.08850289429686303,0.021021425674637474,0.21798845503966696,0.07475861608373909,-0.75,0.009999999999999787,0.015560426528967858,0.07245156496022,52.0,94.0,0.18025041986439286,500.0000000002778,1.6410503736998097,7.3,216.84781442570647,529.9251912605725,0.0,nan
pd,10.0,1.0,esn,59,"demo_00 -5,+0 deg",,0.004356813771774443,True,2.16,False,0.006672648575537918,2.0,True,0.006740900281495301,1.4515836230065466,0.44306959457745865,13.41412177163297,0.053183425979137076,-0.74,-5.13,0.002910711884101994,0.07245156496022,2.0,94.0,0.06907557910775262,202.6379430499306,0.5849826144612441,2.16,87.8831901401476,70.32623373631671,0.0,nan
pd,10.0,1.0,replay,59,"demo_00 -5,+0 deg",demo_00,0.010958543660428083,True,7.3,False,0.006344767595249023,2.000000000000001,True,0.005934010027459218,0.08011924416949309,0.024454947320571706,0.19536000432820796,0.053183425979137076,-0.75,0.009999999999999787,0.01548798886190722,0.07245156496022,56.0,94.0,0.1614735439291383,500.0000000002778,1.4270363481120818,7.3,216.84781442570647,526.1202366272674,0.0,nan
pd,10.0,1.0,esn,60,"demo_00 -5,+2.5 deg",,0.0023783353584829383,False,nan,False,nan,0.0,False,0.5109803803703785,0.07469752090570482,0.01907853428405101,20.615145320834095,0.05142632725596606,-0.74,nan,0.0005304426900999982,0.07245156496022,0.0,94.0,0.03543776981833863,109.94057236042357,0.3192494201652846,nan,47.68074566611167,20.731226301665338,0.0,nan
pd,10.0,1.0,replay,60,"demo_00 -5,+2.5 deg",demo_00,0.010654090795642153,True,7.3,False,0.006344767595249023,2.000000000000001,True,0.005934010027459218,0.08537190522121182,0.021804884565228593,0.20946732545965407,0.05142632725596606,-0.75,0.009999999999999787,0.015701722531979316,0.07245156496022,56.0,94.0,0.17073172476868673,500.0000000002778,1.3880485124984219,7.3,216.84781442570647,527.3583152725455,0.0,nan
pd,10.0,1.0,esn,61,"demo_00 -5,+5 deg",,0.0036420916669798837,False,nan,False,nan,0.0,False,0.5109803803701924,0.09789067572991654,0.017414271578707816,20.616651350777214,0.06860907628628012,-0.74,nan,0.001027574607220795,0.07245156496022,0.0,94.0,0.061109838557609486,163.93828903768096,0.4945757668904959,nan,67.31712729049165,42.23537631224615,0.0,nan
pd,10.0,1.0,replay,61,"demo_00 -5,+5 deg",demo_00,0.011554704358846493,True,7.3,False,0.006344767595249023,2.000000000000001,True,0.005934010027459218,0.10232330510866054,0.01820281462669105,0.2543377806370804,0.06860907628628012,-0.75,0.009999999999999787,0.016193512245616076,0.07245156496022,54.0,94.0,0.20432699973417084,500.0000000002842,1.5395498897592614,7.3,216.84781442570647,533.6270756133983,0.0,nan
pd,10.0,1.0,esn,62,"demo_00 -5,+7.5 deg",,0.006891564410741113,False,nan,False,nan,0.0,False,0.5109803803696668,0.10687807950677487,0.013755722987541706,20.62114646384686,0.0967231785390574,-0.75,nan,0.0023100678883167,0.07245156496022,0.0,94.0,0.1209956206671259,355.63092937738463,0.945986273647595,nan,121.01856384816303,139.13232853408098,0.0,nan
pd,10.0,1.0,replay,62,"demo_00 -5,+7.5 deg",demo_00,0.013444580566814813,True,7.3,False,0.006344767595249023,2.000000000000001,True,0.005934010027459218,0.11713169368054446,0.015075412458445467,0.3171549356415969,0.0967231785390574,-0.75,0.009999999999999787,0.016941503315402073,0.07245156496022,49.0,94.0,0.2527124297305175,750.0000000004198,1.8370969475270105,7.3,216.84781442570647,544.9245735094092,0.0,nan
pd,10.0,1.0,esn,63,"demo_00 -5,+10 deg",,0.010834316357641458,True,3.49,False,0.006674127870529271,2.0,True,0.006740900282207531,1.0735515780516145,0.10648651713198493,10.768134625851376,0.12876460242142176,-0.75,-3.8,0.008682223569354131,0.07245156496022,2.0,94.0,0.20079319352446226,602.9431432408473,1.5058807526020412,3.49,184.87673061578528,328.55324138049883,0.0,nan
pd,10.0,1.0,replay,63,"demo_00 -5,+10 deg",demo_00,0.01600408586062665,True,7.3,False,0.006344767595249023,2.000000000000001,True,0.005934010027459218,0.13066307903688534,0.01296058474398725,0.3892534236327471,0.12876460242142176,-0.75,0.009999999999999787,0.017915139581585745,0.07245156496022,42.0,94.0,0.30893281778788845,1000.0000000005556,2.224859037272869,7.3,216.84781442570647,561.2593215013875,0.0,nan
pd,10.0,1.0,esn,64,"demo_00 -5,+12.5 deg",,0.01477950726205499,True,2.64,False,0.006672960516066919,1.9999999999999996,True,0.006740900281519142,1.4985680702908046,0.12020988703289623,12.583192364297934,0.16238319173133697,-0.75,-4.65,0.014223851317030472,0.07245156496022,1.0,94.0,0.28034322514585963,875.3242306865413,2.0831621437156933,2.64,245.04074335429863,582.2674946474921,0.0,nan
pd,10.0,1.0,replay,64,"demo_00 -5,+12.5 deg",demo_00,0.018992956821188182,True,7.3,False,0.006344767595249023,2.000000000000001,True,0.005934010027459218,0.14350143032532614,0.011511182621900505,0.4662416854048593,0.16238319173133697,-0.75,0.009999999999999787,0.019080649001396145,0.07245156496022,37.0,94.0,0.36930571544432805,1250.0000000007042,2.6656545244959426,7.3,216.84781442570647,582.6501916032521,0.0,nan
pd,10.0,1.0,esn,65,"demo_00 -5,+15 deg",,0.018538741454025613,True,2.3000000000000003,False,0.006672816548722161,1.9999999999999996,True,0.00674090028149127,1.6564598660906678,0.11125519255328153,13.264741916123594,0.19658510189643652,-0.75,-4.99,0.01970001570953535,0.07245156496022,2.0,94.0,0.3607562939622288,1158.2065409843144,2.650169492245865,2.3000000000000003,297.69609896349294,866.8739071166577,0.0,nan
pd,10.0,1.0,replay,65,"demo_00 -5,+15 deg",demo_00,0.022267995838549177,True,7.3,False,0.006344767595249023,2.000000000000001,True,0.005934010027459218,0.1592189303795663,0.010693849648957681,0.5459290800885458,0.19658510189643652,-0.75,0.009999999999999787,0.020405243173482232,0.07245156496022,28.0,94.0,0.4319485687594799,1500.0000000008397,3.138982450953598,7.3,216.84781442570647,609.1261063654719,0.0,nan
pd,10.0,1.0,esn,66,"demo_00 -2.5,-15 deg",,0.022777891304782357,True,1.06,True,0.0066774973700571725,2.0,False,0.006740900281561256,2.8340105237032738,0.22103071313974287,14.949302382080072,0.21365568895552817,-0.75,-6.23,0.019128199618331978,0.07245156496022,0.0,94.0,0.32487227230661275,1042.168365181354,3.1229509537617206,1.51,451.9838645061254,1903.1608699478431,0.0,nan
pd,10.0,1.0,replay,66,"demo_00 -2.5,-15 deg",demo_00,0.024739956807058195,True,7.3,False,0.006344767595249023,2.000000000000001,True,0.005934010027459218,0.18411531103444045,0.01435955800358517,0.5295595179542053,0.21365568895552817,-0.75,0.009999999999999787,0.01959288139813105,0.07245156496022,23.0,94.0,0.42067272888633095,1500.0000000008336,3.464647791100306,7.3,108.42390721285324,283.30010253742716,0.0,nan
pd,10.0,1.0,esn,67,"demo_00 -2.5,-12.5 deg",,0.021079761971983132,True,1.09,False,0.006676225956416078,1.9999999999999998,True,0.006740900281564677,2.731977350702159,0.25527258861643887,14.913155487287225,0.17875353110194295,-0.75,-6.2,0.0178926139524275,0.07245156496022,0.0,94.0,0.2812004763354206,969.6560912618829,2.860795905187569,1.09,420.53560826919215,1640.2881284860307,0.0,nan
pd,10.0,1.0,replay,67,"demo_00 -2.5,-12.5 deg",demo_00,0.021013408965351994,True,7.3,False,0.006344767595249023,2.000000000000001,True,0.005934010027459218,0.16043420010904136,0.014990773460811027,0.4493503537429365,0.17875353110194295,-0.75,0.009999999999999787,0.018303077405874443,0.07245156496022,32.0,94.0,0.35876341133966233,1250.0000000006978,2.943240041834612,7.3,108.42390721285324,255.6730033755474,0.0,nan
pd,10.0,1.0,esn,68,"demo_00 -2.5,-10 deg",,0.01879345740812346,True,1.1500000000000001,False,0.006677228225113866,1.9999999999999998,True,0.006740900281563639,2.5952294822182544,0.3049266375779885,14.86022633919739,0.1439136041630369,-0.75,-6.14,0.016342206193011976,0.07245156496022,0.0,94.0,0.24248386367496627,863.226073698115,2.5410769562440816,1.1500000000000001,374.37737487323204,1292.73083210564,0.0,nan
pd,10.0,1.0,replay,68,"demo_00 -2.5,-10 deg",demo_00,0.017351773474173566,True,7.3,False,0.006344767595249023,2.000000000000001,True,0.005934010027459218,0.13702651375995273,0.016099938131152316,0.3702920384361981,0.1439136041630369,-0.75,0.009999999999999787,0.01716877692855592,0.07245156496022,39.0,94.0,0.2978626604354575,1000.0000000005556,2.427432284446193,7.3,108.42390721285324,233.0951744939976,0.0,nan
pd,10.0,1.0,esn,69,"demo_00 -2.5,-7.5 deg",,0.015112253428998869,True,1.23,False,0.006674384981974655,2.0,True,0.006740900281560868,2.4712856622636394,0.3786491163729716,14.77105342096451,0.10929343247508683,-0.75,-6.0600000000000005,0.013035292847226383,0.07245156496022,0.0,94.0,0.20061172606830063,691.1432407726168,2.0509200690342313,1.23,299.7458024331172,821.0315719503404,0.0,nan
pd,10.0,1.0,replay,69,"demo_00 -2.5,-7.5 deg",demo_00,0.013783559304574868,True,7.3,False,0.006344767595249023,2.000000000000001,True,0.005934010027459218,0.11479820581222545,0.01758932196943425,0.29372473396218696,0.10929343247508683,-0.75,0.009999999999999787,0.016228224634777542,0.07245156496022,47.0,94.0,0.23919917421639908,750.0000000004198,1.9213162797307617,7.3,108.42390721285324,215.51342127123212,0.0,nan
pd,10.0,1.0,esn,70,"demo_00 -2.5,-5 deg",,0.009978257753407724,True,1.3800000000000001,False,0.006674871394621098,1.9999999999999998,True,0.006740900281544541,2.2637677896946142,0.4936479220014577,14.604144907151175,0.07520220098562598,-0.75,-5.91,0.006794838418059228,0.07245156496022,0.0,94.0,0.14922282664639572,455.1969262523031,1.3599593136396673,1.3800000000000001,197.41691718211285,352.3322747515912,0.0,nan
pd,10.0,1.0,replay,70,"demo_00 -2.5,-5 deg",demo_00,0.010385619418424604,True,7.3,False,0.006344767595249023,2.000000000000001,True,0.005934010027459218,0.09287550261661401,0.020252871818499277,0.22268167627390295,0.07520220098562598,-0.75,0.009999999999999787,0.015522031619801544,0.07245156496022,53.0,94.0,0.1853991143885117,500.0000000002842,1.435188628213777,7.3,108.42390721285324,202.88313069738007,0.0,nan
pd,10.0,1.0,esn,71,"demo_00 -2.5,-2.5 deg",,0.004624967105688118,True,1.7,False,0.00667456453342255,2.0,True,0.006740900281532783,1.8626344084142392,0.748250671743837,14.170927149650867,0.05093666144777748,-0.74,-5.59,0.0033288767224651118,0.07245156496022,1.0,94.0,0.08683544590582884,212.0396097301473,0.6287511689626468,1.7,91.96065188327289,76.3529994124493,0.0,nan
pd,10.0,1.0,replay,71,"demo_00 -2.5,-2.5 deg",demo_00,0.007384390360369495,True,7.3,False,0.006344767595249023,2.000000000000001,True,0.005934010027459218,0.07161133456010141,0.028767443008146085,0.1649512826296451,0.04130210392087671,-0.75,0.009999999999999787,0.015088027497436853,0.07245156496022,62.0,94.0,0.14259025931509517,250.00000000014848,0.9995019037682438,7.3,108.42390721285324,195.1684615919385,0.0,nan
pd,10.0,1.0,esn,72,"demo_00 -2.5,+0 deg",,0.0011522169421976699,False,nan,False,nan,0.0,False,0.5109803803703202,0.055752690908068586,0.07047599532610506,20.615724674850263,0.013343816499823654,-0.72,nan,0.00023005179857995954,0.07245156496022,1.0,94.0,0.01723561920893739,53.59522438673205,0.1555620982985766,nan,23.2440145438229,4.884998234876749,0.0,nan
pd,10.0,1.0,replay,72,"demo_00 -2.5,+0 deg",demo_00,0.005481127148779902,True,7.3,False,0.006344767595249023,2.000000000000001,True,0.005934010027459218,0.05837843856113731,0.07379515672102926,0.13874381377377806,0.013343816499823654,-0.75,0.009999999999999787,0.014954149767203941,0.07245156496022,63.0,94.0,0.12326379536981467,250.0000000001389,0.7158197522703125,7.3,108.42390721285324,192.3425701101926,0.0,nan
pd,10.0,1.0,esn,73,"demo_00 -2.5,+2.5 deg",,0.0010035917963706834,False,nan,False,nan,0.0,False,0.5109803803703578,0.0685053521842981,0.03139459165162369,20.613139972166906,0.027031885539560537,-0.71,nan,0.00024268435459713294,0.07245156496022,0.0,94.0,0.018442081787339297,52.15657173765584,0.13776980366409716,nan,16.119690062020535,2.4472236014530555,0.0,nan
pd,10.0,1.0,replay,73,"demo_00 -2.5,+2.5 deg",demo_00,0.00588918404460199,True,7.3,False,0.006344767595249023,2.000000000000001,True,0.005934010027459218,0.07143736237008456,0.03273827151846869,0.16055067777237622,0.027031885539560537,-0.75,0.009999999999999787,0.015131763545131507,0.07245156496022,63.0,94.0,0.1379107839237564,250.00000000014848,0.7776120079958412,7.3,108.42390721285324,194.38785436368286,0.0,nan
pd,10.0,1.0,esn,74,"demo_00 -2.5,+5 deg",,0.003559863087831554,False,nan,False,nan,0.0,False,0.5109803803701042,0.09401222147845172,0.020499996807363,20.614275135374683,0.05979870506757273,-0.74,nan,0.0011590205149663065,0.07245156496022,0.0,94.0,0.06407578378530047,197.1804268096014,0.48921317208274623,nan,55.298557972776806,29.53831998777589,0.0,nan
pd,10.0,1.0,replay,74,"demo_00 -2.5,+5 deg",demo_00,0.008303929260476964,True,7.3,False,0.006344767595249023,2.000000000000001,True,0.005934010027459218,0.09487793481543995,0.0206887714194853,0.21636262511253213,0.05979870506757273,-0.75,0.009999999999999787,0.0156127289034002,0.07245156496022,58.0,94.0,0.1784094568591005,500.0000000002842,1.132242071718386,7.3,108.42390721285324,201.29619581174023,0.0,nan
pd,10.0,1.0,esn,75,"demo_00 -2.5,+7.5 deg",,0.007323771760788134,False,nan,False,nan,0.0,False,0.510980380370615,0.1246821663391966,0.017667976048416804,20.6230229044306,0.09384960350248912,-0.75,nan,0.0025859124390929435,0.07245156496022,0.0,94.0,0.1328441171571999,420.18838241702866,1.012780179054106,nan,113.60969778320295,125.73390082723849,0.0,nan
pd,10.0,1.0,replay,75,"demo_00 -2.5,+7.5 deg",demo_00,0.011558060042993543,True,7.3,False,0.006344767595249023,2.000000000000001,True,0.005934010027459218,0.11121743403321811,0.015759968072094177,0.2869515311660448,0.09384960350248912,-0.75,0.009999999999999787,0.016371897709213386,0.07245156496022,51.0,94.0,0.23153779874295094,750.0000000004198,1.5973809048838512,7.3,108.42390721285324,213.0691677571349,0.0,nan
pd,10.0,1.0,esn,76,"demo_00 -2.5,+10 deg",,0.011364681899931844,True,3.13,False,0.006673695877900136,2.0,True,0.0067409002817953485,1.2384581359352027,0.12977559872976702,11.585432506602364,0.1285304575985092,-0.75,-4.16,0.009701251416960013,0.07245156496022,2.0,94.0,0.21332645688401372,681.4561059117442,1.5880207920852776,3.13,172.58774790822966,292.8112235030231,0.0,nan
pd,10.0,1.0,replay,76,"demo_00 -2.5,+10 deg",demo_00,0.015150032362973038,True,7.3,False,0.006344767595249023,2.000000000000001,True,0.005934010027459218,0.1239186388455106,0.0129851910882802,0.363737754515088,0.1285304575985092,-0.75,0.009999999999999787,0.017373528209812465,0.07245156496022,43.0,94.0,0.2903574567273034,1000.0000000005556,2.102861844999998,7.3,108.42390721285324,229.7181727957812,0.0,nan
pd,10.0,1.0,esn,77,"demo_00 -2.5,+12.5 deg",,0.015328440946571799,True,2.5100000000000002,False,0.006674770567167716,1.9999999999999996,True,0.006740900281500711,1.4112789061379367,0.117265105005721,12.895679817929908,0.16339582499906352,-0.75,-4.779999999999999,0.014908410643547004,0.07245156496022,2.0,94.0,0.2904948706259075,959.3939495549366,2.1665517007334762,2.5100000000000002,225.5928630590149,504.8126536735033,0.0,nan
pd,10.0,1.0,replay,77,"demo_00 -2.5,+12.5 deg",demo_00,0.0189182512671316,True,7.3,False,0.006344767595249023,2.000000000000001,True,0.005934010027459218,0.13844812775173038,0.011503845319335721,0.4434095107210903,0.16339582499906352,-0.75,0.009999999999999787,0.01857834328567177,0.07245156496022,38.0,94.0,0.3519074050421566,1250.0000000007042,2.627233435415708,7.3,108.42390721285324,251.26446159558944,0.0,nan
pd,10.0,1.0,esn,78,"demo_00 -2.5,+15 deg",,0.01916071583892217,True,2.23,False,0.006674313169626082,2.0000000000000004,True,0.006740900281495005,1.5782530800084045,0.10862324962539104,13.430429512682352,0.1982995833155524,-0.75,-5.0600000000000005,0.020236169766541853,0.07245156496022,2.0,94.0,0.37091666873296675,1244.5402399146487,2.7383014994923323,2.23,272.66910296794003,744.8519593732927,0.0,nan
pd,10.0,1.0,replay,78,"demo_00 -2.5,+15 deg",demo_00,0.022804438164874763,True,7.3,False,0.006344767595249023,2.000000000000001,True,0.005934010027459218,0.15701796999057974,0.0108067599335007,0.524534564667944,0.1982995833155524,-0.75,0.009999999999999787,0.019948767089146138,0.07245156496022,29.0,94.0,0.41483754521049215,1500.0000000008397,3.1626391521642563,7.3,108.42390721285324,277.7389753354176,0.0,nan
pd,10.0,1.0,esn,79,"demo_00 +0,-15 deg",,0.018027414040561678,True,1.1400000000000001,False,0.006687136212178285,2.0,True,0.006740900281563702,2.5202898231877358,0.2213522514492449,14.888776129211307,0.18844257990692398,-0.75,-6.15,0.013758440637530239,0.07245156496022,0.0,94.0,0.2549627574263676,823.6103291029591,2.4842069969860634,1.1400000000000001,357.19619960862883,1184.8458929575254,0.0,nan
pd,10.0,1.0,replay,79,"demo_00 +0,-15 deg",demo_00,0.023939852447717118,True,7.3,False,0.006344767595249023,2.000000000000001,True,0.005934010027459218,0.1819019780111667,0.015976104020019092,0.513368438739778,0.18844257990692398,-0.75,0.009999999999999787,0.01980456149422772,0.07245156496022,28.0,94.0,0.40461351628884773,1500.0000000008336,3.300209074826992,7.3,93.2005820564972,165.39295382389398,0.0,nan
pd,10.0,1.0,esn,80,"demo_00 +0,-12.5 deg",,0.01628634468953267,True,1.18,False,0.006683758439406255,2.0,True,0.006740900281563055,2.450956700931217,0.26002634754879905,14.84869229978943,0.15365121678907825,-0.75,-6.11,0.012522531248681594,0.07245156496022,0.0,94.0,0.21544754389187407,749.3231547402008,2.2161119759834267,1.18,324.97817680779576,975.4096268617373,0.0,nan
pd,10.0,1.0,replay,80,"demo_00 +0,-12.5 deg",demo_00,0.01993104385087857,True,7.3,False,0.006344767595249023,2.000000000000001,True,0.005934010027459218,0.1573838058608009,0.016697127364903946,0.4330865134375786,0.15365121678907825,-0.75,0.009999999999999787,0.018428389969680162,0.07245156496022,37.0,94.0,0.34315937926807444,1250.0000000006978,2.75118721851484,7.3,77.66715171374767,139.49730343598836,0.0,nan
pd,10.0,1.0,esn,81,"demo_00 +0,-10 deg",,0.014036593287948386,True,1.23,False,0.00667766964231904,2.0,True,0.006740900281560175,2.392376994519779,0.33043748434116305,14.788296247479174,0.11914304276776726,-0.75,-6.0600000000000005,0.011158182855641123,0.07245156496022,0.0,94.0,0.1824623193415931,642.8099617425576,1.9020369789746345,1.23,278.78387058973607,713.0492626210902,0.0,nan
pd,10.0,1.0,replay,81,"demo_00 +0,-10 deg",demo_00,0.01593960311684921,True,7.3,False,0.006344767595249023,2.000000000000001,True,0.005934010027459218,0.13246440991773709,0.018296115736867725,0.3536282860185768,0.11914304276776726,-0.75,0.009999999999999787,0.017211818261625284,0.07245156496022,42.0,94.0,0.2825764220057134,1000.0000000005556,2.202221988615489,7.3,62.13372137099815,118.39147583809726,0.0,nan
pd,10.0,1.0,esn,82,"demo_00 +0,-7.5 deg",,0.010493292950285631,True,1.33,False,0.006675572046072837,2.0,True,0.006740900281546291,2.2718386967309714,0.4430438384695352,14.681547121601868,0.08611520963964313,-0.75,-5.96,0.007984912958836854,0.07245156496022,0.0,94.0,0.14716978215795792,475.9665066319532,1.4301218198667425,1.33,206.42459340584023,386.70029595096,0.0,nan
pd,10.0,1.0,replay,82,"demo_00 +0,-7.5 deg",demo_00,0.011958121935427704,True,7.3,False,0.006344767595249023,2.000000000000001,True,0.005934010027459218,0.1082117107870813,0.021102964653014276,0.2760621973821384,0.0851657390379268,-0.75,0.009999999999999787,0.016195775389531437,0.07245156496022,50.0,94.0,0.2239705297499979,750.0000000004198,1.6529582841920742,7.3,46.600291028248634,102.03011670126334,0.0,nan
pd,10.0,1.0,esn,83,"demo_00 +0,-5 deg",,0.0057712286847769936,True,1.51,False,0.006674046903878979,2.0,True,0.006740900281541533,2.038458792533566,0.6809530800386251,14.457260054733498,0.05825897126763116,-0.75,-5.78,0.0036798644398488276,0.07245156496022,1.0,94.0,0.10263355347175379,260.14882374857626,0.7916118245879834,1.51,112.82540771053122,114.37248657350199,0.0,nan
pd,10.0,1.0,replay,83,"demo_00 +0,-5 deg",demo_00,0.007979218487974102,True,7.3,False,0.006344767595249023,2.000000000000001,True,0.005934010027459218,0.08455527173492268,0.028245934100946703,0.2029669708986397,0.05177574101230625,-0.75,0.009999999999999787,0.015424577571563559,0.07245156496022,56.0,94.0,0.1698320421647462,500.0000000002842,1.1030504753665364,7.3,31.066860685499037,90.37551628565735,0.0,nan
pd,10.0,1.0,esn,84,"demo_00 +0,-2.5 deg",,0.0014450972951019873,True,2.09,False,0.006672858424959333,2.0,True,0.006740900281500474,1.3645208023828967,1.258378351090433,13.561022799917485,0.04098431626484578,-0.73,-5.2,0.002421085279720109,0.07245156496022,2.0,94.0,0.04936841112916932,65.83242166110666,0.34810736130432035,2.09,28.55123351110921,7.521743223229461,0.0,nan
pd,10.0,1.0,replay,84,"demo_00 +0,-2.5 deg",demo_00,0.003995577786576545,True,7.3,False,0.006344767595249023,2.000000000000001,True,0.005934010027459218,0.0628383886661757,0.05795035720733038,0.1418826942293815,0.018840617245048052,-0.74,0.009999999999999787,0.014940322071328355,0.07245156496022,63.0,94.0,0.12649220277888162,250.00000000014848,0.5521677743187369,7.3,25.4210209816014,83.39787731798604,0.0,nan
pd,10.0,1.0,esn,85,"demo_00 +0,+2.5 deg",,0.0011964447118994006,False,nan,False,nan,0.0,False,0.5109803803702645,0.07795839118536373,0.03373440317681245,20.611633003661595,0.03490381605529773,-0.72,nan,0.00040071733017325433,0.07245156496022,0.0,94.0,0.02358682308019875,76.88349813384599,0.16750478062330745,nan,8.639903159889162,0.9369795327974941,0.0,nan
pd,10.0,1.0,replay,85,"demo_00 +0,+2.5 deg",demo_00,0.0040145415582975,True,7.3,False,0.006344767595249023,2.000000000000001,True,0.005934010027459218,0.07199330912449457,0.03115317388046044,0.14194439608912507,0.03490381605529773,-0.74,0.009999999999999787,0.014940789482230639,0.07245156496022,63.0,94.0,0.12655563301724762,250.00000000014848,0.553736272239121,7.3,25.42196438385437,83.39579924524497,0.0,nan
pd,10.0,1.0,esn,86,"demo_00 +0,+5 deg",,0.004320458002161906,False,nan,False,nan,0.0,False,0.510980380369938,0.12285982590654837,0.026497699560171277,20.615042774569282,0.06979101978453763,-0.74,nan,0.001511797345966439,0.07245156496022,0.0,94.0,0.07980273734559352,261.62131048495826,0.5971676950547312,nan,55.51159183520051,31.14475257597431,0.0,nan
pd,10.0,1.0,replay,86,"demo_00 +0,+5 deg",demo_00,0.008054831173399222,True,7.3,False,0.006344767595249023,2.000000000000001,True,0.005934010027459218,0.092735701371355,0.02000070189997686,0.2031880197146491,0.06979101978453763,-0.75,0.009999999999999787,0.01542957106647653,0.07245156496022,56.0,94.0,0.1700722319468485,500.0000000002842,1.1092912041950775,7.3,31.066860685499037,90.35435637942598,0.0,nan
pd,10.0,1.0,esn,87,"demo_00 +0,+7.5 deg",,0.008230908054622687,True,4.57,False,0.006674078858769169,2.0,True,0.006740900278920125,0.8031137347797784,0.11340059715799712,8.017449012032145,0.10384753664276115,-0.75,-2.7199999999999998,0.00563335861830977,0.07245156496022,3.0,94.0,0.15421096931177655,504.0354377118992,1.1430506488720953,4.57,110.11539695510459,122.00487695473508,0.0,nan
pd,10.0,1.0,replay,87,"demo_00 +0,+7.5 deg",demo_00,0.012127328761401709,True,7.3,False,0.006344767595249023,2.000000000000001,True,0.005934010027459218,0.10544943879357825,0.014889583892431437,0.27655734990594816,0.10384753664276115,-0.75,0.009999999999999787,0.016212526982666613,0.07245156496022,51.0,94.0,0.22452391982700654,750.0000000004198,1.6668748837683511,7.3,46.600291028248556,101.95661612567478,0.0,nan
pd,10.0,1.0,esn,88,"demo_00 +0,+10 deg",,0.012268361001867588,True,2.75,False,0.006676989798014232,2.0,True,0.00674090028155297,1.1422956081494602,0.11953915093301341,12.455827377245246,0.13787229828113745,-0.75,-4.54,0.010904491436923137,0.07245156496022,2.0,94.0,0.22735343085103157,772.8346485194085,1.7179913427714735,2.75,161.58449109866095,264.32340929230514,0.0,nan
pd,10.0,1.0,replay,88,"demo_00 +0,+10 deg",demo_00,0.01623807404770955,True,7.3,False,0.006344767595249023,2.000000000000001,True,0.005934010027459218,0.11923627370396302,0.012477858460892543,0.3545180162469009,0.13787229828113745,-0.75,0.009999999999999787,0.017249421643462534,0.07245156496022,42.0,94.0,0.2835847860968832,1000.0000000005556,2.226650291426719,7.3,62.133721370998074,118.21756296908657,0.0,nan
pd,10.0,1.0,esn,89,"demo_00 +0,+12.5 deg",,0.016235128573210262,True,2.37,False,0.006676708405933153,2.0,True,0.00674090028149502,1.3188323989974096,0.10953377782886764,13.191917617928727,0.17198715963102415,-0.75,-4.92,0.015839510683669632,0.07245156496022,2.0,94.0,0.30462108613595357,1052.5866018555791,2.293503236256197,2.37,207.44646975833814,440.1679239427689,0.0,nan
pd,10.0,1.0,replay,89,"demo_00 +0,+12.5 deg",demo_00,0.020392576223214273,True,7.3,False,0.006344767595249023,2.000000000000001,True,0.005934010027459218,0.13842350906650683,0.011496570678661942,0.43450002772165547,0.17198715963102415,-0.75,0.009999999999999787,0.018496570721804228,0.07245156496022,37.0,94.0,0.3447738266571513,1250.0000000007042,2.788726162660233,7.3,77.66715171374774,139.16211699134746,0.0,nan
pd,10.0,1.0,esn,90,"demo_00 +0,+15 deg",,0.020076012394299035,True,2.14,False,0.0066750066496858,1.9999999999999996,True,0.006740900281501218,1.5667934681579694,0.10782944005172246,13.608239024495807,0.20609858334871872,-0.75,-5.15,0.02106491772750676,0.07245156496022,2.0,94.0,0.38368507243627203,1335.4103375776374,2.859484390393032,2.14,247.3815857375361,633.875208617201,0.0,nan
pd,10.0,1.0,replay,90,"demo_00 +0,+15 deg",demo_00,0.024595689108404165,True,7.3,False,0.006344767595249023,2.000000000000001,True,0.005934010027459218,0.15914390686785193,0.010952559296394625,0.5154467716286874,0.20609858334871872,-0.75,0.009999999999999787,0.019912774894925576,0.07245156496022,28.0,94.0,0.4069987607056423,1500.0000000008397,3.353149908506341,7.3,93.20058205649727,164.82527155288813,0.0,nan
pd,10.0,1.0,esn,91,"demo_00 +2.5,-15 deg",,0.01363197855920648,True,1.21,False,0.00668813795765463,2.0,True,0.006740900281562025,2.2982404604948115,0.2310265577403999,14.832145587772452,0.16671922980980355,-0.75,-6.08,0.009429718220191006,0.07245156496022,0.0,94.0,0.19330677705863533,621.7643831244586,1.8907107678676465,1.21,269.6564951364232,672.2420029817762,0.0,nan
pd,10.0,1.0,replay,91,"demo_00 +2.5,-15 deg",demo_00,0.024338567753151404,True,7.3,False,0.006344767595249023,2.000000000000001,True,0.005934010027459218,0.1749109132762704,0.017582610218578383,0.5119118338660763,0.16671922980980355,-0.75,0.009999999999999787,0.020155328178505474,0.07245156496022,29.0,94.0,0.4003478964652516,1500.0000000008336,3.2759929423481084,7.3,108.42390721285324,272.1814217250639,0.0,nan
pd,10.0,1.0,esn,92,"demo_00 +2.5,-12.5 deg",,0.011883635533735988,True,1.26,False,0.006684132799456367,2.0,True,0.0067409002815596916,2.2605702626910293,0.285554422621898,14.78727086890946,0.13200371923441936,-0.75,-6.03,0.008221498244340446,0.07245156496022,0.0,94.0,0.15849611304028108,546.7071388105373,1.6224894513407464,1.26,237.10449636386085,516.1480168462804,0.0,nan
pd,10.0,1.0,replay,92,"demo_00 +2.5,-12.5 deg",demo_00,0.020283653600585965,True,7.3,False,0.006344767595249023,2.000000000000001,True,0.005934010027459218,0.15018417449489876,0.018971210911969225,0.43306644961466284,0.13200371923441936,-0.75,0.009999999999999787,0.018724106518924123,0.07245156496022,38.0,94.0,0.3400684280324815,1250.0000000006978,2.7274448154879956,7.3,108.42390721285324,247.79599499019685,0.0,nan
pd,10.0,1.0,esn,93,"demo_00 +2.5,-10 deg",,0.009816163970164797,True,1.32,False,0.006678288145006664,2.0,True,0.0067409002815470844,2.2194364314316717,0.37418020758975706,14.718119960030892,0.09906673429663047,-0.75,-5.97,0.006974574382311116,0.07245156496022,0.0,94.0,0.13249785836149452,446.3608788082591,1.3334716008008214,1.32,193.5847620293098,341.53936629379757,0.0,nan
pd,10.0,1.0,replay,93,"demo_00 +2.5,-10 deg",demo_00,0.016305550119051035,True,7.3,False,0.006344767595249023,2.000000000000001,True,0.005934010027459218,0.12582529647962218,0.021213193984752885,0.35564953320032305,0.09710256476199383,-0.75,0.009999999999999787,0.017460530479014164,0.07245156496022,45.0,94.0,0.28114666689435946,1000.0000000005556,2.1868415110893014,7.3,108.42390721285324,227.88673636699613,0.0,nan
pd,10.0,1.0,esn,94,"demo_00 +2.5,-7.5 deg",,0.006720845318573172,True,1.44,False,0.006677236125746892,2.0,True,0.006740900281544085,2.073966852154321,0.5406064184982114,14.588323010346462,0.0671463465673438,-0.75,-5.85,0.004396493729650022,0.07245156496022,0.0,94.0,0.10528551974336155,299.86209609757753,0.9201039814041314,1.44,130.04888033566908,152.47868171408385,0.0,nan
pd,10.0,1.0,replay,94,"demo_00 +2.5,-7.5 deg",demo_00,0.012455843475429404,True,7.3,False,0.006344767595249023,2.000000000000001,True,0.005934010027459218,0.10129094706003529,0.026402801982846308,0.28110774995090215,0.062222027649275674,-0.75,0.009999999999999787,0.01640747217032293,0.07245156496022,51.0,94.0,0.22494861434713814,750.0000000004198,1.6616115640142997,7.3,108.42390721285324,212.41542674325424,0.0,nan
pd,10.0,1.0,esn,95,"demo_00 +2.5,-5 deg",,0.0028306527279762504,True,1.68,False,0.006675207279733248,2.0,True,0.006740900281534789,1.723358899360792,1.0054918561123838,14.26008167502841,0.04768880755414971,-0.74,-5.61,0.0027518185414943295,0.07245156496022,2.0,94.0,0.0685693377311551,124.9538163980748,0.40433964333978273,1.68,54.19192398011645,26.442582115730847,0.0,nan
pd,10.0,1.0,replay,95,"demo_00 +2.5,-5 deg",demo_00,0.008885352009297775,True,7.3,False,0.006344767595249023,2.000000000000001,True,0.005934010027459218,0.07680072431698629,0.0448092982099692,0.21276428029448471,0.027632924284163977,-0.75,0.009999999999999787,0.015611366719238778,0.07245156496022,61.0,94.0,0.17443362371231738,500.0000000002842,1.1727636447123928,7.3,108.42390721285324,201.35056828241085,0.0,nan
pd,10.0,1.0,esn,96,"demo_00 +2.5,-2.5 deg",,0.00011689925375670824,False,nan,False,nan,0.0,False,0.5109803803701171,0.06368102203265091,0.2242997751593532,20.624392298588266,0.005819485768701254,-0.42,nan,4.2676299487295534e-05,0.07245156496022,1.0,94.0,0.0032188993124435223,5.311043867992731,0.025383219841350856,nan,2.303376510184857,0.047963249639657264,0.0,nan
pd,10.0,1.0,replay,96,"demo_00 +2.5,-2.5 deg",demo_00,0.006099705288534176,True,7.3,False,0.006344767595249023,2.000000000000001,True,0.005934010027459218,0.06037589708269527,0.21265833537893458,0.15910111541998426,0.010308275335246185,-0.75,0.009999999999999787,0.01511610654563691,0.07245156496022,63.0,94.0,0.1363661344115341,250.00000000014848,0.7920738435907273,7.3,108.42390721285324,194.66777603487876,0.0,nan
pd,10.0,1.0,esn,97,"demo_00 +2.5,+0 deg",,0.0006870215077735482,False,nan,False,nan,0.0,False,0.5109803803703875,0.0850006938425701,0.03842911900934774,20.61129365964735,0.037326215473269066,-0.69,nan,0.00017519740217501962,0.07245156496022,2.0,94.0,0.01309948064586013,29.678799979124033,0.09521611604480727,nan,12.871565820493812,1.4834956229062954,0.0,nan
pd,10.0,1.0,replay,97,"demo_00 +2.5,+0 deg",demo_00,0.005484972514951979,True,7.3,False,0.006344767595249023,2.000000000000001,True,0.005934010027459218,0.0625284186407525,0.028269322670027047,0.1385928699566606,0.037326215473269066,-0.75,0.009999999999999787,0.014954116428630829,0.07245156496022,64.0,94.0,0.1231061228242436,250.0000000001389,0.7212172011768885,7.3,108.42390721285324,192.35024401238147,0.0,nan
pd,10.0,1.0,esn,98,"demo_00 +2.5,+2.5 deg",,0.0021254942749050426,False,nan,False,nan,0.0,False,0.5109803803701937,0.12767371117164908,0.03611157877949031,20.614245538021127,0.06020083781240649,-0.74,nan,0.0007651537020541715,0.07245156496022,0.0,94.0,0.04172831047071608,136.65217843856678,0.2962391518531879,nan,15.137652107096521,2.903395617022405,0.0,nan
pd,10.0,1.0,replay,98,"demo_00 +2.5,+2.5 deg",demo_00,0.007614449584642161,True,7.3,False,0.006344767595249023,2.000000000000001,True,0.005934010027459218,0.08073426925794344,0.022835099706572982,0.16423525388929294,0.06020083781240649,-0.75,0.009999999999999787,0.015137722995912298,0.07245156496022,61.0,94.0,0.14185591848493911,250.00000000014848,1.0286229691610813,7.3,108.42390721285324,194.3892796670756,0.0,nan
pd,10.0,1.0,esn,99,"demo_00 +2.5,+5 deg",,0.0055419811817450865,False,nan,False,nan,0.0,False,0.5109803803697193,0.1651528764455117,0.029543444672943064,20.630710829991596,0.08922641072168001,-0.75,nan,0.0018959660303503887,0.07245156496022,0.0,94.0,0.1012024926203395,348.4292364090037,0.7676057169358494,nan,60.33080023697033,38.359477066001176,0.0,nan
pd,10.0,1.0,replay,99,"demo_00 +2.5,+5 deg",demo_00,0.011022964974772995,True,7.3,False,0.006344767595249023,2.000000000000001,True,0.005934010027459218,0.09103158170773966,0.016284224383826595,0.22044637829170186,0.08922641072168001,-0.75,0.009999999999999787,0.015655447461837235,0.07245156496022,53.0,94.0,0.18299801142369107,500.0000000002842,1.498824419580271,7.3,108.42390721285324,200.78489623210265,0.0,nan
pd,10.0,1.0,esn,100,"demo_00 +2.5,+7.5 deg",,0.009458734827336977,True,3.11,False,0.006690492578217887,2.0000000000000004,True,0.0067409002817470365,0.7749167030419217,0.09813678136654029,11.840082802223893,0.12085930655967728,-0.75,-4.18,0.0075205495027772405,0.07245156496022,3.0,94.0,0.17173531002850853,601.4651875057284,1.3155221095910894,3.11,107.16422066013702,120.17727000063643,0.0,nan
pd,10.0,1.0,replay,100,"demo_00 +2.5,+7.5 deg",demo_00,0.014882361877298675,True,7.3,False,0.006344767595249023,2.000000000000001,True,0.005934010027459218,0.10744424859651738,0.01360692406321535,0.2898867572848752,0.12085930655967728,-0.75,0.009999999999999787,0.016475555880106265,0.07245156496022,47.0,94.0,0.23496966986703005,750.0000000004198,2.022741804039929,7.3,108.42390721285324,211.54644647984637,0.0,nan
pd,10.0,1.0,esn,101,"demo_00 +2.5,+10 deg",,0.01343661670850886,True,2.56,False,0.006685124870127293,2.0000000000000004,True,0.006740900281513215,1.0097518289174112,0.09924876688773966,12.884759170192988,0.1534547144733868,-0.75,-4.73,0.011983050437005132,0.07245156496022,3.0,94.0,0.24506982022899834,871.7193577168448,1.880507132441585,2.56,149.5409097359313,236.05872782387218,0.0,nan
pd,10.0,1.0,replay,101,"demo_00 +2.5,+10 deg",demo_00,0.018945429649839113,True,7.3,False,0.006344767595249023,2.000000000000001,True,0.005934010027459218,0.12588700624874838,0.012373466211764954,0.36498270026412105,0.1534547144733868,-0.75,0.009999999999999787,0.01755456691769619,0.07245156496022,40.0,94.0,0.2919304050239256,1000.0000000005556,2.568975472093431,7.3,108.42390721285324,226.6932739066762,0.0,nan
pd,10.0,1.0,esn,102,"demo_00 +2.5,+12.5 deg",,0.017336267159101745,True,2.24,False,0.0066781592591459256,2.0,True,0.006740900281498185,1.3447818354334793,0.10726823270609981,13.44316289859023,0.1864630370508947,-0.75,-5.05,0.01690895359846818,0.07245156496022,2.0,94.0,0.32045242855759204,1147.2510266982374,2.4414341964084616,2.24,185.72842500855796,369.7787404067021,0.0,nan
pd,10.0,1.0,replay,102,"demo_00 +2.5,+12.5 deg",demo_00,0.023130509493194548,True,7.3,False,0.006344767595249023,2.000000000000001,True,0.005934010027459218,0.1469613120354091,0.0117225558844097,0.4427508250233558,0.1864630370508947,-0.75,0.009999999999999787,0.018846104986496262,0.07245156496022,33.0,94.0,0.35133077378568917,1250.0000000007042,3.1269069129678604,7.3,108.42390721285324,246.2553479994388,0.0,nan
pd,10.0,1.0,esn,103,"demo_00 +2.5,+15 deg",,0.02112849520981399,True,2.05,False,0.006674125546774207,2.0,True,0.006740900281507293,1.643090085463059,0.109949405290472,13.772725224095039,0.2193203196306808,-0.75,-5.24,0.021977663388169776,0.07245156496022,2.0,94.0,0.3955761185210704,1422.0964280775265,2.991476281616218,2.05,215.39533173966026,507.32677165517686,0.0,nan
pd,10.0,1.0,replay,103,"demo_00 +2.5,+15 deg",demo_00,0.027405805790766586,True,7.3,False,0.006344767595249023,2.000000000000001,True,0.005934010027459218,0.16839222807969875,0.011268174214369122,0.5218750013422266,0.2193203196306808,-0.75,0.009999999999999787,0.020306978720771567,0.07245156496022,24.0,94.0,0.41197594653538866,1500.0000000008397,3.6920868174527826,7.3,108.42390721285324,270.27383906245194,0.0,nan
pd,10.0,1.0,esn,104,"demo_00 +5,-15 deg",,0.00980226564208686,True,1.28,False,0.006687185445219503,2.0,True,0.006740900281549126,2.132982738083042,0.25053515896467393,14.786039038001896,0.14477487542419568,-0.75,-6.01,0.006074228921511898,0.07245156496022,0.0,94.0,0.14136709126525096,446.83868874847104,1.3691092690275366,1.28,193.79198611180135,345.13466292336375,0.0,nan
pd,10.0,1.0,replay,104,"demo_00 +5,-15 deg",demo_00,0.025880333341853214,True,7.3,False,0.006344767595249023,2.000000000000001,True,0.005934010027459218,0.16527277063825657,0.019412552724923014,0.5229818196389703,0.14477487542419568,-0.75,0.009999999999999787,0.020628367629918626,0.07245156496022,32.0,94.0,0.40546517581145247,1500.0000000008336,3.395532308038208,7.3,216.84781442570647,603.8029739079527,0.0,nan
pd,10.0,1.0,esn,105,"demo_00 +5,-12.5 deg",,0.008114806454291943,True,1.33,False,0.006681555846439819,2.0,True,0.006740900281547513,2.13267758055451,0.3261487530810065,14.735484304701517,0.11016667177745242,-0.75,-5.96,0.005003360725481226,0.07245156496022,0.0,94.0,0.11238295530283403,372.69296128330694,1.1119740732720351,1.33,161.63530821216924,238.0029152379781,0.0,nan
pd,10.0,1.0,replay,105,"demo_00 +5,-12.5 deg",demo_00,0.022002156852551642,True,7.3,False,0.006344767595249023,2.000000000000001,True,0.005934010027459218,0.13904515288855454,0.021264069004171198,0.4470270870219367,0.11016667177745242,-0.75,0.009999999999999787,0.019174211720344437,0.07245156496022,38.0,94.0,0.34712434038670914,1250.0000000006978,2.877285416129294,7.3,216.84781442570647,580.6825293586503,0.0,nan
pd,10.0,1.0,esn,106,"demo_00 +5,-10 deg",,0.006374527868072299,True,1.41,False,0.006678822054488098,2.0,True,0.0067409002815460636,2.0543194865547627,0.46694807791864945,14.654488364323372,0.07620598488983654,-0.75,-5.88,0.003993517542285087,0.07245156496022,0.0,94.0,0.0941795111024956,285.18274049018703,0.8679385682939745,1.41,123.68250797439212,138.46708896971896,0.0,nan
pd,10.0,1.0,replay,106,"demo_00 +5,-10 deg",demo_00,0.01834374066220179,True,7.3,False,0.006344767595249023,2.000000000000001,True,0.005934010027459218,0.11305709866664229,0.02569794779388636,0.37394555997653983,0.07620598488983654,-0.75,0.009999999999999787,0.017900068585812345,0.07245156496022,44.0,94.0,0.2912718100986932,1000.0000000005556,2.3873297580724153,7.3,216.84781442570647,561.6699434110412,0.0,nan
pd,10.0,1.0,esn,107,"demo_00 +5,-7.5 deg",,0.003986162169004659,True,1.54,False,0.006675186210781399,2.0,True,0.0067409002815415255,1.8387589340165302,0.7671648129887277,14.486876156223172,0.05282340078026364,-0.74,-5.75,0.0025349230533254353,0.07245156496022,1.0,94.0,0.0744006040822672,173.04056306828497,0.5473778573903205,1.54,75.04693581666027,50.65127523813419,0.0,nan
pd,10.0,1.0,replay,107,"demo_00 +5,-7.5 deg",demo_00,0.015048968797118829,True,7.3,False,0.006344767595249023,2.000000000000001,True,0.005934010027459218,0.0892633803171064,0.03724236124750162,0.30595592955316475,0.04227064841812219,-0.75,0.009999999999999787,0.01685001215073055,0.07245156496022,51.0,94.0,0.23982449805882883,750.0000000004198,1.946898050017844,7.3,216.84781442570647,546.7334705017713,0.0,nan
pd,10.0,1.0,esn,108,"demo_00 +5,-5 deg",,0.0012182956964477416,True,1.93,False,0.00667357165843632,2.0,True,0.006740900281514783,1.0721254767165707,2.155431531459598,13.899075026396732,0.03138029141956478,-0.72,-5.36,0.0018586384914273028,0.07245156496022,2.0,94.0,0.04262759169627191,52.97515431189453,0.292302295576182,1.93,22.975092862784724,4.8583083964340155,0.0,nan
pd,10.0,1.0,replay,108,"demo_00 +5,-5 deg",demo_00,0.01240015620977053,True,7.3,False,0.006344767595249023,2.000000000000001,True,0.005934010027459218,0.0686602978902501,0.13803661441316317,0.24743228971033904,0.00893664278164218,-0.75,0.009999999999999787,0.016070875703886805,0.07245156496022,54.0,94.0,0.19643042718810255,500.0000000002842,1.5976569839722197,7.3,216.84781442570647,535.8471842305437,0.0,nan
pd,10.0,1.0,esn,109,"demo_00 +5,-2.5 deg",,0.00038435618190704377,False,nan,False,nan,0.0,False,0.5109803803705291,0.12404577496914854,0.07823343232410301,20.622672748991015,0.02479631681684546,-0.64,nan,0.00020360416684851506,0.07245156496022,1.0,94.0,0.012331623245294623,17.82457152581705,0.08676172013297737,nan,7.730438756891929,0.5473864388646754,0.0,nan
pd,10.0,1.0,replay,109,"demo_00 +5,-2.5 deg",demo_00,0.010878665805201002,True,7.3,False,0.006344767595249023,2.000000000000001,True,0.005934010027459218,0.060795605789768045,0.038342691738913255,0.20668436320790418,0.024832131555988922,-0.75,0.009999999999999787,0.015605589732774731,0.07245156496022,56.0,94.0,0.1675805196920216,500.0000000002778,1.4097969761287805,7.3,216.84781442570647,528.9915391924657,0.0,nan
pd,10.0,1.0,esn,110,"demo_00 +5,+0 deg",,0.0009397073774220577,False,nan,False,nan,0.0,False,0.5109803803703554,0.16100205106306734,0.04365417668733738,20.621547871475276,0.05923358315390428,-0.71,nan,0.0003616752837439963,0.07245156496022,1.0,94.0,0.021344991510656993,55.02114946602814,0.13317314382767934,nan,3.5818136870553556,0.24847379342545847,0.0,nan
pd,10.0,1.0,replay,110,"demo_00 +5,+0 deg",demo_00,0.010973925656897697,True,7.3,False,0.006344767595249023,2.000000000000001,True,0.005934010027459218,0.07782771667400477,0.021102246042369825,0.19521939481092426,0.05923358315390428,-0.75,0.009999999999999787,0.015484037945342337,0.07245156496022,55.0,94.0,0.1613155547919586,500.0000000002778,1.4486487127283993,7.3,216.84781442570647,526.1540427733795,0.0,nan
pd,10.0,1.0,esn,111,"demo_00 +5,+2.5 deg",,0.0034409858166917127,False,nan,False,nan,0.0,False,0.5109803803703926,0.20902174711140994,0.037390946825350636,20.648293988056963,0.09293732017957512,-0.74,nan,0.0011017501965203303,0.07245156496022,1.0,94.0,0.06324956260058147,220.8288704690251,0.47782896601446506,nan,25.729667643269327,7.972713525485475,0.0,nan
pd,10.0,1.0,replay,111,"demo_00 +5,+2.5 deg",demo_00,0.012666763996946948,True,7.3,False,0.006344767595249023,2.000000000000001,True,0.005934010027459218,0.08843752971712633,0.01582018625677218,0.21768201514948754,0.09293732017957512,-0.75,0.009999999999999787,0.015714899326870365,0.07245156496022,51.0,94.0,0.17997185428130272,500.0000000002778,1.699942252474916,7.3,216.84781442570647,527.3300378719304,0.0,nan
pd,10.0,1.0,esn,112,"demo_00 +5,+5 deg",,0.006984880802412637,False,nan,False,nan,0.0,False,0.28672753931340605,2.6329231066020804,0.37235155660421665,13.58508683067868,0.11840443716586918,-0.75,nan,0.002262568874547529,0.07245156496022,1.0,94.0,0.12401098703924625,448.3707414487285,0.9680223029195527,nan,63.44737681386107,44.83094110421043,0.0,nan
pd,10.0,1.0,replay,112,"demo_00 +5,+5 deg",demo_00,0.015461496390450052,True,7.3,False,0.006344767595249023,2.000000000000001,True,0.005934010027459218,0.1008641596940876,0.014264346259674446,0.26551894465635084,0.11840443716586918,-0.75,0.009999999999999787,0.016282969568058078,0.07245156496022,47.0,94.0,0.21712975141323893,500.0000000002842,2.08951775797046,7.3,216.84781442570647,532.5235937945782,0.0,nan
pd,10.0,1.0,esn,113,"demo_00 +5,+7.5 deg",,0.01082549297869601,True,3.47,False,0.0067108936971049735,1.9999999999999996,True,0.006740900281981968,1.210799758826512,0.13432617276210534,11.867099988181264,0.14529662439833216,-0.75,-3.82,0.007810654663113166,0.07245156496022,3.0,94.0,0.1925373445606116,703.455677575777,1.5049668018352818,3.47,99.34546941615456,110.17678204894767,0.0,nan
pd,10.0,1.0,replay,113,"demo_00 +5,+7.5 deg",demo_00,0.01889739721727235,True,7.3,False,0.006344767595249023,2.000000000000001,True,0.005934010027459218,0.12086054965186138,0.01340827412155532,0.32769431133259064,0.14529662439833216,-0.75,0.009999999999999787,0.017153640426567817,0.07245156496022,40.0,94.0,0.2649974686321458,750.0000000004198,2.555930112383896,7.3,216.84781442570647,541.7484971117799,0.0,nan
pd,10.0,1.0,esn,114,"demo_00 +5,+10 deg",,0.014695087453332197,True,2.39,False,0.006687058868306716,1.9999999999999996,True,0.0067409002814986475,1.1076623857696497,0.09907233562802138,13.230370165491216,0.17429161346317143,-0.75,-4.9,0.013167998109101107,0.07245156496022,2.0,94.0,0.26338822200918477,968.2545531964939,2.051146262687002,2.39,129.7741040857652,191.81958617250442,0.0,nan
pd,10.0,1.0,replay,114,"demo_00 +5,+10 deg",demo_00,0.022707651658524047,True,7.3,False,0.006344767595249023,2.000000000000001,True,0.005934010027459218,0.1415439397804102,0.012660074846085365,0.3974101961523557,0.17429161346317143,-0.75,0.009999999999999787,0.01828171663325414,0.07245156496022,34.0,94.0,0.31864323599408073,1000.0000000005556,3.065179988568607,7.3,216.84781442570647,555.0293266454802,0.0,nan
pd,10.0,1.0,esn,115,"demo_00 +5,+12.5 deg",,0.018521228492910217,True,2.12,False,0.006677107137237925,2.0,True,0.0067409002815038074,1.4829475389381381,0.11015057789677765,13.67177411293967,0.2044537695868019,-0.75,-5.17,0.018018171415106695,0.07245156496022,2.0,94.0,0.33436179643914526,1234.5371852806156,2.594189742152408,2.12,154.04230926697477,278.3790794416562,0.0,nan
pd,10.0,1.0,replay,115,"demo_00 +5,+12.5 deg",demo_00,0.026754714905706068,True,7.3,False,0.006344767595249023,2.000000000000001,True,0.005934010027459218,0.16415648949808917,0.012193237932522125,0.47119591287754164,0.2044537695868019,-0.75,0.009999999999999787,0.01962002543122538,0.07245156496022,25.0,94.0,0.3754437573096867,1250.0000000007042,3.5998375721947315,7.3,216.84781442570647,572.4025865724996,0.0,nan
pd,10.0,1.0,esn,116,"demo_00 +5,+15 deg",,0.0223079520517399,True,1.98,False,0.006673221691365427,2.0,True,0.006740900281512447,1.782646467043947,0.11319355779235207,13.915553060961608,0.23528853643134554,-0.75,-5.3100000000000005,0.02281764926818249,0.07245156496022,2.0,94.0,0.40465123778980233,1498.8702734432368,3.131905486791298,1.98,172.66390733220487,362.90509914472597,0.0,nan
pd,10.0,1.0,replay,116,"demo_00 +5,+15 deg",demo_00,0.030966730346508136,True,7.3,False,0.006344767595249023,2.000000000000001,True,0.005934010027459218,0.18583918947885356,0.011800320155033794,0.5472655256683965,0.23528853643134554,-0.75,0.009999999999999787,0.02112507399052684,0.07245156496022,20.0,94.0,0.4339992716434833,1500.0000000008397,4.150607217363193,7.3,216.84781442570647,593.9178585471748,0.0,nan
pd,10.0,1.0,esn,117,"demo_00 +7.5,-15 deg",,0.006731133768038068,True,1.34,False,0.006685136017064674,1.9999999999999998,True,0.006740900281548615,2.0187994125344786,0.28841824297581725,14.757698939606298,0.1199839651100773,-0.75,-5.95,0.0037306272063362283,0.07245156496022,0.0,94.0,0.10019974198275532,307.85865607244955,0.9447232153295467,1.34,133.5169534426173,162.6530901931303,0.0,nan
pd,10.0,1.0,replay,117,"demo_00 +7.5,-15 deg",demo_00,0.028379116456108328,True,7.3,False,0.006344767595249023,2.000000000000001,True,0.005934010027459218,0.15329496855893981,0.02190067285253258,0.5441042035593903,0.1199839651100773,-0.75,0.009999999999999787,0.02121348360911905,0.07245156496022,31.0,94.0,0.417557350051613,1500.0000000008336,3.645547903232608,7.3,325.2717216385596,1160.361656350736,0.0,nan
pd,10.0,1.0,esn,118,"demo_00 +7.5,-12.5 deg",,0.005253078041018804,True,1.3900000000000001,False,0.006679363370877324,2.0,True,0.006740900281547003,2.004787618178866,0.40192608237918626,14.702905698229094,0.08617241828440292,-0.75,-5.9,0.002994545936775064,0.07245156496022,0.0,94.0,0.07914806821942456,239.15873547298716,0.7212752454745862,1.3900000000000001,103.72209817620796,97.19887707430732,0.0,nan
pd,10.0,1.0,replay,118,"demo_00 +7.5,-12.5 deg",demo_00,0.024804145208394347,True,7.3,False,0.006344767595249023,2.000000000000001,True,0.005934010027459218,0.12444337515652434,0.024948796471588486,0.4723147020473269,0.08510621268916044,-0.75,0.009999999999999787,0.01976844963723835,0.07245156496022,38.0,94.0,0.3620236376512632,1250.0000000006978,3.177692942764402,7.3,325.2717216385596,1138.234465573445,0.0,nan
pd,10.0,1.0,esn,119,"demo_00 +7.5,-10 deg",,0.0038532869736145124,True,1.48,False,0.006676676491681907,2.0,True,0.006740900281544268,1.8628312378841283,0.6116794591320655,14.602118309898458,0.0567100790190873,-0.74,-5.8100000000000005,0.00240899726677066,0.07245156496022,1.0,94.0,0.06745430667097378,166.96070115671296,0.5256578574487296,1.48,72.41012628159275,47.283232210613455,0.0,nan
pd,10.0,1.0,replay,119,"demo_00 +7.5,-10 deg",demo_00,0.02158584863550283,True,7.3,False,0.006344767595249023,2.000000000000001,True,0.005934010027459218,0.09753447391826832,0.03202643000598419,0.40536344475595315,0.05020254760433478,-0.75,0.009999999999999787,0.0185197374173661,0.07245156496022,42.0,94.0,0.3106685760364347,1000.0000000005556,2.7593030375663927,7.3,325.2717216385596,1119.791699649941,0.0,nan
pd,10.0,1.0,esn,120,"demo_00 +7.5,-7.5 deg",,0.0021974861664214767,True,1.67,False,0.006675251743791424,2.0,True,0.006740900281535936,1.3912877693539687,1.4454530813709001,14.34662150989202,0.039025715389620935,-0.74,-5.62,0.0018174022337206005,0.07245156496022,2.0,94.0,0.050672302244303184,93.35089330011252,0.30808592824110564,1.67,40.48587437361059,14.813531614396208,0.0,nan
pd,10.0,1.0,replay,120,"demo_00 +7.5,-7.5 deg",demo_00,0.01889449965990359,True,7.3,False,0.006344767595249023,2.000000000000001,True,0.005934010027459218,0.07444601650770297,0.07734433258679116,0.3461124781370383,0.015389184215540858,-0.75,0.009999999999999787,0.017511675017368777,0.07245156496022,47.0,94.0,0.2659678074272605,750.0000000004198,2.416054419734909,7.3,325.2717216385596,1105.0074770508268,0.0,nan
pd,10.0,1.0,esn,121,"demo_00 +7.5,-5 deg",,0.0006000082759058062,False,nan,False,nan,0.0,False,0.2867275392625466,2.6612014199292138,2.9616897041990584,13.461535387520307,0.04676967818396846,-0.69,nan,0.0002424508411843328,0.07245156496022,2.0,94.0,0.016859413086653518,26.994291314458867,0.11116948906548539,nan,11.707306147015982,1.2422081286963,0.0,nan
pd,10.0,1.0,replay,121,"demo_00 +7.5,-5 deg",demo_00,0.01697569271947905,True,7.3,False,0.006344767595249023,2.000000000000001,True,0.005934010027459218,0.06412363429631311,0.07136412376341952,0.2991901217515369,0.017368083095733875,-0.75,0.009999999999999787,0.016789605263556554,0.07245156496022,49.0,94.0,0.23181781862787157,750.0000000004168,2.1838244112396454,7.3,325.2717216385596,1093.8608627716712,0.0,nan
pd,10.0,1.0,esn,122,"demo_00 +7.5,-2.5 deg",,0.0003399834221282658,False,nan,False,nan,0.0,False,0.2867275392719751,2.674362692034457,0.962118761200965,12.988320470330878,0.04844207958889112,-0.62,nan,0.00017546059078596402,0.07245156496022,1.0,94.0,0.010629325338367225,19.58325228481801,0.07525590468124078,nan,1.6726470938533686,0.05113104558690453,0.0,nan
pd,10.0,1.0,replay,122,"demo_00 +7.5,-2.5 deg",demo_00,0.016108317794283532,True,7.3,False,0.006344767595249023,2.000000000000001,True,0.005934010027459218,0.07348490767297736,0.026436656683805296,0.27105621356767834,0.04844207958889112,-0.75,0.009999999999999787,0.016392769161866962,0.07245156496022,49.0,94.0,0.21331831246021601,750.0000000004168,2.100237654767156,7.3,325.2717216385596,1086.3366474286936,0.0,nan
pd,10.0,1.0,esn,123,"demo_00 +7.5,+0 deg",,0.0019805972718458173,False,nan,False,nan,0.0,False,0.28672753926383077,2.7236533725751766,0.5532441804480097,13.136827377397793,0.07999982004599673,-0.73,nan,0.0005424466056301014,0.07245156496022,1.0,94.0,0.037032858431156605,126.98511572935277,0.27719714660532,nan,7.890057798987186,1.1152633136938863,0.0,nan
pd,10.0,1.0,replay,123,"demo_00 +7.5,+0 deg",demo_00,0.016466995193581108,True,7.3,False,0.006344767595249023,2.000000000000001,True,0.005934010027459218,0.08740812179899145,0.01775484178570821,0.2676377266925054,0.07999982004599673,-0.75,0.009999999999999787,0.016345573196422897,0.07245156496022,47.0,94.0,0.21447964500946978,750.0000000004168,2.183130745728787,7.3,325.2717216385596,1082.426282331368,0.0,nan
pd,10.0,1.0,esn,124,"demo_00 +7.5,+2.5 deg",,0.004912479806980161,False,nan,False,nan,0.0,False,0.28672753926211847,2.7514354717360674,0.3868131490857858,13.319303601133777,0.11257013672815284,-0.74,nan,0.0014481562691870114,0.07245156496022,1.0,94.0,0.08650692749509609,316.7629747517416,0.6813975572603743,nan,31.021728753376127,12.565082211054662,0.0,nan
pd,10.0,1.0,replay,124,"demo_00 +7.5,+2.5 deg",demo_00,0.017991631357295697,True,7.3,False,0.006344767595249023,2.000000000000001,True,0.005934010027459218,0.10499085629202433,0.014760238488132287,0.28970795669533156,0.11257013672815284,-0.75,0.009999999999999787,0.016650871389408968,0.07245156496022,42.0,94.0,0.23489221225592186,750.0000000004168,2.4162191896721,7.3,325.2717216385596,1082.128979736975,0.0,nan
pd,10.0,1.0,esn,125,"demo_00 +7.5,+5 deg",,0.008457858440392353,False,nan,False,nan,0.0,False,0.28672753931396544,2.692452716551977,0.2987008100397068,13.844205571121178,0.14584193345672294,-0.75,nan,0.0026304369581760523,0.07245156496022,0.0,94.0,0.14709497849744732,549.3190996876749,1.1719563516680256,nan,56.95791644260245,41.25188709167822,0.0,nan
pd,10.0,1.0,replay,125,"demo_00 +7.5,+5 deg",demo_00,0.02043941870692263,True,7.3,False,0.006344767595249023,2.000000000000001,True,0.005934010027459218,0.12419102831349883,0.013777757554982166,0.3320950661109292,0.14584193345672294,-0.75,0.009999999999999787,0.01728900350635557,0.07245156496022,38.0,94.0,0.27008019636891195,750.0000000004168,2.762520857075022,7.3,325.2717216385596,1085.452984474957,0.0,nan
pd,10.0,1.0,esn,126,"demo_00 +7.5,+7.5 deg",,0.012210424491125745,True,2.75,False,0.0067029394513395185,2.0,True,0.0067409002815452534,1.1567970541562074,0.10906387219339689,12.819817095161463,0.17450102488327288,-0.75,-4.54,0.009634564713042448,0.07245156496022,2.0,94.0,0.21260578747314704,799.3091464099667,1.6941172179366697,2.75,79.5193019793041,82.69287792392352,0.0,nan
pd,10.0,1.0,replay,126,"demo_00 +7.5,+7.5 deg",demo_00,0.02354241218732164,True,7.3,False,0.006344767595249023,2.000000000000001,True,0.005934010027459218,0.1452990618093516,0.013698926920724787,0.3880514612805513,0.17450102488327288,-0.75,0.009999999999999787,0.01822315700293068,0.07245156496022,32.0,94.0,0.31496455373879423,750.0000000004198,3.186028058506698,7.3,325.2717216385596,1092.4170179182922,0.0,nan
pd,10.0,1.0,esn,127,"demo_00 +7.5,+10 deg",,0.016022838792258288,True,2.18,False,0.0066790202235452395,1.9999999999999996,True,0.00674090028150147,1.3452481024629868,0.10761984819703904,13.574442451913308,0.1998017210383359,-0.75,-5.109999999999999,0.014596193137387789,0.07245156496022,2.0,94.0,0.2790832539898867,1054.78734035423,2.2261325370166865,2.18,97.18251188432048,129.82646446425903,0.0,nan
pd,10.0,1.0,replay,127,"demo_00 +7.5,+10 deg",demo_00,0.02709535025584358,True,7.3,False,0.006344767595249023,2.000000000000001,True,0.005934010027459218,0.16691807702956324,0.013353446162365072,0.45241077629365056,0.1998017210383359,-0.75,0.009999999999999787,0.019407892068056026,0.07245156496022,24.0,94.0,0.36581329049128725,1000.0000000005556,3.6606095096476787,7.3,325.2717216385596,1103.0518872226696,0.0,nan
pd,10.0,1.0,esn,128,"demo_00 +7.5,+12.5 deg",,0.019861381151838643,True,2.02,False,0.006674483358778756,2.0000000000000004,True,0.006740900281510111,1.695996365675066,0.11634439084804428,13.867067704241723,0.22677381360346685,-0.75,-5.27,0.019124489528801965,0.07245156496022,2.0,94.0,0.34550660017035706,1310.7907442472285,2.761135774817516,2.02,110.2540377631444,178.32200455459423,0.0,nan
pd,10.0,1.0,replay,128,"demo_00 +7.5,+12.5 deg",demo_00,0.03096242927587806,True,7.3,False,0.006344767595249023,2.000000000000001,True,0.005934010027459218,0.1888288579417574,0.012953552788434868,0.5219046465948661,0.22677381360346685,-0.75,0.009999999999999787,0.020796858232999635,0.07245156496022,20.0,94.0,0.42027555447811993,1250.0000000007042,4.1692613436387544,7.3,325.2717216385596,1117.4022411455915,0.0,nan
pd,10.0,1.0,esn,129,"demo_00 +7.5,+15 deg",,0.023733730523368614,True,1.93,False,0.006672899078211769,2.0,True,0.006740900281516241,1.9639024572867168,0.11710451721791931,14.03587948789372,0.2548442867216327,-0.75,-5.36,0.023637563633695912,0.07245156496022,1.0,94.0,0.4116390372819278,1565.8037676933222,3.298178190364146,1.93,119.74369028381295,226.97332964996943,0.0,nan
pd,10.0,1.0,replay,129,"demo_00 +7.5,+15 deg",demo_00,0.03505767891848004,True,7.3,False,0.006344767595249023,2.000000000000001,True,0.005934010027459218,0.2117663782952234,0.012627307125788143,0.5945587731343264,0.2548442867216327,-0.75,0.009999999999999787,0.02234763860043104,0.07245156496022,14.0,94.0,0.4769141711655545,1500.0000000008397,4.701142744329109,7.3,325.2717216385596,1135.5284379039722,0.0,nan
pd,10.0,1.0,esn,130,"demo_00 +10,-15 deg",,0.004487782928058725,True,1.3800000000000001,False,0.006682246231111014,1.9999999999999998,True,0.006740900281548178,1.9148736989460748,0.3455434437181836,14.75332191778561,0.09499767659709164,-0.74,-5.91,0.002321826079310573,0.07245156496022,1.0,94.0,0.06980551890233079,206.50681228238236,0.6287868013323719,1.3800000000000001,89.56110181485775,72.64985149697038,0.0,nan
pd,10.0,1.0,replay,130,"demo_00 +10,-15 deg",demo_00,0.031608486076537365,True,7.3,False,0.006344767595249023,2.000000000000001,True,0.005934010027459218,0.1385502778138405,0.02500172212415651,0.573203925986048,0.09499767659709164,-0.75,0.009999999999999787,0.021906956356797798,0.07245156496022,28.0,94.0,0.4348650117574046,1500.0000000008336,4.00276732543976,7.3,433.69562885141295,1941.9239566727802,0.0,nan
pd,10.0,1.0,esn,131,"demo_00 +10,-12.5 deg",,0.003396734055622713,True,1.43,False,0.00667793163792103,2.0,True,0.0067409002815465744,1.8357732004979412,0.5260297578424621,14.700325820729217,0.0614376393874513,-0.74,-5.86,0.0020783592217277643,0.07245156496022,1.0,94.0,0.05836828649503075,150.190155677794,0.4658478663113715,1.43,65.13681401393609,38.140512296981576,0.0,nan
pd,10.0,1.0,replay,131,"demo_00 +10,-12.5 deg",demo_00,0.028370335962617402,True,7.3,False,0.006344767595249023,2.000000000000001,True,0.005934010027459218,0.10782123888162856,0.030895526835119487,0.5067860171511279,0.06025914668954708,-0.75,0.009999999999999787,0.02050245671036586,0.07245156496022,34.0,94.0,0.3833007334531119,1250.0000000006978,3.592808105716887,7.3,433.69562885141295,1920.4890476116489,0.0,nan
pd,10.0,1.0,esn,132,"demo_00 +10,-10 deg",,0.002179461685075583,True,1.54,False,0.006675587475152382,2.0,True,0.006740900281542837,1.5187326688634024,1.006662711954609,14.56162674725008,0.04236265619244345,-0.74,-5.75,0.0018801837847655261,0.07245156496022,2.0,94.0,0.048999082226177604,91.019747513445,0.2981838674837805,1.54,39.47486663571792,14.105467297633256,0.0,nan
pd,10.0,1.0,replay,132,"demo_00 +10,-10 deg",demo_00,0.025578411180176043,True,7.3,False,0.006344767595249023,2.000000000000001,True,0.005934010027459218,0.07962979370636218,0.05278107577999455,0.4474091692180416,0.026470472397243185,-0.75,0.009999999999999787,0.019313561034972625,0.07245156496022,38.0,94.0,0.3380662564034416,1000.0000000005556,3.246824670435085,7.3,433.69562885141295,1902.2595146574938,0.0,nan
pd,10.0,1.0,esn,133,"demo_00 +10,-7.5 deg",,0.0010809733690662745,True,2.08,False,0.006693284354062718,2.0,True,0.006740900281509563,0.20753769972322006,0.8001788285272464,13.782734398924394,0.007563697354272396,-0.72,-5.21,0.001007944094042373,0.07245156496022,2.0,94.0,0.028171180470097142,47.24140787388491,0.1891607746600707,2.08,20.48839209567897,3.835268871514501,0.0,nan
pd,10.0,1.0,replay,133,"demo_00 +10,-7.5 deg",demo_00,0.023383316886330125,True,7.3,False,0.006344767595249023,2.000000000000001,True,0.005934010027459218,0.06254918356370909,0.24116356929894509,0.39817879367684667,0.01594976513804098,-0.75,0.009999999999999787,0.01838358224335607,0.07245156496022,40.0,94.0,0.301943379238075,1000.0000000005556,2.9870323261299854,7.3,433.69562885141295,1887.2147961994883,0.0,nan
pd,10.0,1.0,esn,134,"demo_00 +10,-5 deg",,0.00039615184015038136,False,nan,False,nan,0.0,False,0.2867275392684888,2.7739016150830436,1.2174941363633707,13.330084580043867,0.04690383445338802,-0.65,nan,9.67004215097888e-05,0.07245156496022,1.0,94.0,0.00882521520073213,17.271057338074435,0.054425011518609734,nan,7.490382073160297,0.5055807761303532,0.0,nan
pd,10.0,1.0,replay,134,"demo_00 +10,-5 deg",demo_00,0.021960152336286193,True,7.3,False,0.006344767595249023,2.000000000000001,True,0.005934010027459218,0.07006655825834748,0.03075293780098496,0.36316305347838096,0.03836250192602888,-0.75,0.009999999999999787,0.01775437755820021,0.07245156496022,41.0,94.0,0.2783970621168262,1000.0000000005556,2.8373451982587974,7.3,433.69562885141295,1875.3384431697773,0.0,nan
pd,10.0,1.0,esn,135,"demo_00 +10,-2.5 deg",,0.0010504701975807167,False,nan,False,nan,0.0,False,0.28672753926724825,2.7938877359278114,0.6449088785771172,13.302689195296319,0.07240450861469995,-0.72,nan,0.00022517391083586187,0.07245156496022,0.0,94.0,0.02128223378257206,66.80745099191881,0.1482058650412631,nan,4.150995545435722,0.2102588497930359,0.0,nan
pd,10.0,1.0,replay,135,"demo_00 +10,-2.5 deg",demo_00,0.021464061137947923,True,7.3,False,0.006344767595249023,2.000000000000001,True,0.005934010027459218,0.08515376626554275,0.01965591501860834,0.3465862250647616,0.07240450861469995,-0.75,0.009999999999999787,0.017459127788420372,0.07245156496022,40.0,94.0,0.2705947586580164,1000.0000000005556,2.8157282566256248,7.3,433.69562885141295,1866.6191630923654,0.0,nan
pd,10.0,1.0,esn,136,"demo_00 +10,+0 deg",,0.003269713606276527,False,nan,False,nan,0.0,False,0.2867275392658909,2.7945172821715354,0.4427492175007935,13.352927345275155,0.1058543260919547,-0.74,nan,0.0008560390958417651,0.07245156496022,0.0,94.0,0.05806513702925588,208.91595618870113,0.4562898857202128,nan,12.980725811776743,2.3340514316477536,0.0,nan
pd,10.0,1.0,replay,136,"demo_00 +10,+0 deg",demo_00,0.021964317374626025,True,7.3,False,0.006344767595249023,2.000000000000001,True,0.005934010027459218,0.10774879421387061,0.01707117527209371,0.35093201976187294,0.1058543260919547,-0.75,0.009999999999999787,0.01751471413963923,0.07245156496022,38.0,94.0,0.2796938097450893,1000.0000000005556,2.9255154265950134,7.3,433.69562885141295,1861.0520765672143,0.0,nan
pd,10.0,1.0,esn,137,"demo_00 +10,+2.5 deg",,0.006391351558985219,False,nan,False,nan,0.0,False,0.2867275392619403,2.7658633753186166,0.332854505057802,13.50258573150114,0.13870252535074024,-0.75,nan,0.0018483785013129264,0.07245156496022,0.0,94.0,0.10949069704553546,410.70036413003214,0.8866151449088084,nan,25.518341991808438,10.672864304318054,0.0,nan
pd,10.0,1.0,replay,137,"demo_00 +10,+2.5 deg",demo_00,0.023407757517517766,True,7.3,False,0.006344767595249023,2.000000000000001,True,0.005934010027459218,0.13123443168149146,0.015793250018668322,0.37531321845121424,0.13870252535074024,-0.75,0.009999999999999787,0.017917096504250375,0.07245156496022,34.0,94.0,0.3039960787649211,1000.0000000005556,3.153564950930076,7.3,433.69562885141295,1858.6402047746888,0.0,nan
pd,10.0,1.0,esn,138,"demo_00 +10,+5 deg",,0.009951362238585107,True,4.16,False,0.006709453480717712,2.0,True,0.006740900281962761,1.4321620054877422,0.1362384888377144,11.301765224947607,0.16915632331885433,-0.75,-3.13,0.006004572754709141,0.07245156496022,2.0,94.0,0.1687653575585024,641.3378402755546,1.3773701519045427,4.16,39.84870667233694,26.586821777108195,0.0,nan
pd,10.0,1.0,replay,138,"demo_00 +10,+5 deg",demo_00,0.025649206106609288,True,7.3,False,0.006344767595249023,2.000000000000001,True,0.005934010027459218,0.1566599265174453,0.01490272159740437,0.41604454153756193,0.16915632331885433,-0.75,0.009999999999999787,0.018642232733198885,0.07245156496022,28.0,94.0,0.34005709823261204,1000.0000000005556,3.4772189771737523,7.3,433.69562885141295,1859.396204185618,0.0,nan
pd,10.0,1.0,esn,139,"demo_00 +10,+7.5 deg",,0.013708568097713368,True,2.27,False,0.006685096167783702,2.0000000000000004,True,0.006740900281499752,1.2329566430185512,0.09863653144148413,13.473664279153372,0.1998996243484283,-0.75,-5.02,0.011585332463951678,0.07245156496022,2.0,94.0,0.2301362671386292,883.7407017077211,1.8953043004762529,2.27,54.910098524087495,48.031151132963906,0.0,nan
pd,10.0,1.0,replay,139,"demo_00 +10,+7.5 deg",demo_00,0.02851639575680066,True,7.3,False,0.006344767595249023,2.000000000000001,True,0.005934010027459218,0.1801883591179081,0.014415068729432651,0.4686913350451523,0.1998996243484283,-0.75,0.009999999999999787,0.01965197570667182,0.07245156496022,23.0,94.0,0.3843670322432142,1000.0000000005556,3.873033303548,7.3,433.69562885141295,1863.3443594903038,0.0,nan
pd,10.0,1.0,esn,140,"demo_00 +10,+10 deg",,0.017570629691349007,True,2.04,False,0.006673770051716336,2.0,True,0.006740900281508177,1.642999099756799,0.1161775804921426,13.83927014919707,0.22838490988506888,-0.75,-5.25,0.015976166593255455,0.07245156496022,2.0,94.0,0.2927186971564308,1130.3087659257774,2.4263516462874533,2.04,70.23028992518947,73.22543302694363,0.0,nan
pd,10.0,1.0,replay,140,"demo_00 +10,+10 deg",demo_00,0.03185681800780507,True,7.3,False,0.006344767595249023,2.000000000000001,True,0.005934010027459218,0.2012885384575131,0.014233249051843675,0.5295082152468554,0.22838490988506888,-0.75,0.009999999999999787,0.020901807691243588,0.07245156496022,16.0,94.0,0.43418032953527375,1000.0000000005556,4.321541406916052,7.3,433.69562885141295,1870.5228368895673,0.0,nan
pd,10.0,1.0,esn,141,"demo_00 +10,+12.5 deg",,0.021510112758514974,True,1.95,False,0.00667316770498794,2.0,True,0.006740900281515393,1.9341959007078815,0.12082826001722818,14.022151321670746,0.25224035825029306,-0.75,-5.34,0.020260043085966455,0.07245156496022,2.0,94.0,0.35568227315261763,1378.2141592692044,2.9652505733578374,1.95,85.63357456154912,101.63136975966027,0.0,nan
pd,10.0,1.0,replay,141,"demo_00 +10,+12.5 deg",demo_00,0.03555322071394012,True,7.3,False,0.006344767595249023,2.000000000000001,True,0.005934010027459218,0.22388180460872914,0.013985785457662029,0.5957840865196937,0.25224035825029306,-0.75,0.009999999999999787,0.022347309632556798,0.07245156496022,11.0,94.0,0.48757306927850724,1250.0000000007042,4.80816059973097,7.3,433.69562885141295,1880.9861862712319,0.0,nan
pd,10.0,1.0,esn,142,"demo_00 +10,+15 deg",,0.02552147715547157,True,1.8900000000000001,False,0.006672307697975196,2.0,True,0.006740900281518439,2.1650139372133252,0.12009336558025868,14.135196370629517,0.2774571283956704,-0.75,-5.4,0.024604560834101903,0.07245156496022,1.0,94.0,0.41877160569021904,1626.6332506240633,3.5100984287559647,1.8900000000000001,101.06877716702053,133.51869887002783,0.0,nan
pd,10.0,1.0,replay,142,"demo_00 +10,+15 deg",demo_00,0.039520944082711694,True,7.3,False,0.006344767595249023,2.000000000000001,True,0.005934010027459218,0.24678383055448413,0.013689103923378599,0.6656649898241477,0.2774571283956704,-0.75,0.009999999999999787,0.023948034931846066,0.07245156496022,6.0,94.0,0.5432378469227811,1500.0000000008397,5.3223790933555994,7.3,433.69562885141295,1894.8080613231334,0.0,nan
pd,10.0,1.0,esn,143,"demo_00 +12.5,-15 deg",,0.0030143155489447816,True,1.3900000000000001,False,0.006678957902872442,2.0,True,0.0067409002815483334,1.7746394937436822,0.4166539207077699,14.781688520087705,0.06979513934927224,-0.74,-5.9,0.0016455573114711583,0.07245156496022,1.0,94.0,0.04955455978864248,137.50821267387704,0.4173410182429774,1.3900000000000001,59.63671076779788,32.0555981712641,0.0,nan
pd,10.0,1.0,replay,143,"demo_00 +12.5,-15 deg",demo_00,0.03536867556729317,True,7.3,False,0.006344767595249023,2.000000000000001,True,0.005934010027459218,0.12085765777303967,0.028375237413694084,0.6090210370467591,0.06979513934927224,-0.75,0.009999999999999787,0.022710883256368653,0.07245156496022,24.0,94.0,0.4566502906149349,1500.0000000008336,4.442738582433536,7.3,542.1195360642661,2948.51410838631,0.0,nan
pd,10.0,1.0,esn,144,"demo_00 +12.5,-12.5 deg",,0.002311795179441309,True,1.43,False,0.006675934899023626,2.0,True,0.006740900281548106,1.5657370254229497,0.718060603203243,14.736588499097625,0.04488617911180605,-0.74,-5.86,0.0015683581933051828,0.07245156496022,2.0,94.0,0.045650475678063906,97.42704318807239,0.31654629112432303,1.43,42.253682762561404,16.06388210381549,0.0,nan
pd,10.0,1.0,replay,144,"demo_00 +12.5,-12.5 deg",demo_00,0.03244974965073005,True,7.3,False,0.006344767595249023,2.000000000000001,True,0.005934010027459218,0.08880881182464517,0.04072849268627464,0.5493068231886105,0.03511043564960371,-0.75,0.009999999999999787,0.021377230095846356,0.07245156496022,28.0,94.0,0.4106997203914055,1250.0000000006978,4.089774448883899,7.3,542.1195360642661,2927.43820158676,0.0,nan
pd,10.0,1.0,esn,145,"demo_00 +12.5,-10 deg",,0.0011481093307425178,True,1.6,False,0.006678638743354561,2.0,True,0.006740900281540394,0.690010987024503,nan,14.477834072462253,0.016478487018445086,-0.72,-5.6899999999999995,0.0013558992272516741,0.07245156496022,2.0,94.0,0.03358911360063583,48.81317754836756,0.2102872123320507,1.6,21.170061733063207,4.099306943691071,0.0,nan
pd,10.0,1.0,replay,145,"demo_00 +12.5,-10 deg",demo_00,0.030023847061387974,True,7.3,False,0.006344767595249023,2.000000000000001,True,0.005934010027459218,0.06386230605629348,nan,0.4988950714435629,0.016079045588713002,-0.75,0.009999999999999787,0.020280092350831,0.07245156496022,32.0,94.0,0.3735572809437538,1250.0000000006946,3.8084002465388402,7.3,542.1195360642661,2909.0325081798705,0.0,nan
pd,10.0,1.0,esn,146,"demo_00 +12.5,-7.5 deg",,0.00037748695247752,False,nan,False,nan,0.0,False,0.2867275392693136,2.7731307172694453,1.5356076273314714,13.449806533070154,0.0470587541582008,-0.64,nan,8.359211621145114e-05,0.07245156496022,2.0,94.0,0.007025506545704282,17.403385083540133,0.052315679237211435,nan,7.547772037944502,0.511255487984347,0.0,nan
pd,10.0,1.0,replay,146,"demo_00 +12.5,-7.5 deg",demo_00,0.028210770122841303,True,7.3,False,0.006344767595249023,2.000000000000001,True,0.005934010027459218,0.06593655891373487,0.03651204833489434,0.4607034291388312,0.03162118032285779,-0.75,0.009999999999999787,0.019460220188097566,0.07245156496022,34.0,94.0,0.3478703971755273,1250.0000000006946,3.615314285135324,7.3,542.1195360642661,2893.2813269681988,0.0,nan
pd,10.0,1.0,esn,147,"demo_00 +12.5,-5 deg",,0.0004360962811798052,False,nan,False,nan,0.0,False,0.28672753926832456,2.8117769896621154,0.7530840389821971,13.375634704995973,0.06517990314131415,-0.65,nan,8.673133470436196e-05,0.07245156496022,0.0,94.0,0.009406370140888009,26.37626988180327,0.06241961449252442,nan,1.6388558036413063,0.04205510897928691,0.0,nan
pd,10.0,1.0,replay,147,"demo_00 +12.5,-5 deg",demo_00,0.02713041363860818,True,7.3,False,0.006344767595249023,2.000000000000001,True,0.005934010027459218,0.08628197289532033,0.023109079019516584,0.43777674890453666,0.06517990314131415,-0.75,0.009999999999999787,0.018954080260082957,0.07245156496022,33.0,94.0,0.33607229295909946,1250.0000000006946,3.525183079368242,7.3,542.1195360642661,2880.1722840661705,0.0,nan
pd,10.0,1.0,esn,148,"demo_00 +12.5,-2.5 deg",,0.0020487841363001076,False,nan,False,nan,0.0,False,0.28672753926719563,2.8150379618765013,0.4878055573662072,13.390064227679037,0.09815520019078573,-0.74,nan,0.00047124254617263406,0.07245156496022,0.0,94.0,0.03637120362732159,122.07776085668328,0.2895046581645657,nan,7.585145578660299,0.9904983543174709,0.0,nan
pd,10.0,1.0,replay,148,"demo_00 +12.5,-2.5 deg",demo_00,0.026872605841176178,True,7.3,False,0.006344767595249023,2.000000000000001,True,0.005934010027459218,0.10974971063906784,0.019018045047386523,0.4323660606393488,0.09815520019078573,-0.75,0.009999999999999787,0.018787074117776425,0.07245156496022,29.0,94.0,0.33939450809736393,1250.0000000006946,3.5461438648423296,7.3,542.1195360642661,2869.6976902347606,0.0,nan
pd,10.0,1.0,esn,149,"demo_00 +12.5,+0 deg",,0.004694884541467059,False,nan,False,nan,0.0,False,0.28672753926453876,2.798702558670689,0.3564119362529177,13.4677376883571,0.13036033312299372,-0.74,nan,0.0012427322219249319,0.07245156496022,0.0,94.0,0.07855478219284064,286.9688934841151,0.6556769813017226,nan,17.83044526987561,3.5047082329764843,0.0,nan
pd,10.0,1.0,replay,149,"demo_00 +12.5,+0 deg",demo_00,0.027466028906321317,True,7.3,False,0.006344767595249023,2.000000000000001,True,0.005934010027459218,0.1368122474738797,0.017422901149037884,0.4449099572784725,0.13036033312299372,-0.75,0.009999999999999787,0.01896761511061946,0.07245156496022,26.0,94.0,0.3571826719565845,1250.0000000006946,3.676667171591109,7.3,542.1195360642661,2861.856177455624,0.0,nan
pd,10.0,1.0,esn,150,"demo_00 +12.5,+2.5 deg",,0.00800275529659015,True,8.72,False,0.0067080629276193,2.0,True,0.006740898971152278,1.721018490634478,0.17478838706582167,8.735431999870418,0.1629235498800576,-0.75,1.4300000000000006,0.003108502375639247,0.07245156496022,2.0,94.0,0.13151121135713517,494.0099485059344,1.1099896451307225,8.72,30.6946764949517,9.232557216188116,0.0,nan
pd,10.0,1.0,replay,150,"demo_00 +12.5,+2.5 deg",demo_00,0.028867179078399367,True,7.3,False,0.006344767595249023,2.000000000000001,True,0.005934010027459218,0.16471774358795244,0.016728901449655942,0.47376932454345155,0.1629235498800576,-0.75,0.009999999999999787,0.019484806803527335,0.07245156496022,23.0,94.0,0.38720468757294574,1250.0000000006946,3.906180350432931,7.3,542.1195360642661,2856.654643751777,0.0,nan
pd,10.0,1.0,esn,151,"demo_00 +12.5,+5 deg",,0.011661638951055396,True,2.36,False,0.00668925726162636,2.0000000000000004,True,0.006740900281500237,1.1683052341816171,0.09921585691691974,13.368010627558412,0.1948522095664307,-0.75,-4.93,0.009091879194331692,0.07245156496022,2.0,94.0,0.18783391178969291,721.3652530101115,1.6106984541193554,2.36,44.82110763722438,19.260485677561853,0.0,nan
pd,10.0,1.0,replay,151,"demo_00 +12.5,+5 deg",demo_00,0.03097806863101154,True,7.3,False,0.006344767595249023,2.000000000000001,True,0.005934010027459218,0.19352013251383754,0.01643428893091093,0.5159857826215062,0.1948522095664307,-0.75,0.009999999999999787,0.0203109366726119,0.07245156496022,18.0,94.0,0.4266311926536433,1250.0000000006946,4.21891318494136,7.3,542.1195360642661,2854.110533379546,0.0,nan
pd,10.0,1.0,esn,152,"demo_00 +12.5,+7.5 deg",,0.015511566758048245,True,2.06,False,0.006674299700257564,2.0000000000000004,True,0.006740900281507284,1.6062044292476747,0.1156560953755444,13.829328127052507,0.2252961431955169,-0.75,-5.23,0.013265675870413126,0.07245156496022,2.0,94.0,0.24678108296506698,957.7474033678784,2.135572913351714,2.06,59.50841030462358,33.89198933572785,0.0,nan
pd,10.0,1.0,replay,152,"demo_00 +12.5,+7.5 deg",demo_00,0.033678439061325914,True,7.3,False,0.006344767595249023,2.000000000000001,True,0.005934010027459218,0.22019834176949027,0.015855566049682374,0.5683496669449949,0.2252961431955169,-0.75,0.009999999999999787,0.02140742615238578,0.07245156496022,15.0,94.0,0.47284876143408555,1250.0000000006946,4.598172644493401,7.3,542.1195360642661,2854.254474161337,0.0,nan
pd,10.0,1.0,esn,153,"demo_00 +12.5,+10 deg",,0.01948346174568379,True,1.96,False,0.006673033615192316,2.0,True,0.006740900281514189,1.928764035275888,0.12048893407379348,14.026668548058327,0.25385915395449044,-0.75,-5.33,0.0173668485389081,0.07245156496022,2.0,94.0,0.3067892887360151,1198.2770288958588,2.6742593742932312,1.96,74.45341103864136,53.10584957893344,0.0,nan
pd,10.0,1.0,replay,153,"demo_00 +12.5,+10 deg",demo_00,0.03685250544014132,True,7.3,False,0.006344767595249023,2.000000000000001,True,0.005934010027459218,0.2446264556916365,0.01528169353713572,0.6280732279970701,0.25385915395449044,-0.75,0.009999999999999787,0.022731470240213877,0.07245156496022,9.0,94.0,0.5237816860002389,1250.0000000006946,5.02903659540108,7.3,542.1195360642661,2857.1332836634547,0.0,nan
pd,10.0,1.0,esn,154,"demo_00 +12.5,+12.5 deg",,0.0235490470043771,True,1.9000000000000001,False,0.006672335421636599,1.9999999999999998,True,0.006740900281517609,2.169769685931612,0.12274070868281982,14.140412089475367,0.2799546929467543,-0.75,-5.39,0.02155285568415753,0.07245156496022,2.0,94.0,0.3674106533184553,1441.0221770585958,3.221994957999727,1.9000000000000001,89.53607043873785,76.90192560693387,0.0,nan
pd,10.0,1.0,replay,154,"demo_00 +12.5,+12.5 deg",demo_00,0.04040222430326322,True,7.3,False,0.006344767595249023,2.000000000000001,True,0.005934010027459218,0.2678957658536395,0.015154473014901759,0.692986275052623,0.2799546929467543,-0.75,0.009999999999999787,0.024241182298595256,0.07245156496022,5.0,94.0,0.5778869593501874,1250.0000000007042,5.499302956498494,7.3,542.1195360642661,2862.813339712942,0.0,nan
pd,10.0,1.0,esn,155,"demo_00 +12.5,+15 deg",,0.02769642817752348,True,1.87,False,0.006673570550433166,2.0,True,0.006740900281520756,2.359462171950469,0.12083926992649283,14.214202291009624,0.30240424173805164,-0.75,-5.42,0.025718892903601697,0.07245156496022,1.0,94.0,0.4283575379956659,1685.2089868298972,3.7764175099417088,1.87,104.70830563953241,105.32224616216742,0.0,nan
pd,10.0,1.0,replay,155,"demo_00 +12.5,+15 deg",demo_00,0.04424994232407003,True,7.3,False,0.006344767595249023,2.000000000000001,True,0.005934010027459218,0.29174041268211676,0.01494141287606148,0.7614762809656447,0.30240424173805164,-0.75,0.009999999999999787,0.025898524630631446,0.07245156496022,4.0,94.0,0.6340367558892289,1500.0000000008397,5.999397017400546,7.3,542.1195360642661,2871.3842868391657,0.0,nan
pd,10.0,1.0,esn,156,"demo_00 +15,-15 deg",,0.0021089925055579996,True,1.36,False,0.006677485856295323,1.9999999999999998,True,0.006740900281551113,1.544064401885581,0.5706325199954405,14.857319771507676,0.04889791357310612,-0.74,-5.93,0.0012833118630540508,0.07245156496022,1.0,94.0,0.03783883510923767,91.91115251153443,0.2873561494063713,1.36,39.861465086925946,14.329363479743352,0.0,nan
pd,10.0,1.0,replay,156,"demo_00 +15,-15 deg",demo_00,0.03950825662711044,True,7.3,False,0.006344767595249023,2.000000000000001,True,0.005934010027459218,0.10020092010937355,0.03703077635754643,0.6512623833230644,0.04794521873159675,-0.75,0.009999999999999787,0.023632210198399384,0.07245156496022,21.0,94.0,0.48332505407367454,1500.0000000008336,4.944952469423997,7.3,650.5434432771192,4180.108790213906,0.0,nan
pd,10.0,1.0,esn,157,"demo_00 +15,-12.5 deg",,0.0015806270847940375,True,1.3800000000000001,False,0.00667568125397888,1.9999999999999998,True,0.006740900281550402,1.0216769796719827,1.3504922294468247,14.79985285288182,0.0235884742425639,-0.73,-5.91,0.0010835140076140635,0.07245156496022,2.0,94.0,0.035702601054538305,65.31442350650565,0.21639213818867956,1.3800000000000001,28.32657997570467,7.250593448900946,0.0,nan
pd,10.0,1.0,replay,157,"demo_00 +15,-12.5 deg",demo_00,0.036872482741382925,True,7.3,False,0.006344767595249023,2.000000000000001,True,0.005934010027459218,0.06864905655417647,0.090742983623881,0.5998500597525583,0.01812586348786652,-0.75,0.009999999999999787,0.022398183389429362,0.07245156496022,23.0,94.0,0.4451936753441434,1500.000000000832,4.644486366345826,7.3,650.5434432771192,4159.022930755385,0.0,nan
pd,10.0,1.0,esn,158,"demo_00 +15,-10 deg",,0.0005528446413454526,True,5.08,False,0.006708120312641888,2.0,True,0.0067409002738168374,1.31533132014828,1.1897846708086552,10.641984965965777,0.032570400457701335,-0.68,-2.21,0.0006598204471276175,0.07245156496022,2.0,94.0,0.021417168137752417,25.165396266580053,0.1543077163937959,5.08,10.914122359123109,1.1340574996142743,0.0,nan
pd,10.0,1.0,replay,158,"demo_00 +15,-10 deg",demo_00,0.034749119709311015,True,7.3,False,0.006344767595249023,2.000000000000001,True,0.005934010027459218,0.06443418939618746,0.05828403052922292,0.559923915441052,0.027984302826377382,-0.75,0.009999999999999787,0.021421711482265415,0.07245156496022,23.0,94.0,0.4184388785734251,1500.000000000832,4.418619642544478,7.3,650.5434432771192,4140.015532069611,0.0,nan
pd,10.0,1.0,esn,159,"demo_00 +15,-7.5 deg",,0.0003553390191409194,False,nan,False,nan,0.0,False,0.2867275392688054,2.8162928823790576,0.8510626351589374,13.441015717111176,0.05338138732815144,-0.63,nan,5.777409922432266e-05,0.07245156496022,0.0,94.0,0.005648538658843201,16.401239576230015,0.04934002506359662,nan,7.1131459119515394,0.45410953484764177,0.0,nan
pd,10.0,1.0,replay,159,"demo_00 +15,-7.5 deg",demo_00,0.03323032704601298,True,7.3,False,0.006344767595249023,2.000000000000001,True,0.005934010027459218,0.08919805587853931,0.02695498503085956,0.5338404562426423,0.05592704759602628,-0.75,0.009999999999999787,0.02073933691325958,0.07245156496022,23.0,94.0,0.4050393161291127,1500.000000000832,4.279157628439458,7.3,650.5434432771192,4123.075405313996,0.0,nan
pd,10.0,1.0,esn,160,"demo_00 +15,-5 deg",,0.0015414120589126081,False,nan,False,nan,0.0,False,0.28672753926764005,2.8235579760680265,0.5298985584348163,13.42029688636135,0.08739712396499735,-0.73,nan,0.00028149972471793236,0.07245156496022,0.0,94.0,0.02349071560320582,54.58381732363731,0.21834832799899234,nan,23.672762979272406,5.217844900028774,0.0,nan
pd,10.0,1.0,replay,160,"demo_00 +15,-5 deg",demo_00,0.03239884897270112,True,7.3,False,0.006344767595249023,2.000000000000001,True,0.005934010027459218,0.1145363627780028,0.021495097334232532,0.5234350617527637,0.08739712396499735,-0.75,0.009999999999999787,0.020380579761276323,0.07245156496022,23.0,94.0,0.4060316567859839,1500.000000000832,4.234767737710511,7.3,650.5434432771192,4108.193963257629,0.0,nan
pd,10.0,1.0,esn,161,"demo_00 +15,-2.5 deg",,0.0036197086074292732,False,nan,False,nan,0.0,False,0.28672753926565314,2.812019850101845,0.387817192878344,13.465673398096921,0.12167360500653591,-0.74,nan,0.0008134664490893347,0.07245156496022,0.0,94.0,0.05575658985250356,174.44561734833854,0.5101384605326077,nan,35.97960396708724,13.069225511240923,0.0,nan
pd,10.0,1.0,replay,161,"demo_00 +15,-2.5 deg",demo_00,0.03230919594422933,True,7.3,False,0.006344767595249023,2.000000000000001,True,0.005934010027459218,0.14460407403754838,0.019942941039332685,0.5293844458479091,0.12167360500653591,-0.75,0.009999999999999787,0.020362169144836458,0.07245156496022,21.0,94.0,0.42102296708240006,1500.000000000832,4.288632459537001,7.3,650.5434432771192,4095.366939709909,0.0,nan
pd,10.0,1.0,esn,162,"demo_00 +15,+0 deg",,0.0065484263959120865,False,nan,False,nan,0.0,False,0.2867275393135237,2.7302861819495488,0.29513549173346787,13.923893833624632,0.15601286161541092,-0.75,nan,0.0016659419328409538,0.07245156496022,1.0,94.0,0.10016558824747908,354.22348489856563,0.9141547190283682,nan,43.66871026510698,22.24534610069001,0.0,nan
pd,10.0,1.0,replay,162,"demo_00 +15,+0 deg",demo_00,0.032972266926232646,True,7.3,False,0.006344767595249023,2.000000000000001,True,0.005934010027459218,0.17530956185131166,0.018950421419054647,0.5509005345368256,0.15601286161541092,-0.75,0.009999999999999787,0.020684135574216413,0.07245156496022,15.0,94.0,0.44831651677840745,1500.000000000832,4.437458896962427,7.3,650.5434432771192,4084.596465179283,0.0,nan
pd,10.0,1.0,esn,163,"demo_00 +15,+2.5 deg",,0.010010745030759527,True,2.45,False,0.00669294889848814,2.0,True,0.006740900281503111,1.1676612699693878,0.10340548977909692,13.2778309841124,0.18913882826863296,-0.75,-4.84,0.007084516905606382,0.07245156496022,2.0,94.0,0.1527320143001562,564.8106094590686,1.3873048566402852,2.45,48.76184472805455,33.71550263864174,0.0,nan
pd,10.0,1.0,replay,163,"demo_00 +15,+2.5 deg",demo_00,0.03435218075862279,True,7.3,False,0.006344767595249023,2.000000000000001,True,0.005934010027459218,0.20708532410322364,0.01833901655873048,0.5860023004090796,0.18913882826863296,-0.75,0.009999999999999787,0.021329566957379423,0.07245156496022,15.0,94.0,0.48554193891509256,1500.000000000832,4.6724606119491,7.3,650.5434432771192,4075.8935391152377,0.0,nan
pd,10.0,1.0,esn,164,"demo_00 +15,+5 deg",,0.013774570918533407,True,2.08,False,0.006675429031745978,2.0,True,0.006740900281506253,1.595523582414532,0.11961764313647341,13.832895223360508,0.2195866169314041,-0.75,-5.21,0.010985214277007842,0.07245156496022,2.0,94.0,0.20803086757996334,790.6732953968753,1.898579792059455,2.08,52.896088588737335,48.68741028091633,0.0,nan
pd,10.0,1.0,replay,164,"demo_00 +15,+5 deg",demo_00,0.03637720061392556,True,7.3,False,0.006344767595249023,2.000000000000001,True,0.005934010027459218,0.23733301373242102,0.017793040512874534,0.6321496685910076,0.2195866169314041,-0.75,0.009999999999999787,0.022268118058312247,0.07245156496022,9.0,94.0,0.5303024800769245,1500.000000000832,4.981671939857898,7.3,650.5434432771192,4069.2809376059754,0.0,nan
pd,10.0,1.0,esn,165,"demo_00 +15,+7.5 deg",,0.01771964697957165,True,1.97,False,0.006673706116587307,2.0,True,0.0067409002815131585,1.9341141836002342,0.12663432854773055,14.042532616306591,0.2502196693626224,-0.75,-5.32,0.014888159782054725,0.07245156496022,2.0,94.0,0.26520333220410297,1024.110790444477,2.4314412769835956,1.97,63.631814506474214,67.90774641014879,0.0,nan
pd,10.0,1.0,replay,165,"demo_00 +15,+7.5 deg",demo_00,0.03895787873085204,True,7.3,False,0.006344767595249023,2.000000000000001,True,0.005934010027459218,0.26566623530786615,0.017394249838647912,0.6868241429746076,0.2502196693626224,-0.75,0.009999999999999787,0.023461578544940045,0.07245156496022,6.0,94.0,0.5805352030935302,1500.000000000832,5.352342437932537,7.3,650.5434432771192,4064.7965896333276,0.0,nan
pd,10.0,1.0,esn,166,"demo_00 +15,+10 deg",,0.02178935896698098,True,1.9100000000000001,False,0.0066731366779885426,2.0,True,0.006740900281517291,2.1813821644663873,0.12594604280301222,14.156197242893827,0.27980116496889296,-0.75,-5.38,0.018908598723385794,0.07245156496022,2.0,94.0,0.32356267760244223,1261.6052562436603,2.977614147501986,1.9100000000000001,78.38822947158656,91.54581437951529,0.0,nan
pd,10.0,1.0,replay,166,"demo_00 +15,+10 deg",demo_00,0.04200344472590282,True,7.3,False,0.006344767595249023,2.000000000000001,True,0.005934010027459218,0.2937998366873099,0.01696306470718286,0.7478445419871391,0.27980116496889296,-0.75,0.009999999999999787,0.0248693139125109,0.07245156496022,4.0,94.0,0.6346017456945825,1500.000000000832,5.7725710409083835,7.3,650.5434432771192,4062.4974433457924,0.0,nan
pd,10.0,1.0,esn,167,"demo_00 +15,+12.5 deg",,0.02595743285794301,True,1.8800000000000001,False,0.006673944337029498,1.9999999999999998,True,0.0067409002815200895,2.3781722650840194,0.12212762407473608,14.226072878855268,0.3064304698409309,-0.75,-5.41,0.022956901328323273,0.07245156496022,1.0,94.0,0.38262373919530723,1501.5633569570723,3.532873834329745,1.8800000000000001,93.29771924201933,119.5649518265588,0.0,nan
pd,10.0,1.0,replay,167,"demo_00 +15,+12.5 deg",demo_00,0.04543182213543713,True,7.3,False,0.006344767595249023,2.000000000000001,True,0.005934010027459218,0.32007660042370745,0.01643707451540943,0.8134500716085841,0.3064304698409309,-0.75,0.009999999999999787,0.02645218856245627,0.07245156496022,4.0,94.0,0.6912411269471287,1500.000000000832,6.232052043416933,7.3,650.5434432771192,4062.463824448484,0.0,nan
pd,10.0,1.0,esn,168,"demo_00 +15,+15 deg",,0.030211202053977895,True,1.86,False,0.0066740148748361695,1.9999999999999998,True,0.006740900281521495,2.5492371249563055,0.12017219052727343,14.272296866920447,0.32911346955845616,-0.75,-5.43,0.027050440662114778,0.07245156496022,1.0,94.0,0.44209407291340175,1743.2276108222873,4.094892561058548,1.86,108.3132186570026,151.8899651018694,0.0,nan
pd,10.0,1.0,replay,168,"demo_00 +15,+15 deg",demo_00,0.04917348346010839,True,7.3,False,0.006344767595249023,2.000000000000001,True,0.005934010027459218,0.34564212406336703,0.016293725985928584,0.8822610112737127,0.32911346955845616,-0.75,0.009999999999999787,0.028174679503802764,0.07245156496022,1.0,94.0,0.7494827588262791,1500.0000000008397,6.722197323526877,7.3,650.5434432771192,4064.8042596928826,0.0,nan
pd,20.0,1.0,esn,0,demo_00,,0.0007471657035249503,False,nan,False,nan,0.0,False,0.5109803803713932,0.045998274580313164,nan,20.61077802866098,0.0023632861732477994,-0.67,nan,0.00011212568811596631,0.07245156496022,0.0,94.0,0.003199955523026201,18.469224693757102,0.08501597972427842,nan,16.02004403590491,2.1225756806724703,0.0,nan
pd,20.0,1.0,replay,0,demo_00,demo_00,0.0,True,7.3,True,0.0065032470889033875,2.000000000000001,False,0.005934010032486746,0.031702205744591976,nan,0.06693625519121729,0.003247704717563692,0.010000000000000009,0.009999999999999787,0.025452109473916865,0.07245156496022,72.0,94.0,0.06176616346942455,58.616099013208434,0.5639227093341836,7.82,50.84309184467122,281.016547654571,0.0,nan
pd,20.0,1.0,esn,1,"demo_00 -15,-15 deg",,0.09295044160512783,True,1.08,False,0.006739715101286184,2.0,True,0.006740900281556413,2.4175913309212076,0.12048654733450123,15.065678802683959,0.3720962667372529,-0.75,-6.21,0.04791957705169082,0.07245156496022,0.0,94.0,0.5067848866930571,2233.769782765798,10.629985182184303,1.08,1937.5523812907188,33270.49639140059,0.0,nan
pd,20.0,1.0,replay,1,"demo_00 -15,-15 deg",demo_00,0.07896677933317899,True,7.3,True,0.0065032470889033875,2.000000000000001,False,0.005934010032486746,0.14946725608652725,0.007449064444885003,0.6391470369352825,0.3720962667372529,-0.75,0.009999999999999787,0.031707908102692396,0.07245156496022,11.0,94.0,0.4684646204546605,1500.0000000008336,9.151817293491835,7.82,1301.0868865542386,16247.230155152729,0.0,nan
pd,20.0,1.0,esn,2,"demo_00 -15,-12.5 deg",,0.09018582247954847,True,1.12,False,0.006739730366581214,2.0,True,0.006740900281556687,2.3502608076384224,0.1284841116568574,15.029799732484076,0.33999767274126996,-0.75,-6.17,0.04356193206781972,0.07245156496022,0.0,94.0,0.4629848335786997,2172.8745970576515,10.278024136874098,1.12,1884.7324295713124,31360.69181406633,0.0,nan
pd,20.0,1.0,replay,2,"demo_00 -15,-12.5 deg",demo_00,0.07539654545963341,True,7.3,True,0.0065032470889033875,2.000000000000001,False,0.005934010032486746,0.1382935119083181,0.007560232876155288,0.5842895399881111,0.33999767274126996,-0.75,0.009999999999999787,0.03057450577720695,0.07245156496022,22.0,94.0,0.42638168612263716,1500.0000000008326,8.66704777132673,7.82,1301.0868865542386,16046.931164145051,0.0,nan
pd,20.0,1.0,esn,3,"demo_00 -15,-10 deg",,0.0863075731221684,True,1.16,False,0.006739702756445212,2.0,True,0.006740900281556141,2.295752082552889,0.13741907567148223,14.985276630076868,0.30923078571714807,-0.75,-6.13,0.039994708761969755,0.07245156496022,0.0,94.0,0.4194666300016523,2084.2701272589484,9.815981411560475,1.16,1807.8776870745658,28722.67981103785,0.0,nan
pd,20.0,1.0,replay,3,"demo_00 -15,-10 deg",demo_00,0.07210527742315803,True,7.3,True,0.0065032470889033875,2.000000000000001,False,0.005934010032486746,0.12766813735483326,0.007641956447009709,0.5335450082629588,0.30923078571714807,-0.75,0.009999999999999787,0.029598212763983032,0.07245156496022,25.0,94.0,0.3864600366290508,1500.0000000008326,8.218200040881156,7.82,1301.0868865542386,15871.658969803762,0.0,nan
pd,20.0,1.0,esn,4,"demo_00 -15,-7.5 deg",,0.08073182485612432,True,1.22,False,0.00673972524438578,2.0,True,0.0067409002815561675,2.2234613258299154,0.1450314189356086,14.926864399062197,0.2803024061034371,-0.75,-6.07,0.036962101073831174,0.07245156496022,0.0,94.0,0.3744584986902134,1954.8343367145485,9.173105096630195,1.22,1695.6062139225608,25118.36053071707,0.0,nan
pd,20.0,1.0,replay,4,"demo_00 -15,-7.5 deg",demo_00,0.06911211085166409,True,7.3,True,0.0065032470889033875,2.000000000000001,False,0.005934010032486746,0.11759611533798565,0.007670532098154509,0.488411348922716,0.2803024061034371,-0.75,0.009999999999999787,0.028805678236424336,0.07245156496022,31.0,94.0,0.34970704437447003,1500.0000000008326,7.810511326353556,7.82,1301.0868865542386,15720.65586296779,0.0,nan
pd,20.0,1.0,esn,5,"demo_00 -15,-5 deg",,0.07320204712260227,True,1.29,False,0.006739741376074602,2.0,True,0.006740900281556103,2.1589659687056764,0.15156247130415013,14.851807551920379,0.25390581182980465,-0.75,-6.0,0.03513794979214869,0.07245156496022,0.0,94.0,0.327067263398703,1778.977975076511,8.308976301163375,1.29,1543.0699432263855,20659.177206843648,0.0,nan
pd,20.0,1.0,replay,5,"demo_00 -15,-5 deg",demo_00,0.06644051076893859,True,7.3,True,0.0065032470889033875,2.000000000000001,False,0.005934010032486746,0.10834968610988811,0.007606301548925575,0.45077412157861696,0.25390581182980465,-0.75,0.009999999999999787,0.028222062515065465,0.07245156496022,42.0,94.0,0.3174741418853236,1500.0000000008326,7.450126552970579,7.82,1301.0868865542386,15593.259157788487,0.0,nan
pd,20.0,1.0,esn,6,"demo_00 -15,-2.5 deg",,0.06364563025882103,True,1.37,False,0.006739747065596551,2.0,True,0.0067409002815561675,2.0972826132346896,0.1549136734860545,14.75552473347988,0.2309690209948578,-0.75,-5.92,0.033303989152800896,0.07245156496022,0.0,94.0,0.27627323116081126,1554.8328217872902,7.209060530958206,1.37,1348.6483968069629,15677.765207202856,0.0,nan
pd,20.0,1.0,replay,6,"demo_00 -15,-2.5 deg",demo_00,0.06411836128642394,True,7.3,True,0.0065032470889033875,2.000000000000001,False,0.005934010032486746,0.10025341075705614,0.007405117480056082,0.42281095022998,0.2309690209948578,-0.75,0.009999999999999787,0.02786891517691571,0.07245156496022,47.0,94.0,0.2914853545854934,1500.0000000008326,7.14399516093549,7.82,1301.0868865542386,15488.906029110334,0.0,nan
pd,20.0,1.0,esn,7,"demo_00 -15,+0 deg",,0.052596244829066705,True,1.47,False,0.006739755803485867,2.0,True,0.006740900281555794,2.0280446764611337,0.15279841069692024,14.623822870499113,0.21266450422608676,-0.75,-5.82,0.025116138458401792,0.07245156496022,0.0,94.0,0.2227452866790061,1294.2701637849857,5.93551901543282,1.47,1122.638625172079,10832.508633800278,0.0,nan
pd,20.0,1.0,replay,7,"demo_00 -15,+0 deg",demo_00,0.06217765678270218,True,7.3,True,0.0065032470889033875,2.000000000000001,False,0.005934010032486746,0.09371071551040656,0.007060420592039046,0.40665786572215434,0.21266450422608676,-0.75,0.009999999999999787,0.027761987637141994,0.07245156496022,52.0,94.0,0.27370404863324416,1500.0000000008326,6.899585995936649,7.82,1301.0868865542386,15407.138891673914,0.0,nan
pd,20.0,1.0,esn,8,"demo_00 -15,+2.5 deg",,0.04148252214888736,True,1.62,False,0.006739760561951282,2.0,True,0.006740900281556112,1.9229912749150115,0.14272207286431793,14.405333353243988,0.20030508531816468,-0.75,-5.67,0.013826000201119367,0.07245156496022,1.0,94.0,0.1720004703897924,1030.5042136270447,4.659362428854709,1.62,893.8503459255274,6886.741421138164,0.0,nan
pd,20.0,1.0,replay,8,"demo_00 -15,+2.5 deg",demo_00,0.06065363884950336,True,7.3,True,0.0065032470889033875,2.000000000000001,False,0.005934010032486746,0.08909412431738328,0.006612457512668726,0.40382711209619687,0.20030508531816468,-0.75,0.009999999999999787,0.027909455142713153,0.07245156496022,55.0,94.0,0.2659063116040041,1500.0000000008326,6.724375992160145,7.82,1301.0868865542386,15347.611177408544,0.0,nan
pd,20.0,1.0,esn,9,"demo_00 -15,+5 deg",,0.032471624141791125,True,1.94,False,0.006739749258866854,2.0,True,0.006740900281555711,1.6740489539294285,0.11870887335354491,13.88574015029618,0.1950492555107683,-0.75,-5.35,0.010774935502951354,0.07245156496022,2.0,94.0,0.13712083243850162,815.7322820747769,3.63511231103205,1.94,707.5590500972444,4328.147548671474,0.0,nan
pd,20.0,1.0,replay,9,"demo_00 -15,+5 deg",demo_00,0.05958326807087032,True,7.3,True,0.0065032470889033875,2.000000000000001,False,0.005934010032486746,0.0872195968743026,0.006184849048169055,0.414638339294378,0.1950492555107683,-0.75,0.009999999999999787,0.02831101835964933,0.07245156496022,57.0,94.0,0.2690245029212176,1500.0000000008326,6.625126225298628,7.82,1301.0868865542386,15310.093279538058,0.0,nan
pd,20.0,1.0,esn,10,"demo_00 -15,+7.5 deg",,0.02784854432014161,True,3.3200000000000003,False,0.006739759863372719,2.0,True,0.006740900281556687,0.8177352938160671,0.05419865897422165,11.218001379359883,0.19746717535840178,-0.75,-3.9699999999999998,0.008993399761871418,0.07245156496022,3.0,94.0,0.12784320208457553,706.5744023630118,3.1232390515888278,3.3200000000000003,612.8764595259354,3237.9967664271176,0.0,nan
pd,20.0,1.0,replay,10,"demo_00 -15,+7.5 deg",demo_00,0.05900303759279357,True,7.3,True,0.0065032470889033875,2.000000000000001,False,0.005934010032486746,0.08881437616827466,0.005886526021751096,0.43808570103991723,0.19746717535840178,-0.75,0.009999999999999787,0.028958142936237396,0.07245156496022,55.0,94.0,0.2827000312731246,1500.0000000008326,6.607056025590835,7.82,1301.0868865542386,15294.478327827586,0.0,nan
pd,20.0,1.0,esn,11,"demo_00 -15,+10 deg",,0.02837575727414415,False,nan,False,nan,0.0,False,0.5109803803672918,0.11447518210587257,0.006980849269834378,20.62447679835107,0.2064470296201555,-0.75,nan,0.004843538206232459,0.07245156496022,0.0,94.0,0.14373615862190364,722.3555232659912,3.2084378726920204,nan,626.5648658339235,3377.8084900928766,0.0,nan
pd,20.0,1.0,replay,11,"demo_00 -15,+10 deg",demo_00,0.05894632291269248,True,7.3,True,0.0065032470889033875,2.000000000000001,False,0.005934010032486746,0.09446234925287195,0.005760440033184472,0.4722555194899255,0.2064470296201555,-0.75,0.009999999999999787,0.02983535600773425,0.07245156496022,53.0,94.0,0.30546785374965196,1500.0000000008326,6.673121390080233,7.82,1301.0868865542386,15300.78733780969,0.0,nan
pd,20.0,1.0,esn,12,"demo_00 -15,+12.5 deg",,0.03245913141624279,False,nan,False,nan,0.0,False,0.5109803803684289,0.11065604142526601,0.006160127501604441,20.623752227771828,0.2219717034376806,-0.75,nan,0.006406095275769893,0.07245156496022,0.0,94.0,0.18137632800551262,824.0591374462155,3.714324952233058,nan,714.7816916505823,4406.066044901532,0.0,nan
pd,20.0,1.0,replay,12,"demo_00 -15,+12.5 deg",demo_00,0.05944066733854597,True,7.3,True,0.0065032470889033875,2.000000000000001,False,0.005934010032486746,0.10247580703512271,0.005704740826035308,0.5149509228718568,0.2219717034376806,-0.75,0.009999999999999787,0.0309222236227624,0.07245156496022,48.0,94.0,0.33538829698423783,1500.0000000008326,6.823625849286179,7.82,1301.0868865542386,15329.173140404655,0.0,nan
pd,20.0,1.0,esn,13,"demo_00 -15,+15 deg",,0.038014348471350476,False,nan,False,nan,0.0,False,0.5109803803672208,0.1026851524103487,0.00520668710698266,20.624221926135014,0.24276286358367036,-0.75,nan,0.008414058161673404,0.07245156496022,0.0,94.0,0.23143997041766676,959.9219690668992,4.412628642940947,nan,832.6279240450484,5996.954866401768,0.0,nan
pd,20.0,1.0,replay,13,"demo_00 -15,+15 deg",demo_00,0.060505527388298216,True,7.3,True,0.0065032470889033875,2.000000000000001,False,0.005934010032486746,0.11207788772004605,0.005682949085353872,0.5641478342470155,0.24276286358367036,-0.75,0.009999999999999787,0.032195519989639,0.07245156496022,43.0,94.0,0.37060711713669686,1500.0000000008397,7.0562946848759385,7.82,1301.0868865542386,15379.922352750544,0.0,nan
pd,20.0,1.0,esn,14,"demo_00 -12.5,-15 deg",,0.0827827844886854,True,1.1300000000000001,False,0.006739711099293669,1.9999999999999998,True,0.006740900281556805,2.2632842982550585,0.12249150413525439,15.016020619428797,0.3356215935405571,-0.75,-6.16,0.04113530466733349,0.07245156496022,0.0,94.0,0.4399536197377005,1988.5250990578497,9.47835998659073,1.1300000000000001,1724.8292866444683,26347.8390472819,0.0,nan
pd,20.0,1.0,replay,14,"demo_00 -12.5,-15 deg",demo_00,0.07087614273312712,True,7.3,True,0.0065032470889033875,2.000000000000001,False,0.005934010032486746,0.13748830109756652,0.007441022241627275,0.5748114865183146,0.3356215935405571,-0.75,0.009999999999999787,0.030938742656694034,0.07245156496022,20.0,94.0,0.4139431626542032,1500.0000000008336,8.253910161296922,7.82,1084.2390721285324,11510.003590355374,0.0,nan
pd,20.0,1.0,esn,15,"demo_00 -12.5,-12.5 deg",,0.07993356696103755,True,1.17,False,0.006739732486799989,2.0,True,0.006740900281556277,2.2062416181859765,0.13343156140403126,14.979861223100162,0.30297080863872006,-0.75,-6.12,0.0371004700508628,0.07245156496022,0.0,94.0,0.3984793312766742,1926.3053238916505,9.11469615244133,1.17,1670.8603976091006,24623.011559562226,0.0,nan
pd,20.0,1.0,replay,15,"demo_00 -12.5,-12.5 deg",demo_00,0.06674146684055696,True,7.3,True,0.0065032470889033875,2.000000000000001,False,0.005934010032486746,0.12627504810988202,0.007637004350196435,0.5183509319939,0.30297080863872006,-0.75,0.009999999999999787,0.029828226607729297,0.07245156496022,25.0,94.0,0.3722736675225363,1250.0000000006978,7.7109331814684925,7.82,1084.2390721285324,11329.362759493257,0.0,nan
pd,20.0,1.0,esn,16,"demo_00 -12.5,-10 deg",,0.075956782766214,True,1.21,False,0.006739710868330647,2.0,True,0.006740900281556413,2.163042711350145,0.14653810475377277,14.93443119573753,0.27148084410034806,-0.75,-6.08,0.03384673958115485,0.07245156496022,0.0,94.0,0.3576245494831936,1834.957492558803,8.640453271461828,1.21,1591.6260873009196,22231.724661630327,0.0,nan
pd,20.0,1.0,replay,16,"demo_00 -12.5,-10 deg",demo_00,0.06292903895140213,True,7.3,True,0.0065032470889033875,2.000000000000001,False,0.005934010032486746,0.11565642830879959,0.007835293181235105,0.46572203866585454,0.27148084410034806,-0.75,0.009999999999999787,0.028869984641232097,0.07245156496022,30.0,94.0,0.3325946636083082,1250.0000000006946,7.206688627081766,7.82,1084.2390721285324,11173.676181570469,0.0,nan
pd,20.0,1.0,esn,17,"demo_00 -12.5,-7.5 deg",,0.07007745196709803,True,1.27,False,0.006739732188080992,2.0,True,0.006740900281556824,2.103896769378185,0.15910634881021907,14.872949485217392,0.24174355944885553,-0.75,-6.02,0.031293530125946996,0.07245156496022,0.0,94.0,0.31494404824787503,1697.062509076405,7.963849204620604,1.27,1472.0171841472782,18889.44920232608,0.0,nan
pd,20.0,1.0,replay,17,"demo_00 -12.5,-7.5 deg",demo_00,0.059479301337210064,True,7.3,True,0.0065032470889033875,2.000000000000001,False,0.005934010032486746,0.10573397422373369,0.007996089365593815,0.41860181348182807,0.24174355944885553,-0.75,0.009999999999999787,0.028089023746873436,0.07245156496022,41.0,94.0,0.2959954296495962,1250.0000000006946,6.748938082933999,7.82,1084.2390721285324,11042.270167309429,0.0,nan
pd,20.0,1.0,esn,18,"demo_00 -12.5,-5 deg",,0.06191772939904255,True,1.34,False,0.006739734516288368,1.9999999999999998,True,0.006740900281556578,2.0506846083839148,0.17160415433880571,14.790795869273882,0.21456032007806838,-0.75,-5.95,0.029905223340747748,0.07245156496022,0.0,94.0,0.26886770408327276,1504.4668360160254,7.029647780679598,1.34,1304.9613810634075,14725.308466822327,0.0,nan
pd,20.0,1.0,replay,18,"demo_00 -12.5,-5 deg",demo_00,0.056441794634542894,True,7.3,True,0.0065032470889033875,2.000000000000001,False,0.005934010032486746,0.09670932348660484,0.008092771363157317,0.37926274258347303,0.21456032007806838,-0.75,0.009999999999999787,0.027508958007176055,0.07245156496022,47.0,94.0,0.26403211046151354,1250.0000000006946,6.347204543780022,7.82,1084.2390721285324,10934.558729971468,0.0,nan
pd,20.0,1.0,esn,19,"demo_00 -12.5,-2.5 deg",,0.051604227361991724,True,1.43,False,0.006739757007825649,2.0,True,0.006740900281556669,1.9881907429736692,0.17913772519163854,14.679878280805468,0.19108638710331058,-0.75,-5.86,0.026544208650678303,0.07245156496022,0.0,94.0,0.21867319122610684,1260.1941778869257,5.845386288320033,1.43,1093.0814129065116,10258.127775584137,0.0,nan
pd,20.0,1.0,replay,19,"demo_00 -12.5,-2.5 deg",demo_00,0.05387468449042496,True,7.3,True,0.0065032470889033875,2.000000000000001,False,0.005934010032486746,0.08892985072011804,0.008012657344841549,0.35052131634286093,0.19108638710331058,-0.75,0.009999999999999787,0.027150059933103748,0.07245156496022,53.0,94.0,0.23881664891729845,1250.0000000006946,6.012638008589394,7.82,1084.2390721285324,10850.047194482779,0.0,nan
pd,20.0,1.0,esn,20,"demo_00 -12.5,+0 deg",,0.04012865181003546,True,1.55,False,0.006739758771955718,2.0,True,0.00674090028155603,1.9046276010109922,0.1767972367099677,14.51000822329152,0.1728921733077769,-0.75,-5.74,0.01619827476098561,0.07245156496022,1.0,94.0,0.16643879738057743,987.101527163746,4.52741033365181,1.55,856.2032351264663,6283.685923534291,0.0,nan
pd,20.0,1.0,replay,20,"demo_00 -12.5,+0 deg",demo_00,0.05184253152173667,True,7.3,True,0.0065032470889033875,2.000000000000001,False,0.005934010032486746,0.0828782233095186,0.007693178895851757,0.3352613484740069,0.1728921733077769,-0.75,0.009999999999999787,0.02702724724774438,0.07245156496022,57.0,94.0,0.22284779911958696,1250.0000000006946,5.757392430503104,7.82,1084.2390721285324,10788.336089700253,0.0,nan
pd,20.0,1.0,esn,21,"demo_00 -12.5,+2.5 deg",,0.029491453899926252,True,1.78,False,0.006739746957117925,2.0,True,0.006740900281556359,1.7241257002840435,0.1564594230557191,14.148369447782063,0.1618079900630355,-0.75,-5.51,0.009241264461450556,0.07245156496022,1.0,94.0,0.1208243794452749,732.4407283814745,3.3119176266461223,1.78,635.3126845832279,3473.4759131141104,0.0,nan
pd,20.0,1.0,replay,21,"demo_00 -12.5,+2.5 deg",demo_00,0.0504117012412983,True,7.3,True,0.0065032470889033875,2.000000000000001,False,0.005934010032486746,0.07944664406942548,0.007209553278376136,0.33542539721822284,0.1618079900630355,-0.75,0.009999999999999787,0.027148433416280572,0.07245156496022,58.0,94.0,0.2182968046193039,1250.0000000006946,5.593337239433326,7.82,1084.2390721285324,10749.125170118115,0.0,nan
pd,20.0,1.0,esn,22,"demo_00 -12.5,+5 deg",,0.022436318568397458,True,2.72,False,0.006739719484675854,1.9999999999999996,True,0.0067409002815561675,1.026793391074897,0.08731083053075063,12.44096248982026,0.15934690292307319,-0.75,-4.57,0.0076114705299615585,0.07245156496022,3.0,94.0,0.09787043420109032,562.7733919335385,2.515166387078507,2.72,488.14472023064656,2052.0970410557943,0.0,nan
pd,20.0,1.0,replay,22,"demo_00 -12.5,+5 deg",demo_00,0.04964339012809518,True,7.3,True,0.0065032470889033875,2.000000000000001,False,0.005934010032486746,0.07948038069123578,0.0067584171356882515,0.35103732048470765,0.15934690292307319,-0.75,0.009999999999999787,0.02751367049679732,0.07245156496022,60.0,94.0,0.22591633284289103,1250.0000000006946,5.530173114370644,7.82,1084.2390721285324,10732.217337268372,0.0,nan
pd,20.0,1.0,esn,23,"demo_00 -12.5,+7.5 deg",,0.02088366231857312,False,nan,False,nan,0.0,False,0.5109803803691667,0.10551314418701525,0.008163091282395256,20.620944117665182,0.16543087619438082,-0.75,nan,0.003328945486800262,0.07245156496022,0.0,94.0,0.09999870148571921,525.2706183689806,2.352489101321532,nan,455.6151423011586,1783.757622876408,0.0,nan
pd,20.0,1.0,replay,23,"demo_00 -12.5,+7.5 deg",demo_00,0.04958536011228935,True,7.3,True,0.0065032470889033875,2.000000000000001,False,0.005934010032486746,0.08450145383387613,0.006537508539395106,0.38019732505711834,0.16543087619438082,-0.75,0.009999999999999787,0.02811532834646587,0.07245156496022,58.0,94.0,0.24456782325639218,1250.0000000006946,5.5734613761611165,7.82,1084.2390721285324,10737.522142982023,0.0,nan
pd,20.0,1.0,esn,24,"demo_00 -12.5,+10 deg",,0.024085907927152334,False,nan,False,nan,0.0,False,0.510980380370318,0.10791337393885325,0.007476308424714528,20.620736449759278,0.17906640822999653,-0.75,nan,0.004473795167116671,0.07245156496022,0.0,94.0,0.12841769435742315,600.4577410941208,2.7411700874153486,nan,520.8317952447376,2339.9029179439876,0.0,nan
pd,20.0,1.0,replay,24,"demo_00 -12.5,+10 deg",demo_00,0.05026465839858164,True,7.3,True,0.0065032470889033875,2.000000000000001,False,0.005934010032486746,0.09119863526806145,0.006318300506139478,0.42005321307228033,0.17906640822999653,-0.75,0.009999999999999787,0.028939250838225454,0.07245156496022,55.0,94.0,0.27193418437721695,1250.0000000006946,5.723401470163449,7.82,1084.2390721285324,10765.058457354666,0.0,nan
pd,20.0,1.0,esn,25,"demo_00 -12.5,+12.5 deg",,0.02973571181583348,False,nan,False,nan,0.0,False,0.5109803803703409,0.09824128514551309,0.006068078522828101,20.620074829197552,0.19918190854928877,-0.75,nan,0.006241546789425982,0.07245156496022,0.0,94.0,0.17378758194314126,731.1725856314517,3.428209630168866,nan,634.2127086483396,3489.9069334523006,0.0,nan
pd,20.0,1.0,replay,25,"demo_00 -12.5,+12.5 deg",demo_00,0.051683901321619416,True,7.3,True,0.0065032470889033875,2.000000000000001,False,0.005934010032486746,0.09881228273226526,0.00610334738344638,0.46780918062046295,0.19918190854928877,-0.75,0.009999999999999787,0.02996655837078527,0.07245156496022,48.0,94.0,0.3055865085386201,1250.0000000007042,5.974974993821912,7.82,1084.2390721285324,10814.955776696312,0.0,nan
pd,20.0,1.0,esn,26,"demo_00 -12.5,+15 deg",,0.0362551097443651,False,nan,False,nan,0.0,False,0.5109803803698515,0.10170490084679877,0.00561245610727469,20.620440763452052,0.22400636978371752,-0.75,nan,0.00829791823815574,0.07245156496022,0.0,94.0,0.2283331893269899,958.1826627000175,4.256496471281372,nan,762.7390330627991,5072.654762952094,0.0,nan
pd,20.0,1.0,replay,26,"demo_00 -12.5,+15 deg",demo_00,0.05382249646555709,True,7.3,True,0.0065032470889033875,2.000000000000001,False,0.005934010032486746,0.10855945058820986,0.005990715750993833,0.5212059490865897,0.22400636978371752,-0.75,0.009999999999999787,0.03117565284753079,0.07245156496022,46.0,94.0,0.3435571204999638,1500.0000000008397,6.319346927325674,7.82,1084.2390721285324,10887.453537048563,0.0,nan
pd,20.0,1.0,esn,27,"demo_00 -10,-15 deg",,0.07270996406668408,True,1.18,False,0.006739715003859758,2.0,True,0.006740900281556067,2.1324238022292565,0.1252866881824951,14.96672753852749,0.3004808259872032,-0.75,-6.11,0.03493293300771744,0.07245156496022,0.0,94.0,0.3766822788911758,1745.526566593139,8.33654798523351,1.18,1514.0544839500785,20281.952320464618,0.0,nan
pd,20.0,1.0,replay,27,"demo_00 -10,-15 deg",demo_00,0.06341086488965256,True,7.3,True,0.0065032470889033875,2.000000000000001,False,0.005934010032486746,0.12679405178805342,0.007449554264568807,0.5187991115501804,0.3004808259872032,-0.75,0.009999999999999787,0.03031902773056504,0.07245156496022,25.0,94.0,0.3667303408544505,1500.0000000008336,7.421054981789294,7.82,867.3912577028257,7622.721317830649,0.0,nan
pd,20.0,1.0,esn,28,"demo_00 -10,-12.5 deg",,0.06974797805578638,True,1.22,False,0.006739742166113765,2.0,True,0.006740900281555574,2.0851156781286564,0.1391894785106706,14.930266308515122,0.26723736072823623,-0.75,-6.07,0.031204908838250865,0.07245156496022,0.0,94.0,0.3375744573790193,1681.2783632122357,7.958493076560617,1.22,1458.3261540144001,18731.209794072165,0.0,nan
pd,20.0,1.0,replay,28,"demo_00 -10,-12.5 deg",demo_00,0.05860802344882729,True,7.3,True,0.0065032470889033875,2.000000000000001,False,0.005934010032486746,0.11574727088103953,0.00772657480923279,0.46033807138871313,0.26723736072823623,-0.75,0.009999999999999787,0.029229166805679368,0.07245156496022,30.0,94.0,0.3252413120009323,1250.0000000006978,6.810391525468767,7.82,867.3912577028257,7460.679917780837,0.0,nan
pd,20.0,1.0,esn,29,"demo_00 -10,-10 deg",,0.06565568009270523,True,1.26,False,0.006739726242836542,2.0,True,0.006740900281555794,2.0499625085469537,0.1576081997889211,14.88385604864276,0.2350726643280525,-0.75,-6.03,0.028286007774198412,0.07245156496022,0.0,94.0,0.2995144212738607,1586.6001808168573,7.470510601607543,1.26,1376.2031263095018,16588.818029454484,0.0,nan
pd,20.0,1.0,replay,29,"demo_00 -10,-10 deg",demo_00,0.05415169109964539,True,7.3,True,0.0065032470889033875,2.000000000000001,False,0.005934010032486746,0.10483608175059936,0.008060160148659458,0.4051913223578984,0.2350726643280525,-0.75,0.009999999999999787,0.02828770597835298,0.07245156496022,40.0,94.0,0.28546236782972295,1000.0000000005556,6.238816519311751,7.82,867.3912577028257,7323.145585733159,0.0,nan
pd,20.0,1.0,esn,30,"demo_00 -10,-7.5 deg",,0.05942916442388948,True,1.32,False,0.006739744126093727,2.0,True,0.006740900281557216,2.002579766758818,0.17828652690391833,14.818605020041508,0.2043427755537115,-0.75,-5.97,0.026210842879349744,0.07245156496022,0.0,94.0,0.2592260400877958,1439.020457494054,6.755644201753791,1.32,1248.1937644851712,13540.199235973294,0.0,nan
pd,20.0,1.0,replay,30,"demo_00 -10,-7.5 deg",demo_00,0.05011151289403877,True,7.3,True,0.0065032470889033875,2.000000000000001,False,0.005934010032486746,0.09458716016434765,0.008420946099290725,0.35515254833131954,0.2043427755537115,-0.75,0.009999999999999787,0.027518103333557576,0.07245156496022,47.0,94.0,0.2485271922897848,1000.0000000005548,5.717157810052493,7.82,867.3912577028257,7209.521998417013,0.0,nan
pd,20.0,1.0,esn,31,"demo_00 -10,-5 deg",,0.050599310156459236,True,1.3900000000000001,False,0.006739726017003143,2.0,True,0.0067409002815564225,1.9589650928356708,0.20077758281746338,14.727146772956248,0.17593038777828454,-0.75,-5.9,0.024852230016395103,0.07245156496022,0.0,94.0,0.21447473848342408,1228.7117768991477,5.747112910950397,1.3900000000000001,1065.7738535182343,9776.16074697718,0.0,nan
pd,20.0,1.0,replay,31,"demo_00 -10,-5 deg",demo_00,0.046578352353779114,True,7.3,True,0.0065032470889033875,2.000000000000001,False,0.005934010032486746,0.08552776216378581,0.008765882257848025,0.3129170700060059,0.17593038777828454,-0.75,0.009999999999999787,0.026942486840290603,0.07245156496022,53.0,94.0,0.21619898614239977,1000.0000000005548,5.259812759908014,7.82,867.3912577028257,7119.293567488817,0.0,nan
pd,20.0,1.0,esn,32,"demo_00 -10,-2.5 deg",,0.03963532293613132,True,1.49,False,0.006739742147032508,2.0,True,0.006740900281556797,1.8913221274384524,0.21756177403896976,14.59429181655672,0.151418530188668,-0.75,-5.8,0.019250067715787814,0.07245156496022,1.0,94.0,0.165171856269978,967.0750130310051,4.49114630383411,1.49,838.8324118454747,6010.070218079899,0.0,nan
pd,20.0,1.0,replay,32,"demo_00 -10,-2.5 deg",demo_00,0.04366449665171515,True,7.3,True,0.0065032470889033875,2.000000000000001,False,0.005934010032486746,0.0781999867017738,0.00899546808544141,0.2822199392542131,0.151418530188668,-0.75,0.009999999999999787,0.026579863706576244,0.07245156496022,57.0,94.0,0.19110388235515002,1000.0000000005548,4.8849374378225185,7.82,867.3912577028257,7052.02817086525,0.0,nan
pd,20.0,1.0,esn,33,"demo_00 -10,+0 deg",,0.028122003055985133,True,1.6500000000000001,False,0.006739734158316266,1.9999999999999998,True,0.006740900281556833,1.7660974120169133,0.21346752258602075,14.35168350369246,0.13303929400725847,-0.75,-5.64,0.009429252948700128,0.07245156496022,1.0,94.0,0.11516503037661037,691.2952258067942,3.1732173766280054,1.6500000000000001,599.6234353561813,3071.1226706239613,0.0,nan
pd,20.0,1.0,replay,33,"demo_00 -10,+0 deg",demo_00,0.04149747388897345,True,7.3,True,0.0065032470889033875,2.000000000000001,False,0.005934010032486746,0.07302204795948102,0.00882614716832999,0.2672326608598318,0.13303929400725847,-0.75,0.009999999999999787,0.0264442713907299,0.07245156496022,62.0,94.0,0.17657453314877214,1000.0000000005548,4.613362061850936,7.82,867.3912577028257,7007.379992166484,0.0,nan
pd,20.0,1.0,esn,34,"demo_00 -10,+2.5 deg",,0.018790236866526436,True,2.14,False,0.006739765553863679,1.9999999999999996,True,0.006740900281556177,1.3484374486102126,0.15693866867071007,13.540521455934558,0.12360056941232514,-0.75,-5.15,0.006579057686724205,0.07245156496022,3.0,94.0,0.07824744089375105,466.4127165585873,2.1114245737891246,2.14,404.56231282412,1403.7369177844043,0.0,nan
pd,20.0,1.0,replay,34,"demo_00 -10,+2.5 deg",demo_00,0.04020389120222584,True,7.3,True,0.0065032470889033875,2.000000000000001,False,0.005934010032486746,0.07149643671752016,0.00832115394356032,0.2706832453194954,0.12360056941232514,-0.75,0.009999999999999787,0.02654325607797468,0.07245156496022,66.0,94.0,0.17540091803126823,1000.0000000005548,4.465327438990474,7.82,867.3912577028257,6985.092312584705,0.0,nan
pd,20.0,1.0,esn,35,"demo_00 -10,+5 deg",,0.014615346436663868,False,nan,False,nan,0.0,False,0.5109803803689917,0.09487200155782485,0.009987378342235828,20.61817789496873,0.1251603906928864,-0.75,nan,0.0021922674472693777,0.07245156496022,0.0,94.0,0.06615844557015445,364.5060445269116,1.643609221456364,nan,316.16935640230423,856.109877533844,0.0,nan
pd,20.0,1.0,replay,35,"demo_00 -10,+5 deg",demo_00,0.039883685330514354,True,7.3,True,0.0065032470889033875,2.000000000000001,False,0.005934010032486746,0.07464142170255758,0.00785766196881012,0.29196384946325127,0.1251603906928864,-0.75,0.009999999999999787,0.026877066658788664,0.07245156496022,65.0,94.0,0.18789461808323937,1000.0000000005548,4.455168921451549,7.82,867.3912577028257,6985.000033435961,0.0,nan
pd,20.0,1.0,esn,36,"demo_00 -10,+7.5 deg",,0.016211675314597634,False,nan,False,nan,0.0,False,0.510980380370841,0.10454559991591209,0.009583509980894233,20.618553010682636,0.13616942954168235,-0.75,nan,0.002838629890222536,0.07245156496022,0.0,94.0,0.08255911472850971,398.50047043395,1.8377088433848243,nan,345.65582424467993,1028.0035100929388,0.0,nan
pd,20.0,1.0,replay,36,"demo_00 -10,+7.5 deg",demo_00,0.04058361294804327,True,7.3,True,0.0065032470889033875,2.000000000000001,False,0.005934010032486746,0.08072969249452829,0.007400347928541362,0.32761274840835874,0.13616942954168235,-0.75,0.009999999999999787,0.02743879063179057,0.07245156496022,62.0,94.0,0.21164020470974793,1000.0000000005548,4.586363611857618,7.82,867.3912577028257,7007.031633027938,0.0,nan
pd,20.0,1.0,esn,37,"demo_00 -10,+10 deg",,0.021505025394906386,False,nan,False,nan,0.0,False,0.5109803803710847,0.09795766576252038,0.007737615510651273,20.61784069856876,0.15555420389228825,-0.75,nan,0.004301910901074347,0.07245156496022,0.0,94.0,0.12120592566293568,515.3133910477162,2.466147590781156,nan,446.97833037173893,1736.252432683762,0.0,nan
pd,20.0,1.0,replay,37,"demo_00 -10,+10 deg",demo_00,0.04228457430396303,True,7.3,True,0.0065032470889033875,2.000000000000001,False,0.005934010032486746,0.08781081543928668,0.006936122071274631,0.37349452375963255,0.15555420389228825,-0.75,0.009999999999999787,0.028215388294129964,0.07245156496022,58.0,94.0,0.24330499968748914,1000.0000000005556,4.850436067224941,7.82,867.3912577028257,7051.210179711423,0.0,nan
pd,20.0,1.0,esn,38,"demo_00 -10,+12.5 deg",,0.028335347556412357,False,nan,False,nan,0.0,False,0.5109803803710844,0.0958507042865189,0.006551554726992494,20.61730884769854,0.1806898300611667,-0.75,nan,0.006200247533057354,0.07245156496022,0.0,94.0,0.17243309510604293,743.3156033290743,3.290829892676458,nan,575.3700964646259,2900.850205603671,0.0,nan
pd,20.0,1.0,replay,38,"demo_00 -10,+12.5 deg",demo_00,0.044910862291939996,True,7.3,True,0.0065032470889033875,2.000000000000001,False,0.005934010032486746,0.09601584295851708,0.006562842229313862,0.4262462488624592,0.1806898300611667,-0.75,0.009999999999999787,0.0291893345391635,0.07245156496022,53.0,94.0,0.280119452192284,1250.0000000007042,5.230555362158833,7.82,867.3912577028257,7117.652937479007,0.0,nan
pd,20.0,1.0,esn,39,"demo_00 -10,+15 deg",,0.03546521970954615,False,nan,False,nan,0.0,False,0.5109803803709138,0.11521881281069217,0.006881795496531353,20.6186789104738,0.20947825247276505,-0.75,nan,0.008209193156336607,0.07245156496022,0.0,94.0,0.22934391555983322,1014.2365710909048,4.211236959654731,nan,705.6786914583578,4391.396285432282,0.0,nan
pd,20.0,1.0,replay,39,"demo_00 -10,+15 deg",demo_00,0.04835459587422677,True,7.3,True,0.0065032470889033875,2.000000000000001,False,0.005934010032486746,0.10522657612701573,0.006284978642299554,0.48353428292817896,0.20947825247276505,-0.75,0.009999999999999787,0.030340467631954967,0.07245156496022,47.0,94.0,0.32019067001985774,1500.0000000008397,5.706981413298698,7.82,867.3912577028257,7206.5690173075145,0.0,nan
pd,20.0,1.0,esn,40,"demo_00 -7.5,-15 deg",,0.0627745109178278,True,1.23,False,0.006739731587652462,2.0,True,0.006740900281556824,2.022188856159947,0.13060723745434769,14.91886872785429,0.2677925536634062,-0.75,-6.0600000000000005,0.029272511014644988,0.07245156496022,0.0,94.0,0.3172339948294518,1505.8237957632298,7.209174172997386,1.23,1306.138396085186,15073.091950027043,0.0,nan
pd,20.0,1.0,replay,40,"demo_00 -7.5,-15 deg",demo_00,0.05681585648759923,True,7.3,True,0.0065032470889033875,2.000000000000001,False,0.005934010032486746,0.11756017029773483,0.007592866032506387,0.4723874305624645,0.2677925536634062,-0.75,0.009999999999999787,0.029831920700379308,0.07245156496022,30.0,94.0,0.32773668051519583,1500.0000000008336,6.676580024374054,7.82,650.5434432771193,4587.230824509004,0.0,nan
pd,20.0,1.0,esn,41,"demo_00 -7.5,-12.5 deg",,0.059674953018679824,True,1.26,False,0.006739708686821981,2.0,True,0.006740900281556277,1.9994153757028885,0.14741954807430216,14.88199830418507,0.23376359107393288,-0.75,-6.03,0.025946728433733673,0.07245156496022,0.0,94.0,0.2805125329232504,1438.9012658345446,6.814407438810206,1.26,1248.0903786817216,13692.774640088555,0.0,nan
pd,20.0,1.0,replay,41,"demo_00 -7.5,-12.5 deg",demo_00,0.05124341606438028,True,7.3,True,0.0065032470889033875,2.000000000000001,False,0.005934010032486746,0.10639224973215955,0.00784444171267288,0.4117029773570103,0.23376359107393288,-0.75,0.009999999999999787,0.028760818130146287,0.07245156496022,35.0,94.0,0.286241699883287,1250.0000000006978,5.989493754765464,7.82,650.5434432771193,4442.606649558008,0.0,nan
pd,20.0,1.0,esn,42,"demo_00 -7.5,-10 deg",,0.05544921830094338,True,1.31,False,0.006739751865860269,2.0,True,0.0067409002815566514,1.95639612317733,0.17039093841165667,14.834329010661854,0.20049713615976816,-0.75,-5.98,0.02326220373467387,0.07245156496022,0.0,94.0,0.2453372774709791,1340.2270110194509,6.31116331137838,1.31,1162.5011926948155,11804.344418470513,0.0,nan
pd,20.0,1.0,replay,42,"demo_00 -7.5,-10 deg",demo_00,0.04600108095710807,True,7.3,True,0.0065032470889033875,2.000000000000001,False,0.005934010032486746,0.09522041224562806,0.00829315454383915,0.3535406840939244,0.20049713615976816,-0.75,0.009999999999999787,0.02783555900681887,0.07245156496022,46.0,94.0,0.24605820796962485,1000.0000000005556,5.337413497392857,7.82,650.5434432771193,4321.66662315177,0.0,nan
pd,20.0,1.0,esn,43,"demo_00 -7.5,-7.5 deg",,0.048855089105939664,True,1.37,False,0.0067397629837169,2.0,True,0.006740900281556596,1.9185103998138109,0.20227994739387822,14.764271982974936,0.16852716833948475,-0.75,-5.92,0.021587457645549233,0.07245156496022,0.0,94.0,0.2075374318819398,1182.2986414193592,5.556120339757425,1.37,1025.5155055605112,9100.360858671545,0.0,nan
pd,20.0,1.0,replay,43,"demo_00 -7.5,-7.5 deg",demo_00,0.041190184470366036,True,7.3,True,0.0065032470889033875,2.000000000000001,False,0.005934010032486746,0.08463203307636868,0.008923257961065124,0.29963679780611735,0.16852716833948475,-0.75,0.009999999999999787,0.02707817549821058,0.07245156496022,52.0,94.0,0.20828061989474328,750.0000000004198,4.733921019840814,7.82,650.5434432771193,4223.885563826137,0.0,nan
pd,20.0,1.0,esn,44,"demo_00 -7.5,-5 deg",,0.03940680344008193,True,1.44,False,0.006739715254666312,2.0,True,0.006740900281555711,1.8807586184306635,0.2439330664009339,14.66041210306558,0.1387110089288843,-0.75,-5.85,0.019702606723723867,0.07245156496022,1.0,94.0,0.16433040933501278,955.6305996842893,4.479267835692903,1.44,828.9056277590015,5875.499899072075,0.0,nan
pd,20.0,1.0,replay,44,"demo_00 -7.5,-5 deg",demo_00,0.0369608715635021,True,7.3,True,0.0065032470889033875,2.000000000000001,False,0.005934010032486746,0.07489041944387292,0.009713234585222521,0.25299019198052125,0.1387110089288843,-0.75,0.009999999999999787,0.026509382962165963,0.07245156496022,57.0,94.0,0.17480927516722936,750.0000000004168,4.199610304723906,7.82,650.5434432771193,4148.8124750450925,0.0,nan
pd,20.0,1.0,esn,45,"demo_00 -7.5,-2.5 deg",,0.028077229401637968,True,1.56,False,0.006739736183162071,2.0,True,0.006740900281556413,1.7900619986921926,0.28140202423507743,14.49229065121597,0.11230869537774442,-0.75,-5.73,0.012098359876829588,0.07245156496022,1.0,94.0,0.1165132192055666,683.9532773694808,3.184033891006265,1.56,593.2550934671544,2986.152407720403,0.0,nan
pd,20.0,1.0,replay,45,"demo_00 -7.5,-2.5 deg",demo_00,0.03352355457803988,True,7.3,True,0.0065032470889033875,2.000000000000001,False,0.005934010032486746,0.06715924144038612,0.010557593257230337,0.21854210789792777,0.11230869537774442,-0.75,0.009999999999999787,0.026146925306506346,0.07245156496022,63.0,94.0,0.14889166257242037,750.0000000004168,3.764312553299828,7.82,650.5434432771193,4096.072740496361,0.0,nan
pd,20.0,1.0,esn,46,"demo_00 -7.5,+0 deg",,0.017199448252328768,True,1.82,False,0.006739754452884491,2.0,True,0.006740900281555939,1.5557247183159704,0.2694279415093588,14.084709699645655,0.0931270662850087,-0.75,-5.47,0.005434303192502976,0.07245156496022,2.0,94.0,0.07047434935222474,422.4573151689284,1.9420727006684706,1.82,366.4357819299326,1141.5558354925315,0.0,nan
pd,20.0,1.0,replay,46,"demo_00 -7.5,+0 deg",demo_00,0.031141594572895552,True,7.3,True,0.0065032470889033875,2.000000000000001,False,0.005934010032486746,0.06327757673359602,0.010958717208972596,0.20280233688096164,0.0931270662850087,-0.75,0.009999999999999787,0.026003875579716965,0.07245156496022,70.0,94.0,0.13520216897451298,750.0000000004168,3.4665897593290893,7.82,650.5434432771193,4065.3703314126014,0.0,nan
pd,20.0,1.0,esn,47,"demo_00 -7.5,+2.5 deg",,0.010227542145402254,False,nan,False,nan,0.0,False,0.5109803803571735,0.08185543252959143,0.013209853550990197,20.620895503191704,0.08618996635550279,-0.75,nan,0.0014572912845877727,0.07245156496022,0.0,94.0,0.04404060133620024,253.3565906258687,1.1514139548043538,nan,219.75929179014986,411.4806852562062,0.0,nan
pd,20.0,1.0,replay,47,"demo_00 -7.5,+2.5 deg",demo_00,0.030078566233233076,True,7.3,True,0.0065032470889033875,2.000000000000001,False,0.005934010032486746,0.06444954373917444,0.010400886146620195,0.21013704040900125,0.08618996635550279,-0.75,0.009999999999999787,0.026087241555744774,0.07245156496022,73.0,94.0,0.13760116878693926,750.0000000004168,3.345285293035526,7.82,650.5434432771193,4056.489875314704,0.0,nan
pd,20.0,1.0,esn,48,"demo_00 -7.5,+5 deg",,0.009432248015542459,False,nan,False,nan,0.0,False,0.5109803803709803,0.09355730716026046,0.012653657243339216,20.616317402322537,0.09343009817187051,-0.75,nan,0.0015531845379705156,0.07245156496022,0.0,94.0,0.04585638717152952,229.92358502284523,1.0667799481854616,nan,199.4337075883974,340.0647075059668,0.0,nan
pd,20.0,1.0,replay,48,"demo_00 -7.5,+5 deg",demo_00,0.03049598621595489,True,7.3,True,0.0065032470889033875,2.000000000000001,False,0.005934010032486746,0.06947334418432882,0.009396293154859368,0.23847163172470995,0.09343009817187051,-0.75,0.009999999999999787,0.026397226206367374,0.07245156496022,71.0,94.0,0.15540580729892617,750.0000000004168,3.421841290253959,7.82,650.5434432771193,4069.2983780352656,0.0,nan
pd,20.0,1.0,esn,49,"demo_00 -7.5,+7.5 deg",,0.013714318279370497,False,nan,False,nan,0.0,False,0.5109803803713943,0.09318276636373136,0.010201356625315522,20.616023010281964,0.11195669234227547,-0.75,nan,0.002636217997780373,0.07245156496022,0.0,94.0,0.0751081100066042,319.63949534989877,1.5671440281704037,nan,277.2525038828915,667.8483527259399,0.0,nan
pd,20.0,1.0,replay,49,"demo_00 -7.5,+7.5 deg",demo_00,0.03236935637126117,True,7.3,True,0.0065032470889033875,2.000000000000001,False,0.005934010032486746,0.07688554567576822,0.00841718808506824,0.2815262299290344,0.11195669234227547,-0.75,0.009999999999999787,0.026927347888808763,0.07245156496022,65.0,94.0,0.1841884988552651,750.0000000004198,3.687057904986308,7.82,650.5434432771193,4103.746327022874,0.0,nan
pd,20.0,1.0,esn,50,"demo_00 -7.5,+10 deg",,0.020512624958394794,False,nan,False,nan,0.0,False,0.5109803803715314,0.09334231800349112,0.00835862756579725,20.61520876514526,0.13795777603710319,-0.75,nan,0.004332024053648203,0.07245156496022,0.0,94.0,0.12145000237009553,540.5421868633933,2.369997510159052,nan,399.8576398033958,1407.941319171557,0.0,nan
pd,20.0,1.0,replay,50,"demo_00 -7.5,+10 deg",demo_00,0.03550846166855434,True,7.3,True,0.0065032470889033875,2.000000000000001,False,0.005934010032486746,0.08488995433584208,0.007601734428154021,0.33360349770722175,0.13795777603710319,-0.75,0.009999999999999787,0.0276653835195072,0.07245156496022,58.0,94.0,0.21961243743494788,1000.0000000005556,4.107903910019558,7.82,650.5434432771193,4159.867835442537,0.0,nan
pd,20.0,1.0,esn,51,"demo_00 -7.5,+12.5 deg",,0.028018404647899134,False,nan,False,nan,0.0,False,0.5109803803716202,0.1051711611458017,0.007872402436026141,20.615717149425866,0.16796117071883343,-0.75,nan,0.006234647369302281,0.07245156496022,0.0,94.0,0.17583209442190015,802.6508148094426,3.273834154273545,nan,531.0753832331317,2506.2544722033676,0.0,nan
pd,20.0,1.0,replay,51,"demo_00 -7.5,+12.5 deg",demo_00,0.03965767933039958,True,7.3,True,0.0065032470889033875,2.000000000000001,False,0.005934010032486746,0.09317151700377352,0.006974190162376441,0.3910444149654015,0.16796117071883343,-0.75,0.009999999999999787,0.028594875189651946,0.07245156496022,54.0,94.0,0.2588709741551032,1250.0000000007042,4.645702956485434,7.82,650.5434432771193,4237.779416908441,0.0,nan
pd,20.0,1.0,esn,52,"demo_00 -7.5,+15 deg",,0.03529529137872632,False,nan,False,nan,0.0,False,0.5109803803717368,0.13338523923576695,0.0085261056442152,20.619400807012436,0.20013158086799554,-0.75,nan,0.00810839786333065,0.07245156496022,0.0,94.0,0.23250118401818567,1081.3740713195605,4.223155281877805,nan,650.1202998873669,3784.041759714036,0.0,nan
pd,20.0,1.0,replay,52,"demo_00 -7.5,+15 deg",demo_00,0.04458207185267926,True,7.3,True,0.0065032470889033875,2.000000000000001,False,0.005934010032486746,0.10135352819041024,0.006478609580164557,0.4517208143782132,0.20013158086799554,-0.75,0.009999999999999787,0.029696838017775694,0.07245156496022,48.0,94.0,0.30034913838378335,1500.0000000008397,5.26814900632645,7.82,650.5434432771193,4337.67691553521,0.0,nan
pd,20.0,1.0,esn,53,"demo_00 -5,-15 deg",,0.053029736212577935,True,1.27,False,0.006739709956412631,2.0,True,0.006740900281556614,1.942975496334163,0.13793752491932387,14.873604077058658,0.2386411308206876,-0.75,-6.02,0.024206925351467026,0.07245156496022,0.0,94.0,0.26183134997978336,1270.731659837713,6.10212504295862,1.27,1102.2215326288224,10712.69233072206,0.0,nan
pd,20.0,1.0,replay,53,"demo_00 -5,-15 deg",demo_00,0.051424915467313405,True,7.3,True,0.0065032470889033875,2.000000000000001,False,0.005934010032486746,0.11149517789433724,0.00791536944660447,0.43681605867707746,0.2386411308206876,-0.75,0.009999999999999787,0.029457831884291727,0.07245156496022,35.0,94.0,0.2977162245787956,1500.0000000008336,6.052234806753234,7.82,433.69562885141295,2405.240697343772,0.0,nan
pd,20.0,1.0,esn,54,"demo_00 -5,-12.5 deg",,0.04978428347676248,True,1.31,False,0.006739746720608727,2.0,True,0.0067409002815561675,1.9134275783827044,0.15968544410789506,14.836206460985595,0.2039423658408937,-0.75,-5.98,0.021038992421399914,0.07245156496022,0.0,94.0,0.22754009094223218,1200.8531147487618,5.690112000995023,1.31,1041.6094935177052,9510.144263658696,0.0,nan
pd,20.0,1.0,replay,54,"demo_00 -5,-12.5 deg",demo_00,0.045024836981914,True,7.3,True,0.0065032470889033875,2.000000000000001,False,0.005934010032486746,0.09941407893630703,0.008296619911237828,0.3740488458220761,0.2039423658408937,-0.75,0.009999999999999787,0.02840426967786709,0.07245156496022,45.0,94.0,0.2561616889749975,1250.0000000006978,5.284628569186864,7.82,433.69562885141295,2276.7180112360047,0.0,nan
pd,20.0,1.0,esn,55,"demo_00 -5,-10 deg",,0.04542422777760657,True,1.35,False,0.006739737480471404,2.0,True,0.006740900281555939,1.8915452450464214,0.18842827737570453,14.786833815779598,0.16958214096258542,-0.75,-5.9399999999999995,0.01878590375417122,0.07245156496022,1.0,94.0,0.19536228169455283,1097.8538607812723,5.1721229132002735,1.35,952.2688410764425,7889.795808471111,0.0,nan
pd,20.0,1.0,replay,55,"demo_00 -5,-10 deg",demo_00,0.0388727480144427,True,7.3,True,0.0065032470889033875,2.000000000000001,False,0.005934010032486746,0.0878008642334089,0.008746375823113514,0.31281574022204806,0.16958214096258542,-0.75,0.009999999999999787,0.027495686275306457,0.07245156496022,48.0,94.0,0.21545188960155137,1000.0000000005556,4.541583506655526,7.82,433.69562885141295,2170.680251473069,0.0,nan
pd,20.0,1.0,esn,56,"demo_00 -5,-7.5 deg",,0.03851009447176849,True,1.41,False,0.0067397384731238625,2.0,True,0.006740900281556505,1.8576765821566001,0.23201992059339097,14.710707088566394,0.13590755000625884,-0.75,-5.88,0.017354678071180147,0.07245156496022,1.0,94.0,0.16031446312856393,930.5832907475858,4.3826231946785805,1.41,807.1798109583348,5603.2821648112285,0.0,nan
pd,20.0,1.0,replay,56,"demo_00 -5,-7.5 deg",demo_00,0.033079579438628645,True,7.3,True,0.0065032470889033875,2.000000000000001,False,0.005934010032486746,0.07604450532471477,0.009497799701238124,0.2545032121681801,0.13590755000625884,-0.75,0.009999999999999787,0.026752830986128608,0.07245156496022,56.0,94.0,0.17652135724185525,750.0000000004198,3.8364786315310075,7.82,433.69562885141295,2086.667576060449,0.0,nan
pd,20.0,1.0,esn,57,"demo_00 -5,-5 deg",,0.02866527331287536,True,1.5,False,0.006739755164618159,2.0,True,0.0067409002815561675,1.7984118901008552,0.3008460450522735,14.589928582213899,0.10368389352879506,-0.75,-5.79,0.014312187524148855,0.07245156496022,1.0,94.0,0.11926355605581064,693.2265266656366,3.262404420553051,1.5,601.2986288371337,3064.6582956328957,0.0,nan
pd,20.0,1.0,replay,57,"demo_00 -5,-5 deg",demo_00,0.02784939224964304,True,7.3,True,0.0065032470889033875,2.000000000000001,False,0.005934010032486746,0.0650176577067648,0.01087643230525223,0.20194873461454602,0.10368389352879506,-0.75,0.009999999999999787,0.026195082618408437,0.07245156496022,63.0,94.0,0.14121392270234154,500.0000000002842,3.1942150426212734,7.82,433.69562885141295,2024.288254229581,0.0,nan
pd,20.0,1.0,esn,58,"demo_00 -5,-2.5 deg",,0.017508219349657957,True,1.6500000000000001,False,0.0067397451795110025,1.9999999999999998,True,0.0067409002815559576,1.6648022073718798,0.39542792519137776,14.358604794589528,0.07475861608373909,-0.75,-5.64,0.006387211060147732,0.07245156496022,1.0,94.0,0.07396390991198716,425.3224410460247,1.9883207536558074,1.6500000000000001,368.9209670679424,1145.041506067498,0.0,nan
pd,20.0,1.0,replay,58,"demo_00 -5,-2.5 deg",demo_00,0.02355024678380328,True,7.3,True,0.0065032470889033875,2.000000000000001,False,0.005934010032486746,0.05569455806387786,0.013228708757190188,0.16118142056747503,0.07475861608373909,-0.75,0.009999999999999787,0.02583890384375337,0.07245156496022,71.0,94.0,0.11333337462532715,500.0000000002778,2.6612565047100407,7.82,433.69562885141295,1983.2206592232226,0.0,nan
pd,20.0,1.0,esn,59,"demo_00 -5,+0 deg",,0.008253811993532645,True,2.22,False,0.006739763661117033,1.9999999999999996,True,0.0067409002815561675,1.1401000012118898,0.3479948638910994,13.394996021214617,0.053183425979137076,-0.75,-5.07,0.003369323722538415,0.07245156496022,3.0,94.0,0.03538204811289677,202.6379430499306,0.9333235984313258,2.22,175.7663802802952,261.0983274289385,0.0,nan
pd,20.0,1.0,replay,59,"demo_00 -5,+0 deg",demo_00,0.02077399513774928,True,7.3,True,0.0065032470889033875,2.000000000000001,False,0.005934010032486746,0.050722764762255006,0.015482204719637275,0.14292297801861614,0.053183425979137076,-0.75,0.009999999999999787,0.02569627402359636,0.07245156496022,73.0,94.0,0.09963618590982118,500.0000000002778,2.3161178441282364,7.82,433.69562885141295,1963.2152517872964,0.0,nan
pd,20.0,1.0,esn,60,"demo_00 -5,+2.5 deg",,0.004504516643030299,False,nan,False,nan,0.0,False,0.5109803803706703,0.07138280048450193,0.018231919745426695,20.613806544146925,0.05142632725596606,-0.74,nan,0.0006879776064183084,0.07245156496022,0.0,94.0,0.02074542337301487,109.94057236042357,0.5092437097859999,nan,95.36149133222334,76.940546734532,0.0,nan
pd,20.0,1.0,replay,60,"demo_00 -5,+2.5 deg",demo_00,0.020182629448372517,True,7.3,True,0.0065032470889033875,2.000000000000001,False,0.005934010032486746,0.053812282429287046,0.013744224209612027,0.15545920023941265,0.05142632725596606,-0.75,0.009999999999999787,0.025773422117009587,0.07245156496022,73.0,94.0,0.10595558812384276,500.0000000002778,2.2499539016399477,7.82,433.69562885141295,1964.096415102995,0.0,nan
pd,20.0,1.0,esn,61,"demo_00 -5,+5 deg",,0.006925258739065673,False,nan,False,nan,0.0,False,0.5109803803715322,0.0835940657536737,0.014870974712844324,20.614256711097784,0.06860907628628012,-0.75,nan,0.0012900040856774714,0.07245156496022,0.0,94.0,0.03745627062338733,163.93828903768096,0.7905912427698552,nan,134.6342545809833,157.1721525841287,0.0,nan
pd,20.0,1.0,replay,61,"demo_00 -5,+5 deg",demo_00,0.021989899707620074,True,7.3,True,0.0065032470889033875,2.000000000000001,False,0.005934010032486746,0.06353741868308758,0.011302995470274444,0.19292047326364833,0.06860907628628012,-0.75,0.009999999999999787,0.026070174472393494,0.07245156496022,73.0,94.0,0.1294488538505123,500.0000000002842,2.488702709504006,7.82,433.69562885141295,1985.7639514274172,0.0,nan
pd,20.0,1.0,esn,62,"demo_00 -5,+7.5 deg",,0.013154559218443813,False,nan,False,nan,0.0,False,0.5109803803717606,0.08733576666032009,0.011240533312612436,20.6135222411727,0.0967231785390574,-0.75,nan,0.0027283045742453422,0.07245156496022,0.0,94.0,0.07666736236836445,355.63092937738463,1.5151417727472751,nan,242.03712769632605,519.2137387890508,0.0,nan
pd,20.0,1.0,replay,62,"demo_00 -5,+7.5 deg",demo_00,0.025738824233929675,True,7.3,True,0.0065032470889033875,2.000000000000001,False,0.005934010032486746,0.07269583076411083,0.009356303134890567,0.24407464701524367,0.0967231785390574,-0.75,0.009999999999999787,0.0265800960428613,0.07245156496022,67.0,94.0,0.1628268795944056,750.0000000004198,2.9632057336766606,7.82,433.69562885141295,2028.1939950585013,0.0,nan
pd,20.0,1.0,esn,63,"demo_00 -5,+10 deg",,0.02075472261440113,False,nan,False,nan,0.0,False,0.5109803803719394,0.0918025228368668,0.009105972289258238,20.61370620429709,0.12876460242142176,-0.75,nan,0.004491639840244034,0.07245156496022,0.0,94.0,0.12727696478449466,602.9431432408473,2.4124157564603435,nan,369.75346123157055,1226.5816526048343,0.0,nan
pd,20.0,1.0,replay,63,"demo_00 -5,+10 deg",demo_00,0.030774344879136523,True,7.3,True,0.0065032470889033875,2.000000000000001,False,0.005934010032486746,0.08088083157168505,0.008022640209274921,0.30199396487671043,0.12876460242142176,-0.75,0.009999999999999787,0.027291384330894765,0.07245156496022,58.0,94.0,0.20116500977765595,1000.0000000005556,3.58459533690058,7.82,433.69562885141295,2091.4390370373076,0.0,nan
pd,20.0,1.0,esn,64,"demo_00 -5,+12.5 deg",,0.028418703229146726,False,nan,False,nan,0.0,False,0.5109803803722103,0.13019649568330255,0.010443907319559815,20.616572744636347,0.16238319173133697,-0.75,nan,0.006279899108977186,0.07245156496022,0.0,94.0,0.18192791497930857,875.3242306865413,3.3383922674558866,nan,490.08148670859725,2174.7630632610035,0.0,nan
pd,20.0,1.0,replay,64,"demo_00 -5,+12.5 deg",demo_00,0.036617175373175055,True,7.3,True,0.0065032470889033875,2.000000000000001,False,0.005934010032486746,0.08878648693381902,0.007122141313401232,0.36338847880791963,0.16238319173133697,-0.75,0.009999999999999787,0.028188276073347614,0.07245156496022,54.0,94.0,0.24202628119797928,1250.0000000007042,4.292964861949825,7.82,433.69562885141295,2175.6266973984866,0.0,nan
pd,20.0,1.0,esn,65,"demo_00 -5,+15 deg",,0.03578326918579156,False,nan,False,nan,0.0,False,0.5109803803729341,0.16141772233200044,0.010841530270179128,20.62604804508947,0.19658510189643652,-0.75,nan,0.008007926614898736,0.07245156496022,0.0,94.0,0.2376453130115662,1158.2065409843144,4.294331923918772,nan,595.3921979269859,3238.426537156947,0.0,nan
pd,20.0,1.0,replay,65,"demo_00 -5,+15 deg",demo_00,0.04298677738833311,True,7.3,True,0.0065032470889033875,2.000000000000001,False,0.005934010032486746,0.09789208697490458,0.0065748668040711,0.42667862531752065,0.19658510189643652,-0.75,0.009999999999999787,0.029252635976125218,0.07245156496022,48.0,94.0,0.2842168208201291,1500.0000000008397,5.0550750386111405,7.82,433.69562885141295,2280.9568258836553,0.0,nan
pd,20.0,1.0,esn,66,"demo_00 -2.5,-15 deg",,0.043553307535907124,True,1.31,False,0.006739710300288777,2.0,True,0.006740900281556359,1.8767341753993192,0.14637062554735622,14.832256710691292,0.21365568895552817,-0.75,-5.98,0.019544989941239366,0.07245156496022,0.0,94.0,0.21069683639775666,1042.168365181354,5.024075404294766,1.31,903.9677290122509,7184.657494778569,0.0,nan
pd,20.0,1.0,replay,66,"demo_00 -2.5,-15 deg",demo_00,0.04764649452544802,True,7.3,True,0.0065032470889033875,2.000000000000001,False,0.005934010032486746,0.10743883658325198,0.008379391138558406,0.41300875164200157,0.21365568895552817,-0.75,0.009999999999999787,0.029175953382216797,0.07245156496022,45.0,94.0,0.27699291578512897,1500.0000000008336,5.587697444632676,7.82,216.84781442570647,1078.303707165734,0.0,nan
pd,20.0,1.0,esn,67,"demo_00 -2.5,-12.5 deg",,0.040181281743695424,True,1.35,False,0.0067397509881028436,2.0,True,0.00674090028155718,1.8545296562240972,0.17328496002670232,14.794287718722401,0.17875353110194295,-0.75,-5.9399999999999995,0.016641226360037762,0.07245156496022,1.0,94.0,0.1789414125391439,969.6560912618829,4.597356088501675,1.35,841.0712165383843,6175.5921309631585,0.0,nan
pd,20.0,1.0,replay,67,"demo_00 -2.5,-12.5 deg",demo_00,0.04048247932189932,True,7.3,True,0.0065032470889033875,2.000000000000001,False,0.005934010032486746,0.09478801664863132,0.008856875176324315,0.34882761415032626,0.17875353110194295,-0.75,0.009999999999999787,0.028139908151863756,0.07245156496022,48.0,94.0,0.23552901850331542,1250.0000000006978,4.7472539124221065,7.82,216.84781442570647,964.4229624382515,0.0,nan
pd,20.0,1.0,esn,68,"demo_00 -2.5,-10 deg",,0.0357406796270567,True,1.3900000000000001,False,0.006739742386266503,2.0,True,0.006740900281556596,1.8341083819796515,0.2154986700415522,14.742747279247519,0.1439136041630369,-0.75,-5.9,0.014696517807246047,0.07245156496022,1.0,94.0,0.15002859586223904,863.226073698115,4.071339403053491,1.3900000000000001,748.7547497464641,4850.493296991207,0.0,nan
pd,20.0,1.0,replay,68,"demo_00 -2.5,-10 deg",demo_00,0.03342705427189433,True,7.3,True,0.0065032470889033875,2.000000000000001,False,0.005934010032486746,0.0820791666199997,0.009643896412292357,0.2852913974270406,0.1439136041630369,-0.75,0.009999999999999787,0.02725006427783885,0.07245156496022,55.0,94.0,0.1945204934629178,1000.0000000005556,3.9161323249041295,7.82,216.84781442570647,871.4514147935889,0.0,nan
pd,20.0,1.0,esn,69,"demo_00 -2.5,-7.5 deg",,0.028696482127264243,True,1.45,False,0.006739728956843597,2.0,True,0.006740900281555857,1.8009299816659994,0.2759375642485618,14.659145393219081,0.10929343247508683,-0.75,-5.84,0.013317620364473228,0.07245156496022,1.0,94.0,0.11836910796439012,691.1432407726168,3.269001691577782,1.45,599.4916048662344,3064.441415842679,0.0,nan
pd,20.0,1.0,replay,69,"demo_00 -2.5,-7.5 deg",demo_00,0.02653613347873279,True,7.3,True,0.0065032470889033875,2.000000000000001,False,0.005934010032486746,0.07000358932407569,0.010725913901923442,0.22322638049392013,0.10929343247508683,-0.75,0.009999999999999787,0.02652603337062842,0.07245156496022,60.0,94.0,0.15467488814117974,750.0000000004198,3.100911384604134,7.82,216.84781442570647,798.989174202256,0.0,nan
pd,20.0,1.0,esn,70,"demo_00 -2.5,-5 deg",,0.018927748423022646,True,1.55,False,0.006739730740978698,2.0,True,0.006740900281556797,1.7203235548001472,0.3751418992103499,14.513510698939104,0.07520220098562598,-0.75,-5.74,0.00910503846460271,0.07245156496022,1.0,94.0,0.08063159632939342,455.1969262523031,2.1582359029544786,1.55,394.8338343642257,1306.2402960407228,0.0,nan
pd,20.0,1.0,replay,70,"demo_00 -2.5,-5 deg",demo_00,0.01995680909666395,True,7.3,True,0.0065032470889033875,2.000000000000001,False,0.005934010032486746,0.05805983484326288,0.012660802469493117,0.16461418957603574,0.07520220098562598,-0.75,0.009999999999999787,0.02598591495383951,0.07245156496022,69.0,94.0,0.11755729013135527,500.0000000002842,2.3182184014231484,7.82,216.84781442570647,746.6989199685846,0.0,nan
pd,20.0,1.0,esn,71,"demo_00 -2.5,-2.5 deg",,0.008765973540594421,True,1.78,False,0.006739733977872099,2.0,True,0.006740900281556687,1.4768732681579761,0.5932841195178651,14.147681010735893,0.04171149781286702,-0.75,-5.51,0.00341189984340559,0.07245156496022,2.0,94.0,0.03963779817794031,212.0396097301473,0.9975844825476651,1.78,183.92130376654578,281.90836960654093,0.0,nan
pd,20.0,1.0,replay,71,"demo_00 -2.5,-2.5 deg",demo_00,0.014121745253041258,True,7.3,True,0.0065032470889033875,2.000000000000001,False,0.005934010032486746,0.04622120509062602,0.01856781320136499,0.11520857808053193,0.04130210392087671,-0.75,0.009999999999999787,0.02564483065530912,0.07245156496022,72.0,94.0,0.08713556757782112,250.00000000014848,1.617205065895974,7.82,216.84781442570647,714.3080171087753,0.0,nan
pd,20.0,1.0,esn,72,"demo_00 -2.5,+0 deg",,0.0021821505238216812,False,nan,False,nan,0.0,False,0.5109803803669628,0.05113638765294227,0.06464060762852071,20.613981635700195,0.013343816499823654,-0.73,nan,0.00031546037668549887,0.07245156496022,0.0,94.0,0.009501737928363858,53.59522438673205,0.24733078577613962,nan,46.4880290876458,18.088861117101143,0.0,nan
pd,20.0,1.0,replay,72,"demo_00 -2.5,+0 deg",demo_00,0.010393768597594466,True,7.3,True,0.0065032470889033875,2.000000000000001,False,0.005934010032486746,0.0388128052768283,0.049062584042681816,0.09171440597283033,0.013343816499823654,-0.75,0.009999999999999787,0.025513472982035414,0.07245156496022,72.0,94.0,0.07274396108261892,250.0000000001389,1.1609390588652346,7.82,216.84781442570647,701.6106731815483,0.0,nan
pd,20.0,1.0,esn,73,"demo_00 -2.5,+2.5 deg",,0.0019106694922612559,False,nan,False,nan,0.0,False,0.5109803803715542,0.06480366814037683,0.029698186111373422,20.612386573712286,0.027031885539560537,-0.73,nan,0.0003398470487686241,0.07245156496022,0.0,94.0,0.010854963406850947,52.15657173765584,0.21951727191913056,nan,32.23938012404107,9.087603601580984,0.0,nan
pd,20.0,1.0,replay,73,"demo_00 -2.5,+2.5 deg",demo_00,0.011188679882790563,True,7.3,True,0.0065032470889033875,2.000000000000001,False,0.005934010032486746,0.045977375027545224,0.021070483811543556,0.1120134554593712,0.027031885539560537,-0.75,0.009999999999999787,0.025596970337443032,0.07245156496022,72.0,94.0,0.08334392672707487,250.00000000014848,1.2587272649903818,7.82,216.84781442570647,708.4700131602963,0.0,nan
pd,20.0,1.0,esn,74,"demo_00 -2.5,+5 deg",,0.006796386806695875,False,nan,False,nan,0.0,False,0.5109803803719007,0.07947429531881464,0.017329904289907182,20.61207722066356,0.05979870506757273,-0.75,nan,0.001432392873022878,0.07245156496022,0.0,94.0,0.03994718111484304,197.1804268096014,0.7833195902945458,nan,110.59711594555361,110.29868984794727,0.0,nan
pd,20.0,1.0,replay,74,"demo_00 -2.5,+5 deg",demo_00,0.015894834676807797,True,7.3,True,0.0065032470889033875,2.000000000000001,False,0.005934010032486746,0.05918525374840102,0.012905742400346178,0.16028477214392434,0.05979870506757273,-0.75,0.009999999999999787,0.025894350297033346,0.07245156496022,73.0,94.0,0.11209996674759728,500.0000000002842,1.8282177345256543,7.82,216.84781442570647,734.819905110395,0.0,nan
pd,20.0,1.0,esn,75,"demo_00 -2.5,+7.5 deg",,0.014018262639795845,False,nan,False,nan,0.0,False,0.5109803803721522,0.08933928542530079,0.012659744383833889,20.61230342119008,0.09384960350248912,-0.75,nan,0.0030102838206624285,0.07245156496022,0.0,94.0,0.08485639010201902,420.18838241702866,1.6240554276669603,nan,227.2193955664059,470.3806336710535,0.0,nan
pd,20.0,1.0,replay,75,"demo_00 -2.5,+7.5 deg",demo_00,0.022199065331374272,True,7.3,True,0.0065032470889033875,2.000000000000001,False,0.005934010032486746,0.06922055449741318,0.009808837420993328,0.218711573844644,0.09384960350248912,-0.75,0.009999999999999787,0.02639874720925781,0.07245156496022,68.0,94.0,0.14880902634111745,750.0000000004198,2.5773477483651845,7.82,216.84781442570647,780.6663195282603,0.0,nan
pd,20.0,1.0,esn,76,"demo_00 -2.5,+10 deg",,0.021819665979970263,False,nan,False,nan,0.0,False,0.5109803803725146,0.12690831824563595,0.0132984737281236,20.61511408015303,0.1285304575985092,-0.75,nan,0.004683019593313833,0.07245156496022,1.0,94.0,0.13643309810852577,681.4561059117442,2.546671882320936,nan,345.1754958164593,1095.4491758148035,0.0,nan
pd,20.0,1.0,replay,76,"demo_00 -2.5,+10 deg",demo_00,0.02913133718075801,True,7.3,True,0.0065032470889033875,2.000000000000001,False,0.005934010032486746,0.07733711470565313,0.00810400454705715,0.2809774413852233,0.1285304575985092,-0.75,0.009999999999999787,0.02709829689482328,0.07245156496022,59.0,94.0,0.1888224474398489,1000.0000000005556,3.392589844686492,7.82,216.84781442570647,846.0879515179101,0.0,nan
pd,20.0,1.0,esn,77,"demo_00 -2.5,+12.5 deg",,0.029524636295664843,False,nan,False,nan,0.0,False,0.5109803803734001,0.16310945969909796,0.013552989303428081,20.624244496359474,0.16339582499906352,-0.75,nan,0.006324686755812938,0.07245156496022,0.0,94.0,0.19030918123527923,959.3939495549366,3.4785785539072065,nan,451.1857261180298,1889.9919626792532,0.0,nan
pd,20.0,1.0,replay,77,"demo_00 -2.5,+12.5 deg",demo_00,0.036382581221965395,True,7.3,True,0.0065032470889033875,2.000000000000001,False,0.005934010032486746,0.08574322115865267,0.007124522154315705,0.3449407916768156,0.16339582499906352,-0.75,0.009999999999999787,0.027977485018851812,0.07245156496022,55.0,94.0,0.2303352640006516,1250.0000000007042,4.239108406260543,7.82,216.84781442570647,931.2357801257044,0.0,nan
pd,20.0,1.0,esn,78,"demo_00 -2.5,+15 deg",,0.037021703041756,False,nan,False,nan,0.0,False,0.5109803804060427,0.2837344101304336,0.019528017432253037,20.712496465621822,0.1982995833155524,-0.75,nan,0.007925865938233492,0.07245156496022,0.0,94.0,0.24509469898609426,1244.5402399146487,4.433563910440458,nan,545.3382059358801,2789.6570008041112,0.0,nan
pd,20.0,1.0,replay,78,"demo_00 -2.5,+15 deg",demo_00,0.04384045935155153,True,7.3,True,0.0065032470889033875,2.000000000000001,False,0.005934010032486746,0.09642638531011703,0.00663654483218826,0.40972908380720613,0.1982995833155524,-0.75,0.009999999999999787,0.02901864222095755,0.07245156496022,48.0,94.0,0.272561283783234,1500.0000000008397,5.1041560966273645,7.82,216.84781442570647,1036.331187399109,0.0,nan
pd,20.0,1.0,esn,79,"demo_00 +0,-15 deg",,0.03448463256661075,True,1.35,False,0.006739738688231335,2.0,True,0.006740900281556277,1.818421680683068,0.15970851026736618,14.796689569963304,0.18844257990692398,-0.75,-5.9399999999999995,0.015269758197759147,0.07245156496022,1.0,94.0,0.16418084217033893,823.6103291029591,3.9905322187053165,1.35,714.3923992172577,4467.9418356137185,0.0,nan
pd,20.0,1.0,replay,79,"demo_00 +0,-15 deg",demo_00,0.045878963042028584,True,7.3,True,0.0065032470889033875,2.000000000000001,False,0.005934010032486746,0.10613416698295512,0.009321561592330106,0.4012356665736491,0.18844257990692398,-0.75,0.009999999999999787,0.028966074675031046,0.07245156496022,48.0,94.0,0.26519058248970195,1500.0000000008336,5.324565158402329,7.82,186.4011641129944,607.7988434396573,0.0,nan
pd,20.0,1.0,esn,80,"demo_00 +0,-12.5 deg",,0.031034271273450775,True,1.3800000000000001,False,0.006739728489611795,1.9999999999999998,True,0.006740900281555903,1.8128734065302545,0.19233095806601128,14.758086051670336,0.15365121678907825,-0.75,-5.91,0.012684901421485126,0.07245156496022,1.0,94.0,0.13514343345563437,749.3231547402008,3.5551263898556345,1.3800000000000001,649.9563536155915,3666.052516432396,0.0,nan
pd,20.0,1.0,replay,80,"demo_00 +0,-12.5 deg",demo_00,0.03821775119479822,True,7.3,True,0.0065032470889033875,2.000000000000001,False,0.005934010032486746,0.09270913271588319,0.009835676474973559,0.33682998842609196,0.15365121678907825,-0.75,0.009999999999999787,0.027949435298410888,0.07245156496022,54.0,94.0,0.22416481534960264,1250.0000000006978,4.438635277996615,7.82,155.33430342749534,506.94579935239256,0.0,nan
pd,20.0,1.0,esn,81,"demo_00 +0,-10 deg",,0.02667309213586278,True,1.42,False,0.006739719319945715,2.0,True,0.006740900281556313,1.7904712446773892,0.24730166492641217,14.703991847469402,0.11914304276776726,-0.75,-5.87,0.011025795877532506,0.07245156496022,1.0,94.0,0.11008578310293347,642.8099617425576,3.039723976992214,1.42,557.5677411794721,2668.543597045094,0.0,nan
pd,20.0,1.0,replay,81,"demo_00 +0,-10 deg",demo_00,0.030577222211527397,True,7.3,True,0.0065032470889033875,2.000000000000001,False,0.005934010032486746,0.07897551939798018,0.010908177103435,0.27272872883554883,0.11914304276776726,-0.75,0.009999999999999787,0.02708272684215118,0.07245156496022,58.0,94.0,0.1834897836817259,1000.0000000005556,3.5529401916248537,7.82,124.2674427419963,425.0497191814136,0.0,nan
pd,20.0,1.0,esn,82,"demo_00 +0,-7.5 deg",,0.01990746948604617,True,1.49,False,0.006739739351623761,2.0,True,0.0067409002815561675,1.7339396902958057,0.33814517605001493,14.610863865905367,0.0851657390379268,-0.75,-5.8,0.00947991954488238,0.07245156496022,1.0,94.0,0.08296450029279853,475.9665066319532,2.2705660979806814,1.49,412.84918681168045,1437.1886744343099,0.0,nan
pd,20.0,1.0,replay,82,"demo_00 +0,-7.5 deg",demo_00,0.022946231323458743,True,7.3,True,0.0065032470889033875,2.000000000000001,False,0.005934010032486746,0.06556700149998829,0.012786583864115129,0.20945862953278682,0.0851657390379268,-0.75,0.009999999999999787,0.026384541706220413,0.07245156496022,65.0,94.0,0.14377330832074614,750.0000000004198,2.666842823238402,7.82,93.20058205649727,361.76569206396545,0.0,nan
pd,20.0,1.0,esn,83,"demo_00 +0,-5 deg",,0.010939054925298987,True,1.61,False,0.006739722879725068,1.9999999999999998,True,0.0067409002815565595,1.5990975358768464,0.5341831761946612,14.423134583617431,0.05244099019831752,-0.75,-5.68,0.004895905370633828,0.07245156496022,1.0,94.0,0.05011926161756217,260.14882374857626,1.2502895912659637,1.61,225.65081542106245,421.12846171956807,0.0,nan
pd,20.0,1.0,replay,83,"demo_00 +0,-5 deg",demo_00,0.015313658536105404,True,7.3,True,0.0065032470889033875,2.000000000000001,False,0.005934010032486746,0.05280275397447719,0.017638913322722917,0.1483717466524145,0.05177574101230625,-0.75,0.009999999999999787,0.02587170356989959,0.07245156496022,73.0,94.0,0.10643680508571132,500.0000000002842,1.779717745209277,7.82,62.133721370998074,316.8064212229674,0.0,nan
pd,20.0,1.0,esn,84,"demo_00 +0,-2.5 deg",,0.002737811929049031,True,2.07,False,0.006739736437053608,2.0000000000000004,True,0.006740900281556177,1.0804380804343685,0.9963936700254111,13.657584552044566,0.03191550347438187,-0.74,-5.220000000000001,0.002579295158257964,0.07245156496022,3.0,94.0,0.016635947072238148,65.83242166110666,0.3656993903478306,2.07,57.10246702221842,27.14865358251139,0.0,nan
pd,20.0,1.0,replay,84,"demo_00 +0,-2.5 deg",demo_00,0.007668504844219582,True,7.3,True,0.0065032470889033875,2.000000000000001,False,0.005934010032486746,0.041031314429220936,0.03783959739151523,0.09417383969800557,0.018840617245048052,-0.75,0.009999999999999787,0.025557854285071843,0.07245156496022,72.0,94.0,0.07548266434155482,250.00000000014848,0.8909608853856383,7.82,50.84309498203152,289.9447836305073,0.0,nan
pd,20.0,1.0,esn,85,"demo_00 +0,+2.5 deg",,0.002292830276543014,False,nan,False,nan,0.0,False,0.5109803803720302,0.07344002848216426,0.031779202885847235,20.610937462946918,0.03490381605529773,-0.74,nan,0.0005249598981547809,0.07245156496022,0.0,94.0,0.014161490456296978,76.88349813384599,0.268926897586693,nan,17.279806319778324,3.5001112785603095,0.0,nan
pd,20.0,1.0,replay,85,"demo_00 +0,+2.5 deg",demo_00,0.007702276187719825,True,7.3,True,0.0065032470889033875,2.000000000000001,False,0.005934010032486746,0.04639014595775734,0.02007409161958145,0.09419894063008603,0.03490381605529773,-0.75,0.009999999999999787,0.025558071270270922,0.07245156496022,72.0,94.0,0.07550943753596992,250.00000000014848,0.8936940256712425,7.82,50.84308567732585,289.92314795665925,0.0,nan
pd,20.0,1.0,esn,86,"demo_00 +0,+5 deg",,0.008268999873293536,False,nan,False,nan,0.0,False,0.5109803803723578,0.09204101889868418,0.01985087678574831,20.6115913452641,0.06979101978453763,-0.75,nan,0.0018237472117442525,0.07245156496022,0.0,94.0,0.05015986805879612,261.62131048495826,0.9577737313625231,nan,111.02318367040102,116.663284476989,0.0,nan
pd,20.0,1.0,replay,86,"demo_00 +0,+5 deg",demo_00,0.015448257369357727,True,7.3,True,0.0065032470889033875,2.000000000000001,False,0.005934010032486746,0.058397839829673344,0.012594909713991478,0.148499737372763,0.06979101978453763,-0.75,0.009999999999999787,0.02587344670016311,0.07245156496022,73.0,94.0,0.1065892891062349,500.0000000002842,1.7905950186157549,7.82,62.133721370998074,316.6343762888409,0.0,nan
pd,20.0,1.0,esn,87,"demo_00 +0,+7.5 deg",,0.01578439843985969,False,nan,False,nan,0.0,False,0.5109803803728371,0.13167145023902688,0.01859216252833672,20.615093350069703,0.10384753664276115,-0.75,nan,0.0033341105575852323,0.07245156496022,1.0,94.0,0.09694649643955475,504.0354377118992,1.8350448339659735,nan,220.23079391020917,456.95667304140454,0.0,nan
pd,20.0,1.0,replay,87,"demo_00 +0,+7.5 deg",demo_00,0.023247237834787784,True,7.3,True,0.0065032470889033875,2.000000000000001,False,0.005934010032486746,0.0665041043159957,0.00939045718718735,0.20976758580309207,0.10384753664276115,-0.75,0.009999999999999787,0.026390376005380356,0.07245156496022,66.0,94.0,0.14415790751128027,750.0000000004198,2.6911085143780875,7.82,93.20058205649711,361.1908002955417,0.0,nan
pd,20.0,1.0,esn,88,"demo_00 +0,+10 deg",,0.023587585114355037,False,nan,False,nan,0.0,False,0.510980380374066,0.1715257990313649,0.01794986186853418,20.626416215039743,0.13787229828113745,-0.75,nan,0.004860224272351167,0.07245156496022,0.0,94.0,0.14798175318421108,772.8346485194085,2.7583289654310423,nan,323.1689821973219,991.4485971470558,0.0,nan
pd,20.0,1.0,replay,88,"demo_00 +0,+10 deg",demo_00,0.031107702935432482,True,7.3,True,0.0065032470889033875,2.000000000000001,False,0.005934010032486746,0.07466888929593342,0.007813963009108566,0.27329902702605596,0.13787229828113745,-0.75,0.009999999999999787,0.027096382957902655,0.07245156496022,58.0,94.0,0.1842139407311439,1000.0000000005556,3.595557979185678,7.82,124.26744274199615,423.70567070113253,0.0,nan
pd,20.0,1.0,esn,89,"demo_00 +0,+12.5 deg",,0.03129554865904399,False,nan,False,nan,0.0,False,0.2867275392690324,2.6396371189808434,0.21923136401492657,12.87691692485479,0.17198715963102415,-0.75,nan,0.006367466271608024,0.07245156496022,0.0,94.0,0.2006520520438486,1052.5866018555791,3.6816976343438936,nan,414.8929395166763,1652.3279565765818,0.0,nan
pd,20.0,1.0,replay,89,"demo_00 +0,+12.5 deg",demo_00,0.03903714332521785,True,7.3,True,0.0065032470889033875,2.000000000000001,False,0.005934010032486746,0.08563343401613141,0.007112164929657872,0.33774809475538287,0.17198715963102415,-0.75,0.009999999999999787,0.027975707540573415,0.07245156496022,54.0,94.0,0.22534315379579972,1250.0000000007042,4.504170404001884,7.82,155.33430342749548,504.36602218506454,0.0,nan
pd,20.0,1.0,esn,90,"demo_00 +0,+15 deg",,0.03879429515477298,False,nan,False,nan,0.0,False,0.28672753926903216,2.7612819407544493,0.19003620550354874,13.23795131109238,0.20609858334871872,-0.75,nan,0.007864546295212995,0.07245156496022,0.0,94.0,0.25386625436463356,1335.4103375776374,4.617199563470507,nan,494.7631714750722,2381.0150764215846,0.0,nan
pd,20.0,1.0,replay,90,"demo_00 +0,+15 deg",demo_00,0.0470418549083662,True,7.3,True,0.0065032470889033875,2.000000000000001,False,0.005934010032486746,0.09718943609601999,0.006688745317209786,0.40259659120331015,0.20609858334871872,-0.75,0.009999999999999787,0.02901073141222425,0.07245156496022,48.0,94.0,0.2669489838905551,1500.0000000008397,5.417061511800913,7.82,186.40116411299454,603.4326180893445,0.0,nan
pd,20.0,1.0,esn,91,"demo_00 +2.5,-15 deg",,0.02608845508602596,True,1.3800000000000001,False,0.006739751495387797,1.9999999999999998,True,0.006740900281555848,1.7753125897810569,0.17846015836045637,14.770056859488434,0.16671922980980355,-0.75,-5.91,0.011451170718437953,0.07245156496022,1.0,94.0,0.12296477592711333,621.7643831244586,3.042736916841483,1.3800000000000001,539.3129902728464,2530.3869992607715,0.0,nan
pd,20.0,1.0,replay,91,"demo_00 +2.5,-15 deg",demo_00,0.046351519550516036,True,7.3,True,0.0065032470889033875,2.000000000000001,False,0.005934010032486746,0.10090156388680144,0.010142951260361995,0.40090899520668305,0.16671922980980355,-0.75,0.009999999999999787,0.02881063140794289,0.07245156496022,49.0,94.0,0.26117748374664623,1500.0000000008336,5.2930098338505145,7.82,216.84781442570647,994.9116710368129,0.0,nan
pd,20.0,1.0,esn,92,"demo_00 +2.5,-12.5 deg",,0.02263195024353603,True,1.41,False,0.0067397432889407865,2.0,True,0.006740900281555711,1.7663896345135814,0.22312970339102958,14.73035880182732,0.13200371923441936,-0.75,-5.88,0.009142826370978536,0.07245156496022,1.0,94.0,0.09694168123401527,546.7071388105373,2.5960314811037555,1.41,474.2089927277217,1934.6059850308534,0.0,nan
pd,20.0,1.0,replay,92,"demo_00 +2.5,-12.5 deg",demo_00,0.038632818505593955,True,7.3,True,0.0065032470889033875,2.000000000000001,False,0.005934010032486746,0.08753496316697033,0.011057385067349147,0.3377329267765312,0.13200371923441936,-0.75,0.009999999999999787,0.02781814877815151,0.07245156496022,57.0,94.0,0.22104936895277014,1250.0000000006978,4.407739201783289,7.82,216.84781442570647,905.3055306727883,0.0,nan
pd,20.0,1.0,esn,93,"demo_00 +2.5,-10 deg",,0.01863213009921794,True,1.45,False,0.006739731457318423,2.0,True,0.006740900281556112,1.7329700227507419,0.2921656478538623,14.672942183756087,0.09788426471676702,-0.75,-5.84,0.007764728360689944,0.07245156496022,1.0,94.0,0.07666173507489837,446.3608788082591,2.1237662427313655,1.45,387.1695240586196,1273.2470935588751,0.0,nan
pd,20.0,1.0,replay,93,"demo_00 +2.5,-10 deg",demo_00,0.03104784523834886,True,7.3,True,0.0065032470889033875,2.000000000000001,False,0.005934010032486746,0.0745512284126938,0.012568773643829394,0.2753502608533797,0.09710256476199383,-0.75,0.009999999999999787,0.026982278023443267,0.07245156496022,62.0,94.0,0.1816021150296313,1000.0000000005556,3.5354518282419614,7.82,216.84781442570647,832.3276874267033,0.0,nan
pd,20.0,1.0,esn,94,"demo_00 +2.5,-7.5 deg",,0.01273659139124497,True,1.53,False,0.006739767568895646,2.0,True,0.006740900281556103,1.6345003245438994,0.4260537556653739,14.565297038707861,0.06636241945942085,-0.75,-5.76,0.006028216984251676,0.07245156496022,1.0,94.0,0.0553559012958068,299.86209609757753,1.4542989013742535,1.53,260.09776067133816,563.4082906431289,0.0,nan
pd,20.0,1.0,replay,94,"demo_00 +2.5,-7.5 deg",demo_00,0.023697649268440167,True,7.3,True,0.0065032470889033875,2.000000000000001,False,0.005934010032486746,0.06129474999396935,0.015977273326506093,0.21464634932175725,0.062222027649275674,-0.75,0.009999999999999787,0.02632063957973005,0.07245156496022,70.0,94.0,0.1436409040971638,750.0000000004198,2.6881157318081765,7.82,216.84781442570647,775.6836644016275,0.0,nan
pd,20.0,1.0,esn,95,"demo_00 +2.5,-5 deg",,0.005361550878615435,True,1.7,False,0.006739748887320947,2.0,True,0.006740900281556103,1.3668107860102823,0.7974642511723185,14.291231688610283,0.03975981239612226,-0.75,-5.59,0.002906884234725467,0.07245156496022,2.0,94.0,0.028663201507745314,124.9538163980748,0.614118300024345,1.7,108.3838479602329,96.2865311546962,0.0,nan
pd,20.0,1.0,replay,95,"demo_00 +2.5,-5 deg",demo_00,0.016873031249206055,True,7.3,True,0.0065032470889033875,2.000000000000001,False,0.005934010032486746,0.04813189761086294,0.028082502771133947,0.1577799021695443,0.027632924284163977,-0.75,0.009999999999999787,0.025848677410165277,0.07245156496022,73.0,94.0,0.10898577119576691,500.0000000002842,1.8995746610935955,7.82,216.84781442570647,735.1322866504006,0.0,nan
pd,20.0,1.0,esn,96,"demo_00 +2.5,-2.5 deg",,0.00022142544741669086,False,nan,False,nan,0.0,False,0.5109803803655419,0.062174561640370704,0.2189936617131577,20.622429666090696,0.005792023486984154,-0.49,nan,4.078302501535282e-05,0.07245156496022,1.0,94.0,0.001205044702731139,5.311043867992731,0.026208785271416447,nan,4.606753020369714,0.1742169774408555,0.0,nan
pd,20.0,1.0,replay,96,"demo_00 +2.5,-2.5 deg",demo_00,0.011549034297297913,True,7.3,True,0.0065032470889033875,2.000000000000001,False,0.005934010032486746,0.03920731714020352,0.1380975389283183,0.11103831907094841,0.008852813929167633,-0.75,0.009999999999999787,0.02557828054723083,0.07245156496022,72.0,94.0,0.08218756314623035,250.00000000014848,1.2850777793665766,7.82,216.84781442570647,710.4889985156292,0.0,nan
pd,20.0,1.0,esn,97,"demo_00 +2.5,+0 deg",,0.001305610407992168,False,nan,False,nan,0.0,False,0.5109803803722338,0.07769482133533068,0.03512610780607665,20.610951604482246,0.037326215473269066,-0.72,nan,0.00020066769447568109,0.07245156496022,1.0,94.0,0.005900575882134866,29.678799979124033,0.15071548392881598,nan,25.743131640987624,5.418385194128121,0.0,nan
pd,20.0,1.0,replay,97,"demo_00 +2.5,+0 deg",demo_00,0.010408232980942072,True,7.3,True,0.0065032470889033875,2.000000000000001,False,0.005934010032486746,0.04173275479743039,0.018867528348282585,0.09169296463393137,0.037326215473269066,-0.75,0.009999999999999787,0.025516553132942765,0.07245156496022,72.0,94.0,0.07271894261323715,250.0000000001389,1.167794985897827,7.82,216.84781442570647,701.6295213301319,0.0,nan
pd,20.0,1.0,esn,98,"demo_00 +2.5,+2.5 deg",,0.004073260897184531,False,nan,False,nan,0.0,False,0.5109803803726739,0.10969339888214084,0.031025978480385075,20.61232005259785,0.06020083781240649,-0.74,nan,0.0009707241308652115,0.07245156496022,0.0,94.0,0.025131919540572745,136.65217843856678,0.47437205370873636,nan,30.275304214193042,10.85761030267986,0.0,nan
pd,20.0,1.0,replay,98,"demo_00 +2.5,+2.5 deg",demo_00,0.014522325693033132,True,7.3,True,0.0065032470889033875,2.000000000000001,False,0.005934010032486746,0.05165538971316213,0.014610350540404316,0.11463165858332461,0.06020083781240649,-0.75,0.009999999999999787,0.0256650106124424,0.07245156496022,73.0,94.0,0.08652765657299609,250.00000000014848,1.660575628782538,7.82,216.84781442570647,708.493776570532,0.0,nan
pd,20.0,1.0,esn,99,"demo_00 +2.5,+5 deg",,0.010620029049634301,False,nan,False,nan,0.0,False,0.5109803803733751,0.14760134399021624,0.026403731098596308,20.617846136619512,0.08922641072168001,-0.75,nan,0.0022378622809388097,0.07245156496022,1.0,94.0,0.06442069194576143,348.4292364090037,1.2325295119898267,nan,120.66160047394067,144.05727949305964,0.0,nan
pd,20.0,1.0,replay,99,"demo_00 +2.5,+5 deg",demo_00,0.021048169362734622,True,7.3,True,0.0065032470889033875,2.000000000000001,False,0.005934010032486746,0.058266443045397624,0.010423018196530326,0.16285588437507256,0.08922641072168001,-0.75,0.009999999999999787,0.02601940987643825,0.07245156496022,70.0,94.0,0.11552550246214228,500.0000000002842,2.4182371734080346,7.82,216.84781442570647,731.0899616929594,0.0,nan
pd,20.0,1.0,esn,100,"demo_00 +2.5,+7.5 deg",,0.018158523330950315,False,nan,False,nan,0.0,False,0.5109803803757906,0.19839250609303205,0.025124767499247753,20.637343996175318,0.12085930655967728,-0.75,nan,0.003611089805906898,0.07245156496022,1.0,94.0,0.11113287141323144,601.4651875057284,2.114183743260968,nan,214.32844132027404,451.3644677366496,0.0,nan
pd,20.0,1.0,replay,100,"demo_00 +2.5,+7.5 deg",demo_00,0.028411435941554677,True,7.3,True,0.0065032470889033875,2.000000000000001,False,0.005934010032486746,0.06734081206462196,0.008528156025917496,0.22029423320265348,0.12085930655967728,-0.75,0.009999999999999787,0.02657026144911062,0.07245156496022,63.0,94.0,0.15114628346345135,750.0000000004198,3.263781433094748,7.82,216.84781442570647,769.4986203726457,0.0,nan
pd,20.0,1.0,esn,101,"demo_00 +2.5,+10 deg",,0.025849254186717057,False,nan,False,nan,0.0,False,0.2867275392690324,2.732922132241519,0.26861961905628584,13.097972097030036,0.1534547144733868,-0.75,nan,0.005009596454070418,0.07245156496022,0.0,94.0,0.16080041183914986,871.7193577168448,3.022994059763024,nan,299.0818194718626,887.8489743008429,0.0,nan
pd,20.0,1.0,replay,101,"demo_00 +2.5,+10 deg",demo_00,0.03614459425684926,True,7.3,True,0.0065032470889033875,2.000000000000001,False,0.005934010032486746,0.07769268388940528,0.007636433875529148,0.28128968078700134,0.1534547144733868,-0.75,0.009999999999999787,0.02730388972019337,0.07245156496022,58.0,94.0,0.18960543661102358,1000.0000000005556,4.146034433681196,7.82,216.84781442570647,823.8764956965126,0.0,nan
pd,20.0,1.0,esn,102,"demo_00 +2.5,+12.5 deg",,0.033417673080503876,False,nan,False,nan,0.0,False,0.2867275392690329,2.778284160854229,0.2216133680851793,13.254350780793866,0.1864630370508947,-0.75,nan,0.006421803155382681,0.07245156496022,0.0,94.0,0.2114682511658896,1147.2510266982374,3.924942133931163,nan,371.4568500171159,1392.4642847900654,0.0,nan
pd,20.0,1.0,replay,102,"demo_00 +2.5,+12.5 deg",demo_00,0.044091647555440296,True,7.3,True,0.0065032470889033875,2.000000000000001,False,0.005934010032486746,0.08914864700686255,0.007111055161957617,0.3438763794629292,0.1864630370508947,-0.75,0.009999999999999787,0.028203785430795714,0.07245156496022,53.0,94.0,0.22937820497702277,1250.0000000007042,5.047691442543943,7.82,216.84781442570647,894.4598948925237,0.0,nan
pd,20.0,1.0,esn,103,"demo_00 +2.5,+15 deg",,0.040797289932842574,False,nan,False,nan,0.0,False,0.2867275392690306,2.7905746543792613,0.18673475446186202,13.325163495727471,0.2193203196306808,-0.75,nan,0.007834708221652404,0.07245156496022,0.0,94.0,0.26199920879099053,1422.0964280775265,4.809856147522412,nan,430.79066347932053,1913.0286786786164,0.0,nan
pd,20.0,1.0,replay,103,"demo_00 +2.5,+15 deg",demo_00,0.052190158326829425,True,7.3,True,0.0065032470889033875,2.000000000000001,False,0.005934010032486746,0.10120369341045213,0.006772170316238357,0.4072383846655009,0.2193203196306808,-0.75,0.009999999999999787,0.02925197602136615,0.07245156496022,48.0,94.0,0.2697760216571064,1500.0000000008397,5.961507341900134,7.82,216.84781442570647,981.5672295814952,0.0,nan
pd,20.0,1.0,esn,104,"demo_00 +5,-15 deg",,0.01876359012574539,True,1.4000000000000001,False,0.006739766732275603,1.9999999999999998,True,0.0067409002815565595,1.7329561129491926,0.20354896806465686,14.757096305913322,0.14477487542419568,-0.75,-5.89,0.008141713282260574,0.07245156496022,1.0,94.0,0.08805216797129456,446.83868874847104,2.2185728020467237,1.4000000000000001,387.5839722236027,1295.4984931016204,0.0,nan
pd,20.0,1.0,replay,104,"demo_00 +5,-15 deg",demo_00,0.048998395586376246,True,7.3,True,0.0065032470889033875,2.000000000000001,False,0.005934010032486746,0.095356287720285,0.011200326320387076,0.4106978215814123,0.14477487542419568,-0.75,0.009999999999999787,0.028696982231151722,0.07245156496022,54.0,94.0,0.26334963111822046,1500.0000000008336,5.49755797855434,7.82,433.69562885141295,2240.612356354674,0.0,nan
pd,20.0,1.0,esn,105,"demo_00 +5,-12.5 deg",,0.015437737000018345,True,1.43,False,0.006739758159861303,2.0,True,0.0067409002815562585,1.7146315253000872,0.26221728922784737,14.715576103254673,0.11016667177745242,-0.75,-5.86,0.00620379448534486,0.07245156496022,1.0,94.0,0.0657211549529987,372.69296128330694,1.772372037604025,1.43,323.27061642433847,888.2262550353715,0.0,nan
pd,20.0,1.0,replay,105,"demo_00 +5,-12.5 deg",demo_00,0.041647683726340284,True,7.3,True,0.0065032470889033875,2.000000000000001,False,0.005934010032486746,0.08157884378917593,0.012475790256449357,0.35012029671812406,0.11016667177745242,-0.75,0.009999999999999787,0.02773747699805864,0.07245156496022,58.0,94.0,0.2246268856567014,1250.0000000006978,4.6613766134639585,7.82,433.69562885141295,2160.2925568098713,0.0,nan
pd,20.0,1.0,esn,106,"demo_00 +5,-10 deg",,0.012081152229970108,True,1.47,False,0.006739734382370929,2.0,True,0.006740900281555574,1.6500270385749332,0.37505215679402915,14.65193841740832,0.07620598488983654,-0.75,-5.82,0.005092895027430181,0.07245156496022,1.0,94.0,0.05092575242930089,285.18274049018703,1.3765195458700574,1.47,247.36501594878425,513.3470534989718,0.0,nan
pd,20.0,1.0,replay,106,"demo_00 +5,-10 deg",demo_00,0.034706000604709346,True,7.3,True,0.0065032470889033875,2.000000000000001,False,0.005934010032486746,0.0680238172952871,0.015461855347530903,0.2915235488374457,0.07620598488983654,-0.75,0.009999999999999787,0.026944667555023196,0.07245156496022,64.0,94.0,0.18737108073290618,1000.0000000005556,3.8707824888497613,7.82,433.69562885141295,2093.8959798077235,0.0,nan
pd,20.0,1.0,esn,107,"demo_00 +5,-7.5 deg",,0.0075463030871983925,True,1.56,False,0.006739737999758847,2.0,True,0.00674090028155603,1.4634569480558126,0.6105817652887602,14.514922744903346,0.04561985349189633,-0.75,-5.73,0.0034278919069230685,0.07245156496022,1.0,94.0,0.03550661213183396,173.04056306828497,0.8620308229795673,1.56,150.09387163332053,185.88838995531754,0.0,nan
pd,20.0,1.0,replay,107,"demo_00 +5,-7.5 deg",demo_00,0.028453496908979463,True,7.3,True,0.0065032470889033875,2.000000000000001,False,0.005934010032486746,0.05467534991689095,0.022811584388858133,0.23650912376017427,0.04227064841812219,-0.75,0.009999999999999787,0.02633510948615711,0.07245156496022,71.0,94.0,0.1528161221130957,750.0000000004198,3.1596976726013972,7.82,433.69562885141295,2041.1744971025269,0.0,nan
pd,20.0,1.0,esn,108,"demo_00 +5,-5 deg",,0.0023067667573811496,True,1.8900000000000001,False,0.006739737849664476,2.0,True,0.006740900281556177,0.7468851306325321,1.5015590953718816,13.981116104351331,0.02226515490993904,-0.74,-5.4,0.0019175271371785914,0.07245156496022,3.0,94.0,0.014821085554164443,52.97515431189453,0.2904252438407861,1.8900000000000001,45.95018572556945,17.36686017916258,0.0,nan
pd,20.0,1.0,replay,108,"demo_00 +5,-5 deg",demo_00,0.023437600139948726,True,7.3,True,0.0065032470889033875,2.000000000000001,False,0.005934010032486746,0.04324626656461015,0.08694352349198957,0.1883596852946179,0.007868058881155297,-0.75,0.009999999999999787,0.025922577845629974,0.07245156496022,73.0,94.0,0.12339681255130905,500.0000000002842,2.5945473583958796,7.82,433.69562885141295,2001.9296735390428,0.0,nan
pd,20.0,1.0,esn,109,"demo_00 +5,-2.5 deg",,0.0007284306703419633,False,nan,False,nan,0.0,False,0.5109803803731648,0.1111506753027846,0.0701007256090863,20.620223803996158,0.024699127458685778,-0.68,nan,0.00020854735057946805,0.07245156496022,1.0,94.0,0.004339706895891634,17.82457152581705,0.09359922531994404,nan,15.460877513783858,1.9632824313500161,0.0,nan
pd,20.0,1.0,replay,109,"demo_00 +5,-2.5 deg",demo_00,0.02058731502061873,True,7.3,True,0.0065032470889033875,2.000000000000001,False,0.005934010032486746,0.04054896116019969,0.0255734982471442,0.15375956599002438,0.024477506752462894,-0.75,0.009999999999999787,0.025716726781577253,0.07245156496022,73.0,94.0,0.10369038870868856,500.0000000002778,2.287311135285232,7.82,433.69562885141295,1976.0171522227415,0.0,nan
pd,20.0,1.0,esn,110,"demo_00 +5,+0 deg",,0.0018036845558986494,False,nan,False,nan,0.0,False,0.5109803803734938,0.13861216529786866,0.03758337185752553,20.618516523901867,0.05923358315390428,-0.73,nan,0.00046890785690935637,0.07245156496022,1.0,94.0,0.011017804851623658,55.02114946602814,0.2165940791290376,nan,7.163627374110711,0.855087207648767,0.0,nan
pd,20.0,1.0,replay,110,"demo_00 +5,+0 deg",demo_00,0.020831859442628727,True,7.3,True,0.0065032470889033875,2.000000000000001,False,0.005934010032486746,0.0505059066652545,0.013694196805328485,0.14295420261190464,0.05923358315390428,-0.75,0.009999999999999787,0.025722012866783092,0.07245156496022,73.0,94.0,0.09967780160701065,500.0000000002778,2.3435794474584357,7.82,433.69562885141295,1963.3516245832711,0.0,nan
pd,20.0,1.0,esn,111,"demo_00 +5,+2.5 deg",,0.0065929947502533165,False,nan,False,nan,0.0,False,0.5109803803749988,0.1840624268934165,0.03292608789098118,20.630428910586186,0.09293732017957512,-0.75,nan,0.0013787427980612103,0.07245156496022,1.0,94.0,0.0395501798098181,220.8288704690251,0.7662229829780405,nan,51.45933528653865,29.958755819554348,0.0,nan
pd,20.0,1.0,replay,111,"demo_00 +5,+2.5 deg",demo_00,0.024106698552606436,True,7.3,True,0.0065032470889033875,2.000000000000001,False,0.005934010032486746,0.05708927601624578,0.010212440156685916,0.16079849028783672,0.09293732017957512,-0.75,0.009999999999999787,0.02593714206810623,0.07245156496022,71.0,94.0,0.11301753487810177,500.0000000002778,2.7431099183381042,7.82,433.69562885141295,1963.9123397083645,0.0,nan
pd,20.0,1.0,esn,112,"demo_00 +5,+5 deg",,0.013394850219337753,False,nan,False,nan,0.0,False,0.28672753926903344,2.6459161328004988,0.37418904799082386,12.822202082309472,0.11840443716586918,-0.75,nan,0.0025610232973547653,0.07245156496022,1.0,94.0,0.08006098701185947,448.3707414487285,1.5558468459201384,nan,126.89475362772214,168.59845937084674,0.0,nan
pd,20.0,1.0,replay,112,"demo_00 +5,+5 deg",demo_00,0.029450389592117,True,7.3,True,0.0065032470889033875,2.000000000000001,False,0.005934010032486746,0.06367168411365234,0.009004535921266273,0.19970353961529008,0.11840443716586918,-0.75,0.009999999999999787,0.026355189406977404,0.07245156496022,64.0,94.0,0.1387227860699385,500.0000000002842,3.3678138183671216,7.82,433.69562885141295,1977.7490707349134,0.0,nan
pd,20.0,1.0,esn,113,"demo_00 +5,+7.5 deg",,0.02079262466475833,False,nan,False,nan,0.0,False,0.2867275392690316,2.7755126445233107,0.30791548170853716,13.202226713929715,0.14529662439833216,-0.75,nan,0.0038503018479368184,0.07245156496022,0.0,94.0,0.12572506261101243,703.455677575777,2.4212416811624027,nan,198.69093883230912,415.0172616494363,0.0,nan
pd,20.0,1.0,replay,113,"demo_00 +5,+7.5 deg",demo_00,0.035986563728538146,True,7.3,True,0.0065032470889033875,2.000000000000001,False,0.005934010032486746,0.07471128253069373,0.008288472616002875,0.249949186321245,0.14529662439833216,-0.75,0.009999999999999787,0.026964362481700407,0.07245156496022,58.0,94.0,0.1712177144489638,750.0000000004198,4.118233052717687,7.82,433.69562885141295,2004.9884093186315,0.0,nan
pd,20.0,1.0,esn,114,"demo_00 +5,+10 deg",,0.028268184980244065,False,nan,False,nan,0.0,False,0.2867275392690321,2.7947967180231,0.24997421779171872,13.28281049219779,0.17429161346317143,-0.75,nan,0.005176574302483471,0.07245156496022,0.0,94.0,0.17321932003837018,968.2545531964939,3.301479656857557,nan,259.5482081715304,723.9921317113377,0.0,nan
pd,20.0,1.0,replay,114,"demo_00 +5,+10 deg",demo_00,0.04321069098477698,True,7.3,True,0.0065032470889033875,2.000000000000001,False,0.005934010032486746,0.08595269376658987,0.007687842644452703,0.3059124338411669,0.17429161346317143,-0.75,0.009999999999999787,0.027749214982997948,0.07245156496022,54.0,94.0,0.20722150997877795,1000.0000000005556,4.938924609202068,7.82,433.69562885141295,2045.8402013106047,0.0,nan
pd,20.0,1.0,esn,115,"demo_00 +5,+12.5 deg",,0.03567258954921932,False,nan,False,nan,0.0,False,0.28672753926903377,2.8014142435681735,0.2080838261333606,13.33437079521891,0.2044537695868019,-0.75,nan,0.006510810069036191,0.07245156496022,0.0,94.0,0.22097357064989362,1234.5371852806156,4.176643605017899,nan,308.08461853394954,1053.0463651506216,0.0,nan
pd,20.0,1.0,replay,115,"demo_00 +5,+12.5 deg",demo_00,0.050862037040386776,True,7.3,True,0.0065032470889033875,2.000000000000001,False,0.005934010032486746,0.0983339792613631,0.007304064613293604,0.36487938834961847,0.2044537695868019,-0.75,0.009999999999999787,0.0286920355033456,0.07245156496022,48.0,94.0,0.2450718089149395,1250.0000000007042,5.80138134341008,7.82,433.69562885141295,2100.603867529763,0.0,nan
pd,20.0,1.0,esn,116,"demo_00 +5,+15 deg",,0.04300274936543735,False,nan,False,nan,0.0,False,0.286727539269036,2.8013938352117917,0.1778814480871307,13.380602051956215,0.23528853643134554,-0.75,nan,0.007840961335985585,0.07245156496022,0.0,94.0,0.2682897184022882,1498.8702734432368,5.043436979334597,nan,345.32781466440974,1376.278908606715,0.0,nan
pd,20.0,1.0,replay,116,"demo_00 +5,+15 deg",demo_00,0.05880311120046399,True,7.3,True,0.0065032470889033875,2.000000000000001,False,0.005934010032486746,0.11022579251834304,0.006999060019075158,0.4255069538113433,0.23528853643134554,-0.75,0.009999999999999787,0.02977415828205987,0.07245156496022,46.0,94.0,0.28390506770460794,1500.0000000008397,6.690379676754136,7.82,433.69562885141295,2169.6742739013757,0.0,nan
pd,20.0,1.0,esn,117,"demo_00 +7.5,-15 deg",,0.012876743992962524,True,1.4000000000000001,False,0.0067397495551045775,1.9999999999999998,True,0.006740900281556732,1.6870251218855015,0.24101890385406002,14.762469250342644,0.1199839651100773,-0.75,-5.89,0.005467515649102189,0.07245156496022,1.0,94.0,0.06023866934448711,307.85865607244955,1.5374806641159238,1.4000000000000001,267.0339068852346,608.0771945748054,0.0,nan
pd,20.0,1.0,replay,117,"demo_00 +7.5,-15 deg",demo_00,0.05349723871564965,True,7.3,True,0.0065032470889033875,2.000000000000001,False,0.005934010032486746,0.08856023900361672,0.012652266675109974,0.4289320482137871,0.1199839651100773,-0.75,0.009999999999999787,0.02861995466103018,0.07245156496022,57.0,94.0,0.27011994680101725,1500.0000000008336,5.91477535803711,7.82,650.5434432771192,4345.630711484799,0.0,nan
pd,20.0,1.0,esn,118,"demo_00 +7.5,-12.5 deg",,0.009973362333419215,True,1.43,False,0.0067397467396215025,2.0,True,0.006740900281556669,1.6389379417345513,0.3285793967454579,14.720105110486333,0.08618638335746115,-0.75,-5.86,0.004145331269434083,0.07245156496022,1.0,94.0,0.043053274026741514,239.15873547298716,1.1438523541910552,1.43,207.44419635241593,360.42564714233845,0.0,nan
pd,20.0,1.0,replay,118,"demo_00 +7.5,-12.5 deg",demo_00,0.0467626824850934,True,7.3,True,0.0065032470889033875,2.000000000000001,False,0.005934010032486746,0.07324730350505013,0.014684848148337582,0.37204375984849053,0.08510621268916044,-0.75,0.009999999999999787,0.027707788259298403,0.07245156496022,59.0,94.0,0.2334039912161006,1250.0000000006978,5.1595778773359875,7.82,650.5434432771192,4272.442036818439,0.0,nan
pd,20.0,1.0,esn,119,"demo_00 +7.5,-10 deg",,0.007290766607581296,True,1.48,False,0.006739740448234226,2.0,True,0.00674090028155583,1.5019438845149955,0.4931784502230853,14.642352259249275,0.05419213758120985,-0.75,-5.8100000000000005,0.003259725147282395,0.07245156496022,1.0,94.0,0.033050594702619195,166.96070115671296,0.8300223269219267,1.48,144.8202525631855,173.98386601648875,0.0,nan
pd,20.0,1.0,replay,119,"demo_00 +7.5,-10 deg",demo_00,0.04070335623999212,True,7.3,True,0.0065032470889033875,2.000000000000001,False,0.005934010032486746,0.05936844492215249,0.01949422875297139,0.3186576066671084,0.05020254760433478,-0.75,0.009999999999999787,0.026976205710309883,0.07245156496022,65.0,94.0,0.19934056983908569,1000.0000000005556,4.483373473960618,7.82,650.5434432771192,4210.095016564282,0.0,nan
pd,20.0,1.0,esn,120,"demo_00 +7.5,-7.5 deg",,0.0041578062975436356,True,1.62,False,0.006739749512642103,2.0,True,0.00674090028155603,1.0615643593652397,1.1028929514923536,14.421707086321625,0.030799463468635237,-0.74,-5.67,0.0020332660958871816,0.07245156496022,2.0,94.0,0.021330541276587865,93.35089330011252,0.4747900762503965,1.62,80.97174874722118,54.003388684055935,0.0,nan
pd,20.0,1.0,replay,120,"demo_00 +7.5,-7.5 deg",demo_00,0.03565031926799808,True,7.3,True,0.0065032470889033875,2.000000000000001,False,0.005934010032486746,0.04702782366281373,0.0488587006375724,0.2709098235852573,0.015389184215540858,-0.75,0.009999999999999787,0.02644036043061348,0.07245156496022,70.0,94.0,0.1696021379352805,750.0000000004198,3.926865750000432,7.82,650.5434432771192,4158.384304373313,0.0,nan
pd,20.0,1.0,esn,121,"demo_00 +7.5,-5 deg",,0.0011365979294049948,False,nan,False,nan,0.0,False,0.2867275392690362,2.692868768179448,2.9969327559160903,13.377523677294707,0.04676482055037646,-0.71,nan,0.0002433641256594467,0.07245156496022,1.0,94.0,0.0063720691141533016,26.994291314458867,0.13044846724302722,nan,23.414612294031965,4.490499465287548,0.0,nan
pd,20.0,1.0,replay,121,"demo_00 +7.5,-5 deg",demo_00,0.03207668912548285,True,7.3,True,0.0065032470889033875,2.000000000000001,False,0.005934010032486746,0.04149179285123525,0.04617681877666073,0.2323413765481743,0.017709313765161987,-0.75,0.009999999999999787,0.02611177799190811,0.07245156496022,73.0,94.0,0.14687871764889462,750.0000000004168,3.5470364850529945,7.82,650.5434432771192,4117.151406946129,0.0,nan
pd,20.0,1.0,esn,122,"demo_00 +7.5,-2.5 deg",,0.0006532273519863932,False,nan,False,nan,0.0,False,0.2867275392690324,2.6925288623810077,0.9686541549834339,13.00747316393599,0.04844207958889112,-0.67,nan,0.00018605540328739363,0.07245156496022,1.0,94.0,0.004265400267088004,19.58325228481801,0.07991738435243832,nan,3.3452941877067373,0.15866663694805866,0.0,nan
pd,20.0,1.0,replay,122,"demo_00 +7.5,-2.5 deg",demo_00,0.03051134733971068,True,7.3,True,0.0065032470889033875,2.000000000000001,False,0.005934010032486746,0.04748301230378821,0.017082311651998725,0.20812746786524153,0.04844207958889112,-0.75,0.009999999999999787,0.02599710002708344,0.07245156496022,71.0,94.0,0.13476444744384097,750.0000000004168,3.4042570355725674,7.82,650.5434432771192,4086.2904437904185,0.0,nan
pd,20.0,1.0,esn,123,"demo_00 +7.5,+0 deg",,0.003796358559090393,False,nan,False,nan,0.0,False,0.2867275392690309,2.739156810768555,0.5563933282227548,13.083190653854395,0.07999982004599673,-0.74,nan,0.0007151042679421497,0.07245156496022,1.0,94.0,0.022325613850186627,126.98511572935277,0.44481959287560385,nan,15.780115597974373,4.137481845684861,0.0,nan
pd,20.0,1.0,replay,123,"demo_00 +7.5,+0 deg",demo_00,0.03127181464335546,True,7.3,True,0.0065032470889033875,2.000000000000001,False,0.005934010032486746,0.05575504492503533,0.011325286266595857,0.2034303321453849,0.07999982004599673,-0.75,0.009999999999999787,0.026097250217606068,0.07245156496022,68.0,94.0,0.1360734731167298,750.0000000004168,3.528520027616796,7.82,650.5434432771192,4065.7547959958247,0.0,nan
pd,20.0,1.0,esn,124,"demo_00 +7.5,+2.5 deg",,0.009415876230001929,False,nan,False,nan,0.0,False,0.2867275392690306,2.7837089354250333,0.39135034439698735,13.205867821372706,0.11257013672815284,-0.75,nan,0.0017163307631735153,0.07245156496022,1.0,94.0,0.0550889875030524,316.7629747517416,1.093973630921511,nan,62.043457506752254,47.22152750005291,0.0,nan
pd,20.0,1.0,replay,124,"demo_00 +7.5,+2.5 deg",demo_00,0.03422487582748686,True,7.3,True,0.0065032470889033875,2.000000000000001,False,0.005934010032486746,0.06531826380619442,0.00918282968117299,0.21944398796488404,0.11257013672815284,-0.75,0.009999999999999787,0.026407240240080315,0.07245156496022,63.0,94.0,0.15036831830192418,750.0000000004168,3.895624391316776,7.82,650.5434432771192,4055.5646304249494,0.0,nan
pd,20.0,1.0,esn,125,"demo_00 +7.5,+5 deg",,0.016227376267777045,False,nan,False,nan,0.0,False,0.28672753926903183,2.8020745328089576,0.3108622586373694,13.271094030555142,0.14584193345672294,-0.75,nan,0.002893610502638632,0.07245156496022,0.0,94.0,0.09557479403355296,549.3190996876749,1.8855349802889558,nan,113.9158328852049,155.65705483148807,0.0,nan
pd,20.0,1.0,replay,125,"demo_00 +7.5,+5 deg",demo_00,0.03889969984005312,True,7.3,True,0.0065032470889033875,2.000000000000001,False,0.005934010032486746,0.07552918678314126,0.008379210945868094,0.2521683307591452,0.14584193345672294,-0.75,0.009999999999999787,0.02691667344584377,0.07245156496022,58.0,94.0,0.17437158887706214,750.0000000004168,4.447096440600314,7.82,650.5434432771192,4055.815248876598,0.0,nan
pd,20.0,1.0,esn,126,"demo_00 +7.5,+7.5 deg",,0.0234512191061301,False,nan,False,nan,0.0,False,0.2867275392690316,2.8097049116563033,0.26490151948870977,13.314913276599833,0.17450102488327288,-0.75,nan,0.00413022226662552,0.07245156496022,0.0,94.0,0.13925389780842962,799.3091464099667,2.7284567944107416,nan,159.0386039586082,312.8271116967462,0.0,nan
pd,20.0,1.0,replay,126,"demo_00 +7.5,+7.5 deg",demo_00,0.044787299321112896,True,7.3,True,0.0065032470889033875,2.000000000000001,False,0.005934010032486746,0.08652649867353739,0.008157796528584952,0.2960130021638169,0.17450102488327288,-0.75,0.009999999999999787,0.027610816606936695,0.07245156496022,54.0,94.0,0.20456433179659086,750.0000000004198,5.124898223270215,7.82,650.5434432771192,4066.6861614792547,0.0,nan
pd,20.0,1.0,esn,127,"demo_00 +7.5,+10 deg",,0.030796768718769095,False,nan,False,nan,0.0,False,0.28672753926903266,2.811437958744361,0.22491503669954907,13.35122461597004,0.1998017210383359,-0.75,nan,0.0053836960832422676,0.07245156496022,0.0,94.0,0.1839517584336201,1054.78734035423,3.5873445916341313,nan,194.36502376864095,492.8447388429986,0.0,nan
pd,20.0,1.0,replay,127,"demo_00 +7.5,+10 deg",demo_00,0.0515002905158816,True,7.3,True,0.0065032470889033875,2.000000000000001,False,0.005934010032486746,0.0981640311485555,0.007853122491884447,0.34667541665257445,0.1998017210383359,-0.75,0.009999999999999787,0.028471980917155738,0.07245156496022,48.0,94.0,0.2384657136550917,1000.0000000005556,5.886475821721251,7.82,650.5434432771192,4088.4507178039844,0.0,nan
pd,20.0,1.0,esn,128,"demo_00 +7.5,+12.5 deg",,0.03819003952079355,False,nan,False,nan,0.0,False,0.28672753926903416,2.808381380195557,0.1926533732976416,13.388478432294317,0.22677381360346685,-0.75,nan,0.006638316313285364,0.07245156496022,0.0,94.0,0.22871621747601953,1310.7907442472285,4.451237121802444,nan,220.5080755262888,679.4838924472659,0.0,nan
pd,20.0,1.0,replay,128,"demo_00 +7.5,+12.5 deg",demo_00,0.05878215399273421,True,7.3,True,0.0065032470889033875,2.000000000000001,False,0.005934010032486746,0.11020277258915165,0.007559847831128462,0.401467945835947,0.22677381360346685,-0.75,0.009999999999999787,0.029480929708128295,0.07245156496022,47.0,94.0,0.2745561108096298,1250.0000000007042,6.703983724624257,7.82,650.5434432771192,4121.48604654028,0.0,nan
pd,20.0,1.0,esn,129,"demo_00 +7.5,+15 deg",,0.045637897592906665,False,nan,False,nan,0.0,False,0.28672753926903544,2.8014012642133683,0.167043297574265,13.437690490823314,0.2548442867216327,-0.75,nan,0.007887453966742156,0.07245156496022,0.0,94.0,0.27320095490352103,1565.8037676933222,5.318838063140294,nan,239.4873805676259,868.3280564193844,0.0,nan
pd,20.0,1.0,replay,129,"demo_00 +7.5,+15 deg",demo_00,0.06646951945795934,True,7.3,True,0.0065032470889033875,2.000000000000001,False,0.005934010032486746,0.12258271565823692,0.007309420935422547,0.4587947542602965,0.2548442867216327,-0.75,0.009999999999999787,0.0306180973736555,0.07245156496022,41.0,94.0,0.31192211095509864,1500.0000000008397,7.559611884796884,7.82,650.5434432771192,4166.282954796428,0.0,nan
pd,20.0,1.0,esn,130,"demo_00 +10,-15 deg",,0.008564385332029075,True,1.3800000000000001,False,0.006739718053633379,1.9999999999999998,True,0.0067409002815561675,1.6174226917238343,0.2918677128177145,14.789505322831475,0.09499767659709164,-0.75,-5.91,0.003507641537585735,0.07245156496022,1.0,94.0,0.039653381410626395,206.50681228238236,1.0203651651056407,1.3800000000000001,179.1222036297155,270.1965604777734,0.0,nan
pd,20.0,1.0,replay,130,"demo_00 +10,-15 deg",demo_00,0.05942872187308313,True,7.3,True,0.0065032470889033875,2.000000000000001,False,0.005934010032486746,0.08009959595200934,0.014454159687360054,0.45406503716460633,0.09499767659709164,-0.75,0.009999999999999787,0.028584712607178157,0.07245156496022,57.0,94.0,0.28035975344789127,1500.0000000008336,6.505307879624762,7.82,867.3912577028259,7310.427640088816,0.0,nan
pd,20.0,1.0,esn,131,"demo_00 +10,-12.5 deg",,0.006430341045773579,True,1.41,False,0.006739746763282329,2.0,True,0.00674090028155718,1.5038962841088814,0.4309324256043145,14.750536220067197,0.06125495804193911,-0.75,-5.88,0.0030478912652059636,0.07245156496022,1.0,94.0,0.02909013155586004,150.190155677794,0.7347850717311394,1.41,130.27362802787218,140.2716663208945,0.0,nan
pd,20.0,1.0,replay,131,"demo_00 +10,-12.5 deg",demo_00,0.053378309996477774,True,7.3,True,0.0065032470889033875,2.000000000000001,False,0.005934010032486746,0.06406793452272137,0.0183582808994665,0.40171274621127656,0.06025914668954708,-0.75,0.009999999999999787,0.027741468805585236,0.07245156496022,58.0,94.0,0.24647468762588812,1250.0000000006978,5.842366762542885,7.82,867.3912577028259,7242.003392462903,0.0,nan
pd,20.0,1.0,esn,132,"demo_00 +10,-10 deg",,0.0041193157213770685,True,1.48,False,0.006739757288972259,2.0,True,0.006740900281556413,1.190831803028512,0.7893199355589144,14.638923489137344,0.03561378006994705,-0.74,-5.8100000000000005,0.0023133522563347116,0.07245156496022,2.0,94.0,0.021138957008100447,91.019747513445,0.4690846096295853,1.48,78.94973327143585,51.3915693456952,0.0,nan
pd,20.0,1.0,replay,132,"demo_00 +10,-10 deg",demo_00,0.04817650218761621,True,7.3,True,0.0065032470889033875,2.000000000000001,False,0.005934010032486746,0.04931427338878927,0.032687016751132114,0.3544189599875794,0.026470472397243185,-0.75,0.009999999999999787,0.027096719517749928,0.07245156496022,64.0,94.0,0.2167516113959621,1000.0000000005556,5.280877382045808,7.82,867.3912577028259,7180.962537023857,0.0,nan
pd,20.0,1.0,esn,133,"demo_00 +10,-7.5 deg",,0.002046076208085346,True,2.39,False,0.006739667284465014,1.9999999999999996,True,0.006740900281556842,0.49408293838485295,1.904977781672202,13.529744948854635,0.01384652889416965,-0.73,-4.9,0.0010335887686014136,0.07245156496022,2.0,94.0,0.010661245208718544,47.24140787388491,0.23375784580357145,2.39,40.97678419135794,13.868063325548743,0.0,nan
pd,20.0,1.0,replay,133,"demo_00 +10,-7.5 deg",demo_00,0.04411368937566336,True,7.3,True,0.0065032470889033875,2.000000000000001,False,0.005934010032486746,0.040793440466956626,0.15728249589341098,0.3144720243282562,0.01516038534333492,-0.75,0.009999999999999787,0.02666348731629075,0.07245156496022,65.0,94.0,0.1931023122003341,1000.0000000005556,4.8559442736417235,7.82,867.3912577028259,7127.139554066214,0.0,nan
pd,20.0,1.0,esn,134,"demo_00 +10,-5 deg",,0.0007500299838910987,False,nan,False,nan,0.0,False,0.28672753926902994,2.776374067284458,1.2185793212312452,13.330193190945547,0.046764820550241684,-0.68,nan,0.00010044923724531194,0.07245156496022,1.0,94.0,0.0038618905750004233,17.271057338074435,0.08570746920723754,nan,14.980764146320594,1.8443712361437754,0.0,nan
pd,20.0,1.0,replay,134,"demo_00 +10,-5 deg",demo_00,0.04152211089062396,True,7.3,True,0.0065032470889033875,2.000000000000001,False,0.005934010032486746,0.045702933659966236,0.020059490734298163,0.2849542092263629,0.03836250192602888,-0.75,0.009999999999999787,0.026450052175589493,0.07245156496022,64.0,94.0,0.1779154475214701,1000.0000000005556,4.605670703973806,7.82,867.3912577028259,7080.413777685277,0.0,nan
pd,20.0,1.0,esn,135,"demo_00 +10,-2.5 deg",,0.002013637082575054,False,nan,False,nan,0.0,False,0.28672753926903105,2.800682464797081,0.6464772955607226,13.291033737242921,0.07240450861469995,-0.73,nan,0.00032631519305516266,0.07245156496022,0.0,94.0,0.012039165554364213,66.80745099191881,0.23987638389261864,nan,8.301991090871445,0.7666269051427077,0.0,nan
pd,20.0,1.0,replay,135,"demo_00 +10,-2.5 deg",demo_00,0.040688243111738194,True,7.3,True,0.0065032470889033875,2.000000000000001,False,0.005934010032486746,0.05388931383592378,0.012439188771367977,0.2692659794001984,0.07240450861469995,-0.75,0.009999999999999787,0.02645890001863744,0.07245156496022,63.0,94.0,0.17334565036720656,1000.0000000005556,4.559390090787412,7.82,867.3912577028259,7040.716833854027,0.0,nan
pd,20.0,1.0,esn,136,"demo_00 +10,+0 deg",,0.006269205281533463,False,nan,False,nan,0.0,False,0.28672753926902933,2.812574438730832,0.44561010227252956,13.300724380827734,0.1058543260919547,-0.75,nan,0.0011022270153971914,0.07245156496022,0.0,94.0,0.036157433470517836,208.91595618870113,0.7309548819814768,nan,25.961451623553486,8.759483940384158,0.0,nan
pd,20.0,1.0,replay,136,"demo_00 +10,+0 deg",demo_00,0.04172903938351325,True,7.3,True,0.0065032470889033875,2.000000000000001,False,0.005934010032486746,0.06601456758091492,0.01045901498858909,0.2697523547773189,0.1058543260919547,-0.75,0.009999999999999787,0.026686288880818986,0.07245156496022,58.0,94.0,0.18008855103370555,1000.0000000005556,4.72381123573667,7.82,867.3912577028259,7008.041328647488,0.0,nan
pd,20.0,1.0,esn,137,"demo_00 +10,+2.5 deg",,0.012258085037888123,False,nan,False,nan,0.0,False,0.2867275392690298,2.8191407496556993,0.33926610666618084,13.322949900858957,0.13870252535074024,-0.75,nan,0.0021409285283518417,0.07245156496022,0.0,94.0,0.07039657686784706,410.70036413003214,1.4252404693516827,nan,51.036683983616875,40.350371403828355,0.0,nan
pd,20.0,1.0,replay,137,"demo_00 +10,+2.5 deg",demo_00,0.04453002100883986,True,7.3,True,0.0065032470889033875,2.000000000000001,False,0.005934010032486746,0.07872124547725759,0.009473613713059078,0.2862296204683879,0.13870252535074024,-0.75,0.009999999999999787,0.027122558135892982,0.07245156496022,57.0,94.0,0.1968476430098888,1000.0000000005556,5.079318646704931,7.82,867.3912577028259,6982.450806989469,0.0,nan
pd,20.0,1.0,esn,138,"demo_00 +10,+5 deg",,0.019093622934512916,False,nan,False,nan,0.0,False,0.28672753926903105,2.821785345475791,0.2684303659913843,13.346954870708181,0.16915632331885433,-0.75,nan,0.0032770491511016856,0.07245156496022,0.0,94.0,0.1097285954973242,641.3378402755546,2.2181010713188734,nan,79.69741334467388,100.79793317679648,0.0,nan
pd,20.0,1.0,replay,138,"demo_00 +10,+5 deg",demo_00,0.04880917816804428,True,7.3,True,0.0065032470889033875,2.000000000000001,False,0.005934010032486746,0.09215656790672279,0.008766655936949154,0.316089190775203,0.16915632331885433,-0.75,0.009999999999999787,0.027753103394672886,0.07245156496022,53.0,94.0,0.22120384743295676,1000.0000000005556,5.5903489491694485,7.82,867.3912577028259,6964.090963626949,0.0,nan
pd,20.0,1.0,esn,139,"demo_00 +10,+7.5 deg",,0.026308672328443385,False,nan,False,nan,0.0,False,0.2867275392690352,2.8204359800609624,0.22563487840487703,13.372536264895427,0.1998996243484283,-0.75,nan,0.004448007974022664,0.07245156496022,0.0,94.0,0.15121487328833352,883.7407017077211,3.0551115714506065,nan,109.82019704817499,183.081332577843,0.0,nan
pd,20.0,1.0,replay,139,"demo_00 +10,+7.5 deg",demo_00,0.054239360745658986,True,7.3,True,0.0065032470889033875,2.000000000000001,False,0.005934010032486746,0.10459761593931471,0.00836780927514518,0.3558486640128267,0.1998996243484283,-0.75,0.009999999999999787,0.02855977197432587,0.07245156496022,48.0,94.0,0.25078656816628375,1000.0000000005556,6.219318917013161,7.82,867.3912577028259,6953.202031946886,0.0,nan
pd,20.0,1.0,esn,140,"demo_00 +10,+10 deg",,0.03371921824364353,False,nan,False,nan,0.0,False,0.2867275392690344,2.8147687458297814,0.1990342067648193,13.403582802320889,0.22838490988506888,-0.75,nan,0.0056294788367729715,0.07245156496022,0.0,94.0,0.1934576798361611,1130.3087659257774,3.9134537185908425,nan,140.46057985037893,280.45055233167517,0.0,nan
pd,20.0,1.0,replay,140,"demo_00 +10,+10 deg",demo_00,0.060533188555336015,True,7.3,True,0.0065032470889033875,2.000000000000001,False,0.005934010032486746,0.11595433612466045,0.00819920973817317,0.40244636757575036,0.22838490988506888,-0.75,0.009999999999999787,0.02952237167718333,0.07245156496022,46.0,94.0,0.2837891951849767,1000.0000000005556,6.934624480802546,7.82,867.3912577028259,6950.132199567368,0.0,nan
pd,20.0,1.0,esn,141,"demo_00 +10,+12.5 deg",,0.04126649141053018,False,nan,False,nan,0.0,False,0.28672753926903677,2.80545208181086,0.17525520216584928,13.450236824839921,0.25224035825029306,-0.75,nan,0.006810093610123171,0.07245156496022,0.0,94.0,0.23586500893503717,1378.2141592692044,4.784771411962784,nan,171.26714912309825,390.93796845247874,0.0,nan
pd,20.0,1.0,replay,141,"demo_00 +10,+12.5 deg",demo_00,0.06746979008069845,True,7.3,True,0.0065032470889033875,2.000000000000001,False,0.005934010032486746,0.12794610940898382,0.007992730090164867,0.45363524697571334,0.25224035825029306,-0.75,0.009999999999999787,0.030620033392163765,0.07245156496022,40.0,94.0,0.3189669382763364,1250.0000000007042,7.712401243816018,7.82,867.3912577028259,6955.351799708667,0.0,nan
pd,20.0,1.0,esn,142,"demo_00 +10,+15 deg",,0.048935206358788376,False,nan,False,nan,0.0,False,0.2867275392690379,2.7787075118127547,0.15413496020550524,13.556155250243059,0.2774571283956704,-0.75,nan,0.007982859290682244,0.07245156496022,0.0,94.0,0.2782031650361672,1626.6332506240633,5.666127151792182,nan,202.13755433404106,515.6997000377619,0.0,nan
pd,20.0,1.0,replay,142,"demo_00 +10,+15 deg",demo_00,0.074888962911712,True,7.3,True,0.0065032470889033875,2.000000000000001,False,0.005934010032486746,0.1403463632803183,0.007785015525108982,0.5078793650728667,0.2774571283956704,-0.75,0.009999999999999787,0.03183227642557556,0.07245156496022,32.0,94.0,0.35548274065579266,1500.0000000008397,8.535358197099189,7.82,867.3912577028259,6969.4679027079,0.0,nan
pd,20.0,1.0,esn,143,"demo_00 +12.5,-15 deg",,0.0057258815727495496,True,1.35,False,0.00673976890122893,2.0,True,0.006740900281556413,1.4813416869225613,0.34779279055833545,14.843880250647649,0.06979513934927224,-0.75,-5.9399999999999995,0.002331759197517071,0.07245156496022,1.0,94.0,0.02594987099867457,137.50821267387704,0.6671139223269981,1.35,119.27342153559576,118.53907438809317,0.0,nan
pd,20.0,1.0,replay,143,"demo_00 +12.5,-15 deg",demo_00,0.06641017701527176,True,7.3,True,0.0065032470889033875,2.000000000000001,False,0.005934010032486746,0.07042063741250042,0.016533518373786624,0.48499466824094967,0.06979513934927224,-0.75,0.009999999999999787,0.02860993534444503,0.07245156496022,57.0,94.0,0.2936590753501471,1500.0000000008336,7.228613153868679,7.82,1084.2390721285321,11135.162451232356,0.0,nan
pd,20.0,1.0,esn,144,"demo_00 +12.5,-12.5 deg",,0.004366677965380499,True,1.36,False,0.00673975680311604,1.9999999999999998,True,0.006740900281556141,1.2484340929049835,0.5725427215778394,14.810312518726644,0.04129050612807097,-0.74,-5.93,0.002332435234658574,0.07245156496022,1.0,94.0,0.02104151565949366,97.42704318807239,0.49730919342417573,1.36,84.50736552512281,58.63122092780625,0.0,nan
pd,20.0,1.0,replay,144,"demo_00 +12.5,-12.5 deg",demo_00,0.06100947349711864,True,7.3,True,0.0065032470889033875,2.000000000000001,False,0.005934010032486746,0.053714219870267976,0.02463380790922881,0.4379278005470923,0.03511043564960371,-0.75,0.009999999999999787,0.02786613435116935,0.07245156496022,58.0,94.0,0.2637743825817179,1250.0000000006978,6.6557850428538385,7.82,1084.2390721285321,11068.905522931793,0.0,nan
pd,20.0,1.0,esn,145,"demo_00 +12.5,-10 deg",,0.002170586688737082,True,1.53,False,0.006739729447828076,2.0,True,0.006740900281556614,0.3551167648655199,nan,14.546730781133721,0.009499693046958323,-0.73,-5.76,0.001530241970054149,0.07245156496022,2.0,94.0,0.01236799170930285,48.81317754836756,0.2479062798725118,1.53,42.340123466126414,14.757160312340263,0.0,nan
pd,20.0,1.0,replay,145,"demo_00 +12.5,-10 deg",demo_00,0.05654586020934166,True,7.3,True,0.0065032470889033875,2.000000000000001,False,0.005934010032486746,0.040608653655733754,nan,0.3973637871366656,0.016585033481926238,-0.75,0.009999999999999787,0.027342549113518775,0.07245156496022,58.0,94.0,0.23977381849748794,1250.0000000006946,6.195843285810693,7.82,1084.2390721285321,11006.196801899452,0.0,nan
pd,20.0,1.0,esn,146,"demo_00 +12.5,-7.5 deg",,0.0007169405638129882,False,nan,False,nan,0.0,False,0.2867275392690356,2.7755990339711523,1.5369744456823724,13.443228947025062,0.04676482055031475,-0.68,nan,0.00010263107941664655,0.07245156496022,0.0,94.0,0.0032699155623896353,17.403385083540133,0.08301841960090854,nan,15.095544075889004,1.8787399811162229,0.0,nan
pd,20.0,1.0,replay,146,"demo_00 +12.5,-7.5 deg",demo_00,0.05324742593168538,True,7.3,True,0.0065032470889033875,2.000000000000001,False,0.005934010032486746,0.044198358683997734,0.02447462584003555,0.3654189399551157,0.03162118032285779,-0.75,0.009999999999999787,0.027048776201174577,0.07245156496022,58.0,94.0,0.22346310717680998,1250.0000000006946,5.875200033376484,7.82,1084.2390721285321,10946.908387396648,0.0,nan
pd,20.0,1.0,esn,147,"demo_00 +12.5,-5 deg",,0.000838046090322618,False,nan,False,nan,0.0,False,0.28672753926900096,2.8143327194437826,0.7537685453685862,13.369977366575034,0.06517990314131415,-0.69,nan,0.00013255712369319528,0.07245156496022,0.0,94.0,0.005112482504957831,26.37626988180327,0.10265571762069593,nan,3.2777116072826127,0.15862210869235494,0.0,nan
pd,20.0,1.0,replay,147,"demo_00 +12.5,-5 deg",demo_00,0.05133724945920561,True,7.3,True,0.0065032470889033875,2.000000000000001,False,0.005934010032486746,0.054140858507959105,0.014500657964356217,0.34442321024308875,0.06517990314131415,-0.75,0.009999999999999787,0.026988340344410555,0.07245156496022,58.0,94.0,0.21646369243454397,1250.0000000006946,5.717444056059104,7.82,1084.2390721285321,10890.956152409213,0.0,nan
pd,20.0,1.0,esn,148,"demo_00 +12.5,-2.5 deg",,0.003935582002489774,False,nan,False,nan,0.0,False,0.2867275392689916,2.826442870868461,0.48978186392508044,13.358891980763378,0.09815520019078573,-0.74,nan,0.0006777882340584709,0.07245156496022,0.0,94.0,0.02213073781198721,122.07776085668328,0.46969568659825894,nan,15.170291157320598,3.76145896279795,0.0,nan
pd,20.0,1.0,replay,148,"demo_00 +12.5,-2.5 deg",demo_00,0.05097571944469984,True,7.3,True,0.0065032470889033875,2.000000000000001,False,0.005934010032486746,0.066801616069109,0.01157575848029885,0.33633437302798425,0.09815520019078573,-0.75,0.009999999999999787,0.02715807376906706,0.07245156496022,57.0,94.0,0.21952056288182958,1250.0000000006946,5.736348099152392,7.82,1084.2390721285321,10838.309160322897,0.0,nan
pd,20.0,1.0,esn,149,"demo_00 +12.5,+0 deg",,0.009010595642208097,False,nan,False,nan,0.0,False,0.28672753926903355,2.8307785496736613,0.360496781219805,13.364127241291875,0.13036033312299372,-0.75,nan,0.001557343315012865,0.07245156496022,0.0,94.0,0.049944735977190846,286.9688934841151,1.0522297943454775,nan,35.66089053975122,13.326318285899726,0.0,nan
pd,20.0,1.0,replay,149,"demo_00 +12.5,+0 deg",demo_00,0.05220447937897487,True,7.3,True,0.0065032470889033875,2.000000000000001,False,0.005934010032486746,0.08090363555746666,0.010302996047080107,0.34194973965501874,0.13036033312299372,-0.75,0.009999999999999787,0.02754830361760812,0.07245156496022,54.0,94.0,0.23206994143190737,1250.0000000006946,5.930669819034158,7.82,1084.2390721285321,10789.00074710051,0.0,nan
pd,20.0,1.0,esn,150,"demo_00 +12.5,+2.5 deg",,0.01535176186449621,False,nan,False,nan,0.0,False,0.2867275392690314,2.830878127586685,0.2875068598004274,13.37709790566379,0.1629235498800576,-0.75,nan,0.0025901548390644914,0.07245156496022,0.0,94.0,0.08469844882086452,494.0099485059344,1.7859269067034913,nan,61.3893529899034,34.91243406947189,0.0,nan
pd,20.0,1.0,replay,150,"demo_00 +12.5,+2.5 deg",demo_00,0.05493047992110014,True,7.3,True,0.0065032470889033875,2.000000000000001,False,0.005934010032486746,0.09557977448988218,0.009707179039687415,0.36049210025823775,0.1629235498800576,-0.75,0.009999999999999787,0.028143805649626773,0.07245156496022,48.0,94.0,0.2525186487874422,1250.0000000006946,6.284630790222098,7.82,1084.2390721285321,10743.141324406346,0.0,nan
pd,20.0,1.0,esn,151,"demo_00 +12.5,+5 deg",,0.022361762105556883,False,nan,False,nan,0.0,False,0.28672753926903466,2.8270647738740324,0.2400825108825516,13.39604821336791,0.1948522095664307,-0.75,nan,0.0036844448962070823,0.07245156496022,0.0,94.0,0.1229699008287064,721.3652530101115,2.5952648036843198,nan,89.64221527444876,73.19790691790178,0.0,nan
pd,20.0,1.0,replay,151,"demo_00 +12.5,+5 deg",demo_00,0.058962607325733656,True,7.3,True,0.0065032470889033875,2.000000000000001,False,0.005934010032486746,0.11059388002255247,0.009391951910487473,0.3899703999309032,0.1948522095664307,-0.75,0.009999999999999787,0.028925277207514987,0.07245156496022,47.0,94.0,0.27894037566883656,1250.0000000006946,6.7736462449035315,7.82,1084.2390721285321,10700.932917004511,0.0,nan
pd,20.0,1.0,esn,152,"demo_00 +12.5,+7.5 deg",,0.02972979188742855,False,nan,False,nan,0.0,False,0.2867275392690354,2.820028167324362,0.20305849040308907,13.423981541157145,0.2252961431955169,-0.75,nan,0.004801053989641288,0.07245156496022,0.0,94.0,0.1628246390574861,957.7474033678784,3.443868581313538,nan,119.01682060924716,129.1859123195918,0.0,nan
pd,20.0,1.0,replay,152,"demo_00 +12.5,+7.5 deg",demo_00,0.06407208940520889,True,7.3,True,0.0065032470889033875,2.000000000000001,False,0.005934010032486746,0.12430332149695607,0.008950564787872392,0.4279679106368524,0.2252961431955169,-0.75,0.009999999999999787,0.029870988029405025,0.07245156496022,44.0,94.0,0.30960414432164113,1250.0000000006946,7.37111060945249,7.82,1084.2390721285321,10662.68538364319,0.0,nan
pd,20.0,1.0,esn,153,"demo_00 +12.5,+10 deg",,0.03731894300804812,False,nan,False,nan,0.0,False,0.2867275392690339,2.808229041355919,0.1754286774533552,13.473021066492954,0.25385915395449044,-0.75,nan,0.005920939357764084,0.07245156496022,0.0,94.0,0.20332801713719875,1198.2770288958588,4.314974191764693,nan,148.90682207728273,202.79482177098305,0.0,nan
pd,20.0,1.0,replay,153,"demo_00 +12.5,+10 deg",demo_00,0.07004072928118595,True,7.3,True,0.0065032470889033875,2.000000000000001,False,0.005934010032486746,0.13700536533668378,0.008558657321421099,0.47226024394897786,0.25385915395449044,-0.75,0.009999999999999787,0.030958303748692236,0.07245156496022,35.0,94.0,0.3431588004828427,1250.0000000006946,8.052895130217035,7.82,1084.2390721285321,10628.83418013768,0.0,nan
pd,20.0,1.0,esn,154,"demo_00 +12.5,+12.5 deg",,0.04507116472648052,False,nan,False,nan,0.0,False,0.28672753926903954,2.772235225995559,0.15682130618765439,13.614561046612051,0.2799546929467543,-0.75,nan,0.007032754810792074,0.07245156496022,0.0,94.0,0.24404483673400856,1441.0221770585958,5.200971349967712,nan,179.0721408774757,294.0932481468222,0.0,nan
pd,20.0,1.0,replay,154,"demo_00 +12.5,+12.5 deg",demo_00,0.07668406322678802,True,7.3,True,0.0065032470889033875,2.000000000000001,False,0.005934010032486746,0.14889747190237113,0.008422912966696002,0.5210637132569222,0.2799546929467543,-0.75,0.009999999999999787,0.03216489402750269,0.07245156496022,31.0,94.0,0.3786106643600493,1250.0000000007042,8.799073143304401,7.82,1084.2390721285321,10599.959402574275,0.0,nan
pd,20.0,1.0,esn,155,"demo_00 +12.5,+15 deg",,0.052960438597037765,True,4.64,False,0.006739664527073479,2.000000000000001,True,0.006740900281558155,1.452360994161117,0.07438230809145133,10.943689302161523,0.30240424173805164,-0.75,-2.6500000000000004,0.015203007134235343,0.07245156496022,0.0,94.0,0.2847943418999637,1685.2089868298972,6.098118965923604,4.64,209.41661127906482,403.42401658016786,0.0,nan
pd,20.0,1.0,replay,155,"demo_00 +12.5,+15 deg",demo_00,0.08385549715568115,True,7.3,True,0.0065032470889033875,2.000000000000001,False,0.005934010032486746,0.1614062675727289,0.008266381960650547,0.5730385170153914,0.30240424173805164,-0.75,0.009999999999999787,0.033469565225379305,0.07245156496022,27.0,94.0,0.4152384842072953,1500.0000000008397,9.593901500492676,7.82,1084.2390721285321,10576.805694843175,0.0,nan
pd,20.0,1.0,esn,156,"demo_00 +15,-15 deg",,0.003986744145890301,True,1.26,False,0.006739723205466963,2.0,True,0.0067409002815566966,1.270954014375897,0.4697004160810788,14.935252402538845,0.04880595927122481,-0.74,-6.03,0.0017749736818647617,0.07245156496022,1.0,94.0,0.017970812988207685,91.91115251153443,0.4536623447669658,1.26,79.72293017385189,52.6746716350563,0.0,nan
pd,20.0,1.0,replay,156,"demo_00 +15,-15 deg",demo_00,0.07414597278187196,True,7.3,True,0.0065032470889033875,2.000000000000001,False,0.005934010032486746,0.05899800317893653,0.02180361077399563,0.521199043366351,0.04794521873159675,-0.75,0.009999999999999787,0.028731109861273484,0.07245156496022,54.0,94.0,0.31041759269931707,1500.0000000008336,8.051120577274705,7.82,1301.0868865542384,15819.655658979145,0.0,nan
pd,20.0,1.0,esn,157,"demo_00 +15,-12.5 deg",,0.002983824918901257,True,1.28,False,0.006739742460761414,2.0,True,0.006740900281556141,0.7084847928502928,0.9365026583380127,14.875676834417227,0.019215071591750118,-0.74,-6.01,0.0015198895257882165,0.07245156496022,2.0,94.0,0.015020707943734465,65.31442350650565,0.33956802016970883,1.28,56.65315995140934,26.33942330502203,0.0,nan
pd,20.0,1.0,replay,157,"demo_00 +15,-12.5 deg",demo_00,0.06932296149935561,True,7.3,True,0.0065032470889033875,2.000000000000001,False,0.005934010032486746,0.043099808882804125,0.05697099782512245,0.4802046829179392,0.01815514638141676,-0.75,0.009999999999999787,0.02812755799532317,0.07245156496022,55.0,94.0,0.2860860720343178,1500.000000000832,7.5606876863258226,7.82,1301.0868865542384,15752.71751279518,0.0,nan
pd,20.0,1.0,esn,158,"demo_00 +15,-10 deg",,0.0010487977021393408,True,5.78,False,0.006739676922512197,2.0,True,0.006740900281557325,1.449016921101481,1.3107101564908716,9.870750443043137,0.032123981218359125,-0.71,-1.5099999999999998,0.0006541891337100833,0.07245156496022,2.0,94.0,0.00686497045426603,25.165396266580053,0.15562644727864067,5.78,21.828244718246218,3.971195569762601,0.0,nan
pd,20.0,1.0,replay,158,"demo_00 +15,-10 deg",demo_00,0.06547127628789529,True,7.3,True,0.0065032470889033875,2.000000000000001,False,0.005934010032486746,0.0418311891101615,0.037838456974747185,0.44698998749697955,0.029136385134209863,-0.75,0.009999999999999787,0.027768729104645964,0.07245156496022,55.0,94.0,0.26938003064980165,1500.000000000832,7.187306009548704,7.82,1301.0868865542384,15685.115419390882,0.0,nan
pd,20.0,1.0,esn,159,"demo_00 +15,-7.5 deg",,0.0006757519753256287,False,nan,False,nan,0.0,False,0.28672753926900574,2.816860182603209,0.8512340690416538,13.440504201998333,0.05338138732815144,-0.67,nan,8.179379553910003e-05,0.07245156496022,0.0,94.0,0.002916953795369864,16.401239576230015,0.07850724752800535,nan,14.226291823903079,1.6766349655968595,0.0,nan
pd,20.0,1.0,replay,159,"demo_00 +15,-7.5 deg",demo_00,0.06276377338219191,True,7.3,True,0.0065032470889033875,2.000000000000001,False,0.005934010032486746,0.05510256148449868,0.016651581756436405,0.42328578925366445,0.05338138732815144,-0.75,0.009999999999999787,0.027658798125677727,0.07245156496022,54.0,94.0,0.26159639031962423,1500.000000000832,6.949733981155607,7.82,1301.0868865542384,15616.75782558968,0.0,nan
pd,20.0,1.0,esn,160,"demo_00 +15,-5 deg",,0.0029588504440224797,False,nan,False,nan,0.0,False,0.2867275392690044,2.833364499459103,0.5317389536568139,13.403420044034178,0.08739712396499735,-0.74,nan,0.00042094019996398213,0.07245156496022,0.0,94.0,0.013934884994988761,54.58381732363731,0.35555718413373205,nan,47.34552595854481,19.531817029548126,0.0,nan
pd,20.0,1.0,replay,160,"demo_00 +15,-5 deg",demo_00,0.06135098871175787,True,7.3,True,0.0065032470889033875,2.000000000000001,False,0.005934010032486746,0.06853694371208802,0.01286236301162764,0.41061934907660586,0.08739712396499735,-0.75,0.009999999999999787,0.027794540801056564,0.07245156496022,51.0,94.0,0.2633415090021714,1500.000000000832,6.862146200718873,7.82,1301.0868865542384,15547.59687395291,0.0,nan
pd,20.0,1.0,esn,161,"demo_00 +15,-2.5 deg",,0.006953767218964163,False,nan,False,nan,0.0,False,0.2867275392690031,2.837883002731373,0.39138408635223054,13.397518364463796,0.12167360500653591,-0.75,nan,0.0011150562563383892,0.07245156496022,0.0,94.0,0.034967590831735784,174.44561734833854,0.8254662701660589,nan,71.95920793417449,49.1979961758758,0.0,nan
pd,20.0,1.0,replay,161,"demo_00 +15,-2.5 deg",demo_00,0.06132622030593328,True,7.3,True,0.0065032470889033875,2.000000000000001,False,0.005934010032486746,0.08410944255229323,0.011599878252641535,0.4098736725606783,0.12167360500653591,-0.75,0.009999999999999787,0.028165472243412894,0.07245156496022,48.0,94.0,0.2742327581527081,1500.000000000832,6.930418408494398,7.82,1301.0868865542384,15477.640093219183,0.0,nan
pd,20.0,1.0,esn,162,"demo_00 +15,+0 deg",,0.012568017446285598,False,nan,False,nan,0.0,False,0.28672753926903316,2.837056337079643,0.306677015272322,13.403934136887246,0.15601286161541092,-0.75,nan,0.0020445247382628604,0.07245156496022,0.0,94.0,0.06464297455592496,354.22348489856563,1.4681774412039006,nan,87.33742053021396,83.82592254324476,0.0,nan
pd,20.0,1.0,replay,162,"demo_00 +15,+0 deg",demo_00,0.06269908462710445,True,7.3,True,0.0065032470889033875,2.000000000000001,False,0.005934010032486746,0.09988311052361691,0.01079705531791785,0.42095346957924284,0.15601286161541092,-0.75,0.009999999999999787,0.028754877314273303,0.07245156496022,47.0,94.0,0.29303911855105125,1500.000000000832,7.15032876652124,7.82,1301.0868865542384,15406.964220660455,0.0,nan
pd,20.0,1.0,esn,163,"demo_00 +15,+2.5 deg",,0.019194150727175324,False,nan,False,nan,0.0,False,0.2867275392690318,2.831705754887352,0.2507695750687103,13.41954360717625,0.18913882826863296,-0.75,nan,0.0030718889192783857,0.07245156496022,0.0,94.0,0.09947452113575356,564.8106094590686,2.232481568499499,nan,97.5236894561091,126.62379276564872,0.0,nan
pd,20.0,1.0,replay,163,"demo_00 +15,+2.5 deg",demo_00,0.06539277865596622,True,7.3,True,0.0065032470889033875,2.000000000000001,False,0.005934010032486746,0.11620425590252471,0.010290790921181368,0.4427981192123363,0.18913882826863296,-0.75,0.009999999999999787,0.029541457961201695,0.07245156496022,44.0,94.0,0.3181360488638711,1500.000000000832,7.508772558429504,7.82,1301.0868865542384,15335.73124701966,0.0,nan
pd,20.0,1.0,esn,164,"demo_00 +15,+5 deg",,0.026386656901228187,False,nan,False,nan,0.0,False,0.2867275392690346,2.8232965572458664,0.21166473737855926,13.44776401759073,0.2195866169314041,-0.75,nan,0.004134671303975494,0.07245156496022,0.0,94.0,0.13694303936881957,790.6732953968753,3.058834003007252,nan,105.79217717747467,182.58581823236753,0.0,nan
pd,20.0,1.0,replay,164,"demo_00 +15,+5 deg",demo_00,0.06926652435691032,True,7.3,True,0.0065032470889033875,2.000000000000001,False,0.005934010032486746,0.13203430465661406,0.009898714447257814,0.47373347990679454,0.2195866169314041,-0.75,0.009999999999999787,0.030501199808095496,0.07245156496022,35.0,94.0,0.34793028568452283,1500.000000000832,7.987201980389052,7.82,1301.0868865542384,15264.206727477625,0.0,nan
pd,20.0,1.0,esn,165,"demo_00 +15,+7.5 deg",,0.03391273575821667,False,nan,False,nan,0.0,False,0.28672753926903666,2.8078102456057916,0.1838387661683268,13.506394627139796,0.2502196693626224,-0.75,nan,0.005203736019683608,0.07245156496022,0.0,94.0,0.17566726698843604,1024.110790444477,3.920224891686563,nan,127.26362901294843,254.22620277342392,0.0,nan
pd,20.0,1.0,replay,165,"demo_00 +15,+7.5 deg",demo_00,0.07414949845269292,True,7.3,True,0.0065032470889033875,2.000000000000001,False,0.005934010032486746,0.14703579554569202,0.009627032053893802,0.5119144439081038,0.2502196693626224,-0.75,0.009999999999999787,0.031609096973784195,0.07245156496022,31.0,94.0,0.38107585217773793,1500.000000000832,8.565405524204929,7.82,1301.0868865542384,15192.78032778547,0.0,nan
pd,20.0,1.0,esn,166,"demo_00 +15,+10 deg",,0.04166098163359333,False,nan,False,nan,0.0,False,0.2867275392690367,2.7566122195698344,0.15915798994449815,13.762404641879117,0.27980116496889296,-0.75,nan,0.006262529706623698,0.07245156496022,0.0,94.0,0.2149345154790513,1261.6052562436603,4.803259726735875,nan,156.7764589431731,342.17721509430356,0.0,nan
pd,20.0,1.0,replay,166,"demo_00 +15,+10 deg",demo_00,0.07987027568032762,True,7.3,True,0.0065032470889033875,2.000000000000001,False,0.005934010032486746,0.16160894067178252,0.009330784348911558,0.5556380311258945,0.27980116496889296,-0.75,0.009999999999999787,0.03284051223235949,0.07245156496022,29.0,94.0,0.4165157946442169,1500.000000000832,9.224221641794417,7.82,1301.0868865542384,15121.988467665971,0.0,nan
pd,20.0,1.0,esn,167,"demo_00 +15,+12.5 deg",,0.04957811181537335,True,3.16,False,0.006739681383277684,2.0,True,0.006740900281557344,1.2791172363954282,0.06568723018409987,12.783845426615954,0.3064304698409309,-0.75,-4.13,0.01662003867565181,0.07245156496022,0.0,94.0,0.2544147608685781,1501.5633569570723,5.701165357660858,3.16,186.59543848403865,446.4162504919748,0.0,nan
pd,20.0,1.0,replay,167,"demo_00 +15,+12.5 deg",demo_00,0.08627431112972309,True,7.3,True,0.0065032470889033875,2.000000000000001,False,0.005934010032486746,0.17538928948897803,0.009006865283868836,0.6034781853938953,0.3064304698409309,-0.75,0.009999999999999787,0.03417210268723019,0.07245156496022,25.0,94.0,0.4534421975823836,1500.000000000832,9.946868718633416,7.82,1301.0868865542384,15052.538778700526,0.0,nan
pd,20.0,1.0,esn,168,"demo_00 +15,+15 deg",,0.057637061638505675,True,1.8800000000000001,False,0.006739709113717197,1.9999999999999998,True,0.006740900281557089,0.8044747541191664,0.03792330359540286,14.110178796048515,0.32911346955845616,-0.75,-5.41,0.02475618899488309,0.07245156496022,2.0,94.0,0.2938442702904441,1743.2276108222873,6.6102269567715695,1.8800000000000001,216.6264373140052,566.6260100521263,0.0,nan
pd,20.0,1.0,replay,168,"demo_00 +15,+15 deg",demo_00,0.09323039484884778,True,7.3,True,0.0065032470889033875,2.000000000000001,False,0.005934010032486746,0.18843386805589243,0.008882857727168845,0.6542992233691004,0.32911346955845616,-0.75,0.009999999999999787,0.035582351179219984,0.07245156496022,23.0,94.0,0.49123644208998746,1500.0000000008397,10.719247984024904,7.82,1301.0868865542384,14985.335907482615,0.0,nan
pd,40.0,1.0,esn,0,demo_00,,0.0013370560470979593,False,nan,False,nan,0.0,False,0.5109803803742178,0.04577852529466308,nan,20.61078356316003,0.0022159288153281264,-0.69,nan,0.00011219310772178047,0.07245156496022,0.0,94.0,0.0016654331011207286,18.469224693757102,0.13370560470979592,nan,32.04008807180982,7.3658708878242125,0.0,nan
pd,40.0,1.0,replay,0,demo_00,demo_00,0.0,True,7.29,True,0.00653559474603401,2.000000000000001,False,0.005934010032487661,0.018660005337339476,nan,0.03757236352713975,0.002345718108253334,0.010000000000000009,0.0,0.040194503912162914,0.07245156496022,80.0,94.0,0.03315114718012971,58.616099013208434,0.671657119277785,7.8,101.68618368934244,919.9573784428194,0.0,nan
pd,40.0,1.0,esn,1,"demo_00 -15,-15 deg",,0.1691911090391111,True,1.43,False,0.006741283243612833,2.0,True,0.006740900281556759,1.9815044179001418,0.0987530947796196,14.790730749387413,0.3720962667372529,-0.75,-5.86,0.029806061298693048,0.07245156496022,0.0,94.0,0.3195355680668603,2233.769782765798,16.91911090391111,1.43,3875.1047625814376,119164.22791866,0.0,nan
pd,40.0,1.0,replay,1,"demo_00 -15,-15 deg",demo_00,0.14613968654506973,True,7.29,True,0.00653559474603401,2.000000000000001,False,0.005934010032487661,0.08792735010935253,0.004382073469344782,0.5114959907415613,0.3720962667372529,-0.75,0.0,0.0412542829164674,0.07245156496022,76.0,94.0,0.2964003886231164,1500.0000000008336,14.751906058094335,7.8,2602.1737731084772,59581.64011447386,0.0,nan
pd,40.0,1.0,esn,2,"demo_00 -15,-12.5 deg",,0.16362687219212002,True,1.44,False,0.0067412973036860046,2.0,True,0.006740900281556513,1.9679302226751985,0.1075828544820818,14.765662399755108,0.33999767274126996,-0.75,-5.85,0.025803830562875274,0.07245156496022,0.0,94.0,0.2886791660006426,2172.8745970576515,16.362687219212003,1.44,3769.464859142625,111996.25606614535,0.0,nan
pd,40.0,1.0,replay,2,"demo_00 -15,-12.5 deg",demo_00,0.13875301950652214,True,7.29,True,0.00653559474603401,2.000000000000001,False,0.005934010032487661,0.08131389360892646,0.004445269798036151,0.46771843432745597,0.33999767274126996,-0.75,0.0,0.041089254755945374,0.07245156496022,77.0,94.0,0.2686576110595026,1500.0000000008326,13.875301950652215,7.8,2602.1737731084772,58482.377260422116,0.0,nan
pd,40.0,1.0,esn,3,"demo_00 -15,-10 deg",,0.15617290925709068,True,1.47,False,0.006741281760751422,2.0,True,0.006740900281556723,1.9380879800058441,0.11601002599821339,14.732229672980706,0.30923078571714807,-0.75,-5.82,0.02165910041530868,0.07245156496022,0.0,94.0,0.2579392729504785,2084.2701272589484,15.617290925709066,1.47,3615.7553741491315,102272.29656929048,0.0,nan
pd,40.0,1.0,replay,3,"demo_00 -15,-10 deg",demo_00,0.13189516090112957,True,7.29,True,0.00653559474603401,2.000000000000001,False,0.005934010032487661,0.07509154151202464,0.004494827775068101,0.4276065394324689,0.30923078571714807,-0.75,0.0,0.04094144044052502,0.07245156496022,79.0,94.0,0.24214895534737005,1500.0000000008326,13.189516090112958,7.8,2602.1737731084772,57504.394239736976,0.0,nan
pd,40.0,1.0,esn,4,"demo_00 -15,-7.5 deg",,0.14576254324546672,True,1.5,False,0.006741282927519269,2.0,True,0.006740900281556868,1.9199092364586627,0.12523139375372283,14.685465479377877,0.2803024061034371,-0.75,-5.79,0.017769889338243583,0.07245156496022,1.0,94.0,0.22652516108452364,1954.8343367145485,14.576254324546673,1.5,3391.2124278451215,89144.82191993893,0.0,nan
pd,40.0,1.0,replay,4,"demo_00 -15,-7.5 deg",demo_00,0.12563265062319992,True,7.29,True,0.00653559474603401,2.000000000000001,False,0.005934010032487661,0.0692615974321588,0.004517779390466134,0.39241318191016644,0.2803024061034371,-0.75,0.0,0.04081145799354557,0.07245156496022,79.0,94.0,0.2175124133658125,1500.0000000008326,12.563265062319994,7.8,2602.1737731084772,56642.745352738915,0.0,nan
pd,40.0,1.0,esn,5,"demo_00 -15,-5 deg",,0.1319136175226963,True,1.54,False,0.006741281814875922,2.0,True,0.006740900281556997,1.9005853820862968,0.13342378787296733,14.62324835326683,0.25390581182980465,-0.75,-5.75,0.01474194181094722,0.07245156496022,1.0,94.0,0.1943639916400237,1778.977975076511,13.191361752269632,1.54,3086.139886452771,73055.41632384379,0.0,nan
pd,40.0,1.0,replay,5,"demo_00 -15,-5 deg",demo_00,0.12004468895355716,True,7.29,True,0.00653559474603401,2.000000000000001,False,0.005934010032487661,0.06405294527627413,0.004496607552457931,0.36368482542519653,0.25390581182980465,-0.75,0.0,0.040699758130891245,0.07245156496022,80.0,94.0,0.19563098957933148,1500.0000000008326,12.004468895355716,7.8,2602.1737731084772,55893.08655204803,0.0,nan
pd,40.0,1.0,esn,6,"demo_00 -15,-2.5 deg",,0.11447979236236025,True,1.59,False,0.006741279291830443,1.9999999999999998,True,0.006740900281556714,1.8723259843236577,0.1382974780626352,14.543202644097091,0.2309690209948578,-0.75,-5.7,0.01431724299971236,0.07245156496022,1.0,94.0,0.16137626066359648,1554.8328217872902,11.447979236236025,1.59,2697.2967936139257,55270.96276168327,0.0,nan
pd,40.0,1.0,replay,6,"demo_00 -15,-2.5 deg",demo_00,0.11522265765407512,True,7.29,True,0.00653559474603401,2.000000000000001,False,0.005934010032487661,0.05964534242380261,0.004405643303814922,0.3431477048834538,0.2309690209948578,-0.75,0.0,0.04060661545883354,0.07245156496022,80.0,94.0,0.17767944824454346,1500.0000000008326,11.522265765407512,7.8,2602.1737731084772,55251.72229773441,0.0,nan
pd,40.0,1.0,esn,7,"demo_00 -15,+0 deg",,0.094418136274361,True,1.6500000000000001,False,0.006741289538725528,1.9999999999999998,True,0.006740900281556714,1.828226759556492,0.13774358449601248,14.432236761209259,0.21266450422608676,-0.75,-5.64,0.0140439231199045,0.07245156496022,1.0,94.0,0.12890966595565279,1294.2701637849857,9.4418136274361,1.6500000000000001,2245.277250344158,38130.35854644156,0.0,nan
pd,40.0,1.0,replay,7,"demo_00 -15,+0 deg",demo_00,0.11126767907765103,True,7.29,True,0.00653559474603401,2.000000000000001,False,0.005934010032487661,0.05647624783815553,0.00425507436396997,0.3323993403311484,0.21266450422608676,-0.75,0.0,0.04053212376847002,0.07245156496022,80.0,94.0,0.16506762606777972,1500.0000000008326,11.126767907765103,7.8,2602.1737731084772,54715.65079807321,0.0,nan
pd,40.0,1.0,esn,8,"demo_00 -15,+2.5 deg",,0.07430808379231557,True,1.78,False,0.006741268054176909,2.0,True,0.006740900281556476,1.7094221808288137,0.12687123453480767,14.22524595496974,0.20030508531816468,-0.75,-5.51,0.007944196546706158,0.07245156496022,1.0,94.0,0.10094459796819952,1030.5042136270447,7.430808379231556,1.78,1787.700691851055,24219.104151870095,0.0,nan
pd,40.0,1.0,replay,8,"demo_00 -15,+2.5 deg",demo_00,0.10828553842517377,True,7.29,True,0.00653559474603401,2.000000000000001,False,0.005934010032487661,0.054744257871628885,0.004063052215982073,0.33243936225496923,0.20030508531816468,-0.75,0.0,0.04047619568752727,0.07245156496022,80.0,94.0,0.15915087091456434,1500.0000000008326,10.828553842517378,7.8,2602.1737731084772,54282.60614355799,0.0,nan
pd,40.0,1.0,esn,9,"demo_00 -15,+5 deg",,0.058052431366053855,True,2.17,False,0.006741259030353132,2.0,True,0.006740900281556959,1.357612091615357,0.09626994567185311,13.531227672513866,0.1950492555107683,-0.75,-5.12,0.006452452812106213,0.07245156496022,3.0,94.0,0.08219380150479468,815.7322820747769,5.805243136605386,2.17,1415.1181001944888,15181.566268757937,0.0,nan
pd,40.0,1.0,replay,9,"demo_00 -15,+5 deg",demo_00,0.10637873625532357,True,7.29,True,0.00653559474603401,2.000000000000001,False,0.005934010032487661,0.05424042310250153,0.003846255213507323,0.3432846980637713,0.1950492555107683,-0.75,0.0,0.04043856679191064,0.07245156496022,81.0,94.0,0.16070343732438558,1500.0000000008326,10.637873625532356,7.8,2602.1737731084772,53951.09525471454,0.0,nan
pd,40.0,1.0,esn,10,"demo_00 -15,+7.5 deg",,0.04977266563416674,False,nan,False,nan,0.0,False,0.5109803803601544,0.10193895179859047,0.006756409471992473,20.62059073535371,0.19746717535840178,-0.75,nan,0.002212403125932661,0.07245156496022,0.0,94.0,0.07599489724487375,706.5744023630118,4.977266563416674,nan,1225.7529190518708,11307.556623688191,0.0,nan
pd,40.0,1.0,replay,10,"demo_00 -15,+7.5 deg",demo_00,0.10563636397116444,True,7.29,True,0.00653559474603401,2.000000000000001,False,0.005934010032487661,0.05553347194137724,0.0036807017260553927,0.3639651017089459,0.19746717535840178,-0.75,0.0,0.04041880410345694,0.07245156496022,81.0,94.0,0.16950705222061707,1500.0000000008326,10.563636397116444,7.8,2602.1737731084772,53720.426939475205,0.0,nan
pd,40.0,1.0,esn,11,"demo_00 -15,+10 deg",,0.05088620168531261,False,nan,False,nan,0.0,False,0.5109803803721115,0.11664062179041075,0.007112900669645196,20.621221169538195,0.2064470296201555,-0.75,nan,0.0022535432069607595,0.07245156496022,0.0,94.0,0.0861851238081125,722.3555232659912,5.088620168531261,nan,1253.129731667847,11752.042345072057,0.0,nan
pd,40.0,1.0,replay,11,"demo_00 -15,+10 deg",demo_00,0.10612368387062951,True,7.29,True,0.00653559474603401,2.000000000000001,False,0.005934010032487661,0.05977856308967134,0.0036453764983779197,0.3929023407688235,0.2064470296201555,-0.75,0.0,0.04041631871935644,0.07245156496022,81.0,94.0,0.18447422115626674,1500.0000000008326,10.61236838706295,7.8,2602.1737731084772,53590.72973056789,0.0,nan
pd,40.0,1.0,esn,12,"demo_00 -15,+12.5 deg",,0.05858833417171188,False,nan,False,nan,0.0,False,0.5109803803745665,0.11394394144037441,0.006343162092800022,20.620979437334483,0.2219717034376806,-0.75,nan,0.002434710732754199,0.07245156496022,0.0,94.0,0.10985082889632675,824.0591374462155,5.858833417171188,nan,1429.5633833011645,15290.562496887806,0.0,nan
pd,40.0,1.0,replay,12,"demo_00 -15,+12.5 deg",demo_00,0.10787410642152673,True,7.29,True,0.00653559474603401,2.000000000000001,False,0.005934010032487661,0.06511732610103835,0.0036250260372531367,0.42837967565078994,0.2219717034376806,-0.75,0.0,0.04043038214606528,0.07245156496022,81.0,94.0,0.20417121135051292,1500.0000000008326,10.787410642152672,7.8,2602.1737731084772,53562.95460471513,0.0,nan
pd,40.0,1.0,esn,13,"demo_00 -15,+15 deg",,0.06919276465346616,False,nan,False,nan,0.0,False,0.5109803803758605,0.10468536764158551,0.0053081087303742565,20.62010984963733,0.24276286358367036,-0.75,nan,0.002740290478642036,0.07245156496022,0.0,94.0,0.141378959958124,959.9219690668992,7.017596423045092,nan,1665.2558480900968,20764.647505653895,0.0,nan
pd,40.0,1.0,replay,13,"demo_00 -15,+15 deg",demo_00,0.11088595933733664,True,7.29,True,0.00653559474603401,2.000000000000001,False,0.005934010032487661,0.0712225848057453,0.0036113664471386637,0.4688537422579728,0.24276286358367036,-0.75,0.0,0.04046014575911745,0.07245156496022,81.0,94.0,0.22726645474957766,1500.0000000008397,11.194303679812062,7.8,2602.1737731084772,53638.8582533409,0.0,nan
pd,40.0,1.0,esn,14,"demo_00 -12.5,-15 deg",,0.15074630402682257,True,1.44,False,0.006741287729441021,2.0,True,0.006740900281556476,1.943352635838466,0.10517644098560296,14.771099929819616,0.3356215935405571,-0.75,-5.85,0.025284210152148743,0.07245156496022,0.0,94.0,0.2769609875906931,1988.5250990578497,15.074630402682256,1.44,3449.6585732889366,94389.41107951193,0.0,nan
pd,40.0,1.0,replay,14,"demo_00 -12.5,-15 deg",demo_00,0.13148506138295593,True,7.29,True,0.00653559474603401,2.000000000000001,False,0.005934010032487661,0.08086516361464213,0.004376514046837915,0.46352997791820594,0.3356215935405571,-0.75,0.0,0.040889805869457514,0.07245156496022,80.0,94.0,0.261001950977258,1500.0000000008336,13.36372565100687,7.8,2168.4781442570647,42313.92233621011,0.0,nan
pd,40.0,1.0,esn,15,"demo_00 -12.5,-12.5 deg",,0.14502419788544077,True,1.46,False,0.006741281481523983,2.0,True,0.006740900281556294,1.917199245109564,0.11595053174997948,14.745743786559535,0.30297080863872006,-0.75,-5.83,0.021670176024053214,0.07245156496022,1.0,94.0,0.24784101146939375,1926.3053238916505,14.502419788544078,1.46,3341.720795218201,87936.66752902616,0.0,nan
pd,40.0,1.0,replay,15,"demo_00 -12.5,-12.5 deg",demo_00,0.12315989831788605,True,7.29,True,0.00653559474603401,2.000000000000001,False,0.005934010032487661,0.07430790547424063,0.00449407706316566,0.4178385225269971,0.30297080863872006,-0.75,0.0,0.040769681204894326,0.07245156496022,80.0,94.0,0.23384377642226173,1250.0000000006978,12.361120312025417,7.8,2168.4781442570647,41359.63083728463,0.0,nan
pd,40.0,1.0,esn,16,"demo_00 -12.5,-10 deg",,0.13739900070779879,True,1.48,False,0.006741286730242459,2.0,True,0.006740900281556814,1.8974841712834951,0.12854750061158465,14.711256180546911,0.27148084410034806,-0.75,-5.8100000000000005,0.01815437964338331,0.07245156496022,1.0,94.0,0.21907062246487338,1834.957492558803,13.73990007077988,1.48,3183.252174601839,79145.46447620286,0.0,nan
pd,40.0,1.0,replay,16,"demo_00 -12.5,-10 deg",demo_00,0.1154201891728608,True,7.29,True,0.00653559474603401,2.000000000000001,False,0.005934010032487661,0.06806420961650553,0.004611097241136115,0.3755477885649667,0.27148084410034806,-0.75,0.0,0.04066326106941876,0.07245156496022,80.0,94.0,0.20779717329016298,1250.0000000006946,11.542018917286079,7.8,2168.4781442570647,40524.527388712304,0.0,nan
pd,40.0,1.0,esn,17,"demo_00 -12.5,-7.5 deg",,0.1264619909073135,True,1.51,False,0.006741291430422592,2.0,True,0.006740900281556476,1.878791195913524,0.14208283016040518,14.661120681331015,0.24174355944885553,-0.75,-5.78,0.0148890697104134,0.07245156496022,1.0,94.0,0.18943327767267223,1697.062509076405,12.646199090731349,1.51,2944.0343682945563,67003.93240797702,0.0,nan
pd,40.0,1.0,replay,17,"demo_00 -12.5,-7.5 deg",demo_00,0.1083723595101537,True,7.29,True,0.00653559474603401,2.000000000000001,False,0.005934010032487661,0.06235160229725713,0.0047153148996542755,0.3380713488528603,0.24174355944885553,-0.75,0.0,0.04057109535171892,0.07245156496022,80.0,94.0,0.183536643748459,1250.0000000006946,10.837235951015371,7.8,2168.4781442570647,39804.16249747581,0.0,nan
pd,40.0,1.0,esn,18,"demo_00 -12.5,-5 deg",,0.11151052417350758,True,1.56,False,0.006741277966154596,2.0,True,0.006740900281556959,1.8506840942044835,0.15486783176498242,14.59183528364081,0.21456032007806838,-0.75,-5.73,0.012862420282702793,0.07245156496022,1.0,94.0,0.158471808067965,1504.4668360160254,11.151052417350758,1.56,2609.922762126815,52025.29943387191,0.0,nan
pd,40.0,1.0,replay,18,"demo_00 -12.5,-5 deg",demo_00,0.10214742316667715,True,7.29,True,0.00653559474603401,2.000000000000001,False,0.005934010032487661,0.05724281754989101,0.0047901589827413285,0.3073003631846438,0.21456032007806838,-0.75,0.0,0.04049359226829331,0.07245156496022,80.0,94.0,0.16205693201501176,1250.0000000006946,10.214742316667714,7.8,2168.4781442570647,39194.633597890745,0.0,nan
pd,40.0,1.0,esn,19,"demo_00 -12.5,-2.5 deg",,0.0927562844291642,True,1.61,False,0.0067412895801823814,1.9999999999999998,True,0.006740900281556959,1.818244234874519,0.163825396144371,14.498684167050532,0.19108638710331058,-0.75,-5.68,0.013408007850627318,0.07245156496022,1.0,94.0,0.12645371116077223,1260.1941778869257,9.27562844291642,1.61,2186.162825813023,36130.40773231621,0.0,nan
pd,40.0,1.0,replay,19,"demo_00 -12.5,-2.5 deg",demo_00,0.09689999877598167,True,7.29,True,0.00653559474603401,2.000000000000001,False,0.005934010032487661,0.052798119636235666,0.004757156766500697,0.28551841246310783,0.19108638710331058,-0.75,0.0,0.04043101208264063,0.07245156496022,80.0,94.0,0.14477138337522155,1250.0000000006946,9.689999877598165,7.8,2168.4781442570647,38692.622082443195,0.0,nan
pd,40.0,1.0,esn,20,"demo_00 -12.5,+0 deg",,0.07198144437202053,True,1.7,False,0.006741281700275059,2.0,True,0.006740900281556814,1.738666069356323,0.16139184188048786,14.350465518954627,0.1728921733077769,-0.75,-5.59,0.010166157545439237,0.07245156496022,1.0,94.0,0.09576709636221997,987.101527163746,7.198144437202053,1.7,1712.4064702529326,22104.86126310354,0.0,nan
pd,40.0,1.0,replay,20,"demo_00 -12.5,+0 deg",demo_00,0.09280146287053259,True,7.29,True,0.00653559474603401,2.000000000000001,False,0.005934010032487661,0.04974368020203578,0.0046174618066209035,0.2749523713925671,0.1728921733077769,-0.75,0.0,0.04038346430258771,0.07245156496022,80.0,94.0,0.13345556223934132,1250.0000000006946,9.28014628705326,7.8,2168.4781442570647,38295.42779205872,0.0,nan
pd,40.0,1.0,esn,21,"demo_00 -12.5,+2.5 deg",,0.052785965963962914,True,1.92,False,0.006741264516637706,2.0,True,0.006740900281556778,1.5281216989772632,0.13867262656169374,13.979076680289745,0.1618079900630355,-0.75,-5.37,0.005622660128845708,0.07245156496022,2.0,94.0,0.071271948561728,732.4407283814745,5.278596596396291,1.92,1270.6253691664558,12203.00549653834,0.0,nan
pd,40.0,1.0,replay,21,"demo_00 -12.5,+2.5 deg",demo_00,0.0900247912903151,True,7.29,True,0.00653559474603401,2.000000000000001,False,0.005934010032487661,0.04844228218151564,0.004395997067019895,0.27694058287228723,0.1618079900630355,-0.75,0.0,0.040350908507283546,0.07245156496022,80.0,94.0,0.1297680394342647,1250.0000000006946,9.00247912903151,7.8,2168.4781442570647,38000.99960802523,0.0,nan
pd,40.0,1.0,esn,22,"demo_00 -12.5,+5 deg",,0.0400963542005149,False,nan,False,nan,0.0,False,0.5109803795167221,0.10437338957202187,0.00887513243467896,20.627348856391162,0.15934690292307319,-0.75,nan,0.001889154090890428,0.07245156496022,0.0,94.0,0.05744724549763429,562.7733919335385,4.00963542005149,nan,976.2894404612931,7183.862483943534,0.0,nan
pd,40.0,1.0,replay,22,"demo_00 -12.5,+5 deg",demo_00,0.08872107926550707,True,7.29,True,0.00653559474603401,2.000000000000001,False,0.005934010032487661,0.049351003341708805,0.004196440225213862,0.2912464151650845,0.15934690292307319,-0.75,0.0,0.040333158833237764,0.07245156496022,81.0,94.0,0.1343714622334586,1250.0000000006946,8.872107926550706,7.8,2168.4781442570647,37807.96032113249,0.0,nan
pd,40.0,1.0,esn,23,"demo_00 -12.5,+7.5 deg",,0.03738112589688704,False,nan,False,nan,0.0,False,0.5109803803712488,0.10805788005750153,0.008359966386065244,20.619164717144738,0.16543087619438082,-0.75,nan,0.0018611563295613126,0.07245156496022,0.0,94.0,0.059128546167352254,525.2706183689806,3.738112589688704,nan,911.2302846023172,6221.134508895683,0.0,nan
pd,40.0,1.0,replay,23,"demo_00 -12.5,+7.5 deg",demo_00,0.0889927019023465,True,7.29,True,0.00653559474603401,2.000000000000001,False,0.005934010032487661,0.05243545744607831,0.004056702402952034,0.316195003151336,0.16543087619438082,-0.75,0.0,0.04032989201623364,0.07245156496022,81.0,94.0,0.14647047260432597,1250.0000000006946,8.89927019023465,7.8,2168.4781442570647,37715.6234733412,0.0,nan
pd,40.0,1.0,esn,24,"demo_00 -12.5,+10 deg",,0.043358809891631364,False,nan,False,nan,0.0,False,0.5109803803745866,0.11127770254137143,0.007709391288834475,20.61942236309449,0.17906640822999653,-0.75,nan,0.0020483940847449873,0.07245156496022,0.0,94.0,0.07689861496357359,600.4577410941208,4.335880989163136,nan,1041.6635904894752,8142.997171577978,0.0,nan
pd,40.0,1.0,replay,24,"demo_00 -12.5,+10 deg",demo_00,0.09087286750137154,True,7.29,True,0.00653559474603401,2.000000000000001,False,0.005934010032487661,0.057126137080973305,0.003957735768431079,0.34948462467495806,0.17906640822999653,-0.75,0.0,0.04034065875122306,0.07245156496022,81.0,94.0,0.16436421712667126,1250.0000000006946,9.087286750137153,7.8,2168.4781442570647,37723.999407743526,0.0,nan
pd,40.0,1.0,esn,25,"demo_00 -12.5,+12.5 deg",,0.05395279383718764,False,nan,False,nan,0.0,False,0.5109803803760854,0.1040779993121721,0.006428595385225924,20.618529377011058,0.19918190854928877,-0.75,nan,0.0023547743872261357,0.07245156496022,0.0,94.0,0.10526218662040315,731.1725856314517,5.40496862405226,nan,1268.4254172966791,12126.068736994885,0.0,nan
pd,40.0,1.0,replay,25,"demo_00 -12.5,+12.5 deg",demo_00,0.09432088277229231,True,7.29,True,0.00653559474603401,2.000000000000001,False,0.005934010032487661,0.062341176638478435,0.003850633208711251,0.3889323101908315,0.19918190854928877,-0.75,0.0,0.0403648980040525,0.07245156496022,81.0,94.0,0.186308903242138,1250.0000000007042,9.43208827722923,7.8,2168.4781442570647,37833.78737313104,0.0,nan
pd,40.0,1.0,esn,26,"demo_00 -12.5,+15 deg",,0.06636484747730838,False,nan,False,nan,0.0,False,0.5109803803771353,0.09506703001326625,0.005246153614584804,20.61765321241554,0.22400636978371752,-0.75,nan,0.0027317798222389004,0.07245156496022,0.0,94.0,0.13952039499217259,958.1826627000175,6.790089576539297,nan,1525.4780661255982,17597.4030879646,0.0,nan
pd,40.0,1.0,replay,26,"demo_00 -12.5,+15 deg",demo_00,0.09923506620771327,True,7.29,True,0.00653559474603401,2.000000000000001,False,0.005934010032487661,0.06784611359702555,0.003744001827267539,0.43279785689419575,0.22400636978371752,-0.75,0.0,0.040401953795049766,0.07245156496022,81.0,94.0,0.21094324526123315,1500.0000000008397,10.09863804277021,7.8,2168.4781442570647,38046.35027572461,0.0,nan
pd,40.0,1.0,esn,27,"demo_00 -10,-15 deg",,0.13246845777661184,True,1.45,False,0.006741290739871051,2.0,True,0.006740900281556959,1.9061482613035903,0.11199227967437271,14.752695289000592,0.3004808259872032,-0.75,-5.84,0.021312497139465928,0.07245156496022,1.0,94.0,0.23676688025754383,1745.526566593139,13.246845777661184,1.45,3028.108967900157,72667.26845833888,0.0,nan
pd,40.0,1.0,replay,27,"demo_00 -10,-15 deg",demo_00,0.11788358807126835,True,7.29,True,0.00653559474603401,2.000000000000001,False,0.005934010032487661,0.07516211914058003,0.0044160138214819076,0.4214739690044046,0.3004808259872032,-0.75,0.0,0.04064166100533913,0.07245156496022,81.0,94.0,0.2302887290331566,1500.0000000008336,12.066525566606904,7.8,1734.7825154056513,28109.216726056675,0.0,nan
pd,40.0,1.0,esn,28,"demo_00 -10,-12.5 deg",,0.1265405332951025,True,1.47,False,0.006741284792768842,2.0,True,0.006740900281556577,1.8806088557175165,0.12553786279368181,14.726709335588163,0.26723736072823623,-0.75,-5.82,0.018149699124107552,0.07245156496022,1.0,94.0,0.20937994594373632,1681.2783632122357,12.65405332951025,1.47,2916.6523080288002,66887.01251761484,0.0,nan
pd,40.0,1.0,replay,28,"demo_00 -10,-12.5 deg",demo_00,0.10845923794168379,True,7.29,True,0.00653559474603401,2.000000000000001,False,0.005934010032487661,0.06845207382376534,0.004569438788669419,0.3735489803007021,0.26723736072823623,-0.75,0.0,0.04055447497723854,0.07245156496022,80.0,94.0,0.2035752900816549,1250.0000000006978,10.978703651638469,7.8,1734.7825154056513,27291.20080038783,0.0,nan
pd,40.0,1.0,esn,29,"demo_00 -10,-10 deg",,0.11871686653537888,True,1.49,False,0.0067412912577735976,2.0,True,0.006740900281556714,1.860232953692081,0.14302113614129103,14.690835403653404,0.2350726643280525,-0.75,-5.8,0.015137704446060626,0.07245156496022,1.0,94.0,0.18263885162370463,1586.6001808168573,11.871686653537889,1.49,2752.4062526190037,59032.07063575987,0.0,nan
pd,40.0,1.0,replay,29,"demo_00 -10,-10 deg",demo_00,0.09963970624888348,True,7.29,True,0.00653559474603401,2.000000000000001,False,0.005934010032487661,0.06190827204036835,0.004759721832786761,0.32854252541339735,0.2350726643280525,-0.75,0.0,0.04047820783350127,0.07245156496022,80.0,94.0,0.17778761283995323,1000.0000000005556,9.963970624888347,7.8,1734.7825154056513,26587.901150241214,0.0,nan
pd,40.0,1.0,esn,30,"demo_00 -10,-7.5 deg",,0.10717986735904043,True,1.53,False,0.006741280346686773,2.0,True,0.006740900281556723,1.8300767452924935,0.16292885422182585,14.636488101899399,0.2043427755537115,-0.75,-5.76,0.012480744603389911,0.07245156496022,1.0,94.0,0.15480961201822432,1439.020457494054,10.717986735904043,1.53,2496.3875289703424,47987.952702246206,0.0,nan
pd,40.0,1.0,replay,30,"demo_00 -10,-7.5 deg",demo_00,0.09158172470774725,True,7.29,True,0.00653559474603401,2.000000000000001,False,0.005934010032487661,0.055895406945886524,0.004976280166054154,0.2879707526181353,0.2043427755537115,-0.75,0.0,0.040413356323303534,0.07245156496022,80.0,94.0,0.15361004614629573,1000.0000000005548,9.158172470774725,7.8,1734.7825154056513,25995.322435209724,0.0,nan
pd,40.0,1.0,esn,31,"demo_00 -10,-5 deg",,0.09106072997979518,True,1.58,False,0.006741276410632716,2.0,True,0.00674090028155654,1.8022005250644775,0.18471052215179132,14.558411300225613,0.17593038777828454,-0.75,-5.71,0.011608644247300836,0.07245156496022,1.0,94.0,0.12507816380056969,1228.7117768991477,9.106072997979517,1.58,2131.5477070364686,34492.43451871085,0.0,nan
pd,40.0,1.0,replay,31,"demo_00 -10,-5 deg",demo_00,0.08449298766363812,True,7.29,True,0.00653559474603401,2.000000000000001,False,0.005934010032487661,0.05045626430067022,0.005171346248760054,0.25410403580763097,0.17593038777828454,-0.75,0.0,0.04036029769859148,0.07245156496022,80.0,94.0,0.1321407864669983,1000.0000000005548,8.449298766363814,7.8,1734.7825154056513,25509.97054196788,0.0,nan
pd,40.0,1.0,esn,32,"demo_00 -10,-2.5 deg",,0.07118651249297048,True,1.6400000000000001,False,0.006741289684965266,2.0,True,0.006740900281556868,1.7528919478043639,0.2016379316512559,14.445541339966294,0.151418530188668,-0.75,-5.65,0.011716197853861451,0.07245156496022,1.0,94.0,0.0942989437528502,967.0750130310051,7.118651249297049,1.6400000000000001,1677.6648236909493,21139.82735789368,0.0,nan
pd,40.0,1.0,replay,32,"demo_00 -10,-2.5 deg",demo_00,0.07863520974178274,True,7.29,True,0.00653559474603401,2.000000000000001,False,0.005934010032487661,0.046176648876446104,0.005311772914294919,0.23004383487085073,0.151418530188668,-0.75,0.0,0.04031928524073459,0.07245156496022,80.0,94.0,0.1150988199971994,1000.0000000005548,7.863520974178274,7.8,1734.7825154056513,25128.882333772453,0.0,nan
pd,40.0,1.0,esn,33,"demo_00 -10,+0 deg",,0.050402585813689955,True,1.77,False,0.006741283094464349,2.0,True,0.00674090028155686,1.6244550219557126,0.1963472607625253,14.225375206346508,0.13303929400725847,-0.75,-5.52,0.006219124437846018,0.07245156496022,1.0,94.0,0.06598054314788764,691.2952258067942,5.040258581368995,1.77,1199.2468707123626,10791.087725096108,0.0,nan
pd,40.0,1.0,replay,33,"demo_00 -10,+0 deg",demo_00,0.07431058637825809,True,7.29,True,0.00653559474603401,2.000000000000001,False,0.005934010032487661,0.043608780588676566,0.005270976726380588,0.219137422245452,0.13303929400725847,-0.75,0.0,0.04029044677730375,0.07245156496022,80.0,94.0,0.10482199705726283,1000.0000000005548,7.431058637825809,7.8,1734.7825154056513,24849.652389819552,0.0,nan
pd,40.0,1.0,esn,34,"demo_00 -10,+2.5 deg",,0.033606577433056097,True,2.31,False,0.006741233675239623,2.0000000000000004,True,0.006740900281556959,1.1464580972653446,0.1334311855970921,13.286548903503936,0.12360056941232514,-0.75,-4.98,0.00465404148359071,0.07245156496022,3.0,94.0,0.04568197003703422,466.4127165585873,3.3606577433056097,2.31,809.12462564824,4922.121615866054,0.0,nan
pd,40.0,1.0,replay,34,"demo_00 -10,+2.5 deg",demo_00,0.07181957459300849,True,7.29,True,0.00653559474603401,2.000000000000001,False,0.005934010032487661,0.04349628615694694,0.0050623403025680325,0.22337673076787462,0.12360056941232514,-0.75,0.0,0.04027378626832043,0.07245156496022,81.0,94.0,0.1034444499496474,1000.0000000005548,7.181957459300849,7.8,1734.7825154056513,24670.45550101242,0.0,nan
pd,40.0,1.0,esn,35,"demo_00 -10,+5 deg",,0.02612968794959357,False,nan,False,nan,0.0,False,0.5109803803684965,0.08972937855013209,0.009446003428605387,20.61682602656325,0.1251603906928864,-0.75,nan,0.0014425407071171374,0.07245156496022,0.0,94.0,0.0384822622810854,364.5060445269116,2.6129687949593565,nan,632.3387128046085,2990.8164399151638,0.0,nan
pd,40.0,1.0,replay,35,"demo_00 -10,+5 deg",demo_00,0.07138969163405795,True,7.29,True,0.00653559474603401,2.000000000000001,False,0.005934010032487661,0.04575319938592985,0.004816537072389242,0.2419879650853762,0.1251603906928864,-0.75,0.0,0.04026918844140297,0.07245156496022,81.0,94.0,0.11133160507817652,1000.0000000005548,7.138969163405795,7.8,1734.7825154056513,24590.063314511124,0.0,nan
pd,40.0,1.0,esn,36,"demo_00 -10,+7.5 deg",,0.029114418881414094,False,nan,False,nan,0.0,False,0.5109803803743054,0.10454141492962225,0.00958312635061318,20.617760281922155,0.13616942954168235,-0.75,nan,0.0015934725430397255,0.07245156496022,0.0,94.0,0.048721709774131566,398.50047043395,2.9114418881414093,nan,691.3116484893599,3583.9854059133577,0.0,nan
pd,40.0,1.0,replay,36,"demo_00 -10,+7.5 deg",demo_00,0.0731035600973106,True,7.29,True,0.00653559474603401,2.000000000000001,False,0.005934010032487661,0.0499061077654796,0.004574804508872135,0.2720285466756219,0.13616942954168235,-0.75,0.0,0.04027642634892938,0.07245156496022,81.0,94.0,0.1267487712319651,1000.0000000005548,7.310356009731061,7.8,1734.7825154056513,24607.85314656323,0.0,nan
pd,40.0,1.0,esn,37,"demo_00 -10,+10 deg",,0.03891489189423724,False,nan,False,nan,0.0,False,0.5109803803761604,0.10097346826813242,0.007975831887724365,20.617056070462745,0.15555420389228825,-0.75,nan,0.0019259534021016421,0.07245156496022,0.0,94.0,0.0726883753490323,515.3133910477162,3.891489189423724,nan,893.9566607434779,6049.589329526252,0.0,nan
pd,40.0,1.0,replay,37,"demo_00 -10,+10 deg",demo_00,0.07687274396158117,True,7.29,True,0.00653559474603401,2.000000000000001,False,0.005934010032487661,0.05454321003999168,0.004308334470007599,0.31016455588072017,0.15555420389228825,-0.75,0.0,0.04029517161333636,0.07245156496022,81.0,94.0,0.14729686996149413,1000.0000000005556,7.687274396158117,7.8,1734.7825154056513,24723.806642417745,0.0,nan
pd,40.0,1.0,esn,38,"demo_00 -10,+12.5 deg",,0.05170214194944416,False,nan,False,nan,0.0,False,0.5109803803773527,0.09309948516841518,0.006363504333911139,20.616050077943385,0.1806898300611667,-0.75,nan,0.00232396705114648,0.07245156496022,0.0,94.0,0.10459838796505291,743.3156033290743,5.230403778047897,nan,1150.7401929292519,10099.13685082347,0.0,nan
pd,40.0,1.0,replay,38,"demo_00 -10,+12.5 deg",demo_00,0.08247661875904869,True,7.29,True,0.00653559474603401,2.000000000000001,False,0.005934010032487661,0.05950077128095622,0.004066976473956646,0.3537410751547736,0.1806898300611667,-0.75,0.0,0.040325007024849376,0.07245156496022,81.0,94.0,0.17105855260808092,1250.0000000007042,8.294041308456173,7.8,1734.7825154056513,24938.495695858328,0.0,nan
pd,40.0,1.0,esn,39,"demo_00 -10,+15 deg",,0.06526733439142675,False,nan,False,nan,0.0,False,0.510980380378374,0.09931041504839694,0.005931617852733992,20.61568731975044,0.20947825247276505,-0.75,nan,0.0027315180593689556,0.07245156496022,0.0,94.0,0.1403368942052523,1014.2365710909048,6.723750036292365,nan,1411.3573829167156,15272.814397982414,0.0,nan
pd,40.0,1.0,replay,39,"demo_00 -10,+15 deg",demo_00,0.0896357355067644,True,7.29,True,0.00653559474603401,2.000000000000001,False,0.005934010032487661,0.0649766406009042,0.0038809283116093985,0.4009310737163054,0.20947825247276505,-0.75,0.0,0.040365441064790585,0.07245156496022,81.0,94.0,0.1967787222915223,1500.0000000008397,9.185405350372298,7.8,1734.7825154056513,25253.052902741994,0.0,nan
pd,40.0,1.0,esn,40,"demo_00 -7.5,-15 deg",,0.11443333180576053,True,1.46,False,0.006741291822777371,2.0,True,0.006740900281556959,1.8693247606465206,0.1207341946076577,14.735902464502491,0.2677925536634062,-0.75,-5.83,0.017846649827224365,0.07245156496022,1.0,94.0,0.1990928037886196,1505.8237957632298,11.47299919230754,1.46,2612.276792170372,54003.38606571627,0.0,nan
pd,40.0,1.0,replay,40,"demo_00 -7.5,-15 deg",demo_00,0.10573496661358132,True,7.29,True,0.00653559474603401,2.000000000000001,False,0.005934010032487661,0.06957793296667258,0.004493834285002171,0.3863429061669089,0.2677925536634062,-0.75,0.0,0.04048541182676593,0.07245156496022,81.0,94.0,0.20476625148299082,1500.0000000008336,10.889060505058714,7.8,1301.0868865542386,16979.322797423065,0.0,nan
pd,40.0,1.0,esn,41,"demo_00 -7.5,-12.5 deg",,0.108258274827388,True,1.48,False,0.006741286690737812,2.0,True,0.006740900281556959,1.8454654941151158,0.1360686190749774,14.708971307730545,0.23376359107393288,-0.75,-5.8100000000000005,0.015098696758241508,0.07245156496022,1.0,94.0,0.17342401928561857,1438.9012658345446,10.8258274827388,1.48,2496.1807573634433,48878.86270240876,0.0,nan
pd,40.0,1.0,replay,41,"demo_00 -7.5,-12.5 deg",demo_00,0.09505916988534965,True,7.29,True,0.00653559474603401,2.000000000000001,False,0.005934010032487661,0.06297028901147665,0.0046428829451792405,0.3360383292267243,0.23376359107393288,-0.75,0.0,0.04042041966845251,0.07245156496022,81.0,94.0,0.17837812371932482,1250.0000000006978,9.706716261624175,7.8,1301.0868865542386,16287.893182663978,0.0,nan
pd,40.0,1.0,esn,42,"demo_00 -7.5,-10 deg",,0.10020835047129212,True,1.5,False,0.006741294906549893,2.0,True,0.006740900281556476,1.8250068578452787,0.15894768315679172,14.67129696291006,0.20049713615976816,-0.75,-5.79,0.01256317043953726,0.07245156496022,1.0,94.0,0.14874514889110987,1340.2270110194509,10.020835047129212,1.5,2325.002385389631,41975.30429932494,0.0,nan
pd,40.0,1.0,replay,42,"demo_00 -7.5,-10 deg",demo_00,0.08493649729212854,True,7.29,True,0.00653559474603401,2.000000000000001,False,0.005934010032487661,0.05611322065345369,0.004887141316204546,0.2879152089776115,0.20049713615976816,-0.75,0.0,0.040364365559897544,0.07245156496022,81.0,94.0,0.15266461538179757,1000.0000000005556,8.573443872835718,7.8,1301.0868865542386,15704.354802881635,0.0,nan
pd,40.0,1.0,esn,43,"demo_00 -7.5,-7.5 deg",,0.088041391012087,True,1.54,False,0.006741289390915161,2.0,True,0.006740900281556868,1.7944915602957199,0.18920390447224286,14.61180890370893,0.16852716833948475,-0.75,-5.75,0.01061663059848435,0.07245156496022,1.0,94.0,0.1227845209571616,1182.2986414193592,8.8041391012087,1.54,2051.0310111210224,32208.820433682842,0.0,nan
pd,40.0,1.0,replay,43,"demo_00 -7.5,-7.5 deg",demo_00,0.07557224167266564,True,7.29,True,0.00653559474603401,2.000000000000001,False,0.005934010032487661,0.049543593902461644,0.0052236753938191835,0.24342600182859514,0.16852716833948475,-0.75,0.0,0.04031769461906812,0.07245156496022,81.0,94.0,0.12826715718113094,750.0000000004198,7.557224167266565,7.8,1301.0868865542386,15225.130008091797,0.0,nan
pd,40.0,1.0,esn,44,"demo_00 -7.5,-5 deg",,0.07085653944867187,True,1.6,False,0.006741277481179257,2.0,True,0.006740900281556476,1.7511887971678128,0.22712795196256916,14.522515169325075,0.1387110089288843,-0.75,-5.6899999999999995,0.01066565656071542,0.07245156496022,1.0,94.0,0.09445006331446384,955.6305996842893,7.085653944867187,1.6,1657.811255518003,20687.58070767677,0.0,nan
pd,40.0,1.0,replay,44,"demo_00 -7.5,-5 deg",demo_00,0.0672754828173958,True,7.29,True,0.00653559474603401,2.000000000000001,False,0.005934010032487661,0.0439588940398409,0.005701437554851989,0.2051034009856531,0.1387110089288843,-0.75,0.0,0.040280751620847675,0.07245156496022,80.0,94.0,0.10633234189998184,750.0000000004168,6.727548281739581,7.8,1301.0868865542386,14847.105968845626,0.0,nan
pd,40.0,1.0,esn,45,"demo_00 -7.5,-2.5 deg",,0.05038322873690356,True,1.68,False,0.006741286850076068,2.0,True,0.00674090028155654,1.6728499597518933,0.26297601159047707,14.377270337810122,0.11230869537774442,-0.75,-5.61,0.008790887590525077,0.07245156496022,1.0,94.0,0.06535833850811357,683.9532773694808,5.0383228736903565,1.68,1186.5101869343089,10482.551033602384,0.0,nan
pd,40.0,1.0,replay,45,"demo_00 -7.5,-2.5 deg",demo_00,0.06049060282203078,True,7.29,True,0.00653559474603401,2.000000000000001,False,0.005934010032487661,0.03947127656001745,0.006204979007010032,0.17713856738103634,0.11230869537774442,-0.75,0.0,0.04025377780833547,0.07245156496022,80.0,94.0,0.08892749422347998,750.0000000004168,6.049060282203078,7.8,1301.0868865542386,14567.65953295114,0.0,nan
pd,40.0,1.0,esn,46,"demo_00 -7.5,+0 deg",,0.03080039079121009,True,1.9100000000000001,False,0.006741265953584279,2.0,True,0.00674090028155654,1.4346628821176748,0.24846186638164758,13.991275246899464,0.0931270662850087,-0.75,-5.38,0.0039944576433269974,0.07245156496022,2.0,94.0,0.040186041039872056,422.4573151689284,3.080039079121009,1.9100000000000001,732.8715638598652,4003.2817055619003,0.0,nan
pd,40.0,1.0,replay,46,"demo_00 -7.5,+0 deg",demo_00,0.055790104974111174,True,7.29,True,0.00653559474603401,2.000000000000001,False,0.005934010032487661,0.0370975486260451,0.006424733144420379,0.16499725771589033,0.0931270662850087,-0.75,0.0,0.04023691028969488,0.07245156496022,80.0,94.0,0.0792814415517157,750.0000000004168,5.579010497411117,7.8,1301.0868865542386,14384.679006853308,0.0,nan
pd,40.0,1.0,esn,47,"demo_00 -7.5,+2.5 deg",,0.018282810111617646,False,nan,False,nan,0.0,False,0.5109803803483335,0.07423270625016919,0.011979695763062681,20.61691449353993,0.08618996635550279,-0.75,nan,0.0010902561185729318,0.07245156496022,0.0,94.0,0.025181750006991438,253.3565906258687,1.8282810111617647,nan,439.5185835802997,1438.9047253408737,0.0,nan
pd,40.0,1.0,replay,47,"demo_00 -7.5,+2.5 deg",demo_00,0.053757396750918104,True,7.29,True,0.00653559474603401,2.000000000000001,False,0.005934010032487661,0.03828726387443051,0.0061788097994168525,0.17212713341180685,0.08618996635550279,-0.75,0.0,0.04023018404800466,0.07245156496022,81.0,94.0,0.08035226161656696,750.0000000004168,5.37573967509181,7.8,1301.0868865542386,14296.581738618124,0.0,nan
pd,40.0,1.0,esn,48,"demo_00 -7.5,+5 deg",,0.01690301830542481,False,nan,False,nan,0.0,False,0.5109803803735562,0.09160417831516379,0.012389495910482579,20.61582161854552,0.09343009817187051,-0.75,nan,0.0010719278817500645,0.07245156496022,0.0,94.0,0.026522836812686593,229.92358502284523,1.6903018305424808,nan,398.8674151767948,1186.2168348161085,0.0,nan
pd,40.0,1.0,replay,48,"demo_00 -7.5,+5 deg",demo_00,0.054738081907514224,True,7.29,True,0.00653559474603401,2.000000000000001,False,0.005934010032487661,0.04178796246327634,0.00565183597046095,0.19646318541704555,0.09343009817187051,-0.75,0.0,0.040233536504433356,0.07245156496022,81.0,94.0,0.09180225544888465,750.0000000004168,5.473808190751423,7.8,1301.0868865542386,14302.326072384556,0.0,nan
pd,40.0,1.0,esn,49,"demo_00 -7.5,+7.5 deg",,0.024763976991190803,False,nan,False,nan,0.0,False,0.5109803803761037,0.09451785494112558,0.010347517929984456,20.615595380181173,0.11195669234227547,-0.75,nan,0.0014316038987753077,0.07245156496022,0.0,94.0,0.04447812944769197,319.63949534989877,2.4763976991190804,nan,554.505007765783,2331.178711767065,0.0,nan
pd,40.0,1.0,replay,49,"demo_00 -7.5,+7.5 deg",demo_00,0.05863829713679778,True,7.29,True,0.00653559474603401,2.000000000000001,False,0.005934010032487661,0.046336912811848305,0.005072819695700734,0.23265789536589268,0.11195669234227547,-0.75,0.0,0.04024681448451319,0.07245156496022,81.0,94.0,0.11043188228123607,750.0000000004198,5.863829713679778,7.8,1301.0868865542386,14401.415945555233,0.0,nan
pd,40.0,1.0,esn,50,"demo_00 -7.5,+10 deg",,0.03733442252558806,False,nan,False,nan,0.0,False,0.5109803803774944,0.08916534604497,0.007984587647989006,20.61460448538564,0.13795777603710319,-0.75,nan,0.0018838644287543233,0.07245156496022,0.0,94.0,0.0730710694264885,540.5421868633933,3.7452764391971516,nan,799.7152796067916,4916.450131726381,0.0,nan
pd,40.0,1.0,replay,50,"demo_00 -7.5,+10 deg",demo_00,0.06499695859615978,True,7.29,True,0.00653559474603401,2.000000000000001,False,0.005934010032487661,0.0514784703877475,0.004609799401082051,0.2760548132711822,0.13795777603710319,-0.75,0.0,0.040269783347714166,0.07245156496022,81.0,94.0,0.13321081084629563,1000.0000000005556,6.499695859615978,7.8,1301.0868865542386,14593.896137008767,0.0,nan
pd,40.0,1.0,esn,51,"demo_00 -7.5,+12.5 deg",,0.051394089631105214,False,nan,False,nan,0.0,False,0.5109803803786348,0.09704800708328613,0.0072643580145966835,20.614151146337917,0.16796117071883343,-0.75,nan,0.002326898020570411,0.07245156496022,0.0,94.0,0.10691709295335279,802.6508148094426,5.239154538214135,nan,1062.1507664662633,8748.577993294855,0.0,nan
pd,40.0,1.0,replay,51,"demo_00 -7.5,+12.5 deg",demo_00,0.07324089425155893,True,7.29,True,0.00653559474603401,2.000000000000001,False,0.005934010032487661,0.05692606685685219,0.004261100690673125,0.32372560250515137,0.16796117071883343,-0.75,0.0,0.04030213795643275,0.07245156496022,81.0,94.0,0.15828417085550034,1250.0000000007042,7.4335773224939885,7.8,1301.0868865542386,14880.335983070492,0.0,nan
pd,40.0,1.0,esn,52,"demo_00 -7.5,+15 deg",,0.06525787647776332,False,nan,False,nan,0.0,False,0.5109803803797529,0.10516897681266933,0.006722496521627066,20.61486772469617,0.20013158086799554,-0.75,nan,0.0027184008702920348,0.07245156496022,0.0,94.0,0.14254843500566605,1081.3740713195605,6.755436856623908,nan,1300.2405997747337,13201.871501188427,0.0,nan
pd,40.0,1.0,replay,52,"demo_00 -7.5,+15 deg",demo_00,0.08287341629882221,True,7.29,True,0.00653559474603401,2.000000000000001,False,0.005934010032487661,0.06252825502273483,0.003996862854741661,0.3739859920101503,0.20013158086799554,-0.75,0.0,0.04034351508632219,0.07245156496022,81.0,94.0,0.18463270305007376,1500.0000000008397,8.519100124782069,7.8,1301.0868865542386,15261.79930196634,0.0,nan
pd,40.0,1.0,esn,53,"demo_00 -5,-15 deg",,0.09673600813219302,True,1.47,False,0.006741290354619496,2.0,True,0.00674090028155686,1.833868512036403,0.13019170033541147,14.721242984274332,0.2386411308206876,-0.75,-5.82,0.014831727489598504,0.07245156496022,1.0,94.0,0.16404588792997007,1270.731659837713,9.739103092324951,1.47,2204.443065257645,38371.93602767098,0.0,nan
pd,40.0,1.0,replay,53,"demo_00 -5,-15 deg",demo_00,0.09558788161938209,True,7.29,True,0.00653559474603401,2.000000000000001,False,0.005934010032487661,0.06547158681081888,0.004648019830545413,0.35919692542187526,0.2386411308206876,-0.75,0.0,0.040398202731108446,0.07245156496022,81.0,94.0,0.1848316483099044,1500.0000000008336,9.870628459679635,7.8,867.3912577028259,8935.017923761936,0.0,nan
pd,40.0,1.0,esn,54,"demo_00 -5,-12.5 deg",,0.09030302949498555,True,1.49,False,0.0067412863495511805,2.0,True,0.00674090028155686,1.809515553616114,0.1510134473150879,14.693166644497959,0.2039423658408937,-0.75,-5.8,0.012463552400544954,0.07245156496022,1.0,94.0,0.1401008248823596,1200.8531147487618,9.030302949498553,1.49,2083.2189870354105,33925.93067735337,0.0,nan
pd,40.0,1.0,replay,54,"demo_00 -5,-12.5 deg",demo_00,0.08358196066704286,True,7.29,True,0.00653559474603401,2.000000000000001,False,0.005934010032487661,0.05853078266226621,0.004884697037400633,0.30670655007483666,0.2039423658408937,-0.75,0.0,0.04034613162841039,0.07245156496022,81.0,94.0,0.158714824281595,1250.0000000006978,8.590750530053702,7.8,867.3912577028259,8359.459589513473,0.0,nan
pd,40.0,1.0,esn,55,"demo_00 -5,-10 deg",,0.08203158089669442,True,1.52,False,0.006741276714486757,2.0,True,0.00674090028155654,1.7807777491513466,0.17739405628298244,14.653230531305429,0.16958214096258542,-0.75,-5.77,0.010351598565256831,0.07245156496022,1.0,94.0,0.11753681187849468,1097.8538607812723,8.203158089669442,1.52,1904.537682152885,28021.68907803346,0.0,nan
pd,40.0,1.0,replay,55,"demo_00 -5,-10 deg",demo_00,0.07197077500149725,True,7.29,True,0.00653559474603401,2.000000000000001,False,0.005934010032487661,0.051939511831598686,0.00517400932797829,0.2554732233287945,0.16958214096258542,-0.75,0.0,0.040301872678402004,0.07245156496022,81.0,94.0,0.13298730687200144,1000.0000000005556,7.342821170347316,7.8,867.3912577028259,7882.64481116004,0.0,nan
pd,40.0,1.0,esn,56,"demo_00 -5,-7.5 deg",,0.06932934164381667,True,1.56,False,0.006741277707085428,2.0,True,0.006740900281556823,1.749327037191269,0.2184872889928991,14.587603447682797,0.13590755000625884,-0.75,-5.73,0.009152094232913409,0.07245156496022,1.0,94.0,0.09361836927049846,930.5832907475858,6.932934164381667,1.56,1614.3596219166695,19789.95827920365,0.0,nan
pd,40.0,1.0,replay,56,"demo_00 -5,-7.5 deg",demo_00,0.06096398710825573,True,7.29,True,0.00653559474603401,2.000000000000001,False,0.005934010032487661,0.045080461304338064,0.005630455350846546,0.20659900255142633,0.13590755000625884,-0.75,0.0,0.040265811670677096,0.07245156496022,81.0,94.0,0.10817679801898973,750.0000000004198,6.148061874750498,7.8,867.3912577028259,7501.382408582003,0.0,nan
pd,40.0,1.0,esn,57,"demo_00 -5,-5 deg",,0.05148800967258862,True,1.62,False,0.0067412821815791306,2.0,True,0.006740900281556513,1.6959406557706702,0.28370421800500456,14.483057325045094,0.10368389352879506,-0.75,-5.67,0.009496503116872484,0.07245156496022,1.0,94.0,0.06708450685591459,693.2265266656366,5.148800967258861,1.62,1202.5972576742674,10757.655820186237,0.0,nan
pd,40.0,1.0,replay,57,"demo_00 -5,-5 deg",demo_00,0.05094920411010856,True,7.29,True,0.00653559474603401,2.000000000000001,False,0.005934010032487661,0.03843694843989455,0.006429897392066253,0.162402946574453,0.10368389352879506,-0.75,0.0,0.04023825038372571,0.07245156496022,81.0,94.0,0.08535028013565985,500.0000000002842,5.094920411010857,7.8,867.3912577028259,7212.919123525207,0.0,nan
pd,40.0,1.0,esn,58,"demo_00 -5,-2.5 deg",,0.031387893454226226,True,1.74,False,0.006741278159379418,2.0,True,0.006740900281556759,1.560382873648908,0.37062598757914744,14.278517219727854,0.07475861608373909,-0.75,-5.55,0.005357974792539235,0.07245156496022,1.0,94.0,0.04034318369140637,425.3224410460247,3.138789345422623,1.74,737.8419341358848,4007.495134896653,0.0,nan
pd,40.0,1.0,replay,58,"demo_00 -5,-2.5 deg",demo_00,0.04264172114990101,True,7.29,True,0.00653559474603401,2.000000000000001,False,0.005934010032487661,0.03245779118338002,0.007709454592927486,0.12800502588187226,0.07475861608373909,-0.75,0.0,0.04021940424748186,0.07245156496022,81.0,94.0,0.06684201411313334,500.0000000002778,4.264172114990101,7.8,867.3912577028259,7014.961828999011,0.0,nan
pd,40.0,1.0,esn,59,"demo_00 -5,+0 deg",,0.014769570242924872,True,2.29,False,0.006741234410962253,2.0,True,0.006740900281556577,1.03782608563428,0.31677760462155446,13.317530503175249,0.053183425979137076,-0.75,-5.0,0.003053202974187748,0.07245156496022,3.0,94.0,0.019518238672009136,202.6379430499306,1.4769570242924874,2.29,351.5327605605904,912.5612625706837,0.0,nan
pd,40.0,1.0,replay,59,"demo_00 -5,+0 deg",demo_00,0.037234964357631524,True,7.29,True,0.00653559474603401,2.000000000000001,False,0.005934010032487661,0.029362809638379356,0.008962465514171182,0.11290081364356999,0.053183425979137076,-0.75,0.0,0.04020940222626877,0.07245156496022,81.0,94.0,0.05724407257120452,500.0000000002778,3.7234964357631526,7.8,867.3912577028259,6905.696956429568,0.0,nan
pd,40.0,1.0,esn,60,"demo_00 -5,+2.5 deg",,0.008057607846266548,False,nan,False,nan,0.0,False,0.5109803803715642,0.06928813176714209,0.017696919273478946,20.613542697478007,0.05142632725596606,-0.75,nan,0.0005689271633547914,0.07245156496022,0.0,94.0,0.011666496507620673,109.94057236042357,0.8057607846266549,nan,190.72298266444668,268.18964152980294,0.0,nan
pd,40.0,1.0,replay,60,"demo_00 -5,+2.5 deg",demo_00,0.03611101562007327,True,7.29,True,0.00653559474603401,2.000000000000001,False,0.005934010032487661,0.03152752928856462,0.008052463336535772,0.12441089651816843,0.05142632725596606,-0.75,0.0,0.040208288909983646,0.07245156496022,81.0,94.0,0.061049888206753555,500.0000000002778,3.611101562007326,7.8,867.3912577028259,6883.80611089588,0.0,nan
pd,40.0,1.0,esn,61,"demo_00 -5,+5 deg",,0.012488808048677028,False,nan,False,nan,0.0,False,0.5109803803758844,0.08294235030854363,0.014755037728357198,20.61403191048564,0.06860907628628012,-0.75,nan,0.0008638922774691888,0.07245156496022,0.0,94.0,0.02180091814813696,163.93828903768096,1.2488808048677027,nan,269.2685091619666,548.8684214952633,0.0,nan
pd,40.0,1.0,replay,61,"demo_00 -5,+5 deg",demo_00,0.03970169380433329,True,7.29,True,0.00653559474603401,2.000000000000001,False,0.005934010032487661,0.03773138843409361,0.006712229130442243,0.15680247309547196,0.06860907628628012,-0.75,0.0,0.04021602872171438,0.07245156496022,81.0,94.0,0.07631625165498572,500.0000000002842,3.9701693804333287,7.8,867.3912577028259,6948.476581692116,0.0,nan
pd,40.0,1.0,esn,62,"demo_00 -5,+7.5 deg",,0.0239040744197637,False,nan,False,nan,0.0,False,0.5109803803775926,0.08299497950696028,0.010681853123886626,20.613265422238815,0.0967231785390574,-0.75,nan,0.0014003398094479603,0.07245156496022,0.0,94.0,0.04568046683151421,355.63092937738463,2.39040744197637,nan,484.0742553926521,1817.3624704463277,0.0,nan
pd,40.0,1.0,replay,62,"demo_00 -5,+7.5 deg",demo_00,0.04700699709789529,True,7.29,True,0.00653559474603401,2.000000000000001,False,0.005934010032487661,0.043432744765961456,0.0055900031919201565,0.20017233485937583,0.0967231785390574,-0.75,0.0,0.040232512070111026,0.07245156496022,81.0,94.0,0.09779832283665471,750.0000000004198,4.700699709789529,7.8,867.3912577028259,7099.40520155486,0.0,nan
pd,40.0,1.0,esn,63,"demo_00 -5,+10 deg",,0.037973931466095394,False,nan,False,nan,0.0,False,0.5109803803788949,0.09369476761921654,0.009293665699200678,20.61285895320828,0.12876460242142176,-0.75,nan,0.0019090827972053541,0.07245156496022,0.0,94.0,0.07686025839271442,602.9431432408473,3.841066246888773,nan,739.5069224631411,4295.664947515354,0.0,nan
pd,40.0,1.0,replay,63,"demo_00 -5,+10 deg",demo_00,0.05667529588945489,True,7.29,True,0.00653559474603401,2.000000000000001,False,0.005934010032487661,0.04894732055615246,0.004855127406572441,0.24881375828321178,0.12876460242142176,-0.75,0.0,0.0402575631986085,0.07245156496022,81.0,94.0,0.12221157325653575,1000.0000000005556,5.715922948400943,7.8,867.3912577028259,7336.793786447775,0.0,nan
pd,40.0,1.0,esn,64,"demo_00 -5,+12.5 deg",,0.05235914904773351,False,nan,False,nan,0.0,False,0.5109803803801758,0.10666479237778924,0.008556276419017236,20.61369521642327,0.16238319173133697,-0.75,nan,0.00233191169424935,0.07245156496022,0.0,94.0,0.11093919534813153,875.3242306865413,5.365968029769293,nan,980.1629734171945,7616.192230787634,0.0,nan
pd,40.0,1.0,replay,64,"demo_00 -5,+12.5 deg",demo_00,0.06776706147348426,True,7.29,True,0.00653559474603401,2.000000000000001,False,0.005934010032487661,0.054367405361515055,0.004361163023786537,0.3001316474054145,0.16238319173133697,-0.75,0.0,0.0402909494150571,0.07245156496022,81.0,94.0,0.14804401230442826,1250.0000000007042,6.905892083577295,7.8,867.3912577028259,7661.334229051362,0.0,nan
pd,40.0,1.0,esn,65,"demo_00 -5,+15 deg",,0.06638189780258753,False,nan,False,nan,0.0,False,0.5109803803816846,0.134217578484057,0.009014647951308468,20.616212593240867,0.19658510189643652,-0.75,nan,0.0026793081485467656,0.07245156496022,1.0,94.0,0.1460415568379782,1158.2065409843144,6.887317576254441,nan,1190.7843958539718,11341.03963227321,0.0,nan
pd,40.0,1.0,replay,65,"demo_00 -5,+15 deg",demo_00,0.0797511443192199,True,7.29,True,0.00653559474603401,2.000000000000001,False,0.005934010032487661,0.060120856340505395,0.004037983403978825,0.35291052192778305,0.19658510189643652,-0.75,0.0,0.04033239132855293,0.07245156496022,81.0,94.0,0.17458710721710627,1500.0000000008397,8.169409923126413,7.8,867.3912577028259,8074.181259734157,0.0,nan
pd,40.0,1.0,esn,66,"demo_00 -2.5,-15 deg",,0.07951533948952723,True,1.48,False,0.006741285443268213,2.0,True,0.00674090028155654,1.7996197147728747,0.14035629917732675,14.709453918762055,0.21365568895552817,-0.75,-5.8100000000000005,0.012208572247407196,0.07245156496022,1.0,94.0,0.13172815046098776,1042.168365181354,8.04609129144751,1.48,1807.9354580245017,25720.30344655882,0.0,nan
pd,40.0,1.0,replay,66,"demo_00 -2.5,-15 deg",demo_00,0.08813075309859439,True,7.29,True,0.00653559474603401,2.000000000000001,False,0.005934010032487661,0.06328379414141544,0.004935642275240284,0.3409581882633501,0.21365568895552817,-0.75,0.0,0.04035932034001062,0.07245156496022,81.0,94.0,0.1706165612891675,1500.0000000008336,9.06197004138426,7.8,433.69562885141295,3985.9673057922923,0.0,nan
pd,40.0,1.0,esn,67,"demo_00 -2.5,-12.5 deg",,0.07286495902881635,True,1.5,False,0.006741282559872102,2.0,True,0.006740900281556294,1.7749853246685345,0.16585243595371396,14.680202828713615,0.17875353110194295,-0.75,-5.79,0.010189500136923435,0.07245156496022,1.0,94.0,0.10955734232722546,969.6560912618829,7.286495902881634,1.5,1682.1424330767686,22005.301198192847,0.0,nan
pd,40.0,1.0,replay,67,"demo_00 -2.5,-12.5 deg",demo_00,0.07491303510496618,True,7.29,True,0.00653559474603401,2.000000000000001,False,0.005934010032487661,0.05576994257809265,0.00521107453736425,0.2869660063992132,0.17875353110194295,-0.75,0.0,0.040312561747644415,0.07245156496022,81.0,94.0,0.14482101293756344,1250.0000000006978,7.696330608606774,7.8,433.69562885141295,3514.506863366726,0.0,nan
pd,40.0,1.0,esn,68,"demo_00 -2.5,-10 deg",,0.06447786449886385,True,1.52,False,0.006741295515106022,2.0,True,0.006740900281556476,1.7519550745461607,0.20584606245010595,14.637594868823916,0.1439136041630369,-0.75,-5.77,0.00855770954478788,0.07245156496022,1.0,94.0,0.08927022661058871,863.226073698115,6.447786449886385,1.52,1497.5094994929282,17194.47773122179,0.0,nan
pd,40.0,1.0,replay,68,"demo_00 -2.5,-10 deg",demo_00,0.06184543050288925,True,7.29,True,0.00653559474603401,2.000000000000001,False,0.005934010032487661,0.04830925557734026,0.005676098768153258,0.2333870178051857,0.1439136041630369,-0.75,0.0,0.040273376632672546,0.07245156496022,81.0,94.0,0.11917939444948647,1000.0000000005556,6.3407547859341875,7.8,433.69562885141295,3130.3528402832326,0.0,nan
pd,40.0,1.0,esn,69,"demo_00 -2.5,-7.5 deg",,0.05159355890630313,True,1.57,False,0.006741283885021427,2.0,True,0.006740900281556759,1.7057780505490914,0.2613584343694214,14.5646364644629,0.10929343247508683,-0.75,-5.72,0.00798370795429203,0.07245156496022,1.0,94.0,0.06780818536766058,691.1432407726168,5.159355890630312,1.57,1198.9832097324688,10788.564117365382,0.0,nan
pd,40.0,1.0,replay,69,"demo_00 -2.5,-7.5 deg",demo_00,0.04903345999935927,True,7.29,True,0.00653559474603401,2.000000000000001,False,0.005934010032487661,0.041063243687168335,0.006291689048732707,0.18075629683162556,0.10929343247508683,-0.75,0.0,0.040242077995009874,0.07245156496022,81.0,94.0,0.09407099437673007,750.0000000004198,5.005451909551488,7.8,433.69562885141295,2830.6742610888373,0.0,nan
pd,40.0,1.0,esn,70,"demo_00 -2.5,-5 deg",,0.03395438898900611,True,1.6500000000000001,False,0.006741273563315803,1.9999999999999998,True,0.006740900281556759,1.6168437981211996,0.3525766135453082,14.437049672581507,0.07520220098562598,-0.75,-5.64,0.0075649748238004275,0.07245156496022,1.0,94.0,0.04378679940526087,455.1969262523031,3.395438898900611,1.6500000000000001,789.6676687284514,4564.4446328592385,0.0,nan
pd,40.0,1.0,replay,70,"demo_00 -2.5,-5 deg",demo_00,0.03674410224538621,True,7.29,True,0.00653559474603401,2.000000000000001,False,0.005934010032487661,0.03398197118433683,0.0074102695236794944,0.13041890178708035,0.07520220098562598,-0.75,0.0,0.04021890806974472,0.07245156496022,81.0,94.0,0.07034937085522322,500.0000000002842,3.715315259649112,7.8,433.69562885141295,2613.060867967359,0.0,nan
pd,40.0,1.0,esn,71,"demo_00 -2.5,-2.5 deg",,0.015700662312427203,True,1.84,False,0.006741272594603031,1.9999999999999998,True,0.00674090028155654,1.380295536499026,0.5544872669187402,14.104503402953206,0.04130210392087671,-0.75,-5.45,0.003166909165955503,0.07245156496022,2.0,94.0,0.02038140713453652,212.0396097301473,1.5700662312427203,1.84,367.84260753309155,982.1643814607099,0.0,nan
pd,40.0,1.0,replay,71,"demo_00 -2.5,-2.5 deg",demo_00,0.025761473672285904,True,7.29,True,0.00653559474603401,2.000000000000001,False,0.005934010032487661,0.027020859411504915,0.01085472066575175,0.08669947669635175,0.04130210392087671,-0.75,0.0,0.04020403644362774,0.07245156496022,81.0,94.0,0.05032978191361057,250.00000000014848,2.5761473672285904,7.8,433.69562885141295,2475.544797159993,0.0,nan
pd,40.0,1.0,esn,72,"demo_00 -2.5,+0 deg",,0.003902678380984009,False,nan,False,nan,0.0,False,0.5109803803578447,0.049434486180487784,0.06248926393076145,20.613593436403946,0.013343816499823654,-0.74,nan,0.0002931368234190646,0.07245156496022,0.0,94.0,0.005166331390183176,53.59522438673205,0.3902678380984009,nan,92.9760581752916,62.99784169303752,0.0,nan
pd,40.0,1.0,replay,72,"demo_00 -2.5,+0 deg",demo_00,0.018640010511220027,True,7.29,True,0.00653559474603401,2.000000000000001,False,0.005934010032487661,0.022312416191250677,0.028204732607464533,0.06498721705655562,0.013343816499823654,-0.75,0.0,0.04019756002999468,0.07245156496022,81.0,94.0,0.04028655159251595,250.0000000001389,1.8640010511220029,7.8,433.69562885141295,2416.620083451653,0.0,nan
pd,40.0,1.0,esn,73,"demo_00 -2.5,+2.5 deg",,0.0034541988291285548,False,nan,False,nan,0.0,False,0.5109803803754076,0.06343083440329067,0.029069044690927283,20.612296230951337,0.027031885539560537,-0.74,nan,0.0002844656770690705,0.07245156496022,0.0,94.0,0.006168877894519286,52.15657173765584,0.34541988291285547,nan,64.47876024808214,31.698609690370276,0.0,nan
pd,40.0,1.0,replay,73,"demo_00 -2.5,+2.5 deg",demo_00,0.02013518111932807,True,7.29,True,0.00653559474603401,2.000000000000001,False,0.005934010032487661,0.026703880445316124,0.012237838290927524,0.08452780251993809,0.027031885539560537,-0.75,0.0,0.04019950486026174,0.07245156496022,81.0,94.0,0.0472389266051629,250.00000000014848,2.013518111932807,7.8,433.69562885141295,2435.259036704029,0.0,nan
pd,40.0,1.0,esn,74,"demo_00 -2.5,+5 deg",,0.012354795987682935,False,nan,False,nan,0.0,False,0.5109803803776817,0.07557843287335082,0.01648038529718516,20.61200498249018,0.05979870506757273,-0.75,nan,0.0008777198857282268,0.07245156496022,0.0,94.0,0.02351854644699181,197.1804268096014,1.2365938562138243,nan,221.19423189110722,386.8163667348414,0.0,nan
pd,40.0,1.0,replay,74,"demo_00 -2.5,+5 deg",demo_00,0.029029785717796592,True,7.29,True,0.00653559474603401,2.000000000000001,False,0.005934010032487661,0.03478355059030856,0.007584787007862738,0.12762045171440645,0.05979870506757273,-0.75,0.0,0.040209829576316865,0.07245156496022,81.0,94.0,0.06605122924122918,500.0000000002842,2.9029785717796592,7.8,433.69562885141295,2530.92429419344,0.0,nan
pd,40.0,1.0,esn,75,"demo_00 -2.5,+7.5 deg",,0.025607484404128352,False,nan,False,nan,0.0,False,0.5109803803792117,0.0898573407316042,0.012733154952580532,20.611849901415706,0.09384960350248912,-0.75,nan,0.0014803720232425223,0.07245156496022,0.0,94.0,0.050828065269827596,420.18838241702866,2.579156633314816,nan,454.4387911328118,1652.086094029085,0.0,nan
pd,40.0,1.0,replay,75,"demo_00 -2.5,+7.5 deg",demo_00,0.040812281252194625,True,7.29,True,0.00653559474603401,2.000000000000001,False,0.005934010032487661,0.04135678002061626,0.005860425915732441,0.1778884904232371,0.09384960350248912,-0.75,0.0,0.040228430438102966,0.07245156496022,81.0,94.0,0.08951353789084911,750.0000000004198,4.109905639684815,7.8,433.69562885141295,2703.5751167605667,0.0,nan
pd,40.0,1.0,esn,76,"demo_00 -2.5,+10 deg",,0.04008614252176728,False,nan,False,nan,0.0,False,0.510980380380727,0.11227113219879031,0.011764671714288091,20.613057637639812,0.1285304575985092,-0.75,nan,0.0019514851893534303,0.07245156496022,0.0,94.0,0.08271414326943681,681.4561059117442,4.076725639458341,nan,690.3509916329186,3849.5887546610434,0.0,nan
pd,40.0,1.0,replay,76,"demo_00 -2.5,+10 deg",demo_00,0.0536790433008308,True,7.29,True,0.00653559474603401,2.000000000000001,False,0.005934010032487661,0.04696018316954034,0.004920865478173486,0.23065562370872592,0.1285304575985092,-0.75,0.0,0.0402551475983767,0.07245156496022,81.0,94.0,0.11475819822856695,1000.0000000005556,5.435853135473479,7.8,433.69562885141295,2953.666285043892,0.0,nan
pd,40.0,1.0,esn,77,"demo_00 -2.5,+12.5 deg",,0.05455895667639645,False,nan,False,nan,0.0,False,0.5109803803826266,0.1420966380160469,0.011807005054380829,20.61639273351196,0.16339582499906352,-0.75,nan,0.0023138020632425945,0.07245156496022,1.0,94.0,0.11643902021191996,959.3939495549366,5.605075684394035,nan,902.3714522360596,6644.513035178227,0.0,nan
pd,40.0,1.0,replay,77,"demo_00 -2.5,+12.5 deg",demo_00,0.0670685770619922,True,7.29,True,0.00653559474603401,2.000000000000001,False,0.005934010032487661,0.052310261863345156,0.00434653159173796,0.2844928215927998,0.16339582499906352,-0.75,0.0,0.04028977234605196,0.07245156496022,81.0,94.0,0.14076302036380287,1250.0000000007042,6.802138230189426,7.8,433.69562885141295,3282.1377899155996,0.0,nan
pd,40.0,1.0,esn,78,"demo_00 -2.5,+15 deg",,0.06879349498123304,False,nan,False,nan,0.0,False,0.5109803803857358,0.17009366299198292,0.011706694350171588,20.62346048218235,0.1982995833155524,-0.75,nan,0.002612405053816343,0.07245156496022,1.0,94.0,0.15101862358202658,1244.5402399146487,7.133284015428261,nan,1090.6764118717601,9812.511624715413,0.0,nan
pd,40.0,1.0,replay,78,"demo_00 -2.5,+15 deg",demo_00,0.08077466879659717,True,7.29,True,0.00653559474603401,2.000000000000001,False,0.005934010032487661,0.058790511329529796,0.0040462562491675215,0.3388434874971204,0.1982995833155524,-0.75,0.0,0.040332054984641166,0.07245156496022,81.0,94.0,0.16709862840283649,1500.0000000008397,8.18947498428651,7.8,433.69562885141295,3690.39342998252,0.0,nan
pd,40.0,1.0,esn,79,"demo_00 +0,-15 deg",,0.06302082810799225,True,1.48,False,0.006741295559046475,2.0,True,0.006740900281556577,1.7720488647282193,0.15563567422953936,14.701811238126606,0.18844257990692398,-0.75,-5.8100000000000005,0.009954371997379035,0.07245156496022,1.0,94.0,0.10232021831024647,823.6103291029591,6.4171282896892805,1.48,1428.7847984345153,15977.89782478856,0.0,nan
pd,40.0,1.0,replay,79,"demo_00 +0,-15 deg",demo_00,0.08407858806099236,True,7.29,True,0.00653559474603401,2.000000000000001,False,0.005934010032487661,0.060787236585259176,0.00533882712763021,0.33215225470364224,0.18844257990692398,-0.75,0.0,0.04035062656876249,0.07245156496022,81.0,94.0,0.16183623474002173,1500.0000000008336,8.521146580550921,7.8,372.8023282259888,2140.6282547342826,0.0,nan
pd,40.0,1.0,esn,80,"demo_00 +0,-12.5 deg",,0.05624892302387049,True,1.5,False,0.0067412935206355076,2.0,True,0.006740900281556623,1.7470223107130938,0.18534469840629691,14.671394023134509,0.15365121678907825,-0.75,-5.79,0.008249440621569714,0.07245156496022,1.0,94.0,0.08202518878994099,749.3231547402008,5.624892302387049,1.5,1299.912707231183,13038.345673886723,0.0,nan
pd,40.0,1.0,replay,80,"demo_00 +0,-12.5 deg",demo_00,0.0701013409164037,True,7.29,True,0.00653559474603401,2.000000000000001,False,0.005934010032487661,0.053199239006757215,0.0056440017100452605,0.2778345272211475,0.15365121678907825,-0.75,0.0,0.04030339624726524,0.07245156496022,81.0,94.0,0.13651853796117175,1250.0000000006978,7.106675901832231,7.8,310.6686068549907,1760.3983722861021,0.0,nan
pd,40.0,1.0,esn,81,"demo_00 +0,-10 deg",,0.048047203143295046,True,1.53,False,0.006741288771438673,2.0,True,0.006740900281556814,1.7075367097848004,0.23584666467449228,14.625812366310333,0.11914304276776726,-0.75,-5.76,0.007003832692047973,0.07245156496022,1.0,94.0,0.06439935569894983,642.8099617425576,4.804720314329504,1.53,1115.1354823589443,9431.966292336061,0.0,nan
pd,40.0,1.0,replay,81,"demo_00 +0,-10 deg",demo_00,0.056124400579998665,True,7.29,True,0.00653559474603401,2.000000000000001,False,0.005934010032487661,0.04528181674139571,0.00625436945962099,0.22358691373508421,0.11914304276776726,-0.75,0.0,0.040264414670173714,0.07245156496022,81.0,94.0,0.11129016384423221,1000.0000000005556,5.68995987099216,7.8,248.5348854839926,1453.7828392343035,0.0,nan
pd,40.0,1.0,esn,82,"demo_00 +0,-7.5 deg",,0.03572882333568382,True,1.58,False,0.006741286516418805,2.0,True,0.006740900281556823,1.6445021502169104,0.3207034663384742,14.543509789546949,0.0851657390379268,-0.75,-5.71,0.006784154827135182,0.07245156496022,1.0,94.0,0.04614270670167386,475.9665066319532,3.5728823335683817,1.58,825.6983736233609,5036.033363243736,0.0,nan
pd,40.0,1.0,replay,82,"demo_00 +0,-7.5 deg",demo_00,0.04213669268390293,True,7.29,True,0.00653559474603401,2.000000000000001,False,0.005934010032487661,0.03756790253400948,0.007326324604764812,0.16963189886444385,0.0851657390379268,-0.75,0.0,0.040233904775697424,0.07245156496022,81.0,94.0,0.08646695628204444,750.0000000004198,4.270945247008626,7.8,186.40116411299454,1218.289394349785,0.0,nan
pd,40.0,1.0,esn,83,"demo_00 +0,-5 deg",,0.019594998162815253,True,1.68,False,0.006741279849579614,2.0,True,0.006740900281556231,1.4990824758989958,0.5007728549305664,14.37584355082037,0.05177574101230625,-0.75,-5.61,0.004945297150069969,0.07245156496022,1.0,94.0,0.025571119414036184,260.14882374857626,1.9594998162815251,1.68,451.3016308421249,1462.037196356284,0.0,nan
pd,40.0,1.0,replay,83,"demo_00 +0,-5 deg",demo_00,0.0281271814866932,True,7.29,True,0.00653559474603401,2.000000000000001,False,0.005934010032487661,0.03026067845633419,0.010108667525865585,0.11656052404217591,0.05177574101230625,-0.75,0.0,0.040212028082998,0.07245156496022,81.0,94.0,0.0627983046099469,500.0000000002842,2.8496027309001333,7.8,124.26744274199615,1051.8391666776545,0.0,nan
pd,40.0,1.0,esn,84,"demo_00 +0,-2.5 deg",,0.004899956026466965,True,2.1,False,0.006741238230522318,1.9999999999999996,True,0.006740900281556577,0.9909494626432999,0.9138661342775997,13.656984328002794,0.02864364414505381,-0.74,-5.1899999999999995,0.0025580990928572166,0.07245156496022,3.0,94.0,0.006922196299898396,65.83242166110666,0.4899956026466965,2.1,114.20493404443684,93.53953809943276,0.0,nan
pd,40.0,1.0,replay,84,"demo_00 +0,-2.5 deg",demo_00,0.014085068086410095,True,7.29,True,0.00653559474603401,2.000000000000001,False,0.005934010032487661,0.023850362980297034,0.021995106551429937,0.06676679560905967,0.018840617245048052,-0.75,0.0,0.04019888288444362,0.07245156496022,81.0,94.0,0.04256798854983724,250.00000000014848,1.4259375185385335,7.8,101.68618369156046,952.7898137884771,0.0,nan
pd,40.0,1.0,esn,85,"demo_00 +0,+2.5 deg",,0.004198992160202798,False,nan,False,nan,0.0,False,0.510980380377836,0.0724496328572842,0.03135063573860052,20.610937497339346,0.03490381605529773,-0.74,nan,0.0003876693493335969,0.07245156496022,0.0,94.0,0.008181518203504393,76.88349813384599,0.43020317050865237,nan,34.55961263955665,12.348534446177919,0.0,nan
pd,40.0,1.0,replay,85,"demo_00 +0,+2.5 deg",demo_00,0.014137707844932053,True,7.29,True,0.00653559474603401,2.000000000000001,False,0.005934010032487661,0.02712346075305381,0.011736950271566808,0.06678481704086606,0.03490381605529773,-0.75,0.0,0.04019886341863324,0.07245156496022,81.0,94.0,0.042589086244624284,250.00000000014848,1.4281034523331502,7.8,101.68618368636979,952.6359589844145,0.0,nan
pd,40.0,1.0,esn,86,"demo_00 +0,+5 deg",,0.015103873528922184,False,nan,False,nan,0.0,False,0.5109803803796984,0.08964754976702247,0.019334667150179098,20.61131361911314,0.06979101978453763,-0.75,nan,0.0010563561446941293,0.07245156496022,0.0,94.0,0.029715173893291605,261.62131048495826,1.5230907556463609,nan,222.04636734080205,410.8716302924748,0.0,nan
pd,40.0,1.0,replay,86,"demo_00 +0,+5 deg",demo_00,0.028336841506654168,True,7.29,True,0.00653559474603401,2.000000000000001,False,0.005934010032487661,0.0345811919892365,0.007458272295293485,0.11664370352758534,0.06979101978453763,-0.75,0.0,0.04021187354443647,0.07245156496022,81.0,94.0,0.06291352667570531,500.0000000002842,2.858199705159352,7.8,124.26744274199615,1050.6140519963628,0.0,nan
pd,40.0,1.0,esn,87,"demo_00 +0,+7.5 deg",,0.02893592208498144,False,nan,False,nan,0.0,False,0.5109803803815887,0.12357967974299681,0.01744959508542418,20.613350857246527,0.10384753664276115,-0.75,nan,0.0015838037216578354,0.07245156496022,0.0,94.0,0.058381248886063906,504.0354377118992,2.9284767236728353,nan,440.46158782041834,1610.728294330385,0.0,nan
pd,40.0,1.0,replay,87,"demo_00 +0,+7.5 deg",demo_00,0.04260504770692578,True,7.29,True,0.00653559474603401,2.000000000000001,False,0.005934010032487661,0.040272878963932314,0.005686577536908857,0.16982714223941464,0.10384753664276115,-0.75,0.0,0.040233389788674495,0.07245156496022,81.0,94.0,0.08675281944040261,750.0000000004198,4.290038242035534,7.8,186.40116411299422,1214.1861843091217,0.0,nan
pd,40.0,1.0,esn,88,"demo_00 +0,+10 deg",,0.04344412371184478,False,nan,False,nan,0.0,False,0.5109803803842268,0.15481344106059236,0.016200944103586128,20.61845412254322,0.13787229828113745,-0.75,nan,0.0019636154177873236,0.07245156496022,1.0,94.0,0.09014442898806373,772.8346485194085,4.428553343825173,nan,646.3379643946438,3497.7937684030117,0.0,nan
pd,40.0,1.0,replay,88,"demo_00 +0,+10 deg",demo_00,0.05694858803192596,True,7.29,True,0.00653559474603401,2.000000000000001,False,0.005934010032487661,0.0455835451062589,0.004770234814564697,0.22394398335172397,0.13787229828113745,-0.75,0.0,0.04026321535308218,0.07245156496022,81.0,94.0,0.1118256600536984,1000.0000000005556,5.723280901159739,7.8,248.5348854839923,1444.1582214231005,0.0,nan
pd,40.0,1.0,esn,89,"demo_00 +0,+12.5 deg",,0.057910754729238366,False,nan,False,nan,0.0,False,0.510980380389487,0.19085601750481476,0.01585127923348501,20.630156000336132,0.17198715963102415,-0.75,nan,0.002260234537139902,0.07245156496022,1.0,94.0,0.12322632396939683,1052.5866018555791,5.947394420665761,nan,829.7858790333526,5835.089590521485,0.0,nan
pd,40.0,1.0,replay,89,"demo_00 +0,+12.5 deg",demo_00,0.07137209249937633,True,7.29,True,0.00653559474603401,2.000000000000001,False,0.005934010032487661,0.051987863423895685,0.004317779185891602,0.2784078797059853,0.17198715963102415,-0.75,0.0,0.0403011061036784,0.07245156496022,81.0,94.0,0.13738988338599567,1250.0000000007042,7.157492240583231,7.8,310.66860685499097,1741.8445426905473,0.0,nan
pd,40.0,1.0,esn,90,"demo_00 +0,+15 deg",,0.07209776351692024,False,nan,False,nan,0.0,False,0.5109803804155464,0.26180313930576365,0.01801774547114549,20.669963765537606,0.20609858334871872,-0.75,nan,0.0025199827248315225,0.07245156496022,1.0,94.0,0.15674160638164708,1335.4103375776374,7.454851280129922,nan,989.5263429501445,8418.991355880064,0.0,nan
pd,40.0,1.0,replay,90,"demo_00 +0,+15 deg",demo_00,0.08587831915442357,True,7.29,True,0.00653559474603401,2.000000000000001,False,0.005934010032487661,0.05922100038871176,0.004075691813245287,0.3330025618613636,0.20609858334871872,-0.75,0.0,0.04034677588742685,0.07245156496022,81.0,94.0,0.1631400921594273,1500.0000000008397,8.592130867084315,7.8,372.8023282259891,2109.0551381130263,0.0,nan
pd,40.0,1.0,esn,91,"demo_00 +2.5,-15 deg",,0.0477261443394005,True,1.48,False,0.00674129680521472,2.0,True,0.006740900281556714,1.7373487664593668,0.1746439121619248,14.700869631020089,0.16671922980980355,-0.75,-5.8100000000000005,0.007972960834929248,0.07245156496022,1.0,94.0,0.07621351235204221,621.7643831244586,4.895994292818222,1.48,1078.6259805456928,9032.777253624565,0.0,nan
pd,40.0,1.0,replay,91,"demo_00 +2.5,-15 deg",demo_00,0.0839246323874486,True,7.29,True,0.00653559474603401,2.000000000000001,False,0.005934010032487661,0.05776085034364302,0.005806307327901282,0.3326919279269131,0.16671922980980355,-0.75,0.0,0.04035691322532569,0.07245156496022,81.0,94.0,0.15776562935606525,1500.0000000008336,8.39246323874486,7.8,433.69562885141295,3406.1442982156177,0.0,nan
pd,40.0,1.0,esn,92,"demo_00 +2.5,-12.5 deg",,0.04097841661318306,True,1.5,False,0.006741295784903752,2.0,True,0.00674090028155654,1.707255827495182,0.21565994215455625,14.668934032652777,0.13200371923441936,-0.75,-5.79,0.00655445670450542,0.07245156496022,1.0,94.0,0.057964301305048566,546.7071388105373,4.100840105428432,1.5,948.4179854554434,6859.2655461509785,0.0,nan
pd,40.0,1.0,replay,92,"demo_00 +2.5,-12.5 deg",demo_00,0.0699501122870738,True,7.29,True,0.00653559474603401,2.000000000000001,False,0.005934010032487661,0.05018507670500236,0.006339360841486611,0.279478907475414,0.13200371923441936,-0.75,0.0,0.04030540721182944,0.07245156496022,81.0,94.0,0.13315663518586612,1250.0000000006978,6.99501122870738,7.8,433.69562885141295,3103.1425152247393,0.0,nan
pd,40.0,1.0,esn,93,"demo_00 +2.5,-10 deg",,0.03348819672160157,True,1.53,False,0.006741293537880736,2.0,True,0.006740900281556714,1.6529774871736262,0.27867951094812154,14.619771199951288,0.09860474226922138,-0.75,-5.76,0.005640770000710983,0.07245156496022,1.0,94.0,0.04362454972188925,446.3608788082591,3.348819672160156,1.53,774.3390481172391,4480.567119218396,0.0,nan
pd,40.0,1.0,replay,93,"demo_00 +2.5,-10 deg",demo_00,0.05617968241292219,True,7.29,True,0.00653559474603401,2.000000000000001,False,0.005934010032487661,0.042507429052106374,0.007166431262266005,0.22675102659779892,0.09710256476199383,-0.75,0.0,0.04026377007947369,0.07245156496022,81.0,94.0,0.10883952649627857,1000.0000000005556,5.6179682412922185,7.8,433.69562885141295,2857.8429374634047,0.0,nan
pd,40.0,1.0,esn,94,"demo_00 +2.5,-7.5 deg",,0.022809356758584542,True,1.59,False,0.006741284860556034,1.9999999999999998,True,0.00674090028155634,1.544999592033802,0.4027242263602209,14.523153400043546,0.06474622371840506,-0.75,-5.7,0.0052590211138074374,0.07245156496022,1.0,94.0,0.029443742559261594,299.86209609757753,2.280935675858454,1.59,520.1955213426763,1961.9789947656514,0.0,nan
pd,40.0,1.0,replay,94,"demo_00 +2.5,-7.5 deg",demo_00,0.04280426794257704,True,7.29,True,0.00653559474603401,2.000000000000001,False,0.005934010032487661,0.03465595878147078,0.009033526132306041,0.17507395529491185,0.062222027649275674,-0.75,0.0,0.040232113724378814,0.07245156496022,81.0,94.0,0.0852638350660091,750.0000000004198,4.2804267942577034,7.8,433.69562885141295,2668.075264463002,0.0,nan
pd,40.0,1.0,esn,95,"demo_00 +2.5,-5 deg",,0.009590932521581413,True,1.74,False,0.006741268117569037,2.0,True,0.006740900281556778,1.2668291247636188,0.7391300607831924,14.271169052335944,0.0362604882857236,-0.75,-5.55,0.0028132626784994714,0.07245156496022,2.0,94.0,0.01312933234610874,124.9538163980748,0.9590932521581413,1.74,216.7676959204658,331.40716204832256,0.0,nan
pd,40.0,1.0,replay,95,"demo_00 +2.5,-5 deg",demo_00,0.030360431890365615,True,7.29,True,0.00653559474603401,2.000000000000001,False,0.005934010032487661,0.02754236634471278,0.016069563378785637,0.1258892388235912,0.027632924284163977,-0.75,0.0,0.040210492680158076,0.07245156496022,81.0,94.0,0.06347422422057443,500.0000000002842,3.0360431890365613,7.8,433.69562885141295,2532.085333169195,0.0,nan
pd,40.0,1.0,esn,96,"demo_00 +2.5,-2.5 deg",,0.0003961493412805597,False,nan,False,nan,0.0,False,0.5109803803541312,0.06186068553783305,0.21788811508435216,20.621893929775176,0.005764044485731654,-0.52,nan,3.955016160602806e-05,0.07245156496022,1.0,94.0,0.0005426736693768592,5.311043867992731,0.039614934128055966,nan,9.213506040739428,0.6003433583932699,0.0,nan
pd,40.0,1.0,replay,96,"demo_00 +2.5,-2.5 deg",demo_00,0.020652606893878545,True,7.29,True,0.00653559474603401,2.000000000000001,False,0.005934010032487661,0.022293429164730254,0.07852278417604736,0.08386479356684165,0.007738563916135083,-0.75,0.0,0.04019890204081424,0.07245156496022,81.0,94.0,0.046287116198704806,250.00000000014848,2.0652606893878542,7.8,433.69562885141295,2448.5616034418717,0.0,nan
pd,40.0,1.0,esn,97,"demo_00 +2.5,+0 deg",,0.00235168906534096,False,nan,False,nan,0.0,False,0.5109803803782849,0.0753120504196353,0.03404884851615999,20.610890708792148,0.037326215473269066,-0.73,nan,0.00019666685517771623,0.07245156496022,0.0,94.0,0.0028797825586611473,29.678799979124033,0.23612952347208338,nan,51.48626328197525,18.697506178733754,0.0,nan
pd,40.0,1.0,replay,97,"demo_00 +2.5,+0 deg",demo_00,0.01869038940142937,True,7.29,True,0.00653559474603401,2.000000000000001,False,0.005934010032487661,0.024887907009868128,0.011251912156707681,0.06498211529392679,0.037326215473269066,-0.75,0.0,0.04019727644181482,0.07245156496022,81.0,94.0,0.040278616696591205,250.0000000001389,1.869038940142937,7.8,433.69562885141295,2416.66149801939,0.0,nan
pd,40.0,1.0,esn,98,"demo_00 +2.5,+2.5 deg",,0.007459466180095653,False,nan,False,nan,0.0,False,0.5109803803806598,0.10628151715441735,0.030060952597873173,20.611993326011333,0.06020083781240649,-0.75,nan,0.0006799594803730615,0.07245156496022,0.0,94.0,0.01456998072760076,136.65217843856678,0.7606289161192593,nan,60.550608428386084,38.367030322218596,0.0,nan
pd,40.0,1.0,replay,98,"demo_00 +2.5,+2.5 deg",demo_00,0.026342973239171036,True,7.29,True,0.00653559474603401,2.000000000000001,False,0.005934010032487661,0.030718501043720804,0.008688504158360411,0.08615696886033676,0.06020083781240649,-0.75,0.0,0.040205490035653615,0.07245156496022,81.0,94.0,0.04973069797035265,250.00000000014848,2.6342973239171035,7.8,433.69562885141295,2436.0367186639487,0.0,nan
pd,40.0,1.0,esn,99,"demo_00 +2.5,+5 deg",,0.01944357590417536,False,nan,False,nan,0.0,False,0.510980380383262,0.14136102773042447,0.025287429389956977,20.615827916615093,0.08922641072168001,-0.75,nan,0.0012346751776380154,0.07245156496022,1.0,94.0,0.03846716596452526,348.4292364090037,1.96571454024757,nan,241.32320094788133,509.0851871393004,0.0,nan
pd,40.0,1.0,replay,99,"demo_00 +2.5,+5 deg",demo_00,0.03827603542023103,True,7.29,True,0.00653559474603401,2.000000000000001,False,0.005934010032487661,0.03562912749558156,0.006373532084730182,0.12896530378907317,0.08922641072168001,-0.75,0.0,0.04022335734267901,0.07245156496022,81.0,94.0,0.06849993588091724,500.0000000002842,3.8276035420231036,7.8,433.69562885141295,2506.8564089657802,0.0,nan
pd,40.0,1.0,esn,100,"demo_00 +2.5,+7.5 deg",,0.033355139189379095,False,nan,False,nan,0.0,False,0.5109803803878253,0.1778962321874744,0.022529084191348244,20.62542915123011,0.12085930655967728,-0.75,nan,0.0016273173088206597,0.07245156496022,1.0,94.0,0.06740478676436062,601.4651875057284,3.3820501101175555,nan,428.6568826405481,1597.1935402233487,0.0,nan
pd,40.0,1.0,replay,100,"demo_00 +2.5,+7.5 deg",demo_00,0.051652619869432745,True,7.29,True,0.00653559474603401,2.000000000000001,False,0.005934010032487661,0.04121791700379668,0.005219907757191511,0.1784342552135471,0.12085930655967728,-0.75,0.0,0.04025063481767926,0.07245156496022,81.0,94.0,0.09094097798773466,750.0000000004198,5.165261986943275,7.8,433.69562885141295,2629.826765697153,0.0,nan
pd,40.0,1.0,esn,101,"demo_00 +2.5,+10 deg",,0.047663157148807374,False,nan,False,nan,0.0,False,0.5109803804041659,0.238447841271262,0.023437099627330187,20.65463478957228,0.1534547144733868,-0.75,nan,0.0019235171345976965,0.07245156496022,1.0,94.0,0.09844794316300569,871.7193577168448,4.858115880675673,nan,598.1636389437252,3146.7584977854276,0.0,nan
pd,40.0,1.0,replay,101,"demo_00 +2.5,+10 deg",demo_00,0.06563993443333906,True,7.29,True,0.00653559474603401,2.000000000000001,False,0.005934010032487661,0.047632618755730424,0.004681822344613679,0.23026981765467514,0.1534547144733868,-0.75,0.0,0.04028702295213527,0.07245156496022,81.0,94.0,0.11485394353070642,1000.0000000005556,6.563993443333905,7.8,433.69562885141295,2806.2054277313205,0.0,nan
pd,40.0,1.0,esn,102,"demo_00 +2.5,+12.5 deg",,0.06183886189731457,False,nan,False,nan,0.0,False,0.28672753926904465,2.758456929864047,0.22003182379915995,13.07671308068825,0.1864630370508947,-0.75,nan,0.0021803035527588805,0.07245156496022,1.0,94.0,0.1301889261389937,1147.2510266982374,6.336310293555926,nan,742.9137000342319,4945.137538377915,0.0,nan
pd,40.0,1.0,replay,102,"demo_00 +2.5,+12.5 deg",demo_00,0.07995580843622407,True,7.29,True,0.00653559474603401,2.000000000000001,False,0.005934010032487661,0.0545261789407242,0.004349349981592137,0.28312885692575424,0.1864630370508947,-0.75,0.0,0.04033216873497903,0.07245156496022,81.0,94.0,0.13940651226304207,1250.0000000007042,7.995580843622407,7.8,433.69562885141295,3037.8087136533527,0.0,nan
pd,40.0,1.0,esn,103,"demo_00 +2.5,+15 deg",,0.07572502183533822,False,nan,False,nan,0.0,False,0.28672753926904654,2.7976442576340634,0.18720782570754851,13.197137986833269,0.2193203196306808,-0.75,nan,0.0024375890527955123,0.07245156496022,1.0,94.0,0.16188984728491937,1422.0964280775265,7.794688879098456,nan,861.5813269586411,6811.322322182168,0.0,nan
pd,40.0,1.0,replay,103,"demo_00 +2.5,+15 deg",demo_00,0.09448254131493958,True,7.29,True,0.00653559474603401,2.000000000000001,False,0.005934010032487661,0.0616428358203615,0.004124906600575632,0.3364809490678454,0.2193203196306808,-0.75,0.0,0.040385668323800576,0.07245156496022,81.0,94.0,0.16423112545923754,1500.0000000008397,9.448254131493957,7.8,433.69562885141295,3327.009562691424,0.0,nan
pd,40.0,1.0,esn,104,"demo_00 +5,-15 deg",,0.03434583514974408,True,1.48,False,0.0067412827726523634,2.0,True,0.006740900281556814,1.688812497390618,0.1983639623242061,14.710859186688841,0.14477487542419568,-0.75,-5.8100000000000005,0.006234471002512019,0.07245156496022,1.0,94.0,0.05401201365254686,446.83868874847104,3.5497116686425265,1.48,775.1679444472054,4611.112366863666,0.0,nan
pd,40.0,1.0,replay,104,"demo_00 +5,-15 deg",demo_00,0.08769055260282402,True,7.29,True,0.00653559474603401,2.000000000000001,False,0.005934010032487661,0.05382489746674605,0.0063221464488774,0.3418593074258147,0.14477487542419568,-0.75,0.0,0.04036623383206612,0.07245156496022,81.0,94.0,0.15741622940724664,1500.0000000008336,8.7690552602824,7.8,867.3912577028259,7788.224506766557,0.0,nan
pd,40.0,1.0,esn,105,"demo_00 +5,-12.5 deg",,0.027894103557969296,True,1.5,False,0.00674128274290942,2.0,True,0.006740900281556823,1.645827635803836,0.2516951629716642,14.676811375291914,0.11016667177745242,-0.75,-5.79,0.0050910667635757035,0.07245156496022,1.0,94.0,0.03820978807252931,372.69296128330694,2.798203356050392,1.5,646.5412328486769,3133.967962855563,0.0,nan
pd,40.0,1.0,replay,105,"demo_00 +5,-12.5 deg",demo_00,0.07449363116597307,True,7.29,True,0.00653559474603401,2.000000000000001,False,0.005934010032487661,0.04585322621011909,0.007012298853576957,0.29106965801695267,0.11016667177745242,-0.75,0.0,0.0403088060388087,0.07245156496022,81.0,94.0,0.1338048094450466,1250.0000000006978,7.449363116597306,7.8,867.3912577028259,7547.264033291947,0.0,nan
pd,40.0,1.0,esn,106,"demo_00 +5,-10 deg",,0.021647009186664616,True,1.53,False,0.0067412843908874155,2.0,True,0.00674090028155634,1.5598493301910479,0.35455470842898335,14.621542533091711,0.07620598488983654,-0.75,-5.76,0.004357564875270269,0.07245156496022,1.0,94.0,0.02769305762480359,285.18274049018703,2.164700918666462,1.53,494.7300318975685,1795.3774021846655,0.0,nan
pd,40.0,1.0,replay,106,"demo_00 +5,-10 deg",demo_00,0.06200929887756237,True,7.29,True,0.00653559474603401,2.000000000000001,False,0.005934010032487661,0.038249339538472094,0.008694098311407529,0.24177538214571342,0.07620598488983654,-0.75,0.0,0.040263853499509235,0.07245156496022,81.0,94.0,0.11098493421910183,1000.0000000005556,6.200929887756236,7.8,867.3912577028259,7345.908005036906,0.0,nan
pd,40.0,1.0,esn,107,"demo_00 +5,-7.5 deg",,0.013486075496613306,True,1.61,False,0.006741262860040723,1.9999999999999998,True,0.006740900281556959,1.3570878870676992,0.566202592319913,14.495647205978907,0.04271623831271539,-0.75,-5.68,0.003449807139772131,0.07245156496022,1.0,94.0,0.017793199473853966,173.04056306828497,1.3486075496613306,1.61,300.18774326664106,643.0810904261376,0.0,nan
pd,40.0,1.0,replay,107,"demo_00 +5,-7.5 deg",demo_00,0.05076392336199762,True,7.29,True,0.00653559474603401,2.000000000000001,False,0.005934010032487661,0.031148300309480372,0.012995656765969747,0.19520252865017948,0.04227064841812219,-0.75,0.0,0.04023135035407391,0.07245156496022,81.0,94.0,0.08970735607433392,750.0000000004198,5.0763923361997625,7.8,867.3912577028259,7182.296205144253,0.0,nan
pd,40.0,1.0,esn,108,"demo_00 +5,-5 deg",,0.004123702010525083,True,1.92,False,0.0067411750276520225,2.0,True,0.006740900281556577,0.6225700047700707,1.2516324329238122,13.968221007107308,0.01828051143237362,-0.74,-5.37,0.001787101120159425,0.07245156496022,3.0,94.0,0.006014029043979155,52.97515431189453,0.4123702010525083,1.92,91.9003714511389,59.242833604804765,0.0,nan
pd,40.0,1.0,replay,108,"demo_00 +5,-5 deg",demo_00,0.04178034254116578,True,7.29,True,0.00653559474603401,2.000000000000001,False,0.005934010032487661,0.024746293802649897,0.049750652425822016,0.15392779124434877,0.009456192278009892,-0.75,0.0,0.04021121018040434,0.07245156496022,81.0,94.0,0.07149751730920309,500.0000000002842,4.178034254116578,7.8,867.3912577028259,7054.997603455857,0.0,nan
pd,40.0,1.0,esn,109,"demo_00 +5,-2.5 deg",,0.0013047548559051603,False,nan,False,nan,0.0,False,0.5109803803812788,0.1081120930005865,0.06818434657111137,20.619437683496002,0.024565383653389,-0.7,nan,0.00020229991786614707,0.07245156496022,1.0,94.0,0.0017692037706161358,17.82457152581705,0.13047548559051603,nan,30.921755027567716,6.732963227652836,0.0,nan
pd,40.0,1.0,replay,109,"demo_00 +5,-2.5 deg",demo_00,0.0367810963202713,True,7.29,True,0.00653559474603401,2.000000000000001,False,0.005934010032487661,0.023908800731106288,0.015078849274896085,0.12345757029738667,0.024477506752462894,-0.75,0.0,0.040203283390515994,0.07245156496022,81.0,94.0,0.05935506339692121,500.0000000002778,3.67810963202713,7.8,867.3912577028259,6963.04197298762,0.0,nan
pd,40.0,1.0,esn,110,"demo_00 +5,+0 deg",,0.0033134460021759507,False,nan,False,nan,0.0,False,0.5109803803834799,0.13373102701969425,0.036259897582360645,20.617604748040037,0.05923358315390428,-0.74,nan,0.00040989084783754675,0.07245156496022,1.0,94.0,0.005986755343879747,55.02114946602814,0.3441463726451703,nan,14.327254748221423,2.908702228409764,0.0,nan
pd,40.0,1.0,replay,110,"demo_00 +5,+0 deg",demo_00,0.037436547773956656,True,7.29,True,0.00653559474603401,2.000000000000001,False,0.005934010032487661,0.030398772250143702,0.008242338318821039,0.11294372288195577,0.05923358315390428,-0.75,0.0,0.04020735524965597,0.07245156496022,81.0,94.0,0.05732063645595504,500.0000000002778,3.743654777395666,7.8,867.3912577028259,6905.9527101097565,0.0,nan
pd,40.0,1.0,esn,111,"demo_00 +5,+2.5 deg",,0.012068863169337278,False,nan,False,nan,0.0,False,0.5109803803882055,0.17456128140601448,0.031226471317065477,20.62628830334613,0.09293732017957512,-0.75,nan,0.0008984804030561098,0.07245156496022,1.0,94.0,0.023373367242845607,220.8288704690251,1.225263232879891,nan,102.9186705730773,106.053248889382,0.0,nan
pd,40.0,1.0,replay,111,"demo_00 +5,+2.5 deg",demo_00,0.043532900084607924,True,7.29,True,0.00653559474603401,2.000000000000001,False,0.005934010032487661,0.0350796174136844,0.006275232732934694,0.12742302184230056,0.09293732017957512,-0.75,0.0,0.04022314447058633,0.07245156496022,81.0,94.0,0.06631465512036461,500.0000000002778,4.353290008460792,7.8,867.3912577028259,6883.779978884031,0.0,nan
pd,40.0,1.0,esn,112,"demo_00 +5,+5 deg",,0.02455781055357025,False,nan,False,nan,0.0,False,0.5109803804076701,0.24254746937495292,0.034301392070933155,20.658742467577543,0.11840443716586918,-0.75,nan,0.0012957113167389861,0.07245156496022,1.0,94.0,0.048372411520541204,448.3707414487285,2.4848999533328717,nan,253.78950725544428,597.9886768827339,0.0,nan
pd,40.0,1.0,replay,112,"demo_00 +5,+5 deg",demo_00,0.05327229985440282,True,7.29,True,0.00653559474603401,2.000000000000001,False,0.005934010032487661,0.03865742289690985,0.0054669851747202155,0.160229287826443,0.11840443716586918,-0.75,0.0,0.04025030229628701,0.07245156496022,81.0,94.0,0.08276425627526798,500.0000000002842,5.327229985440282,7.8,867.3912577028259,6897.133017792618,0.0,nan
pd,40.0,1.0,esn,113,"demo_00 +5,+7.5 deg",,0.038230638690336674,False,nan,False,nan,0.0,False,0.28672753926904504,2.7637168731253903,0.3066068583667263,13.097007758562889,0.14529662439833216,-0.75,nan,0.0016005647058873345,0.07245156496022,1.0,94.0,0.07673432170695009,703.455677575777,3.877179959773324,nan,397.38187766461823,1475.7862279025248,0.0,nan
pd,40.0,1.0,replay,113,"demo_00 +5,+7.5 deg",demo_00,0.06507421603427319,True,7.29,True,0.00653559474603401,2.000000000000001,False,0.005934010032487661,0.044659351010286494,0.0049545101537394635,0.2026054881249161,0.14529662439833216,-0.75,0.0,0.040288411967494206,0.07245156496022,81.0,94.0,0.10308664026163022,750.0000000004198,6.507421603427319,7.8,867.3912577028259,6947.210132123989,0.0,nan
pd,40.0,1.0,esn,114,"demo_00 +5,+10 deg",,0.052121514290283485,False,nan,False,nan,0.0,False,0.2867275392690357,2.7991983849470614,0.25036791484997034,13.204528790903327,0.17429161346317143,-0.75,nan,0.0018808166964688039,0.07245156496022,1.0,94.0,0.10634063248776,968.2545531964939,5.30395910620776,nan,519.0964163430608,2582.607136990399,0.0,nan
pd,40.0,1.0,replay,114,"demo_00 +5,+10 deg",demo_00,0.07803937385525477,True,7.29,True,0.00653559474603401,2.000000000000001,False,0.005934010032487661,0.05103906126472548,0.004565072419828106,0.24967543366781847,0.17429161346317143,-0.75,0.0,0.040336988481122785,0.07245156496022,81.0,94.0,0.12532559655252914,1000.0000000005556,7.803937385525477,7.8,867.3912577028259,7035.82455816561,0.0,nan
pd,40.0,1.0,esn,115,"demo_00 +5,+12.5 deg",,0.06592393485522104,False,nan,False,nan,0.0,False,0.2867275392690154,2.813688789149831,0.20899555649046278,13.2512307106574,0.2044537695868019,-0.75,nan,0.0021455182344146135,0.07245156496022,1.0,94.0,0.13618315834994482,1234.5371852806156,6.729406517346498,nan,616.1692370678991,3770.885872333429,0.0,nan
pd,40.0,1.0,replay,115,"demo_00 +5,+12.5 deg",demo_00,0.09170164575669121,True,7.29,True,0.00653559474603401,2.000000000000001,False,0.005934010032487661,0.0583000202559769,0.0043304167908650385,0.2991778336967095,0.2044537695868019,-0.75,0.0,0.04039547858473318,0.07245156496022,81.0,94.0,0.1485300501337598,1250.0000000007042,9.170164575669121,7.8,867.3912577028259,7165.424043881377,0.0,nan
pd,40.0,1.0,esn,116,"demo_00 +5,+15 deg",,0.07959671411246887,False,nan,False,nan,0.0,False,0.28672753926901084,2.8217792998370017,0.17917587371264687,13.279430594086033,0.23528853643134554,-0.75,nan,0.0024007157350435303,0.07245156496022,0.0,94.0,0.16580069886863613,1498.8702734432368,8.143660322622559,nan,690.6556293288195,4951.178945860189,0.0,nan
pd,40.0,1.0,replay,116,"demo_00 +5,+15 deg",demo_00,0.10581179746613775,True,7.29,True,0.00653559474603401,2.000000000000001,False,0.005934010032487661,0.06546869568046579,0.0041570971727138434,0.35002696791363774,0.23528853643134554,-0.75,0.0,0.04046326102154729,0.07245156496022,81.0,94.0,0.1722150826783101,1500.0000000008397,10.581179746613774,7.8,867.3912577028259,7339.101671585585,0.0,nan
pd,40.0,1.0,esn,117,"demo_00 +7.5,-15 deg",,0.02354359353822331,True,1.46,False,0.0067412861817097115,2.0,True,0.006740900281556959,1.6315486868172742,0.23309319522268462,14.736233007356779,0.1199839651100773,-0.75,-5.83,0.0047430433996595855,0.07245156496022,1.0,94.0,0.03622461454682957,307.85865607244955,2.443870868778879,1.46,534.0678137704692,2154.567193242011,0.0,nan
pd,40.0,1.0,replay,117,"demo_00 +7.5,-15 deg",demo_00,0.09491442857831017,True,7.29,True,0.00653559474603401,2.000000000000001,False,0.005934010032487661,0.04941884534519323,0.007060283679427141,0.3585252385448876,0.1199839651100773,-0.75,0.0,0.040370267276643584,0.07245156496022,81.0,94.0,0.15984049712329712,1500.0000000008336,9.491442857831016,7.8,1301.0868865542384,15291.003486742524,0.0,nan
pd,40.0,1.0,esn,118,"demo_00 +7.5,-12.5 deg",,0.017946892732235254,True,1.48,False,0.006741283646226357,2.0,True,0.006740900281556714,1.5587877496356992,0.3125106359350264,14.70107806878986,0.08549383955902914,-0.75,-5.8100000000000005,0.003950991540621778,0.07245156496022,1.0,94.0,0.023761579653025097,239.15873547298716,1.7977942594589786,1.48,414.88839270483186,1262.4732388283255,0.0,nan
pd,40.0,1.0,replay,118,"demo_00 +7.5,-12.5 deg",demo_00,0.08297270059887514,True,7.29,True,0.00653559474603401,2.000000000000001,False,0.005934010032487661,0.04150085497748158,0.00832022100756895,0.31112056414717704,0.08510621268916044,-0.75,0.0,0.040307649640710035,0.07245156496022,81.0,94.0,0.137617135301393,1250.0000000006978,8.297270059887513,7.8,1301.0868865542384,15095.653890226271,0.0,nan
pd,40.0,1.0,esn,119,"demo_00 +7.5,-10 deg",,0.013018737751618293,True,1.52,False,0.006741273535068593,2.0,True,0.006740900281556476,1.4004568676338742,0.45985416279848695,14.632240156530056,0.05355583184337379,-0.75,-5.77,0.0032056991515401825,0.07245156496022,1.0,94.0,0.016762674673829248,166.96070115671296,1.3018737751618292,1.52,289.640505126371,603.7661448978957,0.0,nan
pd,40.0,1.0,replay,119,"demo_00 +7.5,-10 deg",demo_00,0.07224417517936822,True,7.29,True,0.00653559474603401,2.000000000000001,False,0.005934010032487661,0.03362416802419192,0.011040835311611156,0.26641976237838144,0.05020254760433478,-0.75,0.0,0.04026115346757513,0.07245156496022,81.0,94.0,0.11696302440346568,1000.0000000005556,7.224417517936821,7.8,1301.0868865542384,14919.659035008573,0.0,nan
pd,40.0,1.0,esn,120,"demo_00 +7.5,-7.5 deg",,0.007422316052675611,True,1.6400000000000001,False,0.006741239815102951,2.0,True,0.006740900281556476,0.9484480032599708,0.9853727740802206,14.418295706418192,0.027209225822988826,-0.75,-5.65,0.0020352215791852625,0.07245156496022,2.0,94.0,0.010054186650301016,93.35089330011252,0.742231605267561,1.6400000000000001,161.94349749444237,186.0188871419234,0.0,nan
pd,40.0,1.0,replay,120,"demo_00 +7.5,-7.5 deg",demo_00,0.06334880350913888,True,7.29,True,0.00653559474603401,2.000000000000001,False,0.005934010032487661,0.02618034731132824,0.02719959488330121,0.22608567783162478,0.015389184215540858,-0.75,0.0,0.040230578168208096,0.07245156496022,81.0,94.0,0.09894846410952865,750.0000000004198,6.334880350913888,7.8,1301.0868865542384,14761.462136413234,0.0,nan
pd,40.0,1.0,esn,121,"demo_00 +7.5,-5 deg",,0.0020339588566670682,False,nan,False,nan,0.0,False,0.2867275392690382,2.698512581942171,3.0032138382078313,13.365002617464466,0.04676482823042009,-0.73,nan,0.0002247438624502347,0.07245156496022,1.0,94.0,0.0027585072809954933,26.994291314458867,0.20339588566670683,nan,46.82922458806393,15.421177868585962,0.0,nan
pd,40.0,1.0,replay,121,"demo_00 +7.5,-5 deg",demo_00,0.05715778255629948,True,7.29,True,0.00653559474603401,2.000000000000001,False,0.005934010032487661,0.02408021631628912,0.026799222413137255,0.1929174696689777,0.017769366472610636,-0.75,0.0,0.04021564960032279,0.07245156496022,81.0,94.0,0.08531868472542006,750.0000000004168,5.715778255629949,7.8,1301.0868865542384,14619.959214958411,0.0,nan
pd,40.0,1.0,esn,122,"demo_00 +7.5,-2.5 deg",,0.0012024155344825692,False,nan,False,nan,0.0,False,0.286727539269043,2.6965406148843383,0.9700974081219277,13.012823124910955,0.04844207958889112,-0.69,nan,0.00018384299276908545,0.07245156496022,1.0,94.0,0.0021701273763084805,19.58325228481801,0.1261987859006791,nan,6.6905883754134745,0.5380605851998808,0.0,nan
pd,40.0,1.0,replay,122,"demo_00 +7.5,-2.5 deg",demo_00,0.054615980190761707,True,7.29,True,0.00653559474603401,2.000000000000001,False,0.005934010032487661,0.02836825128639834,0.010205656422893141,0.17115318844753757,0.04844207958889112,-0.75,0.0,0.04021601689382059,0.07245156496022,81.0,94.0,0.0784112477615363,750.0000000004168,5.46159801907617,7.8,1301.0868865542384,14494.537529935113,0.0,nan
pd,40.0,1.0,esn,123,"demo_00 +7.5,+0 deg",,0.00695528135227876,False,nan,False,nan,0.0,False,0.2867275392690437,2.7365192583445985,0.5558575733635377,13.056719245631758,0.07999982004599673,-0.75,nan,0.0005346404630349609,0.07245156496022,1.0,94.0,0.013101086144374888,126.98511572935277,0.7125313681813702,nan,31.560231195948745,14.654134308467516,0.0,nan
pd,40.0,1.0,replay,123,"demo_00 +7.5,+0 deg",demo_00,0.05624392183136699,True,7.29,True,0.00653559474603401,2.000000000000001,False,0.005934010032487661,0.033558763601673994,0.006816649597412814,0.1653521992582364,0.07999982004599673,-0.75,0.0,0.04023124948944813,0.07245156496022,81.0,94.0,0.07995900472626018,750.0000000004168,5.624392183136699,7.8,1301.0868865542384,14385.116747445518,0.0,nan
pd,40.0,1.0,esn,124,"demo_00 +7.5,+2.5 deg",,0.01724827549864058,False,nan,False,nan,0.0,False,0.2867275392690461,2.785123710311927,0.3915492418579195,13.17696271814859,0.11257013672815284,-0.75,nan,0.0009691331760202626,0.07245156496022,1.0,94.0,0.033115833829954706,316.7629747517416,1.7492526578043626,nan,124.08691501350451,167.71727222387162,0.0,nan
pd,40.0,1.0,replay,124,"demo_00 +7.5,+2.5 deg",demo_00,0.06173882633497075,True,7.29,True,0.00653559474603401,2.000000000000001,False,0.005934010032487661,0.038997390096933655,0.0054824848427224,0.17705913197263462,0.11257013672815284,-0.75,0.0,0.04026083437985733,0.07245156496022,81.0,94.0,0.08945988891346188,750.0000000004168,6.173882633497075,7.8,1301.0868865542384,14292.19193152873,0.0,nan
pd,40.0,1.0,esn,125,"demo_00 +7.5,+5 deg",,0.02977985558861575,False,nan,False,nan,0.0,False,0.2867275392690172,2.8070423405314484,0.3114133874210644,13.235677026235281,0.14584193345672294,-0.75,nan,0.001328528660786231,0.07245156496022,1.0,94.0,0.05811920167924664,549.3190996876749,3.015182917631563,nan,227.8316657704098,555.3818834867236,0.0,nan
pd,40.0,1.0,replay,125,"demo_00 +7.5,+5 deg",demo_00,0.07022461384001732,True,7.29,True,0.00653559474603401,2.000000000000001,False,0.005934010032487661,0.044807942302524315,0.004970994877531799,0.20322263301842092,0.14584193345672294,-0.75,0.0,0.04030417352558443,0.07245156496022,81.0,94.0,0.104683464586092,750.0000000004168,7.022461384001732,7.8,1301.0868865542384,14216.877118595881,0.0,nan
pd,40.0,1.0,esn,126,"demo_00 +7.5,+7.5 deg",,0.04311962500902696,False,nan,False,nan,0.0,False,0.28672753926901035,2.8184958943487,0.265730341285388,13.269870696370722,0.17450102488327288,-0.75,nan,0.0016302130393067331,0.07245156496022,0.0,94.0,0.0852505816482652,799.3091464099667,4.369831540143907,nan,318.0772079172164,1121.7855828013944,0.0,nan
pd,40.0,1.0,replay,126,"demo_00 +7.5,+7.5 deg",demo_00,0.08078790953847403,True,7.29,True,0.00653559474603401,2.000000000000001,False,0.005934010032487661,0.0509622903259427,0.004804770809902893,0.23908509775260614,0.17450102488327288,-0.75,0.0,0.04036058143042816,0.07245156496022,81.0,94.0,0.12342872566926087,750.0000000004198,8.078790953847404,7.8,1301.0868865542384,14160.94785689907,0.0,nan
pd,40.0,1.0,esn,127,"demo_00 +7.5,+10 deg",,0.05670801340668851,False,nan,False,nan,0.0,False,0.28672753926900757,2.8253397371545987,0.2260271789723681,13.292285521939005,0.1998017210383359,-0.75,nan,0.0018991981123276404,0.07245156496022,0.0,94.0,0.1131029175317361,1054.78734035423,5.7542277813919425,nan,388.7300475372819,1777.416153710245,0.0,nan
pd,40.0,1.0,replay,127,"demo_00 +7.5,+10 deg",demo_00,0.09274165533294366,True,7.29,True,0.00653559474603401,2.000000000000001,False,0.005934010032487661,0.05744473315409373,0.004595578652327502,0.2808923114677382,0.1998017210383359,-0.75,0.0,0.040429282905024365,0.07245156496022,81.0,94.0,0.14421879439143143,1000.0000000005556,9.274165533294367,7.8,1301.0868865542384,14126.880673021084,0.0,nan
pd,40.0,1.0,esn,128,"demo_00 +7.5,+12.5 deg",,0.07037879742626792,False,nan,False,nan,0.0,False,0.28672753926900557,2.8296145544410254,0.19410995703411446,13.30837331988071,0.22677381360346685,-0.75,nan,0.002149748587050125,0.07245156496022,0.0,94.0,0.1410443494233761,1310.7907442472285,7.147191857290745,nan,441.0161510525776,2466.307386532697,0.0,nan
pd,40.0,1.0,replay,128,"demo_00 +7.5,+12.5 deg",demo_00,0.10563048569532436,True,7.29,True,0.00653559474603401,2.000000000000001,False,0.005934010032487661,0.06446515002938313,0.004422272808415505,0.3263008822296983,0.22677381360346685,-0.75,0.0,0.04050941112540748,0.07245156496022,81.0,94.0,0.16617324625087443,1250.0000000007042,10.563048569532436,7.8,1301.0868865542384,14117.886983862467,0.0,nan
pd,40.0,1.0,esn,129,"demo_00 +7.5,+15 deg",,0.08411914014664947,False,nan,False,nan,0.0,False,0.28672753926900557,2.8325011717131336,0.16889773776795652,13.321015870228821,0.2548442867216327,-0.75,nan,0.002388808933499634,0.07245156496022,0.0,94.0,0.16883676005013612,1565.8037676933222,8.543336054552226,nan,478.9747611352518,3174.0074473970994,0.0,nan
pd,40.0,1.0,replay,129,"demo_00 +7.5,+15 deg",demo_00,0.11916178661485939,True,7.29,True,0.00653559474603401,2.000000000000001,False,0.005934010032487661,0.07156891972151141,0.004267545855293995,0.37393419938495104,0.2548442867216327,-0.75,0.0,0.04060000620308086,0.07245156496022,81.0,94.0,0.18876996912593239,1500.0000000008397,11.91617866148594,7.8,1301.0868865542384,14137.938533922314,0.0,nan
pd,40.0,1.0,esn,130,"demo_00 +10,-15 deg",,0.015584647829910018,True,1.42,False,0.006741298358790505,2.0,True,0.00674090028155686,1.5473904007488632,0.2792302218916632,14.780427708530086,0.09499767659709164,-0.75,-5.87,0.0034548850299752076,0.07245156496022,1.0,94.0,0.023010171672987207,206.50681228238236,1.611044591917951,1.42,358.244407259431,951.380078960928,0.0,nan
pd,40.0,1.0,replay,130,"demo_00 +10,-15 deg",demo_00,0.10488982321933335,True,7.29,True,0.00653559474603401,2.000000000000001,False,0.005934010032487661,0.04421053786008499,0.00797789510045232,0.3814753450365247,0.09499767659709164,-0.75,0.0,0.04036476239248863,0.07245156496022,81.0,94.0,0.1644151988127648,1500.0000000008336,10.488982321933333,7.8,1734.7825154056518,25916.877739203068,0.0,nan
pd,40.0,1.0,esn,131,"demo_00 +10,-12.5 deg",,0.01150130413547782,True,1.44,False,0.006741281656859938,2.0,True,0.006740900281556532,1.4117182859231097,0.4045193752063066,14.74785557480383,0.0612873831054314,-0.75,-5.85,0.0031890218311104107,0.07245156496022,1.0,94.0,0.014901795860961856,150.190155677794,1.1501304135477821,1.44,260.54725605574436,486.73193307788966,0.0,nan
pd,40.0,1.0,replay,131,"demo_00 +10,-12.5 deg",demo_00,0.09434258841824514,True,7.29,True,0.00653559474603401,2.000000000000001,False,0.005934010032487661,0.035831209275469664,0.010267217286571902,0.33804441380443057,0.06025914668954708,-0.75,0.0,0.040300341798801535,0.07245156496022,81.0,94.0,0.14415769224463743,1250.0000000006978,9.434258841824514,7.8,1734.7825154056518,25749.393902157706,0.0,nan
pd,40.0,1.0,esn,132,"demo_00 +10,-10 deg",,0.007339093841216001,True,1.5,False,0.006741244547065383,2.0,True,0.00674090028155686,1.0789228393013741,0.715143233347129,14.64430802703748,0.032248974457364424,-0.75,-5.79,0.0022846822953186607,0.07245156496022,2.0,94.0,0.009784916657508486,91.019747513445,0.7339093841216002,1.5,157.8994665428717,176.84264380229575,0.0,nan
pd,40.0,1.0,replay,132,"demo_00 +10,-10 deg",demo_00,0.08533045799138676,True,7.29,True,0.00653559474603401,2.000000000000001,False,0.005934010032487661,0.02757234691243617,0.01827579934696375,0.2984222350313118,0.026470472397243185,-0.75,0.0,0.04025679064196277,0.07245156496022,81.0,94.0,0.12647750654484802,1000.0000000005556,8.533045799138677,7.8,1734.7825154056518,25578.896103443993,0.0,nan
pd,40.0,1.0,esn,133,"demo_00 +10,-7.5 deg",,0.0036559842922464234,True,2.72,False,0.006740579634713047,1.9999999999999996,True,0.00674090028155654,0.6884250704133917,2.6542800036177834,13.20979658247081,0.018325019008070802,-0.74,-4.57,0.0009950669695662434,0.07245156496022,2.0,94.0,0.004895015469183401,47.24140787388491,0.36559842922464236,2.72,81.95356838271589,47.74358915810039,0.0,nan
pd,40.0,1.0,replay,133,"demo_00 +10,-7.5 deg",demo_00,0.07838656017929325,True,7.29,True,0.00653559474603401,2.000000000000001,False,0.005934010032487661,0.0231073042294844,0.08909212954287547,0.2643476981036039,0.012515533142614185,-0.75,0.0,0.04023367877451151,0.07245156496022,81.0,94.0,0.11261592476113286,1000.0000000005556,7.838656017929324,7.8,1734.7825154056518,25404.130156859563,0.0,nan
pd,40.0,1.0,esn,134,"demo_00 +10,-5 deg",,0.001340647639451954,False,nan,False,nan,0.0,False,0.2867275392690437,2.7768784450796002,1.2188006978672292,13.330553507984417,0.046764820550751936,-0.7,nan,9.90435236186638e-05,0.07245156496022,1.0,94.0,0.0018377856622321972,17.271057338074435,0.1340647639451954,nan,29.961528292641187,6.354825066861537,0.0,nan
pd,40.0,1.0,replay,134,"demo_00 +10,-5 deg",demo_00,0.07410202459119493,True,7.29,True,0.00653559474603401,2.000000000000001,False,0.005934010032487661,0.02731785004783063,0.01199008720080071,0.23821804478862904,0.03836250192602888,-0.75,0.0,0.04023047668981382,0.07245156496022,81.0,94.0,0.10409834375480315,1000.0000000005556,7.410202459119493,7.8,1734.7825154056518,25224.329178115913,0.0,nan
pd,40.0,1.0,esn,135,"demo_00 +10,-2.5 deg",,0.003689770926121038,False,nan,False,nan,0.0,False,0.28672753926901073,2.8020273331173713,0.6467877294801386,13.288643898269859,0.07240450861469995,-0.74,nan,0.00028645498102880865,0.07245156496022,0.0,94.0,0.006854718313203448,66.80745099191881,0.38111415076619765,nan,16.60398218174289,2.6881594691310027,0.0,nan
pd,40.0,1.0,replay,135,"demo_00 +10,-2.5 deg",demo_00,0.07295934062955386,True,7.29,True,0.00653559474603401,2.000000000000001,False,0.005934010032487661,0.03236562326722461,0.007470907845473497,0.22283057364958336,0.07240450861469995,-0.75,0.0,0.04024655219850816,0.07245156496022,81.0,94.0,0.10222216396629738,1000.0000000005556,7.2959340629553875,7.8,1734.7825154056518,25039.26042316403,0.0,nan
pd,40.0,1.0,esn,136,"demo_00 +10,+0 deg",,0.011492550196422601,False,nan,False,nan,0.0,False,0.2867275392690072,2.8157777353207187,0.44611761642090986,13.290600417274845,0.1058543260919547,-0.75,nan,0.0007251169529736785,0.07245156496022,0.0,94.0,0.021523493340736992,208.91595618870113,1.1743886420657266,nan,51.92290324710697,31.26128449186482,0.0,nan
pd,40.0,1.0,replay,136,"demo_00 +10,+0 deg",demo_00,0.07511800343295964,True,7.29,True,0.00653559474603401,2.000000000000001,False,0.005934010032487661,0.03903710019653098,0.006184841180185353,0.22041026057654808,0.1058543260919547,-0.75,0.0,0.040281167015583555,0.07245156496022,81.0,94.0,0.10725719172130653,1000.0000000005556,7.511800343295964,7.8,1734.7825154056518,24849.276541490482,0.0,nan
pd,40.0,1.0,esn,137,"demo_00 +10,+2.5 deg",,0.022483108035784745,False,nan,False,nan,0.0,False,0.2867275392690052,2.8248375834850643,0.33995168528933006,13.30339357313979,0.13870252535074024,-0.75,nan,0.0011159157362894908,0.07245156496022,0.0,94.0,0.042616341600275914,410.70036413003214,2.283041665486216,nan,102.07336796723375,144.9571754327578,0.0,nan
pd,40.0,1.0,replay,137,"demo_00 +10,+2.5 deg",demo_00,0.08032971988104963,True,7.29,True,0.00653559474603401,2.000000000000001,False,0.005934010032487661,0.04598364992438218,0.005533847106445846,0.23131004247409254,0.13870252535074024,-0.75,0.0,0.04033347329779272,0.07245156496022,81.0,94.0,0.11822075109243108,1000.0000000005556,8.032971988104961,7.8,1734.7825154056518,24655.37026760872,0.0,nan
pd,40.0,1.0,esn,138,"demo_00 +10,+5 deg",,0.035047595320014474,False,nan,False,nan,0.0,False,0.2867275392690052,2.830880492763021,0.2692955677754148,13.31606580699058,0.16915632331885433,-0.75,nan,0.0014305155686829053,0.07245156496022,0.0,94.0,0.06700813487971138,641.3378402755546,3.5499394160126516,nan,159.39482668934775,364.64784952755895,0.0,nan
pd,40.0,1.0,replay,138,"demo_00 +10,+5 deg",demo_00,0.08807100786195571,True,7.29,True,0.00653559474603401,2.000000000000001,False,0.005934010032487661,0.053245960604550106,0.005065173619800003,0.25375189285444044,0.16915632331885433,-0.75,0.0,0.04040251018020883,0.07245156496022,81.0,94.0,0.13354147838120142,1000.0000000005556,8.807100786195571,7.8,1734.7825154056518,24459.231185474906,0.0,nan
pd,40.0,1.0,esn,139,"demo_00 +10,+7.5 deg",,0.04831456163662868,False,nan,False,nan,0.0,False,0.28672753926900474,2.834681367968692,0.22677450943749544,13.326646250171267,0.1998996243484283,-0.75,nan,0.001698977489657618,0.07245156496022,0.0,94.0,0.09281573150197119,883.7407017077211,4.888009823505394,nan,219.64039409634998,667.1029906968914,0.0,nan
pd,40.0,1.0,replay,139,"demo_00 +10,+7.5 deg",demo_00,0.09775745129914326,True,7.29,True,0.00653559474603401,2.000000000000001,False,0.005934010032487661,0.06010515654447909,0.004808412523558328,0.2849460320994522,0.1998996243484283,-0.75,0.0,0.040487200403865595,0.07245156496022,81.0,94.0,0.15177563917963582,1000.0000000005556,9.775745129914325,7.8,1734.7825154056518,24263.30274346755,0.0,nan
pd,40.0,1.0,esn,140,"demo_00 +10,+10 deg",,0.06192401375514807,False,nan,False,nan,0.0,False,0.2867275392690039,2.8368809867515505,0.20059777831512068,13.335469219885969,0.22838490988506888,-0.75,nan,0.0019430910010615813,0.07245156496022,0.0,94.0,0.11913114757736606,1130.3087659257774,6.258684777968302,nan,280.92115970075787,1029.3454161297154,0.0,nan
pd,40.0,1.0,replay,140,"demo_00 +10,+10 deg",demo_00,0.10888237230664304,True,7.29,True,0.00653559474603401,2.000000000000001,False,0.005934010032487661,0.06630199510957913,0.004688259034818074,0.3222804295153882,0.22838490988506888,-0.75,0.0,0.04058634720577305,0.07245156496022,80.0,94.0,0.17186153141327906,1000.0000000005556,10.888237230664302,7.8,1734.7825154056518,24070.83717977987,0.0,nan
pd,40.0,1.0,esn,141,"demo_00 +10,+12.5 deg",,0.0757483894817912,False,nan,False,nan,0.0,False,0.2867275392690029,2.8382633905977883,0.17730490837614657,13.343304412898618,0.25224035825029306,-0.75,nan,0.002173719151852233,0.07245156496022,0.0,94.0,0.1455674532103867,1378.2141592692044,7.646320950172963,nan,342.5342982461965,1445.113019434887,0.0,nan
pd,40.0,1.0,replay,141,"demo_00 +10,+12.5 deg",demo_00,0.121056593572101,True,7.29,True,0.00653559474603401,2.000000000000001,False,0.005934010032487661,0.07289971004655924,0.004554008783423903,0.36378657442953005,0.25224035825029306,-0.75,0.0,0.04069863175702319,0.07245156496022,79.0,94.0,0.19308129322834278,1250.0000000007042,12.105659357210099,7.8,1734.7825154056518,23885.94545791559,0.0,nan
pd,40.0,1.0,esn,142,"demo_00 +10,+15 deg",,0.08974508344152866,False,nan,False,nan,0.0,False,0.28672753926900413,2.8388864911087905,0.15747308936791976,13.350835761012648,0.2774571283956704,-0.75,nan,0.0023955801502224573,0.07245156496022,0.0,94.0,0.17197350710744919,1626.6332506240633,9.04446513139446,nan,404.2751086680821,1919.3205130217104,0.0,nan
pd,40.0,1.0,replay,142,"demo_00 +10,+15 deg",demo_00,0.13399590645936021,True,7.29,True,0.00653559474603401,2.000000000000001,False,0.005934010032487661,0.07978643777,0.004425755268713101,0.40811017753840617,0.2774571283956704,-0.75,0.0,0.040822611578849775,0.07245156496022,77.0,94.0,0.21495688827569476,1500.0000000008397,13.399590645936021,7.8,1734.7825154056518,23713.638741561426,0.0,nan
pd,40.0,1.0,esn,143,"demo_00 +12.5,-15 deg",,0.010321668913503635,True,1.37,False,0.006741281302501305,2.0,True,0.006740900281556823,1.3996087589048656,0.3286033467137946,14.848915123607581,0.06979513934927224,-0.75,-5.92,0.0024250573877090593,0.07245156496022,1.0,94.0,0.014252466335211175,137.50821267387704,1.047855305416529,1.37,238.54684307119152,414.39816909118065,0.0,nan
pd,40.0,1.0,replay,143,"demo_00 +12.5,-15 deg",demo_00,0.11692195492654217,True,7.29,True,0.00653559474603401,2.000000000000001,False,0.005934010032487661,0.03846043332838091,0.009029828534123785,0.4096770473605725,0.06979513934927224,-0.75,0.0,0.04035010362575288,0.07245156496022,81.0,94.0,0.1710174785385784,1500.0000000008336,11.692195492654216,7.8,2168.4781442570643,39666.31462644003,0.0,nan
pd,40.0,1.0,esn,144,"demo_00 +12.5,-12.5 deg",,0.007772663527534305,True,1.37,False,0.006741268558161742,2.0,True,0.006740900281556851,1.1432254608163452,0.5242931288345442,14.818916777821023,0.039938442732327696,-0.75,-5.92,0.0025376786497721747,0.07245156496022,1.0,94.0,0.010142748292605258,97.42704318807239,0.7772663527534305,1.37,169.01473105024562,201.77138006598415,0.0,nan
pd,40.0,1.0,replay,144,"demo_00 +12.5,-12.5 deg",demo_00,0.10770367156076954,True,7.29,True,0.00653559474603401,2.000000000000001,False,0.005934010032487661,0.02929264887427803,0.01343386327241194,0.3705612712316728,0.03511043564960371,-0.75,0.0,0.04029026041885668,0.07245156496022,81.0,94.0,0.15356101166494382,1250.0000000006978,10.770367156076952,7.8,2168.4781442570643,39507.553059706544,0.0,nan
pd,40.0,1.0,esn,145,"demo_00 +12.5,-10 deg",,0.0038698117666741846,True,1.56,False,0.006741009714543345,2.0,True,0.006740900281556959,0.22616712178346396,nan,14.538124998041303,0.006682649114927131,-0.74,-5.73,0.001463714427523771,0.07245156496022,2.0,94.0,0.005253136556484057,48.81317754836756,0.38698117666741844,1.56,84.68024693225283,50.50149644228191,0.0,nan
pd,40.0,1.0,replay,145,"demo_00 +12.5,-10 deg",demo_00,0.10017461425126514,True,7.29,True,0.00653559474603401,2.000000000000001,False,0.005934010032487661,0.022820918987296965,nan,0.3361415908390037,0.013496056293519718,-0.75,0.0,0.040257195005126055,0.07245156496022,81.0,94.0,0.13982343742891115,1250.0000000006946,10.017461425126513,7.8,2168.4781442570643,39321.322670236965,0.0,nan
pd,40.0,1.0,esn,146,"demo_00 +12.5,-7.5 deg",,0.0012903607386861452,False,nan,False,nan,0.0,False,0.2867275392690369,2.7761272966253117,1.537266968554053,13.441413689346502,0.046764826021509456,-0.7,nan,0.00010606550621301479,0.07245156496022,0.0,94.0,0.0016454123782901108,17.403385083540133,0.1298767943303336,nan,30.191088151778008,6.525478660097192,0.0,nan
pd,40.0,1.0,replay,146,"demo_00 +12.5,-7.5 deg",demo_00,0.09474077715406204,True,7.29,True,0.00653559474603401,2.000000000000001,False,0.005934010032487661,0.025852867547832302,0.014315899480545189,0.30798818805828043,0.03162118032285779,-0.75,0.0,0.04025016357495762,0.07245156496022,81.0,94.0,0.13094346692708997,1250.0000000006946,9.474077715406203,7.8,2168.4781442570643,39106.67772048594,0.0,nan
pd,40.0,1.0,esn,147,"demo_00 +12.5,-5 deg",,0.0015432576003227164,False,nan,False,nan,0.0,False,0.2867275392690032,2.814842091667947,0.7539049715835133,13.368594235564114,0.06517990314131415,-0.72,nan,0.00013267638053192233,0.07245156496022,0.0,94.0,0.002833766381179823,26.37626988180327,0.16216131594827632,nan,6.555423214565225,0.5809344326983271,0.0,nan
pd,40.0,1.0,replay,147,"demo_00 +12.5,-5 deg",demo_00,0.09178115884835476,True,7.29,True,0.00653559474603401,2.000000000000001,False,0.005934010032487661,0.03144947683424375,0.00842317834070311,0.28792006825189786,0.06517990314131415,-0.75,0.0,0.04026828113913812,0.07245156496022,81.0,94.0,0.12786929338940747,1250.0000000006946,9.178115884835476,7.8,2168.4781442570643,38863.20549377614,0.0,nan
pd,40.0,1.0,esn,148,"demo_00 +12.5,-2.5 deg",,0.007241421463376362,False,nan,False,nan,0.0,False,0.2867275392690026,2.8288008721066897,0.49019047159711254,13.352623455673184,0.09815520019078573,-0.75,nan,0.0005216535674514889,0.07245156496022,0.0,94.0,0.013044483299506757,122.07776085668328,0.7511597547683464,nan,30.340582314641196,13.70340801743665,0.0,nan
pd,40.0,1.0,replay,148,"demo_00 +12.5,-2.5 deg",demo_00,0.0915451845551515,True,7.29,True,0.00653559474603401,2.000000000000001,False,0.005934010032487661,0.03876525333139213,0.0067174603908917215,0.277652486923281,0.09815520019078573,-0.75,0.0,0.040310519401320355,0.07245156496022,81.0,94.0,0.13091413929855802,1250.0000000006946,9.154518455515149,7.8,2168.4781442570643,38591.08301901772,0.0,nan
pd,40.0,1.0,esn,149,"demo_00 +12.5,+0 deg",,0.016550548331621614,False,nan,False,nan,0.0,False,0.28672753926900313,2.835946499278955,0.3611549143678145,13.350404390288453,0.13036033312299372,-0.75,nan,0.0009282317804022038,0.07245156496022,0.0,94.0,0.030126049685091662,286.9688934841151,1.695665950639116,nan,71.32178107950244,48.58206297289162,0.0,nan
pd,40.0,1.0,replay,149,"demo_00 +12.5,+0 deg",demo_00,0.09406431785604898,True,7.29,True,0.00653559474603401,2.000000000000001,False,0.005934010032487661,0.046610175477014536,0.005935758639082205,0.2782113972816129,0.13036033312299372,-0.75,0.0,0.04037570445411299,0.07245156496022,81.0,94.0,0.13955857254465798,1250.0000000006946,9.406431785604898,7.8,2168.4781442570643,38291.14000804558,0.0,nan
pd,40.0,1.0,esn,150,"demo_00 +12.5,+2.5 deg",,0.02817175074891311,False,nan,False,nan,0.0,False,0.28672753926900346,2.8399121788001875,0.28842436722342785,13.352971516590902,0.1629235498800576,-0.75,nan,0.0012578473212676122,0.07245156496022,0.0,94.0,0.0516573568772757,494.0099485059344,2.8651433232227466,nan,122.7787059798068,127.3416335525276,0.0,nan
pd,40.0,1.0,replay,150,"demo_00 +12.5,+2.5 deg",demo_00,0.09914004497294612,True,7.29,True,0.00653559474603401,2.000000000000001,False,0.005934010032487661,0.054542427318895845,0.005539384352698033,0.2894578099888476,0.1629235498800576,-0.75,0.0,0.04046251437123303,0.07245156496022,81.0,94.0,0.1527178939378594,1250.0000000006946,9.914004497294611,7.8,2168.4781442570643,37964.92692678452,0.0,nan
pd,40.0,1.0,esn,151,"demo_00 +12.5,+5 deg",,0.04100599628761258,False,nan,False,nan,0.0,False,0.28672753926900224,2.8421063134616515,0.24135988189474322,13.356979150749973,0.1948522095664307,-0.75,nan,0.001531007596345446,0.07245156496022,0.0,94.0,0.07544383151385907,721.3652530101115,4.151789689964788,nan,179.28443054889752,267.3704618843254,0.0,nan
pd,40.0,1.0,replay,151,"demo_00 +12.5,+5 deg",demo_00,0.10641725841812698,True,7.29,True,0.00653559474603401,2.000000000000001,False,0.005934010032487661,0.06262369340809469,0.005318185028195036,0.31014363940657,0.1948522095664307,-0.75,0.0,0.04056947680311237,0.07245156496022,80.0,94.0,0.16919252741081675,1250.0000000006946,10.641725841812697,7.8,2168.4781442570643,37614.786660364036,0.0,nan
pd,40.0,1.0,esn,152,"demo_00 +12.5,+7.5 deg",,0.054470650805531574,False,nan,False,nan,0.0,False,0.28672753926900113,2.843254920360294,0.2047309522114818,13.361419921240548,0.2252961431955169,-0.75,nan,0.0017741008355570951,0.07245156496022,0.0,94.0,0.1002435196408481,957.7474033678784,5.49727850212824,nan,238.03364121849432,472.63670109751666,0.0,nan
pd,40.0,1.0,replay,152,"demo_00 +12.5,+7.5 deg",demo_00,0.11548805766804845,True,7.29,True,0.00653559474603401,2.000000000000001,False,0.005934010032487661,0.07012543309321918,0.005049440550901442,0.33844701780927944,0.2252961431955169,-0.75,0.0,0.04069496675649207,0.07245156496022,78.0,94.0,0.18795424897568208,1250.0000000006946,11.548805766804847,7.8,2168.4781442570643,37243.92768371252,0.0,nan
pd,40.0,1.0,esn,153,"demo_00 +12.5,+10 deg",,0.06830068913391381,False,nan,False,nan,0.0,False,0.2867275392690028,2.8436751024359745,0.17764297533455745,13.366222169405907,0.25385915395449044,-0.75,nan,0.002001368115626214,0.07245156496022,0.0,94.0,0.1254601963810516,1198.2770288958588,6.873746369321893,nan,297.81364415456545,743.0825637104995,0.0,nan
pd,40.0,1.0,replay,153,"demo_00 +12.5,+10 deg",demo_00,0.12596934938454374,True,7.29,True,0.00653559474603401,2.000000000000001,False,0.005934010032487661,0.07713128558065058,0.004818353211373842,0.372535256460325,0.25385915395449044,-0.75,0.0,0.04083720484978443,0.07245156496022,75.0,94.0,0.2082208958730169,1250.0000000006946,12.596934938454373,7.8,2168.4781442570643,36856.49602088734,0.0,nan
pd,40.0,1.0,esn,154,"demo_00 +12.5,+12.5 deg",,0.08237794566015007,False,nan,False,nan,0.0,False,0.2867275392690018,2.84324693984169,0.16083833533999664,13.371597473120467,0.2799546929467543,-0.75,nan,0.002219033994917195,0.07245156496022,0.0,94.0,0.15082200344404142,1441.0221770585958,8.267919156826554,nan,358.1442817549514,1079.3661168278634,0.0,nan
pd,40.0,1.0,replay,154,"demo_00 +12.5,+12.5 deg",demo_00,0.13753808406676726,True,7.29,True,0.00653559474603401,2.000000000000001,False,0.005934010032487661,0.08381969452950336,0.004741557951903741,0.41086776469775804,0.2799546929467543,-0.75,0.0,0.04099425648101982,0.07245156496022,71.0,94.0,0.22942488404625494,1250.0000000007042,13.753808406676725,7.8,2168.4781442570643,36457.6425888123,0.0,nan
pd,40.0,1.0,esn,155,"demo_00 +12.5,+15 deg",,0.09664524055557598,False,nan,False,nan,0.0,False,0.2867275392690014,2.842454256556635,0.14557558974459633,13.377798592247395,0.30240424173805164,-0.75,nan,0.002429540896778807,0.07245156496022,0.0,94.0,0.17619883795981436,1685.2089868298972,9.672924242366298,nan,418.83322255812965,1483.214767242813,0.0,nan
pd,40.0,1.0,replay,155,"demo_00 +12.5,+15 deg",demo_00,0.14993625894188806,True,7.29,True,0.00653559474603401,2.000000000000001,False,0.005934010032487661,0.09055815913382285,0.004637913659184544,0.45226241522969046,0.30240424173805164,-0.75,0.0,0.04116403251496373,0.07245156496022,68.0,94.0,0.25115735361953573,1500.0000000008397,14.993625894188806,7.8,2168.4781442570643,36053.5818112456,0.0,nan
pd,40.0,1.0,esn,156,"demo_00 +15,-15 deg",,0.007112916622822585,True,1.27,False,0.006741278584797217,2.0,True,0.006740900281556723,1.1688814799526455,0.4319779561440887,14.950000060324607,0.048737706327842294,-0.75,-6.02,0.001799838841667635,0.07245156496022,1.0,94.0,0.009245665692044994,91.91115251153443,0.7112916622822585,1.27,159.44586034770379,182.89569383298155,0.0,nan
pd,40.0,1.0,replay,156,"demo_00 +15,-15 deg",demo_00,0.130451789571475,True,7.29,True,0.00653559474603401,2.000000000000001,False,0.005934010032487661,0.03147034776643167,0.011630346395630797,0.4424182727463739,0.04794521873159675,-0.75,0.0,0.04033202440256744,0.07245156496022,81.0,94.0,0.18008897302229376,1500.0000000008336,13.045178957147499,7.8,2602.173773108477,56537.631143875646,0.0,nan
pd,40.0,1.0,esn,157,"demo_00 +15,-12.5 deg",,0.005304426429501274,True,1.29,False,0.006741152523294839,2.0,True,0.00674090028155686,0.5869113354289247,0.7758021504267407,14.884112144210627,0.017067329599562375,-0.75,-6.0,0.001694977584643711,0.07245156496022,1.0,94.0,0.0069766300113944,65.31442350650565,0.5304426429501274,1.29,113.30631990281869,90.36885220398938,0.0,nan
pd,40.0,1.0,replay,157,"demo_00 +15,-12.5 deg",demo_00,0.1224189530485917,True,7.29,True,0.00653559474603401,2.000000000000001,False,0.005934010032487661,0.024447141608715597,0.03231517929018671,0.40785372999715214,0.016752449958095186,-0.75,0.0,0.04028652331995216,0.07245156496022,81.0,94.0,0.16652266757078607,1500.000000000832,12.241895304859169,7.8,2602.173773108477,56366.95374255199,0.0,nan
pd,40.0,1.0,esn,158,"demo_00 +15,-10 deg",,0.001883797248363219,True,6.34,False,0.006740536853545799,2.0,True,0.006740900281556714,1.5106217616550364,1.3664348958135608,9.439685930836413,0.03266437243493006,-0.73,-0.9500000000000002,0.0006140029808780737,0.07245156496022,1.0,94.0,0.002650016430083501,25.165396266580053,0.19020773301029367,6.34,43.656489436492436,13.558323265987678,0.0,nan
pd,40.0,1.0,replay,158,"demo_00 +15,-10 deg",demo_00,0.11612288515064746,True,7.29,True,0.00653559474603401,2.000000000000001,False,0.005934010032487661,0.024778000782413965,0.02241297310618104,0.37865548151494244,0.02914897773407214,-0.75,0.0,0.040274901679272626,0.07245156496022,81.0,94.0,0.15777593420697783,1500.000000000832,11.612288515064746,7.8,2602.173773108477,56142.300571605316,0.0,nan
pd,40.0,1.0,esn,159,"demo_00 +15,-7.5 deg",,0.0012195290798571391,False,nan,False,nan,0.0,False,0.2867275392689973,2.8170546749602097,0.8512928431765823,13.44036306528297,0.05338138732815144,-0.69,nan,8.361561059331772e-05,0.07245156496022,0.0,94.0,0.001551378777662086,16.401239576230015,0.12323969572199493,nan,28.452583647806158,5.847013844093545,0.0,nan
pd,40.0,1.0,replay,159,"demo_00 +15,-7.5 deg",demo_00,0.11185976036282963,True,7.29,True,0.00653559474603401,2.000000000000001,False,0.005934010032487661,0.03201359355093236,0.009674268418186683,0.35611099504346727,0.05338138732815144,-0.75,0.0,0.04029597275306365,0.07245156496022,81.0,94.0,0.15458010337765934,1500.000000000832,11.185976036282963,7.8,2602.173773108477,55863.04804409802,0.0,nan
pd,40.0,1.0,esn,160,"demo_00 +15,-5 deg",,0.005438254437703059,False,nan,False,nan,0.0,False,0.286727539269001,2.8353743256688477,0.5321161387616621,13.399864781389565,0.08739712396499735,-0.75,nan,0.0003419766507745196,0.07245156496022,0.0,94.0,0.00818110016084761,54.58381732363731,0.5660424103694077,nan,94.69105191708962,69.23564013421301,0.0,nan
pd,40.0,1.0,replay,160,"demo_00 +15,-5 deg",demo_00,0.10987136876848103,True,7.29,True,0.00653559474603401,2.000000000000001,False,0.005934010032487661,0.03921988166819294,0.007360415098293988,0.3414888965290244,0.08739712396499735,-0.75,0.0,0.04034834825666905,0.07245156496022,81.0,94.0,0.15715903439455295,1500.000000000832,10.987136876848103,7.8,2602.173773108477,55529.16289370655,0.0,nan
pd,40.0,1.0,esn,161,"demo_00 +15,-2.5 deg",,0.012797593036782604,False,nan,False,nan,0.0,False,0.286727539269002,2.842678921761557,0.3920455112193027,13.387444942784564,0.12167360500653591,-0.75,nan,0.000728508235750216,0.07245156496022,0.0,94.0,0.021086611823381292,174.44561734833854,1.3255344262146247,nan,143.91841586834897,175.54869111686781,0.0,nan
pd,40.0,1.0,replay,161,"demo_00 +15,-2.5 deg",demo_00,0.1102873713048466,True,7.29,True,0.00653559474603401,2.000000000000001,False,0.005934010032487661,0.04745886150524473,0.006545246273954827,0.33575696813516254,0.12167360500653591,-0.75,0.0,0.040430440432581274,0.07245156496022,81.0,94.0,0.16510523200681812,1500.000000000832,11.028737130484659,7.8,2602.173773108477,55141.27014548521,0.0,nan
pd,40.0,1.0,esn,162,"demo_00 +15,+0 deg",,0.023086079388323973,False,nan,False,nan,0.0,False,0.28672753926900224,2.8461256448957264,0.3076573793966684,13.383865307056999,0.15601286161541092,-0.75,nan,0.001082948167875999,0.07245156496022,0.0,94.0,0.03946615371426621,354.22348489856563,2.367200054831979,nan,174.67484106042792,299.3264109490174,0.0,nan
pd,40.0,1.0,replay,162,"demo_00 +15,+0 deg",demo_00,0.11308841185478416,True,7.29,True,0.00653559474603401,2.000000000000001,False,0.005934010032487661,0.05585486794685952,0.006037738470856351,0.3392812259903912,0.15601286161541092,-0.75,0.0,0.040540464163445554,0.07245156496022,80.0,94.0,0.1775449884526925,1500.000000000832,11.308841185478416,7.8,2602.173773108477,54700.729180047536,0.0,nan
pd,40.0,1.0,esn,163,"demo_00 +15,+2.5 deg",,0.035191182305320076,False,nan,False,nan,0.0,False,0.286727539269002,2.847578611340824,0.25217523999738234,13.383999734465373,0.18913882826863296,-0.75,nan,0.0013755160005642863,0.07245156496022,0.0,94.0,0.06111353776637969,564.8106094590686,3.5802467639667253,nan,195.0473789122182,450.98544063453744,0.0,nan
pd,40.0,1.0,replay,163,"demo_00 +15,+2.5 deg",demo_00,0.11811148059324143,True,7.29,True,0.00653559474603401,2.000000000000001,False,0.005934010032487661,0.06462972583447545,0.005723465037405835,0.35168498129959,0.18913882826863296,-0.75,0.0,0.040676439124683966,0.07245156496022,78.0,94.0,0.19344528841390946,1500.000000000832,11.811148059324143,7.8,2602.173773108477,54209.71667093395,0.0,nan
pd,40.0,1.0,esn,164,"demo_00 +15,+5 deg",,0.04829560774117409,False,nan,False,nan,0.0,False,0.2867275392690024,2.8479103896871596,0.21351005552843455,13.386015682744913,0.2195866169314041,-0.75,nan,0.0016297047887247184,0.07245156496022,0.0,94.0,0.08442570365658335,790.6732953968753,4.885273810986195,nan,211.58435435494934,647.8252841684509,0.0,nan
pd,40.0,1.0,replay,164,"demo_00 +15,+5 deg",demo_00,0.12509384559625766,True,7.29,True,0.00653559474603401,2.000000000000001,False,0.005934010032487661,0.07283528026668343,0.00546051757473905,0.371971638909111,0.2195866169314041,-0.75,0.0,0.04083619204951167,0.07245156496022,74.0,94.0,0.21184973783504626,1500.000000000832,12.509384559625769,7.8,2602.173773108477,53671.31463031539,0.0,nan
pd,40.0,1.0,esn,165,"demo_00 +15,+7.5 deg",,0.06196621272160388,False,nan,False,nan,0.0,False,0.286727539269002,2.847488433890723,0.18643665866818931,13.389308116106141,0.2502196693626224,-0.75,nan,0.00186331166253803,0.07245156496022,0.0,94.0,0.10853160865327312,1024.110790444477,6.239592418744447,nan,254.52725802589686,898.5134779652719,0.0,nan
pd,40.0,1.0,replay,165,"demo_00 +15,+7.5 deg",demo_00,0.13373050711850756,True,7.29,True,0.00653559474603401,2.000000000000001,False,0.005934010032487661,0.0807188929904223,0.005284994495997657,0.3988226215974127,0.2502196693626224,-0.75,0.0,0.0410173592848954,0.07245156496022,70.0,94.0,0.23197613410889564,1500.000000000832,13.373050711850755,7.8,2602.173773108477,53089.60114750483,0.0,nan
pd,40.0,1.0,esn,166,"demo_00 +15,+10 deg",,0.07599037131666206,False,nan,False,nan,0.0,False,0.2867275392690009,2.8466462158154684,0.1643562654826374,13.39378174170219,0.27980116496889296,-0.75,nan,0.002084822352940571,0.07245156496022,0.0,94.0,0.1329915337535611,1261.6052562436603,7.621496290331805,nan,313.5529178863462,1205.2711622884246,0.0,nan
pd,40.0,1.0,replay,166,"demo_00 +15,+10 deg",demo_00,0.14372088679932823,True,7.29,True,0.00653559474603401,2.000000000000001,False,0.005934010032487661,0.08813788367778146,0.0050888000512116695,0.43088935293078834,0.27980116496889296,-0.75,0.0,0.04121738996291921,0.07245156496022,67.0,94.0,0.25322074809051087,1500.000000000832,14.372088679932821,7.8,2602.173773108477,52469.74065668852,0.0,nan
pd,40.0,1.0,esn,167,"demo_00 +15,+12.5 deg",,0.09026199082466599,False,nan,False,nan,0.0,False,0.28672753926900063,2.8455330416475917,0.14612826610788002,13.399567726391854,0.3064304698409309,-0.75,nan,0.002297666030777214,0.07245156496022,0.0,94.0,0.1575812804325833,1501.5633569570723,9.026199082466597,nan,373.1908769680773,1568.1275516188514,0.0,nan
pd,40.0,1.0,replay,167,"demo_00 +15,+12.5 deg",demo_00,0.15479530672649564,True,7.29,True,0.00653559474603401,2.000000000000001,False,0.005934010032487661,0.09534736357461904,0.004896427036056979,0.4669718104885505,0.3064304698409309,-0.75,0.0,0.04143355028932017,0.07245156496022,62.0,94.0,0.27512619362688445,1500.000000000832,15.479530672649565,7.8,2602.173773108477,51818.06974839089,0.0,nan
pd,40.0,1.0,esn,168,"demo_00 +15,+15 deg",,0.1047236199927919,False,nan,False,nan,0.0,False,0.2867275392690004,2.8440248186490757,0.1340686156753068,13.406924631778029,0.32911346955845616,-0.75,nan,0.0025029751327891683,0.07245156496022,0.0,94.0,0.1821793953558228,1743.2276108222873,10.472361999279189,nan,433.2528746280104,1987.2040892898326,0.0,nan
pd,40.0,1.0,replay,168,"demo_00 +15,+15 deg",demo_00,0.16672414964524085,True,7.29,True,0.00653559474603401,2.000000000000001,False,0.005934010032487661,0.1020906072978742,0.004812597381051978,0.5060831955243977,0.32911346955845616,-0.75,0.0,0.041662929646473945,0.07245156496022,59.0,94.0,0.29734444931124826,1500.0000000008397,16.672414964524084,7.8,2602.173773108477,51142.173686695845,0.0,nan
