law,omega,damping,arm,start,origin,replayed,first_step_m,arrived,arrival_time_s,left_goal,hold_error_m,hold_observed_s,success,final_distance_m,training_path_distance_deg,offset_retained,taught_joint_error_deg,taught_path_distance_m,onset_delay_s,taught_arrival_delay_s,jitter_deg,taught_jitter_deg,speed_peaks,taught_speed_peaks,tracking_error_deg,peak_reference_speed_dps,peak_hand_speed_mps,settling_time_s,peak_torque_nm,effort_n2m2s,peak_external_force_n,reference_lead
computed_torque,10.0,1.0,esn,0,demo_00_filtered,,0.000876944164993818,False,nan,False,nan,0.0,False,0.5106206639039728,0.038550261858442895,nan,20.59246896960393,0.001502690461944128,-0.6799999999999999,nan,0.00014272726801868411,0.011619512663959122,0.0,65.0,0.0030262629628613896,18.95587081184838,0.10073034238805895,nan,17.710106260227082,3.1075160378345186,0.0,nan
computed_torque,10.0,1.0,replay,0,demo_00_filtered,demo_00_filtered,0.0,True,7.29,True,0.006569057073539171,2.000000000000001,False,0.00593401003248979,0.014934454533841774,nan,0.03359273626470021,0.0023551464427987896,0.010000000000000009,0.009999999999999787,0.010075533438479693,0.011619512663959122,37.0,65.0,0.03237773918612064,24.528633369272725,0.4184054728381718,7.79,13.851833208323095,31.844938946298683,0.0,nan
computed_torque,10.0,1.0,esn,1,"demo_00_filtered -15,-15 deg",,0.1341265007229466,True,1.4000000000000001,False,0.00676393701402224,1.9999999999999998,True,0.006760824249131084,1.5669210426101143,0.07774630075358695,14.841297561820053,0.3722577662465813,-0.74,-5.88,0.026882365145516417,0.011619512663959122,0.0,65.0,0.31561444339526634,2244.3756667955404,14.988502277262626,1.4000000000000001,2439.525520512939,63938.60326736832,0.0,nan
computed_torque,10.0,1.0,replay,1,"demo_00_filtered -15,-15 deg",demo_00_filtered,0.12887031034557866,True,7.29,True,0.006569057073539171,2.000000000000001,False,0.00593401003248979,0.1234361235551005,0.006124560028746541,0.5202543103921508,0.3722577662465813,-0.74,0.009999999999999787,0.017577112831438313,0.011619512663959122,22.0,65.0,0.3096831427739799,1500.0000000008336,13.985778424767322,7.79,1758.1085787081245,33219.18153469107,0.0,nan
computed_torque,10.0,1.0,esn,2,"demo_00_filtered -15,-12.5 deg",,0.12350451038931008,True,1.42,False,0.006764004205613458,2.0,True,0.006760824249129541,1.6264343852918501,0.08860522731010533,14.813715133956396,0.34016552460616184,-0.74,-5.86,0.026320078677807834,0.011619512663959122,0.0,65.0,0.3070335020835063,2183.6934300088383,13.867589021085164,1.42,2303.260449601794,56987.87514217578,0.0,nan
computed_torque,10.0,1.0,replay,2,"demo_00_filtered -15,-12.5 deg",demo_00_filtered,0.11773122416037116,True,7.29,True,0.006569057073539171,2.000000000000001,False,0.00593401003248979,0.1133783056108961,0.006176646676641298,0.4790455981750418,0.34016552460616184,-0.74,0.009999999999999787,0.01665134329968227,0.011619512663959122,24.0,65.0,0.28532641456041347,1500.0000000008301,12.822384345251187,7.79,1682.7808613665356,30412.79290617676,0.0,nan
computed_torque,10.0,1.0,esn,3,"demo_00_filtered -15,-10 deg",,0.1126282941641389,True,1.46,False,0.006763976632067277,2.0,True,0.006760824249129714,1.6663680123437798,0.09960203531264072,14.768288601481569,0.3094066315076212,-0.74,-5.82,0.025754743093645616,0.011619512663959122,0.0,65.0,0.29692587635038153,2095.1873201418775,12.704743515427351,1.46,2148.307119660337,49523.65173660497,0.0,nan
computed_torque,10.0,1.0,replay,3,"demo_00_filtered -15,-10 deg",demo_00_filtered,0.10707174259443396,True,7.29,True,0.006569057073539171,2.000000000000001,False,0.00593401003248979,0.10412383410886518,0.006223682718928211,0.4424839350309869,0.3094066315076212,-0.74,0.009999999999999787,0.01585374364532274,0.011619512663959122,25.0,65.0,0.26373023826649994,1500.0000000008301,11.710465994866912,7.79,1614.3729402908166,27983.488492228837,0.0,nan
computed_torque,10.0,1.0,esn,4,"demo_00_filtered -15,-7.5 deg",,0.10097978159553904,True,1.51,False,0.006764000185827158,2.0,True,0.006760824249130113,1.709163440418176,0.11141482360746147,14.700805712622316,0.2804879967071731,-0.74,-5.7700000000000005,0.02527863985284496,0.011619512663959122,0.0,65.0,0.28252100080329673,1965.716344521505,11.437010151672588,1.51,1963.0666919689513,41249.41839740653,0.0,nan
computed_torque,10.0,1.0,replay,4,"demo_00_filtered -15,-7.5 deg",demo_00_filtered,0.09704437131423341,True,7.29,True,0.006569057073539171,2.000000000000001,False,0.00593401003248979,0.09599117364816452,0.006257353408675052,0.4118089245881915,0.2804879967071731,-0.74,0.009999999999999787,0.015204497925032557,0.011619512663959122,25.0,65.0,0.2456238508552902,1500.0000000008301,10.666756895914753,7.79,1552.8455441166932,25903.258923834634,0.0,nan
computed_torque,10.0,1.0,esn,5,"demo_00_filtered -15,-5 deg",,0.08836731197849117,True,1.57,False,0.006764010494570835,2.0,True,0.0067608242491299115,1.7502660511622123,0.12277066348186733,14.614148858574735,0.25410276431812856,-0.74,-5.71,0.02486736078971657,0.011619512663959122,0.0,65.0,0.26171630944674135,1789.5315281367718,10.038612789761586,1.57,1743.7714291338011,32426.107433923597,0.0,nan
computed_torque,10.0,1.0,replay,5,"demo_00_filtered -15,-5 deg",demo_00_filtered,0.0878573660073577,True,7.29,True,0.006569057073539171,2.000000000000001,False,0.00593401003248979,0.08930936931093783,0.0062645164820344075,0.38841776215926527,0.25410276431812856,-0.74,0.009999999999999787,0.014723244969299436,0.011619512663959122,27.0,65.0,0.23182639074214928,1500.0000000008301,9.71370083164642,7.79,1498.1346760788208,24146.345724621446,0.0,nan
computed_torque,10.0,1.0,esn,6,"demo_00_filtered -15,-2.5 deg",,0.07471637267897172,True,1.6400000000000001,False,0.006763975247310389,2.0,True,0.006760824249127789,1.7763363672031443,0.13107935243452418,14.507875138736528,0.2311783066722614,-0.74,-5.640000000000001,0.023248843812017545,0.011619512663959122,0.0,65.0,0.2327959913555967,1564.572012366867,8.502543844773022,1.6400000000000001,1490.2255714719322,23576.494116175905,0.0,nan
computed_torque,10.0,1.0,replay,6,"demo_00_filtered -15,-2.5 deg",demo_00_filtered,0.07978985263340184,True,7.29,True,0.006569057073539171,2.000000000000001,False,0.00593401003248979,0.08448579807832148,0.006234373121266998,0.37368079363474554,0.2311783066722614,-0.74,0.009999999999999787,0.014426806416967848,0.011619512663959122,27.0,65.0,0.2231386039724067,1500.0000000008301,8.880728413510619,7.79,1450.1519305044844,22689.259100129846,0.0,nan
computed_torque,10.0,1.0,esn,7,"demo_00_filtered -15,+0 deg",,0.060502410403628575,True,1.72,False,0.006763996592547044,2.0,True,0.0067608242491305585,1.77385987115907,0.13350785065999668,14.366623053102732,0.21287883178434175,-0.74,-5.5600000000000005,0.01823101188321874,0.011619512663959122,1.0,65.0,0.1964323957854838,1302.6715667567312,6.8882566482259024,1.72,1214.7794550409558,15612.68325251488,0.0,nan
computed_torque,10.0,1.0,replay,7,"demo_00_filtered -15,+0 deg",demo_00_filtered,0.07319762240481986,True,7.29,True,0.006569057073539171,2.000000000000001,False,0.00593401003248979,0.0809597352635319,0.006093356313412658,0.368637386984185,0.21287883178434175,-0.74,0.009999999999999787,0.014326659068055936,0.011619512663959122,27.0,65.0,0.22016620885969393,1500.0000000008301,8.20441113197601,7.79,1408.7848775348914,21510.762880843304,0.0,nan
computed_torque,10.0,1.0,esn,8,"demo_00_filtered -15,+2.5 deg",,0.04709088362309325,True,1.86,False,0.0067639740034087245,1.9999999999999998,True,0.0067608242491324095,1.6857861925590714,0.12498656124974081,14.117950931852132,0.2005175719784051,-0.74,-5.42,0.01346786784102365,0.011619512663959122,1.0,65.0,0.15831206612634205,1037.0837266299418,5.358348681396664,1.86,948.200741592284,9507.691594515301,0.0,nan
computed_torque,10.0,1.0,replay,8,"demo_00_filtered -15,+2.5 deg",demo_00_filtered,0.06848894762671134,True,7.29,True,0.006569057073539171,2.000000000000001,False,0.00593401003248979,0.0780566023301371,0.005787226370191357,0.3736802384578488,0.2005175719784051,-0.74,0.009999999999999787,0.01442689129386215,0.011619512663959122,28.0,65.0,0.22313772488581768,1500.0000000008301,7.7255938954947965,7.79,1373.8975149297328,20591.828139202138,0.0,nan
computed_torque,10.0,1.0,esn,9,"demo_00_filtered -15,+5 deg",,0.036645387881237286,True,2.37,False,0.006764042122234343,2.0,True,0.0067608242491308465,1.2606544874481918,0.08938496171058967,13.176580017895985,0.19525354916435655,-0.74,-4.91,0.0122424555961737,0.011619512663959122,3.0,65.0,0.1302715141566838,820.2198549871913,4.1666046590550865,2.37,736.2400398349639,5744.784546465929,0.0,nan
computed_torque,10.0,1.0,replay,9,"demo_00_filtered -15,+5 deg",demo_00_filtered,0.06604543673792723,True,7.29,True,0.006569057073539171,2.000000000000001,False,0.00593401003248979,0.07811093213780498,0.0055383475391809905,0.3884166939327586,0.19525354916435655,-0.74,0.009999999999999787,0.014723411304806953,0.011619512663959122,28.0,65.0,0.2318246984543712,1500.0000000008301,7.481548655972217,7.79,1345.330785642327,19915.55734368811,0.0,nan
computed_torque,10.0,1.0,esn,10,"demo_00_filtered -15,+7.5 deg",,0.031695813381204994,False,nan,False,nan,0.0,False,0.5106206638700578,0.08647153099900681,0.0057306347270237885,20.601541338038082,0.19748732425538934,-0.74,nan,0.004388692737159419,0.011619512663959122,0.0,65.0,0.11726356881757079,709.0224001330334,3.6024725762496126,nan,626.0762835110277,4172.21721950297,0.0,nan
computed_torque,10.0,1.0,replay,10,"demo_00_filtered -15,+7.5 deg",demo_00_filtered,0.0660937221916662,True,7.29,True,0.006569057073539171,2.000000000000001,False,0.00593401003248979,0.07945969424029155,0.005265946814534103,0.4118074132622511,0.19748732425538934,-0.74,0.009999999999999787,0.015204739530458013,0.011619512663959122,28.0,65.0,0.24562145501233038,1500.0000000008301,7.494184172380015,7.79,1322.9031596876887,19467.081231209733,0.0,nan
computed_torque,10.0,1.0,esn,11,"demo_00_filtered -15,+10 deg",,0.03339592491651272,False,nan,False,nan,0.0,False,0.510620663901503,0.10369372521433387,0.0063227533260811885,20.602987896980146,0.206467727056983,-0.74,nan,0.004643514458561639,0.011619512663959122,0.0,65.0,0.12660963636486722,722.944486853845,3.7886145373790034,nan,630.2512634347095,4287.134458600723,0.0,nan
computed_torque,10.0,1.0,replay,11,"demo_00_filtered -15,+10 deg",demo_00_filtered,0.06860198574762383,True,7.29,True,0.006569057073539171,2.000000000000001,False,0.00593401003248979,0.08168356337255718,0.004980677672949559,0.4424820596252376,0.206467727056983,-0.74,0.009999999999999787,0.015854052592969268,0.011619512663959122,27.0,65.0,0.263727263122268,1500.0000000008301,7.7609187728905935,7.79,1306.4112786646317,19233.43086930969,0.0,nan
computed_torque,10.0,1.0,esn,12,"demo_00_filtered -15,+12.5 deg",,0.04018009493485165,False,nan,False,nan,0.0,False,0.5106206639128936,0.104698853698438,0.005827968225401234,20.60292762308324,0.22199196355207015,-0.74,nan,0.005330076629508366,0.011619512663959122,0.0,65.0,0.15345284429315148,822.9424757283103,4.542368043262773,nan,710.8690293195568,5573.154270824023,0.0,nan
computed_torque,10.0,1.0,replay,12,"demo_00_filtered -15,+12.5 deg",demo_00_filtered,0.0732910615653105,True,7.29,True,0.006569057073539171,2.000000000000001,False,0.00593401003248979,0.08430269476334476,0.004692634246135994,0.47904343283567796,0.22199196355207015,-0.74,0.009999999999999787,0.01665171098551596,0.011619512663959122,27.0,65.0,0.2853229771122933,1500.0000000008301,8.255631218382721,7.79,1295.6306611359198,19203.387639314704,0.0,nan
computed_torque,10.0,1.0,esn,13,"demo_00_filtered -15,+15 deg",,0.04979353544227649,False,nan,False,nan,0.0,False,0.5106206639201709,0.10205269740401002,0.005174196368453397,20.602323314062794,0.24278243515912856,-0.74,nan,0.006231531700821361,0.011619512663959122,0.0,65.0,0.18970196384037524,957.531069651509,5.608443878122754,nan,821.9471114336328,7619.85140654034,0.0,nan
computed_torque,10.0,1.0,replay,13,"demo_00_filtered -15,+15 deg",demo_00_filtered,0.07975037594432566,True,7.29,True,0.006569057073539171,2.000000000000001,False,0.00593401003248979,0.08711710502547994,0.004416943597958239,0.520251917801503,0.24278243515912856,-0.74,0.009999999999999787,0.017577530815295277,0.011619512663959122,27.0,65.0,0.30967934226414867,1500.0000000008397,8.938881492055307,7.79,1290.316466917871,19367.31409794089,0.0,nan
computed_torque,10.0,1.0,esn,14,"demo_00_filtered -12.5,-15 deg",,0.11969361814557616,True,1.42,False,0.006763999222453251,2.0,True,0.00676082424913145,1.6319947753302104,0.08820955155018827,14.811943408424634,0.33581712526057844,-0.74,-5.86,0.024246185887353756,0.011619512663959122,0.0,65.0,0.2810534570842195,1998.8768569760985,13.385407626708815,1.42,2173.5855275589192,50682.46764305686,0.0,nan
computed_torque,10.0,1.0,replay,14,"demo_00_filtered -12.5,-15 deg",demo_00_filtered,0.11614916710359485,True,7.29,True,0.006569057073539171,2.000000000000001,False,0.00593401003248979,0.1150195288917605,0.006216822024447509,0.4790466372618997,0.33581712526057844,-0.74,0.009999999999999787,0.016651167884754188,0.011619512663959122,24.0,65.0,0.2853280640891801,1500.0000000008336,12.634196952200313,7.79,1487.3649573877335,23984.780030280184,0.0,nan
computed_torque,10.0,1.0,esn,15,"demo_00_filtered -12.5,-12.5 deg",,0.10938735665191572,True,1.45,False,0.0067639272140068585,2.0,True,0.006760824249131325,1.669335623969816,0.1004102463240851,14.783771505836324,0.30312453598391825,-0.74,-5.83,0.023593680247349865,0.011619512663959122,0.0,65.0,0.2722583236916215,1936.8715315936877,12.291036868939164,1.45,2042.2374125970837,44712.58643320382,0.0,nan
computed_torque,10.0,1.0,replay,15,"demo_00_filtered -12.5,-12.5 deg",demo_00_filtered,0.10508631548175447,True,7.29,True,0.006569057073539171,2.000000000000001,False,0.00593401003248979,0.10441470604838729,0.006280526338522012,0.43394218315485916,0.30312453598391825,-0.74,0.009999999999999787,0.015670792262072443,0.011619512663959122,25.0,65.0,0.25868826429587216,1250.0000000006978,11.465704879305962,7.79,1418.2787979532768,21756.96949485954,0.0,nan
computed_torque,10.0,1.0,esn,16,"demo_00_filtered -12.5,-10 deg",,0.09883215418427134,True,1.48,False,0.0067639867030630865,2.0,True,0.006760824249129447,1.704473307074599,0.11499786638947429,14.739640720463319,0.2716424723818588,-0.74,-5.800000000000001,0.02314479608976904,0.011619512663959122,0.0,65.0,0.2619263170576384,1845.5912203956764,11.155880920323948,1.48,1890.778350131231,38257.50487453735,0.0,nan
computed_torque,10.0,1.0,replay,16,"demo_00_filtered -12.5,-10 deg",demo_00_filtered,0.09447197108627721,True,7.29,True,0.006569057073539171,2.000000000000001,False,0.00593401003248979,0.09438344437229367,0.0063678877693497185,0.39320880706162775,0.2716424723818588,-0.74,0.009999999999999787,0.014820515645846032,0.011619512663959122,27.0,65.0,0.2346531351050202,1250.0000000006921,10.345604553844435,7.79,1356.0276549898476,19848.923547348,0.0,nan
computed_torque,10.0,1.0,esn,17,"demo_00_filtered -12.5,-7.5 deg",,0.08730444581548907,True,1.53,False,0.006763969786585437,2.0,True,0.006760824249131703,1.7327381038982343,0.13093037157988402,14.673133483141298,0.24191673928653434,-0.74,-5.75,0.022713668988559126,0.011619512663959122,0.0,65.0,0.2464816408915506,1707.5641533490866,9.89415757487167,1.53,1703.448689487543,30939.303906103814,0.0,nan
computed_torque,10.0,1.0,replay,17,"demo_00_filtered -12.5,-7.5 deg",demo_00_filtered,0.08446969224616459,True,7.29,True,0.006569057073539171,2.000000000000001,False,0.00593401003248979,0.0853413800449162,0.006448625199205076,0.3583402343594765,0.24191673928653434,-0.74,0.009999999999999787,0.014123854062877993,0.011619512663959122,27.0,65.0,0.21410168459751053,1250.0000000006921,9.29207396146665,7.79,1300.5605373561073,18235.430365687716,0.0,nan
computed_torque,10.0,1.0,esn,18,"demo_00_filtered -12.5,-5 deg",,0.07446798355883835,True,1.59,False,0.006763962926293019,1.9999999999999998,True,0.006760824249127626,1.7601760564300455,0.14716238010915414,14.584357407510444,0.2147476622163762,-0.74,-5.69,0.022210132464354652,0.011619512663959122,0.0,65.0,0.22311908806190173,1514.4594858130176,8.463765531566903,1.59,1474.2421623252208,23045.974319852725,0.0,nan
computed_torque,10.0,1.0,replay,18,"demo_00_filtered -12.5,-5 deg",demo_00_filtered,0.07531518461544523,True,7.29,True,0.006569057073539171,2.000000000000001,False,0.00593401003248979,0.07776975593689459,0.006502066848581903,0.3311940385199186,0.2147476622163762,-0.74,0.009999999999999787,0.01360442717879577,0.011619512663959122,28.0,65.0,0.19812100010610112,1250.0000000006921,8.330874320885526,7.79,1251.8019122020655,16893.573954724376,0.0,nan
computed_torque,10.0,1.0,esn,19,"demo_00_filtered -12.5,-2.5 deg",,0.06043475210304022,True,1.6600000000000001,False,0.006763961875310616,2.0,True,0.006760824249130575,1.7698483972232535,0.15927849583621598,14.469486368571486,0.19128983129964838,-0.74,-5.62,0.019631486387828124,0.011619512663959122,1.0,65.0,0.19052055867586318,1269.1336544208243,6.879185780747862,1.6600000000000001,1207.8759588011364,15375.286812821096,0.0,nan
computed_torque,10.0,1.0,replay,19,"demo_00_filtered -12.5,-2.5 deg",demo_00_filtered,0.06734310731544002,True,7.29,True,0.006569057073539171,2.000000000000001,False,0.00593401003248979,0.07235848716427759,0.006511942500042541,0.3137809247258589,0.19128983129964838,-0.74,0.009999999999999787,0.013283043319579371,0.011619512663959122,30.0,65.0,0.18788105764356527,1250.0000000006921,7.497818649512038,7.79,1209.6520434223742,15802.730289535524,0.0,nan
computed_torque,10.0,1.0,esn,20,"demo_00_filtered -12.5,+0 deg",,0.04613569421577458,True,1.75,False,0.0067640628650544295,2.0,True,0.00676082424913083,1.7355334004759602,0.16089390694087358,14.297234622269576,0.17310630848029132,-0.74,-5.53,0.013629679455926321,0.011619512663959122,1.0,65.0,0.1510323185230245,994.4196556897075,5.252536167767471,1.75,926.8893082857984,9017.7536953433,0.0,nan
computed_torque,10.0,1.0,replay,20,"demo_00_filtered -12.5,+0 deg",demo_00_filtered,0.06100296117531678,True,7.29,True,0.006569057073539171,2.000000000000001,False,0.00593401003248979,0.06953228031307941,0.006446041450433207,0.30775746339097865,0.17310630848029132,-0.74,0.009999999999999787,0.013174204207065613,0.011619512663959122,31.0,65.0,0.18434102842872618,1250.0000000006921,6.839800642994119,7.79,1173.9873979457427,14944.531539727159,0.0,nan
computed_torque,10.0,1.0,esn,21,"demo_00_filtered -12.5,+2.5 deg",,0.033516547721279925,True,1.98,False,0.006764002370715913,2.0,True,0.0067608242491310104,1.5394713947083247,0.13952483430386564,13.89319215608797,0.16202000805765315,-0.74,-5.300000000000001,0.010450856978426609,0.011619512663959122,3.0,65.0,0.11410035712243101,737.6905389649959,3.8129739950997026,1.98,674.3653699986255,4774.72021958996,0.0,nan
computed_torque,10.0,1.0,replay,21,"demo_00_filtered -12.5,+2.5 deg",demo_00_filtered,0.05682385039332091,True,7.29,True,0.006569057073539171,2.000000000000001,False,0.00593401003248979,0.06753550274297078,0.00612085412059674,0.3137802635670964,0.16202000805765315,-0.74,0.009999999999999787,0.013283135504920192,0.011619512663959122,33.0,65.0,0.1878800135877388,1250.0000000006921,6.410503108872324,7.79,1144.6611186750963,14302.800057942293,0.0,nan
computed_torque,10.0,1.0,esn,22,"demo_00_filtered -12.5,+5 deg",,0.025416171194107967,False,nan,False,nan,0.0,False,0.5106206637311826,0.0887146229168105,0.00754262699583254,20.602635663840278,0.15954708774781662,-0.74,nan,0.0035139477200848384,0.011619512663959122,0.0,65.0,0.09174834322699042,565.8323948256245,2.890147645059942,nan,507.9920778699264,2716.1665880909977,0.0,nan
computed_torque,10.0,1.0,replay,22,"demo_00_filtered -12.5,+5 deg",demo_00_filtered,0.05527502182091467,True,7.29,True,0.006569057073539171,2.000000000000001,False,0.00593401003248979,0.06846977183065142,0.005821384710079237,0.33119278572453237,0.15954708774781662,-0.74,0.009999999999999787,0.013604607193435357,0.011619512663959122,33.0,65.0,0.1981190199147224,1250.0000000006921,6.256372537254784,7.79,1121.5035627255545,13863.45414703689,0.0,nan
computed_torque,10.0,1.0,esn,23,"demo_00_filtered -12.5,+7.5 deg",,0.024126791745651927,False,nan,False,nan,0.0,False,0.510620663894898,0.09501526052210715,0.007349991871970575,20.600723053401943,0.1654513955594008,-0.74,nan,0.0034944229565615024,0.011619512663959122,0.0,65.0,0.09043232128759222,526.3021285785572,2.7410035888467155,nan,465.3786137063904,2301.403338311821,0.0,nan
computed_torque,10.0,1.0,replay,23,"demo_00_filtered -12.5,+7.5 deg",demo_00_filtered,0.056547912416891596,True,7.29,True,0.006569057073539171,2.000000000000001,False,0.00593401003248979,0.07054386664019659,0.005456984947193642,0.35833849752443336,0.1654513955594008,-0.74,0.009999999999999787,0.01412411415368166,0.011619512663959122,33.0,65.0,0.2140989360106312,1250.0000000006921,6.3961934502536515,7.79,1104.322903443246,13614.387925679857,0.0,nan
computed_torque,10.0,1.0,esn,24,"demo_00_filtered -12.5,+10 deg",,0.029145209254486437,False,nan,False,nan,0.0,False,0.510620663910446,0.10093619020919503,0.006992135996026896,20.601127109388774,0.17908683049414897,-0.74,nan,0.004079079340684967,0.011619512663959122,0.0,65.0,0.11102135571231235,599.6794226230684,3.299887282798691,nan,524.5478638459307,2990.1002517879847,0.0,nan
computed_torque,10.0,1.0,replay,24,"demo_00_filtered -12.5,+10 deg",demo_00_filtered,0.060438782040566436,True,7.29,True,0.006569057073539171,2.000000000000001,False,0.00593401003248979,0.0733307138030485,0.005079826398578818,0.3932066966374227,0.17908683049414897,-0.74,0.009999999999999787,0.014820846131641453,0.011619512663959122,30.0,65.0,0.2346497912900671,1250.0000000006921,6.810502154963733,7.79,1092.9057945277066,13545.327888495203,0.0,nan
computed_torque,10.0,1.0,esn,25,"demo_00_filtered -12.5,+12.5 deg",,0.038044622344571004,False,nan,False,nan,0.0,False,0.5106206639189406,0.09882609989628452,0.00610359553910513,20.600462305894396,0.19920154398287232,-0.74,nan,0.004999426253040268,0.011619512663959122,0.0,65.0,0.14499916263572027,729.0193487082784,4.2897833702211,nan,633.0495615424776,4469.117123575754,0.0,nan
computed_torque,10.0,1.0,replay,25,"demo_00_filtered -12.5,+12.5 deg",demo_00_filtered,0.06646403158483258,True,7.29,True,0.006569057073539171,2.000000000000001,False,0.00593401003248979,0.07658731482976414,0.004730106658439155,0.4339397927516126,0.19920154398287232,-0.74,0.009999999999999787,0.015671182954145834,0.011619512663959122,28.0,65.0,0.25868447287522384,1250.0000000007042,7.452109163413239,7.79,1087.0180944245606,13647.669001569588,0.0,nan
computed_torque,10.0,1.0,esn,26,"demo_00_filtered -12.5,+15 deg",,0.049036724231570294,False,nan,False,nan,0.0,False,0.5106206639253057,0.09873085769334493,0.005447864674332572,20.59990530358216,0.22402509447427477,-0.74,nan,0.006019194837732969,0.011619512663959122,0.0,65.0,0.18563418848841592,957.3653234579465,5.508090799575403,nan,757.5224792033217,6553.873565097735,0.0,nan
computed_torque,10.0,1.0,replay,26,"demo_00_filtered -12.5,+15 deg",demo_00_filtered,0.07408006392095123,True,7.29,True,0.006569057073539171,2.000000000000001,False,0.00593401003248979,0.08009469466633852,0.004419540839293362,0.47904403885912555,0.22402509447427477,-0.74,0.009999999999999787,0.016651609111428614,0.011619512663959122,27.0,65.0,0.28532393917031484,1500.0000000008397,8.266606229722385,7.79,1086.4056490037124,13914.293384809223,0.0,nan
computed_torque,10.0,1.0,esn,27,"demo_00_filtered -10,-15 deg",,0.10537457152556648,True,1.44,False,0.006764004264648934,2.0,True,0.006760824249130821,1.6830873363075471,0.09879824395952597,14.786501760190621,0.3011450390329776,-0.74,-5.84,0.021651350915524968,0.011619512663959122,0.0,65.0,0.24683898821741254,1755.5759890904133,11.793032446104334,1.44,1909.9762685674204,39064.55821028178,0.0,nan
computed_torque,10.0,1.0,replay,27,"demo_00_filtered -10,-15 deg",demo_00_filtered,0.103846530224255,True,7.29,True,0.006569057073539171,2.000000000000001,False,0.00593401003248979,0.10763114665450213,0.006318013364739578,0.44248618491723407,0.3011450390329776,-0.74,0.009999999999999787,0.01585337516292375,0.011619512663959122,25.0,65.0,0.26373380746135366,1500.0000000008336,11.330124965918001,7.79,1216.6213360673426,16288.972548313095,0.0,nan
computed_torque,10.0,1.0,esn,28,"demo_00_filtered -10,-12.5 deg",,0.09535827660216016,True,1.47,False,0.00676391425460357,2.0,True,0.006760824249129099,1.7072129678221748,0.11389794395141299,14.758281183248547,0.2677394146195714,-0.74,-5.8100000000000005,0.020990974912648536,0.011619512663959122,0.0,65.0,0.23773910620541436,1691.5370766753413,10.722704824251156,1.47,1782.8125687643553,33989.26996510086,0.0,nan
computed_torque,10.0,1.0,replay,28,"demo_00_filtered -10,-12.5 deg",demo_00_filtered,0.09282544054287319,True,7.29,True,0.006569057073539171,2.000000000000001,False,0.00593401003248979,0.09614710228069677,0.006414523245232423,0.39321007297865596,0.2677394146195714,-0.74,0.009999999999999787,0.014820318561055559,0.011619512663959122,27.0,65.0,0.234655140846294,1250.0000000006978,10.152370864141778,7.79,1153.776734540018,14576.421393623565,0.0,nan
computed_torque,10.0,1.0,esn,29,"demo_00_filtered -10,-10 deg",,0.08511853004330486,True,1.5,False,0.00676394004272372,2.0,True,0.00676082424913061,1.7314778582734869,0.13217919837351058,14.715347264026482,0.23533910162911448,-0.74,-5.78,0.020552430750191905,0.011619512663959122,1.0,65.0,0.2271308805605527,1596.8803410286957,9.614972318339237,1.5,1634.2699308608858,28483.59715159897,0.0,nan
computed_torque,10.0,1.0,replay,29,"demo_00_filtered -10,-10 deg",demo_00_filtered,0.08220229397863514,True,7.29,True,0.006569057073539171,2.000000000000001,False,0.00593401003248979,0.08542343773969936,0.00652113538084846,0.3477377016107155,0.23533910162911448,-0.74,0.009999999999999787,0.013918182213885022,0.011619512663959122,27.0,65.0,0.20785935354416435,1000.0000000005556,9.017648671710484,7.79,1097.6823696888798,13128.798975968524,0.0,nan
computed_torque,10.0,1.0,esn,30,"demo_00_filtered -10,-7.5 deg",,0.07368433068924009,True,1.54,False,0.006764020951516718,2.0,True,0.0067608242491308465,1.7557741578997135,0.15553727321463523,14.64879156571409,0.20449838465593828,-0.74,-5.74,0.02021654795252462,0.011619512663959122,1.0,65.0,0.21046314964160337,1449.0352889376331,8.356883080340896,1.54,1443.6751187835173,22111.08692157837,0.0,nan
computed_torque,10.0,1.0,replay,30,"demo_00_filtered -10,-7.5 deg",demo_00_filtered,0.07214759495851511,True,7.29,True,0.006569057073539171,2.000000000000001,False,0.00593401003248979,0.0754255145189993,0.006681655955757672,0.3077597548924796,0.20449838465593828,-0.74,0.009999999999999787,0.013173889544079742,0.011619512663959122,28.0,65.0,0.18434464567400627,1000.000000000554,7.945144815833311,7.79,1048.275530595522,11923.701792714677,0.0,nan
computed_torque,10.0,1.0,esn,31,"demo_00_filtered -10,-5 deg",,0.06059965899593795,True,1.6,False,0.006764018294405562,2.0,True,0.006760824249131008,1.7671634806328844,0.18094969978397643,14.555727597703385,0.176103621475446,-0.74,-5.68,0.019455665121146846,0.011619512663959122,1.0,65.0,0.18427049457282305,1237.9926045166042,6.892777106472393,1.6,1203.6603953086667,15249.590941848039,0.0,nan
computed_torque,10.0,1.0,replay,31,"demo_00_filtered -10,-5 deg",demo_00_filtered,0.06292598893832112,True,7.29,True,0.006569057073539171,2.000000000000001,False,0.00593401003248979,0.06689223696988707,0.006849468275139294,0.27567704714358776,0.176103621475446,-0.74,0.009999999999999787,0.012615409267768342,0.011619512663959122,33.0,65.0,0.1655154002630111,1000.000000000554,6.9641997201831005,7.79,1005.4691483253105,10941.057385737276,0.0,nan
computed_torque,10.0,1.0,esn,32,"demo_00_filtered -10,-2.5 deg",,0.04630925818733385,True,1.68,False,0.0067639764579090576,2.0,True,0.006760824249130411,1.7479896323709165,0.20078824249861488,14.4261242869933,0.15161339876324625,-0.74,-5.6000000000000005,0.015505095089990381,0.011619512663959122,1.0,65.0,0.14810673485249512,975.0181635803713,5.274813542089389,1.68,927.1064060669352,8973.871722607835,0.0,nan
computed_torque,10.0,1.0,replay,32,"demo_00_filtered -10,-2.5 deg",demo_00_filtered,0.05494643299503086,True,7.29,True,0.006569057073539171,2.000000000000001,False,0.00593401003248979,0.06061149067559879,0.006962326585122572,0.25449324527870987,0.15161339876324625,-0.74,0.009999999999999787,0.012268143786244067,0.011619512663959122,33.0,65.0,0.15311012005235858,1000.000000000554,6.119278545930468,7.79,969.1521563402637,10163.099306478802,0.0,nan
computed_torque,10.0,1.0,esn,33,"demo_00_filtered -10,+0 deg",,0.03233390151000207,True,1.81,False,0.006764008438966254,2.0,True,0.006760824249131648,1.652049684918258,0.1993487005508337,14.19184781284725,0.13325308662635776,-0.74,-5.470000000000001,0.009267358159698053,0.011619512663959122,1.0,65.0,0.10670016398159726,697.3049235125721,3.682755546969163,1.81,649.6329276302238,4388.642938618461,0.0,nan
computed_torque,10.0,1.0,replay,33,"demo_00_filtered -10,+0 deg",demo_00_filtered,0.04880560417716487,True,7.29,True,0.006569057073539171,2.000000000000001,False,0.00593401003248979,0.05706592460884693,0.006886002291794484,0.24702833732898766,0.13325308662635776,-0.74,0.009999999999999787,0.012150216813687055,0.011619512663959122,34.0,65.0,0.14874485471216636,1000.000000000554,5.473667997272533,7.79,939.1899183565941,9574.311141482094,0.0,nan
computed_torque,10.0,1.0,esn,34,"demo_00_filtered -10,+2.5 deg",,0.021387980599577045,True,2.33,False,0.006764131647524103,2.0,True,0.00676082424913156,1.1978228872574488,0.13925365574073054,13.233813829145562,0.12381119690651753,-0.74,-4.95,0.007719568704517086,0.011619512663959122,3.0,65.0,0.0749253588468666,470.1613515371391,2.4341582237469983,2.33,429.73552237770923,1923.4534111827725,0.0,nan
computed_torque,10.0,1.0,replay,34,"demo_00_filtered -10,+2.5 deg",demo_00_filtered,0.0452379840568617,True,7.29,True,0.006569057073539171,2.000000000000001,False,0.00593401003248979,0.05714350742543447,0.006643254520757069,0.25449243009353156,0.12381119690651753,-0.74,0.009999999999999787,0.012268243597687883,0.011619512663959122,34.0,65.0,0.1531088388921814,1000.000000000554,5.1031028232820725,7.79,915.4247224204598,9161.341440625089,0.0,nan
computed_torque,10.0,1.0,esn,35,"demo_00_filtered -10,+5 deg",,0.01668203934894525,False,nan,False,nan,0.0,False,0.5106206638808325,0.07957686624296477,0.008375808134563428,20.598266800343108,0.1252980207547958,-0.74,nan,0.0024853630040680033,0.011619512663959122,0.0,65.0,0.061397028149276105,366.0560737157976,1.898171473034589,nan,328.7513880243332,1130.6268307518114,0.0,nan
computed_torque,10.0,1.0,replay,35,"demo_00_filtered -10,+5 deg",demo_00_filtered,0.044838499463578894,True,7.29,True,0.006569057073539171,2.000000000000001,False,0.00593401003248979,0.0591921566616154,0.0062302295965637145,0.27567554205378936,0.1252980207547958,-0.74,0.009999999999999787,0.012615603394915815,0.011619512663959122,34.0,65.0,0.16551302997997838,1000.000000000554,5.067399454939519,7.79,897.676339808782,8912.891709542253,0.0,nan
computed_torque,10.0,1.0,esn,36,"demo_00_filtered -10,+7.5 deg",,0.01921397875984565,False,nan,False,nan,0.0,False,0.5106206639071372,0.09402535250858451,0.00861785008970061,20.599323338320946,0.1361900127478365,-0.74,nan,0.0028513780190356566,0.011619512663959122,0.0,65.0,0.07296283600415815,398.0986894202022,2.1801413706517705,nan,352.83179882367597,1329.9547083513605,0.0,nan
computed_torque,10.0,1.0,replay,36,"demo_00_filtered -10,+7.5 deg",demo_00_filtered,0.04766241907869869,True,7.29,True,0.006569057073539171,2.000000000000001,False,0.00593401003248979,0.062172868826043746,0.0056984254660523296,0.3077577326059296,0.1361900127478365,-0.74,0.009999999999999787,0.013174168389555629,0.011619512663959122,34.0,65.0,0.18434145340120142,1000.000000000554,5.372035981110364,7.79,885.7426471988036,8819.579919897502,0.0,nan
computed_torque,10.0,1.0,esn,37,"demo_00_filtered -10,+10 deg",,0.026953946875027147,False,nan,False,nan,0.0,False,0.5106206639175348,0.09423989145201087,0.007443009322612259,20.59879913491899,0.15557385548634772,-0.74,nan,0.003753686481621481,0.011619512663959122,0.0,65.0,0.10288005685178495,513.4193024852993,3.0438631548340003,nan,451.1676269453192,2242.1390234418013,0.0,nan
computed_torque,10.0,1.0,replay,37,"demo_00_filtered -10,+10 deg",demo_00_filtered,0.053174750127710925,True,7.29,True,0.006569057073539171,2.000000000000001,False,0.00593401003248979,0.06583003597993937,0.005199216212553631,0.34773531522005163,0.15557385548634772,-0.74,0.009999999999999787,0.013918534124969116,0.011619512663959122,33.0,65.0,0.2078555786926469,1000.0000000005556,5.963678412431109,7.79,879.4003103907809,8873.78225336042,0.0,nan
computed_torque,10.0,1.0,esn,38,"demo_00_filtered -10,+12.5 deg",,0.03751541434185272,False,nan,False,nan,0.0,False,0.5106206639246611,0.09498968179608845,0.006492011824133487,20.59805709658882,0.1807083165450938,-0.74,nan,0.00484176399149936,0.011619512663959122,0.0,65.0,0.1423607965676494,742.3910189923748,4.218112855173217,nan,577.3184067076614,3775.5218542764082,0.0,nan
computed_torque,10.0,1.0,replay,38,"demo_00_filtered -10,+12.5 deg",demo_00_filtered,0.060623724883765134,True,7.29,True,0.006569057073539171,2.000000000000001,False,0.00593401003248979,0.06967242073177807,0.004761719069421411,0.39320743495512267,0.1807083165450938,-0.74,0.009999999999999787,0.01482073167264178,0.011619512663959122,33.0,65.0,0.23465096110588457,1250.0000000007042,6.765925956577837,7.79,878.4055277132012,9069.45602473573,0.0,nan
computed_torque,10.0,1.0,esn,39,"demo_00_filtered -10,+15 deg",,0.04941011973038833,False,nan,False,nan,0.0,False,0.510620663930717,0.09752069466574433,0.005824196413043834,20.598078502798373,0.2094956888977338,-0.74,nan,0.005901046522300278,0.011619512663959122,1.0,65.0,0.18555998510785982,1013.0159565318878,5.5349009724202185,nan,706.0763114636568,5783.708050313719,0.0,nan
computed_torque,10.0,1.0,replay,39,"demo_00_filtered -10,+15 deg",demo_00_filtered,0.06936662253168788,True,7.29,True,0.006569057073539171,2.000000000000001,False,0.00593401003248979,0.07475406571524582,0.004464512510821076,0.442483371819934,0.2094956888977338,-0.74,0.009999999999999787,0.015853838592907107,0.011619512663959122,28.0,65.0,0.2637293447928171,1500.0000000008397,7.711737060581351,7.79,882.4948310895534,9401.946924447,0.0,nan
computed_torque,10.0,1.0,esn,40,"demo_00_filtered -7.5,-15 deg",,0.09122467507248844,True,1.46,False,0.006763948829314397,2.0,True,0.0067608242491311,1.7205251706883236,0.11009458503997263,14.765675296098106,0.26899654651593896,-0.74,-5.82,0.019096551130462963,0.011619512663959122,1.0,65.0,0.2131256171354336,1515.5153334899437,10.217849163720818,1.46,1649.7980816483475,29082.24448402853,0.0,nan
computed_torque,10.0,1.0,replay,40,"demo_00_filtered -7.5,-15 deg",demo_00_filtered,0.09213280501418261,True,7.29,True,0.006569057073539171,2.000000000000001,False,0.00593401003248979,0.10095084901729504,0.006459738004033754,0.4118125507966409,0.26899654651593896,-0.74,0.009999999999999787,0.015203921595414793,0.011619512663959122,27.0,65.0,0.24562959927891068,1500.0000000008336,10.0933747091641,7.79,945.8777147469506,10130.112260505184,0.0,nan
computed_torque,10.0,1.0,esn,41,"demo_00_filtered -7.5,-12.5 deg",,0.08147932486118095,True,1.48,False,0.00676396670063911,2.0,True,0.0067608242491311666,1.7427510882429333,0.12810407234400642,14.737470828163065,0.23484343215357048,-0.74,-5.800000000000001,0.01848009129431621,0.011619512663959122,1.0,65.0,0.2036464489935217,1448.7815839993089,9.169882512390947,1.48,1526.132183998368,24827.50195890122,0.0,nan
computed_torque,10.0,1.0,replay,41,"demo_00_filtered -7.5,-12.5 deg",demo_00_filtered,0.08112555822457884,True,7.29,True,0.006569057073539171,2.000000000000001,False,0.00593401003248979,0.08911683309780809,0.006550694078602102,0.3583430125492992,0.23484343215357048,-0.74,0.009999999999999787,0.01412344044750714,0.011619512663959122,27.0,65.0,0.21410608111272772,1250.0000000006978,8.903007913230033,7.79,889.2746711267594,8869.555676806705,0.0,nan
computed_torque,10.0,1.0,esn,42,"demo_00_filtered -7.5,-10 deg",,0.07155387481540451,True,1.51,False,0.006763967290464216,2.0,True,0.006760824249128844,1.7543693405999727,0.15267571597606933,14.695184489430742,0.2013776475390451,-0.74,-5.7700000000000005,0.01803870644773796,0.011619512663959122,1.0,65.0,0.19271141830075722,1350.0594194990329,8.089952663052744,1.51,1379.8457920187693,20215.27418856929,0.0,nan
computed_torque,10.0,1.0,replay,42,"demo_00_filtered -7.5,-10 deg",demo_00_filtered,0.07043814788229241,True,7.29,True,0.006569057073539171,2.000000000000001,False,0.00593401003248979,0.07737969252993937,0.00673404378748226,0.30776137228789824,0.2013776475390451,-0.74,0.009999999999999787,0.013173667824946025,0.011619512663959122,30.0,65.0,0.18434719878439654,1000.0000000005556,7.747081003371626,7.79,839.3370843879111,7821.576749819862,0.0,nan
computed_torque,10.0,1.0,esn,43,"demo_00_filtered -7.5,-7.5 deg",,0.06021915538381586,True,1.55,False,0.006764035629131765,2.0,True,0.006760824249128648,1.7673446701286097,0.18476581219368612,14.627255537095445,0.16908267475798583,-0.74,-5.73,0.017682707193581934,0.011619512663959122,1.0,65.0,0.17470256712495252,1191.6872008814312,6.836976002914626,1.55,1185.3624572283752,14807.620368777943,0.0,nan
computed_torque,10.0,1.0,replay,43,"demo_00_filtered -7.5,-7.5 deg",demo_00_filtered,0.060236125185459455,True,7.29,True,0.006569057073539171,2.000000000000001,False,0.00593401003248979,0.06654092122039391,0.006956474060324347,0.2617472442691736,0.16908267475798583,-0.74,0.009999999999999787,0.012384712089617837,0.011619512663959122,33.0,65.0,0.15735732341562902,750.0000000004198,6.64442863913063,7.79,795.9905238349363,6966.590636616527,0.0,nan
computed_torque,10.0,1.0,esn,44,"demo_00_filtered -7.5,-5 deg",,0.046968877238643444,True,1.61,False,0.006764063447681078,1.9999999999999998,True,0.006760824249130305,1.7621493289394548,0.22716558234005876,14.527075707593427,0.13886725222441254,-0.74,-5.67,0.016414786836488154,0.011619512663959122,1.0,65.0,0.14569583448600965,964.0076542987589,5.349295799464602,1.61,935.8719698836039,9128.979842634544,0.0,nan
computed_torque,10.0,1.0,replay,44,"demo_00_filtered -7.5,-5 deg",demo_00_filtered,0.050804809326556406,True,7.29,True,0.006569057073539171,2.000000000000001,False,0.00593401003248979,0.05700300129082681,0.007348480500886489,0.22314431983099006,0.13886725222441254,-0.74,0.009999999999999787,0.011788904903187918,0.011619512663959122,34.0,65.0,0.13480996464683412,750.0000000004168,5.627114969970379,7.79,759.1363844485551,6287.369053041724,0.0,nan
computed_torque,10.0,1.0,esn,45,"demo_00_filtered -7.5,-2.5 deg",,0.03273931755965364,True,1.7,False,0.00676407275256644,2.0,True,0.006760824249130657,1.7082264078270064,0.2680789285184007,14.371060472951664,0.11248900871190617,-0.74,-5.58,0.010992288987319361,0.011619512663959122,1.0,65.0,0.10664260553731673,690.6558985067313,3.7341706462140056,1.7,656.0094057393871,4440.310362202265,0.0,nan
computed_torque,10.0,1.0,replay,45,"demo_00_filtered -7.5,-2.5 deg",demo_00_filtered,0.04264666151351011,True,7.29,True,0.006569057073539171,2.000000000000001,False,0.00593401003248979,0.04915206773751622,0.007713634207481242,0.19637302524409234,0.11248900871190617,-0.74,0.009999999999999787,0.011416526607645232,0.011619512663959122,34.0,65.0,0.11925220210253391,750.0000000004168,4.750673912339811,7.79,728.6522692581532,5768.994530685219,0.0,nan
computed_torque,10.0,1.0,esn,46,"demo_00_filtered -7.5,+0 deg",,0.019796621890493988,True,1.92,False,0.0067640113330860495,2.0,True,0.006760824249132027,1.4959251726380118,0.2584522741149569,13.991365020142895,0.09334029946949414,-0.74,-5.36,0.005931255070365019,0.011619512663959122,2.0,65.0,0.06598348473791248,426.93424816603635,2.2571443331310816,1.92,397.56535881632277,1626.4554323537832,0.0,nan
computed_torque,10.0,1.0,replay,46,"demo_00_filtered -7.5,+0 deg",demo_00_filtered,0.03660609042112627,True,7.29,True,0.006569057073539171,2.000000000000001,False,0.00593401003248979,0.044945149386904935,0.0077652119784824,0.1865973006089622,0.09334029946949414,-0.74,0.009999999999999787,0.011289707544605237,0.011619512663959122,36.0,65.0,0.11359318046079778,750.0000000004168,4.106317219463802,7.79,704.3924387674452,5398.784765993971,0.0,nan
computed_torque,10.0,1.0,esn,47,"demo_00_filtered -7.5,+2.5 deg",,0.011667395573628014,False,nan,False,nan,0.0,False,0.5106206637928206,0.06953404120020257,0.01121867586856739,20.59836143349088,0.08639603194917861,-0.74,nan,0.001733116491377601,0.011619512663959122,0.0,65.0,0.041757318429645696,255.50042701917434,1.3296678987093484,nan,233.47763186651264,562.2734707818986,0.0,nan
computed_torque,10.0,1.0,replay,47,"demo_00_filtered -7.5,+2.5 deg",demo_00_filtered,0.03381598211897286,True,7.29,True,0.006569057073539171,2.000000000000001,False,0.00593401003248979,0.0467009292616775,0.007534763967467029,0.19637196878866992,0.08639603194917861,-0.74,0.009999999999999787,0.011416633864468218,0.011619512663959122,36.0,65.0,0.11925055719269351,750.0000000004168,3.8130729032067987,7.79,686.1883261658231,5166.18905868965,0.0,nan
computed_torque,10.0,1.0,esn,48,"demo_00_filtered -7.5,+5 deg",,0.010971480805514577,False,nan,False,nan,0.0,False,0.5106206639019747,0.0818087690542865,0.011062223388522915,20.59733553479323,0.09345077971847526,-0.74,nan,0.0017162410477951468,0.011619512663959122,0.0,65.0,0.04144793260936298,229.95258414611757,1.2485996192347688,nan,206.68074007216063,447.29720163412566,0.0,nan
computed_torque,10.0,1.0,replay,48,"demo_00_filtered -7.5,+5 deg",demo_00_filtered,0.03503817048669265,True,7.29,True,0.006569057073539171,2.000000000000001,False,0.00593401003248979,0.05053510881044205,0.006833383133456783,0.22314246040966276,0.09345077971847526,-0.74,0.009999999999999787,0.011789112640098243,0.011619512663959122,36.0,65.0,0.134807054477906,750.0000000004168,3.9489966303005373,7.79,673.8491168920094,5062.659143653043,0.0,nan
computed_torque,10.0,1.0,esn,49,"demo_00_filtered -7.5,+7.5 deg",,0.01689104569129778,False,nan,False,nan,0.0,False,0.5106206639157989,0.08734912203612766,0.009561039840472324,20.597233493035766,0.11197625770655525,-0.74,nan,0.002518630461548217,0.011619512663959122,0.0,65.0,0.06471592202484237,318.02961241019295,1.9117337345107888,nan,282.8901350168971,869.6811586886032,0.0,nan
computed_torque,10.0,1.0,replay,49,"demo_00_filtered -7.5,+7.5 deg",demo_00_filtered,0.03988311883671989,True,7.29,True,0.006569057073539171,2.000000000000001,False,0.00593401003248979,0.05473322105806388,0.005990976153338869,0.26174486648217227,0.11197625770655525,-0.74,0.009999999999999787,0.012385008703246016,0.011619512663959122,34.0,65.0,0.1573535836449975,750.0000000004198,4.4739204804735735,7.79,667.162390954361,5081.496999218896,0.0,nan
computed_torque,10.0,1.0,esn,50,"demo_00_filtered -7.5,+10 deg",,0.026686407883007218,False,nan,False,nan,0.0,False,0.5106206639239852,0.08915454425946293,0.007982529047561929,20.596445805847672,0.13797570843286386,-0.74,nan,0.003659332778276752,0.011619512663959122,0.0,65.0,0.10167499548939939,539.4753820951313,3.004582611139484,nan,405.1660721091218,1846.1046298717513,0.0,nan
computed_torque,10.0,1.0,replay,50,"demo_00_filtered -7.5,+10 deg",demo_00_filtered,0.04722818393666138,True,7.29,True,0.006569057073539171,2.000000000000001,False,0.00593401003248979,0.059235671056142504,0.005303716919704766,0.3077586759170502,0.13797570843286386,-0.74,0.009999999999999787,0.01317403962386035,0.011619512663959122,34.0,65.0,0.18434294246732366,1000.0000000005556,5.271532124298643,7.79,665.8948262538552,5217.682462592042,0.0,nan
computed_torque,10.0,1.0,esn,51,"demo_00_filtered -7.5,+12.5 deg",,0.03827112902775235,False,nan,False,nan,0.0,False,0.5106206639306484,0.0920896094657633,0.006892451104952155,20.596293409358612,0.16797775877881035,-0.74,nan,0.004809491019227262,0.011619512663959122,1.0,65.0,0.14424689463035417,801.2301088990406,4.29106637778623,nan,536.4497500830838,3325.280589711961,0.0,nan
computed_torque,10.0,1.0,replay,51,"demo_00_filtered -7.5,+12.5 deg",demo_00_filtered,0.05608044646666852,True,7.29,True,0.006569057073539171,2.000000000000001,False,0.00593401003248979,0.0640350735995767,0.004792708062804648,0.3583401178419942,0.16797775877881035,-0.74,0.009999999999999787,0.014123873942214295,0.011619512663959122,33.0,65.0,0.21410150020906268,1250.0000000007042,6.236633727062894,7.79,669.7929610018417,5467.683697375995,0.0,nan
computed_torque,10.0,1.0,esn,52,"demo_00_filtered -7.5,+15 deg",,0.05046541370072117,False,nan,False,nan,0.0,False,0.5106206639369356,0.11241047001680557,0.00718473235262734,20.597513961113226,0.20014720353236348,-0.74,nan,0.0058138883244389745,0.011619512663959122,1.0,65.0,0.18762004473779292,1079.6148975562305,5.638904973599542,nan,656.5348975106992,5098.520110573689,0.0,nan
computed_torque,10.0,1.0,replay,52,"demo_00_filtered -7.5,+15 deg",demo_00_filtered,0.0658168620425623,True,7.29,True,0.006569057073539171,2.000000000000001,False,0.00593401003248979,0.0726936214221054,0.004646223911197614,0.41180952816583216,0.20014720353236348,-0.74,0.009999999999999787,0.015204404820744005,0.011619512663959122,31.0,65.0,0.24562480768176592,1500.0000000008397,7.301631591363878,7.79,678.5840131753948,5829.253736869935,0.0,nan
computed_torque,10.0,1.0,esn,53,"demo_00_filtered -5,-15 deg",,0.0773145163788147,True,1.47,False,0.006763959604122032,2.0,True,0.00676082424913145,1.7529481949853072,0.1235784010786487,14.749741170206768,0.2398726224826671,-0.74,-5.8100000000000005,0.016642123616210792,0.011619512663959122,1.0,65.0,0.1801148261687495,1280.0033808499998,8.668105838557153,1.47,1394.4394521388351,20717.218658267186,0.0,nan
computed_torque,10.0,1.0,replay,53,"demo_00_filtered -5,-15 deg",demo_00_filtered,0.08126555580821238,True,7.29,True,0.006569057073539171,2.000000000000001,False,0.00593401003248979,0.09452259672716336,0.006663603295728124,0.3884228882609983,0.2398726224826671,-0.74,0.009999999999999787,0.014722451405782025,0.011619512663959122,27.0,65.0,0.23183451142667913,1500.0000000008336,8.953209526238505,7.79,675.1340934265597,5506.909871989669,0.0,nan
computed_torque,10.0,1.0,esn,54,"demo_00_filtered -5,-12.5 deg",,0.0678450057516768,True,1.49,False,0.006763964047109196,2.0,True,0.006760824249128644,1.765109758128836,0.14551432154849142,14.721422073632885,0.20539642083508022,-0.74,-5.79,0.01598030839909364,0.011619512663959122,1.0,65.0,0.17023954813052394,1210.266477629281,7.64346049876478,1.49,1273.9429579144671,17228.172004266213,0.0,nan
computed_torque,10.0,1.0,replay,54,"demo_00_filtered -5,-12.5 deg",demo_00_filtered,0.07027001353919148,True,7.29,True,0.006569057073539171,2.000000000000001,False,0.00593401003248979,0.08249974429083688,0.006801216900603025,0.3311985473613784,0.20539642083508022,-0.74,0.009999999999999787,0.013603783061721232,0.011619512663959122,30.0,65.0,0.19812812676644054,1250.0000000006978,7.749988833361076,7.79,624.7726077135005,4635.129948735167,0.0,nan
computed_torque,10.0,1.0,esn,55,"demo_00_filtered -5,-10 deg",,0.058260819064596646,True,1.52,False,0.006763948524366192,2.0,True,0.006760824249130626,1.7663015288232744,0.17417803909723706,14.67899323537273,0.17109651755078284,-0.74,-5.76,0.015522300927550746,0.011619512663959122,1.0,65.0,0.15898539381311522,1107.1133292097916,6.594980232900981,1.52,1129.582582822698,13467.39506568505,0.0,nan
computed_torque,10.0,1.0,replay,55,"demo_00_filtered -5,-10 deg",demo_00_filtered,0.059482916484024616,True,7.29,True,0.006569057073539171,2.000000000000001,False,0.00593401003248979,0.07071643442434607,0.006973469523171851,0.2756806583783315,0.17109651755078284,-0.74,0.009999999999999787,0.012614946194023617,0.011619512663959122,33.0,65.0,0.16552108731573326,1000.0000000005556,6.568738344875446,7.79,580.9917990869428,3926.0619414554644,0.0,nan
computed_torque,10.0,1.0,esn,56,"demo_00_filtered -5,-7.5 deg",,0.04711849583944539,True,1.56,False,0.0067640185773692,2.0,True,0.006760824249129505,1.7649399618037602,0.21992048853078736,14.608164887006515,0.1372978923167245,-0.74,-5.720000000000001,0.015082836407841868,0.011619512663959122,1.0,65.0,0.1397279384632877,939.1646130180244,5.35831101251447,1.56,932.2206723332931,9076.48853929797,0.0,nan
computed_torque,10.0,1.0,replay,56,"demo_00_filtered -5,-7.5 deg",demo_00_filtered,0.04903828705554158,True,7.29,True,0.006569057073539171,2.000000000000001,False,0.00593401003248979,0.05899048393220964,0.007350514083085603,0.22314655053100513,0.1372978923167245,-0.74,0.009999999999999787,0.011788657135518837,0.011619512663959122,34.0,65.0,0.1348134558531143,750.0000000004198,5.424836193906436,7.79,543.705517074351,3362.9495988149,0.0,nan
computed_torque,10.0,1.0,esn,57,"demo_00_filtered -5,-5 deg",,0.03397858279375472,True,1.6300000000000001,False,0.0067639865955221356,1.9999999999999998,True,0.006760824249129125,1.731876430958864,0.28719333714473444,14.49652792327848,0.10464378643480776,-0.74,-5.65,0.012947383264688195,0.011619512663959122,1.0,65.0,0.10847908151815888,700.4583905695522,3.878378592218618,1.6300000000000001,678.7011668127682,4738.837712823042,0.0,nan
computed_torque,10.0,1.0,replay,57,"demo_00_filtered -5,-5 deg",demo_00_filtered,0.0392041631534754,True,7.29,True,0.006569057073539171,2.000000000000001,False,0.00593401003248979,0.04807376122321285,0.007971968246689285,0.17628428915877672,0.10464378643480776,-0.74,0.009999999999999787,0.011161076217484626,0.011619512663959122,36.0,65.0,0.10764324045015293,500.0000000002842,4.348734096483574,7.79,512.8036205717999,2931.409053967791,0.0,nan
computed_torque,10.0,1.0,esn,58,"demo_00_filtered -5,-2.5 deg",,0.020393323102038872,True,1.75,False,0.0067639868061292125,2.0,True,0.006760824249131597,1.6182034436461614,0.38233887310169723,14.288818871082231,0.07491652107098119,-0.74,-5.53,0.006565804753462521,0.011619512663959122,1.0,65.0,0.06805246788696484,430.5171786313098,2.3314046173344867,1.75,408.4042369553638,1696.3818380542123,0.0,nan
computed_torque,10.0,1.0,replay,58,"demo_00_filtered -5,-2.5 deg",demo_00_filtered,0.030564489204260106,True,7.29,True,0.006569057073539171,2.000000000000001,False,0.00593401003248979,0.03893428491156747,0.009199146545237565,0.1408727375147403,0.07491652107098119,-0.74,0.009999999999999787,0.010767006236608416,0.011619512663959122,38.0,65.0,0.08737521589576946,500.00000000027626,3.405954302945179,7.79,488.1523821760428,2619.3628460364357,0.0,nan
computed_torque,10.0,1.0,esn,59,"demo_00_filtered -5,+0 deg",,0.009526501216877006,True,2.24,False,0.006764052399864328,2.0,True,0.006760824249129398,1.1394858615342547,0.34635122180485317,13.407905506382937,0.05339422797526491,-0.74,-5.04,0.003967455507184519,0.011619512663959122,3.0,65.0,0.03313092025928924,205.43123817559592,1.0881861845734935,2.24,191.23801316501357,372.3202058017124,0.0,nan
computed_torque,10.0,1.0,replay,59,"demo_00_filtered -5,+0 deg",demo_00_filtered,0.024404959013272092,True,7.29,True,0.006569057073539171,2.000000000000001,False,0.00593401003248979,0.032805753836007305,0.009971438266054176,0.1268909599850652,0.05339422797526491,-0.74,0.009999999999999787,0.0106324428029879,0.011619512663959122,38.0,65.0,0.07947799251194099,500.00000000027626,2.738052605308482,7.79,469.59495917829673,2416.945117416431,0.0,nan
computed_torque,10.0,1.0,esn,60,"demo_00_filtered -5,+2.5 deg",,0.005170399318473873,False,nan,False,nan,0.0,False,0.5106206638913501,0.06137042147844324,0.015668173819093235,20.595086747512266,0.05144633841485029,-0.74,nan,0.0008235256906210626,0.011619512663959122,0.0,65.0,0.01923519567984344,110.4661500839584,0.5905068470927114,nan,100.8624186038165,104.15527243594535,0.0,nan
computed_torque,10.0,1.0,replay,60,"demo_00_filtered -5,+2.5 deg",demo_00_filtered,0.022808899935367718,True,7.29,True,0.006569057073539171,2.000000000000001,False,0.00593401003248979,0.03637742772375791,0.00928733821499898,0.14087126483892434,0.05144633841485029,-0.74,0.009999999999999787,0.010767119963640014,0.011619512663959122,38.0,65.0,0.087372970862256,500.00000000027626,2.5687327778270657,7.79,456.9519299111867,2316.3801349509104,0.0,nan
computed_torque,10.0,1.0,esn,61,"demo_00_filtered -5,+5 deg",,0.008419672330159505,False,nan,False,nan,0.0,False,0.5106206639135873,0.07630188549886038,0.013569937912831469,20.595641378905317,0.06862822000810305,-0.74,nan,0.0013504705797891228,0.011619512663959122,0.0,65.0,0.032554464545825446,163.32403415574026,0.9561138956342229,nan,138.58424117222435,205.88617220188362,0.0,nan
computed_torque,10.0,1.0,replay,61,"demo_00_filtered -5,+5 deg",demo_00_filtered,0.026589725079460266,True,7.29,True,0.006569057073539171,2.000000000000001,False,0.00593401003248979,0.04321028418736411,0.007684749463066572,0.17628193545867918,0.06862822000810305,-0.74,0.009999999999999787,0.011161295639710337,0.011619512663959122,38.0,65.0,0.10763959579791207,500.0000000002842,2.9831669042615623,7.79,450.02189397523694,2311.8365774468552,0.0,nan
computed_torque,10.0,1.0,esn,62,"demo_00_filtered -5,+7.5 deg",,0.01690359858787156,False,nan,False,nan,0.0,False,0.5106206639233772,0.08179326861634366,0.010525211902965827,20.595013426639305,0.09673968843255346,-0.74,nan,0.0024990610004307066,0.011619512663959122,0.0,65.0,0.06484203518367655,354.37294561682563,1.9067942494592884,nan,247.25005648531825,684.9698298035503,0.0,nan
computed_torque,10.0,1.0,replay,62,"demo_00_filtered -5,+7.5 deg",demo_00_filtered,0.03398025467545933,True,7.29,True,0.006569057073539171,2.000000000000001,False,0.00593401003248979,0.04878355021380141,0.006277499506562529,0.22314376142108516,0.09673968843255346,-0.74,0.009999999999999787,0.011788968746059699,0.011619512663959122,36.0,65.0,0.1348090906892113,750.0000000004198,3.7935133477318446,7.79,448.5821347099182,2399.2602971145775,0.0,nan
computed_torque,10.0,1.0,esn,63,"demo_00_filtered -5,+10 deg",,0.02790059116214147,False,nan,False,nan,0.0,False,0.510620663930786,0.08776977015472626,0.008704776033348306,20.59482698418068,0.1287794289269056,-0.74,nan,0.0037302241155020353,0.011619512663959122,1.0,65.0,0.10569015133571288,601.2628564948077,3.1322259488425024,nan,376.7033360999937,1639.102758546451,0.0,nan
computed_torque,10.0,1.0,replay,63,"demo_00_filtered -5,+10 deg",demo_00_filtered,0.04314850902080188,True,7.29,True,0.006569057073539171,2.000000000000001,False,0.00593401003248979,0.0540531751167068,0.005360852403428011,0.2756776482299499,0.1287794289269056,-0.74,0.009999999999999787,0.012615334459582725,0.011619512663959122,34.0,65.0,0.1655163468786083,1000.0000000005556,4.802148871394874,7.79,452.38934211692947,2576.188495615758,0.0,nan
computed_torque,10.0,1.0,esn,64,"demo_00_filtered -5,+12.5 deg",,0.039848799430752736,False,nan,False,nan,0.0,False,0.5106206639377284,0.11103531695225388,0.008905929370571077,20.596038696951403,0.16239701420380187,-0.74,nan,0.004819268980033994,0.011619512663959122,1.0,65.0,0.14871454445073146,873.2593036890638,4.456907246483396,nan,499.24561555149506,2952.3130718315115,0.0,nan
computed_torque,10.0,1.0,replay,64,"demo_00_filtered -5,+12.5 deg",demo_00_filtered,0.053168624094455386,True,7.29,True,0.006569057073539171,2.000000000000001,False,0.00593401003248979,0.06246892460468978,0.00501051238160674,0.33119541540666636,0.16239701420380187,-0.74,0.009999999999999787,0.013604233115161351,0.011619512663959122,33.0,65.0,0.19812317642895808,1250.0000000007042,5.9070801211975725,7.79,461.18039429048247,2841.5484541576184,0.0,nan
computed_torque,10.0,1.0,esn,65,"demo_00_filtered -5,+15 deg",,0.052171668737617034,False,nan,False,nan,0.0,False,0.5106206639459554,0.13203545914789114,0.008867334514759309,20.599447794444725,0.19673797462300235,-0.74,nan,0.005723177899815468,0.011619512663959122,1.0,65.0,0.19157004881937623,1155.7174010338313,5.816907071505405,nan,608.2178382695361,4483.951991448602,0.0,nan
computed_torque,10.0,1.0,replay,65,"demo_00_filtered -5,+15 deg",demo_00_filtered,0.06362651739463732,True,7.29,True,0.006569057073539171,2.000000000000001,False,0.00593401003248979,0.07277430977601043,0.004887430641959563,0.3884196836149596,0.19673797462300235,-0.74,0.009999999999999787,0.014722950433563116,0.011619512663959122,33.0,65.0,0.2318294347041231,1500.0000000008397,7.0619448693250275,7.79,474.6731952612359,3195.444119474456,0.0,nan
computed_torque,10.0,1.0,esn,66,"demo_00_filtered -2.5,-15 deg",,0.06374771229245617,True,1.48,False,0.00676391404569525,2.0,True,0.006760824249127815,1.770411735568649,0.13735510934339826,14.738897703461305,0.21380624822322195,-0.74,-5.800000000000001,0.014215423841909781,0.011619512663959122,1.0,65.0,0.14810105920187633,1050.9540201873579,7.155819756212663,1.48,1145.9353871920123,13937.81974742583,0.0,nan
computed_torque,10.0,1.0,replay,66,"demo_00_filtered -2.5,-15 deg",demo_00_filtered,0.07163340927940309,True,7.29,True,0.006569057073539171,2.000000000000001,False,0.00593401003248979,0.08904414377869789,0.006908374961253793,0.37368745394614034,0.21380624822322195,-0.74,0.009999999999999787,0.014425794071893606,0.011619512663959122,28.0,65.0,0.22314914998190943,1500.0000000008336,7.952503087680666,7.79,404.3904721061685,2418.4336213175534,0.0,nan
computed_torque,10.0,1.0,esn,67,"demo_00_filtered -2.5,-12.5 deg",,0.054599291492676776,True,1.49,False,0.006764033302765243,2.0,True,0.006760824249130428,1.783429159272408,0.16610694229154804,14.710272641670395,0.17890391120537133,-0.74,-5.79,0.013548052643878778,0.011619512663959122,1.0,65.0,0.13790915129636816,978.4955304507705,6.159824343199045,1.49,1028.8847666676554,11174.39873178721,0.0,nan
computed_torque,10.0,1.0,replay,67,"demo_00_filtered -2.5,-12.5 deg",demo_00_filtered,0.06071580298684037,True,7.29,True,0.006569057073539171,2.000000000000001,False,0.00593401003248979,0.07666941988373276,0.007140918851718975,0.31378727011467494,0.17890391120537133,-0.74,0.009999999999999787,0.013282163709254639,0.011619512663959122,33.0,65.0,0.1878910776625128,1250.0000000006978,6.744186883841425,7.79,360.27054430024185,1872.2523437234647,0.0,nan
computed_torque,10.0,1.0,esn,68,"demo_00_filtered -2.5,-10 deg",,0.04545975421784941,True,1.52,False,0.006764009985172276,2.0,True,0.006760824249129951,1.7719406159724205,0.20459336332317524,14.666858719257547,0.14406258440073114,-0.74,-5.76,0.013050254587808197,0.011619512663959122,1.0,65.0,0.1265176842039065,871.7496944847162,5.154927002594319,1.52,887.3346413560402,8243.74692791733,0.0,nan
computed_torque,10.0,1.0,replay,68,"demo_00_filtered -2.5,-10 deg",demo_00_filtered,0.04987507144176104,True,7.29,True,0.006569057073539171,2.000000000000001,False,0.00593401003248979,0.06455282884398882,0.007453455407120998,0.2544991129957883,0.14406258440073114,-0.74,0.009999999999999787,0.012267429506101856,0.011619512663959122,34.0,65.0,0.1531193416763026,1000.0000000005556,5.543120165609631,7.79,322.64651378597415,1441.4027242527675,0.0,nan
computed_torque,10.0,1.0,esn,69,"demo_00_filtered -2.5,-7.5 deg",,0.03477655066133105,True,1.57,False,0.006763972920375465,2.0,True,0.006760824249127133,1.7450806551381488,0.26293981966997787,14.591333740057747,0.10943851262747113,-0.74,-5.71,0.012377314993984695,0.011619512663959122,1.0,65.0,0.10654809757205072,698.6895650543892,3.9648894605663387,1.57,691.539363333082,4934.445226698226,0.0,nan
computed_torque,10.0,1.0,replay,69,"demo_00_filtered -2.5,-7.5 deg",demo_00_filtered,0.03917371835556368,True,7.29,True,0.006569057073539171,2.000000000000001,False,0.00593401003248979,0.05297117753047828,0.007981425859349588,0.1963780948212381,0.10943851262747113,-0.74,0.009999999999999787,0.011416014903103738,0.011619512663959122,36.0,65.0,0.11926009528866433,750.0000000004198,4.356566975046125,7.79,291.4205103137653,1111.9666504519869,0.0,nan
computed_torque,10.0,1.0,esn,70,"demo_00_filtered -2.5,-5 deg",,0.022297280689551537,True,1.6400000000000001,False,0.006764073212954054,2.0,True,0.0067608242491308465,1.6828855619706797,0.3625707856861341,14.460228515753895,0.07544267284375665,-0.74,-5.640000000000001,0.00918912676967526,0.011619512663959122,1.0,65.0,0.07445319885162674,461.00673715794085,2.55401385615828,1.6400000000000001,445.5196211478129,2007.9131535039505,0.0,nan
computed_torque,10.0,1.0,replay,70,"demo_00_filtered -2.5,-5 deg",demo_00_filtered,0.028764177804806126,True,7.29,True,0.006569057073539171,2.000000000000001,False,0.00593401003248979,0.04144378042627348,0.008928892356389115,0.1408762709470547,0.07544267284375665,-0.74,0.009999999999999787,0.01076673495269427,0.011619512663959122,38.0,65.0,0.08738060233147366,500.0000000002842,3.20197213266986,7.79,266.4708566950444,872.4045477940163,0.0,nan
computed_torque,10.0,1.0,esn,71,"demo_00_filtered -2.5,-2.5 deg",,0.010222358233712193,True,1.83,False,0.006764039168311214,2.0,True,0.006760824249130909,1.4583340378216638,0.5840420892511805,14.136657939121505,0.04289055680822118,-0.74,-5.45,0.003616873609281534,0.011619512663959122,2.0,65.0,0.0353278246427398,215.51603431801908,1.1725607942160152,1.83,204.14944467112718,417.2656062315614,0.0,nan
computed_torque,10.0,1.0,replay,71,"demo_00_filtered -2.5,-2.5 deg",demo_00_filtered,0.019121130697268836,True,7.29,True,0.006569057073539171,2.000000000000001,False,0.00593401003248979,0.029716927785752387,0.011901207912586415,0.09281756992417799,0.04289055680822118,-0.74,0.009999999999999787,0.01035767263955721,0.011619512663959122,38.0,65.0,0.06068550734758686,250.00000000014848,2.1331196507149266,7.79,247.6524950939322,713.469640570232,0.0,nan
computed_torque,10.0,1.0,esn,72,"demo_00_filtered -2.5,+0 deg",,0.002534690424149666,False,nan,False,nan,0.0,False,0.5106206638244593,0.04610077996837931,0.057325078372475816,20.595582391359684,0.013537655860217272,-0.73,nan,0.00038904815599601035,0.011619512663959122,0.0,65.0,0.009040982016999264,54.67937081635517,0.2903198091775702,nan,50.89608011049955,26.03295090375793,0.0,nan
computed_torque,10.0,1.0,replay,72,"demo_00_filtered -2.5,+0 deg",demo_00_filtered,0.01220274913115832,True,7.29,True,0.006569057073539171,2.000000000000001,False,0.00593401003248979,0.021745113405323993,0.027039462912201898,0.06979461897355824,0.013537655860217272,-0.74,0.009999999999999787,0.010217719861489486,0.011619512663959122,38.0,65.0,0.04863181821533968,250.0000000001389,1.369178653915969,7.79,234.7974795891478,628.0945241708307,0.0,nan
computed_torque,10.0,1.0,esn,73,"demo_00_filtered -2.5,+2.5 deg",,0.0023401558990813107,False,nan,False,nan,0.0,False,0.5106206639102863,0.05793252589872243,0.02653192977151758,20.59393565910218,0.027047699455166028,-0.73,nan,0.0003850825099127114,0.011619512663959122,0.0,65.0,0.009227468756516435,51.51389442672309,0.267075619483528,nan,32.92057009503486,11.68951886605338,0.0,nan
computed_torque,10.0,1.0,replay,73,"demo_00_filtered -2.5,+2.5 deg",demo_00_filtered,0.013295156301416956,True,7.29,True,0.006569057073539171,2.000000000000001,False,0.00593401003248979,0.029007275660787445,0.013284747881363067,0.09281533477314578,0.027047699455166028,-0.74,0.009999999999999787,0.010357790861012923,0.011619512663959122,38.0,65.0,0.06068227489554368,250.00000000014848,1.491749442090539,7.79,227.71553365655,611.2523435996108,0.0,nan
computed_torque,10.0,1.0,esn,74,"demo_00_filtered -2.5,+5 deg",,0.008718812336839271,False,nan,False,nan,0.0,False,0.5106206639228542,0.07357709926143029,0.01603970270978315,20.593721684667592,0.06031296767422525,-0.74,nan,0.00141809284723654,0.011619512663959122,0.0,65.0,0.033781380754893876,195.67198139141962,0.9862454413100754,nan,113.0862345575604,145.3667967293078,0.0,nan
computed_torque,10.0,1.0,replay,74,"demo_00_filtered -2.5,+5 deg",demo_00_filtered,0.021180258092064266,True,7.29,True,0.006569057073539171,2.000000000000001,False,0.00593401003248979,0.03854932545383474,0.00840369797326753,0.14087332565390331,0.06031296767422525,-0.74,0.009999999999999787,0.010766962411287806,0.011619512663959122,38.0,65.0,0.08737611248355917,500.0000000002842,2.366142022088231,7.79,226.19467105846428,659.7951546300363,0.0,nan
computed_torque,10.0,1.0,esn,75,"demo_00_filtered -2.5,+7.5 deg",,0.018633781698430104,False,nan,False,nan,0.0,False,0.5106206639313479,0.08478222844464216,0.012012035719206728,20.59370384394908,0.09490878436960798,-0.74,nan,0.002695137293679026,0.011619512663959122,1.0,65.0,0.07105859839272073,418.165723872883,2.095656894017028,nan,232.8158603198126,631.9230813236586,0.0,nan
computed_torque,10.0,1.0,replay,75,"demo_00_filtered -2.5,+7.5 deg",demo_00_filtered,0.03104459502504598,True,7.29,True,0.006569057073539171,2.000000000000001,False,0.00593401003248979,0.044924969978660904,0.0063650172208002094,0.19637492551973873,0.09490878436960798,-0.74,0.009999999999999787,0.01141633668497211,0.011619512663959122,37.0,65.0,0.11925516081769245,750.0000000004198,3.46238572408771,7.79,230.00187846547556,772.2722951693519,0.0,nan
computed_torque,10.0,1.0,esn,76,"demo_00_filtered -2.5,+10 deg",,0.030088435489600582,False,nan,False,nan,0.0,False,0.5106206639392776,0.11279671327624337,0.011818370716849446,20.59516467924344,0.12961701894314578,-0.74,nan,0.0038514378312598766,0.011619512663959122,1.0,65.0,0.11277650949296024,678.996078085648,3.3697538202313813,nan,354.13735532723564,1497.2972638804767,0.0,nan
computed_torque,10.0,1.0,replay,76,"demo_00_filtered -2.5,+10 deg",demo_00_filtered,0.041490922412158966,True,7.29,True,0.006569057073539171,2.000000000000001,False,0.00593401003248979,0.05272450159970974,0.005524254099855311,0.2544958523145883,0.12961701894314578,-0.74,0.009999999999999787,0.012267828770251196,0.011619512663959122,34.0,65.0,0.15311421727991653,1000.0000000005556,4.624328884624039,7.79,238.88385798000385,948.7318125961696,0.0,nan
computed_torque,10.0,1.0,esn,77,"demo_00_filtered -2.5,+12.5 deg",,0.042171346109198406,False,nan,False,nan,0.0,False,0.5106206639490324,0.13725775919987684,0.011403904899766568,20.599199208041778,0.1644905456953415,-0.74,nan,0.004818143860769484,0.011619512663959122,1.0,65.0,0.15530292362810225,956.4662823266005,4.707119180661685,nan,464.4771024889847,2636.2672221858097,0.0,nan
computed_torque,10.0,1.0,replay,77,"demo_00_filtered -2.5,+12.5 deg",demo_00_filtered,0.05216273176856133,True,7.29,True,0.006569057073539171,2.000000000000001,False,0.00593401003248979,0.0630901702688237,0.005241775081057794,0.31378396437378225,0.1644905456953415,-0.74,0.009999999999999787,0.013282624660085833,0.011619512663959122,33.0,65.0,0.1878858576037636,1250.0000000007042,5.811652284736468,7.79,252.56782757912296,1190.5081758521958,0.0,nan
computed_torque,10.0,1.0,esn,78,"demo_00_filtered -2.5,+15 deg",,0.05458481606148554,False,nan,False,nan,0.0,False,0.5106206639675309,0.16830044821185827,0.011582420994407762,20.60932801024957,0.1993937247274077,-0.74,nan,0.005615762911243845,0.011619512663959122,1.0,65.0,0.1976196977443923,1241.0854060366232,6.075601454017594,nan,564.72844420772,3983.3911529021857,0.0,nan
computed_torque,10.0,1.0,replay,78,"demo_00_filtered -2.5,+15 deg",demo_00_filtered,0.06293807748650443,True,7.29,True,0.006569057073539171,2.000000000000001,False,0.00593401003248979,0.07425195583061914,0.005110012606774538,0.3736841229317592,0.1993937247274077,-0.74,0.009999999999999787,0.014426303361506852,0.011619512663959122,32.0,65.0,0.22314387565970742,1500.0000000008397,7.010397799449256,7.79,270.762377347077,1499.999647037701,0.0,nan
computed_torque,10.0,1.0,esn,79,"demo_00_filtered +0,-15 deg",,0.05070797577788037,True,1.48,False,0.00676393256611421,2.0,True,0.006760824249131843,1.7815019153621006,0.15470200917132454,14.733814074665867,0.19088242309510517,-0.74,-5.800000000000001,0.011874646171705113,0.011619512663959122,1.0,65.0,0.11759019497165375,831.8458153930036,5.701878763539697,1.48,907.9698777657435,8703.693725107678,0.0,nan
computed_torque,10.0,1.0,replay,79,"demo_00_filtered +0,-15 deg",demo_00_filtered,0.06380030075546046,True,7.29,True,0.006569057073539171,2.000000000000001,False,0.00593401003248979,0.08372726216641424,0.0072707054468284325,0.3686454886863994,0.19088242309510517,-0.74,0.009999999999999787,0.01432543575276949,0.011619512663959122,30.0,65.0,0.22017903485464577,1500.0000000008336,7.151105193644259,7.79,248.5348854839924,864.1092804577125,0.0,nan
computed_torque,10.0,1.0,esn,80,"demo_00_filtered +0,-12.5 deg",,0.041973457194595644,True,1.5,False,0.0067639209546473894,2.0,True,0.006760824249130657,1.7755909352007375,0.18724072441388817,14.704498624200717,0.15606301436626746,-0.74,-5.78,0.011100741402985628,0.011619512663959122,1.0,65.0,0.10727284695011458,757.4622647122814,4.744995689761495,1.5,795.1748089351729,6622.079506146401,0.0,nan
computed_torque,10.0,1.0,replay,80,"demo_00_filtered +0,-12.5 deg",demo_00_filtered,0.05317122526786632,True,7.29,True,0.006569057073539171,2.000000000000001,False,0.00593401003248979,0.07170326013636162,0.007561296977026967,0.3077655503432856,0.15606301436626746,-0.74,0.009999999999999787,0.013173095600559752,0.011619512663959122,33.0,65.0,0.18435379387757395,1250.0000000006978,5.9616873307305935,7.79,207.11240456999366,580.3815260744672,0.0,nan
computed_torque,10.0,1.0,esn,81,"demo_00_filtered +0,-10 deg",,0.033524721712522014,True,1.52,False,0.006764023143969226,2.0,True,0.006760824249129931,1.7587274757510662,0.23983557235648656,14.659277718691426,0.12147668558465069,-0.74,-5.76,0.010573032099766486,0.011619512663959122,1.0,65.0,0.09624656903225869,650.3935301274951,3.8113978876250156,1.52,659.761598800771,4507.647340558642,0.0,nan
computed_torque,10.0,1.0,replay,81,"demo_00_filtered +0,-10 deg",demo_00_filtered,0.04253980010216899,True,7.29,True,0.006569057073539171,2.000000000000001,False,0.00593401003248979,0.05976871043785341,0.008150587896370956,0.24703639733393254,0.12147668558465069,-0.74,0.009999999999999787,0.012149255186603997,0.011619512663959122,34.0,65.0,0.1487575108935979,1000.0000000005556,4.770942729944885,7.79,165.68992365599496,367.09037241321505,0.0,nan
computed_torque,10.0,1.0,esn,82,"demo_00_filtered +0,-7.5 deg",,0.0238239279486254,True,1.57,False,0.006764026565264951,2.0,True,0.006760824249132041,1.704952563688382,0.32969852717950776,14.576444624245735,0.0869719753350194,-0.74,-5.71,0.009576186742687709,0.011619512663959122,1.0,65.0,0.07674732051626111,482.2156048954993,2.7264358620603755,1.57,475.3345860434139,2294.9565540879535,0.0,nan
computed_torque,10.0,1.0,replay,82,"demo_00_filtered +0,-7.5 deg",demo_00_filtered,0.031906495069376456,True,7.29,True,0.006569057073539171,2.000000000000001,False,0.00593401003248979,0.04777485981617153,0.009238556692465318,0.18660530329469394,0.0869719753350194,-0.74,0.009999999999999787,0.011288931356418655,0.011619512663959122,36.0,65.0,0.1136056098092691,750.0000000004198,3.5791363843788746,7.79,124.26744274199632,213.16503239058466,0.0,nan
computed_torque,10.0,1.0,esn,83,"demo_00_filtered +0,-5 deg",,0.012802928407777983,True,1.67,False,0.006764012983600463,2.0,True,0.006760824249131314,1.570901942740748,0.5021018473719274,14.408857137983398,0.053198280730715815,-0.74,-5.61,0.005569369309660784,0.011619512663959122,1.0,65.0,0.046001717375191806,264.2925581751069,1.4736122709470398,1.67,254.48119711144398,642.6839439532686,0.0,nan
computed_torque,10.0,1.0,replay,83,"demo_00_filtered +0,-5 deg",demo_00_filtered,0.021271780063568384,True,7.29,True,0.006569057073539171,2.000000000000001,False,0.00593401003248979,0.035869630396047375,0.011464883450956379,0.12689880538457995,0.053198280730715815,-0.74,0.009999999999999787,0.01063189336118521,0.011619512663959122,38.0,65.0,0.07948983529789042,500.0000000002842,2.3865335234092497,7.79,82.84496182799738,109.90975574744591,0.0,nan
computed_torque,10.0,1.0,esn,84,"demo_00_filtered +0,-2.5 deg",,0.003216490012302487,True,2.06,False,0.006764044736250093,2.0000000000000004,True,0.006760824249129125,1.0896047650387002,0.9370101596367859,13.731214861642945,0.030787066137962307,-0.73,-5.220000000000001,0.002773278850755533,0.011619512663959122,3.0,65.0,0.012441152284987392,67.53216682295468,0.38609142815993114,2.06,63.8671206049738,40.513678023546035,0.0,nan
computed_torque,10.0,1.0,replay,84,"demo_00_filtered +0,-2.5 deg",demo_00_filtered,0.010636125041133456,True,7.29,True,0.006569057073539171,2.000000000000001,False,0.00593401003248979,0.024310446750209706,0.02090587001925099,0.0698017505419112,0.019164954969740734,-0.74,0.009999999999999787,0.010217433993438751,0.011619512663959122,38.0,65.0,0.04864149518578379,250.00000000014848,1.1933995536723951,7.79,41.42248091399869,50.89880648053546,0.0,nan
computed_torque,10.0,1.0,esn,85,"demo_00_filtered +0,+2.5 deg",,0.00304919238263868,False,nan,False,nan,0.0,False,0.5106206639226872,0.06692211037767941,0.028084893119766755,20.592662690919415,0.03490381605529781,-0.73,nan,0.0005511720171935715,0.011619512663959122,0.0,65.0,0.011497110866075152,75.0778235895314,0.34673399114604564,nan,15.96300932315904,4.427713540427238,0.0,nan
computed_torque,10.0,1.0,replay,85,"demo_00_filtered +0,+2.5 deg",demo_00_filtered,0.010636125041133381,True,7.29,True,0.006569057073539171,2.000000000000001,False,0.00593401003248979,0.028396438491537092,0.01191700225106536,0.06979877836421389,0.03490381605529781,-0.74,0.009999999999999787,0.01021755383751554,0.011619512663959122,38.0,65.0,0.04863746229371902,250.00000000014848,1.1933995536724262,7.79,41.422480913998726,50.443810202321814,0.0,nan
computed_torque,10.0,1.0,esn,86,"demo_00_filtered +0,+5 deg",,0.010944435459178505,False,nan,False,nan,0.0,False,0.5106206639327225,0.0860289151644323,0.01824117665936951,20.593087355118016,0.06979101978453763,-0.74,nan,0.0017575041840214053,0.011619512663959122,0.0,65.0,0.041985368289320486,259.1478661509899,1.2342347938707894,nan,113.25909772920303,156.41227533831008,0.0,nan
computed_torque,10.0,1.0,replay,86,"demo_00_filtered +0,+5 deg",demo_00_filtered,0.02127178006356846,True,7.29,True,0.006569057073539171,2.000000000000001,False,0.00593401003248979,0.037355931955245204,0.007920780504654537,0.1268955356696059,0.06979101978453763,-0.74,0.009999999999999787,0.01063212370451596,0.011619512663959122,38.0,65.0,0.07948489972701855,500.0000000002842,2.386533523409286,7.79,82.84496182799744,106.19703453769908,0.0,nan
computed_torque,10.0,1.0,esn,87,"demo_00_filtered +0,+7.5 deg",,0.02146133403461879,False,nan,False,nan,0.0,False,0.5106206639422429,0.11964214263137113,0.01670520250499545,20.595235324718082,0.10464500676822885,-0.74,nan,0.002937142162873369,0.011619512663959122,1.0,65.0,0.08075073669907691,501.06107399444863,2.4081876664571165,nan,226.64668377487504,627.1622202636332,0.0,nan
computed_torque,10.0,1.0,replay,87,"demo_00_filtered +0,+7.5 deg",demo_00_filtered,0.031906495069375686,True,7.29,True,0.006569057073539171,2.000000000000001,False,0.00593401003248979,0.0443781697147384,0.006196364387838824,0.18660196800936601,0.10464500676822885,-0.74,0.009999999999999787,0.01128925676059702,0.011619512663959122,36.0,65.0,0.11360042972422374,750.0000000004198,3.579136384378872,7.79,124.26744274199612,200.2168230823281,0.0,nan
computed_torque,10.0,1.0,esn,88,"demo_00_filtered +0,+10 deg",,0.03306392909837874,False,nan,False,nan,0.0,False,0.5106206639549581,0.14828149036260463,0.015390400786548403,20.600834582106575,0.1390275095674234,-0.74,nan,0.0039406416286687064,0.011619512663959122,1.0,65.0,0.12201682108325505,769.3504832636781,3.6961957993187435,nan,334.4512167386019,1391.0809942063195,0.0,nan
computed_torque,10.0,1.0,replay,88,"demo_00_filtered +0,+10 deg",demo_00_filtered,0.04253980010216856,True,7.29,True,0.006569057073539171,2.000000000000001,False,0.00593401003248979,0.054473647467622274,0.005653917186708319,0.2470330381495849,0.1390275095674234,-0.74,0.009999999999999787,0.012149658334218645,0.011619512663959122,34.0,65.0,0.14875223623568182,1000.0000000005556,4.77094272994489,7.79,165.68992365599482,335.0153544368494,0.0,nan
computed_torque,10.0,1.0,esn,89,"demo_00_filtered +0,+12.5 deg",,0.045146908183349266,False,nan,False,nan,0.0,False,0.5106206639830627,0.18981737613048086,0.015667051071990977,20.615737279742127,0.17314011054641334,-0.74,nan,0.004785530398278787,0.011619512663959122,1.0,65.0,0.16367870895604603,1048.5473014104928,5.03177540759292,nan,432.5338383752094,2376.581936240839,0.0,nan
computed_torque,10.0,1.0,replay,89,"demo_00_filtered +0,+12.5 deg",demo_00_filtered,0.05317122526786621,True,7.29,True,0.006569057073539171,2.000000000000001,False,0.00593401003248979,0.06542787534183743,0.005400253050636399,0.30776217992179056,0.17314011054641334,-0.74,0.009999999999999787,0.013173560367750473,0.011619512663959122,33.0,65.0,0.1843484736562154,1250.0000000007042,5.96168733073061,7.79,207.1124045699939,514.2821893357079,0.0,nan
computed_torque,10.0,1.0,esn,90,"demo_00_filtered +0,+15 deg",,0.05742011689112962,False,nan,False,nan,0.0,False,0.510620664513282,0.3706991806270495,0.025396025296113307,20.72125667728595,0.20724771324218016,-0.74,nan,0.005524924565538507,0.011619512663959122,0.0,65.0,0.20495661381441418,1330.7988109856376,6.3840204592135965,nan,520.9062359807077,3521.9106821811097,0.0,nan
computed_torque,10.0,1.0,replay,90,"demo_00_filtered +0,+15 deg",demo_00_filtered,0.06380030075546046,True,7.29,True,0.006569057073539171,2.000000000000001,False,0.00593401003248979,0.07681717819910201,0.005262625607697626,0.3686421121133118,0.20724771324218016,-0.74,0.009999999999999787,0.014325948610136417,0.011619512663959122,30.0,65.0,0.22017368938251813,1500.0000000008397,7.151105193644261,7.79,248.53488548399272,742.653171717541,0.0,nan
computed_torque,10.0,1.0,esn,91,"demo_00_filtered +2.5,-15 deg",,0.03853943386625518,True,1.47,False,0.0067640000091174785,2.0,True,0.006760824249131597,1.7832258278793807,0.17708858593734822,14.736459829864144,0.16739678605345962,-0.74,-5.8100000000000005,0.009640645306198127,0.011619512663959122,1.0,65.0,0.08949079063979236,629.4067575451196,4.344562764031505,1.47,687.6326747189341,4954.437863384745,0.0,nan
computed_torque,10.0,1.0,replay,91,"demo_00_filtered +2.5,-15 deg",demo_00_filtered,0.05849510437124326,True,7.29,True,0.006569057073539171,2.000000000000001,False,0.00593401003248979,0.07793295667169975,0.007739365861092415,0.37368956287441657,0.16739678605345962,-0.74,0.009999999999999787,0.014425473999205308,0.011619512663959122,31.0,65.0,0.22315248921773387,1500.0000000008336,6.622592793269884,7.79,226.2604103530293,843.7201547968459,0.0,nan
computed_torque,10.0,1.0,esn,92,"demo_00_filtered +2.5,-12.5 deg",,0.030360958562476954,True,1.49,False,0.006763990592159112,2.0,True,0.006760824249128883,1.7642806506767503,0.21972577098607718,14.705508916812125,0.1325352501222756,-0.74,-5.79,0.008807032020101593,0.011619512663959122,1.0,65.0,0.079367035391981,553.999392069004,3.4427458179193233,1.49,580.0134277178755,3484.0284566962896,0.0,nan
computed_torque,10.0,1.0,replay,92,"demo_00_filtered +2.5,-12.5 deg",demo_00_filtered,0.04858331064958222,True,7.29,True,0.006569057073539171,2.000000000000001,False,0.00593401003248979,0.0662198542166536,0.008247105423254865,0.31378978162225707,0.1325352501222756,-0.74,0.009999999999999787,0.013281816076746007,0.011619512663959122,33.0,65.0,0.18789504349929653,1250.0000000006978,5.499468535645797,7.79,187.95870839259683,759.3266900793709,0.0,nan
computed_torque,10.0,1.0,esn,93,"demo_00_filtered +2.5,-10 deg",,0.023014699876603054,True,1.52,False,0.006763977155193923,2.0,True,0.00676082424913145,1.716105683693707,0.2841823090717465,14.65725899685415,0.09763467360856345,-0.74,-5.76,0.008139516514432203,0.011619512663959122,1.0,65.0,0.06951917089378581,452.76620518929565,2.626164814005957,1.52,456.93442957884366,2131.005337627222,0.0,nan
computed_torque,10.0,1.0,replay,93,"demo_00_filtered +2.5,-10 deg",demo_00_filtered,0.038790110878833405,True,7.29,True,0.006569057073539171,2.000000000000001,False,0.00593401003248979,0.05493239023250996,0.009096650426274782,0.25450220957816233,0.09763467360856345,-0.74,0.009999999999999787,0.012267053117364654,0.011619512663959122,34.0,65.0,0.15312420808548335,1000.0000000005556,4.388912479484667,7.79,194.0440568159627,702.9592609622468,0.0,nan
computed_torque,10.0,1.0,esn,94,"demo_00_filtered +2.5,-7.5 deg",,0.01500761047216815,True,1.57,False,0.00676406442336742,2.0,True,0.006760824249131185,1.619530274032832,0.4159714062988256,14.561717945355161,0.06275178300345485,-0.74,-5.71,0.006721294401852011,0.011619512663959122,1.0,65.0,0.05205739995156824,304.5704493133898,1.7256111811820969,1.57,298.4825475091757,888.9999519498651,0.0,nan
computed_torque,10.0,1.0,replay,94,"demo_00_filtered +2.5,-7.5 deg",demo_00_filtered,0.02924341905087624,True,7.29,True,0.006569057073539171,2.000000000000001,False,0.00593401003248979,0.04336499906830872,0.011138167613053187,0.19638210786663582,0.06275178300345485,-0.74,0.009999999999999787,0.011415610442063729,0.011619512663959122,37.0,65.0,0.11926634326029877,750.0000000004198,3.305444550948526,7.79,213.14950320740587,666.4032552140708,0.0,nan
computed_torque,10.0,1.0,esn,95,"demo_00_filtered +2.5,-5 deg",,0.006238891823767927,True,1.72,False,0.006764023638482808,2.0,True,0.006760824249131597,1.3471947405349376,0.7685612144637355,14.314199268132407,0.03802527494543437,-0.74,-5.5600000000000005,0.0033390415100789245,0.011619512663959122,2.0,65.0,0.024973046450493273,127.33164295669252,0.7216838786879451,1.72,122.02012895104515,145.54756610955107,0.0,nan
computed_torque,10.0,1.0,replay,95,"demo_00_filtered +2.5,-5 deg",demo_00_filtered,0.020306766884422848,True,7.29,True,0.006569057073539171,2.000000000000001,False,0.00593401003248979,0.031527076817797164,0.01798588408826206,0.14088186498081215,0.028140949786096485,-0.74,0.009999999999999787,0.010766306099987879,0.011619512663959122,38.0,65.0,0.08738912958848631,500.0000000002842,2.290042528571098,7.79,226.1946710584661,643.8059610036026,0.0,nan
computed_torque,10.0,1.0,esn,96,"demo_00_filtered +2.5,-2.5 deg",,0.0002516107205915507,False,nan,False,nan,0.0,False,0.5106206638320099,0.06046735735149433,0.18087411518389113,20.603145258980806,0.005549818649522471,-0.51,nan,4.0617674549973964e-05,0.011619512663959122,1.0,65.0,0.0009265850543095685,5.26821690527356,0.02906030126152799,nan,4.978474713270598,0.2423788486364388,0.0,nan
computed_torque,10.0,1.0,replay,96,"demo_00_filtered +2.5,-2.5 deg",demo_00_filtered,0.013295156301416783,True,7.29,True,0.006569057073539171,2.000000000000001,False,0.00593401003248979,0.023498609288303867,0.07029065514418234,0.092826060194072,0.011364590798719076,-0.74,0.009999999999999787,0.010357226849176367,0.011619512663959122,38.0,65.0,0.06069778503748002,250.00000000014848,1.4917494420905377,7.79,233.34727907028872,631.5527401173961,0.0,nan
computed_torque,10.0,1.0,esn,97,"demo_00_filtered +2.5,+0 deg",,0.0016193836773882424,False,nan,False,nan,0.0,False,0.510620663923832,0.06978599447883432,0.029879999806742795,20.59259355883989,0.03897790632261277,-0.72,nan,0.00023427691255581526,0.011619512663959122,0.0,65.0,0.005106851174243764,31.423433366641714,0.1866145195057545,nan,29.601285218202342,8.565856253166412,0.0,nan
computed_torque,10.0,1.0,replay,97,"demo_00_filtered +2.5,+0 deg",demo_00_filtered,0.012202749131158439,True,7.29,True,0.006569057073539171,2.000000000000001,False,0.00593401003248979,0.024043737880214536,0.010294714413392494,0.06980590950763398,0.03897790632261277,-0.74,0.009999999999999787,0.010217267964820363,0.011619512663959122,38.0,65.0,0.048647138141436015,250.0000000001405,1.3691786539159845,7.79,234.79747958914965,628.1179386996996,0.0,nan
computed_torque,10.0,1.0,esn,98,"demo_00_filtered +2.5,+2.5 deg",,0.005424052585104902,False,nan,False,nan,0.0,False,0.5106206639361266,0.10167228662763045,0.028757265333255944,20.593641478970028,0.0602008378124066,-0.74,nan,0.0009999365321720446,0.011619512663959122,0.0,65.0,0.020520638086169652,133.60736832734372,0.6146099223938619,nan,28.64891074632084,14.223644606392414,0.0,nan
computed_torque,10.0,1.0,replay,98,"demo_00_filtered +2.5,+2.5 deg",demo_00_filtered,0.01814814284497567,True,7.29,True,0.006569057073539171,2.000000000000001,False,0.00593401003248979,0.031023142150000127,0.008774669675191724,0.09282382524748117,0.0602008378124066,-0.74,0.009999999999999787,0.010357345075720434,0.011619512663959122,38.0,65.0,0.060694553239318286,250.00000000014848,2.048355307760285,7.79,230.75725885272314,633.8931117014221,0.0,nan
computed_torque,10.0,1.0,esn,99,"demo_00_filtered +2.5,+5 deg",,0.014272798493320537,False,nan,False,nan,0.0,False,0.5106206639484606,0.13515775601360602,0.024177754410620346,20.597341782216436,0.08922641072168017,-0.74,nan,0.002105117223773113,0.011619512663959122,1.0,65.0,0.05368338385334456,344.7904800617162,1.606134944018075,nan,123.16355025996823,196.95619411945634,0.0,nan
computed_torque,10.0,1.0,replay,99,"demo_00_filtered +2.5,+5 deg",demo_00_filtered,0.02680799648819759,True,7.29,True,0.006569057073539171,2.000000000000001,False,0.00593401003248979,0.03810265510801804,0.0068160101555806395,0.14087891980461267,0.08922641072168017,-0.74,0.009999999999999787,0.010766533567641548,0.011619512663959122,38.0,65.0,0.08738464017870474,500.0000000002842,3.0314915605656454,7.79,221.45977477508083,650.9953921337099,0.0,nan
computed_torque,10.0,1.0,esn,100,"demo_00_filtered +2.5,+7.5 deg",,0.02501928304470052,False,nan,False,nan,0.0,False,0.5106206639684139,0.1724227965036511,0.021809950299490198,20.606927515079505,0.12085930655967744,-0.74,nan,0.003105102463000665,0.011619512663959122,1.0,65.0,0.09227041197532092,597.2819970476736,2.802797556795047,nan,221.8048147516049,634.6899173903206,0.0,nan
computed_torque,10.0,1.0,replay,100,"demo_00_filtered +2.5,+7.5 deg",demo_00_filtered,0.036296291259713426,True,7.29,True,0.006569057073539171,2.000000000000001,False,0.00593401003248979,0.04749283226459543,0.006007420899538172,0.19637893862990177,0.12085930655967744,-0.74,0.009999999999999787,0.011415932235332672,0.011619512663959122,36.0,65.0,0.11926140904783827,750.0000000004198,4.105644749748003,7.79,207.1586340234097,683.0590586668941,0.0,nan
computed_torque,10.0,1.0,esn,101,"demo_00_filtered +2.5,+10 deg",,0.03654400091550774,False,nan,False,nan,0.0,False,0.5106206640370394,0.23957071842325497,0.023370278991218452,20.637850965751213,0.15345471447338688,-0.74,nan,0.003983917963321053,0.011619512663959122,1.0,65.0,0.132433142929573,866.973088607095,4.080160129924876,nan,312.89725258277196,1284.5574568123798,0.0,nan
computed_torque,10.0,1.0,replay,101,"demo_00_filtered +2.5,+10 deg",demo_00_filtered,0.04611065063206268,True,7.29,True,0.006569057073539171,2.000000000000001,False,0.00593401003248979,0.058294828908374265,0.005686698375746947,0.25449894893663616,0.15345471447338688,-0.74,0.009999999999999787,0.012267452393764174,0.011619512663959122,34.0,65.0,0.15311908385196013,1000.0000000005556,5.214579403173725,7.79,191.2937750435589,735.0135427803169,0.0,nan
computed_torque,10.0,1.0,esn,102,"demo_00_filtered +2.5,+12.5 deg",,0.048358917959855856,False,nan,False,nan,0.0,False,0.30002755119045377,2.985353610195689,0.2366429040633391,13.534543554564165,0.18646303705089487,-0.74,nan,0.004774640129126643,0.011619512663959122,0.0,65.0,0.17260215916972768,1141.9489745724438,5.3853706050760515,nan,393.7213506727803,2080.757997847753,0.0,nan
computed_torque,10.0,1.0,replay,102,"demo_00_filtered +2.5,+12.5 deg",demo_00_filtered,0.05608537816387251,True,7.29,True,0.006569057073539171,2.000000000000001,False,0.00593401003248979,0.06927099069250976,0.005490970432727237,0.31378647590782316,0.18646303705089487,-0.74,0.009999999999999787,0.0132822770396415,0.011619512663959122,33.0,65.0,0.1878898235507284,1250.0000000007042,6.339658025379925,7.79,198.32135239644109,812.8512675885027,0.0,nan
computed_torque,10.0,1.0,esn,103,"demo_00_filtered +2.5,+15 deg",,0.060223808477103756,False,nan,False,nan,0.0,False,0.300027551190455,3.018555103615039,0.20091858095284093,13.646901337669938,0.21964962606905003,-0.74,nan,0.005518019224039297,0.011619512663959122,0.0,65.0,0.21207814320273372,1416.2879217897162,6.69338511498524,nan,464.2442732752149,2966.3109114706103,0.0,nan
computed_torque,10.0,1.0,replay,103,"demo_00_filtered +2.5,+15 deg",demo_00_filtered,0.06615243560329061,True,7.29,True,0.006569057073539171,2.000000000000001,False,0.00593401003248979,0.0805733393600153,0.005363056313750345,0.37368623187883426,0.21964962606905003,-0.74,0.009999999999999787,0.014425983300118274,0.011619512663959122,28.0,65.0,0.22314721497445825,1500.0000000008397,7.473096827838173,7.79,237.39295891183946,923.388823052567,0.0,nan
computed_torque,10.0,1.0,esn,104,"demo_00_filtered +5,-15 deg",,0.027766085249294855,True,1.46,False,0.006763958558279202,2.0,True,0.0067608242491283554,1.757665799426435,0.20372932831293275,14.750382625043791,0.14689295922299517,-0.74,-5.82,0.007551844864664506,0.011619512663959122,1.0,65.0,0.06511909089311178,453.9007132823684,3.1414421117300737,1.46,495.74710557530847,2548.217135514755,0.0,nan
computed_torque,10.0,1.0,replay,104,"demo_00_filtered +5,-15 deg",demo_00_filtered,0.05643630555407316,True,7.29,True,0.006569057073539171,2.000000000000001,False,0.00593401003248979,0.07248664012471252,0.008401855750443554,0.38842694609677064,0.14689295922299517,-0.74,0.009999999999999787,0.014721824152928492,0.011619512663959122,31.0,65.0,0.23184093965754018,1500.0000000008336,6.435066009222019,7.79,407.84039185500535,2357.4070831394893,0.0,nan
computed_torque,10.0,1.0,esn,105,"demo_00_filtered +5,-12.5 deg",,0.02038784953182132,True,1.48,False,0.00676396074333108,2.0,True,0.006760824249128781,1.7207151205265339,0.25956729462449923,14.716589829112477,0.11221841544428503,-0.74,-5.800000000000001,0.006709026926919794,0.011619512663959122,1.0,65.0,0.05582103370314752,378.9853254562826,2.322308526565237,1.48,394.83316049418045,1589.6368390454638,0.0,nan
computed_torque,10.0,1.0,replay,105,"demo_00_filtered +5,-12.5 deg",demo_00_filtered,0.047811796486724595,True,7.29,True,0.006569057073539171,2.000000000000001,False,0.00593401003248979,0.06113769464374975,0.009222529522144774,0.3312033062989178,0.11221841544428503,-0.74,0.009999999999999787,0.013603104226040065,0.011619512663959122,33.0,65.0,0.19813564855629312,1250.0000000006978,5.440228603652551,7.79,433.2356459395345,2409.2475600177067,0.0,nan
computed_torque,10.0,1.0,esn,106,"demo_00_filtered +5,-10 deg",,0.014565309351040421,True,1.51,False,0.006763979913897273,2.0,True,0.006760824249127235,1.6348258273622693,0.3618545225333456,14.662128247713321,0.07808047452852551,-0.74,-5.7700000000000005,0.005914791755991178,0.011619512663959122,1.0,65.0,0.0477365342044222,290.1699465569877,1.6697420567293222,1.51,290.58474000555225,847.0926137252161,0.0,nan
computed_torque,10.0,1.0,replay,106,"demo_00_filtered +5,-10 deg",demo_00_filtered,0.039657168135456396,True,7.29,True,0.006569057073539171,2.000000000000001,False,0.00593401003248979,0.04957643196463704,0.01097331337517176,0.275686375675255,0.07808047452852551,-0.74,0.009999999999999787,0.01261421414406171,0.011619512663959122,34.0,65.0,0.16553009079628625,1000.0000000005556,4.497918483913709,7.79,452.38934211693123,2449.1868657493023,0.0,nan
computed_torque,10.0,1.0,esn,107,"demo_00_filtered +5,-7.5 deg",,0.008756482596502501,True,1.58,False,0.006764013977949591,2.0,True,0.006760824249130674,1.43770036722126,0.5719408075780802,14.538887596668928,0.043852647671527176,-0.74,-5.7,0.004170629522086983,0.011619512663959122,1.0,65.0,0.03313981279572623,176.07203843444918,1.0110804504219753,1.58,171.31841857599895,288.66258055397907,0.0,nan
computed_torque,10.0,1.0,replay,107,"demo_00_filtered +5,-7.5 deg",demo_00_filtered,0.03234298046447081,True,7.29,True,0.006569057073539171,2.000000000000001,False,0.00593401003248979,0.038272747262538244,0.015225527152000151,0.22315361377968754,0.04361322140912785,-0.74,0.009999999999999787,0.011787873771505824,0.011619512663959122,36.0,65.0,0.13482450998206433,750.0000000004198,3.650834465769264,7.79,465.4345099679915,2471.8750992264117,0.0,nan
computed_torque,10.0,1.0,esn,108,"demo_00_filtered +5,-5 deg",,0.0026566884992465767,True,1.8900000000000001,False,0.0067642109750812324,2.0,True,0.006760824249128634,0.6905817420021425,1.2447300858870838,14.011233082463663,0.019559563100782495,-0.73,-5.390000000000001,0.0020534530201204585,0.011619512663959122,3.0,65.0,0.011443080938155579,53.6786351325016,0.30873435088394463,1.8900000000000001,51.30695446901337,25.69383835784927,0.0,nan
computed_torque,10.0,1.0,replay,108,"demo_00_filtered +5,-5 deg",demo_00_filtered,0.02658972507946028,True,7.29,True,0.006569057073539171,2.000000000000001,False,0.00593401003248979,0.028698241016175075,0.05172677154960318,0.17629322997002114,0.00903011985228149,-0.74,0.009999999999999787,0.011160248802183423,0.011619512663959122,38.0,65.0,0.10765708442761034,500.0000000002842,2.983166904261561,7.79,472.52743493522144,2474.301508686498,0.0,nan
computed_torque,10.0,1.0,esn,109,"demo_00_filtered +5,-2.5 deg",,0.0009065075337429214,False,nan,False,nan,0.0,False,0.5106206639356043,0.1028324831676747,0.06132425105048072,20.600109867845717,0.0262524806749727,-0.69,nan,0.00022820854355879057,0.011619512663959122,1.0,65.0,0.0034524402075220193,19.18182716575804,0.10481238545883005,nan,18.192009638696163,3.2296864021134963,0.0,nan
computed_torque,10.0,1.0,replay,109,"demo_00_filtered +5,-2.5 deg",demo_00_filtered,0.023590431676466402,True,7.29,True,0.006569057073539171,2.000000000000001,False,0.00593401003248979,0.02762427276569391,0.01647376185021359,0.14088392564073607,0.025776518568783803,-0.74,0.009999999999999787,0.010766148535725316,0.011619512663959122,38.0,65.0,0.08739227062890909,500.00000000027944,2.6368215831413035,7.79,473.8471661523994,2455.6523419869995,0.0,nan
computed_torque,10.0,1.0,esn,110,"demo_00_filtered +5,+0 deg",,0.002412991999322309,False,nan,False,nan,0.0,False,0.5106206639467741,0.1279440141793548,0.033865957050070436,20.598573168159177,0.06051514677916187,-0.73,nan,0.0005053384811441339,0.011619512663959122,1.0,65.0,0.008219408777878348,51.32886399468603,0.2756486616501649,nan,11.147899381623114,1.9791213778981787,0.0,nan
computed_torque,10.0,1.0,replay,110,"demo_00_filtered +5,+0 deg",demo_00_filtered,0.024404959013272148,True,7.29,True,0.006569057073539171,2.000000000000001,False,0.00593401003248979,0.030731406685951573,0.008134405549100082,0.12690338078624602,0.06051514677916187,-0.74,0.009999999999999787,0.010631574246222655,0.011619512663959122,38.0,65.0,0.07949674148398993,500.00000000027944,2.738052605308499,7.79,469.59495917829844,2417.1447246556468,0.0,nan
computed_torque,10.0,1.0,esn,111,"demo_00_filtered +5,+2.5 deg",,0.008774472642415848,False,nan,False,nan,0.0,False,0.5106206639661637,0.16780815232929897,0.030018434862956172,20.606151614490926,0.09422484798209368,-0.74,nan,0.001376976421488888,0.011619512663959122,1.0,65.0,0.03251043864312707,216.3588126251747,0.9915526097253043,nan,49.99522674528475,39.97315538337794,0.0,nan
computed_torque,10.0,1.0,replay,111,"demo_00_filtered +5,+2.5 deg",demo_00_filtered,0.028729893123145032,True,7.29,True,0.006569057073539171,2.000000000000001,False,0.00593401003248979,0.03650021565051718,0.006529357071036649,0.14088245308187208,0.09422484798209368,-0.74,0.009999999999999787,0.010766262271817055,0.011619512663959122,38.0,65.0,0.0873900260335285,500.00000000027944,3.2461546909965366,7.79,459.99365510735987,2361.839276415109,0.0,nan
computed_torque,10.0,1.0,esn,112,"demo_00_filtered +5,+5 deg",,0.018175005471595902,False,nan,False,nan,0.0,False,0.5106206640221969,0.22915441166045805,0.03240732768478473,20.631296166912964,0.11840443716586918,-0.74,nan,0.0023289379891707354,0.011619512663959122,1.0,65.0,0.06658219919630225,443.3285148301204,2.04197208046325,nan,129.64045160297837,235.81348469685076,0.0,nan
computed_torque,10.0,1.0,replay,112,"demo_00_filtered +5,+5 deg",demo_00_filtered,0.03531425248340692,True,7.29,True,0.006569057073539171,2.000000000000001,False,0.00593401003248979,0.042548783647073346,0.006017306689616972,0.1762908763892944,0.11840443716586918,-0.74,0.009999999999999787,0.01116046824067667,0.011619512663959122,36.0,65.0,0.1076534402440631,500.0000000002842,4.009827188516242,7.79,445.2869976918535,2294.434418010695,0.0,nan
computed_torque,10.0,1.0,esn,113,"demo_00_filtered +5,+7.5 deg",,0.028864100176771223,False,nan,False,nan,0.0,False,0.3000275511904558,2.972065060789682,0.329721014482837,13.482355267045525,0.14529662439833216,-0.74,nan,0.003222519207715999,0.011619512663959122,0.0,65.0,0.10417069681336198,697.8746331500845,3.2302062928711637,nan,207.19738351002837,602.9594396414775,0.0,nan
computed_torque,10.0,1.0,replay,113,"demo_00_filtered +5,+7.5 deg",demo_00_filtered,0.04314977350361701,True,7.29,True,0.006569057073539171,2.000000000000001,False,0.00593401003248979,0.05248072046509863,0.0058222131880063255,0.22315082475804948,0.14529662439833216,-0.74,0.009999999999999787,0.011788185402754248,0.011619512663959122,34.0,65.0,0.13482014517606844,750.0000000004198,4.9114985512936125,7.79,425.7388902678524,2221.0455278507284,0.0,nan
computed_torque,10.0,1.0,esn,114,"demo_00_filtered +5,+10 deg",,0.040064832361105196,False,nan,False,nan,0.0,False,0.3000275511904545,3.0195957885630857,0.2700808579119659,13.623786370583531,0.17429161346317143,-0.74,nan,0.004066050542699623,0.011619512663959122,0.0,65.0,0.14257176668096216,962.1686825693752,4.471213591676304,nan,276.02841794512244,1095.6991427103494,0.0,nan
computed_torque,10.0,1.0,replay,114,"demo_00_filtered +5,+10 deg",demo_00_filtered,0.05168281353091737,True,7.29,True,0.006569057073539171,2.000000000000001,False,0.00593401003248979,0.0630846543531307,0.0056424630188271355,0.27568336558929973,0.17429161346317143,-0.74,0.009999999999999787,0.012614602432152637,0.011619512663959122,33.0,65.0,0.16552535061700957,1000.0000000005556,5.8881496143769905,7.79,401.63259443077317,2148.9722800080435,0.0,nan
computed_torque,10.0,1.0,esn,115,"demo_00_filtered +5,+12.5 deg",,0.051431572859504844,False,nan,False,nan,0.0,False,0.3000275511904535,3.032015554733836,0.22521246151775232,13.675197611588938,0.2044537695868019,-0.74,nan,0.004857368460597881,0.011619512663959122,0.0,65.0,0.1807144715033886,1228.00728926907,5.7282598914672205,nan,335.43762659616607,1668.8263264328687,0.0,nan
computed_torque,10.0,1.0,replay,115,"demo_00_filtered +5,+12.5 deg",demo_00_filtered,0.06063056694756015,True,7.29,True,0.006569057073539171,2.000000000000001,False,0.00593401003248979,0.0740752961323496,0.0055021748663447645,0.33120017438920807,0.2044537695868019,-0.74,0.009999999999999787,0.013603554301938459,0.011619512663959122,28.0,65.0,0.1981306984067442,1250.0000000007042,6.907952499879187,7.79,374.70634208903226,2086.4576296953037,0.0,nan
computed_torque,10.0,1.0,esn,116,"demo_00_filtered +5,+15 deg",,0.06281371450134043,False,nan,False,nan,0.0,False,0.3000275511904543,3.0363851915981117,0.19203786118113575,13.708259412601313,0.23528853643134554,-0.74,nan,0.005601341096707758,0.011619512663959122,0.0,65.0,0.21822911594915625,1491.9727258335645,6.985935878184701,nan,386.9455268907046,2295.513592914436,0.0,nan
computed_torque,10.0,1.0,replay,116,"demo_00_filtered +5,+15 deg",demo_00_filtered,0.0698437301912729,True,7.29,True,0.006569057073539171,2.000000000000001,False,0.00593401003248979,0.08536302324324654,0.005398831628131051,0.3884237414842106,0.23528853643134554,-0.74,0.009999999999999787,0.014722323201970956,0.011619512663959122,27.0,65.0,0.231835863075749,1500.0000000008397,7.954124586570147,7.79,362.60551820685345,2042.4420079620886,0.0,nan
computed_torque,10.0,1.0,esn,117,"demo_00_filtered +7.5,-15 deg",,0.0189036810574142,True,1.43,False,0.006764019893234825,2.0,True,0.006760824249128938,1.7140248913417002,0.24207395221301314,14.77913702307345,0.1219671312278732,-0.74,-5.8500000000000005,0.005737051743475432,0.011619512663959122,1.0,65.0,0.04565847476651061,314.399948291376,2.1490998747444823,1.43,342.0499549937226,1196.3190963994875,0.0,nan
computed_torque,10.0,1.0,replay,117,"demo_00_filtered +7.5,-15 deg",demo_00_filtered,0.05797118464722869,True,7.29,True,0.006569057073539171,2.000000000000001,False,0.00593401003248979,0.06781851126048387,0.009578096057389887,0.41181829183173413,0.1219671312278732,-0.74,0.009999999999999787,0.015203010503539269,0.011619512663959122,30.0,65.0,0.24563870004782332,1500.0000000008336,6.617741519677856,7.79,678.5840131753966,5405.668437708013,0.0,nan
computed_torque,10.0,1.0,esn,118,"demo_00_filtered +7.5,-12.5 deg",,0.012775338624214028,True,1.45,False,0.0067640224003499925,2.0,True,0.006760824249128167,1.6423940899388139,0.3220228712987677,14.743087831066742,0.08708369285910866,-0.74,-5.83,0.005076169304642585,0.011619512663959122,1.0,65.0,0.038390716708574385,244.3412750557318,1.4638786948524742,1.45,252.22035430071705,636.3006661530815,0.0,nan
computed_torque,10.0,1.0,replay,118,"demo_00_filtered +7.5,-12.5 deg",demo_00_filtered,0.05103020449783922,True,7.29,True,0.006569057073539171,2.000000000000001,False,0.00593401003248979,0.056372801321317244,0.011052969233055288,0.358349610208353,0.08708369285910866,-0.74,0.009999999999999787,0.014122459649986072,0.011619512663959122,33.0,65.0,0.21411652175559978,1250.0000000006978,5.79638611095659,7.79,697.7377093527934,5530.654390157339,0.0,nan
computed_torque,10.0,1.0,esn,119,"demo_00_filtered +7.5,-10 deg",,0.00854859509649032,True,1.49,False,0.006764007493663814,2.0,True,0.006760824249127272,1.4808460526064589,0.471882095313443,14.674296984227375,0.052588910256698825,-0.74,-5.79,0.004160935698294531,0.011619512663959122,1.0,65.0,0.031435290123672056,170.35563215670274,0.9847019397100116,1.49,168.81121682358264,281.251917440122,0.0,nan
computed_torque,10.0,1.0,replay,119,"demo_00_filtered +7.5,-10 deg",demo_00_filtered,0.044874017174034386,True,7.29,True,0.006569057073539171,2.000000000000001,False,0.00593401003248979,0.045048674389782065,0.014355079533573036,0.30776905426975865,0.052180173001104814,-0.74,0.009999999999999787,0.013172616310104164,0.011619512663959122,34.0,65.0,0.18435932474089856,1000.0000000005556,5.066279310985599,7.79,710.7346274178998,5606.293763447809,0.0,nan
computed_torque,10.0,1.0,esn,120,"demo_00_filtered +7.5,-7.5 deg",,0.00476883509352237,True,1.61,False,0.006764102555862348,1.9999999999999998,True,0.006760824249130945,1.0216290676440765,0.9565027232134099,14.463682578587134,0.028599720708677105,-0.73,-5.67,0.002381801896251242,0.011619512663959122,2.0,65.0,0.018868839714233043,94.713766877996,0.5516170432917625,1.61,91.74147609315466,82.3161045658086,0.0,nan
computed_torque,10.0,1.0,replay,120,"demo_00_filtered +7.5,-7.5 deg",demo_00_filtered,0.039883118836720126,True,7.29,True,0.006569057073539171,2.000000000000001,False,0.00593401003248979,0.03482985650352453,0.032609538676869367,0.26175627666987805,0.017402200569617703,-0.74,0.009999999999999787,0.012383593583202351,0.011619512663959122,34.0,65.0,0.157371529038124,750.0000000004198,4.4739204804735975,7.79,717.719516728577,5630.109614452158,0.0,nan
computed_torque,10.0,1.0,esn,121,"demo_00_filtered +7.5,-5 deg",,0.0012654295087896317,False,nan,False,nan,0.0,False,0.30002755119035207,2.927116069534164,3.129839127942313,13.735223017771101,0.05211074886911075,-0.71,nan,0.0002374190599660167,0.011619512663959122,1.0,65.0,0.004783972621403065,26.213700175566068,0.14641999429534452,nan,25.28776296320771,6.214762470434926,0.0,nan
computed_torque,10.0,1.0,replay,121,"demo_00_filtered +7.5,-5 deg",demo_00_filtered,0.03655656767435708,True,7.29,True,0.006569057073539171,2.000000000000001,False,0.00593401003248979,0.03022649114667069,0.032319884980272606,0.22315491472608556,0.01696258598932559,-0.74,0.009999999999999787,0.011787729862344668,0.011619512663959122,36.0,65.0,0.13482654592974982,750.0000000004168,4.081330523584057,7.79,718.8601988119767,5601.931805868628,0.0,nan
computed_torque,10.0,1.0,esn,122,"demo_00_filtered +7.5,-2.5 deg",,0.000823527052457419,False,nan,False,nan,0.0,False,0.5106206641883593,0.2751509707894531,0.09470431099426357,20.676255454442384,0.049616801478391495,-0.67,nan,0.0002770017330923585,0.011619512663959122,1.0,65.0,0.002782058017412649,15.340675970694157,0.10351372525756249,nan,6.533083048921572,0.5201933000946578,0.0,nan
computed_torque,10.0,1.0,replay,122,"demo_00_filtered +7.5,-2.5 deg",demo_00_filtered,0.035387877700148826,True,7.29,True,0.006569057073539171,2.000000000000001,False,0.00593401003248979,0.030784802214020725,0.010595832078689745,0.19638506444505455,0.049616801478391495,-0.74,0.009999999999999787,0.01141531323592462,0.011619512663959122,36.0,65.0,0.11927094627598889,750.0000000004168,3.950003721649143,7.79,714.3470532345098,5523.737016751658,0.0,nan
computed_torque,10.0,1.0,esn,123,"demo_00_filtered +7.5,+0 deg",,0.004987495921384047,False,nan,False,nan,0.0,False,0.5106206649203582,0.4055562275700039,0.08072456245697127,20.74587511771266,0.08219210101102802,-0.73,nan,0.0007766875198680296,0.011619512663959122,1.0,65.0,0.017783952678376343,121.54965177004271,0.5665585803420924,nan,19.89981462688492,5.374550240213591,0.0,nan
computed_torque,10.0,1.0,replay,123,"demo_00_filtered +7.5,+0 deg",demo_00_filtered,0.03660609042112626,True,7.29,True,0.006569057073539171,2.000000000000001,False,0.00593401003248979,0.03637336983350835,0.007239993286476488,0.18660997049494096,0.08219210101102802,-0.74,0.009999999999999787,0.011288480541415683,0.011619512663959122,36.0,65.0,0.1136128582796228,750.0000000004168,4.106317219463811,7.79,704.3924387674472,5399.466122306501,0.0,nan
computed_torque,10.0,1.0,esn,124,"demo_00_filtered +7.5,+2.5 deg",,0.012618096635426302,False,nan,False,nan,0.0,False,0.30002755119045604,2.9973561146659824,0.41693064244724676,13.56261533868879,0.11482140750018173,-0.74,nan,0.0016301689524451752,0.011619512663959122,1.0,65.0,0.04542384764386357,310.69664194209315,1.4230449486934202,nan,60.08666806378748,65.01358962797538,0.0,nan
computed_torque,10.0,1.0,replay,124,"demo_00_filtered +7.5,+2.5 deg",demo_00_filtered,0.04001492825994622,True,7.29,True,0.006569057073539171,2.000000000000001,False,0.00593401003248979,0.043451148213451245,0.006044031622089582,0.19638400805439757,0.11482140750018173,-0.74,0.009999999999999787,0.011415420504148177,0.011619512663959122,34.0,65.0,0.11926930162466007,750.0000000004168,4.5214864766051015,7.79,689.2300513619965,5234.82178403739,0.0,nan
computed_torque,10.0,1.0,esn,125,"demo_00_filtered +7.5,+5 deg",,0.022189308442754147,False,nan,False,nan,0.0,False,0.30002755119045493,3.026446020100167,0.3357540402429253,13.637392862181018,0.14794356162360803,-0.74,nan,0.0025425321432450128,0.011619512663959122,0.0,65.0,0.07917395789581522,542.770913123597,2.490712476941523,nan,116.25571049528517,227.59244238944166,0.0,nan
computed_torque,10.0,1.0,replay,125,"demo_00_filtered +7.5,+5 deg",demo_00_filtered,0.045140652186371415,True,7.29,True,0.006569057073539171,2.000000000000001,False,0.00593401003248979,0.05004507436806565,0.005552002514414442,0.22315305539304015,0.14794356162360803,-0.74,0.009999999999999787,0.011787937619962587,0.011619512663959122,34.0,65.0,0.1348236361187288,750.0000000004168,5.133783144864875,7.79,669.114220608626,5037.049318390034,0.0,nan
computed_torque,10.0,1.0,esn,126,"demo_00_filtered +7.5,+7.5 deg",,0.03263222605230511,False,nan,False,nan,0.0,False,0.3000275511904547,3.0384615485560573,0.286468902047809,13.676317184396504,0.17450102488327285,-0.74,nan,0.0034127100523485892,0.011619512663959122,0.0,65.0,0.1151176596541879,792.3452626382018,3.6517117785069266,nan,168.24543804226582,484.28078886596313,0.0,nan
computed_torque,10.0,1.0,replay,126,"demo_00_filtered +7.5,+7.5 deg",demo_00_filtered,0.05149150189018441,True,7.29,True,0.006569057073539171,2.000000000000001,False,0.00593401003248979,0.058158560956837364,0.005483241711550787,0.26175389896492757,0.17450102488327285,-0.74,0.009999999999999787,0.012383890223620509,0.011619512663959122,33.0,65.0,0.15736778960508244,750.0000000004198,5.882452445938192,7.79,644.3191465122951,4814.704104675793,0.0,nan
computed_torque,10.0,1.0,esn,127,"demo_00_filtered +7.5,+10 deg",,0.04343568852760409,False,nan,False,nan,0.0,False,0.30002755119045293,3.0440948328550035,0.24352758662840046,13.702459995492632,0.1998017210383359,-0.74,nan,0.0042298653566429515,0.011619512663959122,0.0,65.0,0.15155179794118306,1047.4717155622036,4.85086214784198,nan,213.63538473322598,810.6619879258251,0.0,nan
computed_torque,10.0,1.0,replay,127,"demo_00_filtered +7.5,+10 deg",demo_00_filtered,0.058688172659500444,True,7.29,True,0.006569057073539171,2.000000000000001,False,0.00593401003248979,0.06851133652092423,0.005480906921673943,0.3077663579662132,0.1998017210383359,-0.74,0.009999999999999787,0.013172988138696804,0.011619512663959122,28.0,65.0,0.18435506870378499,1000.0000000005556,6.722398406647465,7.79,615.138078567699,4577.408949240453,0.0,nan
computed_torque,10.0,1.0,esn,128,"demo_00_filtered +7.5,+12.5 deg",,0.05437244806449138,False,nan,False,nan,0.0,False,0.30002755119045565,3.045650253042115,0.20892988369425855,13.723570950970208,0.22677381360346685,-0.74,nan,0.0049946769812057555,0.011619512663959122,0.0,65.0,0.1878348696780418,1303.192084909786,6.064055185810346,nan,253.50994563381087,1191.5694461003247,0.0,nan
computed_torque,10.0,1.0,replay,128,"demo_00_filtered +7.5,+12.5 deg",demo_00_filtered,0.0664723509376632,True,7.29,True,0.006569057073539171,2.000000000000001,False,0.00593401003248979,0.07967658841856072,0.005465768873106064,0.3583467155543436,0.22677381360346685,-0.74,0.009999999999999787,0.014122893174798323,0.011619512663959122,27.0,65.0,0.21411194107531123,1250.0000000007042,7.623689792877119,7.79,581.8824392663147,4335.604940845205,0.0,nan
computed_torque,10.0,1.0,esn,129,"demo_00_filtered +7.5,+15 deg",,0.06535426250741048,False,nan,False,nan,0.0,False,0.3000275511904556,3.0448228076194583,0.1815581540607699,13.743938370930918,0.2548442867216326,-0.74,nan,0.005709164723229568,0.011619512663959122,0.0,65.0,0.223810369837467,1557.986951396972,7.2819424768893,nan,290.10765399082055,1625.1536051020112,0.0,nan
computed_torque,10.0,1.0,replay,129,"demo_00_filtered +7.5,+15 deg",demo_00_filtered,0.07467526614875933,True,7.29,True,0.006569057073539171,2.000000000000001,False,0.00593401003248979,0.09091491531349497,0.005421118154922968,0.4118152692430632,0.2548442867216326,-0.74,0.009999999999999787,0.015203493757826475,0.011619512663959122,25.0,65.0,0.2456339086282079,1500.0000000008397,8.56705697146551,7.79,551.8116814457721,4100.299410746141,0.0,nan
computed_torque,10.0,1.0,esn,130,"demo_00_filtered +10,-15 deg",,0.012217002402477823,True,1.3900000000000001,False,0.006764016331862865,2.0,True,0.006760824249129394,1.6293374242049863,0.28872945456361654,14.825082773505558,0.09691047571435699,-0.74,-5.890000000000001,0.0042000412697213935,0.011619512663959122,1.0,65.0,0.03154313086768918,212.4731585730652,1.3968949388447214,1.3900000000000001,228.71640872213285,526.1393927105013,0.0,nan
computed_torque,10.0,1.0,replay,130,"demo_00_filtered +10,-15 deg",demo_00_filtered,0.06283670257322721,True,7.29,True,0.006569057073539171,2.000000000000001,False,0.00593401003248979,0.06389074316882357,0.011321865657016733,0.4424933089897562,0.09691047571435699,-0.74,0.009999999999999787,0.015852210131230227,0.011619512663959122,28.0,65.0,0.26374510881483804,1500.0000000008336,7.142121372337627,7.79,949.3276344957874,9989.360124142613,0.0,nan
computed_torque,10.0,1.0,esn,131,"demo_00_filtered +10,-12.5 deg",,0.007856619428244135,True,1.41,False,0.006763967623369886,2.0,True,0.006760824249130094,1.4888104092657248,0.41625082238987154,14.790245276144919,0.062233980981491945,-0.74,-5.87,0.0039765829229025055,0.011619512663959122,1.0,65.0,0.02732147225441328,154.2287784356761,0.9058939220579472,1.41,156.863094813334,241.59690566992063,0.0,nan
computed_torque,10.0,1.0,replay,131,"demo_00_filtered +10,-12.5 deg",demo_00_filtered,0.05757276705958602,True,7.29,True,0.006569057073539171,2.000000000000001,False,0.00593401003248979,0.052262333184550626,0.014611826349878742,0.39321808980510436,0.062233980981491945,-0.74,0.009999999999999787,0.014819072313725937,0.011619512663959122,33.0,65.0,0.23466784260158546,1250.0000000006978,6.499738913661765,7.79,962.2397727660516,10124.407964754466,0.0,nan
computed_torque,10.0,1.0,esn,132,"demo_00_filtered +10,-10 deg",,0.004728049113260026,True,1.46,False,0.006764093896493432,2.0,True,0.006760824249130614,1.1557094399629027,0.725088788624036,14.684517288284212,0.033701326165661585,-0.73,-5.82,0.002957549573970803,0.011619512663959122,2.0,65.0,0.019469852305121486,92.78642262731904,0.5467718270570937,1.46,91.09390294579855,81.07058218158166,0.0,nan
computed_torque,10.0,1.0,replay,132,"demo_00_filtered +10,-10 deg",demo_00_filtered,0.053174750127711015,True,7.29,True,0.006569057073539171,2.000000000000001,False,0.00593401003248979,0.04126998111941059,0.025892667812223474,0.34774676674211963,0.028274869218203106,-0.74,0.009999999999999787,0.013916855180937077,0.011619512663959122,33.0,65.0,0.2078736926152184,1000.0000000005556,5.963678412431108,7.79,969.0799127188677,10175.143631555202,0.0,nan
computed_torque,10.0,1.0,esn,133,"demo_00_filtered +10,-7.5 deg",,0.0023220307990503373,False,nan,False,nan,0.0,False,0.3000275511906045,2.7569147292202363,7.797028632523306,14.842030398130037,0.05283782456447151,-0.73,nan,0.00030489961541851934,0.011619512663959122,1.0,65.0,0.008596274843538334,47.00221405285882,0.268316660131014,nan,45.877819783454456,20.536850887298257,0.0,nan
computed_torque,10.0,1.0,replay,133,"demo_00_filtered +10,-7.5 deg",demo_00_filtered,0.04988853217949564,True,7.29,True,0.006569057073539171,2.000000000000001,False,0.00593401003248979,0.034232723357932655,0.09681602458068912,0.30776999754617784,0.013717734451454282,-0.74,0.009999999999999787,0.013172487529236238,0.011619512663959122,34.0,65.0,0.18436081366267434,1000.0000000005556,5.566159140670831,7.79,970.0045234891622,10141.971120636455,0.0,nan
computed_torque,10.0,1.0,esn,134,"demo_00_filtered +10,-5 deg",,0.000732069310468574,False,nan,False,nan,0.0,False,0.30002755119045554,3.0009623025430496,1.2707180115293268,13.723496430043317,0.052097786694275616,-0.67,nan,8.744188320255789e-05,0.011619512663959122,1.0,65.0,0.002666414603665137,15.160886137956913,0.0845711181623353,nan,14.619353988684315,2.0823203687593486,0.0,nan
computed_torque,10.0,1.0,replay,134,"demo_00_filtered +10,-5 deg",demo_00_filtered,0.0479620789191613,True,7.29,True,0.006569057073539171,2.000000000000001,False,0.00593401003248979,0.03418507730394437,0.014475221304457341,0.27568848176864963,0.039911375258119476,-0.74,0.009999999999999787,0.012613945179108955,0.011619512663959122,34.0,65.0,0.16553340735305722,1000.0000000005556,5.3395984302264035,7.79,965.1929626887317,10027.559321570976,0.0,nan
computed_torque,10.0,1.0,esn,135,"demo_00_filtered +10,-2.5 deg",,0.0025366457008323628,False,nan,False,nan,0.0,False,0.300027551190454,3.02325688015811,0.6887453716291217,13.684653334359627,0.07381051128740926,-0.73,nan,0.00034393917778182407,0.011619512663959122,0.0,65.0,0.008818133011036618,60.41355512850153,0.28952682152210896,nan,9.954258182423176,1.0074889640990425,0.0,nan
computed_torque,10.0,1.0,replay,135,"demo_00_filtered +10,-2.5 deg",demo_00_filtered,0.04758170295531799,True,7.29,True,0.006569057073539171,2.000000000000001,False,0.00593401003248979,0.03550126527618795,0.00808774547291309,0.2545056316677192,0.07381051128740926,-0.74,0.009999999999999787,0.012266638249668473,0.011619512663959122,34.0,65.0,0.15312958593340498,1000.0000000005556,5.30723290314762,7.79,954.84694031662,9836.664673229816,0.0,nan
computed_torque,10.0,1.0,esn,136,"demo_00_filtered +10,+0 deg",,0.008341330219894378,False,nan,False,nan,0.0,False,0.30002755119045343,3.037043933286118,0.4725775736534276,13.687585219448898,0.10721326661235851,-0.74,nan,0.001091872880538492,0.011619512663959122,0.0,65.0,0.029004885140349015,201.6808302424644,0.9448388044543194,nan,33.12479438537555,12.871025776170008,0.0,nan
computed_torque,10.0,1.0,replay,136,"demo_00_filtered +10,+0 deg",demo_00_filtered,0.04880560417716479,True,7.29,True,0.006569057073539171,2.000000000000001,False,0.00593401003248979,0.04171562279396734,0.0064911368542779225,0.24704109800116109,0.10721326661235851,-0.74,0.009999999999999787,0.012148696662929497,0.011619512663959122,34.0,65.0,0.14876489178913108,1000.0000000005556,5.473667997272544,7.79,939.1899183565956,9575.932581412364,0.0,nan
computed_torque,10.0,1.0,esn,137,"demo_00_filtered +10,+2.5 deg",,0.01660571120907989,False,nan,False,nan,0.0,False,0.3000275511904543,3.0465195598410832,0.3608341020017284,13.701410346935896,0.13966962058381904,-0.74,nan,0.0019636360966397213,0.011619512663959122,0.0,65.0,0.05774185957163399,403.03651447889416,1.8708834931620604,nan,66.4968859637242,62.673969629164255,0.0,nan
computed_torque,10.0,1.0,replay,137,"demo_00_filtered +10,+2.5 deg",demo_00_filtered,0.051542032690912294,True,7.29,True,0.006569057073539171,2.000000000000001,False,0.00593401003248979,0.050534434282233275,0.0059853701432812005,0.25450481652221474,0.13966962058381904,-0.74,0.009999999999999787,0.012266738073362435,0.011619512663959122,33.0,65.0,0.1531283049360906,1000.0000000005556,5.822877349670925,7.79,918.4664476166328,9253.68056563809,0.0,nan
computed_torque,10.0,1.0,esn,138,"demo_00_filtered +10,+5 deg",,0.026187169420066252,False,nan,False,nan,0.0,False,0.3000275511904546,3.0523809315869745,0.28780697591765037,13.715489950796334,0.1713660963374544,-0.74,nan,0.0028232391802172647,0.011619512663959122,0.0,65.0,0.09054151915925866,633.3748800932213,2.9405239855024883,nan,105.30189169583193,167.70401009976274,0.0,nan
computed_torque,10.0,1.0,replay,138,"demo_00_filtered +10,+5 deg",demo_00_filtered,0.05559024271885761,True,7.29,True,0.006569057073539171,2.000000000000001,False,0.00593401003248979,0.059180270370852425,0.00558006848790283,0.2756869767412777,0.1713660963374544,-0.74,0.009999999999999787,0.012614139328788233,0.011619512663959122,33.0,65.0,0.16553103732787283,1000.0000000005556,6.325491216318289,7.79,892.9414435253983,8879.666315121869,0.0,nan
computed_torque,10.0,1.0,esn,139,"demo_00_filtered +10,+7.5 deg",,0.03638704210438241,False,nan,False,nan,0.0,False,0.30002755119045177,3.0549814445302963,0.2443985155624238,13.728444990487924,0.20215340554898473,-0.74,nan,0.0036405349284580877,0.011619512663959122,0.0,65.0,0.12493179120487978,875.5428005336967,4.077511720705841,nan,146.57076717608123,326.9018125343349,0.0,nan
computed_torque,10.0,1.0,replay,139,"demo_00_filtered +10,+7.5 deg",demo_00_filtered,0.06070993865686287,True,7.29,True,0.006569057073539171,2.000000000000001,False,0.00593401003248979,0.06661591917341288,0.005329273533873033,0.30776797532693034,0.20215340554898473,-0.74,0.009999999999999787,0.013172766404390407,0.011619512663959122,28.0,65.0,0.18435762166982872,1000.0000000005556,6.948976628341647,7.79,862.8994027567375,8464.844011298337,0.0,nan
computed_torque,10.0,1.0,esn,140,"demo_00_filtered +10,+10 deg",,0.046864314128348766,False,nan,False,nan,0.0,False,0.30002755119045454,3.0553605853928767,0.2160466188901404,13.741202533718582,0.22838490988506888,-0.74,nan,0.00441151356736108,0.011619512663959122,0.0,65.0,0.15983702490494803,1121.9290496265119,5.244909094167705,nan,188.80432048931772,536.3151039766744,0.0,nan
computed_torque,10.0,1.0,replay,140,"demo_00_filtered +10,+10 deg",demo_00_filtered,0.06667548739182488,True,7.29,True,0.006569057073539171,2.000000000000001,False,0.00593401003248979,0.075372773748242,0.005329659943422134,0.3477443804136651,0.22838490988506888,-0.74,0.009999999999999787,0.013917207125576612,0.011619512663959122,27.0,65.0,0.2078699180240939,1000.0000000005556,7.6644293520208295,7.79,828.6435627046242,8021.112414336913,0.0,nan
computed_torque,10.0,1.0,esn,141,"demo_00_filtered +10,+12.5 deg",,0.05746867223061072,False,nan,False,nan,0.0,False,0.30002755119045366,3.053645363825963,0.19075971357696064,13.75533851461455,0.2522403582502931,-0.74,nan,0.005136779444386661,0.011619512663959122,0.0,65.0,0.1948619440162873,1369.7003030254864,6.426263266231475,nan,231.35637522618663,796.5293867432126,0.0,nan
computed_torque,10.0,1.0,replay,141,"demo_00_filtered +10,+12.5 deg",demo_00_filtered,0.07330048955922727,True,7.29,True,0.006569057073539171,2.000000000000001,False,0.00593401003248979,0.08564447438117825,0.00535016789963238,0.3932154518353547,0.2522403582502931,-0.74,0.009999999999999787,0.014819485460052849,0.011619512663959122,25.0,65.0,0.23466366308741493,1250.0000000007042,8.44893607317726,7.79,790.4950059776738,7561.058312331675,0.0,nan
computed_torque,10.0,1.0,esn,142,"demo_00_filtered +10,+15 deg",,0.06813810173534572,False,nan,False,nan,0.0,False,0.30002755119045366,3.0491072674799478,0.16913403995828988,13.773075331468974,0.27745712839567044,-0.74,nan,0.005816052996272657,0.011619512663959122,0.0,65.0,0.22988132731227157,1618.023677426636,7.6145058527647285,nan,273.99752079677575,1112.146756980179,0.0,nan
computed_torque,10.0,1.0,replay,142,"demo_00_filtered +10,+15 deg",demo_00_filtered,0.08044108089184258,True,7.29,True,0.006569057073539171,2.000000000000001,False,0.00593401003248979,0.09656256351449655,0.005356327292950237,0.44249049593774686,0.27745712839567044,-0.74,0.009999999999999787,0.0158526735952716,0.011619512663959122,25.0,65.0,0.2637406463375279,1500.0000000008397,9.285325201133663,7.79,748.7917122237169,7097.6989930854725,0.0,nan
computed_torque,10.0,1.0,esn,143,"demo_00_filtered +12.5,-15 deg",,0.007685026927163774,True,1.33,False,0.006763985584792601,2.0,True,0.00676082424913188,1.48504489719335,0.3466772401957888,14.89237815818087,0.07138829203842334,-0.74,-5.95,0.0030296981468374167,0.011619512663959122,1.0,65.0,0.022383559820924222,142.54417795921535,0.8834110924987431,1.33,150.58500467153215,224.57054538096122,0.0,nan
computed_torque,10.0,1.0,replay,143,"demo_00_filtered +12.5,-15 deg",demo_00_filtered,0.0703443779433553,True,7.29,True,0.006569057073539171,2.000000000000001,False,0.00593401003248979,0.06045606815889535,0.014113204861364912,0.4790548627188259,0.07138829203842334,-0.74,0.009999999999999787,0.01664978136227645,0.011619512663959122,27.0,65.0,0.2853411216228565,1500.0000000008336,7.940392720529147,7.79,1220.071255816179,16109.695581501355,0.0,nan
computed_torque,10.0,1.0,esn,144,"demo_00_filtered +12.5,-12.5 deg",,0.005110201336670089,True,1.34,False,0.00676396793385932,1.9999999999999998,True,0.006760824249131597,1.2100685181147923,0.5399321881902572,14.858140861948575,0.03928611498023618,-0.74,-5.94,0.0030310831531519303,0.011619512663959122,1.0,65.0,0.020139844150966316,100.24930769183129,0.5916876749131929,1.34,100.42982963629579,97.96964894294491,0.0,nan
computed_torque,10.0,1.0,replay,144,"demo_00_filtered +12.5,-12.5 deg",demo_00_filtered,0.06646403158483287,True,7.29,True,0.006569057073539171,2.000000000000001,False,0.00593401003248979,0.049106777147834645,0.021911428355899445,0.4339512635582759,0.03654457600343996,-0.74,0.009999999999999787,0.015669318989872127,0.011619512663959122,28.0,65.0,0.25870266642715817,1250.0000000006978,7.452109163413266,7.79,1226.741836179311,16191.719598053623,0.0,nan
computed_torque,10.0,1.0,esn,145,"demo_00_filtered +12.5,-10 deg",,0.0024715220278198648,True,1.55,False,0.00676444990365888,2.0,True,0.006760824249124091,0.20738055074526657,nan,14.543323698517309,0.005776519414234444,-0.73,-5.73,0.001713515211126515,0.011619512663959122,2.0,65.0,0.010116707522197696,49.059736837912695,0.2863297998540677,1.55,48.43858933489099,22.817159702355557,0.0,nan
computed_torque,10.0,1.0,replay,145,"demo_00_filtered +12.5,-10 deg",demo_00_filtered,0.06335753328654581,True,7.29,True,0.006569057073539171,2.000000000000001,False,0.00593401003248979,0.039237422240570245,nan,0.39321882810141157,0.015634230933654757,-0.74,0.009999999999999787,0.014818957841026001,0.011619512663959122,31.0,65.0,0.23466901232741705,1250.0000000006946,7.065216374687366,7.79,1227.4251980198367,16156.943248392936,0.0,nan
computed_torque,10.0,1.0,esn,146,"demo_00_filtered +12.5,-7.5 deg",,0.0008372387392661741,False,nan,False,nan,0.0,False,0.30002755119035,3.0021799081684715,1.592748029554391,13.815803024193126,0.05213757817471443,-0.6799999999999999,nan,0.00012946882260999785,0.011619512663959122,0.0,65.0,0.0024589164173024355,15.620550906806304,0.09633313746745392,nan,15.74526363807272,2.4488783067662947,0.0,nan
computed_torque,10.0,1.0,replay,146,"demo_00_filtered +12.5,-7.5 deg",demo_00_filtered,0.06115976653517158,True,7.29,True,0.006569057073539171,2.000000000000001,False,0.00593401003248979,0.03918741377824824,0.020790118509824807,0.3583512304756654,0.03286307594680315,-0.74,0.009999999999999787,0.014122219410376476,0.011619512663959122,33.0,65.0,0.21411908574343014,1250.0000000006946,6.798332175204886,7.79,1222.289530249748,16008.659207245033,0.0,nan
computed_torque,10.0,1.0,esn,147,"demo_00_filtered +12.5,-5 deg",,0.0009942866066224257,False,nan,False,nan,0.0,False,0.30002755119045393,3.0387139188795182,0.7887208809763238,13.760710665676275,0.06657117979189696,-0.69,nan,0.00012674414736067716,0.011619512663959122,0.0,65.0,0.0030357141872370975,19.26802890863705,0.11378057875473933,nan,6.978226161682881,0.624399670076442,0.0,nan
computed_torque,10.0,1.0,replay,147,"demo_00_filtered +12.5,-5 deg",demo_00_filtered,0.05998981753764051,True,7.29,True,0.006569057073539171,2.000000000000001,False,0.00593401003248979,0.03986420994676501,0.010347053269243362,0.33120593589752034,0.06657117979189696,-0.74,0.009999999999999787,0.013602730106434372,0.011619512663959122,33.0,65.0,0.1981398047216971,1250.0000000006946,6.66715012817937,7.79,1211.5257265654875,15752.373586763013,0.0,nan
computed_torque,10.0,1.0,esn,148,"demo_00_filtered +12.5,-2.5 deg",,0.005289902413416398,False,nan,False,nan,0.0,False,0.3000275511904527,3.052092357964542,0.5211874762832681,13.74649636825399,0.10000627110420596,-0.74,nan,0.0006849887988769507,0.011619512663959122,0.0,65.0,0.016733652392489973,113.60978153322523,0.6016765123805057,nan,22.737538712077527,9.29801628001246,0.0,nan
computed_torque,10.0,1.0,replay,148,"demo_00_filtered +12.5,-2.5 deg",demo_00_filtered,0.059928952422755165,True,7.29,True,0.006569057073539171,2.000000000000001,False,0.00593401003248979,0.042727887955396185,0.007296384734975277,0.3137934823166886,0.10000627110420596,-0.74,0.009999999999999787,0.013281305181161916,0.011619512663959122,33.0,65.0,0.1879008870478665,1250.0000000006946,6.68088462722089,7.79,1195.3468273987307,15395.611724396069,0.0,nan
computed_torque,10.0,1.0,esn,149,"demo_00_filtered +12.5,+0 deg",,0.012225905706645187,False,nan,False,nan,0.0,False,0.300027551190452,3.059002344920171,0.38673614436431875,13.74456029338723,0.13236998684868304,-0.74,nan,0.0014647437224123967,0.011619512663959122,0.0,65.0,0.03991309974942944,278.0228121284555,1.3832597069060348,nan,46.43970630384217,29.45130959709601,0.0,nan
computed_torque,10.0,1.0,replay,149,"demo_00_filtered +12.5,+0 deg",demo_00_filtered,0.06100296117531691,True,7.29,True,0.006569057073539171,2.000000000000001,False,0.00593401003248979,0.04877501945807051,0.006166410103553245,0.3077702667501662,0.13236998684868304,-0.74,0.009999999999999787,0.013172451707059097,0.011619512663959122,31.0,65.0,0.18436123858954445,1250.0000000006946,6.8398006429941365,7.79,1173.9873979457448,14947.704176001102,0.0,nan
computed_torque,10.0,1.0,esn,150,"demo_00_filtered +12.5,+2.5 deg",,0.020887711426238055,False,nan,False,nan,0.0,False,0.30002755119045427,3.062698370764894,0.3084287529046879,13.747628703587672,0.16447233827177746,-0.74,nan,0.0022852649515268204,0.011619512663959122,0.0,65.0,0.06906674837982145,484.87782306369263,2.355066170707335,nan,80.44144855920945,72.52495556379527,0.0,nan
computed_torque,10.0,1.0,replay,150,"demo_00_filtered +12.5,+2.5 deg",demo_00_filtered,0.06317737061847237,True,7.29,True,0.006569057073539171,2.000000000000001,False,0.00593401003248979,0.057847679653378184,0.005825545167696484,0.313792821184385,0.16447233827177746,-0.74,0.009999999999999787,0.013281397378567148,0.011619512663959122,28.0,65.0,0.18789984310222144,1250.0000000006946,7.135244869918429,7.79,1147.7028438712696,14419.556003662872,0.0,nan
computed_torque,10.0,1.0,esn,151,"demo_00_filtered +12.5,+5 deg",,0.03045308643213654,False,nan,False,nan,0.0,False,0.3000275511904544,3.0644368344627995,0.2573099703163089,13.752997076496698,0.19625715306567176,-0.74,nan,0.003087433451092697,0.011619512663959122,0.0,65.0,0.10116461620326067,712.1312419040563,3.4264457580048044,nan,117.93701713525871,149.47752967973776,0.0,nan
computed_torque,10.0,1.0,replay,151,"demo_00_filtered +12.5,+5 deg",demo_00_filtered,0.06636791534645523,True,7.29,True,0.006569057073539171,2.000000000000001,False,0.00593401003248979,0.06677418967617534,0.005606793577941125,0.33120468314713636,0.19625715306567176,-0.74,0.009999999999999787,0.013602910143532227,0.011619512663959122,27.0,65.0,0.19813782471825184,1250.0000000006946,7.55214457379124,7.79,1116.7686664421713,13823.402645685106,0.0,nan
computed_torque,10.0,1.0,esn,152,"demo_00_filtered +12.5,+7.5 deg",,0.04045528131974763,False,nan,False,nan,0.0,False,0.30002755119045355,3.0644771104101296,0.21860264091255877,13.7601391652112,0.22697056243277078,-0.74,nan,0.0038564255113125224,0.011619512663959122,0.0,65.0,0.13458585624007172,948.4476355747457,4.546285619581218,nan,157.00541393285118,264.8319975045251,0.0,nan
computed_torque,10.0,1.0,replay,152,"demo_00_filtered +12.5,+7.5 deg",demo_00_filtered,0.0704605263952451,True,7.29,True,0.006569057073539171,2.000000000000001,False,0.00593401003248979,0.07602285100159668,0.0054230445847340165,0.3583494936939178,0.22697056243277078,-0.74,0.009999999999999787,0.014122479531285124,0.011619512663959122,27.0,65.0,0.2141163373799271,1250.0000000006946,8.072529022479058,7.79,1081.4796590011804,13172.555817988916,0.0,nan
computed_torque,10.0,1.0,esn,153,"demo_00_filtered +12.5,+10 deg",,0.05066724772530582,False,nan,False,nan,0.0,False,0.30002755119045293,3.062088275377928,0.19128713808030604,13.7696299347074,0.256098147065286,-0.74,nan,0.0045879290996623315,0.011619512663959122,0.0,65.0,0.16859975806420943,1188.938048856156,5.689488515475509,nan,196.7573636753001,420.62960326388657,0.0,nan
computed_torque,10.0,1.0,replay,153,"demo_00_filtered +12.5,+10 deg",demo_00_filtered,0.07533188731619024,True,7.29,True,0.006569057073539171,2.000000000000001,False,0.00593401003248979,0.08410165315800529,0.005253788621894583,0.39321671773099004,0.256098147065286,-0.74,0.009999999999999787,0.014819288361562112,0.011619512663959122,25.0,65.0,0.23466566873870287,1250.0000000006946,8.67852251275689,7.79,1042.1490468415502,12481.143019895764,0.0,nan
computed_torque,10.0,1.0,esn,154,"demo_00_filtered +12.5,+12.5 deg",,0.060985897589578904,False,nan,False,nan,0.0,False,0.30002755119045327,3.057795154254219,0.17297501512420177,13.7828799400917,0.27995469294675435,-0.74,nan,0.005279179664200624,0.011619512663959122,0.0,65.0,0.20289108490309907,1431.6651288571686,6.844308396237088,nan,236.82929434813377,619.5631245888376,0.0,nan
computed_torque,10.0,1.0,replay,154,"demo_00_filtered +12.5,+12.5 deg",demo_00_filtered,0.0808644664911707,True,7.29,True,0.006569057073539171,2.000000000000001,False,0.00593401003248979,0.09323692842113512,0.005274277147487148,0.4339488732050487,0.27995469294675435,-0.74,0.009999999999999787,0.01566970971867851,0.011619512663959122,25.0,65.0,0.25869887521758345,1250.0000000007042,9.354123440776258,7.79,999.1075726890336,11763.844301552565,0.0,nan
computed_torque,10.0,1.0,esn,155,"demo_00_filtered +12.5,+15 deg",,0.07136495351442894,False,nan,False,nan,0.0,False,0.3000275511904519,3.0499700018024805,0.15620345716788742,13.802756670461633,0.3024042417380517,-0.74,nan,0.0059266695783983326,0.011619512663959122,0.0,65.0,0.23731051598681935,1675.8492456623883,8.005171432045694,nan,277.08425342972754,865.755518590259,0.0,nan
computed_torque,10.0,1.0,replay,155,"demo_00_filtered +12.5,+15 deg",demo_00_filtered,0.08695461413138857,True,7.29,True,0.006569057073539171,2.000000000000001,False,0.00593401003248979,0.10339857378569131,0.005295532310812496,0.479052264360667,0.3024042417380517,-0.74,0.009999999999999787,0.01665022262569337,0.011619512663959122,22.0,65.0,0.28533699689275505,1500.0000000008397,10.085885228387102,7.79,952.702530137876,11035.629994041568,0.0,nan
computed_torque,10.0,1.0,esn,156,"demo_00_filtered +15,-15 deg",,0.004931289295477919,True,1.23,False,0.006764015071228589,2.0,True,0.00676082424913145,1.2466544913012383,0.4457640265340507,14.987240135231367,0.048151308543842995,-0.73,-6.050000000000001,0.0022355565546748383,0.011619512663959122,1.0,65.0,0.016612685185110342,95.50256664424386,0.568617965769874,1.23,98.59596119226161,95.3136841446187,0.0,nan
computed_torque,10.0,1.0,replay,156,"demo_00_filtered +15,-15 deg",demo_00_filtered,0.07975037594432569,True,7.29,True,0.006569057073539171,2.000000000000001,False,0.00593401003248979,0.057733191654846756,0.020643554534395783,0.5202633991246693,0.048151308543842995,-0.74,0.009999999999999787,0.017575536648179943,0.011619512663959122,27.0,65.0,0.3096975795141152,1500.0000000008336,8.938881492055303,7.79,1490.8148771365704,23768.245782260085,0.0,nan
computed_torque,10.0,1.0,esn,157,"demo_00_filtered +15,-12.5 deg",,0.0034136791308297695,True,1.25,False,0.00676427364641299,2.0,True,0.006760824249131459,0.6229688186758182,0.8154432068160203,14.910112689140838,0.017125111680086888,-0.73,-6.03,0.001885395252841668,0.011619512663959122,2.0,65.0,0.013658684565101598,66.66598608763198,0.39562091797341065,1.25,66.52563494345169,42.8888070410917,0.0,nan
computed_torque,10.0,1.0,replay,157,"demo_00_filtered +15,-12.5 deg",demo_00_filtered,0.07689225444687123,True,7.29,True,0.006569057073539171,2.000000000000001,False,0.00593401003248979,0.047272313836818944,0.06187771527738149,0.4790554687278147,0.022080094185253835,-0.74,0.009999999999999787,0.016649679476382618,0.011619512663959122,27.0,65.0,0.2853420836197027,1500.0000000008336,8.570194843721458,7.79,1491.2438995925695,23734.15113428767,0.0,nan
computed_torque,10.0,1.0,esn,158,"demo_00_filtered +15,-10 deg",,0.0012478041540084901,False,nan,False,nan,0.0,False,0.3000275511903483,2.9711953774850106,2.465655824219723,14.115140208499975,0.05280062863219038,-0.71,nan,0.00025951468696263106,0.011619512663959122,1.0,65.0,0.004035132555828405,24.034832662131834,0.14398836682252936,nan,24.455539664556436,5.85362360036662,0.0,nan
computed_torque,10.0,1.0,replay,158,"demo_00_filtered +15,-10 deg",demo_00_filtered,0.07465478275027689,True,7.29,True,0.006569057073539171,2.000000000000001,False,0.00593401003248979,0.04461409841340829,0.037023149816706055,0.44249462115109295,0.020877522160358333,-0.74,0.009999999999999787,0.015851996106295778,0.011619512663959122,28.0,65.0,0.26374719034453653,1500.0000000008336,8.289142160776047,7.79,1485.7704833208052,23553.242493106412,0.0,nan
computed_torque,10.0,1.0,esn,159,"demo_00_filtered +15,-7.5 deg",,0.0009653597864467375,False,nan,False,nan,0.0,False,0.3000275511903475,3.040772528655599,0.9079668546410306,13.820892986817658,0.055133690465016996,-0.69,nan,0.00012935741069713895,0.011619512663959122,0.0,65.0,0.003408149087838863,19.629720113557713,0.11126152057455241,nan,19.302701664396174,3.649509959239982,0.0,nan
computed_torque,10.0,1.0,replay,159,"demo_00_filtered +15,-7.5 deg",demo_00_filtered,0.07311221596696824,True,7.29,True,0.006569057073539171,2.000000000000001,False,0.00593401003248979,0.04551464716676252,0.013590556557143332,0.4118204066794473,0.055133690465016996,-0.74,0.009999999999999787,0.015202675755758358,0.011619512663959122,28.0,65.0,0.24564205248188722,1500.0000000008336,8.106045988725093,7.79,1474.5745370103339,23231.708733464206,0.0,nan
computed_torque,10.0,1.0,esn,160,"demo_00_filtered +15,-5 deg",,0.00407474210920668,False,nan,False,nan,0.0,False,0.300027551190451,3.0592642618074852,0.5662175099683693,13.788713201439672,0.089268008936042,-0.73,nan,0.000429842239376523,0.011619512663959122,0.0,65.0,0.01041681033223335,59.15509664221518,0.4646866510103767,nan,59.90821821255921,37.345462212592594,0.0,nan
computed_torque,10.0,1.0,replay,160,"demo_00_filtered +15,-5 deg",demo_00_filtered,0.07232845022691763,True,7.29,True,0.006569057073539171,2.000000000000001,False,0.00593401003248979,0.047180869287522846,0.008732372243756628,0.38842993570006185,0.089268008936042,-0.74,0.009999999999999787,0.014721363231997369,0.011619512663959122,28.0,65.0,0.2318456755755089,1500.0000000008336,8.028811176416989,7.79,1457.858490442243,22777.891194362706,0.0,nan
computed_torque,10.0,1.0,esn,161,"demo_00_filtered +15,-2.5 deg",,0.009552910934144811,False,nan,False,nan,0.0,False,0.3000275511904505,3.0679847828199316,0.41684565976302734,13.777634106800722,0.1234984214670776,-0.74,nan,0.0010405860908358734,0.011619512663959122,0.0,65.0,0.02680774395428028,164.08968239362005,1.085060551710998,nan,89.53781906877553,92.80011391462602,0.0,nan
computed_torque,10.0,1.0,replay,161,"demo_00_filtered +15,-2.5 deg",demo_00_filtered,0.07234949821283813,True,7.29,True,0.006569057073539171,2.000000000000001,False,0.00593401003248979,0.0510091560075541,0.0069305902066373005,0.37369344725140136,0.1234984214670776,-0.74,0.009999999999999787,0.014424886009084011,0.011619512663959122,28.0,65.0,0.22315863958468427,1500.0000000008336,8.061660262339272,7.79,1435.8467144808412,22202.073087381115,0.0,nan
computed_torque,10.0,1.0,esn,162,"demo_00_filtered +15,+0 deg",,0.017095220935519836,False,nan,False,nan,0.0,False,0.30002755119045177,3.0712681673841975,0.3287605632143162,13.7743798025907,0.15773130243356837,-0.74,nan,0.0017970046412389019,0.011619512663959122,0.0,65.0,0.05139228236945149,343.7084640861675,1.9359803959203725,nan,105.69091729119572,155.84502157435645,0.0,nan
computed_torque,10.0,1.0,replay,162,"demo_00_filtered +15,+0 deg",demo_00_filtered,0.07319762240481989,True,7.29,True,0.006569057073539171,2.000000000000001,False,0.00593401003248979,0.05712376965916165,0.006114751842743134,0.3686502137116841,0.15773130243356837,-0.74,0.009999999999999787,0.014324725234178569,0.011619512663959122,27.0,65.0,0.22018651494172578,1500.0000000008336,8.204411131976025,7.79,1408.7848775348937,21516.250604368302,0.0,nan
computed_torque,10.0,1.0,esn,163,"demo_00_filtered +15,+2.5 deg",,0.025881455229320827,False,nan,False,nan,0.0,False,0.3000275511904514,3.0721271491188595,0.2700865934444136,13.77513740808558,0.1909379048085827,-0.74,nan,0.0025753533611187636,0.011619512663959122,0.0,65.0,0.0806720918506077,554.3265599695509,2.9253329955001894,nan,111.74402073926007,229.20479889087952,0.0,nan
computed_torque,10.0,1.0,replay,163,"demo_00_filtered +15,+2.5 deg",demo_00_filtered,0.07486892289898929,True,7.29,True,0.006569057073539171,2.000000000000001,False,0.00593401003248979,0.065522723624664,0.005760441660776006,0.3736928920933035,0.1909379048085827,-0.74,0.009999999999999787,0.01442497089727804,0.011619512663959122,27.0,65.0,0.2231577605770217,1500.0000000008336,8.452582966192956,7.79,1376.9392401259065,20733.88893193317,0.0,nan
computed_torque,10.0,1.0,esn,164,"demo_00_filtered +15,+5 deg",,0.03531457937813208,False,nan,False,nan,0.0,False,0.30002755119045343,3.0712749572807834,0.22927451223689368,13.778708863580007,0.22159584877202332,-0.74,nan,0.003338182792361177,0.011619512663959122,0.0,65.0,0.11233513557833394,780.2578033295663,3.986905551147619,nan,128.6753115911848,319.9562736417401,0.0,nan
computed_torque,10.0,1.0,replay,164,"demo_00_filtered +15,+5 deg",demo_00_filtered,0.07733512427193533,True,7.29,True,0.006569057073539171,2.000000000000001,False,0.00593401003248979,0.07468813973378793,0.005575562932504861,0.388428867507034,0.22159584877202332,-0.74,0.009999999999999787,0.014721529588766352,0.011619512663959122,27.0,65.0,0.2318439834284959,1500.0000000008336,8.798279508975172,7.79,1340.5958893589439,19869.6665631874,0.0,nan
computed_torque,10.0,1.0,esn,165,"demo_00_filtered +15,+7.5 deg",,0.04507214281282641,False,nan,False,nan,0.0,False,0.30002755119045205,3.0690212402550445,0.19924039892011117,13.78510583217697,0.25176918565412293,-0.74,nan,0.004073064500952353,0.011619512663959122,0.0,65.0,0.1451887084295865,1013.7678836809234,5.08483361001869,nan,165.88506516048156,432.52223640788304,0.0,nan
computed_torque,10.0,1.0,replay,165,"demo_00_filtered +15,+7.5 deg",demo_00_filtered,0.0805488427961747,True,7.29,True,0.006569057073539171,2.000000000000001,False,0.00593401003248979,0.08401999878645602,0.005454565727961399,0.411818895395645,0.25176918565412293,-0.74,0.009999999999999787,0.015202917390141783,0.011619512663959122,25.0,65.0,0.24563965681645683,1500.0000000008336,9.231498774631673,7.79,1300.059915245623,18939.21144313232,0.0,nan
computed_torque,10.0,1.0,esn,166,"demo_00_filtered +15,+10 deg",,0.05499522071471166,False,nan,False,nan,0.0,False,0.3000275511904529,3.065093037974326,0.17560185105310855,13.795223878211193,0.28116807197472177,-0.74,nan,0.004773802954096391,0.011619512663959122,0.0,65.0,0.17865315933072307,1251.3344624472693,6.201118259155421,nan,203.63238343993117,569.7903425781541,0.0,nan
computed_torque,10.0,1.0,replay,166,"demo_00_filtered +15,+10 deg",demo_00_filtered,0.08445059032046506,True,7.29,True,0.006569057073539171,2.000000000000001,False,0.00593401003248979,0.09363156218936564,0.005364233787928684,0.4424927457906344,0.28116807197472177,-0.74,0.009999999999999787,0.015852305088000243,0.011619512663959122,24.0,65.0,0.26374421539153137,1500.0000000008336,9.741443176539159,7.79,1255.654530978476,17958.832591254275,0.0,nan
computed_torque,10.0,1.0,esn,167,"demo_00_filtered +15,+12.5 deg",,0.06500800626536858,False,nan,False,nan,0.0,False,0.30002755119045177,3.058183084709194,0.15662408817188975,13.811217934497137,0.30866632015451206,-0.74,nan,0.0054355658671755265,0.011619512663959122,0.0,65.0,0.21243960579351898,1491.3639791796006,7.326846412134679,nan,241.67524851379753,735.0975245252126,0.0,nan
computed_torque,10.0,1.0,replay,167,"demo_00_filtered +15,+12.5 deg",demo_00_filtered,0.0889756586475992,True,7.29,True,0.006569057073539171,2.000000000000001,False,0.00593401003248979,0.10214746365460506,0.0052314570157578075,0.47905330343306624,0.30866632015451206,-0.74,0.009999999999999787,0.0166500471989589,0.011619512663959122,22.0,65.0,0.2853386463603464,1500.0000000008336,10.317539207842303,7.79,1207.7201394003932,16945.250912010077,0.0,nan
computed_torque,10.0,1.0,esn,168,"demo_00_filtered +15,+15 deg",,0.0750746019160067,False,nan,False,nan,0.0,False,0.3000275511903452,3.0474724846187984,0.1436592306235579,13.838228498570894,0.32911346955845616,-0.74,nan,0.006053335955670912,0.011619512663959122,0.0,65.0,0.24639036790130675,1733.098369742063,8.457514784861381,nan,279.91683061502715,933.092273542558,0.0,nan
computed_torque,10.0,1.0,replay,168,"demo_00_filtered +15,+15 deg",demo_00_filtered,0.094059634892601,True,7.29,True,0.006569057073539171,2.000000000000001,False,0.00593401003248979,0.11149522268881693,0.00525593520221111,0.520261006575819,0.32911346955845616,-0.74,0.009999999999999787,0.01757595466952107,0.011619512663959122,21.0,65.0,0.30969377918144875,1500.0000000008397,10.950073583357373,7.79,1156.613348052035,15915.332930056618,0.0,nan
pd,10.0,1.0,esn,0,demo_00_filtered,,0.000404608290249851,False,nan,False,nan,0.0,False,0.510620663886555,0.039648055195251185,nan,20.59240055080067,0.0026391999099047146,-0.63,nan,8.82600511291486e-05,0.011619512663959122,1.0,65.0,0.006484752245113788,18.95587081184838,0.05501199375480731,nan,8.221078312165758,0.6068375687583898,0.0,nan
pd,10.0,1.0,replay,0,demo_00_filtered,demo_00_filtered,0.0,True,7.29,False,0.006331399792824476,2.000000000000001,True,0.005934010027299314,0.036951691552717714,nan,0.09154902615557274,0.0026392188513996006,0.020000000000000018,0.009999999999999787,0.00676778544348962,0.011619512663959122,26.0,65.0,0.08799029634383136,24.528633369272725,0.30570661244802116,7.29,7.430303876409343,11.140503331729352,0.0,nan
pd,10.0,1.0,esn,1,"demo_00_filtered -15,-15 deg",,0.04888071835509436,True,0.68,True,0.006313976301455183,2.0,False,0.006760824249133172,5.930221176017423,0.2942412199136323,15.207449572456857,0.3722577662465813,-0.74,-6.6000000000000005,0.06684490961401615,0.011619512663959122,0.0,65.0,0.7742035625912592,2244.3756667955404,6.611874129919925,1.67,973.3759161891609,8883.948353830525,0.0,nan
pd,10.0,1.0,replay,1,"demo_00_filtered -15,-15 deg",demo_00_filtered,0.04099627227857184,True,7.29,False,0.006331399792824476,2.000000000000001,True,0.005934010027299314,0.25469095098675354,0.012637062580797966,0.8359632747974629,0.3722577662465813,-0.74,0.009999999999999787,0.01705235959001052,0.011619512663959122,0.0,65.0,0.6974215686063526,1500.0000000008336,5.646168565533526,7.29,650.5434432771191,4166.611282320951,0.0,nan
pd,10.0,1.0,esn,2,"demo_00_filtered -15,-12.5 deg",,0.04751368630779409,True,0.71,True,0.006390228328105333,2.0,False,0.006760824249134468,5.541497847398226,0.30189086067500487,15.190655098731298,0.34016552460616184,-0.74,-6.57,0.06399196026649523,0.011619512663959122,0.0,65.0,0.7135529856056125,2183.6934300088383,6.401635333212666,1.6400000000000001,947.0582953458565,8391.003819197893,0.0,nan
pd,10.0,1.0,replay,2,"demo_00_filtered -15,-12.5 deg",demo_00_filtered,0.03925687832356672,True,7.29,False,0.006331399792824476,2.000000000000001,True,0.005934010027299314,0.23399665690545945,0.012747718052697551,0.7638587462640465,0.34016552460616184,-0.74,0.009999999999999787,0.016393689084303997,0.011619512663959122,1.0,65.0,0.6358290428223043,1500.0000000008301,5.3416423713091765,7.29,650.5434432771191,4127.703758189738,0.0,nan
pd,10.0,1.0,esn,3,"demo_00_filtered -15,-10 deg",,0.04554104158037185,True,0.75,True,0.006454390279798162,2.0,False,0.006760824249130489,5.132549720227336,0.306782412222938,15.165434476009688,0.3094066315076212,-0.74,-6.53,0.06058256550092107,0.011619512663959122,0.0,65.0,0.6540673861925609,2095.1873201418775,6.126068278185439,1.62,908.6735823699338,7702.9395467162185,0.0,nan
pd,10.0,1.0,replay,3,"demo_00_filtered -15,-10 deg",demo_00_filtered,0.037660115490485896,True,7.29,False,0.006331399792824476,2.000000000000001,True,0.005934010027299314,0.21396458110182148,0.012789076365300137,0.6966502538598378,0.3094066315076212,-0.74,0.009999999999999787,0.015910868402431087,0.011619512663959122,3.0,65.0,0.5775928079711904,1500.0000000008301,5.059904292546006,7.29,650.5434432771191,4094.345208858965,0.0,nan
pd,10.0,1.0,esn,4,"demo_00_filtered -15,-7.5 deg",,0.042658275463974285,True,0.8,True,0.006506297304999261,2.0,False,0.006760824249129024,4.7247084934700325,0.30798842927967457,15.128356918273896,0.2804879967071731,-0.74,-6.48,0.056418154804751916,0.011619512663959122,0.0,65.0,0.5931211269330863,1965.716344521505,5.738640319909607,1.61,852.5225861802824,6754.938742495295,0.0,nan
pd,10.0,1.0,replay,4,"demo_00_filtered -15,-7.5 deg",demo_00_filtered,0.03621136678839549,True,7.29,False,0.006331399792824476,2.000000000000001,True,0.005934010027299314,0.19493020213112242,0.01270686791714437,0.6362254739119982,0.2804879967071731,-0.74,0.009999999999999787,0.01562762975565155,0.011619512663959122,6.0,65.0,0.5242043355154267,1500.0000000008301,4.804527573961078,7.29,650.5434432771191,4066.4314244842476,0.0,nan
pd,10.0,1.0,esn,5,"demo_00_filtered -15,-5 deg",,0.03873054317516943,True,0.87,True,0.006550624807168704,2.0,False,0.006760824249128004,4.290550736540461,0.30095639475947766,15.074993106604065,0.25410276431812856,-0.74,-6.41,0.049974275713670385,0.011619512663959122,0.0,65.0,0.5285148934996878,1789.5315281367718,5.207989285615239,1.61,776.112001444277,5572.99736163825,0.0,nan
pd,10.0,1.0,replay,5,"demo_00_filtered -15,-5 deg",demo_00_filtered,0.03491775036227376,True,7.29,False,0.006331399792824476,2.000000000000001,True,0.005934010027299314,0.17722486667101078,0.012431261208681791,0.5849994979464799,0.25410276431812856,-0.74,0.009999999999999787,0.0155621082536833,0.011619512663959122,7.0,65.0,0.4776390628930035,1500.0000000008301,4.57969514998063,7.29,650.5434432771191,4043.8714347580776,0.0,nan
pd,10.0,1.0,esn,6,"demo_00_filtered -15,-2.5 deg",,0.03371766266550523,True,0.9500000000000001,True,0.006582262158269145,2.0,False,0.006760824249127644,3.9069648888755073,0.2883026194101768,14.99656075409867,0.2311783066722614,-0.74,-6.33,0.03937812872741754,0.011619512663959122,0.0,65.0,0.457144033455134,1564.572012366867,4.521192451759335,1.61,678.5480427863927,4241.461516696306,0.0,nan
pd,10.0,1.0,replay,6,"demo_00_filtered -15,-2.5 deg",demo_00_filtered,0.033788253313665605,True,7.29,False,0.006331399792824476,2.000000000000001,True,0.005934010027299314,0.16143026398843152,0.011912256517190354,0.5458393692451678,0.2311783066722614,-0.74,0.009999999999999787,0.015723911489232568,0.011619512663959122,8.0,65.0,0.4403746480533,1500.0000000008301,4.390115988563263,7.29,650.5434432771191,4026.5879980602604,0.0,nan
pd,10.0,1.0,esn,7,"demo_00_filtered -15,+0 deg",,0.027899762549234337,True,1.07,True,0.0066100891717867415,2.0,False,0.006760824249127105,3.4967750034123246,0.2631813947299774,14.8731615515657,0.21287883178434175,-0.74,-6.21,0.025273577097952662,0.011619512663959122,0.0,65.0,0.3772849213127123,1302.6715667567312,3.718074928792339,1.56,564.9629643311029,2935.021441438357,0.0,nan
pd,10.0,1.0,replay,7,"demo_00_filtered -15,+0 deg",demo_00_filtered,0.032833777927642346,True,7.29,False,0.006331399792824476,2.000000000000001,True,0.005934010027299314,0.14814544862948614,0.011150024166598903,0.5216874655499951,0.21287883178434175,-0.74,0.009999999999999787,0.016112584533278566,0.011619512663959122,10.0,65.0,0.4151743302272963,1500.0000000008301,4.240807102890107,7.29,650.5434432771191,4014.518220011449,0.0,nan
pd,10.0,1.0,esn,8,"demo_00_filtered -15,+2.5 deg",,0.02202788836864096,True,1.27,False,0.006634935419946926,2.0,True,0.006760824249124619,3.0487230176652456,0.22603661594977711,14.65085553701797,0.2005175719784051,-0.74,-6.01,0.01588630636327396,0.011619512663959122,0.0,65.0,0.29269067122867426,1037.0837266299418,2.911401257094991,1.27,449.7786789920901,1865.1998169623541,0.0,nan
pd,10.0,1.0,replay,8,"demo_00_filtered -15,+2.5 deg",demo_00_filtered,0.03206705219749807,True,7.29,False,0.006331399792824476,2.000000000000001,True,0.005934010027299314,0.13835174452709603,0.010257593084858803,0.5148133066239117,0.2005175719784051,-0.74,0.009999999999999787,0.016718091710329612,0.011619512663959122,10.0,65.0,0.40447758506327974,1500.0000000008301,4.136712080052367,7.29,650.5434432771191,4007.614285742179,0.0,nan
pd,10.0,1.0,esn,9,"demo_00_filtered -15,+5 deg",,0.017247137551372728,True,1.6500000000000001,False,0.006654907682805131,1.9999999999999998,True,0.006760824249101809,2.5320205847301764,0.17952941529177938,14.168385334411147,0.19525354916435655,-0.74,-5.63,0.012534150585868188,0.011619512663959122,1.0,65.0,0.22207005098674124,820.2198549871913,2.266556925826262,1.6500000000000001,355.7257658048874,1171.0064512363845,0.0,nan
pd,10.0,1.0,replay,9,"demo_00_filtered -15,+5 deg",demo_00_filtered,0.03150235664413614,True,7.29,False,0.006331399792824476,2.000000000000001,True,0.005934010027299314,0.13288921595268055,0.009422325940967856,0.5259766410930509,0.19525354916435655,-0.74,0.009999999999999787,0.01752305530248049,0.011619512663959122,10.0,65.0,0.4095185292346564,1500.0000000008301,4.082174438623506,7.29,650.5434432771191,4005.844279366483,0.0,nan
pd,10.0,1.0,esn,10,"demo_00_filtered -15,+7.5 deg",,0.014766869324511201,True,2.23,False,0.006664911531002122,2.0000000000000004,True,0.006760824249092682,2.018424023778046,0.13376484342175476,13.281665349704044,0.19748732425538934,-0.74,-5.050000000000001,0.010725599542518269,0.011619512663959122,2.0,65.0,0.2012182176407063,709.0224001330334,1.946908151710492,2.23,307.4999156952637,874.6348071104081,0.0,nan
pd,10.0,1.0,replay,10,"demo_00_filtered -15,+7.5 deg",demo_00_filtered,0.03115503391665139,True,7.29,False,0.006331399792824476,2.000000000000001,True,0.005934010027299314,0.13276302282865787,0.00879846095352813,0.554101597559521,0.19748732425538934,-0.74,0.009999999999999787,0.018505813113965618,0.011619512663959122,10.0,65.0,0.42975875700586263,1500.0000000008301,4.080359227787185,7.29,650.5434432771191,4009.1930503938856,0.0,nan
pd,10.0,1.0,esn,11,"demo_00_filtered -15,+10 deg",,0.014985988361104124,True,2.48,False,0.006666009008028931,2.0000000000000004,True,0.006760824249122206,1.8711149313384665,0.11409174596772118,12.836410440312683,0.206467727056983,-0.74,-4.800000000000001,0.011792582271240915,0.011619512663959122,2.0,65.0,0.2262911401808239,722.944486853845,2.0008910705951464,2.48,313.5378638505666,909.6882862427553,0.0,nan
pd,10.0,1.0,replay,11,"demo_00_filtered -15,+10 deg",demo_00_filtered,0.031040781005636113,True,7.29,False,0.006331399792824476,2.000000000000001,True,0.005934010027299314,0.14202161990241643,0.008659807213573937,0.5967475262790176,0.206467727056983,-0.74,0.009999999999999787,0.019643297370260684,0.011619512663959122,8.0,65.0,0.463153423691246,1500.0000000008301,4.132782327567875,7.29,650.5434432771191,4017.6630696859593,0.0,nan
pd,10.0,1.0,esn,12,"demo_00_filtered -15,+12.5 deg",,0.017056784490142606,True,2.35,False,0.0066642589915141695,2.0000000000000004,True,0.006760824249102321,1.989069035315003,0.11071975218882714,13.061318475696135,0.22199196355207015,-0.74,-4.93,0.015704077565078862,0.011619512663959122,2.0,65.0,0.2818799768375319,822.9424757283103,2.317553769761335,2.35,356.9065545193303,1182.9868809339798,0.0,nan
pd,10.0,1.0,replay,12,"demo_00_filtered -15,+12.5 deg",demo_00_filtered,0.031174773925702504,True,7.29,False,0.006331399792824476,2.000000000000001,True,0.005934010027299314,0.1565226324811297,0.008712692607729939,0.6509695307040442,0.22199196355207015,-0.74,0.009999999999999787,0.0209131488027133,0.011619512663959122,7.0,65.0,0.5069947255791831,1500.0000000008301,4.239107376394189,7.29,650.5434432771191,4031.275196844024,0.0,nan
pd,10.0,1.0,esn,13,"demo_00_filtered -15,+15 deg",,0.01987735504297904,True,2.17,False,0.006663686068909518,2.0,True,0.006760824249088731,2.1662103263427377,0.10982950856748666,13.393239437031479,0.24278243515912856,-0.74,-5.11,0.02125093544216063,0.011619512663959122,2.0,65.0,0.3552084418278235,957.531069651509,2.7576059591133553,2.17,415.27703939704713,1608.3253618019355,0.0,nan
pd,10.0,1.0,replay,13,"demo_00_filtered -15,+15 deg",demo_00_filtered,0.03157072859349662,True,7.29,False,0.006331399792824476,2.000000000000001,True,0.005934010027299314,0.17400272267803468,0.008822150503454636,0.7139982180516411,0.24278243515912856,-0.74,0.009999999999999787,0.02229495435307558,0.011619512663959122,6.0,65.0,0.5586677131485103,1500.0000000008397,4.397280254601135,7.29,650.5434432771191,4050.0692567872993,0.0,nan
pd,10.0,1.0,esn,14,"demo_00_filtered -12.5,-15 deg",,0.0435439955321072,True,0.73,True,0.006397375916339924,2.0,False,0.006760824249135186,5.211275933544346,0.2816702112353424,15.167348584869686,0.33581712526057844,-0.74,-6.550000000000001,0.05473041965365478,0.011619512663959122,0.0,65.0,0.6734132925042865,1998.8768569760985,5.899788558986441,1.6400000000000001,866.9041554823041,7041.657635609131,0.0,nan
pd,10.0,1.0,replay,14,"demo_00_filtered -12.5,-15 deg",demo_00_filtered,0.036747165981155655,True,7.29,False,0.006331399792824476,2.000000000000001,True,0.005934010027299314,0.23121218078991904,0.012497051515555958,0.7470080359935537,0.33581712526057844,-0.74,0.009999999999999787,0.01593590782459053,0.011619512663959122,1.0,65.0,0.616886992174196,1500.0000000008336,5.097626241164949,7.29,542.1195360642658,2928.2236084241204,0.0,nan
pd,10.0,1.0,esn,15,"demo_00_filtered -12.5,-12.5 deg",,0.04213600421582694,True,0.77,True,0.006462669502928761,2.0,False,0.006760824249132473,4.824710007937513,0.2902054646070645,15.147238981036628,0.30312453598391825,-0.74,-6.51,0.051980121268382126,0.011619512663959122,0.0,65.0,0.6159596614560034,1936.8715315936877,5.681754669031985,1.62,840.0127168984578,6595.503351499296,0.0,nan
pd,10.0,1.0,replay,15,"demo_00_filtered -12.5,-12.5 deg",demo_00_filtered,0.03469975457503637,True,7.29,False,0.006331399792824476,2.000000000000001,True,0.005934010027299314,0.21105893685428143,0.012695158201944124,0.6735595673469572,0.30312453598391825,-0.74,0.009999999999999787,0.015020294756614315,0.011619512663959122,4.0,65.0,0.5555002354439008,1250.0000000006978,4.757440415597487,7.29,542.1195360642658,2891.864976604832,0.0,nan
pd,10.0,1.0,esn,16,"demo_00_filtered -12.5,-10 deg",,0.040111567315195974,True,0.81,True,0.006510532015407368,2.0,False,0.0067608242491296044,4.494402747835934,0.30322958098017444,15.118059959247937,0.2716424723818588,-0.74,-6.470000000000001,0.04927116936715651,0.011619512663959122,0.0,65.0,0.5601817363533096,1845.5912203956764,5.398317368529851,1.61,800.4248449317059,5970.23999913335,0.0,nan
pd,10.0,1.0,replay,16,"demo_00_filtered -12.5,-10 deg",demo_00_filtered,0.032820958467109876,True,7.29,False,0.006331399792824476,2.000000000000001,True,0.005934010027299314,0.1915291403458353,0.01292213987732297,0.6046763659333635,0.2716424723818588,-0.74,0.009999999999999787,0.014283834354232179,0.011619512663959122,7.0,65.0,0.4972239032425824,1250.0000000006921,4.4415797914164905,7.29,542.1195360642658,2861.0601239370203,0.0,nan
pd,10.0,1.0,esn,17,"demo_00_filtered -12.5,-7.5 deg",,0.037064624765412856,True,0.87,True,0.00655291847795386,2.0,False,0.006760824249127857,4.121876237652347,0.3114601024747893,15.07485008032792,0.24191673928653434,-0.74,-6.41,0.045398876728631084,0.011619512663959122,0.0,65.0,0.5025002827859745,1707.5641533490866,4.9897896862262465,1.6,740.5631092904522,5088.691066254632,0.0,nan
pd,10.0,1.0,replay,17,"demo_00_filtered -12.5,-7.5 deg",demo_00_filtered,0.031126929977047853,True,7.29,False,0.006331399792824476,2.000000000000001,True,0.005934010027299314,0.17304180340452302,0.013075506083484893,0.5424600606836425,0.24191673928653434,-0.74,0.009999999999999787,0.013763742773945297,0.011619512663959122,8.0,65.0,0.4436878583630757,1250.0000000006921,4.155179587386521,7.29,542.1195360642658,2835.716726307898,0.0,nan
pd,10.0,1.0,esn,18,"demo_00_filtered -12.5,-5 deg",,0.03279665093529889,True,0.9400000000000001,True,0.006583750844376698,2.0,False,0.006760824249127932,3.783905338883212,0.31635955604757976,15.010636112342784,0.2147476622163762,-0.74,-6.34,0.03906378297722602,0.011619512663959122,0.0,65.0,0.43963135913647855,1514.4594858130176,4.414671940813303,1.6,656.8144590693001,3981.402953871523,0.0,nan
pd,10.0,1.0,replay,18,"demo_00_filtered -12.5,-5 deg",demo_00_filtered,0.029637591703584147,True,7.29,False,0.006331399792824476,2.000000000000001,True,0.005934010027299314,0.1559683734324087,0.01303998936482456,0.4897949157613878,0.2147476622163762,-0.74,0.009999999999999787,0.013493319195138999,0.011619512663959122,10.0,65.0,0.3971939835500302,1250.0000000006921,3.9045401184638275,7.29,542.1195360642658,2815.754792833779,0.0,nan
pd,10.0,1.0,esn,19,"demo_00_filtered -12.5,-2.5 deg",,0.027373127408659725,True,1.04,True,0.006609472246295168,2.0,False,0.00676082424912874,3.4242928324355564,0.30817114760155967,14.911466693694061,0.19128983129964838,-0.74,-6.24,0.027929756049871007,0.011619512663959122,0.0,65.0,0.3684564486444038,1269.1336544208243,3.6735104602221442,1.58,550.4177183502259,2782.66282174458,0.0,nan
pd,10.0,1.0,replay,19,"demo_00_filtered -12.5,-2.5 deg",demo_00_filtered,0.028376461703483565,True,7.29,False,0.006331399792824476,2.000000000000001,True,0.005934010027299314,0.1410267126245085,0.012691777835208855,0.4503418027020969,0.19128983129964838,-0.74,0.009999999999999787,0.013495421952900401,0.011619512663959122,11.0,65.0,0.36081486632064796,1250.0000000006921,3.697024161577573,7.29,542.1195360642658,2801.107003332553,0.0,nan
pd,10.0,1.0,esn,20,"demo_00_filtered -12.5,+0 deg",,0.021315598372766136,True,1.2,False,0.006632241713035978,2.0,True,0.006760824249128999,3.026446371015315,0.2805689482242998,14.740736475641135,0.17310630848029132,-0.74,-6.08,0.016070332120684754,0.011619512663959122,0.0,65.0,0.2883471931418247,994.4196556897075,2.8416516512522922,1.2,431.2754579163138,1706.7438849843832,0.0,nan
pd,10.0,1.0,replay,20,"demo_00_filtered -12.5,+0 deg",demo_00_filtered,0.027369868169402546,True,7.29,False,0.006331399792824476,2.000000000000001,True,0.005934010027299314,0.12905279164389047,0.011963934455838019,0.4280077543095804,0.17310630848029132,-0.74,0.009999999999999787,0.013777126594190154,0.011619512663959122,12.0,65.0,0.3381070332927221,1250.0000000006921,3.540610684966626,7.29,542.1195360642658,2791.719133586575,0.0,nan
pd,10.0,1.0,esn,21,"demo_00_filtered -12.5,+2.5 deg",,0.01567946585966892,True,1.5,False,0.006650997205913863,2.0,True,0.00676082424910984,2.552504978266621,0.2313377405884946,14.371667003912469,0.16202000805765315,-0.74,-5.78,0.010652911303197265,0.011619512663959122,1.0,65.0,0.2062588586176032,737.6905389649959,2.0736044810152654,1.5,319.93316219398434,942.8503989537702,0.0,nan
pd,10.0,1.0,replay,21,"demo_00_filtered -12.5,+2.5 deg",demo_00_filtered,0.02664535753209854,True,7.29,False,0.006331399792824476,2.000000000000001,True,0.005934010027299314,0.12123177723633569,0.01098743613515966,0.42565735987749526,0.16202000805765315,-0.74,0.009999999999999787,0.014328340312610502,0.011619512663959122,13.0,65.0,0.3320764123149143,1250.0000000006921,3.442986842180901,7.29,542.1195360642658,2787.5505494034205,0.0,nan
pd,10.0,1.0,esn,22,"demo_00_filtered -12.5,+5 deg",,0.011918368666518273,True,2.2,False,0.006664329973770905,2.0,True,0.006760824249091421,1.8625507470350036,0.1583563688127026,13.321754091084504,0.15954708774781662,-0.74,-5.08,0.008066626080550065,0.011619512663959122,2.0,65.0,0.15719573001249365,565.8323948256245,1.5718733606225201,2.2,245.399036298264,555.9848199464917,0.0,nan
pd,10.0,1.0,replay,22,"demo_00_filtered -12.5,+5 deg",demo_00_filtered,0.026229270949042986,True,7.29,False,0.006331399792824476,2.000000000000001,True,0.005934010027299314,0.11936254435585894,0.010148351193399052,0.44368792713990346,0.15954708774781662,-0.74,0.009999999999999787,0.01512510718867491,0.011619512663959122,13.0,65.0,0.3436957890948273,1250.0000000006921,3.4102465705596225,7.29,542.1195360642658,2788.5747406170817,0.0,nan
pd,10.0,1.0,esn,23,"demo_00_filtered -12.5,+7.5 deg",,0.011048612642166132,True,3.11,False,0.006668900566801846,2.0000000000000004,True,0.006760824249420389,1.3211762275311776,0.10220078838320433,11.607220952087628,0.1654513955594008,-0.74,-4.17,0.007125994791183872,0.011619512663959122,2.0,65.0,0.1622721131333596,526.3021285785572,1.4684991178887343,3.11,228.25493261958806,481.1497334298509,0.0,nan
pd,10.0,1.0,replay,23,"demo_00_filtered -12.5,+7.5 deg",demo_00_filtered,0.02614379084449299,True,7.29,False,0.006331399792824476,2.000000000000001,True,0.005934010027299314,0.12740530010105516,0.009855552834808564,0.4798121905714904,0.1654513955594008,-0.74,0.009999999999999787,0.01613563773025658,0.011619512663959122,11.0,65.0,0.3713171469281476,1250.0000000006921,3.4455808948700426,7.29,542.1195360642658,2794.7798540272192,0.0,nan
pd,10.0,1.0,esn,24,"demo_00_filtered -12.5,+10 deg",,0.012669911906770664,True,2.93,False,0.006666404839630018,1.9999999999999996,True,0.006760824249308235,1.4760344561726624,0.10224909054909696,11.945618653656025,0.17908683049414897,-0.74,-4.35,0.009640233485743712,0.011619512663959122,2.0,65.0,0.2042852510885807,599.6794226230684,1.7092015670185317,2.93,260.0783443036195,627.6398945882148,0.0,nan
pd,10.0,1.0,replay,24,"demo_00_filtered -12.5,+10 deg",demo_00_filtered,0.026404129746963916,True,7.29,False,0.006331399792824476,2.000000000000001,True,0.005934010027299314,0.13874554641020165,0.009611297269418981,0.5302886188019564,0.17908683049414897,-0.74,0.009999999999999787,0.0173262056891257,0.011619512663959122,11.0,65.0,0.4116646258538629,1250.0000000006921,3.5485491780948335,7.29,542.1195360642658,2806.1691696253483,0.0,nan
pd,10.0,1.0,esn,25,"demo_00_filtered -12.5,+12.5 deg",,0.015561112035822201,True,2.54,False,0.006664547484701214,2.0,True,0.006760824249138356,1.7598872142014779,0.10869233695553474,12.700843466250298,0.19920154398287232,-0.74,-4.74,0.014381077365283908,0.011619512663959122,2.0,65.0,0.2709498167360328,729.0193487082784,2.138530017489686,2.54,316.1725048827091,933.527715337442,0.0,nan
pd,10.0,1.0,replay,25,"demo_00_filtered -12.5,+12.5 deg",demo_00_filtered,0.02701670122485125,True,7.29,False,0.006331399792824476,2.000000000000001,True,0.005934010027299314,0.15208106248095013,0.009392673549955542,0.5913489657787403,0.19920154398287232,-0.74,0.009999999999999787,0.018665182252434756,0.011619512663959122,10.0,65.0,0.461287890184611,1250.0000000007042,3.7153146600594273,7.29,542.1195360642658,2822.7614473190765,0.0,nan
pd,10.0,1.0,esn,26,"demo_00_filtered -12.5,+15 deg",,0.018886108273226874,True,2.27,False,0.0066649195045444575,2.0000000000000004,True,0.006760824249094335,2.013979453409472,0.11112926369119003,13.227862956815645,0.22402509447427477,-0.74,-5.01,0.02024624980022779,0.011619512663959122,2.0,65.0,0.35041684702886317,957.3653234579465,2.649395173304232,2.27,380.1042162898767,1356.887127718316,0.0,nan
pd,10.0,1.0,replay,26,"demo_00_filtered -12.5,+15 deg",demo_00_filtered,0.027978866639122506,True,7.29,False,0.006331399792824476,2.000000000000001,True,0.005934010027299314,0.16799356579747798,0.009269707911034743,0.6599217850444526,0.22402509447427477,-0.74,0.009999999999999787,0.020125001248682065,0.011619512663959122,8.0,65.0,0.5173606752796738,1500.0000000008397,3.939691530114372,7.29,542.1195360642658,2844.591052147252,0.0,nan
pd,10.0,1.0,esn,27,"demo_00_filtered -10,-15 deg",,0.038255779676823545,True,0.8,True,0.006479020203171536,2.0,False,0.0067608242491323765,4.503337966911745,0.26434866063649276,15.123073972581013,0.3011450390329776,-0.74,-6.48,0.04366000928256057,0.011619512663959122,0.0,65.0,0.5778130624477845,1755.5759890904133,5.193505656250834,1.62,761.385632584586,5426.685045842011,0.0,nan
pd,10.0,1.0,replay,27,"demo_00_filtered -10,-15 deg",demo_00_filtered,0.03283827122510898,True,7.29,False,0.006331399792824476,2.000000000000001,True,0.005934010027299314,0.21072759529241386,0.01236983721497139,0.6698234582724181,0.3011450390329776,-0.74,0.009999999999999787,0.015144929807703307,0.011619512663959122,4.0,65.0,0.5471735295293126,1500.0000000008336,4.588672531127773,7.29,433.6956288514126,1913.4578086331758,0.0,nan
pd,10.0,1.0,esn,28,"demo_00_filtered -10,-12.5 deg",,0.03679197536321114,True,0.8300000000000001,True,0.0065208165663549564,2.0,False,0.00676082424912989,4.24125442043181,0.28295834636158995,15.09969270269311,0.2677394146195714,-0.74,-6.45,0.04172109904878648,0.011619512663959122,0.0,65.0,0.5237054480259578,1691.5370766753413,4.966196286179946,1.6,733.6122361937859,5024.543872868288,0.0,nan
pd,10.0,1.0,replay,28,"demo_00_filtered -10,-12.5 deg",demo_00_filtered,0.030424088982691357,True,7.29,False,0.006331399792824476,2.000000000000001,True,0.005934010027299314,0.1903945845071004,0.012702311969024988,0.594518024886188,0.2677394146195714,-0.74,0.009999999999999787,0.013969367716684403,0.011619512663959122,7.0,65.0,0.4856240416678258,1250.0000000006978,4.207100781098555,7.29,433.6956288514126,1879.5169818312502,0.0,nan
pd,10.0,1.0,esn,29,"demo_00_filtered -10,-10 deg",,0.03470636053135984,True,0.88,True,0.006559317495956457,2.0,False,0.006760824249128242,3.9279054357745227,0.2998521692361286,15.066217351986833,0.23533910162911448,-0.74,-6.4,0.03928791737985112,0.011619512663959122,0.0,65.0,0.47189909160560894,1596.8803410286957,4.673879288154443,1.6,692.5600237025149,4462.799607265581,0.0,nan
pd,10.0,1.0,replay,29,"demo_00_filtered -10,-10 deg",demo_00_filtered,0.028195165891478146,True,7.29,False,0.006331399792824476,2.000000000000001,True,0.005934010027299314,0.17092213598357395,0.013048016069419762,0.5231671537169759,0.23533910162911448,-0.74,0.009999999999999787,0.012964045701416895,0.011619512663959122,8.0,65.0,0.42676057877675005,1000.0000000005556,3.849848963396355,7.29,433.6956288514126,1851.0828831954555,0.0,nan
pd,10.0,1.0,esn,30,"demo_00_filtered -10,-7.5 deg",,0.031470860832035735,True,0.9400000000000001,True,0.006588058899265021,2.0,False,0.0067608242491286,3.63768921452158,0.32224888302592963,15.015546292972937,0.20449838465593828,-0.74,-6.34,0.03583621379625702,0.011619512663959122,0.0,65.0,0.4176362055894468,1449.0352889376331,4.241210401207182,1.59,628.4402708633473,3656.1413351617125,0.0,nan
pd,10.0,1.0,replay,30,"demo_00_filtered -10,-7.5 deg",demo_00_filtered,0.026183142304283494,True,7.29,False,0.006331399792824476,2.000000000000001,True,0.005934010027299314,0.15254799779509787,0.01351363984066392,0.4580103280667276,0.20449838465593828,-0.74,0.009999999999999787,0.012180501818411358,0.011619512663959122,10.0,65.0,0.3722952365754799,1000.000000000554,3.523917575385298,7.29,433.6956288514126,1828.07420224349,0.0,nan
pd,10.0,1.0,esn,31,"demo_00_filtered -10,-5 deg",,0.0268393791748818,True,1.02,True,0.006610183769547403,2.0,False,0.00676082424912867,3.348171865836,0.3428379437374994,14.936953187549666,0.176103621475446,-0.74,-6.26,0.029143710194564423,0.011619512663959122,0.0,65.0,0.35652899363826135,1237.9926045166042,3.618461336320777,1.57,536.9119811289296,2651.5325863579005,0.0,nan
pd,10.0,1.0,replay,31,"demo_00_filtered -10,-5 deg",demo_00_filtered,0.024429080964609565,True,7.29,False,0.006331399792824476,2.000000000000001,True,0.005934010027299314,0.13581610558041657,0.01390696661624295,0.4024389258734012,0.176103621475446,-0.74,0.009999999999999787,0.01167272059458831,0.011619512663959122,13.0,65.0,0.32486837367169635,1000.000000000554,3.238628319843007,7.29,433.6956288514126,1810.4210361527682,0.0,nan
pd,10.0,1.0,esn,32,"demo_00_filtered -10,-2.5 deg",,0.021058890047793957,True,1.1500000000000001,False,0.006631165662338033,1.9999999999999998,True,0.0067608242491320174,3.004471577617652,0.3451179323578958,14.80737686129083,0.15161339876324625,-0.74,-6.13,0.01815377749134368,0.011619512663959122,0.0,65.0,0.285820767503612,975.0181635803713,2.8303896355630123,1.1500000000000001,422.8611155953043,1636.2791937783097,0.0,nan
pd,10.0,1.0,replay,32,"demo_00_filtered -10,-2.5 deg",demo_00_filtered,0.022983339986850298,True,7.29,False,0.006331399792824476,2.000000000000001,True,0.005934010027299314,0.12174018884259384,0.013984063810492317,0.36123802754531115,0.15161339876324625,-0.74,0.009999999999999787,0.011486131653302218,0.011619512663959122,13.0,65.0,0.2883565902745021,1000.000000000554,3.0057408817276587,7.29,433.6956288514126,1798.0651216740896,0.0,nan
pd,10.0,1.0,esn,33,"demo_00_filtered -10,+0 deg",,0.014964665810186345,True,1.37,False,0.006648025003881947,2.0,True,0.006760824249119154,2.6062523111282236,0.314489943174273,14.551598940795829,0.13325308662635776,-0.74,-5.91,0.009712913508535077,0.011619512663959122,0.0,65.0,0.20592418966251813,697.3049235125721,1.997320688983186,1.37,302.4180973038036,837.1578989806014,0.0,nan
pd,10.0,1.0,replay,33,"demo_00_filtered -10,+0 deg",demo_00_filtered,0.021902780881719576,True,7.29,False,0.006331399792824476,2.000000000000001,True,0.005934010027299314,0.11157533381869494,0.013463516269114427,0.339940283667725,0.13325308662635776,-0.74,0.009999999999999787,0.011644184002431062,0.011619512663959122,15.0,65.0,0.26757627517335836,1000.000000000554,2.8387067401615806,7.29,433.6956288514126,1790.9601248867614,0.0,nan
pd,10.0,1.0,esn,34,"demo_00_filtered -10,+2.5 deg",,0.010003011594629402,True,1.9100000000000001,False,0.0066621725339807095,2.0,True,0.006760824249092137,1.9767507424825868,0.22980840515509346,13.796276336513076,0.12381119690651753,-0.74,-5.37,0.006592876432784788,0.011619512663959122,2.0,65.0,0.13220288857815943,470.1613515371391,1.3257567609717644,1.9100000000000001,203.90692301641678,382.26337791180634,0.0,nan
pd,10.0,1.0,replay,34,"demo_00_filtered -10,+2.5 deg",demo_00_filtered,0.021244007416833202,True,7.29,False,0.006331399792824476,2.000000000000001,True,0.005934010027299314,0.10771302972975451,0.012522246252216143,0.34245383989074,0.12381119690651753,-0.74,0.009999999999999787,0.012140358003448672,0.011619512663959122,15.0,65.0,0.26643933916047896,1000.000000000554,2.7504546512101165,7.29,433.6956288514126,1789.0719681735434,0.0,nan
pd,10.0,1.0,esn,35,"demo_00_filtered -10,+5 deg",,0.007753301270170666,True,4.7700000000000005,False,0.006672445116382719,2.0,True,0.006760824243084776,0.6561089923059018,0.06905829915615491,7.4434824975716,0.1252980207547958,-0.74,-2.51,0.003738442674335918,0.011619512663959122,2.0,65.0,0.11214259289207536,366.0560737157976,1.0291620324059716,4.7700000000000005,158.7569190849639,231.997426626973,0.0,nan
pd,10.0,1.0,replay,35,"demo_00_filtered -10,+5 deg",demo_00_filtered,0.02105286399848286,True,7.29,False,0.006331399792824476,2.000000000000001,True,0.005934010027299314,0.11287480088029203,0.011880559263465087,0.36836970591935064,0.1252980207547958,-0.74,0.009999999999999787,0.012941567715760239,0.011619512663959122,15.0,65.0,0.28527277635415,1000.000000000554,2.7498420221030155,7.29,433.6956288514126,1792.3791648778283,0.0,nan
pd,10.0,1.0,esn,36,"demo_00_filtered -10,+7.5 deg",,0.008538424423787914,False,nan,False,nan,0.0,False,0.5106206639148354,0.12844091452739884,0.011772192469899155,20.613723416147185,0.1361900127478365,-0.74,nan,0.002449217071246543,0.011619512663959122,0.0,65.0,0.13153592566529299,398.0986894202022,1.1463833834004344,nan,172.6536614529222,275.7131601591892,0.0,nan
pd,10.0,1.0,replay,36,"demo_00_filtered -10,+7.5 deg",demo_00_filtered,0.021353481594290676,True,7.29,False,0.006331399792824476,2.000000000000001,True,0.005934010027299314,0.12257890516912451,0.011234912720063408,0.4133060839503746,0.1361900127478365,-0.74,0.009999999999999787,0.014000102002084047,0.011619512663959122,15.0,65.0,0.3205722339903872,1000.000000000554,2.838480329019962,7.29,433.6956288514126,1800.8731214064494,0.0,nan
pd,10.0,1.0,esn,37,"demo_00_filtered -10,+10 deg",,0.011259257643239326,True,3.34,False,0.0066680863777826066,2.0,True,0.006760824249588051,1.2180743748799114,0.09620277345589864,11.083886741627982,0.15557385548634772,-0.74,-3.9400000000000004,0.00848017648861088,0.011619512663959122,2.0,65.0,0.19306169074725224,513.4193024852993,1.5361734285045536,3.34,222.6677072556923,463.26516681588697,0.0,nan
pd,10.0,1.0,replay,37,"demo_00_filtered -10,+10 deg",demo_00_filtered,0.02214234474702403,True,7.29,False,0.006331399792824476,2.000000000000001,True,0.005934010027299314,0.13528591049588617,0.01068479894792454,0.4717952110873446,0.15557385548634772,-0.74,0.009999999999999787,0.015265986798783701,0.011619512663959122,13.0,65.0,0.3675483959201246,1000.0000000005556,3.0102575443059436,7.29,433.6956288514126,1814.5583539842469,0.0,nan
pd,10.0,1.0,esn,38,"demo_00_filtered -10,+12.5 deg",,0.014770910126082388,True,2.67,False,0.006665826611942835,2.0,True,0.006760824249174096,1.6266115845521414,0.11116977592212393,12.462014926961555,0.1807083165450938,-0.74,-4.61,0.013817220052353005,0.011619512663959122,2.0,65.0,0.2685760015136534,742.3910189923748,2.0519281690833617,2.67,286.4863221808355,773.2702832253763,0.0,nan
pd,10.0,1.0,replay,38,"demo_00_filtered -10,+12.5 deg",demo_00_filtered,0.02339085456677199,True,7.29,False,0.006331399792824476,2.000000000000001,True,0.005934010027299314,0.14871743462096645,0.010164002297498694,0.5393376734444082,0.1807083165450938,-0.74,0.009999999999999787,0.016694604460380662,0.011619512663959122,11.0,65.0,0.4221948555172208,1250.0000000007042,3.2539164216887255,7.29,433.6956288514126,1833.45255301586,0.0,nan
pd,10.0,1.0,esn,39,"demo_00_filtered -10,+15 deg",,0.018411690992747514,True,2.32,False,0.006664844492423958,2.0000000000000004,True,0.006760824249099337,1.9330436359964276,0.11544653008898535,13.143808968419963,0.2094956888977338,-0.74,-4.960000000000001,0.01977295684544155,0.011619512663959122,1.0,65.0,0.3509389733915949,1013.0159565318878,2.605995680571968,2.32,351.4303585887966,1171.3962279631244,0.0,nan
pd,10.0,1.0,replay,39,"demo_00_filtered -10,+15 deg",demo_00_filtered,0.025054554892697728,True,7.29,False,0.006331399792824476,2.000000000000001,True,0.005934010027299314,0.1632122608300527,0.009747472240115962,0.6128082844470862,0.2094956888977338,-0.74,0.009999999999999787,0.018249424365210643,0.011619512663959122,9.0,65.0,0.48174650598438923,1500.0000000008397,3.556645368041974,7.29,433.6956288514126,1857.5864126045615,0.0,nan
pd,10.0,1.0,esn,40,"demo_00_filtered -7.5,-15 deg",,0.033038406506191914,True,0.87,True,0.006542287843828676,2.0,False,0.006760824249130037,3.9307969417449975,0.2515275367954522,15.074579700662898,0.26899654651593896,-0.74,-6.41,0.03435693865482578,0.011619512663959122,0.0,65.0,0.48787267223690733,1515.5153334899437,4.495775339696044,1.6,657.272375591515,4039.0408385654187,0.0,nan
pd,10.0,1.0,replay,40,"demo_00_filtered -7.5,-15 deg",demo_00_filtered,0.029405036628489794,True,7.29,False,0.006331399792824476,2.000000000000001,True,0.005934010027299314,0.1940365473659928,0.012416193339561322,0.6061373692068195,0.26899654651593896,-0.74,0.009999999999999787,0.014667865198010095,0.011619512663959122,7.0,65.0,0.48972794792624075,1500.0000000008336,4.133349358226705,7.29,325.2717216385593,1122.570753724775,0.0,nan
pd,10.0,1.0,esn,41,"demo_00_filtered -7.5,-12.5 deg",,0.03150551937198734,True,0.9,True,0.006569852823350636,2.0,False,0.006760824249129042,3.723045531435903,0.2736691988412125,15.047827244421239,0.23484343215357048,-0.74,-6.38,0.03272935215815865,0.011619512663959122,0.0,65.0,0.43723907652948274,1448.7815839993089,4.257954464335297,1.59,628.3302401405778,3680.0038113771416,0.0,nan
pd,10.0,1.0,replay,41,"demo_00_filtered -7.5,-12.5 deg",demo_00_filtered,0.02656571089294358,True,7.29,False,0.006331399792824476,2.000000000000001,True,0.005934010027299314,0.17350795307009978,0.012754016062478658,0.5286438131086891,0.23484343215357048,-0.74,0.009999999999999787,0.01324746434569718,0.011619512663959122,8.0,65.0,0.42772793829700656,1250.0000000006978,3.705162952398639,7.29,325.2717216385593,1090.9021721707766,0.0,nan
pd,10.0,1.0,esn,42,"demo_00_filtered -7.5,-10 deg",,0.029348492103797915,True,0.9500000000000001,True,0.006595153974683575,2.0,False,0.006760824249128266,3.4787343371680035,0.3027402744259233,15.009488915208264,0.2013776475390451,-0.74,-6.33,0.030739761297733207,0.011619512663959122,0.0,65.0,0.3896255543402039,1350.0594194990329,3.9557814930629625,1.58,585.5148689260822,3183.2453366117875,0.0,nan
pd,10.0,1.0,replay,42,"demo_00_filtered -7.5,-10 deg",demo_00_filtered,0.023906741465098875,True,7.29,False,0.006331399792824476,2.000000000000001,True,0.005934010027299314,0.152714562096509,0.01329013484702297,0.45416828897888356,0.2013776475390451,-0.74,0.009999999999999787,0.011976540365139612,0.011619512663959122,10.0,65.0,0.36779024289764956,1000.0000000005556,3.2985593664196133,7.29,325.2717216385593,1064.6408695994614,0.0,nan
pd,10.0,1.0,esn,43,"demo_00_filtered -7.5,-7.5 deg",,0.025911687887787565,True,1.02,True,0.006615812319756369,2.0,False,0.006760824249128772,3.2262801684912326,0.33728920327254924,14.949543482858951,0.16908267475798583,-0.74,-6.26,0.027309746762597262,0.011619512663959122,0.0,65.0,0.3389825983093769,1191.6872008814312,3.4974129962647567,1.55,516.8295299801651,2465.1116866306256,0.0,nan
pd,10.0,1.0,replay,43,"demo_00_filtered -7.5,-7.5 deg",demo_00_filtered,0.021477596256541925,True,7.29,False,0.006331399792824476,2.000000000000001,True,0.005934010027299314,0.13314049803734987,0.013919080228958786,0.38488103992244355,0.16908267475798583,-0.74,0.009999999999999787,0.01091734969201252,0.011619512663959122,13.0,65.0,0.31157436601862265,750.0000000004198,2.922159277105588,7.29,325.2717216385593,1043.715707084432,0.0,nan
pd,10.0,1.0,esn,44,"demo_00_filtered -7.5,-5 deg",,0.02094118399002777,True,1.12,False,0.006632269470908736,2.0,True,0.006760824249133516,2.9660662099830475,0.3823672300550645,14.851663313435408,0.13886725222441254,-0.74,-6.16,0.02022228865682264,0.011619512663959122,0.0,65.0,0.2799719725956682,964.0076542987589,2.8300267810985233,1.12,418.0859058484441,1600.5532025500515,0.0,nan
pd,10.0,1.0,replay,44,"demo_00_filtered -7.5,-5 deg",demo_00_filtered,0.019351052912603726,True,7.29,False,0.006331399792824476,2.000000000000001,True,0.005934010027299314,0.11583775549440312,0.014933099455134517,0.32453471846243076,0.13886725222441254,-0.74,0.009999999999999787,0.010146468552786647,0.011619512663959122,15.0,65.0,0.2619537368785982,750.0000000004168,2.5890618221335964,7.29,325.2717216385593,1028.066015285449,0.0,nan
pd,10.0,1.0,esn,45,"demo_00_filtered -7.5,-2.5 deg",,0.014950956535680189,True,1.28,False,0.006646111061475824,2.0,True,0.006760824249124489,2.6550328733291093,0.41666512389807214,14.67510250806288,0.11248900871190617,-0.74,-6.0,0.01060777543316974,0.011619512663959122,0.0,65.0,0.21040756848993988,690.6558985067313,2.014569817524847,1.28,299.5344442226482,817.2532877568681,0.0,nan
pd,10.0,1.0,replay,45,"demo_00_filtered -7.5,-2.5 deg",demo_00_filtered,0.017627852539992706,True,7.29,False,0.006331399792824476,2.000000000000001,True,0.005934010027299314,0.101934568339529,0.015997007032696575,0.27937039620532694,0.11248900871190617,-0.74,0.009999999999999787,0.009742250825329889,0.011619512663959122,17.0,65.0,0.22379850632108456,750.0000000004168,2.3182852457097973,7.29,325.2717216385593,1017.6417667125722,0.0,nan
pd,10.0,1.0,esn,46,"demo_00_filtered -7.5,+0 deg",,0.009174880154409369,True,1.62,False,0.006659044960216915,2.0,True,0.006760824249103274,2.1815817362551404,0.3769137462327038,14.239530811173319,0.09334029946949414,-0.74,-5.66,0.005693230446428747,0.011619512663959122,1.0,65.0,0.13196342579276457,426.93424816603635,1.2273817732165122,1.62,185.15951723647174,312.93464412572257,0.0,nan
pd,10.0,1.0,replay,46,"demo_00_filtered -7.5,+0 deg",demo_00_filtered,0.016432383707528503,True,7.29,False,0.006331399792824476,2.000000000000001,True,0.005934010027299314,0.09403369849692184,0.01624628267810466,0.25780737487772565,0.09334029946949414,-0.74,0.009999999999999787,0.00975908670342008,0.011619512663959122,17.0,65.0,0.20400775505791083,750.0000000004168,2.1344185265912534,7.29,325.2717216385593,1012.4037872534304,0.0,nan
pd,10.0,1.0,esn,47,"demo_00_filtered -7.5,+2.5 deg",,0.005448727599704596,True,3.35,False,0.006670911572050716,2.0000000000000004,True,0.0067608242495839155,0.9115989348527803,0.1470780756550481,11.103646037966994,0.08639603194917861,-0.74,-3.93,0.0030583043982952023,0.011619512663959122,2.0,65.0,0.08029135069651314,255.50042701917434,0.7254507240684537,3.35,110.80941836782375,112.55750257634135,0.0,nan
pd,10.0,1.0,replay,47,"demo_00_filtered -7.5,+2.5 deg",demo_00_filtered,0.01588824960250211,True,7.29,False,0.006331399792824476,2.000000000000001,True,0.005934010027299314,0.0957986410974355,0.015456226685099054,0.2658464453708775,0.08639603194917861,-0.74,0.009999999999999787,0.010202229298651172,0.011619512663959122,18.0,65.0,0.20811574322686935,750.0000000004168,2.0620520926559465,7.29,325.2717216385593,1012.3239863130096,0.0,nan
pd,10.0,1.0,esn,48,"demo_00_filtered -7.5,+5 deg",,0.0049779577354159815,False,nan,False,nan,0.0,False,0.5106206638863345,0.10613299664646693,0.014351357823480827,20.60174384232794,0.09345077971847526,-0.73,nan,0.0012772261537874847,0.011619512663959122,0.0,65.0,0.07523690300378988,229.95258414611757,0.6671553308336401,nan,99.7294305872026,91.48499973823837,0.0,nan
pd,10.0,1.0,replay,48,"demo_00_filtered -7.5,+5 deg",demo_00_filtered,0.016072824171680936,True,7.29,False,0.006331399792824476,2.000000000000001,True,0.005934010027299314,0.103943725099132,0.014055323410608955,0.30120301405650257,0.09345077971847526,-0.74,0.009999999999999787,0.011026189334760631,0.011619512663959122,17.0,65.0,0.23496165025206425,750.0000000004168,2.114259165969223,7.29,325.2717216385593,1017.3855769350843,0.0,nan
pd,10.0,1.0,esn,49,"demo_00_filtered -7.5,+7.5 deg",,0.007178801407313126,False,nan,False,nan,0.0,False,0.5106206638873451,0.10945855866208597,0.01198108940140271,20.606366066123954,0.11197625770655525,-0.74,nan,0.00221721149344106,0.011619512663959122,0.0,65.0,0.11909863725205178,318.02961241019295,0.9751064179377752,nan,137.92805274753312,177.56272667194133,0.0,nan
pd,10.0,1.0,replay,49,"demo_00_filtered -7.5,+7.5 deg",demo_00_filtered,0.01697955796674739,True,7.29,False,0.006331399792824476,2.000000000000001,True,0.005934010027299314,0.11664053914707839,0.012767212947350962,0.35581469668850657,0.11197625770655525,-0.74,0.009999999999999787,0.012158097722207769,0.011619512663959122,16.0,65.0,0.27802293447820375,750.0000000004198,2.28434158823339,7.29,325.2717216385593,1027.5832478607383,0.0,nan
pd,10.0,1.0,esn,50,"demo_00_filtered -7.5,+10 deg",,0.01069334250975311,True,3.54,False,0.00666770681437974,2.0,True,0.006760824249683786,1.1115501316455025,0.09952360014155673,10.615330701979374,0.13797570843286386,-0.74,-3.74,0.008247897884291606,0.011619512663959122,2.0,65.0,0.19250252428874945,539.4753820951313,1.4744203347128528,3.54,198.80171325211475,373.73766926748687,0.0,nan
pd,10.0,1.0,replay,50,"demo_00_filtered -7.5,+10 deg",demo_00_filtered,0.018524590107544165,True,7.29,False,0.006331399792824476,2.000000000000001,True,0.005934010027299314,0.13014288515919248,0.011652455516943591,0.42220569034209676,0.13797570843286386,-0.74,0.009999999999999787,0.013523854972504107,0.011619512663959122,15.0,65.0,0.33094895591287365,1000.0000000005556,2.5507569650602644,7.29,325.2717216385593,1042.9232386405884,0.0,nan
pd,10.0,1.0,esn,51,"demo_00_filtered -7.5,+12.5 deg",,0.014556541823576734,True,2.71,False,0.0066668331546297244,2.0,True,0.0067608242491883005,1.5978055900848593,0.11958783372811904,12.402214604895008,0.16797775877881035,-0.74,-4.57,0.013824311762492858,0.011619512663959122,2.0,65.0,0.2726404062957202,801.2301088990406,2.0394644847787053,2.71,264.1699688186956,665.7741056751431,0.0,nan
pd,10.0,1.0,replay,51,"demo_00_filtered -7.5,+12.5 deg",demo_00_filtered,0.020589896469199696,True,7.29,False,0.006331399792824476,2.000000000000001,True,0.005934010027299314,0.14358741191477478,0.010746806525193756,0.49555561860302727,0.16797775877881035,-0.74,0.009999999999999787,0.015061882873155599,0.011619512663959122,13.0,65.0,0.38961398426847554,1250.0000000007042,2.888916925537528,7.29,325.2717216385593,1063.4232568906689,0.0,nan
pd,10.0,1.0,esn,52,"demo_00_filtered -7.5,+15 deg",,0.01826836378129172,True,2.34,False,0.006667012348303719,2.0,True,0.006760824249101622,1.8556183245687186,0.11860212850870418,13.149288119134088,0.20014720353236348,-0.74,-4.94,0.019535427472875892,0.011619512663959122,1.0,65.0,0.35408107791563215,1079.6148975562305,2.6026397883813184,2.34,323.50985170359263,1006.0297141718393,0.0,nan
pd,10.0,1.0,replay,52,"demo_00_filtered -7.5,+15 deg",demo_00_filtered,0.023063410362546617,True,7.29,False,0.006331399792824476,2.000000000000001,True,0.005934010027299314,0.15755604457725994,0.010070218642952022,0.5730644912951783,0.20014720353236348,-0.74,0.009999999999999787,0.01672572385555437,0.011619512663959122,10.0,65.0,0.4516316770080074,1500.0000000008397,3.2785898377451868,7.29,325.2717216385593,1089.1121641472198,0.0,nan
pd,10.0,1.0,esn,53,"demo_00_filtered -5,-15 deg",,0.027919917937066857,True,0.9500000000000001,True,0.0065932095765388055,2.0,False,0.006760824249128904,3.4269510993159544,0.2415913594250472,15.02218244725789,0.2398726224826671,-0.74,-6.33,0.026364989474613246,0.011619512663959122,0.0,65.0,0.4040253489163132,1280.0033808499998,3.810209525976136,1.58,555.1318711893673,2876.4297158779586,0.0,nan
pd,10.0,1.0,replay,53,"demo_00_filtered -5,-15 deg",demo_00_filtered,0.02663149748314883,True,7.29,False,0.006331399792824476,2.000000000000001,True,0.005934010027299314,0.18286837251095214,0.012891756383563631,0.557546437200244,0.2398726224826671,-0.74,0.009999999999999787,0.014480075088005749,0.011619512663959122,8.0,65.0,0.4457834693865384,1500.0000000008336,3.7507303656225854,7.29,216.84781442570613,555.800841804747,0.0,nan
pd,10.0,1.0,esn,54,"demo_00_filtered -5,-12.5 deg",,0.026313125873281294,True,0.98,True,0.006608671306002253,2.0,False,0.006760824249128351,3.2723268437880173,0.2697681650479969,14.991869893441882,0.20539642083508022,-0.74,-6.300000000000001,0.02495713871663932,0.011619512663959122,0.0,65.0,0.35702951035757063,1210.266477629281,3.56165985432517,1.57,524.8872810929241,2562.4766323847575,0.0,nan
pd,10.0,1.0,replay,54,"demo_00_filtered -5,-12.5 deg",demo_00_filtered,0.023332139474312612,True,7.29,False,0.006331399792824476,2.000000000000001,True,0.005934010027299314,0.16079170554716754,0.013255547331019343,0.47794591077389786,0.20539642083508022,-0.74,0.009999999999999787,0.012848948941080792,0.011619512663959122,10.0,65.0,0.38327122634053307,1250.0000000006978,3.273554957103761,7.29,216.84781442570613,526.2427771561642,0.0,nan
pd,10.0,1.0,esn,55,"demo_00_filtered -5,-10 deg",,0.024082828299314775,True,1.03,True,0.006622850437429763,2.0,False,0.006760824249128993,3.0944466113519797,0.3051487155850758,14.947882111060817,0.17109651755078284,-0.74,-6.25,0.02325951459531269,0.011619512663959122,0.0,65.0,0.31386859431953756,1107.1133292097916,3.2498917516903942,1.51,480.15021152115554,2134.563539829651,0.0,nan
pd,10.0,1.0,replay,55,"demo_00_filtered -5,-10 deg",demo_00_filtered,0.020171887950467555,True,7.29,False,0.006331399792824476,2.000000000000001,True,0.005934010027299314,0.13919323659594227,0.013726085048474616,0.4001975858817328,0.17109651755078284,-0.74,0.009999999999999787,0.01134080280672069,0.011619512663959122,13.0,65.0,0.32207253723599444,1000.0000000005556,2.811378800524374,7.29,216.84781442570613,501.939655893274,0.0,nan
pd,10.0,1.0,esn,56,"demo_00_filtered -5,-7.5 deg",,0.0204670482855746,True,1.11,False,0.006636216073939445,1.9999999999999998,True,0.00676082424913257,2.8915527784478763,0.3603021708449016,14.87638354213035,0.1372978923167245,-0.74,-6.17,0.01980889095561549,0.011619512663959122,0.0,65.0,0.267280419868677,939.1646130180244,2.7687747393997233,1.11,407.31158743762,1524.558097206427,0.0,nan
pd,10.0,1.0,replay,56,"demo_00_filtered -5,-7.5 deg",demo_00_filtered,0.01720729031735037,True,7.29,False,0.006331399792824476,2.000000000000001,True,0.005934010027299314,0.11776025084328585,0.014673525703670944,0.326059911699538,0.1372978923167245,-0.74,0.009999999999999787,0.010021390235083511,0.011619512663959122,15.0,65.0,0.2635894280200775,750.0000000004198,2.3725718234904063,7.29,216.84781442570613,482.82970009797253,0.0,nan
pd,10.0,1.0,esn,57,"demo_00_filtered -5,-5 deg",,0.015271022505125619,True,1.22,False,0.006644667085929341,2.0,True,0.006760824249128248,2.686050363749861,0.4454219446112858,14.752407680427865,0.10464378643480776,-0.74,-6.0600000000000005,0.012785143488098972,0.011619512663959122,0.0,65.0,0.2112892996482818,700.4583905695522,2.0712050282718626,1.22,303.7857421821418,840.090272165349,0.0,nan
pd,10.0,1.0,replay,57,"demo_00_filtered -5,-5 deg",demo_00_filtered,0.014542203872646074,True,7.29,False,0.006331399792824476,2.000000000000001,True,0.005934010027299314,0.09752624057576197,0.016172566350259755,0.25910450369568755,0.10464378643480776,-0.74,0.009999999999999787,0.008984703135169619,0.011619512663959122,17.0,65.0,0.21060461949987466,500.0000000002842,1.9727306141489716,7.29,216.84781442570613,468.86065730331285,0.0,nan
pd,10.0,1.0,esn,58,"demo_00_filtered -5,-2.5 deg",,0.009352545568049833,True,1.44,False,0.006655930874882432,2.0,True,0.006760824249113372,2.3472911456985095,0.5546031032203141,14.496581139795966,0.07491652107098119,-0.74,-5.84,0.005737174925553723,0.011619512663959122,0.0,65.0,0.14414052332617044,430.5171786313098,1.2651337913282978,1.44,186.7134185177381,315.8966679636821,0.0,nan
pd,10.0,1.0,replay,58,"demo_00_filtered -5,-2.5 deg",demo_00_filtered,0.012361825763527364,True,7.29,False,0.006331399792824476,2.000000000000001,True,0.005934010027299314,0.08098965561535862,0.019135723497843274,0.2068852882593599,0.07491652107098119,-0.74,0.009999999999999787,0.008347004288966264,0.011619512663959122,19.0,65.0,0.16888600361230746,500.00000000027626,1.641050373699799,7.29,216.84781442570613,459.9899588720792,0.0,nan
pd,10.0,1.0,esn,59,"demo_00_filtered -5,+0 deg",,0.004419365529328375,True,2.09,False,0.006665340448329269,2.0,True,0.006760824249089343,1.6138862249564008,0.49054708332672714,13.523280144136645,0.05339422797526491,-0.73,-5.19,0.0031399595445518154,0.011619512663959122,2.0,65.0,0.07182674712476812,205.43123817559592,0.5934481815937772,2.09,89.09463002623995,72.29398099705303,0.0,nan
pd,10.0,1.0,replay,59,"demo_00_filtered -5,+0 deg",demo_00_filtered,0.010958543660428092,True,7.29,False,0.006331399792824476,2.000000000000001,True,0.005934010027299314,0.07203511196176418,0.021895356391007224,0.1828878982675003,0.05339422797526491,-0.74,0.009999999999999787,0.008210982643537881,0.011619512663959122,19.0,65.0,0.14868045524026047,500.00000000027626,1.4270363481120705,7.29,216.84781442570613,456.1849101864973,0.0,nan
pd,10.0,1.0,esn,60,"demo_00_filtered -5,+2.5 deg",,0.002390450793670444,False,nan,False,nan,0.0,False,0.5106206638864166,0.0676835724382671,0.017279952656549,20.596844507150006,0.05144633841485029,-0.73,nan,0.0005330638494490409,0.011619512663959122,0.0,65.0,0.03561198854063013,110.4661500839584,0.3208602088807694,nan,47.908686427430354,20.93272295500238,0.0,nan
pd,10.0,1.0,replay,60,"demo_00_filtered -5,+2.5 deg",demo_00_filtered,0.010654090795642026,True,7.29,False,0.006331399792824476,2.000000000000001,True,0.005934010027299314,0.07711010089650057,0.019686592253217082,0.19788611068206174,0.05144633841485029,-0.74,0.009999999999999787,0.008607887499159117,0.011619512663959122,19.0,65.0,0.15868649030593548,500.00000000027626,1.3880485124984143,7.29,216.84781442570613,457.422893501639,0.0,nan
pd,10.0,1.0,esn,61,"demo_00_filtered -5,+5 deg",,0.0036172100628234505,False,nan,False,nan,0.0,False,0.5106206638863305,0.09180399503684085,0.016326916493019362,20.598426929235238,0.06862822000810305,-0.73,nan,0.0010197581758072964,0.011619512663959122,0.0,65.0,0.06071974647196583,163.32403415574026,0.49124884940429336,nan,66.75684074193288,41.545825481406546,0.0,nan
pd,10.0,1.0,replay,61,"demo_00_filtered -5,+5 deg",demo_00_filtered,0.011554704358846493,True,7.29,False,0.006331399792824476,2.000000000000001,True,0.005934010027299314,0.0943233606370014,0.016774974028562345,0.2448876551448948,0.06862822000810305,-0.74,0.009999999999999787,0.00947645446421498,0.011619512663959122,19.0,65.0,0.19437467726104726,500.0000000002842,1.539549889759247,7.29,216.84781442570613,463.6915572527544,0.0,nan
pd,10.0,1.0,esn,62,"demo_00_filtered -5,+7.5 deg",,0.006847825591966386,False,nan,False,nan,0.0,False,0.5106206638876464,0.10356570722799993,0.013326903703630795,20.60299325281463,0.09673968843255346,-0.74,nan,0.0022977949862759586,0.011619512663959122,0.0,65.0,0.12028135409655176,354.37294561682563,0.9400777018738312,nan,119.96823471812989,136.79872685090137,0.0,nan
pd,10.0,1.0,replay,62,"demo_00_filtered -5,+7.5 deg",demo_00_filtered,0.013444580566814704,True,7.29,False,0.006331399792824476,2.000000000000001,True,0.005934010027299314,0.10963880672102194,0.014108394163092378,0.3096278719954217,0.09673968843255346,-0.74,0.009999999999999787,0.010706176845891419,0.011619512663959122,18.0,65.0,0.2447355316901933,750.0000000004198,1.837096947527009,7.29,216.84781442570613,474.9889573186366,0.0,nan
pd,10.0,1.0,esn,63,"demo_00_filtered -5,+10 deg",,0.010782068801487306,True,3.49,False,0.006667948962405251,2.0,True,0.006760824249669791,1.1643259451267034,0.11547479917376517,10.735630983721112,0.1287794289269056,-0.74,-3.79,0.008680114280845388,0.011619512663959122,2.0,65.0,0.20037235589675223,601.2628564948077,1.4986780792437586,3.49,183.55125323243576,324.06784673029,0.0,nan
pd,10.0,1.0,replay,63,"demo_00_filtered -5,+10 deg",demo_00_filtered,0.01600408586062654,True,7.29,False,0.006331399792824476,2.000000000000001,True,0.005934010027299314,0.12359461950177095,0.012257790806484018,0.38314528180335855,0.1287794289269056,-0.74,0.009999999999999787,0.012190445067795562,0.011619512663959122,15.0,65.0,0.30244224943221437,1000.0000000005556,2.224859037272862,7.29,216.84781442570613,491.32360626028236,0.0,nan
pd,10.0,1.0,esn,64,"demo_00_filtered -5,+12.5 deg",,0.014722690930479423,True,2.65,False,0.006667085591615251,2.0000000000000004,True,0.00676082424917214,1.601750914140012,0.12847336236913437,12.543755446408602,0.16239701420380187,-0.74,-4.630000000000001,0.014200013531563385,0.011619512663959122,1.0,65.0,0.27990567213371914,873.2593036890638,2.0751179268104147,2.65,243.51714261361047,575.4297605960875,0.0,nan
pd,10.0,1.0,replay,64,"demo_00_filtered -5,+12.5 deg",demo_00_filtered,0.01899295682118829,True,7.29,False,0.006331399792824476,2.000000000000001,True,0.005934010027299314,0.13657601291523236,0.010954499506317411,0.4611543189621327,0.16239701420380187,-0.74,0.009999999999999787,0.013848670179055743,0.011619512663959122,13.0,65.0,0.3638934786268642,1250.0000000007042,2.6656545244959515,7.29,216.84781442570613,512.7143761131318,0.0,nan
pd,10.0,1.0,esn,65,"demo_00_filtered -5,+15 deg",,0.01847916033650902,True,2.31,False,0.006668598392175138,2.0000000000000004,True,0.006760824249099276,1.7498917738492434,0.11752051928691781,13.24151373670752,0.19673797462300235,-0.74,-4.970000000000001,0.01965476756027282,0.011619512663959122,1.0,65.0,0.3599905789076239,1155.7174010338313,2.6414468406011613,2.31,296.0151494027842,857.6818335259013,0.0,nan
pd,10.0,1.0,replay,65,"demo_00_filtered -5,+15 deg",demo_00_filtered,0.022267995838549177,True,7.29,False,0.006331399792824476,2.000000000000001,True,0.005934010027299314,0.1520072830557676,0.01020861695967166,0.5415906931812103,0.19673797462300235,-0.74,0.009999999999999787,0.015625650853762767,0.011619512663959122,11.0,65.0,0.4273303713922821,1500.0000000008397,3.138982450953585,7.29,216.84781442570613,539.1901894512528,0.0,nan
pd,10.0,1.0,esn,66,"demo_00_filtered -2.5,-15 deg",,0.022941258822617685,True,1.03,True,0.006627812594282192,2.0,False,0.0067608242491284335,3.0212668658597623,0.23440109008454005,14.966925313642012,0.21380624822322195,-0.74,-6.25,0.019699591006258857,0.011619512663959122,0.0,65.0,0.32672208569997885,1050.9540201873579,3.1422417540330905,1.54,455.79416467882334,1934.5929210800884,0.0,nan
pd,10.0,1.0,replay,66,"demo_00_filtered -2.5,-15 deg",demo_00_filtered,0.02473995680705834,True,7.29,False,0.006331399792824476,2.000000000000001,True,0.005934010027299314,0.1774523436473235,0.013767411035089858,0.5250866563150645,0.21380624822322195,-0.74,0.009999999999999787,0.014547276918714653,0.011619512663959122,10.0,65.0,0.4159302301314877,1500.0000000008336,3.464647791100306,7.29,108.42390721285285,213.3654958178679,0.0,nan
pd,10.0,1.0,esn,67,"demo_00_filtered -2.5,-12.5 deg",,0.021269976671913094,True,1.06,False,0.006634218304933529,2.0,True,0.006760824249129471,2.9172531824720895,0.271710263068941,14.932789309774398,0.17890391120537133,-0.74,-6.220000000000001,0.018424593198108238,0.011619512663959122,0.0,65.0,0.28361916895964046,978.4955304507705,2.8844925868574482,1.06,424.3692344069082,1669.9450795558982,0.0,nan
pd,10.0,1.0,replay,67,"demo_00_filtered -2.5,-12.5 deg",demo_00_filtered,0.02101340896535224,True,7.29,False,0.006331399792824476,2.000000000000001,True,0.005934010027299314,0.153703530676076,0.01431580467734093,0.44407019183655505,0.17890391120537133,-0.74,0.009999999999999787,0.012754491026674253,0.011619512663959122,11.0,65.0,0.3531904403131526,1250.0000000006978,2.9432400418346307,7.29,108.42390721285285,185.73829802952744,0.0,nan
pd,10.0,1.0,esn,68,"demo_00_filtered -2.5,-10 deg",,0.018992421523737122,True,1.12,False,0.006642960653381752,2.0,True,0.006760824249132929,2.7746025400132193,0.3203635948232956,14.882208227469015,0.14406258440073114,-0.74,-6.16,0.016817818321618157,0.011619512663959122,0.0,65.0,0.2453776824605644,871.7496944847162,2.567062636494256,1.12,378.0740319503661,1318.254715426557,0.0,nan
pd,10.0,1.0,replay,68,"demo_00_filtered -2.5,-10 deg",demo_00_filtered,0.017351773474173566,True,7.29,False,0.006331399792824476,2.000000000000001,True,0.005934010027299314,0.13028694082122078,0.015043305164644376,0.36386628516797226,0.14406258440073114,-0.74,0.009999999999999787,0.011062794686531381,0.011619512663959122,15.0,65.0,0.2911260207341345,1000.0000000005556,2.4274322844462013,7.29,108.42390721285285,163.16036955717848,0.0,nan
pd,10.0,1.0,esn,69,"demo_00_filtered -2.5,-7.5 deg",,0.015294070490275969,True,1.2,False,0.006648134379758967,2.0,True,0.006760824249130378,2.643655999029071,0.39833255248544935,14.796533819145232,0.10943851262747113,-0.74,-6.08,0.013449061998610842,0.011619512663959122,0.0,65.0,0.20378323789709024,698.6895650543892,2.0756642145256277,1.2,303.01861028801505,839.0095532791372,0.0,nan
pd,10.0,1.0,replay,69,"demo_00_filtered -2.5,-7.5 deg",demo_00_filtered,0.013783559304574868,True,7.29,False,0.006331399792824476,2.000000000000001,True,0.005934010027299314,0.10767300290751047,0.01622361687665636,0.2855811403089814,0.10943851262747113,-0.74,0.009999999999999787,0.009535731196196145,0.011619512663959122,17.0,65.0,0.23075601299111406,750.0000000004198,1.9213162797307626,7.29,108.42390721285285,145.5785157778881,0.0,nan
pd,10.0,1.0,esn,70,"demo_00_filtered -2.5,-5 deg",,0.01011816528507385,True,1.34,False,0.006654206213322304,1.9999999999999998,True,0.006760824249120768,2.4393876454514345,0.5255560539533495,14.636212302646344,0.0757432631196161,-0.74,-5.94,0.007113291544966077,0.011619512663959122,0.0,65.0,0.15250026108398337,461.00673715794085,1.3794098455360373,1.34,199.93660677634017,361.35236895991886,0.0,nan
pd,10.0,1.0,replay,70,"demo_00_filtered -2.5,-5 deg",demo_00_filtered,0.010385619418424231,True,7.29,False,0.006331399792824476,2.000000000000001,True,0.005934010027299314,0.0853240024251799,0.018382706047437154,0.21182395932827924,0.07544267284375665,-0.74,0.009999999999999787,0.008275095346596558,0.011619512663959122,19.0,65.0,0.17436979350523055,500.0000000002842,1.435188628213777,7.29,108.42390721285285,132.94812368447955,0.0,nan
pd,10.0,1.0,esn,71,"demo_00_filtered -2.5,-2.5 deg",,0.004706450705813888,True,1.6500000000000001,False,0.006661373892458517,1.9999999999999998,True,0.00676082424910262,2.026913628138191,0.8117501473652664,14.223462016597702,0.05463044038188873,-0.73,-5.63,0.0036323345909858953,0.011619512663959122,1.0,65.0,0.09014737398152992,215.51603431801908,0.6399953438914088,1.6500000000000001,93.46836203106392,78.89100368485423,0.0,nan
pd,10.0,1.0,replay,71,"demo_00_filtered -2.5,-2.5 deg",demo_00_filtered,0.007384390360369606,True,7.29,False,0.006331399792824476,2.000000000000001,True,0.005934010027299314,0.06408406989714592,0.025664760678804608,0.14997027306593222,0.04289055680822118,-0.74,0.009999999999999787,0.007427908925675209,0.011619512663959122,24.0,65.0,0.12792138078480056,250.00000000014848,0.9995019037682222,7.29,108.42390721285285,125.23335210288113,0.0,nan
pd,10.0,1.0,esn,72,"demo_00_filtered -2.5,+0 deg",,0.001176528404098285,False,nan,False,nan,0.0,False,0.5106206638862982,0.05249578778656291,0.0652770983734697,20.598527196902417,0.013537655860217272,-0.71,nan,0.0002316905433103963,0.011619512663959122,1.0,65.0,0.017608249871165084,54.67937081635517,0.15884562532383695,nan,23.714204111385477,5.084883246400032,0.0,nan
pd,10.0,1.0,replay,72,"demo_00_filtered -2.5,+0 deg",demo_00_filtered,0.005481127148779724,True,7.29,False,0.006331399792824476,2.000000000000001,True,0.005934010027299314,0.05045217856431395,0.06273592534107221,0.12054834462896662,0.013537655860217272,-0.74,0.009999999999999787,0.007151658840427155,0.011619512663959122,26.0,65.0,0.10595172922332917,250.0000000001389,0.7158197522703125,7.29,108.42390721285285,122.40735719827899,0.0,nan
pd,10.0,1.0,esn,73,"demo_00_filtered -2.5,+2.5 deg",,0.000985193369222634,False,nan,False,nan,0.0,False,0.5106206638864768,0.06197705916336632,0.028384244526853755,20.594834092000774,0.027047699455166028,-0.7,nan,0.0002367685590654105,0.011619512663959122,0.0,65.0,0.018146104413652817,51.51389442672309,0.13530990217875719,nan,15.718947868364904,2.3291861436084558,0.0,nan
pd,10.0,1.0,replay,73,"demo_00_filtered -2.5,+2.5 deg",demo_00_filtered,0.00588918404460217,True,7.29,False,0.006331399792824476,2.000000000000001,True,0.005934010027299314,0.06334238809137027,0.02900953767040062,0.14511540959398564,0.027047699455166028,-0.74,0.009999999999999787,0.007516466111090869,0.011619512663959122,26.0,65.0,0.12268293218057608,250.00000000014848,0.7776120079958332,7.29,108.42390721285285,124.45253709544757,0.0,nan
pd,10.0,1.0,esn,74,"demo_00_filtered -2.5,+5 deg",,0.003518290054167525,False,nan,False,nan,0.0,False,0.5106206638862842,0.08704476966524494,0.01897563565140389,20.596020036091183,0.06031296767422525,-0.73,nan,0.0011468813432444478,0.011619512663959122,0.0,65.0,0.06337159859688524,195.67198139141962,0.4836185295127084,nan,54.33118435674399,28.5499792172547,0.0,nan
pd,10.0,1.0,replay,74,"demo_00_filtered -2.5,+5 deg",demo_00_filtered,0.00830392926047719,True,7.29,False,0.006331399792824476,2.000000000000001,True,0.005934010027299314,0.08720549358483852,0.019010673236664923,0.20516982248712756,0.06031296767422525,-0.74,0.009999999999999787,0.008444214971077484,0.011619512663959122,20.0,65.0,0.16691784654564615,500.0000000002842,1.1322420717183792,7.29,108.42390721285285,131.36077327034175,0.0,nan
pd,10.0,1.0,esn,75,"demo_00_filtered -2.5,+7.5 deg",,0.007270594945520414,False,nan,False,nan,0.0,False,0.51062066389093,0.12116388664475108,0.017166627499122324,20.603785443755562,0.09490878436960798,-0.74,nan,0.0025740206321640505,0.011619512663959122,0.0,65.0,0.13196604594273104,418.165723872883,1.005499015925908,nan,112.32644379999309,123.03496595430799,0.0,nan
pd,10.0,1.0,replay,75,"demo_00_filtered -2.5,+7.5 deg",demo_00_filtered,0.011558060042993914,True,7.29,False,0.006331399792824476,2.000000000000001,True,0.005934010027299314,0.1035439334447859,0.014670213909959252,0.27860898124633815,0.09490878436960798,-0.74,0.009999999999999787,0.00977855501530142,0.011619512663959122,19.0,65.0,0.222803287596187,750.0000000004198,1.597380904883838,7.29,108.42390721285285,143.13363904605237,0.0,nan
pd,10.0,1.0,esn,76,"demo_00_filtered -2.5,+10 deg",,0.011305121441592805,True,3.2,False,0.006668020401243397,2.0,True,0.0067608242494897495,1.3139033687429966,0.1376653330305196,11.40625421514803,0.12961701894314578,-0.74,-4.08,0.009593974433579549,0.011619512663959122,1.0,65.0,0.2128668466831644,678.996078085648,1.5796798419408677,3.2,171.08982024429494,288.0337269451218,0.0,nan
pd,10.0,1.0,replay,76,"demo_00_filtered -2.5,+10 deg",demo_00_filtered,0.015150032362973421,True,7.29,False,0.006331399792824476,2.000000000000001,True,0.005934010027299314,0.11658599947485675,0.012215396372533034,0.35719302074603776,0.12961701894314578,-0.74,0.009999999999999787,0.011378375686438904,0.011619512663959122,16.0,65.0,0.2834412262931428,1000.0000000005556,2.102861844999979,7.29,108.42390721285285,159.78253704312021,0.0,nan
pd,10.0,1.0,esn,77,"demo_00_filtered -2.5,+12.5 deg",,0.015264604575301575,True,2.5300000000000002,False,0.006669768282789674,2.0,True,0.006760824249139015,1.497413848058686,0.124410927428794,12.831015951417704,0.1644905456953415,-0.74,-4.75,0.01484480561353948,0.011619512663959122,1.0,65.0,0.28975749992361655,956.4662823266005,2.1573658163802976,2.5300000000000002,223.9259145844371,497.8382731207943,0.0,nan
pd,10.0,1.0,replay,77,"demo_00_filtered -2.5,+12.5 deg",demo_00_filtered,0.0189182512671316,True,7.29,False,0.006331399792824476,2.000000000000001,True,0.005934010027299314,0.13060818537008334,0.010851432616807937,0.4380566346379728,0.1644905456953415,-0.74,0.009999999999999787,0.013146970684864055,0.011619512663959122,13.0,65.0,0.346222796786604,1250.0000000007042,2.6272334354156968,7.29,108.42390721285285,181.32871795934332,0.0,nan
pd,10.0,1.0,esn,78,"demo_00_filtered -2.5,+15 deg",,0.019093408325037312,True,2.24,False,0.006670268990162165,2.0,True,0.006760824249097248,1.6501948487530433,0.11356625406606667,13.389343769056481,0.1993937247274077,-0.74,-5.04,0.02018022306338462,0.011619512663959122,1.0,65.0,0.3698157270260729,1241.0854060366232,2.7283223755521084,2.24,270.8678533109088,735.6957105452482,0.0,nan
pd,10.0,1.0,replay,78,"demo_00_filtered -2.5,+15 deg",demo_00_filtered,0.022804438164874763,True,7.29,False,0.006331399792824476,2.000000000000001,True,0.005934010027299314,0.14931476517004055,0.010275828075653868,0.5200173607866154,0.1993937247274077,-0.74,0.009999999999999787,0.01502379819479039,0.011619512663959122,11.0,65.0,0.4100262469902526,1500.0000000008397,3.1626391521642696,7.29,108.42390721285285,207.80312301006077,0.0,nan
pd,10.0,1.0,esn,79,"demo_00_filtered +0,-15 deg",,0.018176268550597754,True,1.11,False,0.006649664629597914,1.9999999999999998,True,0.006760824249133455,2.6977618700581,0.2342681632643371,14.911030804876775,0.19088242309510517,-0.74,-6.17,0.014172215948394228,0.011619512663959122,0.0,65.0,0.2566032978659202,831.8458153930036,2.5015689821237808,1.11,360.76789401408473,1208.0218377297808,0.0,nan
pd,10.0,1.0,replay,79,"demo_00_filtered +0,-15 deg",demo_00_filtered,0.02393985244771705,True,7.29,False,0.006331399792824476,2.000000000000001,True,0.005934010027299314,0.17494005361048437,0.01519143905752149,0.5087528292004908,0.19088242309510517,-0.74,0.009999999999999787,0.014831527639573388,0.011619512663959122,10.0,65.0,0.39968001285825316,1500.0000000008336,3.3002090748270008,7.29,93.20058205649715,95.45850054308544,0.0,nan
pd,10.0,1.0,esn,80,"demo_00_filtered +0,-12.5 deg",,0.016464396078421113,True,1.1400000000000001,False,0.006649768122899015,2.0,True,0.006760824249132646,2.6467221417110913,0.27910379655111034,14.872640229368173,0.15606301436626746,-0.74,-6.140000000000001,0.012975635890546946,0.011619512663959122,0.0,65.0,0.21777494701280245,757.4622647122814,2.2381724537558174,1.1400000000000001,328.5080732254259,996.4422706363893,0.0,nan
pd,10.0,1.0,replay,80,"demo_00_filtered +0,-12.5 deg",demo_00_filtered,0.019931043850878728,True,7.29,False,0.006331399792824476,2.000000000000001,True,0.005934010027299314,0.14999136595113466,0.01581698321372878,0.4276050743923001,0.15606301436626746,-0.74,0.009999999999999787,0.012933911360981092,0.011619512663959122,13.0,65.0,0.3373281307116952,1250.0000000006978,2.7511872185148394,7.29,77.66715171374764,69.56273885963063,0.0,nan
pd,10.0,1.0,esn,81,"demo_00_filtered +0,-10 deg",,0.014220203169842656,True,1.2,False,0.0066526125231629275,2.0,True,0.006760824249130811,2.5633963533204414,0.3495673093482492,14.814479635148336,0.12147668558465069,-0.74,-6.08,0.01151879226109004,0.011619512663959122,0.0,65.0,0.1853304421275744,650.3935301274951,1.926010926223144,1.2,282.0728310493777,729.9087341555658,0.0,nan
pd,10.0,1.0,replay,81,"demo_00_filtered +0,-10 deg",demo_00_filtered,0.01593960311684929,True,7.29,False,0.006331399792824476,2.000000000000001,True,0.005934010027299314,0.12506494389108974,0.01705495752662986,0.34689338968324757,0.12147668558465069,-0.74,0.009999999999999787,0.011129554670291635,0.011619512663959122,15.0,65.0,0.2754654945939026,1000.0000000005556,2.2022219886154737,7.29,62.13372137099813,48.45679943583732,0.0,nan
pd,10.0,1.0,esn,82,"demo_00_filtered +0,-7.5 deg",,0.010650228359059504,True,1.3,False,0.006656611207166619,2.0,True,0.006760824249123506,2.4339643042624304,0.4706725943077257,14.71154172612925,0.08843397008289874,-0.74,-5.98,0.008286583538276117,0.011619512663959122,0.0,65.0,0.15028437688876098,482.2156048954993,1.451538429437925,1.3,209.13480000700193,396.91282792035815,0.0,nan
pd,10.0,1.0,replay,82,"demo_00_filtered +0,-7.5 deg",demo_00_filtered,0.01195812193542786,True,7.29,False,0.006331399792824476,2.000000000000001,True,0.005934010027299314,0.10072995803658394,0.0194788520893918,0.2673804164475917,0.0869719753350194,-0.74,0.009999999999999787,0.00948031098750542,0.011619512663959122,18.0,65.0,0.21492906311569487,750.0000000004198,1.6529582841920767,7.29,46.60029102824861,32.09532793543347,0.0,nan
pd,10.0,1.0,esn,83,"demo_00_filtered +0,-5 deg",,0.005874792188173294,True,1.47,False,0.006659592352719027,2.0,True,0.006760824249105941,2.2041592019911005,0.7045076316416586,14.495814606168596,0.061847778245086686,-0.74,-5.8100000000000005,0.003952123719059821,0.011619512663959122,1.0,65.0,0.10577766878782445,264.2925581751069,0.8060401102199293,1.47,114.6225272184377,118.05282558737028,0.0,nan
pd,10.0,1.0,replay,83,"demo_00_filtered +0,-5 deg",demo_00_filtered,0.007979218487974098,True,7.29,False,0.006331399792824476,2.000000000000001,True,0.005934010027299314,0.07705084961649998,0.024627491303832405,0.19099067081986035,0.053198280730715815,-0.74,0.009999999999999787,0.008090541842457869,0.011619512663959122,19.0,65.0,0.1577166112057423,500.0000000002842,1.1030504753665418,7.29,31.066860685499027,20.440614616227013,0.0,nan
pd,10.0,1.0,esn,84,"demo_00_filtered +0,-2.5 deg",,0.0014855818923604526,True,2.0300000000000002,False,0.006665566426669664,2.0,True,0.006760824249090494,1.5230818307464096,1.3097805692111604,13.64741009857087,0.044675190114102814,-0.72,-5.25,0.0026765166516078895,0.011619512663959122,2.0,65.0,0.05239231547113282,67.53216682295468,0.36691405387001286,2.0300000000000002,29.288405557963628,7.930661264247241,0.0,nan
pd,10.0,1.0,replay,84,"demo_00_filtered +0,-2.5 deg",demo_00_filtered,0.00399557778657662,True,7.29,False,0.006331399792824476,2.000000000000001,True,0.005934010027299314,0.05491464969471193,0.047224081912869226,0.12414685867375985,0.019164954969740734,-0.73,0.009999999999999787,0.007122643325256611,0.011619512663959122,26.0,65.0,0.10968951946675921,250.00000000014848,0.5521677743187201,7.29,15.533430342749513,13.462862207567516,0.0,nan
pd,10.0,1.0,esn,85,"demo_00_filtered +0,+2.5 deg",,0.001165652495518126,False,nan,False,nan,0.0,False,0.5106206638864087,0.07091301372322728,0.029759737102995582,20.593323514445792,0.03490381605529781,-0.71,nan,0.0003900306216236835,0.011619512663959122,1.0,65.0,0.022986948787258394,75.0778235895314,0.1633598156748753,nan,7.766186182124141,0.7946564825437451,0.0,nan
pd,10.0,1.0,replay,85,"demo_00_filtered +0,+2.5 deg",demo_00_filtered,0.004014541558297414,True,7.29,False,0.006331399792824476,2.000000000000001,True,0.005934010027299314,0.06399914083212144,0.026858223984318978,0.1242166003391076,0.03490381605529781,-0.73,0.009999999999999787,0.007123618290893946,0.011619512663959122,26.0,65.0,0.10976185649999665,250.00000000014848,0.5537362722391156,7.29,15.533430342749513,13.460555677470385,0.0,nan
pd,10.0,1.0,esn,86,"demo_00_filtered +0,+5 deg",,0.0042665568751841885,False,nan,False,nan,0.0,False,0.5106206638862846,0.11226284481742209,0.02380369879922215,20.596420763613885,0.06979101978453763,-0.73,nan,0.0014995176876714009,0.011619512663959122,0.0,65.0,0.07888746254302785,259.1478661509899,0.5898297040847432,nan,54.26933087746952,29.854154554019576,0.0,nan
pd,10.0,1.0,replay,86,"demo_00_filtered +0,+5 deg",demo_00_filtered,0.008054831173399066,True,7.29,False,0.006331399792824476,2.000000000000001,True,0.005934010027299314,0.08618816891206091,0.018274944093709555,0.1912245637735317,0.06979101978453763,-0.74,0.009999999999999787,0.008100059126777947,0.011619512663959122,19.0,65.0,0.15797410627913283,500.0000000002842,1.1092912041950695,7.29,31.066860685499027,20.41899782803313,0.0,nan
pd,10.0,1.0,esn,87,"demo_00_filtered +0,+7.5 deg",,0.00816759954362157,True,6.0200000000000005,False,0.006672770538874981,1.9999999999999991,True,0.006760824298062543,0.6250864858692747,0.08727858010496867,3.3225158437014914,0.10464500676822885,-0.74,-1.2599999999999998,0.004878411456837435,0.011619512663959122,3.0,65.0,0.1531927651112548,501.06107399444863,1.134276500823413,6.0200000000000005,108.64010685012026,118.95532307980899,0.0,nan
pd,10.0,1.0,replay,87,"demo_00_filtered +0,+7.5 deg",demo_00_filtered,0.012127328761401735,True,7.29,False,0.006331399792824476,2.000000000000001,True,0.005934010027299314,0.09885040717283904,0.013802127187001268,0.26789054562451187,0.10464500676822885,-0.74,0.009999999999999787,0.009508924753467315,0.011619512663959122,19.0,65.0,0.215504444846874,750.0000000004198,1.6668748837683587,7.29,46.60029102824854,32.02114212019034,0.0,nan
pd,10.0,1.0,esn,88,"demo_00_filtered +0,+10 deg",,0.012198987952780183,True,2.82,False,0.006673802341075624,2.0000000000000004,True,0.006760824249242775,1.1898759473302423,0.12349935026215984,12.28566990303291,0.1390275095674234,-0.74,-4.460000000000001,0.010756273613033737,0.011619512663959122,2.0,65.0,0.22654381166509255,769.3504832636781,1.7081704473392438,2.82,159.9281899791013,259.2979857021922,0.0,nan
pd,10.0,1.0,replay,88,"demo_00_filtered +0,+10 deg",demo_00_filtered,0.016238074047709487,True,7.29,False,0.006331399792824476,2.000000000000001,True,0.005934010027299314,0.1128001498493898,0.011707729068001339,0.3477992506169112,0.1390275095674234,-0.74,0.009999999999999787,0.01118768323357082,0.011619512663959122,15.0,65.0,0.2764985186614112,1000.0000000005556,2.2266502914267408,7.29,62.13372137099805,48.28197307347822,0.0,nan
pd,10.0,1.0,esn,89,"demo_00_filtered +0,+12.5 deg",,0.01616092754904698,True,2.41,False,0.006675563197064286,2.0,True,0.006760824249116172,1.3432427479320102,0.11086789398809395,13.099903302281529,0.17314011054641334,-0.74,-4.87,0.01569061822635728,0.011619512663959122,2.0,65.0,0.3034303063170221,1048.5473014104928,2.2827525090148457,2.41,205.64089262236018,433.09371477218167,0.0,nan
pd,10.0,1.0,replay,89,"demo_00_filtered +0,+12.5 deg",demo_00_filtered,0.02039257622321446,True,7.29,False,0.006331399792824476,2.000000000000001,True,0.005934010027299314,0.13163627533327793,0.01086492865202955,0.42903553612037,0.17314011054641334,-0.74,0.009999999999999787,0.013030987722279902,0.011619512663959122,13.0,65.0,0.33896905458003884,1250.0000000007042,2.7887261626602355,7.29,77.66715171374771,69.22641081362077,0.0,nan
pd,10.0,1.0,esn,90,"demo_00_filtered +0,+15 deg",,0.01999784199390375,True,2.16,False,0.006673128646788307,2.0,True,0.006760824249095823,1.6077855009242676,0.11014688832904716,13.55085130808801,0.20724771324218016,-0.74,-5.12,0.020947516268095306,0.011619512663959122,2.0,65.0,0.38224965955971413,1330.7988109856376,2.847878693938248,2.16,245.44061682425024,624.748029799752,0.0,nan
pd,10.0,1.0,replay,90,"demo_00_filtered +0,+15 deg",demo_00_filtered,0.024595689108404508,True,7.29,False,0.006331399792824476,2.000000000000001,True,0.005934010027299314,0.15217765241206338,0.01042545468706627,0.5108488209519058,0.20724771324218016,-0.74,0.009999999999999787,0.014975898542261057,0.011619512663959122,10.0,65.0,0.40209321293628675,1500.0000000008397,3.353149908506325,7.29,93.20058205649723,94.88944875653138,0.0,nan
pd,10.0,1.0,esn,91,"demo_00_filtered +2.5,-15 deg",,0.013766129180792891,True,1.18,False,0.006660224675212723,2.0,True,0.006760824249132731,2.468926518126237,0.24518414832412916,14.858507282422764,0.16739678605345962,-0.74,-6.1000000000000005,0.009734314962738183,0.011619512663959122,0.0,65.0,0.19476951791678523,629.4067575451196,1.9062161242551656,1.18,272.9709595167078,688.3993821083781,0.0,nan
pd,10.0,1.0,replay,91,"demo_00_filtered +2.5,-15 deg",demo_00_filtered,0.024338567753151494,True,7.29,False,0.006331399792824476,2.000000000000001,True,0.005934010027299314,0.16894718961549016,0.016777807072632822,0.5072825448402608,0.16739678605345962,-0.74,0.009999999999999787,0.015297384329927994,0.011619512663959122,11.0,65.0,0.39536065951359634,1500.0000000008336,3.275992942348104,7.29,108.42390721285369,202.24709712951665,0.0,nan
pd,10.0,1.0,esn,92,"demo_00_filtered +2.5,-12.5 deg",,0.012048136364182671,True,1.22,False,0.006658820005763635,2.0,True,0.006760824249129752,2.4457939748007242,0.30460231289168854,14.815077529042966,0.13266261552974612,-0.74,-6.0600000000000005,0.008562309650933913,0.011619512663959122,0.0,65.0,0.16079462664811744,553.999392069004,1.6428441054815501,1.22,240.26711472653363,529.8476521717406,0.0,nan
pd,10.0,1.0,replay,92,"demo_00_filtered +2.5,-12.5 deg",demo_00_filtered,0.020283653600585965,True,7.29,False,0.006331399792824476,2.000000000000001,True,0.005934010027299314,0.14359643987538245,0.017883684463904027,0.42758424808424716,0.1325352501222756,-0.74,0.009999999999999787,0.013352438832232005,0.011619512663959122,13.0,65.0,0.33418264814483745,1250.0000000006978,2.727444815487992,7.29,108.42390721285369,177.86154492636504,0.0,nan
pd,10.0,1.0,esn,93,"demo_00_filtered +2.5,-10 deg",,0.00998017950716824,True,1.29,False,0.006660070107321786,2.0,True,0.006760824249124176,2.3821961015433333,0.3944850222401135,14.748109125836006,0.10081213759937781,-0.74,-5.99,0.007252000174286689,0.011619512663959122,0.0,65.0,0.13538166768187543,452.76620518929565,1.3549555313306605,1.29,196.3627240821301,351.4013325481622,0.0,nan
pd,10.0,1.0,replay,93,"demo_00_filtered +2.5,-10 deg",demo_00_filtered,0.016305550119051132,True,7.29,False,0.006331399792824476,2.000000000000001,True,0.005934010027299314,0.11826968390348389,0.019585129391644394,0.3489530310020894,0.09763467360856345,-0.74,0.009999999999999787,0.011510955439533671,0.011619512663959122,17.0,65.0,0.273997904231864,1000.0000000005556,2.1868415110892996,7.29,108.42390721285369,157.9521608036873,0.0,nan
pd,10.0,1.0,esn,94,"demo_00_filtered +2.5,-7.5 deg",,0.006846333832115915,True,1.4000000000000001,False,0.006661534518719868,1.9999999999999998,True,0.006760824249107104,2.2426713572602734,0.576023291014281,14.622519546087236,0.06930250708752446,-0.74,-5.88,0.004644504398958313,0.011619512663959122,0.0,65.0,0.10830117244014974,304.5704493133898,0.9373041877833918,1.4000000000000001,132.09087254445478,157.3206839713303,0.0,nan
pd,10.0,1.0,replay,94,"demo_00_filtered +2.5,-7.5 deg",demo_00_filtered,0.012455843475429475,True,7.29,False,0.006331399792824476,2.000000000000001,True,0.005934010027299314,0.09259223915185992,0.02378203393286833,0.272585923555828,0.06275178300345485,-0.74,0.009999999999999787,0.009838067911550397,0.011619512663959122,19.0,65.0,0.21594717416928286,750.0000000004198,1.6616115640143132,7.29,108.42390721285369,142.48072563779695,0.0,nan
pd,10.0,1.0,esn,95,"demo_00_filtered +2.5,-5 deg",,0.0028929349224667673,True,1.6400000000000001,False,0.006665116907416398,2.0,True,0.006760824249104478,1.8792357205496302,1.0720853074855072,14.30562202585755,0.051313812667534764,-0.73,-5.640000000000001,0.0030070596200753065,0.011619512663959122,2.0,65.0,0.07137528295749448,127.33164295669252,0.4162715124024431,1.6400000000000001,55.22317696475534,27.475024393927026,0.0,nan
pd,10.0,1.0,replay,95,"demo_00_filtered +2.5,-5 deg",demo_00_filtered,0.008885352009297555,True,7.29,False,0.006331399792824476,2.000000000000001,True,0.005934010027299314,0.06790108745743235,0.03873689576532247,0.20137043550900488,0.028140949786096485,-0.74,0.009999999999999787,0.008441669960334092,0.011619512663959122,21.0,65.0,0.1626600594054292,500.0000000002842,1.1727636447124137,7.29,108.42390721285369,131.41574158688667,0.0,nan
pd,10.0,1.0,esn,96,"demo_00_filtered +2.5,-2.5 deg",,0.00011634620687775726,False,nan,False,nan,0.0,False,0.5106206638863281,0.06255992716397644,0.18713355382767152,20.60577530421167,0.005622827849038526,-0.41,nan,4.430216354659949e-05,0.011619512663959122,1.0,65.0,0.003280740995957299,5.26821690527356,0.02589414019653416,nan,2.2848026436565814,0.04727200950294754,0.0,nan
pd,10.0,1.0,replay,96,"demo_00_filtered +2.5,-2.5 deg",demo_00_filtered,0.006099705288534176,True,7.29,False,0.006331399792824476,2.000000000000001,True,0.005934010027299314,0.05158549062509801,0.1543060649881523,0.14350775759799625,0.011183051416093557,-0.74,0.009999999999999787,0.007484820238828187,0.011619512663959122,26.0,65.0,0.12094145139736057,250.00000000014848,0.7920738435907366,7.29,108.42390721285369,124.73282370282428,0.0,nan
pd,10.0,1.0,esn,97,"demo_00_filtered +2.5,+0 deg",,0.0007128523600891927,False,nan,False,nan,0.0,False,0.510620663886538,0.07758556836446401,0.03321951324257946,20.592878301216405,0.03897790632261277,-0.69,nan,0.00017812733168337915,0.011619512663959122,2.0,65.0,0.013481087116781006,31.423433366641714,0.0985681966793522,nan,13.628205694608186,1.6614778283793203,0.0,nan
pd,10.0,1.0,replay,97,"demo_00_filtered +2.5,+0 deg",demo_00_filtered,0.005484972514951979,True,7.29,False,0.006331399792824476,2.000000000000001,True,0.005934010027299314,0.05568459451990411,0.023842257832951328,0.12037108062244559,0.03897790632261277,-0.74,0.009999999999999787,0.007151548577319288,0.011619512663959122,26.0,65.0,0.10576454571444258,250.0000000001405,0.7212172011769011,7.29,108.42390721285369,122.41516600610954,0.0,nan
pd,10.0,1.0,esn,98,"demo_00_filtered +2.5,+2.5 deg",,0.0020747055207017227,False,nan,False,nan,0.0,False,0.5106206638863746,0.12132452616159621,0.03431575806924377,20.595526504862963,0.0602008378124066,-0.73,nan,0.0007542042156586827,0.011619512663959122,1.0,65.0,0.04086411551273821,133.60736832734372,0.2893363012626182,nan,13.934755440050347,2.5532857826990396,0.0,nan
pd,10.0,1.0,replay,98,"demo_00_filtered +2.5,+2.5 deg",demo_00_filtered,0.007614449584642254,True,7.29,False,0.006331399792824476,2.000000000000001,True,0.005934010027299314,0.07296445088326053,0.02063746320204253,0.149178878179437,0.0602008378124066,-0.74,0.009999999999999787,0.007528434258817148,0.011619512663959122,22.0,65.0,0.12709853006605376,250.00000000014848,1.0286229691611002,7.29,108.42390721285369,124.4540759658189,0.0,nan
pd,10.0,1.0,esn,99,"demo_00_filtered +2.5,+5 deg",,0.005473619650454313,False,nan,False,nan,0.0,False,0.5106206638863414,0.16700906579467323,0.02987548991804997,20.608343768675194,0.08922641072168017,-0.74,nan,0.001888372017128226,0.011619512663959122,0.0,65.0,0.10024988507167322,344.7904800617162,0.7582105471217855,nan,58.870704070767964,36.68665020017331,0.0,nan
pd,10.0,1.0,replay,99,"demo_00_filtered +2.5,+5 deg",demo_00_filtered,0.01102296497477349,True,7.29,False,0.006331399792824476,2.000000000000001,True,0.005934010027299314,0.08469803790374503,0.015151245625090227,0.2094698886016396,0.08922641072168017,-0.74,0.009999999999999787,0.008523014104612234,0.011619512663959122,19.0,65.0,0.17181130219316965,500.0000000002842,1.4988244195802423,7.29,108.42390721285369,130.84956684123202,0.0,nan
pd,10.0,1.0,esn,100,"demo_00_filtered +2.5,+7.5 deg",,0.009382078450897783,True,3.68,False,0.006709970095708651,1.9999999999999996,True,0.006760824249587459,0.8964502056895705,0.1133929783562192,10.991005014101619,0.12085930655967744,-0.74,-3.6,0.006880645517714566,0.011619512663959122,3.0,65.0,0.1703576139484467,597.2819970476736,1.3048238905005798,3.68,105.51150138949117,116.78196278484329,0.0,nan
pd,10.0,1.0,replay,100,"demo_00_filtered +2.5,+7.5 deg",demo_00_filtered,0.014882361877298675,True,7.29,False,0.006331399792824476,2.000000000000001,True,0.005934010027299314,0.10032429442487689,0.012690131001277742,0.28162967516504755,0.12085930655967744,-0.74,0.009999999999999787,0.009951340920256077,0.011619512663959122,17.0,65.0,0.22636589275219768,750.0000000004198,2.022741804039929,7.29,108.42390721285369,141.61099144145518,0.0,nan
pd,10.0,1.0,esn,101,"demo_00_filtered +2.5,+10 deg",,0.013354066565565351,True,2.77,False,0.006695950210914948,2.0000000000000004,True,0.006760824249199988,0.936255822430441,0.09133236282530661,12.568724049324011,0.15345471447338688,-0.74,-4.51,0.011490663925333974,0.011619512663959122,3.0,65.0,0.24362076267115315,866.973088607095,1.86878271830919,2.77,147.72435562421506,230.84168909497143,0.0,nan
pd,10.0,1.0,replay,101,"demo_00_filtered +2.5,+10 deg",demo_00_filtered,0.01894542964983904,True,7.29,False,0.006331399792824476,2.000000000000001,True,0.005934010027299314,0.11982171317616527,0.011688685848432629,0.35845952449477253,0.15345471447338688,-0.74,0.009999999999999787,0.01165328105286778,0.011619512663959122,15.0,65.0,0.2850509725972642,1000.0000000005556,2.5689754720934244,7.29,108.42390721285369,156.75769331184534,0.0,nan
pd,10.0,1.0,esn,102,"demo_00_filtered +2.5,+12.5 deg",,0.017249437242369773,True,2.3000000000000003,False,0.006680477248978451,1.9999999999999996,True,0.006760824249105426,1.3167763256280915,0.1043781790653801,13.323984127355219,0.18646303705089487,-0.74,-4.98,0.01666176914381267,0.011619512663959122,2.0,65.0,0.31889845323278243,1141.9489745724438,2.4288598622712274,2.3000000000000003,183.7615366631769,362.7177414873265,0.0,nan
pd,10.0,1.0,replay,102,"demo_00_filtered +2.5,+12.5 deg",demo_00_filtered,0.023130509493194236,True,7.29,False,0.006331399792824476,2.000000000000001,True,0.005934010027299314,0.14057997508476264,0.011143488477744996,0.4373889271838851,0.18646303705089487,-0.74,0.009999999999999787,0.0135232019094697,0.011619512663959122,11.0,65.0,0.3456355536014545,1250.0000000007042,3.126906912967896,7.29,108.42390721285369,176.31964200250044,0.0,nan
pd,10.0,1.0,esn,103,"demo_00_filtered +2.5,+15 deg",,0.021039254924358347,True,2.08,False,0.006674453073269351,2.0,True,0.006760824249094201,1.6674765949872845,0.11098920501258698,13.7116599700185,0.21964962606905003,-0.74,-5.2,0.02179073472260405,0.011619512663959122,2.0,65.0,0.39384143721925746,1416.2879217897162,2.978261498165064,2.08,213.28630372840715,498.480869363837,0.0,nan
pd,10.0,1.0,replay,103,"demo_00_filtered +2.5,+15 deg",demo_00_filtered,0.027405805790766322,True,7.29,False,0.006331399792824476,2.000000000000001,True,0.005934010027299314,0.1622866862113291,0.01080199286806777,0.5173337636718591,0.21964962606905003,-0.74,0.009999999999999787,0.01549690321267022,0.011619512663959122,10.0,65.0,0.40712987526284816,1500.0000000008397,3.6920868174528074,7.29,108.42390721285369,200.33800789754693,0.0,nan
pd,10.0,1.0,esn,104,"demo_00_filtered +5,-15 deg",,0.009925247121618155,True,1.25,False,0.006666526705313403,2.0,True,0.0067608242491285775,2.295727812462947,0.266095571396461,14.815484032200658,0.14689295922299517,-0.74,-6.03,0.0063109443296654605,0.011619512663959122,0.0,65.0,0.14273908195595614,453.9007132823684,1.3833103371140043,1.25,196.85475528299241,355.82851090637615,0.0,nan
pd,10.0,1.0,replay,104,"demo_00_filtered +5,-15 deg",demo_00_filtered,0.02588033334185346,True,7.29,False,0.006331399792824476,2.000000000000001,True,0.005934010027299314,0.15966863140303608,0.01850703531865999,0.5184509582115138,0.14689295922299517,-0.74,0.009999999999999787,0.015916303850690688,0.011619512663959122,11.0,65.0,0.4005411473379169,1500.0000000008336,3.395532308038212,7.29,216.84781442570699,533.8687501249418,0.0,nan
pd,10.0,1.0,esn,105,"demo_00_filtered +5,-12.5 deg",,0.008265389385199828,True,1.3,False,0.006664762504873473,2.0,True,0.006760824249123227,2.292657614469324,0.3458439618441675,14.76625831237338,0.11221841544428503,-0.74,-5.98,0.005264747857171032,0.011619512663959122,0.0,65.0,0.1147437641377217,378.9853254562826,1.1307330667917135,1.3,164.3642790491284,246.03869431254267,0.0,nan
pd,10.0,1.0,replay,105,"demo_00_filtered +5,-12.5 deg",demo_00_filtered,0.02200215685255178,True,7.29,False,0.006331399792824476,2.000000000000001,True,0.005934010027299314,0.13275291532219052,0.02002557812890729,0.4417176833474449,0.11221841544428503,-0.74,0.009999999999999787,0.013977453770429284,0.011619512663959122,14.0,65.0,0.34135963673184755,1250.0000000006978,2.877285416129283,7.29,216.84781442570699,510.74816443486776,0.0,nan
pd,10.0,1.0,esn,106,"demo_00_filtered +5,-10 deg",,0.006513244427097244,True,1.37,False,0.006663604931145057,2.0,True,0.006760824249107259,2.2231292724971037,0.49207038937431796,14.68750550900738,0.07817386393101679,-0.74,-5.91,0.004236033100561406,0.011619512663959122,0.0,65.0,0.09706907298390921,290.1699465569877,0.8862557477410298,1.37,125.84543744574384,143.37185908950346,0.0,nan
pd,10.0,1.0,replay,106,"demo_00_filtered +5,-10 deg",demo_00_filtered,0.018343740662201912,True,7.29,False,0.006331399792824476,2.000000000000001,True,0.005934010027299314,0.10603462000734895,0.023469843791660127,0.36758191304343135,0.07808047452852551,-0.74,0.009999999999999787,0.01216822421488653,0.011619512663959122,17.0,65.0,0.2843769609381072,1000.0000000005556,2.387329758072413,7.29,216.84781442570699,491.7354378873066,0.0,nan
pd,10.0,1.0,esn,107,"demo_00_filtered +5,-7.5 deg",,0.004072925568068294,True,1.5,False,0.006664161757270315,2.0,True,0.006760824249108206,1.9998275757446335,0.7955642390903511,14.524533664287057,0.05610176301743766,-0.73,-5.78,0.0027659933473120723,0.011619512663959122,1.0,65.0,0.07714071718096885,176.07203843444918,0.5593161241249223,1.5,76.36167343193614,52.462258007073565,0.0,nan
pd,10.0,1.0,replay,107,"demo_00_filtered +5,-7.5 deg",demo_00_filtered,0.01504896879711882,True,7.29,False,0.006331399792824476,2.000000000000001,True,0.005934010027299314,0.08086821191508997,0.032170702244102435,0.29814442899991944,0.04361322140912785,-0.74,0.009999999999999787,0.010560561269283938,0.011619512663959122,19.0,65.0,0.23140154686259426,750.0000000004198,1.9468980500178443,7.29,216.84781442570699,476.7988249048041,0.0,nan
pd,10.0,1.0,esn,108,"demo_00_filtered +5,-5 deg",,0.0012366308409641152,True,1.9000000000000001,False,0.00666985736259769,1.9999999999999998,True,0.006760824249095163,1.209612356398719,2.180250071345767,13.945620433093012,0.035093502791746854,-0.71,-5.38,0.0020117462622999257,0.011619512663959122,1.0,65.0,0.04432969418595753,53.6786351325016,0.3046230173810684,1.9000000000000001,23.280189419662793,4.995816623575876,0.0,nan
pd,10.0,1.0,replay,108,"demo_00_filtered +5,-5 deg",demo_00_filtered,0.01240015620977053,True,7.29,False,0.006331399792824476,2.000000000000001,True,0.005934010027299314,0.05907887897372112,0.10648595760130068,0.2377050685736093,0.01063802107893362,-0.74,0.009999999999999787,0.009264985173227316,0.011619512663959122,19.0,65.0,0.18605294721268317,500.0000000002842,1.5976569839722352,7.29,216.84781442570699,465.91239908081565,0.0,nan
pd,10.0,1.0,esn,109,"demo_00_filtered +5,-2.5 deg",,0.00041664908263989336,False,nan,False,nan,0.0,False,0.5106206638867691,0.11964638762360981,0.07135123927669412,20.603043232259836,0.026469587343090486,-0.64,nan,0.00021869176354980977,0.011619512663959122,1.0,65.0,0.013332389026620244,19.18182716575804,0.09140363305375925,nan,8.319074595167663,0.6344169927308205,0.0,nan
pd,10.0,1.0,replay,109,"demo_00_filtered +5,-2.5 deg",demo_00_filtered,0.010878665805201002,True,7.29,False,0.006331399792824476,2.000000000000001,True,0.005934010027299314,0.05191881641284498,0.03096183651185013,0.19493404747965695,0.02653854935980961,-0.74,0.009999999999999787,0.00843094501468263,0.011619512663959122,19.0,65.0,0.1552865754902891,500.00000000027944,1.4097969761287805,7.29,216.84781442570699,459.0566150129566,0.0,nan
pd,10.0,1.0,esn,110,"demo_00_filtered +5,+0 deg",,0.0009079115161761578,False,nan,False,nan,0.0,False,0.510620663886594,0.15732939927401537,0.04164407934753494,20.601926651406295,0.06051514677916187,-0.7,nan,0.0003610511316755049,0.011619512663959122,1.0,65.0,0.02099849428711774,51.32886399468603,0.12872466632420348,nan,4.740020219313864,0.32129806064416633,0.0,nan
pd,10.0,1.0,replay,110,"demo_00_filtered +5,+0 deg",demo_00_filtered,0.010973925656897636,True,7.29,False,0.006331399792824476,2.000000000000001,True,0.005934010027299314,0.07094864534049547,0.018779649765355018,0.1827330503119519,0.06051514677916187,-0.74,0.009999999999999787,0.008203446752995277,0.011619512663959122,19.0,65.0,0.14850355175681174,500.00000000027944,1.4486487127284096,7.29,216.84781442570699,456.2189800994087,0.0,nan
pd,10.0,1.0,esn,111,"demo_00_filtered +5,+2.5 deg",,0.0033665506710665884,False,nan,False,nan,0.0,False,0.5106206638867331,0.20525260386703464,0.03671670198444205,20.620636575059372,0.09422484798209368,-0.73,nan,0.0011000919420268832,0.011619512663959122,1.0,65.0,0.062449573731200844,216.3588126251747,0.46764215086141414,nan,24.269210046508793,7.244443679852908,0.0,nan
pd,10.0,1.0,replay,111,"demo_00_filtered +5,+2.5 deg",demo_00_filtered,0.012666763996946955,True,7.29,False,0.006331399792824476,2.000000000000001,True,0.005934010027299314,0.08020682624428198,0.014347833259338293,0.2065577826359175,0.09422484798209368,-0.74,0.009999999999999787,0.008631865933416033,0.011619512663959122,19.0,65.0,0.16858343647833374,500.00000000027944,1.6999422524749142,7.29,216.84781442570699,457.3948372622901,0.0,nan
pd,10.0,1.0,esn,112,"demo_00_filtered +5,+5 deg",,0.006898998340201216,False,nan,False,nan,0.0,False,0.3000275511903646,2.8960775918406263,0.4095672208065829,13.630653129177446,0.11840443716586918,-0.74,nan,0.002257963586675689,0.011619512663959122,1.0,65.0,0.12283570427500172,443.3285148301204,0.9561630889657183,nan,61.78216356178721,42.771318942918974,0.0,nan
pd,10.0,1.0,replay,112,"demo_00_filtered +5,+5 deg",demo_00_filtered,0.015461496390449945,True,7.29,False,0.006331399792824476,2.000000000000001,True,0.005934010027299314,0.09478132667787435,0.013404103764756484,0.25647782324744084,0.11840443716586918,-0.74,0.009999999999999787,0.009628671460987339,0.011619512663959122,17.0,65.0,0.20778775031063773,500.0000000002842,2.089517757970477,7.29,216.84781442570699,462.58825584423204,0.0,nan
pd,10.0,1.0,esn,113,"demo_00_filtered +5,+7.5 deg",,0.010733235157744525,False,nan,False,nan,0.0,False,0.3000275511889796,2.901527474188505,0.32189557185705164,14.024853146640432,0.14529662439833216,-0.74,nan,0.003593724050047137,0.011619512663959122,1.0,65.0,0.19083196391913526,697.8746331500845,1.4920678863490753,nan,97.50579097830787,106.55746665981165,0.0,nan
pd,10.0,1.0,replay,113,"demo_00_filtered +5,+7.5 deg",demo_00_filtered,0.018897397217272155,True,7.29,False,0.006331399792824476,2.000000000000001,True,0.005934010027299314,0.11369660602130023,0.012613505934031568,0.32041228966314556,0.14529662439833216,-0.74,0.009999999999999787,0.011039199951235043,0.011619512663959122,15.0,65.0,0.25739851532511704,750.0000000004198,2.555930112383915,7.29,216.84781442570699,471.81302246642315,0.0,nan
pd,10.0,1.0,esn,114,"demo_00_filtered +5,+10 deg",,0.014599027207081117,True,2.66,False,0.006700971854715232,2.0,True,0.006760824249162624,1.0924510837394314,0.09771179541338744,12.864424568298015,0.17429161346317143,-0.74,-4.62,0.012438101916822996,0.011619512663959122,2.0,65.0,0.2615757310219505,962.1686825693752,2.037509255029585,2.66,127.77449130771701,186.6811060673294,0.0,nan
pd,10.0,1.0,replay,114,"demo_00_filtered +5,+10 deg",demo_00_filtered,0.022707651658523894,True,7.29,False,0.006331399792824476,2.000000000000001,True,0.005934010027299314,0.1349569097138339,0.012070912966137383,0.3914271982166578,0.17429161346317143,-0.74,0.009999999999999787,0.012723723037644543,0.011619512663959122,13.0,65.0,0.3123519968276695,1000.0000000005556,3.0651799885686257,7.29,216.84781442570699,485.09371601825535,0.0,nan
pd,10.0,1.0,esn,115,"demo_00_filtered +5,+12.5 deg",,0.018423683200299433,True,2.17,False,0.006679128282692944,2.0,True,0.00676082424909776,1.4636581515912377,0.10871779817413332,13.570046598796873,0.2044537695868019,-0.74,-5.11,0.017778321418808005,0.011619512663959122,2.0,65.0,0.33252127076670845,1228.00728926907,2.5800825696008656,2.17,151.89644508911456,271.78567840748735,0.0,nan
pd,10.0,1.0,replay,115,"demo_00_filtered +5,+12.5 deg",demo_00_filtered,0.026754714905705912,True,7.29,False,0.006331399792824476,2.000000000000001,True,0.005934010027299314,0.15733179990588486,0.011686312715811008,0.466160802427582,0.2044537695868019,-0.74,0.009999999999999787,0.014583815947322951,0.011619512663959122,10.0,65.0,0.3701191666946661,1250.0000000007042,3.599837572194727,7.29,216.84781442570699,502.46684076314983,0.0,nan
pd,10.0,1.0,esn,116,"demo_00_filtered +5,+15 deg",,0.022211093246593372,True,2.0,False,0.006672715874317323,2.0,True,0.006760824249094489,1.8219460346890939,0.11522998487059363,13.86610269812318,0.23528853643134554,-0.74,-5.28,0.022671288417958346,0.011619512663959122,2.0,65.0,0.4026590988025179,1491.9727258335645,3.1175809063502613,2.0,170.39129368230763,355.0053604049691,0.0,nan
pd,10.0,1.0,replay,116,"demo_00_filtered +5,+15 deg",demo_00_filtered,0.030966730346508056,True,7.29,False,0.006331399792824476,2.000000000000001,True,0.005934010027299314,0.1803566298348265,0.011406754827798588,0.5429362606580317,0.23528853643134554,-0.74,0.009999999999999787,0.016555847038969035,0.011619512663959122,8.0,65.0,0.4294013029160935,1500.0000000008397,4.150607217363187,7.29,216.84781442570699,523.981978463863,0.0,nan
pd,10.0,1.0,esn,117,"demo_00_filtered +7.5,-15 deg",,0.006852048697220006,True,1.3,False,0.006667957003472383,2.0,True,0.0067608242491067096,2.190485459802144,0.3093650945199338,14.788885559803983,0.1219671312278732,-0.74,-5.98,0.0039505217627741245,0.011619512663959122,0.0,65.0,0.10162656439680197,314.399948291376,0.9588743631015554,1.3,136.35388328500406,169.4838379736236,0.0,nan
pd,10.0,1.0,replay,117,"demo_00_filtered +7.5,-15 deg",demo_00_filtered,0.028379116456108057,True,7.29,False,0.006331399792824476,2.000000000000001,True,0.005934010027299314,0.14783420958271462,0.02087881661856236,0.5397502584608445,0.1219671312278732,-0.74,0.009999999999999787,0.01666867462439528,0.011619512663959122,11.0,65.0,0.41277708226706644,1500.0000000008336,3.645547903232622,7.29,325.2717216385602,1090.4275023872617,0.0,nan
pd,10.0,1.0,esn,118,"demo_00_filtered +7.5,-12.5 deg",,0.0053907592370756015,True,1.36,False,0.0066671123809413394,1.9999999999999998,True,0.006760824249107932,2.157458982577338,0.42301122521985873,14.735249938682614,0.08807415352733589,-0.74,-5.92,0.0032405080890450127,0.011619512663959122,0.0,65.0,0.08162417624104397,244.3412750557318,0.7387583314241158,1.36,105.96974293959296,101.44780691257687,0.0,nan
pd,10.0,1.0,replay,118,"demo_00_filtered +7.5,-12.5 deg",demo_00_filtered,0.02480414520839412,True,7.29,False,0.006331399792824476,2.000000000000001,True,0.005934010027299314,0.11847236056016049,0.023228779225908595,0.467292213828941,0.08708369285910866,-0.74,0.009999999999999787,0.014783173008384939,0.011619512663959122,13.0,65.0,0.3564993422219581,1250.0000000006978,3.1776929427644096,7.29,325.2717216385602,1068.3001533196166,0.0,nan
pd,10.0,1.0,esn,119,"demo_00_filtered +7.5,-10 deg",,0.003958194779231231,True,1.44,False,0.006665624218851556,2.0,True,0.006760824249109058,2.022895160465161,0.6446098871922401,14.636812416096703,0.059856152861609245,-0.73,-5.84,0.002632247511439683,0.011619512663959122,1.0,65.0,0.07017541141917433,170.35563215670274,0.539694521501922,1.44,73.88249301654011,49.249922843590355,0.0,nan
pd,10.0,1.0,replay,119,"demo_00_filtered +7.5,-10 deg",demo_00_filtered,0.02158584863550275,True,7.29,False,0.006331399792824476,2.000000000000001,True,0.005934010027299314,0.09056502673446107,0.028859187963769215,0.3994999853713678,0.052180173001104814,-0.74,0.009999999999999787,0.013063877070401174,0.011619512663959122,15.0,65.0,0.3042129532894339,1000.0000000005556,2.7593030375663963,7.29,325.2717216385602,1049.8572303003416,0.0,nan
pd,10.0,1.0,esn,120,"demo_00_filtered +7.5,-7.5 deg",,0.002237968517261816,True,1.6300000000000001,False,0.006667997099199061,1.9999999999999998,True,0.006760824249105855,1.5410361027673092,1.4427988352624257,14.38524521786272,0.041977147426688774,-0.73,-5.65,0.0020110806375872895,0.011619512663959122,1.0,65.0,0.0526919876717378,94.713766877996,0.32095887213204016,1.6300000000000001,41.07694668701529,15.26189847421308,0.0,nan
pd,10.0,1.0,replay,120,"demo_00_filtered +7.5,-7.5 deg",demo_00_filtered,0.01889449965990373,True,7.29,False,0.006331399792824476,2.000000000000001,True,0.005934010027299314,0.06616790885906633,0.06194986714599145,0.33922624720123207,0.017402200569617703,-0.74,0.009999999999999787,0.011588464958892876,0.011619512663959122,17.0,65.0,0.25839760817108726,750.0000000004198,2.4160544197349223,7.29,325.2717216385602,1035.0728517846278,0.0,nan
pd,10.0,1.0,esn,121,"demo_00_filtered +7.5,-5 deg",,0.0005781825739884722,False,nan,False,nan,0.0,False,0.3000275511909995,2.905314805819227,3.1065279757390254,13.7713297915395,0.05414916971153846,-0.67,nan,0.00024583320907214484,0.011619512663959122,2.0,65.0,0.01644310781139319,26.213700175566068,0.10290431309761383,nan,11.368767182158082,1.1719039832447073,0.0,nan
pd,10.0,1.0,replay,121,"demo_00_filtered +7.5,-5 deg",demo_00_filtered,0.016975692719478984,True,7.29,False,0.006331399792824476,2.000000000000001,True,0.005934010027299314,0.0538105355654916,0.057537287797135406,0.29119617851509955,0.018770300743968356,-0.74,0.009999999999999787,0.010463755651835847,0.011619512663959122,17.0,65.0,0.22309156308880618,750.0000000004168,2.183824411239661,7.29,325.2717216385602,1023.9260827623533,0.0,nan
pd,10.0,1.0,esn,122,"demo_00_filtered +7.5,-2.5 deg",,0.00030479849526972704,False,nan,False,nan,0.0,False,0.5106206638927084,0.33130747456316834,0.11403283810240894,20.70300678908054,0.049616801478391495,-0.59,nan,0.0002314359311268833,0.011619512663959122,1.0,65.0,0.012254705295593513,15.340675970694157,0.09126573879847812,nan,2.747422380702203,0.09591046872765506,0.0,nan
pd,10.0,1.0,replay,122,"demo_00_filtered +7.5,-2.5 deg",demo_00_filtered,0.016108317794283445,True,7.29,False,0.006331399792824476,2.000000000000001,True,0.005934010027299314,0.06730051940547635,0.02316418983209349,0.262205731343984,0.049616801478391495,-0.74,0.009999999999999787,0.009813454656301741,0.011619512663959122,17.0,65.0,0.20380123875855516,750.0000000004168,2.1002376547671813,7.29,325.2717216385602,1016.4017138551136,0.0,nan
pd,10.0,1.0,esn,123,"demo_00_filtered +7.5,+0 deg",,0.0018993592246842172,False,nan,False,nan,0.0,False,0.3000275511893597,2.919758969018575,0.5811679102206807,13.461212580516383,0.08219210101102802,-0.72,nan,0.0005239211221204094,0.011619512663959122,1.0,65.0,0.035233237389065544,121.54965177004271,0.2660556477329391,nan,7.55233219581718,0.880625063359476,0.0,nan
pd,10.0,1.0,replay,123,"demo_00_filtered +7.5,+0 deg",demo_00_filtered,0.01646699519358104,True,7.29,False,0.006331399792824476,2.000000000000001,True,0.005934010027299314,0.08073143867444948,0.0160693132554396,0.25867009844341243,0.08219210101102802,-0.74,0.009999999999999787,0.009734298904684942,0.011619512663959122,17.0,65.0,0.20501624720983624,750.0000000004168,2.1831307457287976,7.29,325.2717216385602,1012.4911963903556,0.0,nan
pd,10.0,1.0,esn,124,"demo_00_filtered +7.5,+2.5 deg",,0.0048160583922283355,False,nan,False,nan,0.0,False,0.30002755119089053,2.977460954222114,0.41416323620383566,13.666251967471194,0.11482140750018173,-0.73,nan,0.0014385404101951126,0.011619512663959122,1.0,65.0,0.08485334015226378,310.69664194209315,0.6681610229620986,nan,29.313687898671176,11.49236603914735,0.0,nan
pd,10.0,1.0,replay,124,"demo_00_filtered +7.5,+2.5 deg",demo_00_filtered,0.017991631357295586,True,7.29,False,0.006331399792824476,2.000000000000001,True,0.005934010027299314,0.10054845009854443,0.013986235966937386,0.2814442451366049,0.11482140750018173,-0.74,0.009999999999999787,0.010239348197992784,0.011619512663959122,15.0,65.0,0.22628389042362487,750.0000000004168,2.416219189672105,7.29,325.2717216385602,1012.1937426577011,0.0,nan
pd,10.0,1.0,esn,125,"demo_00_filtered +7.5,+5 deg",,0.008355277087474718,False,nan,False,nan,0.0,False,0.30002755119128566,2.979788400571811,0.3305778421013691,13.80088395156328,0.14794356162360803,-0.74,nan,0.0026250229295743423,0.011619512663959122,0.0,65.0,0.14552615722324355,542.770913123597,1.157768470433502,nan,55.07039166660702,39.0697248025579,0.0,nan
pd,10.0,1.0,replay,125,"demo_00_filtered +7.5,+5 deg",demo_00_filtered,0.020439418706922244,True,7.29,False,0.006331399792824476,2.000000000000001,True,0.005934010027299314,0.11883931949667313,0.013184038768815461,0.3249110576277167,0.14794356162360803,-0.74,0.009999999999999787,0.011248660815923253,0.011619512663959122,13.0,65.0,0.26262762175326526,750.0000000004168,2.7625208570750366,7.29,325.2717216385602,1015.5175975353347,0.0,nan
pd,10.0,1.0,esn,126,"demo_00_filtered +7.5,+7.5 deg",,0.012105380035835944,False,nan,False,nan,0.0,False,0.3000275511838295,2.8571600014090346,0.269375628257506,14.565509463036326,0.17450102488327285,-0.74,nan,0.003931292250498753,0.011619512663959122,0.0,65.0,0.21045022535218766,792.3452626382018,1.6794203670615355,nan,77.47054538425272,79.30201963910648,0.0,nan
pd,10.0,1.0,replay,126,"demo_00_filtered +7.5,+7.5 deg",demo_00_filtered,0.023542412187321497,True,7.29,False,0.006331399792824476,2.000000000000001,True,0.005934010027299314,0.13853565815094557,0.013061267108623341,0.3819213300372341,0.17450102488327285,-0.74,0.009999999999999787,0.012639309756208441,0.011619512663959122,11.0,65.0,0.30859769351596494,750.0000000004198,3.186028058506696,7.29,325.2717216385602,1022.4814824636887,0.0,nan
pd,10.0,1.0,esn,127,"demo_00_filtered +7.5,+10 deg",,0.01591786781225056,True,2.29,False,0.006686482894354714,2.0,True,0.006760824249104457,1.2656933152688807,0.10125546522151053,13.395156374119654,0.1998017210383359,-0.74,-4.99,0.014202843736226546,0.011619512663959122,2.0,65.0,0.2770989649356304,1047.4717155622036,2.21122009506834,2.29,94.9902365486764,125.40026698942387,0.0,nan
pd,10.0,1.0,replay,127,"demo_00_filtered +7.5,+10 deg",demo_00_filtered,0.02709535025584343,True,7.29,False,0.006331399792824476,2.000000000000001,True,0.005934010027299314,0.16014760507303558,0.012811808405842857,0.447163710031457,0.1998017210383359,-0.74,0.009999999999999787,0.014296740053489337,0.011619512663959122,10.0,65.0,0.36034586810845354,1000.0000000005556,3.660609509647704,7.29,325.2717216385602,1033.1162046872062,0.0,nan
pd,10.0,1.0,esn,128,"demo_00_filtered +7.5,+12.5 deg",,0.01975845476912949,True,2.05,False,0.006674785857982663,2.0,True,0.0067608242490947,1.7176353361050651,0.11782881197311844,13.801909863827422,0.22677381360346685,-0.74,-5.23,0.018949071050058528,0.011619512663959122,2.0,65.0,0.34343643402883595,1303.192084909786,2.7462348281877853,2.05,107.94141375832059,172.9536281267745,0.0,nan
pd,10.0,1.0,replay,128,"demo_00_filtered +7.5,+12.5 deg",demo_00_filtered,0.030962429275877997,True,7.29,False,0.006331399792824476,2.000000000000001,True,0.005934010027299314,0.1829799465997678,0.01255232078052479,0.5173627786906823,0.22677381360346685,-0.74,0.009999999999999787,0.016134349656699146,0.011619512663959122,8.0,65.0,0.4155252599159647,1250.0000000007042,4.169261343638749,7.29,325.2717216385602,1047.4664130762494,0.0,nan
pd,10.0,1.0,esn,129,"demo_00_filtered +7.5,+15 deg",,0.023634228360356488,True,1.94,False,0.00667103255760699,2.0,True,0.006760824249095399,2.025276850138864,0.12076417893779072,14.0038039730771,0.2548442867216326,-0.74,-5.34,0.0235434632410642,0.011619512663959122,2.0,65.0,0.40944495844332146,1557.986951396972,3.2834502395981007,1.94,117.33606631538473,220.81555417376762,0.0,nan
pd,10.0,1.0,replay,129,"demo_00_filtered +7.5,+15 deg",demo_00_filtered,0.03505767891848018,True,7.29,False,0.006331399792824476,2.000000000000001,True,0.005934010027299314,0.20666522816348962,0.012323133300241776,0.5905758506840312,0.2548442867216326,-0.74,0.009999999999999787,0.018091922345480047,0.011619512663959122,5.0,65.0,0.47273327525413167,1500.0000000008397,4.701142744329122,7.29,325.2717216385602,1065.5924659876566,0.0,nan
pd,10.0,1.0,esn,130,"demo_00_filtered +10,-15 deg",,0.004616199000027981,True,1.34,False,0.006669244701755584,1.9999999999999998,True,0.006760824249108259,2.0765317950151028,0.3679752785714498,14.78481171688136,0.09691047571435699,-0.73,-5.94,0.002533541154685086,0.011619512663959122,1.0,65.0,0.07141812281630656,212.4731585730652,0.6442338059199644,1.34,92.14868012133934,76.8569598742513,0.0,nan
pd,10.0,1.0,replay,130,"demo_00_filtered +10,-15 deg",demo_00_filtered,0.03160848607653715,True,7.29,False,0.006331399792824476,2.000000000000001,True,0.005934010027299314,0.1330241483739915,0.023572765980351088,0.5690722501977622,0.09691047571435699,-0.74,0.009999999999999787,0.01754390826827882,0.011619512663959122,11.0,65.0,0.4302765613715762,1500.0000000008336,4.002767325439788,7.29,433.69562885141335,1871.9898384484375,0.0,nan
pd,10.0,1.0,esn,131,"demo_00_filtered +10,-12.5 deg",,0.0035188549549345603,True,1.4000000000000001,False,0.006668923497676308,1.9999999999999998,True,0.0067608242491099335,1.9802766739338815,0.5536580003433714,14.732270705884106,0.06386103177250324,-0.73,-5.88,0.0022912211640899417,0.011619512663959122,1.0,65.0,0.060805308097223884,154.2287784356761,0.4818181165229825,1.4000000000000001,66.88834705060873,40.23109865023647,0.0,nan
pd,10.0,1.0,replay,131,"demo_00_filtered +10,-12.5 deg",demo_00_filtered,0.028370335962617184,True,7.29,False,0.006331399792824476,2.000000000000001,True,0.005934010027299314,0.10168736423896524,0.028430382221738642,0.5021079791162063,0.062233980981491945,-0.74,0.009999999999999787,0.01575252377187509,0.011619512663959122,13.0,65.0,0.3780868599272731,1250.0000000006978,3.592808105716909,7.29,433.69562885141335,1850.554752517028,0.0,nan
pd,10.0,1.0,esn,132,"demo_00_filtered +10,-10 deg",,0.0022392041369347086,True,1.51,False,0.006669385188339007,2.0,True,0.006760824249109902,1.6598163143813995,1.041363996102561,14.595236472907693,0.04498184165982039,-0.73,-5.7700000000000005,0.002065548005681748,0.011619512663959122,2.0,65.0,0.05113970130166667,92.78642262731904,0.309245528667603,1.51,40.24106591020581,14.672304516494233,0.0,nan
pd,10.0,1.0,replay,132,"demo_00_filtered +10,-10 deg",demo_00_filtered,0.02557841118017608,True,7.29,False,0.006331399792824476,2.000000000000001,True,0.005934010027299314,0.07252534840937679,0.04550219562486154,0.44210314691722524,0.028274869218203106,-0.74,0.009999999999999787,0.014168245226627494,0.011619512663959122,13.0,65.0,0.3321428871788173,1000.0000000005556,3.2468246704350876,7.29,433.69562885141335,1832.3250446335157,0.0,nan
pd,10.0,1.0,esn,133,"demo_00_filtered +10,-7.5 deg",,0.0010721923668675479,True,2.16,False,0.006699516413498258,2.0,True,0.006760824249096077,0.25827097833205853,0.7304347108241658,13.696183319667583,0.007392054204328843,-0.71,-5.12,0.000977746504574834,0.011619512663959122,2.0,65.0,0.027363505166666174,47.00221405285882,0.1835504705263518,2.16,20.384654781051616,3.7948119904463233,0.0,nan
pd,10.0,1.0,replay,133,"demo_00_filtered +10,-7.5 deg",demo_00_filtered,0.023383316886330222,True,7.29,False,0.006331399792824476,2.000000000000001,True,0.005934010027299314,0.05348040068397154,0.15125176378947555,0.3922071570791078,0.017056804513116832,-0.74,0.009999999999999787,0.01286984562012691,0.011619512663959122,15.0,65.0,0.295296109882162,1000.0000000005556,2.9870323261299916,7.29,433.69562885141335,1817.2801531713965,0.0,nan
pd,10.0,1.0,esn,134,"demo_00_filtered +10,-5 deg",,0.00033488428468684054,False,nan,False,nan,0.0,False,0.3000275511904804,2.9982256045415707,1.2695591927598777,13.721833280972907,0.05246807323309742,-0.61,nan,7.443274426642314e-05,0.011619512663959122,1.0,65.0,0.006971071606218411,15.160886137956913,0.04607894901558602,nan,6.575210047541698,0.3879646186648029,0.0,nan
pd,10.0,1.0,replay,134,"demo_00_filtered +10,-5 deg",demo_00_filtered,0.021960152336286193,True,7.29,False,0.006331399792824476,2.000000000000001,True,0.005934010027299314,0.06435196711943615,0.0272489939732715,0.35660535991668485,0.039911375258119476,-0.74,0.009999999999999787,0.011952537109337257,0.011619512663959122,15.0,65.0,0.27117300601647715,1000.0000000005556,2.8373451982588107,7.29,433.69562885141335,1805.4036290588626,0.0,nan
pd,10.0,1.0,esn,135,"demo_00_filtered +10,-2.5 deg",,0.0009577982288897282,False,nan,False,nan,0.0,False,0.30002755119055374,3.0165549198859454,0.6872185598822965,13.690263324745764,0.07381051128740926,-0.7,nan,0.00020846150474775147,0.011619512663959122,1.0,65.0,0.01914927767940173,60.41355512850153,0.13542300936468493,nan,3.75371900138351,0.13984495274028189,0.0,nan
pd,10.0,1.0,replay,135,"demo_00_filtered +10,-2.5 deg",demo_00_filtered,0.021464061137947923,True,7.29,False,0.006331399792824476,2.000000000000001,True,0.005934010027299314,0.07869229791593109,0.017927340653111495,0.33970850800141505,0.07381051128740926,-0.74,0.009999999999999787,0.011508773982783433,0.011619512663959122,15.0,65.0,0.26315639396354445,1000.0000000005556,2.815728256625633,7.29,433.69562885141335,1796.684179829458,0.0,nan
pd,10.0,1.0,esn,136,"demo_00_filtered +10,+0 deg",,0.003164425948774495,False,nan,False,nan,0.0,False,0.30002755119069907,3.0199834798267107,0.46992289104811197,13.724544353142699,0.10721326661235851,-0.73,nan,0.0008420840061998738,0.011619512663959122,0.0,65.0,0.05606411962879368,201.6808302424644,0.44184922275137606,nan,12.531180512149277,1.9632216414552013,0.0,nan
pd,10.0,1.0,replay,136,"demo_00_filtered +10,+0 deg",demo_00_filtered,0.02196431737462606,True,7.29,False,0.006331399792824476,2.000000000000001,True,0.005934010027299314,0.10232988965049099,0.015922986965462568,0.34414099460150993,0.10721326661235851,-0.74,0.009999999999999787,0.011593040346915402,0.011619512663959122,13.0,65.0,0.27250373119693033,1000.0000000005556,2.9255154265950236,7.29,433.69562885141335,1791.116926108162,0.0,nan
pd,10.0,1.0,esn,137,"demo_00_filtered +10,+2.5 deg",,0.006280253947670821,False,nan,False,nan,0.0,False,0.30002755119094277,3.0134913313248974,0.3569221917240319,13.790485393694096,0.13966962058381904,-0.74,nan,0.0018357896134748215,0.011619512663959122,0.0,65.0,0.10754313604616082,403.03651447889416,0.8713410248188465,nan,25.042158492955508,9.68982169613364,0.0,nan
pd,10.0,1.0,replay,137,"demo_00_filtered +10,+2.5 deg",demo_00_filtered,0.02340775751751776,True,7.29,False,0.006331399792824476,2.000000000000001,True,0.005934010027299314,0.12813307025906748,0.015176262760008918,0.3689710551286936,0.13966962058381904,-0.74,0.009999999999999787,0.012193253967372518,0.011619512663959122,13.0,65.0,0.2973939596828057,1000.0000000005556,3.1535649509300714,7.29,433.69562885141335,1788.7048891180352,0.0,nan
pd,10.0,1.0,esn,138,"demo_00_filtered +10,+5 deg",,0.009839316075258115,False,nan,False,nan,0.0,False,0.30002755119155095,2.971794446666731,0.28020852964093673,13.982623555634207,0.1713660963374544,-0.74,nan,0.0030143095178127004,0.011619512663959122,0.0,65.0,0.16618262443939927,633.3748800932213,1.3618418360477897,nan,39.35393832307944,24.842693125753563,0.0,nan
pd,10.0,1.0,replay,138,"demo_00_filtered +10,+5 deg",demo_00_filtered,0.025649206106609288,True,7.29,False,0.006331399792824476,2.000000000000001,True,0.005934010027299314,0.15148747988401434,0.014283654121812464,0.41033227700162217,0.1713660963374544,-0.74,0.009999999999999787,0.013237169639870571,0.011619512663959122,11.0,65.0,0.3341680411447606,1000.0000000005556,3.477218977173754,7.29,433.69562885141335,1789.4607253927436,0.0,nan
pd,10.0,1.0,esn,139,"demo_00_filtered +10,+7.5 deg",,0.013598208290254748,True,2.5300000000000002,False,0.006699404991312468,2.0,True,0.006760824249133493,1.1779792925353265,0.09423834340282618,13.124800884753826,0.20215340554898473,-0.74,-4.75,0.010919456760851615,0.011619512663959122,2.0,65.0,0.22792092010349388,875.5428005336967,1.8798222053052327,2.5300000000000002,54.40073241671362,45.667354548542626,0.0,nan
pd,10.0,1.0,replay,139,"demo_00_filtered +10,+7.5 deg",demo_00_filtered,0.02851639575680063,True,7.29,False,0.006331399792824476,2.000000000000001,True,0.005934010027299314,0.17331143927008336,0.013864915141606676,0.4636280597604649,0.20215340554898473,-0.74,0.009999999999999787,0.01462680960312075,0.011619512663959122,9.0,65.0,0.37916667442534063,1000.0000000005556,3.873033303548007,7.29,433.69562885141335,1793.408719708282,0.0,nan
pd,10.0,1.0,esn,140,"demo_00_filtered +10,+10 deg",,0.01746355227857778,True,2.08,False,0.00667552093892113,2.0,True,0.006760824249095597,1.649185714077179,0.11661504018599528,13.756801681330447,0.22838490988506888,-0.74,-5.2,0.015782428635539594,0.011619512663959122,2.0,65.0,0.2905725404956677,1121.9290496265119,2.411093712025567,2.08,69.70962696748377,70.2966204557811,0.0,nan
pd,10.0,1.0,replay,140,"demo_00_filtered +10,+10 deg",demo_00_filtered,0.03185681800780502,True,7.29,False,0.006331399792824476,2.000000000000001,True,0.005934010027299314,0.19567530380025336,0.013836333422789705,0.5250316729924261,0.22838490988506888,-0.74,0.009999999999999787,0.01626958023622998,0.011619512663959122,7.0,65.0,0.4295833048043048,1000.0000000005556,4.321541406916054,7.29,433.69562885141335,1800.5870383769588,0.0,nan
pd,10.0,1.0,esn,141,"demo_00_filtered +10,+12.5 deg",,0.021407227266225945,True,1.96,False,0.0066711760303022755,2.0,True,0.006760824249095321,1.996290600367555,0.12470728515290594,13.986542618922028,0.2522403582502931,-0.74,-5.32,0.020173919128413185,0.011619512663959122,2.0,65.0,0.35344315238725327,1369.7003030254864,2.9503186096812404,1.96,85.10457698990948,98.2299477972805,0.0,nan
pd,10.0,1.0,replay,141,"demo_00_filtered +10,+12.5 deg",demo_00_filtered,0.03555322071394018,True,7.29,False,0.006331399792824476,2.000000000000001,True,0.005934010027299314,0.21906326986222532,0.013684773978401047,0.5918089955745255,0.2522403582502931,-0.74,0.009999999999999787,0.018091506469409976,0.011619512663959122,5.0,65.0,0.48348388281760746,1250.0000000007042,4.8081605997309795,7.29,433.69562885141335,1811.0502314269775,0.0,nan
pd,10.0,1.0,esn,142,"demo_00_filtered +10,+15 deg",,0.025423200261862174,True,1.8900000000000001,False,0.0066694160532117545,2.0,True,0.006760824249095983,2.2478257957860075,0.12468694100026298,14.119439311796421,0.27745712839567044,-0.74,-5.390000000000001,0.02457467473434211,0.011619512663959122,1.0,65.0,0.41643456898041115,1618.023677426636,3.495539841807285,1.8900000000000001,100.53383234484846,129.7214546420623,0.0,nan
pd,10.0,1.0,replay,142,"demo_00_filtered +10,+15 deg",demo_00_filtered,0.039520944082711694,True,7.29,False,0.006331399792824476,2.000000000000001,True,0.005934010027299314,0.2425041167981317,0.013451708117334949,0.6621095037002118,0.27745712839567044,-0.74,0.009999999999999787,0.020037751826878576,0.011619512663959122,1.0,65.0,0.5395706068155449,1500.0000000008397,5.322379093355608,7.29,433.69562885141335,1824.8719527186124,0.0,nan
pd,10.0,1.0,esn,143,"demo_00_filtered +12.5,-15 deg",,0.0031455423535246925,True,1.36,False,0.0066708797591317395,1.9999999999999998,True,0.006760824249111067,1.9154439163943149,0.44715200997652904,14.811731084286933,0.07192651205982052,-0.73,-5.92,0.001830527927254942,0.011619512663959122,1.0,65.0,0.051316309159735986,142.54417795921535,0.433681522286362,1.36,61.82078689909426,34.44398344298883,0.0,nan
pd,10.0,1.0,replay,143,"demo_00_filtered +12.5,-15 deg",demo_00_filtered,0.035368675567293416,True,7.29,False,0.006331399792824476,2.000000000000001,True,0.005934010027299314,0.11486212955764967,0.02681406208883975,0.6051335518307703,0.07138829203842334,-0.74,0.009999999999999787,0.0185393530777627,0.011619512663959122,10.0,65.0,0.4522824018371972,1500.0000000008336,4.442738582433536,7.29,542.1195360642668,2878.579988809922,0.0,nan
pd,10.0,1.0,esn,144,"demo_00_filtered +12.5,-12.5 deg",,0.0024032868195672055,True,1.4000000000000001,False,0.006669965980713605,1.9999999999999998,True,0.006760824249113051,1.7006739585589328,0.7588401797887303,14.765226766653887,0.04704768002797374,-0.73,-5.88,0.0017001575870115215,0.011619512663959122,2.0,65.0,0.04763963632342875,100.24930769183129,0.3288118436709019,1.4000000000000001,43.477686541302646,17.016187627379388,0.0,nan
pd,10.0,1.0,replay,144,"demo_00_filtered +12.5,-12.5 deg",demo_00_filtered,0.03244974965073051,True,7.29,False,0.006331399792824476,2.000000000000001,True,0.005934010027299314,0.08170796561986818,0.03645806829057975,0.5449934282925156,0.03654457600343996,-0.74,0.009999999999999787,0.016876839457219996,0.011619512663959122,11.0,65.0,0.4058374224933138,1250.0000000006978,4.089774448883899,7.29,542.1195360642668,2857.5038852081752,0.0,nan
pd,10.0,1.0,esn,145,"demo_00_filtered +12.5,-10 deg",,0.0011558007974380336,True,1.58,False,0.006678065066044522,2.0,True,0.006760824249109772,0.7823940549597237,nan,14.499092576605626,0.018510031583486505,-0.71,-5.7,0.0014219689375185372,0.011619512663959122,2.0,65.0,0.03438730668485901,49.059736837912695,0.2148116109533448,1.58,21.276993419191587,4.1439492611878865,0.0,nan
pd,10.0,1.0,replay,145,"demo_00_filtered +12.5,-10 deg",demo_00_filtered,0.030023847061388123,True,7.29,False,0.006331399792824476,2.000000000000001,True,0.005934010027299314,0.055160090256669694,nan,0.4941416835311563,0.017776134729493624,-0.74,0.009999999999999787,0.015461578446856574,0.011619512663959122,11.0,65.0,0.36820465316543194,1250.0000000006946,3.8084002465388522,7.29,542.1195360642668,2839.0979977925217,0.0,nan
pd,10.0,1.0,esn,146,"demo_00_filtered +12.5,-7.5 deg",,0.000340753275616896,False,nan,False,nan,0.0,False,0.3000275511903995,2.9997199475773684,1.591442945414163,13.823089473317088,0.053496335805795985,-0.61,nan,9.383836055658064e-05,0.011619512663959122,0.0,65.0,0.0067782209688286126,15.620550906806304,0.047655215414966465,nan,6.774564648528012,0.41345813470419696,0.0,nan
pd,10.0,1.0,replay,146,"demo_00_filtered +12.5,-7.5 deg",demo_00_filtered,0.028210770122841372,True,7.29,False,0.006331399792824476,2.000000000000001,True,0.005934010027299314,0.061042234110994714,0.032384767426945536,0.45555155861785385,0.03286307594680315,-0.74,0.009999999999999787,0.014367781957686097,0.011619512663959122,12.0,65.0,0.3421159314011307,1250.0000000006946,3.6153142851353404,7.29,542.1195360642668,2823.3466253503457,0.0,nan
pd,10.0,1.0,esn,147,"demo_00_filtered +12.5,-5 deg",,0.0003572223614935165,False,nan,False,nan,0.0,False,0.30002755119046043,3.036517211255085,0.7881507091144627,13.763369332714607,0.06657117979189696,-0.62,nan,6.89769475209649e-05,0.011619512663959122,0.0,65.0,0.007249040147059484,19.26802890863705,0.05133091626009795,nan,2.7299046728039684,0.08308031160384931,0.0,nan
pd,10.0,1.0,replay,147,"demo_00_filtered +12.5,-5 deg",demo_00_filtered,0.027130413638608304,True,7.29,False,0.006331399792824476,2.000000000000001,True,0.005934010027299314,0.08005322805064158,0.020778412920286492,0.4323516145765612,0.06657117979189696,-0.74,0.009999999999999787,0.013673445233328581,0.011619512663959122,11.0,65.0,0.33011203859446125,1250.0000000006946,3.5251830793682464,7.29,542.1195360642668,2810.237393994566,0.0,nan
pd,10.0,1.0,esn,148,"demo_00_filtered +12.5,-2.5 deg",,0.0019528478618643988,False,nan,False,nan,0.0,False,0.30002755119057245,3.040460989277358,0.5192012573289254,13.76717259473213,0.10000627110420596,-0.72,nan,0.00045165695190405947,0.011619512663959122,0.0,65.0,0.03422725011975076,113.60978153322523,0.27619601900143964,nan,8.785322278962783,1.1872721609417964,0.0,nan
pd,10.0,1.0,replay,148,"demo_00_filtered +12.5,-2.5 deg",demo_00_filtered,0.02687260584117633,True,7.29,False,0.006331399792824476,2.000000000000001,True,0.005934010027299314,0.10379332921006844,0.017724163282565528,0.4268720103749732,0.10000627110420596,-0.74,0.009999999999999787,0.01344065808823865,0.011619512663959122,11.0,65.0,0.33349344946056275,1250.0000000006946,3.5461438648423274,7.29,542.1195360642668,2799.7626145005192,0.0,nan
pd,10.0,1.0,esn,149,"demo_00_filtered +12.5,+0 deg",,0.0045860134796352,False,nan,False,nan,0.0,False,0.3000275511907678,3.032636280237394,0.383402799355803,13.80227206143279,0.13236998684868304,-0.73,nan,0.0012236189467884385,0.011619512663959122,0.0,65.0,0.07640505776473751,278.0228121284555,0.6406849485962263,nan,17.274591943560917,3.6426642383531522,0.0,nan
pd,10.0,1.0,replay,149,"demo_00_filtered +12.5,+0 deg",demo_00_filtered,0.027466028906321452,True,7.29,False,0.006331399792824476,2.000000000000001,True,0.005934010027299314,0.1329898147125194,0.016813314402015306,0.43957256703018216,0.13236998684868304,-0.74,0.009999999999999787,0.01369222233346814,0.011619512663959122,10.0,65.0,0.3515801318153718,1250.0000000006946,3.676667171591131,7.29,542.1195360642668,2791.9209188824757,0.0,nan
pd,10.0,1.0,esn,150,"demo_00_filtered +12.5,+2.5 deg",,0.007890512927236441,False,nan,False,nan,0.0,False,0.3000275511912733,3.003549005186238,0.30247212157766235,13.904041033214822,0.16447233827177746,-0.74,nan,0.002250749683014404,0.011619512663959122,0.0,65.0,0.1283379247564308,484.87782306369263,1.0944901567759304,nan,30.127263557198756,9.092262303804864,0.0,nan
pd,10.0,1.0,replay,150,"demo_00_filtered +12.5,+2.5 deg",demo_00_filtered,0.028867179078399502,True,7.29,False,0.006331399792824476,2.000000000000001,True,0.005934010027299314,0.16143561268406303,0.016257358272638064,0.46876051054681717,0.16447233827177746,-0.74,0.009999999999999787,0.014401102585922221,0.011619512663959122,9.0,65.0,0.3820425107968767,1250.0000000006946,3.9061803504329538,7.29,542.1195360642668,2786.7192052169125,0.0,nan
pd,10.0,1.0,esn,151,"demo_00_filtered +12.5,+5 deg",,0.011550473709984741,True,3.11,False,0.006715561200542244,2.0000000000000004,True,0.006760824249319851,1.3477350505950023,0.11316456647527576,12.553046759145277,0.19625715306567176,-0.74,-4.17,0.007842802870372492,0.011619512663959122,2.0,65.0,0.18532477066558803,712.1312419040563,1.595219684339957,3.11,44.247364164024496,18.91167526728173,0.0,nan
pd,10.0,1.0,replay,151,"demo_00_filtered +12.5,+5 deg",demo_00_filtered,0.030978068631011636,True,7.29,False,0.006331399792824476,2.000000000000001,True,0.005934010027299314,0.18905925398157497,0.015874639830372104,0.5113905028651841,0.19625715306567176,-0.74,0.009999999999999787,0.015502056673296207,0.011619512663959122,7.0,65.0,0.4219515016273618,1250.0000000006946,4.21891318494136,7.29,542.1195360642668,2784.174917837293,0.0,nan
pd,10.0,1.0,esn,152,"demo_00_filtered +12.5,+7.5 deg",,0.015403493807262468,True,2.11,False,0.006676709417773646,2.0000000000000004,True,0.006760824249096245,1.5996162416708926,0.11410766740205151,13.729863579456232,0.22697056243277078,-0.74,-5.17,0.013062617800418999,0.011619512663959122,2.0,65.0,0.24457965741588975,948.4476355747457,2.1203456038580413,2.11,58.93058112375039,33.34779752046913,0.0,nan
pd,10.0,1.0,replay,152,"demo_00_filtered +12.5,+7.5 deg",demo_00_filtered,0.03367843906132607,True,7.29,False,0.006331399792824476,2.000000000000001,True,0.005934010027299314,0.21563275958130426,0.015382033871816829,0.5641809474733341,0.22697056243277078,-0.74,0.009999999999999787,0.01691510904384928,0.011619512663959122,6.0,65.0,0.46863070229452175,1250.0000000006946,4.598172644493414,7.29,542.1195360642668,2784.318684669859,0.0,nan
pd,10.0,1.0,esn,153,"demo_00_filtered +12.5,+10 deg",,0.019379385036910477,True,1.97,False,0.006671029021282611,2.0,True,0.006760824249094856,1.9924618139814987,0.12446810276355472,13.988501221990775,0.256098147065286,-0.74,-5.3100000000000005,0.017286136049112624,0.011619512663959122,2.0,65.0,0.3045268713010732,1188.938048856156,2.6593841336897674,1.97,73.87314545496544,52.38259202664025,0.0,nan
pd,10.0,1.0,replay,153,"demo_00_filtered +12.5,+10 deg",demo_00_filtered,0.036852505440141334,True,7.29,False,0.006331399792824476,2.000000000000001,True,0.005934010027299314,0.24036499957693083,0.015015482484113003,0.6243033402318687,0.256098147065286,-0.74,0.009999999999999787,0.018564584153212327,0.011619512663959122,4.0,65.0,0.519976856486575,1250.0000000006946,5.029036595401097,7.29,542.1195360642668,2787.1973234146676,0.0,nan
pd,10.0,1.0,esn,154,"demo_00_filtered +12.5,+12.5 deg",,0.02344931254995208,True,1.9000000000000001,False,0.006669576812301608,1.9999999999999998,True,0.006760824249095652,2.255140820307695,0.1275700293256131,14.125542989351448,0.27995469294675435,-0.74,-5.38,0.02152355020833055,0.011619512663959122,2.0,65.0,0.36506421936975425,1431.6651288571686,3.2075091286650785,1.9000000000000001,88.95468221293613,76.02525389178034,0.0,nan
pd,10.0,1.0,replay,154,"demo_00_filtered +12.5,+12.5 deg",demo_00_filtered,0.04040222430326326,True,7.29,False,0.006331399792824476,2.000000000000001,True,0.005934010027299314,0.26421356560209197,0.014946176313497268,0.6895712772705341,0.27995469294675435,-0.74,0.009999999999999787,0.020387675149468275,0.011619512663959122,2.0,65.0,0.5744405205769375,1250.0000000007042,5.499302956498493,7.29,542.1195360642668,2792.8772120657,0.0,nan
pd,10.0,1.0,esn,155,"demo_00_filtered +12.5,+15 deg",,0.027601090160202787,True,1.86,False,0.006669419749735655,1.9999999999999998,True,0.006760824249097332,2.4589190421353924,0.1259329288650403,14.212007420833633,0.3024042417380517,-0.74,-5.42,0.025765520814222988,0.011619512663959122,1.0,65.0,0.4259311339914619,1675.8492456623883,3.7623254940876683,1.86,104.12675008972587,104.30115916693214,0.0,nan
pd,10.0,1.0,replay,155,"demo_00_filtered +12.5,+15 deg",demo_00_filtered,0.04424994232407003,True,7.29,False,0.006331399792824476,2.000000000000001,True,0.005934010027299314,0.2887876843052005,0.014790189624593605,0.7583696914986942,0.3024042417380517,-0.74,0.009999999999999787,0.022335424670743207,0.011619512663959122,1.0,65.0,0.6308970469712027,1500.0000000008397,5.999397017400539,7.29,542.1195360642668,2801.4479953557125,0.0,nan
pd,10.0,1.0,esn,156,"demo_00_filtered +15,-15 deg",,0.0022165219950713772,True,1.33,False,0.006671932315856488,2.0,True,0.0067608242491155055,1.6774289346547269,0.599795277162911,14.882992058870565,0.05033431107949227,-0.73,-5.95,0.0013853114201625547,0.011619512663959122,1.0,65.0,0.0394424994311591,95.50256664424386,0.30120742190626054,1.33,41.419045697675266,15.476184406338374,0.0,nan
pd,10.0,1.0,replay,156,"demo_00_filtered +15,-15 deg",demo_00_filtered,0.03950825662711047,True,7.29,False,0.006331399792824476,2.000000000000001,True,0.005934010027299314,0.09261946297132509,0.033117776446965,0.647628106450956,0.048151308543842995,-0.74,0.009999999999999787,0.01965867799697078,0.011619512663959122,8.0,65.0,0.4791998632409118,1500.0000000008336,4.944952469424008,7.29,650.5434432771199,4110.1746293176075,0.0,nan
pd,10.0,1.0,esn,157,"demo_00_filtered +15,-12.5 deg",,0.0016216717478306853,True,1.36,False,0.0066749836797767295,1.9999999999999998,True,0.006760824249115618,1.1296608460446456,1.478684382424134,14.820073810308621,0.02505979100078064,-0.72,-5.92,0.0011322519714131402,0.011619512663959122,2.0,65.0,0.036798340848593215,66.66598608763198,0.2219479109646154,1.36,28.912746759258525,7.554858097212,0.0,nan
pd,10.0,1.0,replay,157,"demo_00_filtered +15,-12.5 deg",demo_00_filtered,0.03687248274138278,True,7.29,False,0.006331399792824476,2.000000000000001,True,0.005934010027299314,0.060035310092909466,0.07858400664164188,0.5959021813422666,0.019253937198627422,-0.74,0.009999999999999787,0.018154393175193375,0.011619512663959122,9.0,65.0,0.4407115442696177,1500.0000000008336,4.644486366345837,7.29,650.5434432771199,4089.088551893119,0.0,nan
pd,10.0,1.0,esn,158,"demo_00_filtered +15,-10 deg",,0.0005232680359778991,False,nan,False,nan,0.0,False,0.3000275511912475,2.940365798076973,2.4400718008324707,14.305874952148772,0.053154320401446936,-0.67,nan,0.00022311367880499622,0.011619512663959122,2.0,65.0,0.013836643568333968,24.034832662131834,0.07302304432671876,nan,10.423801865734866,0.987619439225458,0.0,nan
pd,10.0,1.0,replay,158,"demo_00_filtered +15,-10 deg",demo_00_filtered,0.03474911970931095,True,7.29,False,0.006331399792824476,2.000000000000001,True,0.005934010027299314,0.059380875509277786,0.049277406210374915,0.5556923162309654,0.029523685148497705,-0.74,0.009999999999999787,0.016933211505483044,0.011619512663959122,10.0,65.0,0.4136667836439421,1500.0000000008336,4.418619642544505,7.29,650.5434432771199,4070.0809390109944,0.0,nan
pd,10.0,1.0,esn,159,"demo_00_filtered +15,-7.5 deg",,0.00043602318203729513,False,nan,False,nan,0.0,False,0.3000275511903752,3.0405159324330704,0.9078902356690798,13.820832477886004,0.05514827953573207,-0.64,nan,7.632253795380477e-05,0.011619512663959122,0.0,65.0,0.007552890369046674,19.629720113557713,0.05991341583942974,nan,8.513323808821097,0.650339327527126,0.0,nan
pd,10.0,1.0,replay,159,"demo_00_filtered +15,-7.5 deg",demo_00_filtered,0.03323032704601306,True,7.29,False,0.006331399792824476,2.000000000000001,True,0.005934010027299314,0.08376926328594834,0.025013286519977463,0.5294002611831825,0.05704037235346021,-0.74,0.009999999999999787,0.016060013532599355,0.011619512663959122,10.0,65.0,0.4001072572849632,1500.0000000008336,4.279157628439468,7.29,650.5434432771199,4053.1406018143766,0.0,nan
pd,10.0,1.0,esn,160,"demo_00_filtered +15,-5 deg",,0.0015386863990783791,False,nan,False,nan,0.0,False,0.3000275511905107,3.049802632031348,0.5644663240643043,13.798128266386774,0.089268008936042,-0.72,nan,0.0002715237314829449,0.011619512663959122,0.0,65.0,0.02248616617073262,59.15509664221518,0.21693946502381803,nan,25.655306837997404,6.062311608347678,0.0,nan
pd,10.0,1.0,replay,160,"demo_00_filtered +15,-5 deg",demo_00_filtered,0.03239884897270118,True,7.29,False,0.006331399792824476,2.000000000000001,True,0.005934010027299314,0.10831629553229018,0.020047494396268926,0.5189056885346094,0.089268008936042,-0.74,0.009999999999999787,0.015593313674312033,0.011619512663959122,9.0,65.0,0.40111162310776494,1500.0000000008336,4.234767737710534,7.29,650.5434432771199,4038.258953073432,0.0,nan
pd,10.0,1.0,esn,161,"demo_00_filtered +15,-2.5 deg",,0.0035549994585236536,False,nan,False,nan,0.0,False,0.3000275511906777,3.0418716298745396,0.4132976778665821,13.815836746407856,0.1234984214670776,-0.73,nan,0.0007923777734291199,0.011619512663959122,0.0,65.0,0.053880274486988886,164.08968239362005,0.5007047669996945,nan,38.24960213746228,14.466151488823696,0.0,nan
pd,10.0,1.0,replay,161,"demo_00_filtered +15,-2.5 deg",demo_00_filtered,0.03230919594422933,True,7.29,False,0.006331399792824476,2.000000000000001,True,0.005934010027299314,0.13987136213679457,0.019004256656799567,0.5249062667685709,0.1234984214670776,-0.74,0.009999999999999787,0.015569207501071044,0.011619512663959122,8.0,65.0,0.41627998569019264,1500.0000000008336,4.288632459537004,7.29,650.5434432771199,4025.4317266165594,0.0,nan
pd,10.0,1.0,esn,162,"demo_00_filtered +15,+0 deg",,0.006457005705602708,False,nan,False,nan,0.0,False,0.3000275511910714,3.017719042355123,0.32302845532118274,13.886176067163948,0.15773130243356837,-0.74,nan,0.0016461211049765168,0.011619512663959122,0.0,65.0,0.0981364002373088,343.7084640861675,0.9013210047938174,nan,46.07474496958868,23.93745426037312,0.0,nan
pd,10.0,1.0,replay,162,"demo_00_filtered +15,+0 deg",demo_00_filtered,0.03297226692623256,True,7.29,False,0.006331399792824476,2.000000000000001,True,0.005934010027299314,0.17247621909320413,0.018462529430782956,0.5465985238193793,0.15773130243356837,-0.74,0.009999999999999787,0.015988559127486562,0.011619512663959122,7.0,65.0,0.4438651245157859,1500.0000000008336,4.437458896962447,7.29,650.5434432771199,4014.6610529918635,0.0,nan
pd,10.0,1.0,esn,163,"demo_00_filtered +15,+2.5 deg",,0.009910089568598535,True,6.17,False,0.006716878315046798,2.0,True,0.006760824297876941,1.5194277647510346,0.13358075660513277,9.583276243790111,0.1909379048085827,-0.74,-1.1100000000000003,0.004394702156439702,0.011619512663959122,2.0,65.0,0.15055366439282425,554.3265599695509,1.373245315387453,6.17,51.2575422695164,35.547748754647294,0.0,nan
pd,10.0,1.0,replay,163,"demo_00_filtered +15,+2.5 deg",demo_00_filtered,0.034352180758623015,True,7.29,False,0.006331399792824476,2.000000000000001,True,0.005934010027299314,0.2030245947144061,0.017848942608893668,0.5819597030843772,0.1909379048085827,-0.74,0.009999999999999787,0.016816317764127238,0.011619512663959122,6.0,65.0,0.4814347187319232,1500.0000000008336,4.672460611949112,7.29,650.5434432771199,4005.9579317120474,0.0,nan
pd,10.0,1.0,esn,164,"demo_00_filtered +15,+5 deg",,0.013671920541989655,True,2.13,False,0.006676870415523519,2.0,True,0.006760824249097064,1.5870217518396497,0.11847315630266148,13.721346984817542,0.22159584877202332,-0.74,-5.15,0.01080530758555577,0.011619512663959122,2.0,65.0,0.20584406424194127,780.2578033295663,1.8841806115587618,2.13,55.46518638861406,50.61589815712634,0.0,nan
pd,10.0,1.0,replay,164,"demo_00_filtered +15,+5 deg",demo_00_filtered,0.036377200613925534,True,7.29,False,0.006331399792824476,2.000000000000001,True,0.005934010027299314,0.23316803206624015,0.017406284870227006,0.6284038982630513,0.22159584877202332,-0.74,0.009999999999999787,0.0179934406782466,0.011619512663959122,4.0,65.0,0.5265443967826261,1500.0000000008336,4.981671939857897,7.29,650.5434432771199,3999.345138955185,0.0,nan
pd,10.0,1.0,esn,165,"demo_00_filtered +15,+7.5 deg",,0.01761811653512086,True,1.98,False,0.0066713596636337425,2.0,True,0.006760824249094983,2.0003500747439245,0.12986242703186146,14.003235356460527,0.25176918565412293,-0.74,-5.300000000000001,0.014812472520872038,0.011619512663959122,2.0,65.0,0.26297355539175,1013.7678836809234,2.417079258175499,1.98,62.989171219461696,69.90542882281048,0.0,nan
pd,10.0,1.0,replay,165,"demo_00_filtered +15,+7.5 deg",demo_00_filtered,0.03895787873085204,True,7.29,False,0.006331399792824476,2.000000000000001,True,0.005934010027299314,0.2624037808863842,0.01703521412501006,0.6833780205863879,0.25176918565412293,-0.74,0.009999999999999787,0.019452921474962172,0.011619512663959122,2.0,65.0,0.5771042145733912,1500.0000000008336,5.352342437932537,7.29,650.5434432771199,3994.860603822862,0.0,nan
pd,10.0,1.0,esn,166,"demo_00_filtered +15,+10 deg",,0.021690365030720395,True,1.9000000000000001,False,0.006668966739003096,1.9999999999999998,True,0.006760824249095702,2.2799743607051215,0.13062171788365817,14.142726505980955,0.28116807197472177,-0.74,-5.38,0.01893193961469546,0.011619512663959122,2.0,65.0,0.32124710141816987,1251.3344624472693,2.9634588407364952,1.9000000000000001,77.75006683158308,93.5952011984901,0.0,nan
pd,10.0,1.0,replay,166,"demo_00_filtered +15,+10 deg",demo_00_filtered,0.042003444725902735,True,7.29,False,0.006331399792824476,2.000000000000001,True,0.005934010027299314,0.29115635228979636,0.01668060113494913,0.7446807631057418,0.28116807197472177,-0.74,0.009999999999999787,0.021131672878184644,0.011619512663959122,1.0,65.0,0.6314644909334156,1500.0000000008336,5.7725710409083995,7.29,650.5434432771199,3992.5612746165475,0.0,nan
pd,10.0,1.0,esn,167,"demo_00_filtered +15,+12.5 deg",,0.025861616267582287,True,1.87,False,0.0066700773750033426,2.0,True,0.006760824249097,2.480842176860562,0.127055716772464,14.22632827394011,0.30866632015451206,-0.74,-5.41,0.022998577290007177,0.011619512663959122,1.0,65.0,0.3802264889642087,1491.3639791796006,3.519001190803617,1.87,92.66399394503651,121.6434210149448,0.0,nan
pd,10.0,1.0,replay,167,"demo_00_filtered +15,+12.5 deg",demo_00_filtered,0.045431822135436985,True,7.29,False,0.006331399792824476,2.000000000000001,True,0.005934010027299314,0.31825591836143985,0.01629939792287088,0.8105423298609151,0.30866632015451206,-0.74,0.009999999999999787,0.022975982151334663,0.011619512663959122,1.0,65.0,0.6883619711428672,1500.0000000008336,6.232052043416939,7.29,650.5434432771199,3992.5274772308862,0.0,nan
pd,10.0,1.0,esn,168,"demo_00_filtered +15,+15 deg",,0.03011881207554634,True,1.84,False,0.006669182062896755,1.9999999999999998,True,0.006760824249098399,2.665209938584629,0.12563920139059817,14.28127829706669,0.32911346955845616,-0.74,-5.44,0.027185010371226732,0.011619512663959122,1.0,65.0,0.4396284217015498,1733.098369742063,4.08133152702488,1.84,107.6838512140241,153.97097195035764,0.0,nan
pd,10.0,1.0,replay,168,"demo_00_filtered +15,+15 deg",demo_00_filtered,0.04917348346010839,True,7.29,False,0.006331399792824476,2.000000000000001,True,0.005934010027299314,0.3442858391065875,0.016229790099917905,0.8795807052510769,0.32911346955845616,-0.74,0.009999999999999787,0.024942344232479496,0.011619512663959122,1.0,65.0,0.7468280920862211,1500.0000000008397,6.722197323526874,7.29,650.5434432771199,3994.867738646654,0.0,nan
